"corpus","ukwac"
"subcorpus","-"
"concordance size","1983791"
"query","Query:[lc=""by"" | lemma_lc=""by""];Positive filter (excluding KWIC):-1 -1 -1 [tag=""Nc.*""];GDEX:100 "
"martininstitute.ox.ac.uk","  culprits  ","by"," far. They have"
"samoa.co.uk","hear an  album  ","by"," the Sargent on"
"hi-europe.co.uk","  quantity  ","by"," more than"
"samoa.co.uk","this  track  ","by"," track. I could"
"rdmengineering.co.uk","assured  debut  ","by"," Cook. I never"
"solid-edge.co.uk","  disservice  ","by"," doing it."
"tonearm.co.uk","on this  visit  ","by"," Major Baruch."
"bowness.demon.co.uk","  chapter  ","by"," Suzanne"
"carbonflo.co.uk","your  excuse  ","by"," sending it to"
"medievalfreeco.org.uk","and  abuse  ","by"," government"
"tonearm.co.uk","wine and  beer  ","by"," the car-load"
"troubleatwork.org.uk"," ","by"," her father."
"samoa.co.uk","certain  track  ","by"," one Corinne"
"birminghamfoe.org.uk","century  texts  ","by"," Athelstane"
"jollyfarmer.co.uk","out.  Point  ","by"," point: I can''t"
"baas.ac.uk","  day  ","by"," day before God"
"medievalfreeco.org.uk","  standard  ","by"," publication"
"hi-europe.co.uk","as the?  person  ","by"," whom or on"
"hi-europe.co.uk","  quantity  ","by"," more than an"
"rdmengineering.co.uk","a harsh  call  ","by"," Aleem Dar."
"nbtea.co.uk","''s  Choice  ","by"," the Young Vic"
"medievalfreeco.org.uk","  persecution  ","by"," non-state"
"baas.ac.uk","of our  day  ","by"," day living?"
"hi-europe.co.uk","a  guarantee  ","by"," the packer or"
"tps.org.uk","desired  items  ","by"," grouping them"
"baas.ac.uk","and our  day  ","by"," day need of"
"rcpsglasg.ac.uk","make a  payment  ","by"," the due date on"
"hsc.uwe.ac.uk","the  documents  ","by"," which Tyrrel"
"tonearm.co.uk",".  Killings  ","by"," slow"
"dancecity.co.uk","in  life  ","by"," an artificial"
"jollyfarmer.co.uk","  credibility  ","by",""
"xibalba.demon.co.uk"," ","by"," the score"
"xibalba.demon.co.uk","of  descent  ","by"," modification"
"bowness.demon.co.uk","and  report  ","by"," a"
"ownersdirect.co.uk","2002 for  £5.4m  ","by"," the Signatory"
"medievalfreeco.org.uk","  insertion  ","by"," the CIPU"
"medievalfreeco.org.uk","put in  place  ","by"," CIPU"
"medievalfreeco.org.uk",",  research  ","by"," Amnesty"
"rdmengineering.co.uk","the  jocks  ","by"," between 31 and"
"baas.ac.uk",". Ongoing,  day  ","by"," day"
"dancecity.co.uk","  entities  ","by"," establishing"
"tonearm.co.uk",". "" The  killing  ","by"," gas and"
"antcarparts.co.uk","that  purpose  ","by"," the late"
"dancecity.co.uk","  organisms  ","by"," attempting to"
"mariners-l.co.uk","of  attention  ","by"," the"
"martininstitute.ox.ac.uk","  advantage  ","by"," code"
"dancecity.co.uk"," ","by"," presenting it"
"jollyfarmer.co.uk","the  right  ","by"," the courts to"
"rcpsglasg.ac.uk","  payment  ","by"," the new"
"peteralan.co.uk","  spread  ","by"," mosquito (the"
"csa.gov.uk","our  readers  ","by"," a well-known"
"horseracingbets.co.uk","very  effort  ","by"," people such as"
"ageconcern.org.uk","to be pamper  ed  ","by"," all the right"
"blog.outofthebedroom.co.uk","passage  close  ","by"," as he intended"
"languagesabroad.co.uk",".  Orders  ","by"," cheque/"
"exposure.co.uk","join our  ranks  ","by"," presenting"
"tps.org.uk","your  handheld  ","by"," the OS as well"
"dptac.gov.uk","  payment  ","by"," transfer in"
"tonearm.co.uk"," ","by"," starvation in"
"medievalfreeco.org.uk","rights  abuses  ","by"," these forces."
"tonearm.co.uk","  killings  ","by"," the slower and"
"mariners-l.co.uk","  traffic  ","by"," parents and"
"bobsticks.co.uk","  repair  ","by"," certain"
"medievalfreeco.org.uk","set of  changes  ","by"," the October"
"bordercrossings.org.uk","of  analysis  ","by"," regional"
"samoa.co.uk","set of  songs  ","by"," now, and quite"
"peteralan.co.uk","hunger  strike  ","by"," a Tamil film"
"cwn.org.uk","- film '' -  paper  ","by"," Alan Beck GAZE"
"birminghamfoe.org.uk","  close  ","by"," the prisoners"
"medievalfreeco.org.uk","  assessment  ","by"," a team of"
"tps.org.uk","demo  system  ","by"," artificially"
"hsc.uwe.ac.uk","in  infancy  ","by"," the father ''s"
"bordercrossings.org.uk",", for  example  ","by"," leaving"
"birminghamfoe.org.uk","in  triumph  ","by"," a crowd of"
"exposure.co.uk","  attempts  ","by"," ELSPA to"
"dancecity.co.uk","  primitives  ","by"," a process"
"dancecity.co.uk","  entities  ","by"," establishing"
"vacant.org.uk","the  system  ","by"," 2000) is"
"bobsticks.co.uk","on one  side  ","by"," a sub"
"bobsticks.co.uk","feet and a  half  ","by"," three and a"
"samoa.co.uk","  twelve  ","by"," a group called"
"rdmengineering.co.uk","of his  misery  ","by"," dragging a"
"medievalfreeco.org.uk","  criticism  ","by"," commenting"
"ageconcern.org.uk","the rev  iew  ","by"," using the ["
"dancecity.co.uk","simply  use  ","by"," humans."
"peteralan.co.uk","regions, a  ban  ","by"," Tamil cable"
"bobsticks.co.uk","on all  sides  ","by"," lofty"
"martininstitute.ox.ac.uk","an  example  ","by"," speaking the"
"medievalfreeco.org.uk","  today  ","by"," the Home"
"birminghamfoe.org.uk"," ","by"," a trick"
"fantasyfactory.co.uk","behind  bars  ","by"," judge TV News"
"dancecity.co.uk","  recognition  ","by"," the one making"
"rdmengineering.co.uk","''s  batting  ","by"," a dismissal"
"bobsticks.co.uk","its  ravages  ","by"," a lofty dike"
"talyllyn.co.uk","  security  ","by"," allowing a"
"karibuni.co.uk","recent  ruling  ","by"," the Court of"
"vacant.org.uk","  Corporations  ","by"," Frederick"
"tonearm.co.uk","  institution  ","by"," the"
"hsc.uwe.ac.uk"," ","by"," a day in"
"jollyfarmer.co.uk","  statement  ","by"," saying it"
"exposure.co.uk","open  threats  ","by"," companies to"
"crbs.org.uk","'' or ` ` old  line  ","by"," line '' ''"
"crbs.org.uk",". In ` ` old  line  ","by"," line '' '' mode,"
"crbs.org.uk","for ` ` old  line  ","by"," line '' ''; see"
"crbs.org.uk","when in ` `  line  ","by"," line '' '' mode,"
"crbs.org.uk","or ` ` old  line  ","by"," line '' '' mode,"
"crbs.org.uk","or ` ` old  line  ","by"," line '' '' mode,"
"crbs.org.uk","or old  line  ","by"," line '' '' mode,"
"crbs.org.uk","or ` ` old  line  ","by"," line '' '' mode,"
"crbs.org.uk","in ` ` old  line  ","by"," line '' '' mode,"
"crbs.org.uk","in ` ` old  line  ","by"," line '' '' mode."
"crbs.org.uk",". In ` ` old  line  ","by"," line '' '' mode or"
"oriel.ox.ac.uk","  people  ","by"," creating many"
"nowt2do.co.uk","On This  Earth  ","by"," Garth"
"nowt2do.co.uk","  interview  ","by"," László"
"nowt2do.co.uk","  translations  ","by"," Eszter Kató"
"nowt2do.co.uk","Folk  musician  ","by"," Speran &#355;"
"nowt2do.co.uk",".  Obituary  ","by"," Speranta"
"nowt2do.co.uk","life and  work  ","by"," Terry Herbert"
"nowt2do.co.uk","  contours  ","by"," the"
"journalism.cf.ac.uk","  way  ","by"," clicking on"
"journalism.cf.ac.uk",".  Artwork  ","by"," atom bomb"
"journalism.cf.ac.uk"," ","by"," Robert"
"journalism.cf.ac.uk","100  paintings  ","by"," 80 artists"
"journalism.cf.ac.uk","into the  show  ","by"," theme, artist"
"journalism.cf.ac.uk",""":  Designs  ","by"," El Lissitzky."
"journalism.cf.ac.uk",".  Photos  ","by"," Che Guevara."
"journalism.cf.ac.uk",". Comic  Art  ","by"," Adrian Tomine"
"journalism.cf.ac.uk","Tales.  Blogs  ","by"," Iranians."
"journalism.cf.ac.uk","is a  memoir  ","by"," a non-Mormon"
"journalism.cf.ac.uk","  sacred-texts  ","by"," the anonymous"
"journalism.cf.ac.uk","  perspective  ","by"," an outsider to"
"journalism.cf.ac.uk","of the  region  ","by"," recording the"
"journalism.cf.ac.uk","to its  knees  ","by"," the conflict,"
"uxisweb1.brunel.ac.uk","a web  browser  ","by"," a web server."
"uxisweb1.brunel.ac.uk","their  visit  ","by"," customising"
"uxisweb1.brunel.ac.uk","for  example  ","by"," welcoming"
"thamesmatch.co.uk","their own  data  ","by"," saving and"
"oncology.cam.ac.uk","  Convention  ","by"," member states"
"monteclefe.somerset.sch.uk","Abbey by a  monk  ","by"," the name of"
"monteclefe.somerset.sch.uk","in all  ways  ","by"," the grace of"
"glasgowarchitecture.co.uk","  enthusiasm  ","by"," Howard Grubb,"
"glasgowarchitecture.co.uk",",  inch  ","by"," inch, under a"
"glasgowarchitecture.co.uk","in  thousands  ","by"," the time the"
"glasgowarchitecture.co.uk","  work  ","by"," the Cambridge"
"glasgowarchitecture.co.uk","only  method  ","by"," which"
"bronte.netfury.co.uk","at the  party  ","by"," the most"
"bronte.netfury.co.uk","the first  time  ","by"," one of those"
"bronte.netfury.co.uk","  Film-making  ","by"," numbers If"
"bronte.netfury.co.uk","for 2  years  ","by"," the time we"
"bronte.netfury.co.uk","up his  deskjob  ","by"," simply"
"the-morningstar.co.uk","  authorities  ","by"," Government. 2"
"the-morningstar.co.uk","  strength  ","by"," using your"
"brucesfingers.co.uk","all the  layers  ","by"," clicking the"
"fanderson.org.uk"," ","by"," academics and"
"horniman.ac.uk","that  victory  ","by"," an act of total"
"horniman.ac.uk","for  others  ","by"," lovingly"
"cheers-wine-merchants.co.uk","  situation  ","by"," taking into"
"cheers-wine-merchants.co.uk","in  part  ","by"," young and"
"cheers-wine-merchants.co.uk","  conduct  ","by"," way of"
"cheers-wine-merchants.co.uk","  indifference  ","by",""
"penrhosprivatedaynursery.co.uk","this  petition  ","by"," gopetition."
"victorianartinbritain.co.uk","in  series  ","by"," feeding an"
"victorianartinbritain.co.uk","internal  gear  ","by"," a shaft causes"
"victorianartinbritain.co.uk","out of a  pump  ","by"," the gears"
"victorianartinbritain.co.uk","ring  contour  ","by"," centrifugal"
"victorianartinbritain.co.uk","  obstructions  ","by"," using the"
"generous.org.uk",", 2006 3:16  pm  ","by"," s (Guest) Hehe"
"generous.org.uk",", 2006 5:44  pm  ","by"," Guest grace is"
"generous.org.uk",", 2006 6:26  pm  ","by"," Guest Are you"
"generous.org.uk",", 2006 2:09  pm  ","by"," Guest Grace is"
"britishblogs.co.uk","in the  1960s  ","by"," flying Lyndon"
"britishblogs.co.uk","in the  1980s  ","by"," the MoD. KBR"
"britishblogs.co.uk","?  management  ","by"," supplier with"
"britishblogs.co.uk"," ","by"," the MoD?"
"britishblogs.co.uk"," ","by"," both US and"
"teachingenglish.org.uk","  operations  ","by"," borrowing"
"englishmonarchs.co.uk","pay  something  ","by"," way of permits"
"englishmonarchs.co.uk","  impact  ","by"," creating"
"candlemaking.org.uk","energy  inputs  ","by"," 44 % and"
"candlemaking.org.uk","and  pesticide  ","by"," 97 %. The study"
"candlemaking.org.uk",". Earlier  work  ","by"," Miguel"
"cronab.demon.co.uk","taking  part  ","by"," providing"
"chichesterjazzclub.co.uk","for  use  ","by",""
"accfinweb.account.strath.ac.uk","to a  force  ","by"," using a gain"
"accfinweb.account.strath.ac.uk","to a  force  ","by"," using a gain"
"accfinweb.account.strath.ac.uk","  simulation  ","by"," clicking on"
"accfinweb.account.strath.ac.uk","  signal  ","by",": adding new"
"perse.co.uk","  Accompanied  ","by"," chilled fresh"
"perse.co.uk","etc.  Payment  ","by"," Diners/ AMEX"
"perse.co.uk",".  Receipt  ","by"," the Company of"
"perse.co.uk","of the  invoice  ","by"," due the date"
"perse.co.uk","the  premises  ","by"," or on behalf of"
"perse.co.uk","  premises  ","by"," persons"
"go.reuters.co.uk","of  families  ","by"," nice shadings"
"helo.co.uk",", take up  books  ","by"," the cartload."
"helo.co.uk","more  business  ","by"," using"
"flycom.co.uk","  fiction  ","by"," registering"
"flycom.co.uk","@ 4p (  articles  ","by"," Ed Reed & Bryn"
"flycom.co.uk","digital  form  ","by"," Samuel"
"biop.ox.ac.uk","  Payment  ","by"," results -"
"biop.ox.ac.uk","> >  Payment  ","by"," results (PBR)"
"pkf.co.uk","to  greyness  ","by"," the torrid sun"
"pkf.co.uk","in the  soil  ","by"," the South"
"pkf.co.uk","century  texts  ","by"," Athelstane"
"brmb.co.uk","  symbols  ","by"," collectors of"
"brmb.co.uk","form of a  grain  ","by"," Cerridwen in"
"brmb.co.uk","  developers  ","by"," peaceful but"
"brmb.co.uk","in  ritual  ","by"," facing East."
"ownersdirect.co.uk","  century  ","by"," the drivers of"
"ownersdirect.co.uk","our  readers  ","by"," re-iterating"
"steveellis.co.uk","  standards  ","by",":? Nurturing a"
"fodac.org.uk","  development  ","by"," central"
"fodac.org.uk","19 th  Century  ","by"," about 50 % on"
"fodac.org.uk","  knowledge  ","by"," the"
"fodac.org.uk","last  resort  ","by"," banishment to"
"fodac.org.uk","in  depth  ","by"," Malthus in the"
"fodac.org.uk","a  foreword  ","by"," Paulo Freire)"
"fodac.org.uk","  reports  ","by"," Amnesty"
"jamescowper.co.uk","District  run  ","by"," the Camping"
"age-exchange.org.uk","  strategies  ","by",""
"the-faith.org.uk","two day  course  ","by"," Mr. Smith, """
"masterfind.co.uk","RRP:  £21.95  ","By"," Maf Smith,"
"wildfowling.co.uk","slept, in  case  ","by"," any"
"wildfowling.co.uk","century  texts  ","by"," Athelstane"
"firstchoice.co.uk","at any  time  ","by"," clicking on"
"boardsonline.co.uk","asylum  claims  ","by"," women who have"
"payaway.co.uk","  solution  ","by"," supplying"
"charles-darwin.classic-literature.co.uk","Peer  review  ","by"," three NRAC"
"charles-darwin.classic-literature.co.uk","  presentation  ","by"," applicant,"
"tightfittheatre.co.uk","a  focus  ","by"," children on"
"tightfittheatre.co.uk","  photographs  ","by"," the children,"
"esbhhealth.nhs.uk","  invitation  ","by"," ACAS to submit"
"esbhhealth.nhs.uk","  action  ","by"," the ASU. A"
"esbhhealth.nhs.uk","  connection  ","by"," former US"
"esbhhealth.nhs.uk","that  purpose  ","by"," the United"
"esbhhealth.nhs.uk","of  attempts  ","by"," neighbouring"
"esbhhealth.nhs.uk","  behaviour  ","by"," major powers,"
"esbhhealth.nhs.uk","  statement  ","by"," your"
"creditplus.co.uk","are on  display  ","by"," Jimmy Pike,"
"fantasyfactory.co.uk",".  Works  ","by"," classical"
"threader.ecs.soton.ac.uk","of that  event  ","by"," BBSRC. Join"
"threader.ecs.soton.ac.uk","Get BBSRC  news  ","by"," email. [ more"
"skiptonweb.co.uk","in the  head  ","by"," the Israeli"
"skiptonweb.co.uk","lesson  page  ","by"," page to reveal"
"skiptonweb.co.uk","A  lecture  ","by"," Imam Al-Asi."
"skiptonweb.co.uk","A  lecture  ","by"," Rabbi"
"skiptonweb.co.uk",") A  lecture  ","by"," Massoud"
"csm.uwe.ac.uk","is the  means  ","by"," which we"
"csm.uwe.ac.uk","is the  means  ","by"," which we"
"anorak.co.uk","  suppressions  ","by"," which other"
"propheticvision.org.uk","fashion  world  ","by"," supporting"
"mara.org.uk","the  registry  ","by"," editing the"
"elec.york.ac.uk","Wedding  Dance  ","by"," Felix Cross"
"mariners-l.co.uk","  propaganda  ","by"," corporate"
"hyperguide.co.uk","men on the  moon  ","by"," the end of the"
"portfolio.brokencube.co.uk","done the  job  ","by"," the time Dad"
"portfolio.brokencube.co.uk","and  travel  ","by"," train (where I"
"darknessandlight.co.uk","in  court  ","by"," an expert"
"ace.abertay.ac.uk","of  television  ","by"," blind and"
"ace.abertay.ac.uk","of  television  ","by"," blind and"
"ace.abertay.ac.uk","into  bands  ","by"," opening hours"
"fie.org.uk","on a  country  ","by"," country basis"
"fie.org.uk","  service  ","by"," routing calls"
"num.org.uk","no  harm  ","by"," it. CHAPTER"
"magictricks.co.uk","  sanitation  ","by"," 2015. The"
"newburytheatre.co.uk","2003 | A  woman  ","by"," herself AHRB"
"insideoutpr.co.uk"," ","by"," public"
"thecornerhouse.org.uk",")  receipts  ","by"," leading"
"exclusive-fountains.co.uk","THE FRONT  LINE  ","by"," director"
"exclusive-fountains.co.uk","cast  lead  ","by"," 2003 Cannes"
"exclusive-fountains.co.uk","second  film  ","by"," up and coming"
"exclusive-fountains.co.uk","  location  ","by"," poachers keen"
"lhc.org.uk","your  computer  ","by"," your Internet"
"andrealevy.co.uk","print  edition  ","by"," contacting"
"andrealevy.co.uk","the  regulator  ","by"," 31st August"
"andrealevy.co.uk","  preparation  ","by"," a less harmful"
"andrealevy.co.uk","with  metals  ","by",""
"andrealevy.co.uk"," ","by"," the mixing of"
"andrealevy.co.uk","an  activity  ","by"," which varnish"
"andrealevy.co.uk","to the 1999  Act  ","by"," The Pollution"
"rodge.force9.co.uk","  paintings  ","by"," Mondrian and"
"alt.ac.uk","0.6m  diameter  ","by"," 1cm deep on to"
"colerainebc.gov.uk","give you a  date  ","by"," which you can"
"pointlessnostalgic.co.uk",", for  example  ","by"," the UK QCD"
"ypressalient.co.uk","with  carvings  ","by"," Grinling"
"fbs.leeds.ac.uk"," ","by"," the"
"galensgarden.co.uk","or  viruses  ","by"," whatever"
"authorsonline.co.uk","a joint  effort  ","by"," the Ensembl"
"authorsonline.co.uk","  co-directed  ","by"," researchers"
"authorsonline.co.uk","  discovery  ","by"," resequencing"
"authorsonline.co.uk","this  week  ","by"," a consortium"
"cigarbuyer.co.uk","of salt  pans  ","by"," the coast -"
"nottinghillhousing.org.uk","the byte  order  ","by"," trial and"
"brianlack.co.uk","  Participate  ","by"," Supporting"
"brianlack.co.uk",": What is  Meant  ","by"," Realising the"
"swwater.co.uk","  test  ","by"," inserting the"
"swwater.co.uk"," ","by"," police and"
"swwater.co.uk","  information  ","by"," virtue of"
"assetprotections.co.uk","  learning  ","by"," the Higher"
"daydreamnation.co.uk","your  order  ","by"," writing to us"
"daydreamnation.co.uk","of the  goods  ","by"," you. We will"
"daydreamnation.co.uk","  complaints  ","by"," providing a"
"daydreamnation.co.uk","to the  Website  ","by"," electronic"
"daydreamnation.co.uk","  compensation  ","by"," Pinocchio ''s"
"daydreamnation.co.uk","to  others  ","by"," Pinocchio ''s"
"daydreamnation.co.uk","  endorsement  ","by"," Pinocchio ''s"
"daydreamnation.co.uk","time to  time  ","by"," updating or"
"daydreamnation.co.uk","  permission  ","by",", Pinocchio ''s"
"daydreamnation.co.uk","  materials  ","by"," you, or anyone"
"bradburyac.mistral.co.uk","this  document  ","by"," any approved"
"bradburyac.mistral.co.uk","for  use  ","by"," the acquirer"
"twgraduates.co.uk","in this  world  ","by"," taking risks."
"worldwar1.co.uk","  edition  ","by"," Nordic Games."
"princes-trust.org.uk","Race  Matters  ","by"," Wendy Taylor -"
"geologywales.co.uk","program  unit  ","by"," specifying"
"geologywales.co.uk",", or  element  ","by"," element, or by"
"geologywales.co.uk","scoping  unit  ","by"," repeating the"
"fairtrade.org.uk","to  terms  ","By"," submitting"
"fairtrade.org.uk","to this  site  ","by"," clicking a"
"graysathletic.co.uk",".  com  ","by"," October 1,"
"age-exchange.org.uk"," ","by"," surface"
"age-exchange.org.uk","and  damage  ","by"," vehicles by"
"age-exchange.org.uk","by  vehicles  ","by",""
"langtrymanor.co.uk","for  visits  ","by"," Environment"
"kneeling.co.uk","?  translation  ","by"," Holland 1610."
"uhlc.org.uk","-  music  ","by"," John Williams"
"uhlc.org.uk","of  music  ","by"," electronic"
"uhlc.org.uk","  movie  ","by"," Burton and"
"uhlc.org.uk","  versatility  ","by"," moving us with"
"uhlc.org.uk",""" - the  musical  ","by"," Mel Brooks: """
"lums.lancs.ac.uk",""" An  interview  ","by"," Penny"
"lums.lancs.ac.uk","the  situation  ","by"," picking up the"
"lums.lancs.ac.uk","  attempts  ","by"," your body to"
"lums.lancs.ac.uk","  Articles  ","by"," Penny"
"rostau.org.uk","live  side  ","by"," side in most"
"rostau.org.uk","  sacrifice  ","by"," staying on the"
"rostau.org.uk","Iraqi  people  ","by"," occupying"
"rostau.org.uk","  resistance  ","by"," the"
"rostau.org.uk",";  resistance  ","by"," US soldiers"
"stewardsschool.co.uk","the  site  ","by"," using the"
"stewardsschool.co.uk","the  search  ","by"," pressing ''Go ''"
"gerbils.pwp.blueyonder.co.uk","of  principles  ","by"," which"
"greatplaces.org.uk","  details  ","by"," post to the"
"greatplaces.org.uk","  details  ","by"," post to the"
"sainsburysbank.co.uk","century  texts  ","by"," Athelstane"
"sundaypapers.org.uk","the  world  ","by"," moblogUK"
"members.freezone.co.uk","  expressions  ","by"," which these"
"livegroup.co.uk","  comments  ","by"," Robert Vaughn"
"handicap-international.org.uk","My  Convention  ","by"," Peter R."
"handicap-international.org.uk","Quo "",  fiction  ","by"," both Pat and"
"handicap-international.org.uk","strange  items  ","by"," the cats. In"
"handicap-international.org.uk",", with  pieces  ","by"," Cas Skelton,"
"handicap-international.org.uk","  parody  ","by"," Gray Boak, "" A"
"handicap-international.org.uk",", this  time  ","by"," Waldemar"
"handicap-international.org.uk","  column  ","by"," John Brosnan,"
"handicap-international.org.uk",",  fiction  ","by"," Rob Holdstock"
"handicap-international.org.uk","  report  ","by"," John Hall,"
"handicap-international.org.uk","Hall,  pieces  ","by"," Ted Tubb,"
"handicap-international.org.uk","  reviews  ","by"," Greg"
"handicap-international.org.uk",",  pieces  ","by"," Jo Withisone,"
"handicap-international.org.uk","digital  form  ","by"," Peter"
"natcorp.ox.ac.uk","the  journal  ","by"," joining NASEN"
"lib.cam.ac.uk","in  purgatory  ","by"," a few days or"
"lib.cam.ac.uk","  letters  ","by"," way of receipt"
"crusaders.org.uk","a second  level  ","by"," a small group"
"crusaders.org.uk"," ","by"," schools need"
"crusaders.org.uk","  role  ","by"," funding"
"mouthulcers.co.uk","  nothing  ","by"," me, '' was"
"mouthulcers.co.uk","  something  ","by"," that fellow. ''"
"mouthulcers.co.uk","the very  trick  ","by"," which he had"
"stmarylebow.co.uk","the  website  ","by"," clicking"
"nhsplus.nhs.uk","  Practice  ","by"," name. Surname"
"nhsplus.nhs.uk","Find a  Dentist  ","by"," their surname"
"jollyfarmer.co.uk","  act  ","by"," any stretch of"
"assemblage.group.shef.ac.uk","the  interview  ","by"," explaining"
"boschautoparts.co.uk","  service  ","by"," voting for"
"boschautoparts.co.uk","Local  scenes  ","by"," popular local"
"thecornerhouse.org.uk"," ","by"," all students,"
"thecornerhouse.org.uk","  address  ","by"," The Rt Hon"
"thecornerhouse.org.uk","a  response  ","by"," Sir William"
"thecornerhouse.org.uk","  Profession  ","by"," Professor"
"thecornerhouse.org.uk","  remarks  ","by"," Michael"
"thecornerhouse.org.uk","  application  ","by"," Friday 4 July."
"thecornerhouse.org.uk","course  work  ","by"," PGCE art &"
"thecornerhouse.org.uk","  sources  ","by"," Claire"
"thecornerhouse.org.uk","academic  year  ","by"," circulating"
"thecornerhouse.org.uk"," ","by"," the Institute"
"biotopics.co.uk","freight  cars  ","by"," torchlight by"
"biotopics.co.uk","by  torchlight  ","by"," the S. S. men"
"biotopics.co.uk","  domination  ","by"," the Nazis. Dr."
"biotopics.co.uk","next few  days  ","by"," the """
"biotopics.co.uk","  company  ","by"," name of"
"biotopics.co.uk","of a  patient  ","by"," name of Maria"
"law.cam.ac.uk","with  payment  ","by"," cheque,"
"horniman.ac.uk"," ","by"," email you"
"horniman.ac.uk","  details  ","by"," email and"
"horniman.ac.uk","  information  ","by"," or under any"
"cedr.co.uk","(ii)  approval  ","by"," the Finance"
"cedr.co.uk",") a  decision  ","by"," the"
"robertbuchanan.mysite.wanadoo-members.co.uk","chew the  meat  ","by"," whole"
"library.nhs.uk","six  districts  ","by"," the end of the"
"library.nhs.uk","these  numbers  ","by"," customers is"
"library.nhs.uk","local  office  ","by"," completing an"
"library.nhs.uk","state  pension  ","by"," 2025. [ 77621 ]"
"library.nhs.uk","state  pension  ","by"," 2025."
"library.nhs.uk","  unemployment  ","by"," 75 per cent."
"word-on-the-web.co.uk","top rate of  tax  ","by"," a small amount"
"word-on-the-web.co.uk","  expenditure  ","by"," an equivalent"
"word-on-the-web.co.uk","top rate of  tax  ","by"," a larger"
"word-on-the-web.co.uk","  expenditure  ","by"," an equivalent"
"word-on-the-web.co.uk","  expenditure  ","by"," the same"
"word-on-the-web.co.uk","  expenditure  ","by"," an equivalent"
"ggr-associates.co.uk","  offer  ","by"," letter as soon"
"monju.pwp.blueyonder.co.uk","boot  disk  ","by"," formatting a"
"materials.ac.uk","save  energy  ","by",": avoiding"
"materials.ac.uk","saving  energy  ","by"," getting the"
"materials.ac.uk","  environment  ","by"," avoiding the"
"iofilm.co.uk","of  exertion  ","by"," the victim as"
"martininstitute.ox.ac.uk","by his  father  ","by"," imagining his"
"martininstitute.ox.ac.uk","  things  ","by"," finding a"
"martininstitute.ox.ac.uk","  articles  ","by"," Penny"
"pnisha.org.uk","  completion  ","by"," Suppliers in"
"greenbuildingstore.co.uk","  benefits  ","by"," searching for"
"greenbuildingstore.co.uk","three  months  ","by"," UKOLN. UKOLN"
"xibalba.demon.co.uk","the  person  ","by"," whom that"
"xibalba.demon.co.uk","for  sale  ","by"," each person"
"xibalba.demon.co.uk","for  sale  ","by"," the person"
"xibalba.demon.co.uk","for  sale  ","by"," the occupier"
"commedia.org.uk","  morning  ","by"," morning as if"
"commedia.org.uk","apply  phrase  ","by"," phrase? 2 Do"
"geologywales.co.uk","List  run  ","by"," the Campaign"
"ukspa.org.uk","of  practices  ","by"," patients and"
"ukspa.org.uk","and  patients  ","by"," practices:"
"ukspa.org.uk","  patients  ","by"," nurses This"
"ukspa.org.uk","reduce  stroke  ","by"," about"
"ukspa.org.uk","heart  disease  ","by"," half. The"
"wh-ireland.co.uk","  lights  ","by"," the Balmoral"
"stonyhurst.ac.uk","  cells  ","by"," which to find a"
"hibberts.co.uk","for a  person  ","by"," name Insert"
"royalascot.co.uk","a hemp  crop  ","by"," hand,"
"royalascot.co.uk","  people  ","by"," far were the"
"advaita.org.uk","for  use  ","by"," schools; and"
"advaita.org.uk","Scheme  run  ","by"," its"
"dpawson.co.uk",") A  designer  ","by"," profession"
"dpawson.co.uk","Future  Movies  ","by"," making the"
"masterfind.co.uk","judge a  book  ","by"," its cover"
"masterfind.co.uk","n''t tell a  book  ","by"," looking at its"
"tuc.org.uk","  water  ","by"," 2015;"
"tuc.org.uk","to  water  ","by"," 2015. But we"
"diabetesdialogue.org.uk","the  price  ","by"," $10 and zoom,"
"childsafety.co.uk","to an  inquiry  ","by"," the"
"childsafety.co.uk","this  decision  ","by"," judicial"
"childsafety.co.uk","  publishing  ","by"," an injunction"
"dcs.gov.uk","  businesses  ","by"," letting you"
"culham.ac.uk","in the  future  ","by"," a separate"
"fdsystems.co.uk","council  votes  ","by"," thirds, this"
"fdsystems.co.uk","  elects  ","by"," halves, half"
"wellerassociates.co.uk","the  site  ","by"," clicking on"
"wellerassociates.co.uk","  facility  ","by"," typing in your"
"wellerassociates.co.uk","our  work  ","by"," giving money."
"wellerassociates.co.uk","previous  page  ","by"," clicking on"
"wellerassociates.co.uk","on the  website  ","by"," filling out"
"urbanforum.org.uk","of social  care  ","by"," supporting"
"urbanforum.org.uk","a  recognition  ","by"," peers and"
"urbanforum.org.uk","  standard  ","by"," the World Wide"
"leaguesnooker.co.uk","  speeches  ","by"," Tony Blair and"
"leaguesnooker.co.uk","and  debate  ","by"," the media"
"mikosw.co.uk","  Commission  ","by"," the 31 March"
"www2.netdoctor.co.uk","  segmentation  ","by"," value is"
"mailman.greennet.org.uk","  act  ","by"," Whites. The"
"youngresources.co.uk","  importance  ","by"," being the main"
"gingerbeer.co.uk","a  submarine  ","by"," ramming it."
"apolloflow.co.uk","  action  ","by",""
"sensed.co.uk"," ","by"," the gallant"
"sensed.co.uk","dead  enough  ","by"," this time! """
"sensed.co.uk","along  side  ","by"," side. "" More to"
"sensed.co.uk","century  texts  ","by"," Athelstane"
"cll.bham.ac.uk","include  works  ","by"," Daniel Lysons"
"cll.bham.ac.uk","  Catholicism  ","by"," Mary, and the"
"socialism.org.uk","  volcano  ","by"," the Viking 2"
"socialism.org.uk",".  Artwork  ","by"," Paul Andress."
"socialism.org.uk","300  images  ","by"," a group of"
"socialism.org.uk","  photographs  ","by"," Geoff Sayer,"
"socialism.org.uk","of Daily  Lives  ","by"," Sandrine"
"socialism.org.uk","of old  photos  ","by"," Sidney Smith"
"socialism.org.uk","  list  ","by"," popular"
"socialism.org.uk","to  death  ","by"," shooting."
"socialism.org.uk","  journeys  ","by"," capturing the"
"socialism.org.uk","  designs  ","by"," Adam are"
"socialism.org.uk",".  Paintings  ","by"," Robert Roberg"
"socialism.org.uk","their  sins  ","by"," dipping in the"
"atmedia2005.co.uk","- From the  hymn  ","by"," Josiah Conder"
"atmedia2005.co.uk","  side  ","by"," side with"
"atmedia2005.co.uk",". Give them  day  ","by"," day godly"
"atmedia2005.co.uk","  principles  ","by"," which the Lord"
"historylearningsite.co.uk","Every  Purpose  ","by"," Kristine"
"historylearningsite.co.uk","Night ''s  Dream  ","by"," Neil Gaiman"
"universalenergycentre.co.uk","  introduction  ","by"," Dan Rebellato"
"universalenergycentre.co.uk","of  character  ","by"," Humphrey"
"universalenergycentre.co.uk","kitchen  sink  ","by"," Adam"
"natcorp.ox.ac.uk","on the  board  ","by"," half-time as"
"ucml.org.uk","Strong  team  ","by"," this time. The"
"ucml.org.uk","is an  album  ","by"," Bobby"
"ucml.org.uk","the  tributes  ","by"," adding these"
"ucml.org.uk","  regard  ","by"," the real Soul"
"ucml.org.uk",", is this  set  ","by"," Larry Graham."
"ucml.org.uk","their  sell  ","by"," date."
"ucml.org.uk","see a new  album  ","by"," the guys at"
"ucml.org.uk","studio  tracks  ","by"," Blue Magic and"
"kinnethmont.co.uk","the  process  ","by"," a committed"
"streamcity.co.uk","  science  ","by"," biology and"
"talyllyn.co.uk","  evidence  ","by"," 21 February"
"talyllyn.co.uk",". A  report  ","by"," Cobham"
"talyllyn.co.uk",". A later  study  ","by"," the Produce"
"ukdf.org.uk","right  thing  ","by"," coming home"
"ukdf.org.uk","right  thing  ","by"," not being a"
"barnardos.org.uk","your  site  ","by"," accident and"
"caroluk.co.uk","for the  stage  ","by"," David Wood"
"ulo.ucl.ac.uk","every  month  ","by"," becoming one"
"staffshousing.org.uk","  portfolio  ","by"," adding some"
"staffshousing.org.uk"," ","by"," us. Where you"
"fitz.cam.ac.uk","from bad  lives  ","by"," rational"
"fitz.cam.ac.uk","  actions  ","by"," something"
"accfinweb.account.strath.ac.uk","has an  article  ","by"," Thom"
"taxibus.org.uk","  owners  ","by"," claiming they"
"nationaladoptionweek.org.uk","grubber  kick  ","by"," the"
"nationaladoptionweek.org.uk","with a  try  ","by"," the video"
"slough.gov.uk","organic  meat  ","by"," law: Graig"
"weddingguide.co.uk","  guillotine  ","by"," pretending to"
"weddingguide.co.uk",".  Photography  ","by"," Rhonda"
"confetti.co.uk",". Your  Party  ","by"," Post UK Based"
"bodystressrelease.co.uk","this  program  ","by"," clicking the"
"stopurban4x4s.org.uk","  department  ","by"," Personnel"
"cleanersafergreener.gov.uk","  experiences  ","by"," reviewing"
"aeroflight.co.uk","  report  ","by"," recording"
"aeroflight.co.uk","  divisiveness  ","by"," propagating"
"aeroflight.co.uk","of  schools  ","by"," examining"
"aeroflight.co.uk","to the  debate  ","by"," permitting an"
"aeroflight.co.uk","  acceptance  ","by"," the Education"
"aeroflight.co.uk","  schools  ","by"," Area Boards -"
"aeroflight.co.uk","an  acceptance  ","by"," both school"
"aeroflight.co.uk","of  visits  ","by"," pupils to"
"aeroflight.co.uk","  decision  ","by"," the"
"aeroflight.co.uk","  project  ","by"," indicating"
"aeroflight.co.uk","an  initiative  ","by"," the"
"aeroflight.co.uk","few  attempts  ","by"," social"
"aeroflight.co.uk","  interviews  ","by"," our"
"gerty.ncl.ac.uk","  reviews  ","by"," Mike Bracken."
"gerty.ncl.ac.uk","faan  fiction  ","by"," Don, well"
"gerty.ncl.ac.uk",". Fine  writing  ","by"," Mae Strelkov,"
"gerty.ncl.ac.uk","digital  form  ","by"," Rob Jackson,"
"channings.co.uk","a viable  route  ","by"," which to"
"whistler.arts.gla.ac.uk","  environment  ","by"," eliminating"
"fontoon.co.uk","List  run  ","by"," the Campaign"
"fontoon.co.uk","in the  1970s  ","by"," Tex Antoine,"
"fontoon.co.uk","issue as a  ploy  ","by"," pro-Israel"
"fontoon.co.uk","of a  betrayal  ","by"," the"
"fontoon.co.uk","to field  units  ","by"," telephone..."
"archaeology.co.uk","  acceptance  ","by"," you of these"
"archaeology.co.uk","  information  ","by"," sending an"
"liverpool.freeexchange.co.uk","Finches  breed  ","by"," myself, these"
"woodforde.co.uk","is the  process  ","by"," which both"
"cwn.org.uk","at your  home  ","by"," post within"
"cwn.org.uk","  cans  ","by"," 60 %! ! . It will"
"cwn.org.uk","at  home  ","by"," saving a lot of"
"rcpsglasg.ac.uk","to  humans  ","by"," insects ("
"rcpsglasg.ac.uk","to  person  ","by"," the bite of a"
"rcpsglasg.ac.uk","of  infection  ","by"," contact with"
"rcpsglasg.ac.uk","with the  virus  ","by"," employing"
"missiedith.bentbacktulips.co.uk","of your  choice  ","by"," clicking on"
"ookami.co.uk","new  research  ","by"," a Lancaster"
"psalmody.co.uk","  challenge  ","by"," retrieving"
"esbhhealth.nhs.uk","of the  show  ","by"," attacking BB"
"esbhhealth.nhs.uk","Brother  house  ","by"," security"
"artshole.co.uk","these  videos  ","by"," phoning 0870"
"hulltrains.co.uk","  ''Preparation  ","by"," Learners '' ("
"comp.glam.ac.uk","  reviews  ","by"," John Piggott."
"comp.glam.ac.uk","the  hall  ","by"," the two doors"
"comp.glam.ac.uk","major  article  ","by"," Ian Williams"
"comp.glam.ac.uk","digital  form  ","by"," Sandra Bond,"
"jmr.nmm.ac.uk","up his  deskjob  ","by"," simply"
"assemblyrooms.org.uk","of their  mates  ","by"," the length of"
"assemblyrooms.org.uk","moved  close  ","by",", perhaps"
"sedayne.co.uk","  production  ","by"," mammalian"
"mandarina.co.uk","of  history  ","By"," Kim Thomas"
"mandarina.co.uk","for  teachers  ","By"," Kim Thomas"
"mandarina.co.uk","  birthday  ","by"," announcing"
"mandarina.co.uk","all in the  mind  ","By"," Kim Thomas"
"mandarina.co.uk","  touch  ","By"," Kim Thomas As a"
"mandarina.co.uk","of the  podcast  ","By"," Kim Thomas"
"churchinwales.org.uk","his  living  ","by"," making latex"
"apolloflow.co.uk","risen in  value  ","by"," leaps and"
"learningtogether.co.uk","to cut  corners  ","by"," running IP"
"ml-consult.co.uk","of the  crew  ","by"," dashing into"
"cssplay.co.uk","century  texts  ","by"," Athelstane"
"payaway.co.uk","put up for  sale  ","by"," Highlands and"
"diydoctor.org.uk","with  impunity  ","by"," the private"
"diydoctor.org.uk","and  sheep  ","by"," "" coalition """
"diydoctor.org.uk","  study  ","by"," the Medical"
"diydoctor.org.uk"," ","by"," uranium. "" An"
"diydoctor.org.uk","  enthusiasm  ","by"," Tony Blair."
"music.ed.ac.uk","  payments  ","by"," Direct Debit,"
"voice-online.co.uk","  forums  ","by"," bringing them"
"freenetpages.co.uk","  account  ","by"," Allison and"
"freenetpages.co.uk","en  route  ","by"," the Brigadier"
"freenetpages.co.uk","5.30 p.  m.  ","by"," Major"
"freenetpages.co.uk","of  defiance  ","by"," the men"
"freenetpages.co.uk","of  events  ","by"," Sir Philip"
"freenetpages.co.uk","a week, i.  e.  ","by"," 22 September."
"freenetpages.co.uk","  disturbances  ","by"," other"
"musica.co.uk","  elephants  ","by"," recording"
"vacant.org.uk","  today  ","by"," the Scottish"
"subbrit.org.uk","  items  ","by"," day, are a"
"waysidecommunity.org.uk","  proceedings  ","by"," outlining the"
"waysidecommunity.org.uk","his  session  ","by"," outlining the"
"waysidecommunity.org.uk","  presentation  ","by"," sharing some"
"waysidecommunity.org.uk","three  months  ","by"," UKOLN. UKOLN"
"natcorp.ox.ac.uk","cent of  works  ","by"," living"
"natcorp.ox.ac.uk","which is  works  ","by"," deceased"
"natcorp.ox.ac.uk","to  works  ","by"," deceased"
"nasuwt.org.uk","  report  ","by"," Sir Andrew"
"nasuwt.org.uk","  tariffs  ","by"," 2010. "" This is"
"nasuwt.org.uk","of world  trade  ","by"," one per cent"
"nasuwt.org.uk","  countries  ","by"," 150 billion"
"nasuwt.org.uk","of  women  ","by"," the pensions"
"nasuwt.org.uk","  settlement  ","by"," increasing"
"nasuwt.org.uk","  system  ","by"," lifting the"
"nasuwt.org.uk","  prosperity  ","by"," saying that"
"nasuwt.org.uk","  today  ","by"," the Office for"
"bowness.demon.co.uk","the  site  ","by"," keyword,"
"bowness.demon.co.uk","  sheets  ","by"," selecting one"
"selectideas.co.uk","her  husband  ","by"," some 43 years"
"davidcheethamgardens.co.uk","  today  ","by"," the Foreign"
"davidcheethamgardens.co.uk","  applications  ","by"," 31 July 2006."
"davidcheethamgardens.co.uk","better  homes  ","by"," the end of the"
"pocketgps.co.uk","  presents  ","by"," the tree. So"
"pocketgps.co.uk","the  mainland  ","by"," the sea. Green"
"pocketgps.co.uk","  heritage  ","by"," trying"
"pocketgps.co.uk","the lame  jokes  ","by"," the warm up,"
"pocketgps.co.uk","lame  retorts  ","by"," the bused in"
"pocketgps.co.uk","laughs at  home  ","by"," herself at"
"ewradio.co.uk","of  music  ","by"," electronic"
"ewradio.co.uk","  arrangements  ","by"," Andy Ralls for"
"ewradio.co.uk","and  orchestra  ","by"," Saint-Saëns,"
"furthermore.org.uk","for  use  ","by"," pregnant"
"vue.org.uk","of  sources  ","by"," using the"
"vue.org.uk","the  ''Refine  ","by"," type '' option."
"vue.org.uk","your  search  ","by"," type Primary"
"longwalls.ncl.ac.uk","and  lyrics  ","by"," David Yazbek,"
"longwalls.ncl.ac.uk","Yazbek,  Book  ","by"," Terrence"
"bcentral.co.uk","a new  book  ","by"," Nick"
"bcentral.co.uk","of  analysis  ","by"," ISC"
"robertbuchanan.mysite.wanadoo-members.co.uk","review the  map  ","by",""
"candlemaking.org.uk","up  hypnotism  ","by"," smoking? ("
"candlemaking.org.uk","their  look  ","by"," taking a Gel"
"library.nhs.uk","  emissions  ","by"," De Lauretis et"
"aimhigher.ac.uk","the  website  ","by"," writing or"
"met.police.uk","  statistics  ","by"," district"
"nationalarchives.gov.uk","  acceptance  ","by"," the Customer"
"nationalarchives.gov.uk","  cancellation  ","by"," the Customer"
"nationalarchives.gov.uk",": No  waiver  ","by"," the seller or"
"nationalarchives.gov.uk","the  Contract  ","by"," the Customer"
"ccpr.org.uk","at the  party  ","by"," the most"
"ouabc.co.uk","  entrance  ","by"," 40 years. All"
"ouabc.co.uk","God ''s  will  ","by"," prayer and"
"bures-online.co.uk","...  Payment  ","by"," results (PBR)"
"bures-online.co.uk",". The  payment  ","by"," results"
"bures-online.co.uk","by  payment  ","by"," results as the"
"bures-online.co.uk","  payment  ","by"," activity, as"
"bures-online.co.uk","out of  payment  ","by"," results and"
"bures-online.co.uk","  payment  ","by"," results. If"
"bures-online.co.uk","that  payment  ","by"," results and"
"bures-online.co.uk","to use  payment  ","by"," results as an"
"path.cam.ac.uk","  findings  ","by"," checking our"
"path.cam.ac.uk","our news  feed  ","by"," pointing your"
"simonmarsden.co.uk","important  day  ","by"," wearing our"
"swaine.me.uk","- eg. by  year  ","by"," trainer"
"orbitsw.co.uk","Here is a  level  ","by"," level run down"
"homepages.gold.ac.uk","  conspiracy  ","by"," which it is"
"homepages.gold.ac.uk","this  opinion  ","by"," arguing for"
"homepages.gold.ac.uk","  theories  ","by"," direct"
"homepages.gold.ac.uk","the  theorem  ","by"," showing that"
"homepages.gold.ac.uk","the  Selection  ","by"," Decoherence"
"homepages.gold.ac.uk","been in  error  ","by"," a numerical"
"homepages.gold.ac.uk","  predictions  ","by"," defining a"
"homepages.gold.ac.uk","  assumptions  ","by"," claiming that"
"homepages.gold.ac.uk","  assumptions  ","by"," relying on the"
"homepages.gold.ac.uk","  paper  ","by"," A. M. Steane"
"homepages.gold.ac.uk","  statement  ","by"," saying, ` `"
"homepages.gold.ac.uk","this  paper  ","by"," dismissing"
"homepages.gold.ac.uk","contrived  way  ","by"," which we can"
"homepages.gold.ac.uk","its  behaviour  ","by"," an isolated"
"homepages.gold.ac.uk","  expectancy  ","by"," taking a"
"homepages.gold.ac.uk","the Born  rule  ","by"," far the most"
"homepages.gold.ac.uk"," ","by"," external"
"epic.co.uk","as a live  group  ","by"," this point;"
"uclan.ac.uk","  order  ","by"," the Wessex"
"blog.ctrlbreak.co.uk","at any  time  ","by"," contacting us"
"blueboxcomms.co.uk","funded in  part  ","by"," the"
"blueboxcomms.co.uk"," ","by",": acting as a"
"blueboxcomms.co.uk","as  charities  ","by"," the Income and"
"blueboxcomms.co.uk","  department  ","by"," emailing"
"blueboxcomms.co.uk","  membership  ","by"," post or for"
"northill.demon.co.uk","lack of  action  ","by"," authorities,"
"northill.demon.co.uk","a cash  boost  ","by"," the"
"northill.demon.co.uk","  attack  ","by"," internet"
"northill.demon.co.uk","  talk  ","by"," founder of"
"northill.demon.co.uk","  horizons  ","by"," getting into"
"psalmody.co.uk","of the  year  ","by"," the New York"
"psalmody.co.uk","says. The  book  ","by"," New York Times"
"psalmody.co.uk","into a  mess  ","by"," denying the"
"cjemicros.co.uk","extra  revenue  ","by"," working with"
"cjemicros.co.uk",",  contact  ","by"," e-mail our"
"omayenin.com.mysite.wanadoo-members.co.uk","in the East  End  ","by"," an unknown"
"omayenin.com.mysite.wanadoo-members.co.uk","and  others  ","by"," people"
"taylorbells.co.uk","  initiatives  ","by"," government"
"burn-it.freeserve.co.uk","a  book  ","by"," a friend or"
"burn-it.freeserve.co.uk",":  Foreward  ","by"," Sir Ian"
"ml-consult.co.uk","n''t. Buy a  book  ","by"," following one"
"ml-consult.co.uk","  catalogues  ","by"," mail. Based in"
"cheniesmanorhouse.co.uk","on-line  shop  ","by"," clicking here"
"pushchairs.co.uk","  supplies  ","by"," contacting"
"libertas.demon.co.uk","-  Journalism  ","by"," the book 55"
"libertas.demon.co.uk","for  arrogance  ","by"," assuming they"
"libertas.demon.co.uk","  attempts  ","by"," Andrew"
"insideoutpr.co.uk","of  criteria  ","by"," which to"
"new-agri.co.uk","  article  ","by"," Christine"
"new-agri.co.uk","  article  ","by"," Robert McCaa"
"new-agri.co.uk","  article  ","by"," Louise Hill"
"exclusive-fountains.co.uk","from his  mind  ","by"," a sense of"
"smmgp.org.uk","  article  ","by"," Geoffrey"
"brucesfingers.co.uk","''s  session  ","by"," sharing with"
"brucesfingers.co.uk","  vaccine  ","by"," freeze drying"
"brucesfingers.co.uk","  dispersion  ","by"," releasing"
"brucesfingers.co.uk","a scud  missile  ","by"," using a fine"
"vue.org.uk"," ","by"," giving the"
"vue.org.uk"," ","by"," giving the"
"vue.org.uk","type of a  file  ","by"," its name. See """
"vue.org.uk","type of a  file  ","by"," its contents."
"vue.org.uk","as  bugs  ","by"," some, are in"
"penrhosprivatedaynursery.co.uk","three  months  ","by"," UKOLN. UKOLN"
"candlemaking.org.uk","  deductions  ","by"," one of a number"
"candlemaking.org.uk","bank  account  ","by"," 22nd. Funds"
"candlemaking.org.uk","you the  date  ","by"," which HMRC"
"candlemaking.org.uk","cleared  funds  ","by"," Last day for"
"candlemaking.org.uk","  payment  ","by"," Telephone,"
"antiquity.ac.uk","'',  ''research  ","by"," practice '',"
"antiquity.ac.uk","  performance  ","by"," definition is"
"antiquity.ac.uk","  machinery  ","by"," which "" the"
"antiquity.ac.uk","for  use  ","by"," the research"
"people.ex.ac.uk"," ","by"," 3pm, on the day"
"galensgarden.co.uk","this  network  ","by"," building more"
"ggr-associates.co.uk","the  bill  ","by"," 95 votes to 76."
"ggr-associates.co.uk","of  smuggling  ","by"," reducing"
"shocknet.org.uk","in  happiness  ","by"," sheps101 am"
"shocknet.org.uk",",  beverages  ","by"," duffield1 am"
"shocknet.org.uk",",  stagnation  ","by"," duffield1 am"
"shocknet.org.uk",",  pantomime  ","by"," jeannebaxter"
"shocknet.org.uk","action,  games  ","by"," jeannebaxter"
"shocknet.org.uk",",  language  ","by"," jeannebaxter"
"shocknet.org.uk",", music,  Art  ","by"," 3 others www."
"shocknet.org.uk","help with  math  ","by"," 3 others Jun"
"battleoffulford.org.uk","  toolkit  ","by"," The Tourism"
"fastcart.co.uk","a new  term  ","by"," email:"
"fastcart.co.uk","any  additions  ","by"," email to: or by"
"ascl.org.uk","  filters  ","by"," which, for"
"ascl.org.uk",", for  example  ","by"," forcing us to"
"johnvenn.co.uk","of  years  ","by"," the FPA"
"2175atc.co.uk","an  article  ","by"," Sue Duncan,"
"2175atc.co.uk",":  thoughts  ","by"," Alex Bryson,"
"englishmonarchs.co.uk","through  frame  ","by"," frame, and"
"torro.org.uk","those  events  ","by"," drawing"
"torro.org.uk","for the new  CDs  ","by"," selecting"
"torro.org.uk","Catalogue  CD  ","by"," completing"
"torro.org.uk",".  Enquiries  ","by"," telephone,"
"torro.org.uk","on-line  query  ","by"," clicking on"
"torro.org.uk","complex  task  ","by"," using a web"
"ownersdirect.co.uk","  today  ","by"," the Foreign"
"ownersdirect.co.uk","awarded  today  ","by"," the Big"
"ownersdirect.co.uk","  campaign  ","by"," issuing a"
"ownersdirect.co.uk","at the  coast  ","by"," making sure"
"ownersdirect.co.uk","  operations  ","by"," officers from"
"rifi.soton.ac.uk","led the  way  ","by"," producing"
"rifi.soton.ac.uk"," ","by"," physicians"
"rifi.soton.ac.uk","in any  way  ","by"," a"
"hlst.heacademy.ac.uk","the  practice  ","by"," reference to"
"virgintrains.co.uk",", to the  south  ","by"," the Tweed and"
"virgintrains.co.uk","and to the  west  ","by"," the Clyde. The"
"youclaim.co.uk","its  human  ","by"," this simple"
"the-stationery-office.co.uk","by  rating  ","by"," patients ("
"the-stationery-office.co.uk",") and  rating  ","by"," observer (P <"
"soup.co.uk","  design  ","by",": 20:20 London"
"soup.co.uk","on the  call  ","by"," the"
"birds-eye-view.co.uk","my  sanctions  ","by"," now. It ''s Cab."
"re-skill.org.uk","your  backup  ","by"," pressing the"
"re-skill.org.uk","a  backup  ","by"," creating a"
"new.overseas-trade.co.uk","  difficulties  ","by"," talking to"
"new.overseas-trade.co.uk","  evenings  ","by"," arrangement."
"antibes.co.uk","is an  account  ","by"," Sir Charles"
"stevepsharpe.co.uk","mailing  lists  ","by"," emailing"
"stevepsharpe.co.uk","  subscription  ","by"," sending an"
"sherlock-holmes.classic-literature.co.uk","each  country  ","by"," averaging"
"masterfind.co.uk","coffee  yields  ","by"," 20 % within 1km"
"masterfind.co.uk","hectare  farm  ","by"," $60,000 a year"
"ardue.org.uk","of glamor  cast  ","by"," vice. As"
"weddings.co.uk","this  contract  ","by"," using a tug or"
"weddings.co.uk","  negligence  ","by"," Borkan."
"weddings.co.uk","  criteria  ","by"," the Judicial"
"weddings.co.uk","a  deposition  ","by"," the Terminal"
"barbecue-online.co.uk","his  lecture  ","by"," poking his"
"rostau.org.uk","  training  ","by"," a year. It is"
"sfx.co.uk","for  action  ","by"," the Prison"
"sle.sharp.co.uk","a useful  page  ","by"," reporting any"
"recyclezone.org.uk"," ","by"," peers and"
"recyclezone.org.uk"," ","by"," generic or"
"recyclezone.org.uk","care  funding  ","by"," directly"
"motorbike-search-engine.co.uk","  economy  ","by"," helping"
"motorbike-search-engine.co.uk","energy  use  ","by"," leading"
"marlab.ac.uk","by  exercise  ","by"," examining its"
"primarycarecontracting.nhs.uk",".... .  report  ","by"," YOUR Company ("
"whisperingspirits.co.uk","of the  region  ","by"," the Red Army,"
"whisperingspirits.co.uk","out of  town  ","by"," their"
"blog.ctrlbreak.co.uk","this  demand  ","by"," providing the"
"cmtr.co.uk","in  staffing  ","by"," one. Aims of"
"cmtr.co.uk","''s  lives  ","by"," increasing"
"cmtr.co.uk","of half  term  ","by"," coming in"
"cmtr.co.uk","of  complaint  ","by"," barristers."
"sscs.bham.ac.uk","after  sunset  ","by"," wearing"
"sscs.bham.ac.uk","to  person  ","by"," the bites of"
"sscs.bham.ac.uk","to  humans  ","by"," tick bites. It"
"sscs.bham.ac.uk","on to  humans  ","by"," the bite of the"
"sscs.bham.ac.uk","on to  humans  ","by"," various types"
"sscs.bham.ac.uk","to  humans  ","by"," the bite of the"
"mehbooba.co.uk","major  issues  ","by"," subscribing"
"schoolshistory.org.uk","of the  season  ","by"," phases Phase 1"
"leyman.demon.co.uk","of  government  ","by"," the press,"
"durhamcathedral.co.uk","  attempts  ","by"," the town ''s"
"punkoiuk.co.uk","three  months  ","by"," UKOLN. UKOLN"
"thisislondon.co.uk","issue 3.  Offer  ","by"," the"
"duncancumming.co.uk","our  spirits  ","by"," reading some"
"philcollins.co.uk",".  READINGS  ","by"," email (or"
"philcollins.co.uk","(or  phone  ","by"," request) from"
"philcollins.co.uk","have a  reading  ","by"," Cassandra is"
"chart.ac.uk","a  letter  ","by"," Liz Davies"
"palimpsest.org.uk","  illness  ","by"," signs of"
"palimpsest.org.uk","  assessment  ","by"," a suitably"
"inmac.co.uk","''s  experience  ","by"," using their"
"inmac.co.uk","her  metaphor  ","by"," the amount of"
"inmac.co.uk","  articles  ","by"," Penny"
"inmac.co.uk","(  interview  ","by"," Judy Baker)"
"warwickshire-wildlife-trust.org.uk","an  assessment  ","by"," Iain West, the"
"warwickshire-wildlife-trust.org.uk","News ·  News  ","by"," vicky Most"
"warwickshire-wildlife-trust.org.uk","  details  ","by"," looking at"
"warwickshire-wildlife-trust.org.uk","of  murder  ","by"," some people"
"sedayne.co.uk","Out  Comment  ","by",":"
"education.leeds.ac.uk","for  access  ","by"," residents"
"education.leeds.ac.uk","of  requests  ","by"," prospective"
"hisc.co.uk","  parties  ","by"," 25 March 2005."
"soundbeam.co.uk","water  quality  ","by"," the Good Beach"
"ltu.mmu.ac.uk","  detection  ","by"," virus"
"ltu.mmu.ac.uk","RFID  tags  ","by"," spraying them"
"ltu.mmu.ac.uk","''  copyrights  ","by"," scanning"
"ltu.mmu.ac.uk",", or  services  ","by"," trade name,"
"squashsite.co.uk","cutting  tax  ","by"," increasing"
"squashsite.co.uk","  allowance  ","by"," £2,000."
"squashsite.co.uk",", but this  time  ","by"," cutting the"
"squashsite.co.uk","basic tax  rate  ","by"," 2 percentage"
"squashsite.co.uk","weekly  gain  ","by"," 52 weeks to get"
"platform-end.co.uk","sun for  light  ","by"," day and the"
"platform-end.co.uk","for  light  ","by"," night, and"
"skiclub.co.uk",", for  example  ","by",""
"skiclub.co.uk","  session  ","by"," looking at a"
"its.ex.ac.uk","the  site  ","by"," keyword, size"
"bcis.org.uk"," ","by",""
"bcis.org.uk","his  ideas  ","by"," exploring"
"bcis.org.uk","  Articles  ","by"," James Lawley ("
"j-sainsbury.co.uk","  photographs  ","by"," Bernhard"
"markhadley.co.uk",", and  roxanne  ","by"," the police,"
"markhadley.co.uk","the  chase  ","by"," inme it hasnt"
"markhadley.co.uk","  something  ","by"," Ikara Colt"
"lonympics.co.uk","  newsletters  ","by"," email. Rising"
"troubleatwork.org.uk","  papers  ","by",""
"troubleatwork.org.uk","  report  ","by"," Valerie"
"troubleatwork.org.uk","; a  paper  ","by"," Ed Cairns on"
"troubleatwork.org.uk","  report  ","by"," Duncan Morrow"
"troubleatwork.org.uk","a  recognition  ","by"," community"
"troubleatwork.org.uk","of the  scheme  ","by"," the efforts of"
"troubleatwork.org.uk","  endorsement  ","by"," almost every"
"troubleatwork.org.uk","  parties  ","by"," 25 out of 26"
"troubleatwork.org.uk","a major  thrust  ","by"," government """
"troubleatwork.org.uk","  legislation  ","by"," establishing"
"troubleatwork.org.uk","  staff  ","by"," councils, the"
"troubleatwork.org.uk","the  programme  ","by"," CCRU in 1990/"
"troubleatwork.org.uk","  gimmick  ","by"," government"
"businessbureau-uk.co.uk","my  nostalgia  ","by"," the simple"
"businessbureau-uk.co.uk","books in a  pile  ","by"," my side of the"
"businessbureau-uk.co.uk","me. I show  love  ","by"," spending time"
"canadapost.co.uk","  reins  ","by"," which it was"
"canadapost.co.uk","century  texts  ","by"," Athelstane"
"members.lycos.co.uk","  defense  ","by"," requiring all"
"members.lycos.co.uk","  defense  ","by"," requiring all"
"members.lycos.co.uk","  defense  ","by"," requiring all"
"members.lycos.co.uk"," ","by"," the President"
"members.lycos.co.uk"," ","BY"," THE PRESIDENT"
"windmill.co.uk","healthy  hens  ","by"," 10 %. Severe"
"windmill.co.uk","bird to  bird  ","by"," contact or by"
"saints-alive.co.uk","  decreases  ","by"," 80 % (22 Jun"
"alnwick-fair.co.uk","in a  field  ","by"," the roadside"
"alnwick-fair.co.uk","from  holh  ","by"," Fagersten in"
"alnwick-fair.co.uk",",  standing  ","by"," a newel"
"alnwick-fair.co.uk","  attempts  ","by"," some rich"
"alnwick-fair.co.uk",", where a  well  ","by"," the former"
"alnwick-fair.co.uk","in its  waters  ","by"," her jealous"
"alnwick-fair.co.uk","  ceremony  ","by"," which the"
"appletoninbloom.co.uk","to  adults  ","by"," cocking a"
"vacant.org.uk","of a  model  ","by"," James Lawley"
"vacant.org.uk","the  questions  ","by"," the kind of"
"vacant.org.uk",". The  criteria  ","by"," which a"
"vacant.org.uk","of  use  ","by"," David Grove."
"vacant.org.uk","the  questions  ","by"," what they"
"vacant.org.uk","  articles  ","by"," Penny"
"vacant.org.uk","- An  interview  ","by"," The New"
"liverpoolmuseums.org.uk","and  Contrast  ","By"," the end of the"
"walltowall.co.uk","century  texts  ","by"," Athelstane"
"archive.official-documents.co.uk","to the  surface  ","by"," walking up the"
"archive.official-documents.co.uk","  pitch  ","by"," bats which"
"archive.official-documents.co.uk","out of the  cave  ","by","? AM, and I"
"greywall.demon.co.uk"," ","by"," the"
"greywall.demon.co.uk","a few  days  ","by"," jaundice ("
"greywall.demon.co.uk","the  disease  ","by"," producing a"
"armedforces.co.uk"," ","By"," Carole Preen -"
"nasuwt.org.uk","  book  ","by"," Buss,"
"nasuwt.org.uk","  collection  ","by"," a"
"nasuwt.org.uk"," ","by"," colleagues"
"micromaterials.co.uk","with  ease  ","by"," simply"
"micromaterials.co.uk","  recording  ","by"," single on"
"micromaterials.co.uk","the  database  ","by"," 2 filters ("
"micromaterials.co.uk","  solution  ","by"," ks2k, a SPV"
"micromaterials.co.uk","  ladder  ","by",""
"micromaterials.co.uk","as a young  boy  ","by"," the Mazerians"
"psy.gla.ac.uk","  criticism  ","by"," a "" gagging"
"psy.gla.ac.uk","  individuals  ","by"," deception or"
"psy.gla.ac.uk","be in  force  ","by"," October of"
"psy.gla.ac.uk","  consultation  ","by"," the summer."
"derek.henderson.btinternet.co.uk","  review  ","by"," William P"
"derek.henderson.btinternet.co.uk","- a  review  ","by"," Kilian Melloy"
"derek.henderson.btinternet.co.uk","- a  review  ","by"," Steve Palmer"
"derek.henderson.btinternet.co.uk","Ages - a  review  ","by"," Keith Brooke."
"derek.henderson.btinternet.co.uk","second  review  ","by"," Stuart Jaffe."
"derek.henderson.btinternet.co.uk",".  Voyages  ","by"," Starlight - a"
"derek.henderson.btinternet.co.uk","- a  review  ","by"," Nick Gevers."
"derek.henderson.btinternet.co.uk","- a  review  ","by"," Keith Brooke."
"derek.henderson.btinternet.co.uk","double  review  ","by"," Stuart Carter"
"derek.henderson.btinternet.co.uk","- a  review  ","by"," Stuart Carter"
"derek.henderson.btinternet.co.uk","- a  review  ","by"," Stuart Carter"
"derek.henderson.btinternet.co.uk","- a  review  ","by"," John D Owen."
"derek.henderson.btinternet.co.uk","- a  review  ","by"," Caleb"
"derek.henderson.btinternet.co.uk","- a  review  ","by"," Andrew Hook."
"derek.henderson.btinternet.co.uk","second  review  ","by"," Stuart Jaffe."
"derek.henderson.btinternet.co.uk","- a  review  ","by"," John Grant."
"derek.henderson.btinternet.co.uk","- a  review  ","by"," Nicholas"
"derek.henderson.btinternet.co.uk","- a  review  ","by"," Keith Brooke."
"derek.henderson.btinternet.co.uk","Nar - a  review  ","by"," Don Baskin."
"derek.henderson.btinternet.co.uk","- a  review  ","by"," Lynn Perkins."
"derek.henderson.btinternet.co.uk","- a  review  ","by"," Nick Gevers. A"
"derek.henderson.btinternet.co.uk","- a  review  ","by"," David Mathew."
"derek.henderson.btinternet.co.uk",") - a  review  ","by"," John Grant. JP"
"derek.henderson.btinternet.co.uk","  introduction  ","by"," David"
"derek.henderson.btinternet.co.uk","- a  review  ","by"," Marianne"
"derek.henderson.btinternet.co.uk","Howl - a  review  ","by"," Elizabeth"
"derek.henderson.btinternet.co.uk","Time - a  review  ","by"," John Toon."
"derek.henderson.btinternet.co.uk","- a  review  ","by"," Mario"
"derek.henderson.btinternet.co.uk","- a  review  ","by"," John Grant. I"
"derek.henderson.btinternet.co.uk","- a  review  ","by"," Alan David"
"derek.henderson.btinternet.co.uk",") - a  review  ","by"," Randy M"
"derek.henderson.btinternet.co.uk","Arm - a  review  ","by"," John D Owen."
"derek.henderson.btinternet.co.uk","Spur - a  review  ","by"," John D Owen."
"derek.henderson.btinternet.co.uk","- a  review  ","by"," Meredith. LH"
"derek.henderson.btinternet.co.uk","- a  review  ","by"," Jason Gould."
"derek.henderson.btinternet.co.uk","- a  review  ","by"," Peter D"
"derek.henderson.btinternet.co.uk",") - a  review  ","by"," Jonathan"
"derek.henderson.btinternet.co.uk","- a  review  ","by"," Stuart Carter"
"derek.henderson.btinternet.co.uk","- a  review  ","by"," Caleb"
"derek.henderson.btinternet.co.uk","- a  review  ","by"," Nick Gevers."
"derek.henderson.btinternet.co.uk","- a  review  ","by"," Stuart Carter"
"derek.henderson.btinternet.co.uk","Life - a  review  ","by"," Peter D"
"derek.henderson.btinternet.co.uk","  review  ","by"," Stuart Carter"
"derek.henderson.btinternet.co.uk","- a  review  ","by"," Stuart Carter"
"derek.henderson.btinternet.co.uk","- a  review  ","by"," John Toon."
"derek.henderson.btinternet.co.uk","Kin - a  review  ","by"," Marianne"
"derek.henderson.btinternet.co.uk","- a  review  ","by"," Elizabeth"
"derek.henderson.btinternet.co.uk","- a  review  ","by"," Stuart Carter"
"derek.henderson.btinternet.co.uk","Hunt - a  review  ","by"," John Grant."
"derek.henderson.btinternet.co.uk","- a  review  ","by"," John Grant."
"derek.henderson.btinternet.co.uk","Road - a  review  ","by"," John D Owen."
"derek.henderson.btinternet.co.uk",") - a  review  ","by"," Peter D"
"derek.henderson.btinternet.co.uk","- a  review  ","by"," Keith Brooke."
"derek.henderson.btinternet.co.uk","- a  review  ","by"," Stuart Carter"
"derek.henderson.btinternet.co.uk","- a  review  ","by"," Stuart Carter"
"derek.henderson.btinternet.co.uk","- a  review  ","by"," Keith Brooke."
"derek.henderson.btinternet.co.uk","- a  review  ","by"," Keith Brooke."
"derek.henderson.btinternet.co.uk","Gods - a  review  ","by"," John D Owen."
"derek.henderson.btinternet.co.uk","- a  review  ","by"," Nick Gevers."
"derek.henderson.btinternet.co.uk","One - a  review  ","by"," Martin Owton."
"derek.henderson.btinternet.co.uk","- a  review  ","by"," Martin Owton."
"derek.henderson.btinternet.co.uk","- a  review  ","by"," Martin Owton."
"derek.henderson.btinternet.co.uk","- a  review  ","by"," Meredith."
"derek.henderson.btinternet.co.uk","Hope - a  review  ","by"," Russell Cook."
"derek.henderson.btinternet.co.uk","- a  review  ","by"," Stuart Carter"
"derek.henderson.btinternet.co.uk","- a  review  ","by"," John Toon."
"derek.henderson.btinternet.co.uk","- a  review  ","by"," John Grant."
"derek.henderson.btinternet.co.uk","- a  review  ","by"," John Owen."
"derek.henderson.btinternet.co.uk","- a  review  ","by"," Stephen"
"derek.henderson.btinternet.co.uk","a third  review  ","by"," Lawrence"
"derek.henderson.btinternet.co.uk","- a  review  ","by"," Andy Sawyer."
"derek.henderson.btinternet.co.uk","- a  review  ","by"," Lou Anders."
"derek.henderson.btinternet.co.uk","Tain - a  review  ","by"," Graham"
"derek.henderson.btinternet.co.uk","- a  review  ","by"," Randy M"
"derek.henderson.btinternet.co.uk","- a  review  ","by"," John Grant."
"derek.henderson.btinternet.co.uk","- a  review  ","by"," Nick Gifford."
"derek.henderson.btinternet.co.uk","- a  review  ","by"," Adam Roberts."
"derek.henderson.btinternet.co.uk","- a  review  ","by"," Philip Raines"
"derek.henderson.btinternet.co.uk","  introduction  ","by"," Gavin Grant."
"derek.henderson.btinternet.co.uk","a  meta-review  ","by"," Peter D"
"derek.henderson.btinternet.co.uk","- a  review  ","by"," Stuart Carter"
"derek.henderson.btinternet.co.uk","- a  review  ","by"," John Toon. The"
"derek.henderson.btinternet.co.uk","  review  ","by"," John Grant."
"derek.henderson.btinternet.co.uk","Man - a  review  ","by"," Nick Gifford."
"derek.henderson.btinternet.co.uk","- a  review  ","by"," John D Owen."
"derek.henderson.btinternet.co.uk","- a  review  ","by"," John Grant."
"derek.henderson.btinternet.co.uk","- a  review  ","by"," Stuart Carter"
"derek.henderson.btinternet.co.uk","- a  review  ","by"," Nicholas"
"derek.henderson.btinternet.co.uk","Red - a  review  ","by"," Gary Couzens."
"derek.henderson.btinternet.co.uk","  extract  ","by"," David Hardy"
"derek.henderson.btinternet.co.uk","- a  review  ","by"," Gary Couzens."
"derek.henderson.btinternet.co.uk","- a  review  ","by"," Nicholas"
"derek.henderson.btinternet.co.uk","- a  review  ","by"," Nicholas"
"derek.henderson.btinternet.co.uk","- a  review  ","by"," Ron Miller."
"derek.henderson.btinternet.co.uk","- a  review  ","by"," Stuart Carter"
"derek.henderson.btinternet.co.uk","- a  review  ","by"," Stuart Carter"
"derek.henderson.btinternet.co.uk","- a  review  ","by"," Stuart Carter"
"derek.henderson.btinternet.co.uk","- a  review  ","by"," Jakob Schmidt"
"derek.henderson.btinternet.co.uk","- a  review  ","by"," Gary Couzens."
"derek.henderson.btinternet.co.uk","Ends - a  review  ","by"," Stuart Carter"
"derek.henderson.btinternet.co.uk","- a  review  ","by"," John Grant."
"derek.henderson.btinternet.co.uk","Sky - a  review  ","by"," Randy M"
"derek.henderson.btinternet.co.uk","- a  review  ","by"," Randy M"
"derek.henderson.btinternet.co.uk","- a  review  ","by"," Elizabeth"
"derek.henderson.btinternet.co.uk","Vast - a  review  ","by"," Jon Courtenay"
"derek.henderson.btinternet.co.uk","  review  ","by"," Randy M"
"derek.henderson.btinternet.co.uk","Rose - a  review  ","by"," Nick Gevers."
"derek.henderson.btinternet.co.uk","1 - a  review  ","by"," Anonymous ("
"derek.henderson.btinternet.co.uk","2 - a  review  ","by"," David Mathew."
"derek.henderson.btinternet.co.uk","3 - a  review  ","by"," Keith Brooke."
"derek.henderson.btinternet.co.uk","4 - a  review  ","by"," The Mad Wavid."
"derek.henderson.btinternet.co.uk","5 - a  review  ","by"," Mario"
"derek.henderson.btinternet.co.uk","Rain - a  review  ","by"," Gary Couzens."
"derek.henderson.btinternet.co.uk","2) - a  review  ","by"," Stuart Carter"
"derek.henderson.btinternet.co.uk","Cha - a  review  ","by"," Stuart Carter"
"derek.henderson.btinternet.co.uk",") - a  review  ","by"," Keith Brooke."
"derek.henderson.btinternet.co.uk","- a  review  ","by"," Keith Brooke."
"derek.henderson.btinternet.co.uk","- a  review  ","by"," Mark"
"derek.henderson.btinternet.co.uk","Road - a  review  ","by"," John D Owen."
"derek.henderson.btinternet.co.uk","Mars - a  review  ","by"," Peter D"
"derek.henderson.btinternet.co.uk","- a  review  ","by"," Meredith."
"derek.henderson.btinternet.co.uk","Cars - a  review  ","by"," Josh Lacey."
"derek.henderson.btinternet.co.uk","- a  review  ","by"," Noel K Hannan."
"derek.henderson.btinternet.co.uk","- a  review  ","by"," Noel K Hannan."
"derek.henderson.btinternet.co.uk","Fire - a  review  ","by"," John Grant."
"derek.henderson.btinternet.co.uk","- a  review  ","by"," Marianne"
"derek.henderson.btinternet.co.uk","- a  review  ","by"," Russell Cook."
"derek.henderson.btinternet.co.uk","- a  review  ","by"," James JJ"
"derek.henderson.btinternet.co.uk","- a  review  ","by"," John Grant."
"derek.henderson.btinternet.co.uk","- a  review  ","by"," Stuart Carter"
"derek.henderson.btinternet.co.uk","- a  review  ","by"," Claude"
"derek.henderson.btinternet.co.uk","- a  review  ","by"," John Toon."
"derek.henderson.btinternet.co.uk","- a  review  ","by"," John Toon. ..."
"derek.henderson.btinternet.co.uk","- a  review  ","by"," John Toon."
"derek.henderson.btinternet.co.uk","One - a  review  ","by"," Simeon Shoul."
"derek.henderson.btinternet.co.uk","One - a  review  ","by"," Simeon Shoul."
"derek.henderson.btinternet.co.uk","Two - a  review  ","by"," Simeon Shoul."
"derek.henderson.btinternet.co.uk","- a  review  ","by"," Simeon Shoul."
"derek.henderson.btinternet.co.uk","- a  review  ","by"," Mario"
"derek.henderson.btinternet.co.uk","- a  review  ","by"," Elizabeth"
"derek.henderson.btinternet.co.uk","- a  review  ","by"," Marianne"
"derek.henderson.btinternet.co.uk","- a  review  ","by"," Mario"
"derek.henderson.btinternet.co.uk","- a  review  ","by"," Caleb"
"derek.henderson.btinternet.co.uk","- a  review  ","by"," Russell Cook."
"derek.henderson.btinternet.co.uk","- a  review  ","by"," Nick Gifford."
"derek.henderson.btinternet.co.uk","- a  review  ","by"," Thomas Staab."
"derek.henderson.btinternet.co.uk","- a  review  ","by"," Noel K Hannan."
"derek.henderson.btinternet.co.uk","Red - a  review  ","by"," Noel K Hannan."
"derek.henderson.btinternet.co.uk","- a  review  ","by"," Noel K Hannan."
"derek.henderson.btinternet.co.uk","Dead - a  review  ","by"," Simeon Shoul."
"derek.henderson.btinternet.co.uk","- a  review  ","by"," Christopher"
"derek.henderson.btinternet.co.uk","  introduction  ","by"," Adam Roberts."
"derek.henderson.btinternet.co.uk","- a  review  ","by"," Simon Ings."
"derek.henderson.btinternet.co.uk","- a  review  ","by"," Eric Brown."
"derek.henderson.btinternet.co.uk","1 - a  review  ","by"," Keith Brooke."
"derek.henderson.btinternet.co.uk","and 4 - a  review  ","by"," Keith Brooke."
"derek.henderson.btinternet.co.uk","5 - a  review  ","by"," Keith Brooke."
"derek.henderson.btinternet.co.uk","- a  review  ","by"," Philip Raines"
"derek.henderson.btinternet.co.uk","- a  review  ","by"," John D Owen."
"derek.henderson.btinternet.co.uk","- a  review  ","by"," John D Owen."
"derek.henderson.btinternet.co.uk","- a  review  ","by"," John D Owen."
"derek.henderson.btinternet.co.uk","Hero - a  review  ","by"," Caleb"
"derek.henderson.btinternet.co.uk","- a  review  ","by"," John D Owen."
"derek.henderson.btinternet.co.uk","- a  review  ","by"," Nick Gifford."
"derek.henderson.btinternet.co.uk","Time - a  review  ","by"," John Grant."
"derek.henderson.btinternet.co.uk","Men - a  review  ","by"," Caleb"
"derek.henderson.btinternet.co.uk",") - a  review  ","by"," John Grant."
"derek.henderson.btinternet.co.uk","- a  review  ","by"," Randy M"
"derek.henderson.btinternet.co.uk","- a  review  ","by"," Noel K Hannan."
"derek.henderson.btinternet.co.uk","- a  review  ","by"," Marianne"
"derek.henderson.btinternet.co.uk","- a  review  ","by"," Tony"
"derek.henderson.btinternet.co.uk","- a  review  ","by"," Nick Gevers."
"derek.henderson.btinternet.co.uk","- a  review  ","by"," Philip Raines"
"derek.henderson.btinternet.co.uk","- a  review  ","by"," Kit Reed. ..."
"derek.henderson.btinternet.co.uk","- a  review  ","by"," Randy M"
"derek.henderson.btinternet.co.uk","1) - a  review  ","by"," Nick Gevers."
"derek.henderson.btinternet.co.uk","2) - a  review  ","by"," Nick Gevers."
"derek.henderson.btinternet.co.uk","- a  review  ","by"," John Grant. PS"
"derek.henderson.btinternet.co.uk","- a  review  ","by"," Christopher"
"derek.henderson.btinternet.co.uk","- a  review  ","by"," Christopher"
"derek.henderson.btinternet.co.uk","- a  review  ","by"," Stuart Carter"
"derek.henderson.btinternet.co.uk","- a  review  ","by"," Richard"
"derek.henderson.btinternet.co.uk","- a  review  ","by"," Christopher"
"derek.henderson.btinternet.co.uk","- a  review  ","by"," Iain Rowan."
"derek.henderson.btinternet.co.uk","- a  review  ","by"," Mario"
"derek.henderson.btinternet.co.uk","- a  review  ","by"," John Grant. ("
"derek.henderson.btinternet.co.uk","- a  review  ","by"," Marianne"
"derek.henderson.btinternet.co.uk","- a  review  ","by"," John Toon. Kit"
"derek.henderson.btinternet.co.uk","- a  review  ","by"," Simon Ings."
"derek.henderson.btinternet.co.uk","- a  review  ","by"," Stuart Carter"
"derek.henderson.btinternet.co.uk","- a  review  ","by"," Simeon Shoul."
"derek.henderson.btinternet.co.uk","- a  review  ","by"," Alexander"
"derek.henderson.btinternet.co.uk","Gap - a  review  ","by"," John Toon."
"derek.henderson.btinternet.co.uk","Rain - a  review  ","by"," Simeon Shoul."
"derek.henderson.btinternet.co.uk","City - a  review  ","by"," Nick Gevers."
"derek.henderson.btinternet.co.uk","Days - a  review  ","by"," John Toon."
"derek.henderson.btinternet.co.uk","Ark - a  review  ","by"," Stuart Carter"
"derek.henderson.btinternet.co.uk","- a  review  ","by"," Keith Brooke."
"derek.henderson.btinternet.co.uk",") - a  review  ","by"," Mario"
"derek.henderson.btinternet.co.uk","one - a  review  ","by"," Keith Brooke."
"derek.henderson.btinternet.co.uk","All - a  review  ","by"," John Grant."
"derek.henderson.btinternet.co.uk","- a  review  ","by"," Keith Brooke."
"derek.henderson.btinternet.co.uk","- a  review  ","by"," John Toon. On -"
"derek.henderson.btinternet.co.uk",". On - a  review  ","by"," Josh Lacey."
"derek.henderson.btinternet.co.uk","- a  review  ","by"," Gary Couzens."
"derek.henderson.btinternet.co.uk","- a  review  ","by"," Stuart Carter"
"derek.henderson.btinternet.co.uk","- a  review  ","by"," John Toon."
"derek.henderson.btinternet.co.uk","Salt - a  review  ","by"," Stuart Carter"
"derek.henderson.btinternet.co.uk","Snow - a  review  ","by"," Stephen"
"derek.henderson.btinternet.co.uk","- a  review  ","by"," Stuart Carter"
"derek.henderson.btinternet.co.uk","- a  review  ","by"," John Toon."
"derek.henderson.btinternet.co.uk","- a  review  ","by"," Iain Rowan."
"derek.henderson.btinternet.co.uk","- a  review  ","by"," John Toon. R"
"derek.henderson.btinternet.co.uk","- a  review  ","by"," David Mathew."
"derek.henderson.btinternet.co.uk","- a  review  ","by"," Mario"
"derek.henderson.btinternet.co.uk","- a  review  ","by"," Nick Gifford."
"derek.henderson.btinternet.co.uk","Mars - a  review  ","by"," Stuart Carter"
"derek.henderson.btinternet.co.uk","Mars - a  review  ","by"," Stuart Carter"
"derek.henderson.btinternet.co.uk","- a  review  ","by"," Keith Brooke."
"derek.henderson.btinternet.co.uk","Mars - a  review  ","by"," Stuart Carter"
"derek.henderson.btinternet.co.uk","- a  review  ","by"," Nick Gifford."
"derek.henderson.btinternet.co.uk","Salt - a  review  ","by"," Keith Brooke."
"derek.henderson.btinternet.co.uk","Salt - a  review  ","by"," Peter D"
"derek.henderson.btinternet.co.uk","- a  review  ","by"," Richard"
"derek.henderson.btinternet.co.uk","- a  review  ","by"," John Toon."
"derek.henderson.btinternet.co.uk","- a  review  ","by"," Jakob Schmidt"
"derek.henderson.btinternet.co.uk","Boy - a  review  ","by"," Nick Gevers."
"derek.henderson.btinternet.co.uk","- a  review  ","by"," Keith Brooke."
"derek.henderson.btinternet.co.uk","  review  ","by"," Karla Von"
"derek.henderson.btinternet.co.uk","Seer - a  review  ","by"," Simeon Shoul."
"derek.henderson.btinternet.co.uk","- a  review  ","by"," John Grant."
"derek.henderson.btinternet.co.uk","- a  review  ","by"," Stuart Carter"
"derek.henderson.btinternet.co.uk","- a  review  ","by"," Gary Couzens."
"derek.henderson.btinternet.co.uk","- a  review  ","by"," Robert I Katz."
"derek.henderson.btinternet.co.uk","- a  review  ","by"," Roger Keen."
"derek.henderson.btinternet.co.uk","- a  review  ","by"," Nick Gevers."
"derek.henderson.btinternet.co.uk","  review  ","by"," John Grant."
"derek.henderson.btinternet.co.uk","Wasp - a  review  ","by"," Rupert"
"derek.henderson.btinternet.co.uk","- a  review  ","by"," Gary Couzens."
"derek.henderson.btinternet.co.uk","- a  review  ","by"," Jason Gould."
"derek.henderson.btinternet.co.uk",": a  review  ","by"," Jon Courtenay"
"derek.henderson.btinternet.co.uk","- a  review  ","by"," John Grant."
"derek.henderson.btinternet.co.uk","- a  review  ","by"," Nick Gevers."
"derek.henderson.btinternet.co.uk","- a  review  ","by"," Simeon Shoul."
"derek.henderson.btinternet.co.uk",". VAO - a  review  ","by"," Chris Butler."
"derek.henderson.btinternet.co.uk","- a  review  ","by"," John D Owen."
"derek.henderson.btinternet.co.uk","- a  review  ","by"," John Toon."
"derek.henderson.btinternet.co.uk","- a  review  ","by"," John Toon."
"derek.henderson.btinternet.co.uk","- a  review  ","by"," Russell Cook."
"derek.henderson.btinternet.co.uk","Wind - a  review  ","by"," Nick Gevers."
"derek.henderson.btinternet.co.uk","Eden - a  review  ","by"," Jason Gould."
"derek.henderson.btinternet.co.uk","- a  review  ","by"," David Mathew."
"derek.henderson.btinternet.co.uk","- a  review  ","by"," John D Owen."
"derek.henderson.btinternet.co.uk","3 - a  review  ","by"," Elizabeth"
"derek.henderson.btinternet.co.uk","- a  review  ","by"," Randy M"
"derek.henderson.btinternet.co.uk","(CD) - a  review  ","by"," Elizabeth"
"derek.henderson.btinternet.co.uk","1 - a  review  ","by"," Simeon Shoul."
"derek.henderson.btinternet.co.uk","  review  ","by"," John Grant."
"derek.henderson.btinternet.co.uk","- a  review  ","by"," Gary Couzens."
"derek.henderson.btinternet.co.uk","- a  review  ","by"," Nicholas"
"derek.henderson.btinternet.co.uk","Eyes - a  review  ","by"," Jason Gould. A"
"derek.henderson.btinternet.co.uk","- a  review  ","by"," John Grant."
"derek.henderson.btinternet.co.uk","  review  ","by"," Gary Couzens."
"derek.henderson.btinternet.co.uk","- a  review  ","by"," Gary Couzens."
"derek.henderson.btinternet.co.uk","- a  review  ","by"," William P"
"derek.henderson.btinternet.co.uk","- a  review  ","by"," Caleb"
"derek.henderson.btinternet.co.uk","- a  review  ","by"," Caleb"
"derek.henderson.btinternet.co.uk","- a  review  ","by"," Keith Brooke."
"derek.henderson.btinternet.co.uk","- a  review  ","by"," Claude"
"derek.henderson.btinternet.co.uk","- a  review  ","by"," Nick Gifford."
"derek.henderson.btinternet.co.uk","- a  review  ","by"," Nick Gevers."
"derek.henderson.btinternet.co.uk","- a  review  ","by"," John D Owen."
"derek.henderson.btinternet.co.uk","- a  review  ","by"," Claude"
"derek.henderson.btinternet.co.uk","- a  review  ","by"," Nick Gevers."
"derek.henderson.btinternet.co.uk","Home - a  review  ","by"," John Grant."
"derek.henderson.btinternet.co.uk","second  review  ","by"," Eric Brown."
"derek.henderson.btinternet.co.uk","- a  review  ","by"," Peter D"
"derek.henderson.btinternet.co.uk","Time - a  review  ","by"," Gary Couzens."
"derek.henderson.btinternet.co.uk","second  review  ","by"," Stuart Jaffe."
"derek.henderson.btinternet.co.uk","Man - a  review  ","by"," Stuart Carter"
"derek.henderson.btinternet.co.uk","- a  review  ","by"," John Grant."
"derek.henderson.btinternet.co.uk","- a  review  ","by"," Gary Couzens."
"derek.henderson.btinternet.co.uk","  review  ","by"," Adam Roberts."
"derek.henderson.btinternet.co.uk","- a  review  ","by"," Stuart Carter"
"derek.henderson.btinternet.co.uk","- a  review  ","by"," Simeon Shoul."
"derek.henderson.btinternet.co.uk","- a  review  ","by"," Simeon Shoul."
"derek.henderson.btinternet.co.uk","- a  review  ","by"," John D Owen."
"derek.henderson.btinternet.co.uk","Kali - a  review  ","by"," Gary Couzens."
"derek.henderson.btinternet.co.uk","- a  review  ","by"," John Grant."
"derek.henderson.btinternet.co.uk","- a  review  ","by"," Mario"
"derek.henderson.btinternet.co.uk","double  review  ","by"," John D Owen."
"derek.henderson.btinternet.co.uk","- a  review  ","by"," Chris Butler."
"derek.henderson.btinternet.co.uk","- a  review  ","by"," Chris Butler."
"derek.henderson.btinternet.co.uk","Trap - a  review  ","by"," John Toon."
"derek.henderson.btinternet.co.uk","45 - a  review  ","by"," Richard"
"derek.henderson.btinternet.co.uk","- a  review  ","by"," Adam Roberts."
"derek.henderson.btinternet.co.uk","  review  ","by"," Graham"
"derek.henderson.btinternet.co.uk","Boy - a  review  ","by"," Keith Brooke."
"derek.henderson.btinternet.co.uk","- a  review  ","by"," Stuart Carter"
"derek.henderson.btinternet.co.uk","- a  review  ","by"," John Toon."
"derek.henderson.btinternet.co.uk","Bone - a  review  ","by"," Iain Rowan."
"derek.henderson.btinternet.co.uk","2) - a  review  ","by"," Stuart Carter"
"derek.henderson.btinternet.co.uk","SF #1 - a  review  ","by"," Stuart Carter"
"derek.henderson.btinternet.co.uk","SF #2 - a  review  ","by"," Stuart Carter"
"derek.henderson.btinternet.co.uk","City - a  review  ","by"," Stuart Carter"
"derek.henderson.btinternet.co.uk","- a  review  ","by"," John Grant."
"derek.henderson.btinternet.co.uk","Fire - a  review  ","by"," John Grant."
"derek.henderson.btinternet.co.uk","- a  review  ","by"," Nick Gevers."
"derek.henderson.btinternet.co.uk","- a  review  ","by"," Simeon Shoul."
"derek.henderson.btinternet.co.uk","- a  review  ","by"," Richard"
"derek.henderson.btinternet.co.uk","Zero - a  review  ","by"," Keith Brooke."
"derek.henderson.btinternet.co.uk","Jedi - a  review  ","by"," Simeon Shoul."
"derek.henderson.btinternet.co.uk","Men - a  review  ","by"," Peter D"
"derek.henderson.btinternet.co.uk","- a  review  ","by"," Stuart Carter"
"derek.henderson.btinternet.co.uk","- a  review  ","by"," Simeon Shoul."
"derek.henderson.btinternet.co.uk","- a  review  ","by"," Marianne"
"derek.henderson.btinternet.co.uk","- a  review  ","by"," Marianne"
"derek.henderson.btinternet.co.uk","- a  review  ","by"," Stuart Carter"
"derek.henderson.btinternet.co.uk","- a  review  ","by"," Nick Gevers."
"derek.henderson.btinternet.co.uk","- a  review  ","by"," Nick Gevers."
"derek.henderson.btinternet.co.uk","- a  review  ","by"," William P"
"derek.henderson.btinternet.co.uk","''s 7 - a  review  ","by"," John Toon. Ian"
"derek.henderson.btinternet.co.uk","- a  review  ","by"," Stuart Carter"
"derek.henderson.btinternet.co.uk","- a  review  ","by"," Stuart Jaffe."
"derek.henderson.btinternet.co.uk","- a  review  ","by"," Richard"
"derek.henderson.btinternet.co.uk","- a  review  ","by"," Caleb"
"derek.henderson.btinternet.co.uk","- a  review  ","by"," John Grant."
"derek.henderson.btinternet.co.uk","- a  review  ","by"," John Grant."
"derek.henderson.btinternet.co.uk","- an  interview  ","by"," Lou Anders."
"derek.henderson.btinternet.co.uk","Farm - a  review  ","by"," Peter D"
"derek.henderson.btinternet.co.uk","Sky - a  review  ","by"," John Toon."
"derek.henderson.btinternet.co.uk","- a  review  ","by"," Caleb"
"derek.henderson.btinternet.co.uk","- a  review  ","by"," Stuart Carter"
"derek.henderson.btinternet.co.uk","- a  review  ","by"," John Grant."
"derek.henderson.btinternet.co.uk","- a  review  ","by"," Justina"
"derek.henderson.btinternet.co.uk",": two  novels  ","by"," Tricia"
"derek.henderson.btinternet.co.uk","-  nonfiction  ","by"," Nick Gevers."
"derek.henderson.btinternet.co.uk","Maul - a  review  ","by"," John Toon. The"
"derek.henderson.btinternet.co.uk","- a  review  ","by"," Eric Brown."
"derek.henderson.btinternet.co.uk","Time - a  review  ","by"," Stephen"
"derek.henderson.btinternet.co.uk","War - a  review  ","by"," John Toon. The"
"derek.henderson.btinternet.co.uk","second  review  ","by"," Meredith."
"derek.henderson.btinternet.co.uk","- a  review  ","by"," Keith Brooke."
"derek.henderson.btinternet.co.uk","- a  review  ","by"," John Toon."
"derek.henderson.btinternet.co.uk","- a  review  ","by"," Marianne"
"derek.henderson.btinternet.co.uk","- a  review  ","by"," Keith Brooke."
"derek.henderson.btinternet.co.uk",": an  interview  ","by"," Nick Gevers."
"derek.henderson.btinternet.co.uk","- a  review  ","by"," Lawrence"
"derek.henderson.btinternet.co.uk","- a  review  ","by"," Peter D"
"mud.co.uk","the  session  ","by"," highlighting"
"mud.co.uk","  presentation  ","by"," briefly"
"mud.co.uk","a common  enemy  ","by"," all sides in a"
"mud.co.uk","Martyrs  week  ","by"," the Tamil"
"kavkaz.org.uk","  publication  ","by"," DENI of a"
"kavkaz.org.uk","  statement  ","by"," the Minister"
"rousette.org.uk","or  diphthongs  ","by"," overwriting"
"rousette.org.uk","  criticism  ","by"," which every"
"rousette.org.uk",". [ 9 ] For  use  ","by"," scribes in """
"rousette.org.uk","in  Hebrews  ","by"," A. H."
"tripadvisor.co.uk","  engravings  ","by"," several"
"tripadvisor.co.uk",".  Photography  ","by"," Dudley M."
"tripadvisor.co.uk","  shortages  ","by"," the year 2025"
"tripadvisor.co.uk",".  Designs  ","by"," William"
"tripadvisor.co.uk","  poetry  ","by"," setting-up"
"tripadvisor.co.uk","area  artist  ","by"," the name of"
"shopping.excite.co.uk","brick  chamber  ","by"," the railway."
"cedr.co.uk",")  Recordings  ","by"," Zoltan Kallos"
"cedr.co.uk","! This  project  ","by"," Kati Svorak,"
"thecornerhouse.org.uk","  ranking  ","by"," volume of"
"thecornerhouse.org.uk","of its  output  ","by"," clicking here"
"rodge.force9.co.uk","from the  cold  ","by"," the use of"
"rodge.force9.co.uk","these  rays  ","by"," using"
"victorianartinbritain.co.uk","  questions  ","by"," describing"
"readers.penguin.co.uk","  knowledge  ","by"," local hearsay"
"bllearning.co.uk","from a  story  ","by"," Charles"
"bllearning.co.uk","on a  story  ","by"," Cornell"
"bllearning.co.uk","on a  story  ","by"," Frederick"
"bllearning.co.uk","from a  story  ","by"," William Abney"
"bllearning.co.uk","from a  story  ","by"," Richard"
"bllearning.co.uk","  Delivery  ","by"," John Collier"
"bllearning.co.uk","from a  story  ","by"," L P Hartley"
"bllearning.co.uk","from a  story  ","by"," Oliver Onions"
"bllearning.co.uk","from a  story  ","by"," Donald E"
"bllearning.co.uk","from a  story  ","by"," L P Davies Cast"
"bllearning.co.uk","from a  story  ","by"," Charles"
"bspd.co.uk","of a new  study  ","by"," the New Policy"
"bspd.co.uk","  exclusion  ","by"," Audrey Osler,"
"tertiary.consoleroom.btinternet.co.uk","  criticism  ","by"," the Court of"
"tertiary.consoleroom.btinternet.co.uk"," ","by"," one of the"
"tertiary.consoleroom.btinternet.co.uk","2:  Interview  ","by"," the Refugee"
"www-micro.msb.le.ac.uk","be at the  time  ","by"," Bandler and me"
"www-micro.msb.le.ac.uk","''s  behaviour  ","by"," using their"
"www-micro.msb.le.ac.uk","Test  model  ","by"," using it"
"www-micro.msb.le.ac.uk","and  output  ","by"," the person"
"www-micro.msb.le.ac.uk"," ","by"," a story or"
"www-micro.msb.le.ac.uk","  process  ","by"," which,"
"www-micro.msb.le.ac.uk","the  process  ","by"," which we"
"www-micro.msb.le.ac.uk","senior  level  ","by"," accident and I"
"www-micro.msb.le.ac.uk","around a  hose  ","by"," a screwdriver"
"www-micro.msb.le.ac.uk","in  education  ","by"," Caitlin"
"www-micro.msb.le.ac.uk","an  article  ","by"," Simon Stanton"
"www-micro.msb.le.ac.uk","  Articles  ","by"," Penny"
"osj.org.uk",". 0 0 -- In:  ----  ","By",": Employment"
"osj.org.uk",". 0 0 -- In:  ----  ","By",":"
"osj.org.uk",". 0 0 -- In:  ----  ","By",": Other"
"mimas.ac.uk","  albums  ","by"," creating"
"imaginativeicing.demon.co.uk","their own  risk  ","by"," considering"
"imaginativeicing.demon.co.uk","at  risk  ","by"," their sexual"
"imaginativeicing.demon.co.uk","for  use  ","by"," the"
"nbs.ntu.ac.uk"," ","by"," relating"
"nbs.ntu.ac.uk"," ","by"," relating"
"arts.ac.uk","  birds  ","by"," local name we"
"bbcgovernors.co.uk","of  expansion  ","by"," Grace Fraser"
"bbcgovernors.co.uk","of  expansion  ","By"," Grace Fraser"
"bbcgovernors.co.uk","  side  ","by"," side in an"
"bbcgovernors.co.uk","  terms  ","by"," promising"
"bbcgovernors.co.uk","general  sense  ","by"," signalling"
"bbcgovernors.co.uk","  significance  ","by"," putting"
"bbcgovernors.co.uk","  recognition  ","by"," DENI to"
"bbcgovernors.co.uk","  reports  ","by"," and to church"
"bbcgovernors.co.uk","  review  ","by"," a parent with a"
"bbcgovernors.co.uk"," ","by"," government of"
"newtonproject.ic.ac.uk","need your  help  ","by"," joining the"
"taxibus.org.uk","  presentation  ","by"," Paul Byerly,"
"greenpeace.org.uk","of  interest  ","by"," organising a"
"cronab.demon.co.uk",".  List  ","by"," title and"
"cronab.demon.co.uk","the  property  ","by"," reference to"
"cronab.demon.co.uk","  manufacture  ","by"," production"
"cronab.demon.co.uk"," ","by"," the"
"cronab.demon.co.uk","  practices  ","by"," referencing"
"unemployeddoctor.co.uk","of a  snake  ","by"," a woodside. At"
"telematica.co.uk","  comments  ","by"," participants"
"telematica.co.uk","An  interview  ","by"," The New"
"bobsticks.co.uk","  practices  ","by"," insisting on"
"bobsticks.co.uk","be the  means  ","by"," which"
"biomed.abdn.ac.uk","their  sell  ","by"," date. I think"
"larrywheeler.co.uk","  situations  ","by"," which they are"
"larrywheeler.co.uk","  works  ","by"," male writers."
"larrywheeler.co.uk","  ''Notice  ","by"," the Editor '' ("
"larrywheeler.co.uk","  poverty  ","by"," painting,"
"larrywheeler.co.uk"," ","by"," her zealously"
"larrywheeler.co.uk","with new  life  ","by"," Harding ''s"
"larrywheeler.co.uk","  fiction  ","by"," retaining the"
"larrywheeler.co.uk","  troubles  ","by"," cultivating a"
"larrywheeler.co.uk","and  drinking  ","by"," his friend"
"larrywheeler.co.uk","as a  means  ","by"," which to"
"larrywheeler.co.uk","  research  ","by"," the"
"verisign.co.uk",". A new  play  ","by"," Chrissie"
"verisign.co.uk","  notification  ","by"," the European"
"villarana.freeserve.co.uk","  material  ","by"," artists"
"villarana.freeserve.co.uk","first  release  ","by"," Brighton band"
"rushmoregolfclub.co.uk","to the  screen  ","by"," the same team"
"theobamber.co.uk","; and a  visit  ","by"," the Carl Rosa"
"theobamber.co.uk","were  visits  ","by"," Gielgud,"
"theobamber.co.uk","of the  theatre  ","by"," Blackpool"
"theobamber.co.uk","  visit  ","by"," the D''Oyly"
"theobamber.co.uk","  concerts  ","by"," The Hallé"
"theobamber.co.uk","a  photograph  ","by"," W & D Downey"
"direct.bl.uk","a  challenge  ","by"," the Campaign."
"direct.bl.uk","  consultation  ","by"," the Lord"
"direct.bl.uk","  accounts  ","by"," people who"
"propertypro.co.uk","and  history  ","by"," The Kevala"
"royalpioneercorps.co.uk","  immigration  ","by"," providing"
"royalpioneercorps.co.uk","  presentation  ","by"," Mr Ruud"
"royalpioneercorps.co.uk","  migrants  ","by"," processing"
"forums.jolt.co.uk","in the  play  ","by"," Noël Coward."
"forums.jolt.co.uk","  competition  ","by"," the talkies. """
"thamesweb.co.uk","of  expertise  ","by"," attending"
"thamesweb.co.uk","  attendance  ","by"," clients/"
"thamesweb.co.uk"," ","by"," treatment"
"thamesweb.co.uk","use of  cocaine  ","by"," methadone"
"thamesweb.co.uk","  programme  ","by"," service (for"
"politicalcartoon.co.uk","to maize  war  ","by"," announcing"
"politicalcartoon.co.uk"," ","by"," its own"
"starfishproject.freeserve.co.uk","1993  edition  ","by"," Dennis Fearns"
"starfishproject.freeserve.co.uk","colour  advice  ","by"," Colin Wilkie,"
"ioewebserver.ioe.ac.uk","century  texts  ","by"," Athelstane"
"sais.gov.uk","- a  review  ","by"," Caleb"
"sais.gov.uk","- a  review  ","by"," Simeon Shoul."
"sais.gov.uk","- a  review  ","by"," Adam Roberts."
"sais.gov.uk","- a  review  ","by"," Stuart Carter"
"sais.gov.uk","- a  review  ","by"," John D Owen."
"sais.gov.uk","- a  review  ","by"," John Grant."
"sais.gov.uk","- a  review  ","by"," Richard"
"sais.gov.uk","- a  review  ","by"," Keith Brooke."
"sais.gov.uk","- a  review  ","by"," Gary Couzens."
"sais.gov.uk","- a  review  ","by"," Stuart Carter"
"sais.gov.uk","- a  review  ","by"," John Grant."
"sais.gov.uk","- a  review  ","by"," John Grant."
"sais.gov.uk","- a  review  ","by"," Elizabeth"
"sais.gov.uk","- a  review  ","by"," John Grant."
"sais.gov.uk","the  episode  ","by"," JRR Tolkien"
"sais.gov.uk","double  review  ","by"," Simeon Shoul;"
"sais.gov.uk","Ship - a  review  ","by"," Nicholas"
"sais.gov.uk","- a  review  ","by"," Christopher"
"sais.gov.uk","- a  review  ","by"," John Grant."
"sais.gov.uk","- a  review  ","by"," Chris Butler."
"sais.gov.uk","- a  review  ","by"," Marianne"
"sais.gov.uk","- a  review  ","by"," Eric Brown."
"sais.gov.uk","- a  review  ","by"," Stuart Carter"
"sais.gov.uk","- a  review  ","by"," Stuart Jaffe."
"sais.gov.uk","- a  review  ","by"," Jason Gould."
"sais.gov.uk","Hold - a  review  ","by"," Sue Lange."
"sais.gov.uk","double  review  ","by"," John Toon."
"sais.gov.uk","- a  review  ","by"," Lou Anders."
"sais.gov.uk","- a  review  ","by"," Mario"
"sais.gov.uk","- a  review  ","by"," Chris Butler."
"sais.gov.uk",") - a  review  ","by"," John Grant. ["
"sais.gov.uk","Gold - a  review  ","by"," Randy M"
"sais.gov.uk","- a  review  ","by"," Elizabeth"
"sais.gov.uk","- a  review  ","by"," John Grant."
"sais.gov.uk","- a  review  ","by"," Joan"
"sais.gov.uk","- a  review  ","by"," Stuart Carter"
"sais.gov.uk","- a  feature  ","by"," Peter D"
"sais.gov.uk","- a  profile  ","by"," Nick Gevers."
"sais.gov.uk","Lamp - a  review  ","by"," Eric Brown."
"sais.gov.uk","Call - a  review  ","by"," Eric Brown."
"sais.gov.uk","- a  review  ","by"," Pamela D"
"sais.gov.uk","- a  review  ","by"," Keith Brooke."
"sais.gov.uk","- a  review  ","by"," Stuart Carter"
"sais.gov.uk","- a  review  ","by"," Keith Brooke."
"sais.gov.uk","- a  review  ","by"," Keith Brooke."
"sais.gov.uk","- a  review  ","by"," John Toon."
"sais.gov.uk","- a  review  ","by"," Stuart Carter"
"sais.gov.uk","- a  review  ","by"," Keith Brooke."
"sais.gov.uk","- a  review  ","by"," Nick Gevers."
"sais.gov.uk","- a  review  ","by"," Elizabeth"
"sais.gov.uk","Sky - a  review  ","by"," Nick Gevers."
"sais.gov.uk","- a  review  ","by"," Stuart Carter"
"sais.gov.uk","Die - a  review  ","by"," Nick Gifford."
"sais.gov.uk","- a  review  ","by"," Thomas Staab."
"sais.gov.uk","39 - a  review  ","by"," John Toon. Jo"
"sais.gov.uk","- a  review  ","by"," Randy M"
"sais.gov.uk","- a  review  ","by"," Andrew Hook."
"sais.gov.uk","- a  review  ","by"," Elizabeth"
"sais.gov.uk","King - a  review  ","by"," John Toon."
"sais.gov.uk","Kit - a  review  ","by"," Keith Brooke."
"sais.gov.uk","- a  review  ","by"," John Toon."
"sais.gov.uk","- a  review  ","by"," Stuart Carter"
"sais.gov.uk","first  series  ","by"," Keith Brooke"
"sais.gov.uk","second  series  ","by"," Keith Brooke."
"sais.gov.uk","- a  review  ","by"," Simeon Shoul."
"sais.gov.uk","- a  review  ","by"," Simeon Shoul."
"sais.gov.uk","- a  review  ","by"," Elizabeth"
"sais.gov.uk","- a  review  ","by"," John Grant."
"sais.gov.uk","  review  ","by"," Randy M"
"sais.gov.uk","Game - a  review  ","by"," Stuart Jaffe."
"sais.gov.uk","- a  review  ","by"," Alan David"
"sais.gov.uk","Man - a  review  ","by"," Josh Lacey."
"sais.gov.uk","Town - a  review  ","by"," William P"
"sais.gov.uk","- a  review  ","by"," Nick Gifford."
"sais.gov.uk","- a  review  ","by"," Noel K Hannan."
"sais.gov.uk","One - a  review  ","by"," Randy M"
"sais.gov.uk","  review  ","by"," Randy M"
"sais.gov.uk","1 - a  review  ","by"," Gary Couzens."
"sais.gov.uk","- a  review  ","by"," Meredith."
"sais.gov.uk","Game - a  review  ","by"," Gary Couzens."
"sais.gov.uk","- a  review  ","by"," Nick Gevers."
"sais.gov.uk","- a  review  ","by"," John Grant."
"sais.gov.uk","- a  review  ","by"," Chris Butler."
"sais.gov.uk","- a  review  ","by"," Jon Courtenay"
"sais.gov.uk","Fire - a  review  ","by"," Jon Courtenay"
"sais.gov.uk","- a  review  ","by"," Simeon Shoul."
"sais.gov.uk","Fall - a  review  ","by"," Simeon Shoul."
"sais.gov.uk","Fall - a  review  ","by"," Simeon Shoul."
"sais.gov.uk","- a  review  ","by"," Marianne"
"sais.gov.uk","- a  review  ","by"," Keith Brooke."
"sais.gov.uk","- a  review  ","by"," John Grant."
"sais.gov.uk","- a  review  ","by"," Keith Brooke."
"sais.gov.uk","Ones - a  review  ","by"," Sue Lange."
"sais.gov.uk","- a  review  ","by"," John Grant."
"sais.gov.uk","- a  review  ","by"," John Grant."
"sais.gov.uk","- a  review  ","by"," Claude"
"sais.gov.uk","- a  review  ","by"," John Toon."
"sais.gov.uk","- a  review  ","by"," Stephen"
"sais.gov.uk","Bios - a  review  ","by"," Nick Gevers."
"sais.gov.uk","- a  review  ","by"," Nick Gevers."
"sais.gov.uk","- a  review  ","by"," Keith Brooke."
"sais.gov.uk","- a  review  ","by"," John Grant."
"sais.gov.uk","- an  interview  ","by"," Ros Freese."
"sais.gov.uk","- a  review  ","by"," Nick Gevers."
"sais.gov.uk","second  review  ","by"," Peter D"
"sais.gov.uk","- a  review  ","by"," Philip Raines"
"sais.gov.uk","Claw - a  review  ","by"," Nick Gevers."
"sais.gov.uk","Gone - a  review  ","by"," John Grant."
"sais.gov.uk","- a  review  ","by"," Nick Gifford."
"sais.gov.uk","- a  review  ","by"," Stephen"
"sais.gov.uk","Path - a  review  ","by"," Caleb"
"sais.gov.uk","double  review  ","by"," Nick Gifford."
"sais.gov.uk","- a  review  ","by"," Nick Gifford."
"sais.gov.uk","- a  review  ","by"," John D Owen."
"sais.gov.uk","  Regeneration  ","by"," Everett Owens"
"sais.gov.uk","- a  review  ","by"," John D Owen. ["
"sais.gov.uk","Gift - a  review  ","by"," Peter D"
"sais.gov.uk","Gift - a  review  ","by"," Elizabeth"
"sais.gov.uk","- a  review  ","by"," Richard"
"sais.gov.uk","- a  review  ","by"," Alan M Rogers."
"sais.gov.uk","- a  review  ","by"," Stuart Jaffe."
"sais.gov.uk","War - a  review  ","by"," Peter D"
"sais.gov.uk","Time - a  review  ","by"," John Grant."
"sais.gov.uk","- a  review  ","by"," Simeon Shoul."
"sais.gov.uk","- a  review  ","by"," Mark Spencer."
"sais.gov.uk","- a  review  ","by"," Stuart Carter"
"sais.gov.uk","- a  review  ","by"," Chris Butler."
"sais.gov.uk","End - a  review  ","by"," John Toon."
"medical-solutions.co.uk","common  effect  ","by"," taking a"
"medical-solutions.co.uk","this  process  ","by"," producing two"
"tclayton.demon.co.uk","new  factory  ","by"," importing"
"tpr.co.uk","print A4  sizes  ","by"," the way,"
"skyscript.co.uk","  followed-up  ","by"," post with"
"skyscript.co.uk","was  variation  ","by"," type of"
"propertypro.co.uk","  dictionary  ","by"," author as well"
"propertypro.co.uk","training  text  ","by"," many Fortune"
"propertypro.co.uk","in  meetings  ","by"," 20 to 90"
"propertypro.co.uk"," ","by"," following the"
"ids.ac.uk","a  visit  ","by"," a 45-strong"
"ids.ac.uk","opened  today  ","by"," the Mayor of"
"ids.ac.uk","  applications  ","by"," 31 July 2006."
"musictech.org.uk","for  funding  ","by"," the SOAS-UCL"
"musictech.org.uk","  form  ","by"," 17 March."
"musictech.org.uk","  lecture  ","by"," Lubomír"
"musictech.org.uk","  plaque  ","by"," the Hungarian"
"musictech.org.uk",".  Photograph  ","by"," Clare Thomas"
"musictech.org.uk",". [  Tribute  ","by"," Marta Jenkala"
"musictech.org.uk","  lecture  ","by"," László Péter,"
"gleeson0.demon.co.uk","them  round  ","by"," the row upon"
"gleeson0.demon.co.uk","hurried  round  ","by"," the rear, the"
"gleeson0.demon.co.uk","century  texts  ","by"," Athelstane"
"clandonald.org.uk","cited in  paper  ","by"," the Campaign"
"clandonald.org.uk"," ","by"," the Ombudsman"
"clandonald.org.uk","to  government  ","by"," an outside"
"clandonald.org.uk","of  services  ","by"," privatised"
"clandonald.org.uk","  action  ","by"," government."
"westyorkshire.police.uk","for the  cause  ","by"," taking carte"
"digidots.co.uk","in  pieces  ","by"," barge up Loch"
"taots.co.uk","cell  biology  ","by"," functional"
"ilook.fsnet.co.uk","  assessment  ","by"," the"
"ilook.fsnet.co.uk","the web  site  ","by"," July 2002. The"
"ilook.fsnet.co.uk","on  audio  ","by"," October 2002."
"ilook.fsnet.co.uk","staff in  post  ","by"," ethnic origin"
"ilook.fsnet.co.uk","ethnic  origin  ","by"," city ward. the"
"ilook.fsnet.co.uk","of  applicants  ","by"," ward"
"wellingboroughtownfc.co.uk","  advantage  ","by"," bumping."
"badgirls.co.uk","  applications  ","by"," combining"
"badgirls.co.uk","  objects  ","by"," creating a 3D"
"badgirls.co.uk","velocity  data  ","by"," drawing"
"codexbooks.co.uk","SAVE the  file  ","by"," pressing the"
"codexbooks.co.uk","Type... ''  box  ","by"," scrolling on"
"codexbooks.co.uk",", and buy  paper  ","by"," the ream (500"
"dcs.ed.ac.uk","the  mosaics  ","by"," applying"
"dcs.ed.ac.uk","of the  noise  ","by"," subtracting"
"galensgarden.co.uk","  activities  ","by"," the Poetry"
"galensgarden.co.uk","month 480  px  ","by"," 60px; Maximum"
"galensgarden.co.uk","month  120px  ","by"," 60px; maximum"
"eagle19.freeserve.co.uk","for the  supply  ","by"," the plaintiff"
"eagle19.freeserve.co.uk","two  dredgers  ","by"," the plaintiff"
"slickrock.co.uk","a  suspension  ","by"," chance only"
"libertas.demon.co.uk","List  run  ","by"," the Campaign"
"libertas.demon.co.uk","moving,  step  ","by"," step, to"
"libertas.demon.co.uk","future  attack  ","by"," the U. S."
"battleoffulford.org.uk","a final  vote  ","by"," refusing to"
"battleoffulford.org.uk","a neo-con  hero  ","by"," firing the"
"battleoffulford.org.uk","  Republicans  ","by"," 56 to 44. But he"
"battleoffulford.org.uk","  filibuster  ","by"," the"
"battleoffulford.org.uk","its  children  ","by"," forcing them"
"battleoffulford.org.uk","  disruption  ","by"," gun-toting"
"battleoffulford.org.uk","its  owners  ","by"," the"
"battleoffulford.org.uk","  programmes  ","by"," a vote of five"
"battleoffulford.org.uk"," ","by"," the same"
"battleoffulford.org.uk","his  freedom  ","by"," means of a writ"
"battleoffulford.org.uk","of  innocence  ","by"," declaring him"
"battleoffulford.org.uk","  revolution  ","by"," making a"
"battleoffulford.org.uk","  replacement  ","by"," Bork II won''t"
"welhat.gov.uk","  organisation  ","by"," inviting the"
"sais.gov.uk","like a  tunnel  ","by"," the cypress"
"geologywales.co.uk","  endorsement  ","by"," us. Below them"
"tpr.co.uk","the  mosaics  ","by"," applying"
"golflinks.co.uk","of 50  guineas-  ","by"," Thomas"
"germantutor.co.uk","index  ability  ","by"," search engine"
"germantutor.co.uk","search  engine  ","by"," an internet"
"rpca.co.uk","and  sentences  ","by"," heart. He had a"
"ccpr.org.uk","  biodiversity  ","by"," drawing on"
"ccpr.org.uk","the  world  ","by"," funding"
"gbstamps.co.uk","and the  market  ","by"," the 1960 ''s had"
"gbstamps.co.uk","  wish  ","by"," the public at"
"zem.demon.co.uk","Gnome  desktop  ","by"," default,"
"boostlpg.co.uk","  survival  ","by"," being"
"boostlpg.co.uk","your  position  ","by"," educating"
"boostlpg.co.uk","ignorant  self  ","by"," reading the"
"earthscan.co.uk","shopping  mall  ","by"," zombies. Plot"
"farncombeboats.co.uk","  Directorate  ","by"," 17.00 on"
"qcanet.co.uk","  services  ","by"," text message."
"qcanet.co.uk","world  record  ","by"," becoming the"
"qcanet.co.uk","  retailers  ","by"," a disabled"
"goldsmiths.ac.uk","the  way  ","by"," 2010. The"
"goldsmiths.ac.uk","the  way  ","by"," 2010. The BCA"
"turkeyrealestate.co.uk","  change  ","by"," throwing"
"silverprint.co.uk","is the  process  ","by"," which similar"
"oudancesport.co.uk","in  advance  ","by"," email 4. A more"
"jwnash.co.uk","of that  name  ","by"," W. A. Strange."
"jwnash.co.uk","  tradition  ","by"," the addition"
"jwnash.co.uk","at 8.5  %  ","by"," comparing the"
"jwnash.co.uk","in that  text  ","by"," an asterisk ("
"jwnash.co.uk","[  trans  ","by"," J. P. Ward from"
"clientsuccess.org.uk","for  desertion  ","by"," a firing squad"
"clientsuccess.org.uk"," ","by"," the prisoner."
"reflexologywithdawn.co.uk","  enthusiasm  ","by",""
"reflexologywithdawn.co.uk","  rates  ","by"," graduates in"
"reflexologywithdawn.co.uk","  fund-raising  ","by"," DUCK (Durham"
"readgroup.biology.ed.ac.uk","demand for  use  ","by"," the"
"mbdevelopments.co.uk","with  delight  ","by"," all. There was"
"mbdevelopments.co.uk","waiting  list  ","by"," writing to"
"mbdevelopments.co.uk","  reviews  ","by"," Iain Ban, an"
"mbdevelopments.co.uk","on  magic  ","by"," Andrew"
"mbdevelopments.co.uk","fine  artwork  ","by"," Rotsler and"
"mbdevelopments.co.uk","through  sf  ","by"," Dr. Beifuss,"
"mbdevelopments.co.uk","sf & the  radio  ","by"," Meade"
"mbdevelopments.co.uk","  articles  ","by"," Tom Collins,"
"mbdevelopments.co.uk",", this is a  day  ","by"," day account of"
"mbdevelopments.co.uk","digital  form  ","by"," Sandra Bond,"
"org.suw.org.uk",". Cure the  tank  ","by"," wetting for 7?"
"www-tus.csx.cam.ac.uk","  service  ","by"," December"
"see.ed.ac.uk","your  query  ","by"," drawing the"
"see.ed.ac.uk","in  logic  ","by"," mistake."
"see.ed.ac.uk","FTF home  pages  ","by"," Sean Wallis"
"rumwoodnurseries.co.uk",") at any  moment  ","by"," any physical"
"rumwoodnurseries.co.uk","of  idealism  ","by"," appeal to a"
"rumwoodnurseries.co.uk","  information  ","by"," considering"
"rumwoodnurseries.co.uk","  destination  ","by"," a given time --"
"rumwoodnurseries.co.uk","own  reality  ","by"," direct"
"rumwoodnurseries.co.uk","  structures  ","by"," looking for"
"rumwoodnurseries.co.uk","of each  event  ","by"," its"
"rumwoodnurseries.co.uk","  observations  ","by"," a"
"rumwoodnurseries.co.uk","  propensities  ","by"," supposing"
"rumwoodnurseries.co.uk","  demands  ","by"," which I have"
"rumwoodnurseries.co.uk","and  redrawn  ","by"," a succession"
"bures-online.co.uk","use of the  data  ","By"," making the"
"csm.uwe.ac.uk","of the  couple  ","by",""
"swaine.me.uk","  edition  ","by"," Jerry"
"swaine.me.uk","  Collection  ","by"," Jerry"
"swaine.me.uk","other  works  ","by"," Richard"
"swaine.me.uk","-  music  ","by"," John Williams"
"swaine.me.uk","  movie  ","by"," Burton and"
"swaine.me.uk","  versatility  ","by"," moving us with"
"swaine.me.uk",""" - the  musical  ","by"," Mel Brooks: """
"tonearm.co.uk","  guide  ","by"," the same name"
"scottishsweets.co.uk","2002  Modified  ","by"," l."
"scottishsweets.co.uk"," ","by"," UCISA members"
"rifi.soton.ac.uk","our  archive  ","by"," contributor,"
"gorleston-on-sea.co.uk","action  plans  ","by"," mid-2006. The"
"musicfor2.co.uk","  article  ","by"," the missus."
"musicfor2.co.uk","of  passers  ","by",") to the"
"morrisminoroc.co.uk","to save  time  ","by"," inserting"
"www1.oup.co.uk",", deny  access  ","by"," the public to"
"silverprint.co.uk","  capacity  ","by"," co-operating"
"silverprint.co.uk","WTO  challenge  ","by"," another WTO"
"silverprint.co.uk","  investment  ","by"," requiring"
"silverprint.co.uk","these  rules  ","by"," placing"
"silverprint.co.uk","  sector  ","by"," stating that:"
"silverprint.co.uk","to  water  ","by"," restricting"
"silverprint.co.uk","  note  ","by"," the"
"silverprint.co.uk","  note  ","by"," the"
"silverprint.co.uk","p.74  Prepared  ","by"," The World"
"tonearm.co.uk","all  close  ","by"," and the"
"tonearm.co.uk","week.  Pets  ","by"," arrangement."
"tonearm.co.uk","in one  cottage  ","by"," arrangement."
"themostannoyingsiteintheworld.co.uk","  tools  ","by",""
"weddingdesignbyapril.co.uk","  giveaway  ","By"," Ashlee Vance"
"easterneyeuk.co.uk","of the  troops  ","by"," commanders"
"easterneyeuk.co.uk","for  bravery  ","by"," the King, the"
"dreamconstructionjobs.co.uk","of Its  Power  ","By"," Kathleen and"
"dreamconstructionjobs.co.uk","  involvement  ","by"," Israel, any"
"dreamconstructionjobs.co.uk","  interests  ","by"," using, and"
"dreamconstructionjobs.co.uk","  interests  ","by"," providing a"
"dreamconstructionjobs.co.uk","the  alliance  ","by",""
"dreamconstructionjobs.co.uk","  policymakers  ","by"," providing"
"dreamconstructionjobs.co.uk","  correctness  ","by"," speaking out"
"dreamconstructionjobs.co.uk","  effort  ","by"," AIPAC, the"
"dreamconstructionjobs.co.uk","of the  world  ","by",", for instance"
"orcadian.co.uk","  articles  ","by"," bringing them"
"orcadian.co.uk","  caricatures  ","by"," the hundred,"
"orcadian.co.uk",", and  prints  ","by"," the thousand."
"scottishtorymeps.org.uk","marine  fish  ","by"," their three"
"scottishtorymeps.org.uk","legions of  cod  ","by"," the larger"
"mbdevelopments.co.uk","  book  ","by"," Scott"
"atob.org.uk","digital  form  ","by"," Peter"
"hewett.norfolk.sch.uk","the  lawyers  ","by",". However,"
"hewett.norfolk.sch.uk","or  students  ","by"," treating them"
"hewett.norfolk.sch.uk","  regulation  ","by"," the Law"
"hewett.norfolk.sch.uk","for  actions  ","by"," their"
"gorleston-on-sea.co.uk","from a  reel  ","by"," putting the"
"gorleston-on-sea.co.uk","  drill  ","by"," means of a"
"englishmonarchs.co.uk","  merger  ","by"," August 2004."
"mbdevelopments.co.uk","on a  rock  ","by"," the roadside"
"mbdevelopments.co.uk","of this  bird  ","by"," both Roland"
"mbdevelopments.co.uk","the  storm  ","by"," the dozen to"
"appiedaizepm.co.uk"," ","by"," their in house"
"appiedaizepm.co.uk"," ","by"," their in house"
"kneeling.co.uk",". A young  actor  ","by"," the name of"
"kneeling.co.uk","an  invasion  ","by"," German"
"kneeling.co.uk","  tradition  ","by"," introducing"
"kneeling.co.uk","dog  standing  ","by"," the billboard"
"kneeling.co.uk","that  year  ","by"," television"
"warpoetry.co.uk","to his  grave  ","by"," fans,"
"voiceoftheslug.org.uk",",  eg  ","by"," making use"
"qaa.ac.uk","the  bill  ","by"," 95 votes to 76."
"southernwater.co.uk","  DNA  ","by"," horizontal"
"chrishardy.co.uk","  environment  ","by"," virtue inter"
"chrishardy.co.uk","  approval  ","by"," the local"
"chrishardy.co.uk","  matter  ","by"," the decision"
"chrishardy.co.uk","  environment  ","by"," virtue of"
"chrishardy.co.uk","  environment  ","by"," virtue inter"
"chrishardy.co.uk"," ","by"," the competent"
"chrishardy.co.uk","  environment  ","by"," virtue inter"
"chrishardy.co.uk","  environment  ","by"," virtue inter"
"chrishardy.co.uk","  environment  ","by"," virtue inter"
"alba.org.uk","  materials  ","by"," skilled"
"alba.org.uk","of the  ways  ","by"," which this"
"alba.org.uk","of a  magazine  ","by"," a crew member"
"alba.org.uk","to  people  ","by"," dogs more than"
"alba.org.uk","in the  world  ","by"," the 1980s. To"
"alba.org.uk",". Sumi-e  art  ","by"," Katsumi"
"alba.org.uk","film  posters  ","by"," the Stenberg"
"alba.org.uk","a world  record  ","by"," doing"
"st-andrews.ac.uk","> >  Payment  ","by"," results and"
"masud.co.uk","of  motion  ","by"," showing lots"
"masud.co.uk","  sounds  ","by"," taking lots of"
"masud.co.uk","laid out  side  ","by"," side here,"
"masud.co.uk","frames  side  ","by"," side. When the"
"masud.co.uk","this  problem  ","by"," refreshing"
"masud.co.uk","not just  PCs  ","by"," the way. ) I ''m"
"wessexscene.co.uk","Send a  letter  ","by"," email, fax or"
"birdtours.co.uk","  disability  ","by"," postal"
"birdtours.co.uk","  frequency  ","by"," 50 %, and"
"birdtours.co.uk","  benefit  ","by"," patient, but"
"birdtours.co.uk","  nystagmus  ","by"," smoking"
"birdtours.co.uk","  nystagmus  ","by"," smoking"
"birdtours.co.uk","  nystagmus  ","by"," smoking"
"lists.aldigital.co.uk","the  trend  ","by"," launching"
"avianbiotech.co.uk","Garage  scene  ","by"," DJ $ki"
"classicmarine.co.uk","of the  means  ","by"," which the"
"classicmarine.co.uk","into  account  ","by"," policy makers"
"classicmarine.co.uk","  criteria  ","by"," Defra and"
"racoon.dircon.co.uk","and  news  ","by"," Stephen"
"npg.org.uk","The  Goldfish  ","by"," Lila Field. At"
"npg.org.uk","''s  march-past  ","by"," Philip Hoare"
"npg.org.uk","''  films  ","by"," the British"
"npg.org.uk",". Family  games  ","by"," Judith"
"npg.org.uk","  version  ","by"," Coward ''s"
"npg.org.uk","of the  closet  ","by"," Paul Taylor in"
"npg.org.uk","  revival  ","by"," David"
"npg.org.uk","  masterpiece  ","by"," Louise Jury in"
"npg.org.uk","stage  greats  ","by"," Clare Garner"
"npg.org.uk","his  revenge  ","by"," coming top of"
"npg.org.uk","Coward the  spy  ","by"," Jon"
"npg.org.uk","end of his  life  ","by"," Sheridan"
"npg.org.uk","of his  day  ","by"," Dominic"
"npg.org.uk",""" Melody  maker  ","by"," Ian Bostridge"
"clarence.ndirect.co.uk",",  week  ","by"," week, is not"
"vavatch.co.uk","used  today  ","by"," Tony Blair is"
"dh.gov.uk","for 18  months  ","by"," the local"
"picturesofgateshead.co.uk","little  chunks  ","by"," any other"
"ninotchka.co.uk","a  generation  ","by"," putting"
"ninotchka.co.uk","  conference  ","by"," Mr Sutcliffe"
"ninotchka.co.uk","to  business  ","by"," £1 billion"
"ninotchka.co.uk","of  managers  ","by"," junior staff,"
"ecb.co.uk","century  texts  ","by"," Athelstane"
"beauty-and-the-geek.co.uk","  frustration  ","by"," providing"
"healinghandsnetwork.org.uk","FE  lecturers  ","by"," FE lecturers"
"richuish.ac.uk","Spanish  coast  ","by"," hours. When I"
"addenbrookes.org.uk","  shipyard  ","by"," Henrik"
"addenbrookes.org.uk","  questions  ","by"," examining the"
"addenbrookes.org.uk",".  Photography  ","by"," Eadweard"
"addenbrookes.org.uk",".  Products  ","by"," Robert Crumb"
"addenbrookes.org.uk",": 100  Poems  ","by"," 100 Poets. ''"
"addenbrookes.org.uk","of 100  poems  ","by"," 100 different"
"hj-weddingcakes.co.uk","For  reference  ","by"," prior"
"hj-weddingcakes.co.uk","  application  ","by"," telephone,"
"hypnos.co.uk"," ","by"," the EC"
"hypnos.co.uk","  outlets  ","by"," Central"
"hypnos.co.uk","  packaging  ","by"," coupled mass"
"environment-agency.gov.uk","century  texts  ","by"," Athelstane"
"headheritage.co.uk","from the  group  ","by"," the high"
"saladltd.co.uk","  efficiency  ","by"," making a"
"proweb.co.uk","of all  time  ","by"," the New Nation"
"psni.police.uk","  soundtrack  ","by"," Williams and"
"psni.police.uk","nick of  time  ","by"," the police!"
"psni.police.uk","Laine.  Films  ","by"," John Williams"
"psni.police.uk","  performances  ","by"," Yo-yo Ma ("
"psni.police.uk","and  themes  ","by"," John Williams"
"creativematch.co.uk","Folk  musician  ","by"," Speran &#355;"
"historyhome.co.uk","  environment  ","by"," the end of 2005"
"sciencemadesimple.co.uk","the  night  ","by"," prioritising"
"sciencemadesimple.co.uk","of  doctors  ","by"," helping them"
"sciencemadesimple.co.uk","  performance  ","by"," addressing"
"sciencemadesimple.co.uk","  articles  ","by"," experts in"
"sciencemadesimple.co.uk","to a  survey  ","by"," the Chartered"
"sciencemadesimple.co.uk","  organisation  ","by"," choice due to"
"sciencemadesimple.co.uk","  employers  ","by"," choice. [ Top ]"
"sciencemadesimple.co.uk","  solidarity  ","by"," asbestos"
"sciencemadesimple.co.uk","last  month  ","by"," Lord Phillips"
"sciencemadesimple.co.uk","an  appeal  ","by"," Six"
"sciencemadesimple.co.uk","the  economy  ","by"," continuing"
"britslash.co.uk","study  visits  ","by"," prominent"
"britslash.co.uk","  database  ","by"," year, month"
"tps.org.uk","hit on the  head  ","by"," a falling"
"tps.org.uk","her  career  ","by"," launching the"
"tps.org.uk","  score  ","by"," Jospeh"
"tps.org.uk","  appearance  ","by"," Street Porter"
"tps.org.uk","equal  turns  ","by"," Donald"
"lag.org.uk","of  approval  ","by"," the client,"
"gardenaction.co.uk","of an  attempt  ","by"," members of the"
"gardenaction.co.uk","  services  ","by"," exposing"
"gardenaction.co.uk","[ 5 ],  take-up  ","by"," the"
"gardenaction.co.uk","  resources  ","by",": (i)"
"gardenaction.co.uk","  repositories  ","by"," creating a"
"gardenaction.co.uk","three  months  ","by"," UKOLN. UKOLN"
"parentzonescotland.gov.uk"," ","by"," Rob McGavock"
"parentzonescotland.gov.uk","of  healing  ","by"," seeing what"
"parentzonescotland.gov.uk","  Intervention  ","by"," David Grove"
"parentzonescotland.gov.uk","the  trees  ","by"," the green warm"
"parentzonescotland.gov.uk","- an  interview  ","by"," Penny"
"evuk.co.uk","one day,  start  ","by"," making the"
"evuk.co.uk","and  travel  ","by"," air or"
"natural-law-party.org.uk","fined  $1.5m  ","by"," the US"
"imprint.co.uk",".  Briefing  ","by"," Anthony Pople"
"imprint.co.uk","with  papers  ","by"," around 100"
"imprint.co.uk","or  staff  ","by"," contacting"
"imprint.co.uk","  affection  ","by"," those who"
"l-w-bks.co.uk","at the  process  ","by"," which"
"l-w-bks.co.uk","  inventions  ","by"," individuals"
"l-w-bks.co.uk","to the  reader  ","by"," establishing"
"l-w-bks.co.uk","St David ''s  Day  ","by"," Welshmen"
"l-w-bks.co.uk","such a  failure  ","by"," so many, or how"
"falconbury.co.uk","held  firm  ","by"," my father ''s"
"falconbury.co.uk","living  room  ","by"," a pitying"
"falconbury.co.uk","a long  time  ","by"," the Dutch"
"falconbury.co.uk","into the  war  ","by"," some naval"
"falconbury.co.uk","of  ships  ","by"," Germany ''s"
"isi.salford.ac.uk","  campaign  ","by",""
"isi.salford.ac.uk","of  jokes  ","by"," Shawki"
"geog.cam.ac.uk","  investment  ","by"," means of"
"faith.co.uk","the most  part  ","by"," Zahm in 1902"
"faith.co.uk","  opportunity  ","by"," enabling the"
"faith.co.uk","study a  novel  ","by"," itself,"
"faith.co.uk","his  case  ","by"," pointing out:"
"faith.co.uk","put to  death  ","by"," Bolivian"
"faith.co.uk","  community  ","by"," making freely"
"faith.co.uk",".  ''Paint  ","by"," Number:"
"faith.co.uk",",  paint  ","by"," number had a"
"faith.co.uk","and  skills  ","by"," training in"
"faith.co.uk","of  books  ","by"," and about Dr."
"heartofmersey.org.uk","  photographs  ","by"," the Central"
"overclockers.co.uk","  framework  ","by"," focusing on a"
"overclockers.co.uk","as a comic  work  ","by"," Barrett ''s"
"overclockers.co.uk","faint  praise  ","by"," describing it"
"overclockers.co.uk","over  death  ","by"," pistol shot in"
"overclockers.co.uk","... ]  speeches  ","by"," Bonaparte,"
"overclockers.co.uk",", and a  speech  ","by"," the reformer"
"overclockers.co.uk","  fictions  ","by"," the concerns"
"overclockers.co.uk","  control  ","by"," Cherry/"
"overclockers.co.uk","to the  charade  ","by"," his aunt who"
"overclockers.co.uk","at  midnight  ","by"," two strange"
"racoon.dircon.co.uk"," ","by"," studying the"
"racoon.dircon.co.uk","  capability  ","by"," adding more"
"racoon.dircon.co.uk","seacoast  area  ","by"," ambient noise"
"yealm-holidays.co.uk","So this  starts  ","by"," asking the"
"virtualsociety.sbs.ox.ac.uk","the  campaign  ","by"," Carlton TV ''s """
"asiaticpheasants.co.uk","  information  ","by"," drawing on"
"asiaticpheasants.co.uk","  interaction  ","by"," the therapist"
"asiaticpheasants.co.uk","  domain  ","by"," tracing the"
"asiaticpheasants.co.uk","  experience  ","by"," the therapist"
"asiaticpheasants.co.uk","  experience  ","by"," using"
"asiaticpheasants.co.uk","to T-1  memory  ","by"," using the"
"asiaticpheasants.co.uk","  metaphor  ","by"," using the"
"asiaticpheasants.co.uk","the  space  ","by"," clearing it up"
"asiaticpheasants.co.uk","- an  interview  ","by"," Penny"
"allotment.org.uk","the  article  ","by"," P. D. Hartley"
"allotment.org.uk","covered  today  ","by"," a padlocked"
"asa-training.co.uk","  scheme  ","by"," an outfit"
"gate.ac.uk","for a  review  ","by"," entering a"
"cmf.org.uk","the  fabric  ","by"," the centre at"
"teachernet.gov.uk","and  quality  ","by"," reading what"
"teachernet.gov.uk","earns  money  ","by"," two ways: from"
"teachernet.gov.uk","to make  money  ","by"," filling in"
"chrishardy.co.uk","plan  Foreword  ","By"," Lord Irvine of"
"chrishardy.co.uk","  preparation  ","by"," the"
"chrishardy.co.uk","into  force  ","by"," commencement"
"chrishardy.co.uk","  authorities  ","by"," assisting in"
"chrishardy.co.uk"," ","by"," the Advisory"
"chrishardy.co.uk","of  functions  ","by"," Government"
"chrishardy.co.uk","  Rules  ","By"," virtue of"
"chrishardy.co.uk","in  place  ","by"," the time"
"superboss.co.uk",".  Division  ","by"," zero raises"
"superboss.co.uk","  argument  ","by"," the second."
"gamestm.co.uk","  Form  ","by"," contacting"
"rgc.co.uk","  sitcoms  ","by"," year Hi - I was"
"christianvoice.org.uk","give me a  step  ","by"," step"
"classic-literature.co.uk","  protests  ","by"," Muslims over"
"fatbirds.co.uk","out,  line  ","by"," line, the"
"fatbirds.co.uk","lesser  pieces  ","by"," Bertram"
"fatbirds.co.uk","digital  form  ","by"," Peter"
"arsf.nerc.ac.uk","at some  point  ","by"," the advice"
"arsf.nerc.ac.uk","  leadership  ","by"," the Holy"
"samuelbrittan.co.uk","a little  test  ","by"," talking to it -"
"samuelbrittan.co.uk","the LGPL.  ho  ","by"," anonymous on"
"dvla.gov.uk","  papers  ","by",""
"dvla.gov.uk","  publication  ","by"," Keith Kyle,"
"dvla.gov.uk","  essay  ","by"," Professor"
"dvla.gov.uk",",  democracy  ","by",""
"dvla.gov.uk","to  death  ","by"," unlimited"
"dvla.gov.uk","  affirmation  ","by"," both"
"dvla.gov.uk","to be  betrayal  ","by"," a Tory"
"dvla.gov.uk","out of  hand  ","by"," the"
"dvla.gov.uk","the  Assembly  ","by"," the Assembly,"
"dvla.gov.uk","  plan  ","by"," which this"
"dvla.gov.uk","its  decisions  ","by"," consensus,"
"dvla.gov.uk"," ","by"," the people of"
"dvla.gov.uk"," ","by"," the people of"
"dvla.gov.uk","the  method  ","by"," which that"
"dvla.gov.uk"," ","by"," the people of"
"dvla.gov.uk","the  outset  ","by"," the two"
"dvla.gov.uk","  acceptance  ","by"," the ''relevant"
"dvla.gov.uk","  handling  ","by"," the"
"vampiremovies.co.uk","English  army  ","by"," Mary, Queen of"
"www-history.mcs.st-andrews.ac.uk","the  world  ","by"," telegraph and"
"www-history.mcs.st-andrews.ac.uk","''s  gear  ","by"," his widow,"
"www-history.mcs.st-andrews.ac.uk","was  rule  ","by"," a strict class"
"www-history.mcs.st-andrews.ac.uk","true. A  piece  ","by"," Pierre et"
"www-history.mcs.st-andrews.ac.uk","and  survival  ","by"," themselves."
"untoldlondon.org.uk","  sentiment  ","by"," connecting"
"untoldlondon.org.uk","  theories  ","by"," yoking"
"untoldlondon.org.uk","  depopulation  ","by"," chastising"
"untoldlondon.org.uk","the  system  ","by"," opposing it),"
"untoldlondon.org.uk","and  fame  ","by"," study or by"
"untoldlondon.org.uk","of  land  ","by"," money"
"untoldlondon.org.uk","  perceptions  ","by"," means of a"
"untoldlondon.org.uk","the  reader  ","by"," deploying the"
"untoldlondon.org.uk","is driven  home  ","by"," Cobbett"
"untoldlondon.org.uk","  perspective  ","by"," both creating"
"untoldlondon.org.uk","and  protest  ","by"," a"
"untoldlondon.org.uk","''  society  ","by","? rational ''"
"neildiamondtribute.co.uk","  structures  ","by"," which"
"thepixelfarm.co.uk","in the  tank  ","by"," being located"
"prs-ltsn.leeds.ac.uk","for the  market  ","by"," chemical"
"chippendale.co.uk","ur post  count  ","by"," submitting a"
"ukcle.ac.uk","  visit  ","by"," Mr. V R Gordon"
"ukcle.ac.uk","  networks  ","by"," identifying"
"ukcle.ac.uk","the  Registry  ","by"," station code,"
"ukcle.ac.uk"," ","by"," means of"
"warwithoutend.co.uk","back of my  mind  ","by"," an even more"
"cimhscaretrust.nhs.uk","in  Mind  ","by"," James Lawley"
"cimhscaretrust.nhs.uk","  workshop  ","by"," David, which"
"cimhscaretrust.nhs.uk","in  Mind  ","by"," James Lawley"
"i-sis.org.uk","let you  park  ","by"," the ferry slip"
"tate.org.uk","of my  stamps  ","by"," mail order."
"chester.ac.uk","  completion  ","by"," promoters ("
"chester.ac.uk","  completion  ","by"," users of"
"chester.ac.uk","  number  ","by"," scheme user ("
"microsharp.co.uk",":  ARREST  ","BY"," MORTGAGEE:"
"crewecvs.org.uk",": the  route  ","by"," which all"
"crewecvs.org.uk","1920s and  ''30s  ","by"," the great"
"crewecvs.org.uk","in the  1930s  ","by"," the Hungarian"
"shadowsonthewall.co.uk","off (e.  g.  ","by"," closing your"
"ofsted.gov.uk","  hypothesis  ","by"," giving the"
"ofsted.gov.uk","then,  work  ","by"," Henzi and"
"ofsted.gov.uk","the  possessor  ","by"," the"
"ofsted.gov.uk","of  avoidance  ","by"," the"
"ofsted.gov.uk","  subordinates  ","by"," dominants"
"ofsted.gov.uk"," ","by"," benefiting"
"ofsted.gov.uk","to  infants  ","by"," authors such"
"ofsted.gov.uk","  intentions  ","by"," allogrooming"
"ofsted.gov.uk","of  work  ","by"," Henzi and"
"ofsted.gov.uk","social  effort  ","by"," female"
"johnbuchansociety.co.uk","  pursuit  ","by"," rival"
"johnbuchansociety.co.uk","  television  ","by"," John Elliot."
"johnbuchansociety.co.uk","  story  ","by"," Fred Hoyle,"
"bioweb2.bio.uea.ac.uk","  guide  ","by"," ed7965 with"
"americansc.org.uk","living  memory  ","by"," the devout. Mr"
"americansc.org.uk","drain or  pipe  ","by"," which it"
"americansc.org.uk","the  water  ","by"," washing"
"americansc.org.uk","the  field  ","by"," the well"
"americansc.org.uk","into  disuse  ","by"," 1471."
"americansc.org.uk","fresh  flowers  ","by"," the statue and"
"eng.bham.ac.uk","and the  second  ","by"," Larry Harlow,"
"swiftmedical.co.uk","the  multiplex  ","by"," backing the"
"docrafts.co.uk","-  paper  ","by"," Lord Falconer"
"saferhealthcare.org.uk","  progression  ","by"," level, as they"
"travel.timesonline.co.uk","reading  world  ","by"," many poets"
"travel.timesonline.co.uk","art and  life  ","by"," being"
"manacad.co.uk","of the  bag  ","by"," inserting an"
"chrishardy.co.uk"," ","by"," combining"
"chrishardy.co.uk","the  response  ","by"," attaching a"
"chrishardy.co.uk","  techniques  ","by"," the user agent"
"chrishardy.co.uk","added  value  ","by"," the enhanced"
"chrishardy.co.uk"," ","By"," describing"
"chrishardy.co.uk","of  services  ","by"," a user agent"
"chrishardy.co.uk","of  services  ","by"," solving the"
"chrishardy.co.uk","site ''s  icon  ","by"," placing this"
"chrishardy.co.uk","this  approach  ","by"," providing"
"chrishardy.co.uk","this  concept  ","by"," selecting"
"chrishardy.co.uk","three  months  ","by"," UKOLN. UKOLN"
"libertas.demon.co.uk","  feed  ","by"," monogastric"
"libertas.demon.co.uk","  participant  ","by"," combining 0.5"
"libertas.demon.co.uk","  participant  ","by"," combining 10"
"libertas.demon.co.uk","in the  urine  ","by"," each"
"libertas.demon.co.uk","  correlation  ","by"," using equal"
"libertas.demon.co.uk","  foodstuffs  ","by"," HPLC with"
"ilook.fsnet.co.uk","Gallery.  Art  ","by"," African"
"ilook.fsnet.co.uk",".  Art  ","by"," children. The"
"ilook.fsnet.co.uk",".  Art  ","by"," children."
"ilook.fsnet.co.uk",".  Art  ","by"," children."
"ilook.fsnet.co.uk","  production  ","by"," talented"
"marquee.demon.co.uk","  Oversold  ","by"," Scientists"
"henleyrugbyclub.org.uk","the  news  ","by"," visiting an"
"henleyrugbyclub.org.uk","  performance  ","by"," the ESF in"
"henleyrugbyclub.org.uk","and  ambitions  ","by"," progressing"
"realgap.co.uk","of the  day  ","by"," including"
"realgap.co.uk","  installation  ","by"," Vida Midgelow"
"linuxformat.co.uk",". My  travels  ","by"," bus, bike and"
"linuxformat.co.uk","18th  century  ","by"," an unknown"
"linuxformat.co.uk","stop the  flow  ","by"," placing your"
"linuxformat.co.uk","of the  water  ","by"," various"
"linuxformat.co.uk","of the  water  ","by"," a Mr West of"
"formula.co.uk","best  article  ","by"," a"
"formula.co.uk","the  year  ","by"," a budget"
"societies.ncl.ac.uk","for the  pub  ","by"," the name of the"
"societies.ncl.ac.uk",". A  photograph  ","by"," Chris"
"societies.ncl.ac.uk","as a  laundry  ","by"," a family whose"
"societies.ncl.ac.uk","  photograph  ","by"," Chris"
"societies.ncl.ac.uk"," ","by"," Ethelfleda,"
"societies.ncl.ac.uk","still in  use  ","by"," motor traffic"
"edinburgh-tattoo.co.uk","real top  form  ","by"," this series."
"david.dupplaw.me.uk","bought  books  ","by"," Nikos"
"david.dupplaw.me.uk","bought  books  ","by"," these authors"
"david.dupplaw.me.uk","similar  books  ","by"," subject:"
"david.dupplaw.me.uk","for  books  ","by"," subject:"
"lawdit.co.uk","to find a  song  ","by"," DJ SS and all"
"recordsmanagement.ed.ac.uk","of PC  World  ","by"," the end of"
"recordsmanagement.ed.ac.uk","a  parser  ","by"," hand is a big"
"nfrc.co.uk","  years  ","by"," the Council,"
"nfrc.co.uk","of the  mantle  ","by"," many"
"qaa.ac.uk",". Then add  drop  ","by"," drop up to 20"
"qaa.ac.uk","  qualities  ","by"," mixing a few"
"byzantium.ac.uk","and pipe  cases  ","by"," silk cords"
"byzantium.ac.uk","tutor wins  car  ","by"," living among"
"byzantium.ac.uk","  panels  ","by"," forty-two"
"byzantium.ac.uk",".  Paintings  ","by"," Japanese"
"byzantium.ac.uk","  cursor  ","by"," thought alone"
"spl.org.uk","pay your  rent  ","by"," direct debit"
"spl.org.uk","debit  mandate  ","by"," e-mailing"
"hull.ac.uk","  quote  ","by"," return."
"hull.ac.uk",". In  enquiring  ","by"," email about"
"hull.ac.uk","at any  time  ","by"," replying to a"
"hull.ac.uk","this news  list  ","by"," following the"
"homepages.inf.ed.ac.uk","area as if  shot  ","by"," some distant"
"mikefloate.clara.co.uk","in the  eye  ","by"," staring"
"money.guardian.co.uk","to  traffic  ","by"," rising"
"money.guardian.co.uk","get to the  MRRC  ","by"," bus from the"
"money.guardian.co.uk","-  travel  ","by"," rail, air,"
"lists.aldigital.co.uk","  exhibitions  ","by",""
"techscribe.co.uk","The  process  ","by"," which WTO"
"techscribe.co.uk","  agriculture  ","by"," the EU and US."
"techscribe.co.uk","or  service  ","by"," purchasing it"
"webjcli.ncl.ac.uk","  instruction  ","by",""
"webjcli.ncl.ac.uk","and  appraisal  ","by"," brokerage"
"thepixelfarm.co.uk","  article  ","by"," Colin Grant)"
"qmul.ac.uk","of the  problem  ","by"," 1, so the"
"film.guardian.co.uk","this  fight  ","by"," Respect."
"henniker.org.uk","  bedroom  ","by"," the previous"
"henniker.org.uk","paint  machine  ","by"," mistake. Now"
"macrobiotics.co.uk","  oesophagus  ","by"," some"
"macrobiotics.co.uk",", rising to 19  %  ","by"," 1987 [ 12 ]; it"
"macrobiotics.co.uk","  sphincter  ","by"," drawing up"
"macrobiotics.co.uk","600  mg  ","by"," Lundell and"
"lii.warwick.ac.uk","the  gain  ","by"," the square"
"suffolkchurches.co.uk","keep  vigil  ","by"," wells in the"
"gfdl.marxists.org.uk","  illness  ","by"," 20 % help"
"gfdl.marxists.org.uk","''s  trust  ","by"," what we do and"
"gfdl.marxists.org.uk","of  life  ","by"," reducing"
"mikedolbear.co.uk"," ","by"," comparison,"
"mikedolbear.co.uk","  lighting  ","by"," Doom as a trick"
"moog.co.uk","  morning  ","by"," the"
"christis.org.uk","of  reference  ","by"," introducing"
"eprints.gla.ac.uk","is led  today  ","by"," Gordon"
"clieuk.co.uk","lovely  picnic  ","by"," the shore,"
"offthekerb.co.uk","based on  work  ","by"," Drummond et al"
"theregister.co.uk","into  globes  ","by"," globe makers"
"caj.org.uk","Lim Tao:  step  ","by"," step"
"cpgb.org.uk","  reading  ","by"," a generation"
"cpgb.org.uk","  journalists  ","by"," informing"
"durham21.co.uk","  tests  ","by"," industry and"
"durham21.co.uk","of tin in  food  ","by"," the method"
"durham21.co.uk","this  problem  ","by"," JFSSG, the"
"treehuggermums.co.uk","their  prize  ","by"," email within 5"
"henniker.org.uk","to save  money  ","by"," adopting"
"henniker.org.uk","green  energy  ","by"," NPower An"
"racoon.dircon.co.uk","march,  side  ","by"," side in"
"racoon.dircon.co.uk","  Cenotaph  ","by"," veterans"
"racoon.dircon.co.uk","  objectives  ","by"," continuing"
"racoon.dircon.co.uk","  suffering  ","by"," the so-called"
"racoon.dircon.co.uk","  Betrayal  ","by"," Allen Clark"
"racoon.dircon.co.uk","in that  battle  ","by"," 2nd"
"racoon.dircon.co.uk","of  youth  ","by"," age as of one"
"racoon.dircon.co.uk","as of one  class  ","by"," another. The"
"racoon.dircon.co.uk","march  side  ","by"," side in"
"racoon.dircon.co.uk","their  coffins  ","by"," the"
"racoon.dircon.co.uk","some  food  ","by"," Haig when they"
"careers.ed.ac.uk","being  hoist  ","by"," one ''s own"
"caj.org.uk","  initiative  ","by"," providing"
"caj.org.uk","three  months  ","by"," UKOLN. UKOLN"
"renux.dmed.ed.ac.uk","pet  ownership  ","by"," offering"
"renux.dmed.ed.ac.uk","  collection  ","by"," their owners"
"nms.ac.uk","a new  work  ","by"," James Lawley"
"nms.ac.uk","  things  ","by"," that very"
"nms.ac.uk","the NLP  model  ","by"," enriching it,"
"nms.ac.uk","  excellence  ","by"," listening to"
"garysdetecting.co.uk","our  headlines  ","by"," the World Cup -"
"hyp.ac.uk","your  message  ","by"," clicking on a"
"hfstephens-museum.org.uk",") of  nostalgia  ","by"," the Romantic"
"hfstephens-museum.org.uk","  alignments  ","by"," suggesting a"
"hfstephens-museum.org.uk","  novels  ","by"," women writers"
"hfstephens-museum.org.uk","  context  ","by"," marking their"
"hfstephens-museum.org.uk","  subjugation  ","by"," reducing the"
"hfstephens-museum.org.uk","? native ''  land  ","by"," French"
"hfstephens-museum.org.uk","their  origins  ","by"," representing"
"hfstephens-museum.org.uk","  sensibility  ","by"," the prolific"
"hfstephens-museum.org.uk","  background  ","by"," a French"
"waterfowl.org.uk","the  number  ","by"," one or two each"
"waterfowl.org.uk","open a  gap  ","by"," running hard"
"henryjames.org.uk","the  stakes  ","by"," brilliantly"
"traveleditions.co.uk","of  paintings  ","by"," his hero"
"traveleditions.co.uk","of a  pepper  ","by"," Edward Weston"
"eenet.org.uk","rule  bill  ","by"," Tony Wright MP"
"woodlandsfarm.co.uk","the  disease  ","by"," 2010 but it is"
"racoon.dircon.co.uk","the east  side  ","by"," the A84 trunk"
"racoon.dircon.co.uk","and on the  west  ","by"," the Callander"
"racoon.dircon.co.uk","into the  rock  ","by"," the action of"
"racoon.dircon.co.uk","English  army  ","by"," Mary, Queen of"
"racoon.dircon.co.uk","Romantic  poem  ","by"," the Scottish"
"fabian-society.org.uk","2003.  Photo  ","by"," Andrea"
"fabian-society.org.uk","of summit  move  ","by"," India, Brazil"
"fabian-society.org.uk","reached  today  ","by"," EU"
"lbp.police.uk","this  painting  ","by"," South African"
"chamberonline.co.uk","forms for  use  ","by"," teachers in"
"chamberonline.co.uk","  systems  ","by"," following"
"pda.skymarket.co.uk","this very  race  ","by"," a team"
"nln.ac.uk","to  hospital  ","by"," their ill"
"nln.ac.uk","  Consultation  ","by"," mobile"
"london-eating.co.uk","  Statement  ","by"," the Commissar"
"london-eating.co.uk","1946  Notes  ","by"," Keitel"
"london-eating.co.uk","Political  Way  ","by"," Otto"
"nationalgallery.org.uk","  freedoms  ","by"," modernising"
"nwbrown.co.uk","  yesterday  ","by"," former"
"nwbrown.co.uk","from new  plans  ","by"," Breckland"
"naworth.co.uk","the  illusions  ","by"," which humans"
"traveleditions.co.uk","  resources  ","by"," cutting"
"leedsfans.org.uk","6-2  victory  ","by"," Jie Zheng of"
"leedsfans.org.uk",") 6-2  defeat  ","by"," Spaniard"
"leedsfans.org.uk","round  berth  ","by"," determined"
"schoolzone.co.uk","a  desert  ","by"," a mastadge and"
"schoolzone.co.uk","  slaves  ","by"," now, and"
"saferworld.org.uk","  speech  ","by"," Iraqi"
"saferworld.org.uk","  contribution  ","by"," Dr Azzam"
"saferworld.org.uk","  suicide  ","by"," Muslims who"
"saferworld.org.uk","  accusations  ","by"," the US head of """
"saferworld.org.uk","the  shoulder  ","by"," the Met in the"
"saferworld.org.uk","war  crimes  ","by"," invading and"
"saferworld.org.uk","  journalists  ","by"," coalition"
"saferworld.org.uk","  recognition  ","by"," organizing"
"saferworld.org.uk","the  call  ","by"," Edinburgh"
"london.gov.uk","  immigration  ","by",""
"london.gov.uk","legal  routes  ","by"," which genuine"
"we11er.co.uk","the theme  song  ","by"," heart. ("" Davy"
"woodlandsfarm.co.uk","offers  access  ","by"," 60 subject"
"sarasotaandfloridasgulfislands.co.uk","the rat  race  ","by"," Sandy Beaunay"
"sarasotaandfloridasgulfislands.co.uk","amusing  note  ","by"," one of the"
"lucas.ucs.ed.ac.uk","  decision  ","by"," a European"
"sochealth.co.uk","  atmosphere  ","by"," green plants."
"sochealth.co.uk","member  states  ","by"," an average of 8"
"sochealth.co.uk","1990  levels  ","by"," then period"
"sochealth.co.uk","  emissions  ","by"," 20 % by 2010."
"sochealth.co.uk","by 20  %  ","by"," 2010."
"wholesaleknives.co.uk","  medicine  ","by"," certain"
"wholesaleknives.co.uk","any  debate  ","by"," making the"
"careersabroad.co.uk","  performance  ","by"," The BBC"
"careersabroad.co.uk","dance  works  ","by"," Lancashire"
"renux.dmed.ed.ac.uk","  Photographs  ","by"," Rhonda"
"renux.dmed.ed.ac.uk",".  Photography  ","by"," Rhonda"
"renux.dmed.ed.ac.uk","  photographs  ","by"," Rhonda"
"renux.dmed.ed.ac.uk",".  Photography  ","by"," Rhonda"
"renux.dmed.ed.ac.uk",".  Photography  ","by"," Rhonda"
"kahun.man.ac.uk","  process  ","by"," allowing you"
"kahun.man.ac.uk","their  culture  ","by"," allowing you"
"hhrc.rca.ac.uk","?  essay  ","by"," Steve Hindle"
"hhrc.rca.ac.uk","social  order  ","by"," social rank"
"hhrc.rca.ac.uk","1596  article  ","by"," Steve Hindle,"
"hhrc.rca.ac.uk","  essay  ","by"," Elaine Tan,"
"hhrc.rca.ac.uk","  article  ","by"," Peter Jones ("
"spotlightministries.org.uk","  exclusion  ","by"," improving the"
"spotlightministries.org.uk","  content  ","by"," using"
"spotlightministries.org.uk","  certificates  ","by"," 2007, as laid"
"spotlightministries.org.uk","  practice  ","by"," providing"
"spotlightministries.org.uk","  contexts  ","by"," using methods"
"spotlightministries.org.uk","  education  ","by"," stating that"
"spotlightministries.org.uk","of  knowledge  ","by"," using"
"spotlightministries.org.uk","  practice  ","by"," adopting new"
"spotlightministries.org.uk","  process  ","by"," increasing"
"spotlightministries.org.uk","with  pupils  ","by"," negotiating"
"spotlightministries.org.uk","  style  ","by",""
"fullspectrumhealing.co.uk","to  allocation  ","by"," clinical"
"nationalgallery.org.uk",", a new  report  ","by"," the United"
"nationalgallery.org.uk","  change  ","by"," the end of the"
"nationalgallery.org.uk","  pledge  ","by"," Janet Larsen"
"nationalgallery.org.uk","  emissions  ","by"," 20 per cent by"
"nationalgallery.org.uk","by 20 per  cent  ","by"," 2010. ... Our"
"socialistparty.org.uk","of  degrees  ","by"," research,"
"supportunit.co.uk",": the  verdict  ","By"," Skuds I don''t"
"supportunit.co.uk","bright  side  ","By"," Skuds I tried"
"supportunit.co.uk","and  gladrags  ","By"," Skuds All that"
"supportunit.co.uk"," ","By"," Skuds Hats off"
"supportunit.co.uk","Total  warfare  ","By"," Skuds That"
"supportunit.co.uk","this  article  ","by"," Kofi Annan ("
"supportunit.co.uk","  perspective  ","By"," Skuds Most"
"supportunit.co.uk","  coincidence  ","By"," Skuds So far 5"
"medacs.co.uk"," ","by"," certain"
"medacs.co.uk",", tin and  zinc  ","by"," the Central"
"medacs.co.uk","  value  ","by"," 20 per cent or"
"medacs.co.uk","  exposures  ","by"," individuals"
"medacs.co.uk","  organisms  ","by"," volunteers."
"medacs.co.uk","of  arsenic  ","by"," Canadian"
"medacs.co.uk","and  excretion  ","by"," Japanese"
"medacs.co.uk","  elements  ","by"," Canadians in"
"3trpd.co.uk","an  interface  ","by",""
"3trpd.co.uk","the  interface  ","by"," the"
"cerddystwyth.co.uk","the  problem  ","by"," working from"
"cosmetics.yves-rocher.co.uk","new  research  ","by"," Gartner Group"
"leaddiscovery.co.uk","own  success  ","by"," refusing to"
"leaddiscovery.co.uk","  book  ","by"," Jack Nilles,"
"leaddiscovery.co.uk","  leader  ","by"," managing"
"computerperformance.co.uk","  issues  ","by"," applying the"
"computerperformance.co.uk","into the  class  ","by"," the"
"computerperformance.co.uk","''s  alienation  ","by"," her peers."
"computerperformance.co.uk","  community  ","by"," careful"
"computerperformance.co.uk","to the  process  ","by"," the"
"spot-on-sundials.co.uk","was an  attempt  ","by"," government to"
"spot-on-sundials.co.uk","as  attempts  ","by"," government"
"spot-on-sundials.co.uk",". The  research  ","by"," Smith and"
"spot-on-sundials.co.uk","a  commitment  ","by"," the Council"
"spot-on-sundials.co.uk","  involvement  ","by"," nominating"
"spot-on-sundials.co.uk","to  discipline  ","by"," developing"
"spot-on-sundials.co.uk","the  programme  ","by"," the Principal"
"spot-on-sundials.co.uk","  schools  ","by"," raising"
"spot-on-sundials.co.uk","An  initiative  ","by"," the ELBs or RTU"
"spot-on-sundials.co.uk","  courses  ","by"," the"
"spot-on-sundials.co.uk","  priorities  ","by"," Education and"
"spot-on-sundials.co.uk","trained  side  ","by"," side? In terms"
"spot-on-sundials.co.uk","  courses  ","by"," the"
"spot-on-sundials.co.uk","the  programme  ","by"," the Principal"
"spot-on-sundials.co.uk","An  initiative  ","by"," the ELBs or RTU"
"spot-on-sundials.co.uk","  courses  ","by"," the"
"spot-on-sundials.co.uk","and  contact  ","by"," video"
"northeastnocampaign.co.uk","  section  ","by"," Miranda"
"curve.org.uk","for  damages  ","by"," victims of"
"mayfairschool.co.uk","of the  soil  ","by"," the types of"
"mayfairschool.co.uk","  fertility  ","by"," making it too"
"mayfairschool.co.uk","raise your  pH  ","by",". The chart"
"palatine.org.uk"," ","by"," care"
"palatine.org.uk","of  visits  ","by"," 732 patients"
"robinkelly.btinternet.co.uk","gives her a  hug  ","by"," way of"
"ironmountain.co.uk"," ","by"," the Institute"
"redsevenleisure.co.uk","on the  board  ","by"," the hardest"
"redsevenleisure.co.uk","bigger,  turn  ","by"," turn. Players"
"redsevenleisure.co.uk","prize  cards  ","by"," knocking out"
"seequality.org.uk","boot  process  ","by"," pressing any"
"thomsonfoundation.org.uk","study  groups  ","by"," the central"
"fabian-society.org.uk","car with  ease  ","by"," my self so am"
"fabian-society.org.uk","and  friends  ","by"," myself albeit"
"nfms.org.uk","  expertise  ","by"," working"
"nfms.org.uk","all  pupils  ","by"," this shared"
"nfms.org.uk","to their  child  ","by"," providing"
"nfms.org.uk","  thinking  ","by",""
"cus.cam.ac.uk","for  iSTRAT  ","by"," the wonderful"
"cus.cam.ac.uk","room  prices  ","by"," spending a"
"cus.cam.ac.uk","claims to  fame  ","by"," association)"
"salfordsoftware.co.uk","  treatment  ","by"," having"
"sefton.gov.uk","the  answer  ","by"," organising a"
"nln.ac.uk","fear of  death  ","by"," such means as"
"nln.ac.uk","not be a  means  ","by"," which you"
"norfolkmills.co.uk","  bestseller  ","by"," Tessa de Loo"
"infomaticsonline.co.uk","through  walls  ","by"," up to 60 %, and"
"infomaticsonline.co.uk","save  money  ","by"," replacing it"
"infomaticsonline.co.uk","heating  bill  ","by"," 10 % and you"
"ppu.org.uk","social  order  ","by"," constantly"
"mayfairschool.co.uk","his  arrest  ","by"," his riotous"
"christs.cam.ac.uk","the  aisles  ","by"," product"
"network-theory.co.uk","their  culture  ","by"," also changing"
"sciencemuseum.org.uk","  cycling  ","by"," providing a"
"www-embio.ch.cam.ac.uk","view of  gifts  ","by",""
"stanza.co.uk","this  request  ","by"," also issuing"
"stanza.co.uk","same  problems  ","by"," using a"
"sasdaniels.co.uk","were  pre-set  ","by"," the"
"sasdaniels.co.uk","  ideas  ","by"," relating them"
"fengshui-ci.co.uk","  Dissolution  ","by"," the lay"
"fengshui-ci.co.uk","charge of  £30  ","by"," John Hamilton"
"fengshui-ci.co.uk","further  gifts  ","by"," the Hamiltons"
"dailyreckoning.co.uk","  concert  ","by"," a Hasidic band"
"redisland.co.uk","the  gamble  ","by"," selecting the"
"link2wales.co.uk","  poems  ","by"," no means"
"link2wales.co.uk","Anglo?  Saxons  ","by"," a bardic voice"
"renux.dmed.ed.ac.uk","  nominations  ","by"," people in the"
"renux.dmed.ed.ac.uk","  church  ","by"," the side of the"
"dl.ac.uk"," ","by"," asking can you"
"highlandwoodenergy.co.uk","  increases  ","by"," about 9 %"
"highlandwoodenergy.co.uk",")  increases  ","by"," about 12 % due"
"midrange.hotels-london.co.uk","iron  intake  ","by"," eating more"
"charity-commission.gov.uk","for each  spell  ","by"," email. You may"
"courseworkbank.co.uk","fuel  load  ","by"," posting a lap"
"yealm-holidays.co.uk","his  career  ","by"," hosting a"
"surefish.co.uk","author ] ?  step  ","by"," step"
"surefish.co.uk","  navigation  ","by"," human voice?"
"surefish.co.uk","map?  search  ","by"," postcode,"
"surefish.co.uk","devices?  step  ","by"," step voice"
"surefish.co.uk","? easy  step  ","by"," step wizard"
"landscapingpavingstone.co.uk","to  research  ","by"," industry"
"landscapingpavingstone.co.uk","to  research  ","by"," industry"
"isma.org.uk",". php?  t=1355  ","By"," the way... nor"
"uknetguide.co.uk","out his  people  ","by"," working for"
"uknetguide.co.uk","was  salvation  ","by"," his own heroic"
"uknetguide.co.uk","to  submission  ","by"," the tragedies"
"aelybryn.co.uk","  contribution  ","by"," Stephen Lowe,"
"apcims.co.uk",", (for  example  ","by"," the"
"washerhelp.co.uk","the  deaths  ","by"," starvation"
"washerhelp.co.uk","to the  article  ","by"," Kevin Toolis,"
"washerhelp.co.uk","of Iraq  raids  ","by"," SNP leader,"
"washerhelp.co.uk","  sanctions  ","by"," helping the"
"washerhelp.co.uk","550  vehicles  ","by"," end 2001"
"washerhelp.co.uk","at  sanctions  ","by"," Hugh Dellios"
"washerhelp.co.uk","''s  policy  ","by"," Assistant"
"washerhelp.co.uk","  policy  ","by"," Georgie Anne"
"washerhelp.co.uk","  government  ","by"," the People ''s"
"washerhelp.co.uk","for  cash  ","by"," Les Donison"
"washerhelp.co.uk","  conclusion  ","by"," ascribing to"
"spahill.org.uk","the  article  ","by"," giving quotes"
"spahill.org.uk","was  set-up  ","by"," Trevor"
"spahill.org.uk","  funds  ","by"," the Home"
"bulletproofcupid.co.uk","in the  night  ","by"," Russian"
"bulletproofcupid.co.uk","  targets  ","by"," suicide"
"croydon-tramlink.co.uk","that  price  ","by"," a further 10 %"
"nomad-online.co.uk","  problem  ","by"," transferring"
"masud.co.uk"," ","by"," all sections"
"masud.co.uk","  effort  ","by"," our own IT"
"masud.co.uk","to give  access  ","by"," the local"
"masud.co.uk","so many  people  ","by"," free access to"
"bliki.salamandersoftware.co.uk","a  product  ","by"," providing"
"cotnet.co.uk","Find an  MP  ","By"," postcode or"
"cotnet.co.uk","  constituency  ","by"," entering your"
"kbnet.co.uk","  output  ","by"," the software,"
"hfstephens-museum.org.uk","of  torture  ","by"," Iraqi"
"hfstephens-museum.org.uk","and  attempt  ","by"," Army Col."
"hfstephens-museum.org.uk","*  Comments  ","by"," Juan Cole [ I"
"hfstephens-museum.org.uk","in a  day  ","by"," day fight for"
"hfstephens-museum.org.uk","small  scale  ","by"," Voices in the"
"hfstephens-museum.org.uk","the  murder  ","by"," starvation"
"hfstephens-museum.org.uk","the only  means  ","by"," which Iraq"
"hfstephens-museum.org.uk","June  salaries  ","by"," the end of June"
"hfstephens-museum.org.uk","of  article  ","by"," Professors"
"hfstephens-museum.org.uk","of the  crime  ","by"," religious"
"hfstephens-museum.org.uk","in  attack  ","by"," Iraq gunmen ["
"hfstephens-museum.org.uk","  convention  ","by"," which the"
"hfstephens-museum.org.uk","  article  ","by"," Jesse Jackson"
"hfstephens-museum.org.uk","  persecution  ","by"," the"
"hwcp.org.uk","  situation  ","by"," longer term"
"naworth.co.uk"," ","by"," setting up and"
"naworth.co.uk","  support  ","by"," the"
"naworth.co.uk"," ","by"," setting up and"
"naworth.co.uk","  evaluation  ","by"," the programme"
"naworth.co.uk"," ","by"," SURF, an"
"naworth.co.uk"," ","by"," the DARE"
"naworth.co.uk","three  months  ","by"," UKOLN. UKOLN"
"tasi.ac.uk","of a  talk  ","by"," renown Reith"
"tasi.ac.uk","amusing  talk  ","by"," John Burn,"
"transport2000.org.uk","  decisions  ","by"," ISC"
"transport2000.org.uk"," ","by",""
"transport2000.org.uk","  bulletins  ","by"," comparison"
"twistednerve.co.uk","for  teachers  ","by"," the Northern"
"twistednerve.co.uk","borne in  mind  ","by"," principals"
"raisingkids.co.uk",", with  images  ","by"," Paul Sands."
"glassblockoutlet.co.uk","all  records  ","by"," winning the"
"dcs.qmul.ac.uk","  checks  ","by"," any"
"dcs.qmul.ac.uk","civil  action  ","by"," software"
"bl.uk","?  side  ","by"," side. Ahead of"
"www-sedgwick.esc.cam.ac.uk","Admired  CEO  ","by"," Management"
"www-sedgwick.esc.cam.ac.uk","falling,  year  ","by"," year. Pension"
"www-sedgwick.esc.cam.ac.uk","  end  ","by"," a rigid"
"www-sedgwick.esc.cam.ac.uk",", for  instance  ","by"," ensuring that"
"archive.food.gov.uk","  wordplay  ","by"," chipping away"
"archive.food.gov.uk"," ","by"," Apple. Note"
"chat.dailymail.co.uk","  gases  ","by"," 80 per cent in"
"chat.dailymail.co.uk","RRP:  £22.95  ","By"," Duncan"
"arts.guardian.co.uk","of a town  house  ","by"," Thomas"
"arts.guardian.co.uk","other ''s  faces  ","by"," turns were"
"arts.guardian.co.uk","Gothic  style  ","by"," A. E. Oulde of"
"arts.guardian.co.uk","shew your  legs  ","by"," going up steps"
"arts.guardian.co.uk","lime  trees  ","by"," Charles"
"cs.bham.ac.uk","to  hearings  ","by"," a friend/"
"cs.bham.ac.uk","the  complaint  ","by"," the Director"
"cs.bham.ac.uk","  application  ","by"," the"
"growell.co.uk","UK set to be 90  %  ","by"," the end of 2004"
"growell.co.uk",". A  report  ","by"," IMRG, the"
"bupa.co.uk","a  statement  ","by"," the Principal"
"bupa.co.uk","the  public  ","by"," co-opting"
"lentontimes.co.uk","of  advice  ","by"," any of the Law"
"lentontimes.co.uk","  performance  ","by"," the Home"
"lentontimes.co.uk","the  mechanism  ","by"," which the"
"bfi.org.uk:8080"," ","by"," Donald L."
"bfi.org.uk:8080","  conflict  ","by"," Western"
"bfi.org.uk:8080","of  votes  ","by"," repeated"
"bfi.org.uk:8080","  techniques  ","by"," a paired"
"bfi.org.uk:8080","  constituency  ","by"," contributing"
"bfi.org.uk:8080","ethnic  lines  ","by"," being"
"bfi.org.uk:8080","''s own  group  ","by"," being extreme"
"bfi.org.uk:8080","  behaviour  ","by"," politicians,"
"ariadne.ac.uk","an A&R  person  ","by"," default and"
"headheritage.co.uk","  lamps  ","by",""
"headheritage.co.uk","  measurements  ","by"," two-photon"
"headheritage.co.uk","of  mercury  ","by"," atomic"
"headheritage.co.uk","(pah) in  water  ","by"," hplc with"
"headheritage.co.uk","  wafers  ","by",""
"headheritage.co.uk","of  rapeseed  ","by"," x-ray"
"headheritage.co.uk","  elements  ","by"," x-ray"
"headheritage.co.uk","  elements  ","by"," x ray"
"headheritage.co.uk","  chemistry  ","by"," open learning"
"headheritage.co.uk"," ","by"," the"
"headheritage.co.uk","in  water  ","by"," a"
"headheritage.co.uk","  properties  ","by"," monitoring"
"headheritage.co.uk","quantify  DNA  ","by"," measuring the"
"headheritage.co.uk","  DNA  ","by",""
"headheritage.co.uk","of  proteins  ","by",""
"headheritage.co.uk","  competition  ","by"," a number of"
"ics.leeds.ac.uk","English  army  ","by"," Mary, Queen of"
"tate.org.uk","  analysis  ","by"," Evans, 1984),"
"tate.org.uk","di  stinction  ","by"," Evans (1972)"
"tate.org.uk","to an  n  ","by"," n"
"tate.org.uk","size (  n  ","by"," n) determined"
"tate.org.uk","of  altitudes  ","by"," a 6 x 9 matrix of"
"tate.org.uk","case of an  n  ","by"," n local window"
"tate.org.uk","dimensions  n  ","by"," n, where n is an"
"tate.org.uk","linear  case  ","by"," Unwin and"
"tate.org.uk","the  origin  ","by"," dropping the"
"tate.org.uk","between i and  j  ","by"," calculating"
"tate.org.uk","M consists of  k  ","by"," k cells where"
"tate.org.uk","each  cell  ","by"," the total"
"tate.org.uk","and  texture  ","by"," Haralick et al"
"phrases.org.uk","his whole  life  ","by"," waiting for"
"phrases.org.uk","sit  reading  ","by"," the fire in"
"poetrysociety.org.uk","  franchise  ","by",""
"poetrysociety.org.uk","over 24  years  ","by"," Searle, a"
"poetrysociety.org.uk","an  engineer  ","by"," background,"
"mygen.co.uk","  framework  ","by"," virtue of"
"mygen.co.uk","time of  crisis  ","by"," virtue of the"
"mygen.co.uk","  tiers  ","by"," modality and"
"vts.rdn.ac.uk","for  graduates  ","by"," School and"
"vts.rdn.ac.uk","the  brochures  ","by"," company name"
"headheritage.co.uk","  types  ","by"," the depth and"
"headheritage.co.uk","to  students  ","by"," the Normal"
"headheritage.co.uk","  change  ","by"," focusing on"
"ff1600.co.uk","cutting  tax  ","by"," increasing"
"ff1600.co.uk","  allowance  ","by"," £2,000."
"ff1600.co.uk",", but this  time  ","by"," cutting the"
"ff1600.co.uk","basic tax  rate  ","by"," 2 %. Again"
"ff1600.co.uk","weekly  gain  ","by"," 52 weeks to get"
"prospect-magazine.co.uk","in this  field  ","by"," the ideology"
"prospect-magazine.co.uk","to his  plate  ","by"," the political"
"prospect-magazine.co.uk",", for  support  ","by"," the Research"
"bfi.org.uk:8080","''  experiences  ","by"," creating a"
"casi.org.uk","  impressions  ","by"," Milligan of"
"admin.cam.ac.uk",".  FastCounter  ","by"," bCentral"
"rhs.org.uk","  list  ","by"," the way - just a"
"rhs.org.uk","  anything  ","by"," observing."
"shef.ac.uk","of a  button  ","by"," a computer"
"www-sedgwick.esc.cam.ac.uk","  independence  ","by"," the twin"
"www-sedgwick.esc.cam.ac.uk","  Survey  ","by"," the"
"www-sedgwick.esc.cam.ac.uk","older  people  ","by"," creating new"
"hud.ac.uk","the  mosaic  ","by"," applying"
"bbk.ac.uk","  today  ","by"," the Foreign"
"bbk.ac.uk","in the  world  ","by"," becoming a"
"bfi.org.uk:8080","and  hearing  ","by"," the word of"
"ukfitnesssupplies.co.uk","  walk  ","by"," taking the"
"freedomministries.org.uk","2006  *Chaired  ","by"," Stephan"
"freedomministries.org.uk","  organisers  ","by"," email:"
"freedomministries.org.uk","this  success  ","by"," offering"
"york.ac.uk",": three  plays  ","by"," Marie Laberge"
"netribution.co.uk","meet our  goal  ","by"," offering your"
"netribution.co.uk","a  product  ","by"," using our"
"journalonline.co.uk","scheduled  use  ","by"," the"
"wessexscene.co.uk","other  changes  ","by"," guidance. But"
"burnyourbonus.co.uk","in  treatment  ","by"," 100 per cent by"
"burnyourbonus.co.uk","by 100 per  cent  ","by"," 2008. This"
"burnyourbonus.co.uk","in  funding  ","by"," the"
"burnyourbonus.co.uk","drug  misusers  ","by"," enhancing the"
"burnyourbonus.co.uk","of  care  ","by"," creating an"
"burnyourbonus.co.uk","  services  ","by"," the most"
"spartacus.schoolnet.co.uk","  increases  ","by"," leaps and"
"spartacus.schoolnet.co.uk","  advance  ","by"," feeding it"
"spartacus.schoolnet.co.uk","%; on  vacation  ","by"," Microsoft, a"
"spartacus.schoolnet.co.uk","to our  rescue  ","by"," publishing"
"spartacus.schoolnet.co.uk","their  resolve  ","by"," public input"
"spartacus.schoolnet.co.uk","of  studies  ","by"," declaring"
"spartacus.schoolnet.co.uk","of  proposals  ","by"," the Faculty"
"spartacus.schoolnet.co.uk","its  approval  ","by"," releasing"
"spartacus.schoolnet.co.uk","their  science  ","by"," being"
"spartacus.schoolnet.co.uk","  premises  ","by"," being"
"spartacus.schoolnet.co.uk","  property  ","by"," industrial"
"spartacus.schoolnet.co.uk","user  services  ","by"," the Computing"
"spartacus.schoolnet.co.uk","on a  case  ","by"," case basis in"
"cnetwork.co.uk","this  trend  ","by"," offering"
"ukfitnesssupplies.co.uk","  bio-piracy  ","by"," rich"
"ukfitnesssupplies.co.uk","  capitals  ","by"," rich country"
"jr2.ox.ac.uk","  language  ","by"," a determined"
"jr2.ox.ac.uk","  practice  ","by"," introducing"
"jr2.ox.ac.uk","long  chats  ","by"," phone to"
"jr2.ox.ac.uk"," ","by"," using ICT. We"
"jr2.ox.ac.uk","of  language  ","by"," addressing"
"jr2.ox.ac.uk","these  values  ","by"," identifying,"
"jr2.ox.ac.uk","  education  ","by"," stating that:"
"jr2.ox.ac.uk","the staff.  Day  ","by"," day,"
"jr2.ox.ac.uk"," ","by"," developing a"
"jr2.ox.ac.uk","  initiatives  ","by",""
"jr2.ox.ac.uk","  content  ","by"," using"
"history.ac.uk","  public  ","by"," mail order or"
"arts.guardian.co.uk","surf.  spline  ","by"," examining"
"arts.guardian.co.uk","stereo  pairs  ","by"," Ordnance"
"arts.guardian.co.uk","  error  ","by"," considering"
"arts.guardian.co.uk",")  Multiplying  ","by"," SC and C 2,. ."
"arts.guardian.co.uk",")  Multiplying  ","by"," S 2 and SC,. ."
"arts.guardian.co.uk","Scale z  values  ","by"," 10, or 100,"
"arts.guardian.co.uk","in GIS,  scale  ","by"," 10 or 100. Pass"
"arts.guardian.co.uk","contour  data  ","by"," an"
"arts.guardian.co.uk","  surface  ","by"," comparing"
"arts.guardian.co.uk","  association  ","by"," overlaying"
"arts.guardian.co.uk","  deviation  ","by"," the tan of"
"users.ox.ac.uk","of  default  ","by"," virtue of"
"big-brother.me.uk","the  dilemma  ","by"," positing a"
"big-brother.me.uk","of the  faith  ","by"," which they"
"thegoodwebguide.co.uk","the  headscarf  ","by"," Muslim women"
"phrases.org.uk","the  union  ","by"," the use of"
"phrases.org.uk","  position  ","by"," partitioning"
"phrases.org.uk"," ","by"," loyalist"
"phrases.org.uk","to  power  ","by"," elected"
"incore.ulst.ac.uk","a  stockinger  ","by"," trade and"
"baronage.co.uk","  information  ","by"," the best means"
"ariadne.ac.uk","for  trial  ","by"," a High Court"
"ariadne.ac.uk","  exercise  ","by"," reference to"
"ariadne.ac.uk","that  control  ","by"," the court of"
"broadcaster.org.uk","  scene  ","by"," that time."
"broadcaster.org.uk","not put my  name  ","by"," any of the"
"broadcaster.org.uk","not put my  name  ","by"," any of the"
"paulflynnmp.co.uk","  miles  ","by"," cart and horse"
"eng.warwick.ac.uk","  traffic  ","by"," providing a"
"stalbans.gov.uk","the  problem  ","by"," announcing"
"stalbans.gov.uk","digital  form  ","by"," Peter"
"politics.guardian.co.uk","serious  harm  ","by"," jeopardizing"
"classic-literature.co.uk","a school  play  ","by"," a member of the"
"classic-literature.co.uk","  score  ","by"," composer John"
"burnyourbonus.co.uk","in  education  ","by"," 2005. It aims"
"burnyourbonus.co.uk","  application  ","by"," Friday 19"
"burnyourbonus.co.uk"," ","by"," the Institute"
"building-history.pwp.blueyonder.co.uk","my  site  ","by"," submitting it"
"building-history.pwp.blueyonder.co.uk","my  site  ","by"," submitting it"
"keele.ac.uk","our  children  ","by"," locking them"
"admin.cam.ac.uk","  today  ","by"," the Prison"
"admin.cam.ac.uk","  benefit  ","by"," the presence"
"screenonline.org.uk","their  agenda  ","by"," infiltrating"
"screenonline.org.uk","herbicide  use  ","by"," more than 50"
"passiondiscs.co.uk","of the  role  ","by"," the DEO."
"passiondiscs.co.uk","as an  asset  ","by"," those who"
"passiondiscs.co.uk","this  role  ","by"," designing"
"passiondiscs.co.uk"," ","by"," someone who is"
"passiondiscs.co.uk","to  criticism  ","by"," outsiders who"
"netdoctor.co.uk","  presentation  ","by"," the Tsao"
"defra.gov.uk","a  trade  ","by"," working in a"
"defra.gov.uk","  performance  ","by"," it ''s star A"
"pyramus.demon.co.uk","to  G-d  ","by"," any means"
"pyramus.demon.co.uk","among  men  ","by"," which we must"
"keele.ac.uk","eight  places  ","by"," double lines"
"untoldlondon.org.uk","print  artwork  ","by"," such as Alicia"
"untoldlondon.org.uk","and their  role  ","by"," Weg and a piece"
"untoldlondon.org.uk","early  sixties  ","by"," John Foyster."
"untoldlondon.org.uk","digital  form  ","by"," Ian Maule,"
"bubl.ac.uk","to the  project  ","by"," providing"
"hrionline.ac.uk","slammed a  call  ","by"," a disgruntled"
"hrionline.ac.uk",",  layer  ","by"," layer, what"
"hrionline.ac.uk","EVIL Kiln  plan  ","by"," Castle Cement"
"hrionline.ac.uk","). The  scenery  ","by"," the way is free"
"hrionline.ac.uk","the ''club ''  run  ","by"," the cinema and"
"number-10.gov.uk","''s  report  ","by"," the Scottish"
"brookes.ac.uk","to take  euro  ","by"," credit card. ?"
"city.ac.uk","the  draft  ","by"," allowing"
"city.ac.uk","for  decades  ","by"," the Turkish"
"york.ac.uk","  training  ","by"," our own guide"
"york.ac.uk","onto the  water  ","by"," the Cableway."
"greenparty.org.uk","and  reals  ","by"," the first"
"greenparty.org.uk","  precision  ","by"," specifying"
"greenparty.org.uk","''s  value  ","by"," an underscore"
"greenparty.org.uk","on a  component  ","by"," component"
"greenparty.org.uk","our new  type  ","by"," default,"
"greenparty.org.uk","this  program  ","by"," using the kind"
"discuss.pressgazette.co.uk","  papers  ","by",""
"discuss.pressgazette.co.uk","  publication  ","by"," Jerry Tyrrell"
"discuss.pressgazette.co.uk","of  progress  ","by"," members of the"
"discuss.pressgazette.co.uk","for  use  ","by"," children. The"
"discuss.pressgazette.co.uk","in  mediation  ","by"," choice, the"
"discuss.pressgazette.co.uk","  intervention  ","by"," teachers, and"
"discuss.pressgazette.co.uk","  relevance  ","by"," the growing"
"pparc.ac.uk"," ","by"," you, the BUPA"
"brookes.ac.uk","to the  public  ","by"," the"
"brookes.ac.uk","Asian  plants  ","by"," Hoola van"
"brookes.ac.uk","each  species  ","by"," adopting a"
"brookes.ac.uk","  antiquity  ","by"," reproducing"
"brookes.ac.uk","  discoveries  ","by"," Robert"
"brookes.ac.uk",", and  creation  ","by",""
"brookes.ac.uk",", meant for  use  ","by"," the workers"
"brookes.ac.uk","his  lifetime  ","by"," many of the"
"brookes.ac.uk","  history  ","by"," featuring the"
"lentontimes.co.uk","a  chase  ","by"," hounds. The"
"lentontimes.co.uk"," ","by"," the two"
"lentontimes.co.uk","in which  case  ","by"," a slow,"
"lentontimes.co.uk","  awareness  ","by"," animals that"
"lentontimes.co.uk","for  animals  ","by"," observing"
"lentontimes.co.uk","  foxes  ","by"," night by"
"lentontimes.co.uk","foxes by  night  ","by"," experienced"
"lentontimes.co.uk","that  hunting  ","by"," hounds is the"
"eatwell.gov.uk","interest  test  ","by"," a voluntary"
"eatwell.gov.uk","harm ""  test  ","by"," a lower """
"eatwell.gov.uk","and the  public  ","by"," industrial"
"eatwell.gov.uk","  complacency  ","by"," safety"
"eatwell.gov.uk","  disclosure  ","by"," not recording"
"futurelab.org.uk","  feed  ","by"," monogastric"
"futurelab.org.uk"," ","by"," the EC. It was"
"futurelab.org.uk","of  OA  ","by"," crop."
"futurelab.org.uk","  quantities  ","by"," some people,"
"futurelab.org.uk","of  OA  ","by"," UK population"
"paramedic.org.uk","upon his  soul  ","by"," a binding oath"
"paramedic.org.uk","of  members  ","by"," leadership."
"www3.imperial.ac.uk",":  Regulation  ","by"," Deceit"
"www3.imperial.ac.uk",", took the  lead  ","by"," announcing an"
"www3.imperial.ac.uk","made  history  ","by"," becoming the"
"fpp.co.uk","  newsletter  ","by"," visiting our"
"lse.ac.uk","escaped a  bomb  ","by"," seconds. Here"
"le.ac.uk","of the  waters  ","by"," strong"
"janus.lib.cam.ac.uk","a  bank-teller  ","by"," day, was to"
"fortunecity.co.uk","  tasks  ","by"," guiding a blob"
"snh.org.uk","scene.  Poems  ","by"," Members on the"
"snh.org.uk","of  poetry  ","by"," writers from"
"snh.org.uk",".  Poems  ","by"," Members on the"
"snh.org.uk","more...  Poems  ","by"," Members on the"
"snh.org.uk","an  interview  ","by"," Bernardine"
"snh.org.uk","are  articles  ","by"," Dennis"
"nzstamps.fsnet.co.uk","  documents  ","by"," Israel and"
"cygnus-books.co.uk","  appearances  ","by"," the Battle of"
"cygnus-books.co.uk","  recipe  ","by"," top chef"
"cygnus-books.co.uk","or  order  ","by"," phone on 01603"
"history.ac.uk","  suspicion  ","by",""
"wessexscene.co.uk","  appointment  ","by"," the then"
"wessexscene.co.uk","  plate  ","by"," its then"
"wessexscene.co.uk","the  attempt  ","by"," Maxwell to"
"psigate.ac.uk","power  plants  ","by"," gas-fired"
"psigate.ac.uk","soil  erosion  ","by"," replanting"
"psigate.ac.uk","  economy  ","by"," creating an """
"psigate.ac.uk","  write-downs  ","by"," oil companies"
"dur.ac.uk","to your  room  ","by"," clicking on"
"csae.ox.ac.uk","''  performance  ","by"," the Academy."
"csae.ox.ac.uk","  copying  ","by"," evoking"
"csae.ox.ac.uk","suffer  attack  ","by"," a member of the"
"fortunecity.co.uk","digital  form  ","by"," Claire"
"ariadne.ac.uk","  today  ","by"," the Prison"
"ariadne.ac.uk","to  research  ","by"," the Office for"
"ariadne.ac.uk",".  Research  ","by"," the National"
"ariadne.ac.uk",". But  research  ","by"," NACRO has"
"ariadne.ac.uk",".  Research  ","by"," the Prison"
"www-sedgwick.esc.cam.ac.uk","  edition  ","by"," the BBC in"
"eprints.gla.ac.uk","  disruption  ","by"," the floods."
"eprints.gla.ac.uk","than 1  year  ","by"," far the most"
"bandsman.co.uk","  transports  ","by"," the churches"
"bandsman.co.uk","old  gentleman  ","by"," both his hands"
"bandsman.co.uk",", how his  niece  ","by"," marriage"
"newhumanist.org.uk","  completion  ","by"," 2009. DARWIN"
"sitcom.co.uk","in  childhood  ","by"," scrofula and"
"growell.co.uk","with  calcium  ","by"," consuming"
"ippr.org.uk","standing  side  ","by"," side. ii."
"og.dti.gov.uk","  recognition  ","by"," means of the"
"eprints.gla.ac.uk","  report  ","by"," Ruth Wheatley"
"iwar.org.uk","two ideas  side  ","by"," side - whether"
"iwar.org.uk","case for  war  ","by"," frequently"
"iwar.org.uk","two parts  side  ","by"," side. It takes"
"kwintessential.co.uk","  action  ","by",""
"ics.leeds.ac.uk","first  victory  ","by"," RAF Marham in"
"bubl.ac.uk","  tracks  ","by"," obscure but"
"hacan.org.uk","of  complaints  ","by"," Belmarsh"
"blogs.guardian.co.uk","the  flow  ","by"," 40 % during"
"blogs.guardian.co.uk","  monarchy  ","by"," General"
"blogs.guardian.co.uk","""  points  ","by"," pushing for"
"blogs.guardian.co.uk","energy  demand  ","by"," 2100,"
"blogs.guardian.co.uk","  electricity  ","by"," 2030, despite"
"blogs.guardian.co.uk","  electricity  ","by"," 100 % by 2020,"
"blogs.guardian.co.uk","by 100  %  ","by"," 2020, Germany"
"blogs.guardian.co.uk","of  terrorism  ","by"," Venezuelan"
"blogs.guardian.co.uk","  announcement  ","by"," the State"
"blogs.guardian.co.uk","a  study  ","by"," Tomás Drohan"
"blogs.guardian.co.uk","in a  study  ","by"," the Technical"
"blogs.guardian.co.uk","state  capital  ","by"," the ACP itself"
"shef.ac.uk","the  Monarchy  ","by"," building an"
"shef.ac.uk","An  inspection  ","by"," Derbyshire"
"shef.ac.uk","of the  well  ","by"," the Society."
"shef.ac.uk","free of  charge  ","by"," Brendan"
"lse.ac.uk","  criticism  ","by"," pointing out"
"lse.ac.uk","a  statement  ","by"," Mr Shultz. "" I"
"www3.imperial.ac.uk","  Newsletter  ","by"," post they"
"cnetwork.co.uk","works of  art  ","by"," artists who"
"big-brother.me.uk","  photographs  ","by"," Margrethe C"
"big-brother.me.uk","of  links  ","by"," subject"
"thegoodwebguide.co.uk","of a  play  ","by"," Henrik Ibsen"
"paulflynnmp.co.uk","in  quality  ","by"," only removing"
"fantasticfiction.co.uk","each  year  ","by"," the relevant"
"geos.ed.ac.uk","right  drawer  ","by"," its contents:"
"lentontimes.co.uk","  means  ","by"," which one"
"lentontimes.co.uk","the  space  ","by"," feeling our"
"growell.co.uk","  chapters  ","by"," Institute of"
"growell.co.uk","a  Foreword  ","by"," the Director."
"growell.co.uk","an active  part  ","by"," presenting a"
"growell.co.uk","  attendance  ","by"," emailing"
"growell.co.uk"," ","by"," the Institute"
"spartacus.schoolnet.co.uk","1,500 V  ickers  ","by"," the use of Sinn"
"spartacus.schoolnet.co.uk","  standards  ","by"," Germany ''s"
"televisionheaven.co.uk","  barriers  ","by"," providing"
"bjhc.co.uk","this  music  ","by"," Prince & the"
"bjhc.co.uk","this  music  ","by"," Prince & the"
"bjhc.co.uk","  Soundtrack  ","by"," sam1942"
"bjhc.co.uk","  Soundtrack  ","by",""
"bjhc.co.uk","  Soundtrack  ","by"," genn133423"
"bjhc.co.uk","*) (*)  Reviews  ","by"," Ciao members"
"bjhc.co.uk","  queries  ","by"," other users"
"incore.ulst.ac.uk","of a  target  ","by"," a pointer"
"incore.ulst.ac.uk","array of size  m  ","by"," n. The area of"
"incore.ulst.ac.uk","  interface  ","by"," default. The"
"incore.ulst.ac.uk","ith  pointer  ","by"," writing"
"incore.ulst.ac.uk","ith  pointer  ","by"," a(i)%p END DO"
"psigate.ac.uk","the  strain  ","by"," sharing your"
"mailman-new.greennet.org.uk","  submissions  ","by"," contributors"
"passiondiscs.co.uk","more  reviews  ","by"," Michael"
"passiondiscs.co.uk","more  reviews  ","by"," Barry Forshaw"
"passiondiscs.co.uk","under  siege  ","by"," an unknown"
"passiondiscs.co.uk","more  reviews  ","by"," Andy Mckay"
"passiondiscs.co.uk","more  reviews  ","by"," Howard"
"heacademy.ac.uk","  publication  ","by"," purchase or as"
"heacademy.ac.uk",".  Arrangement  ","by"," subject is"
"janus.lib.cam.ac.uk","changed  gear  ","by"," pulling in the"
"janus.lib.cam.ac.uk","Italian  style  ","by"," the"
"thehistorychannel.co.uk","lever. The  van  ","by"," now had"
"gfdl.marxists.org.uk","  schools  ","by"," children with"
"gfdl.marxists.org.uk","of their  child  ","by"," the other"
"gfdl.marxists.org.uk","  schools  ","by"," children with"
"gfdl.marxists.org.uk","sense of  self  ","by"," comparing"
"ucl.ac.uk","at a  seminar  ","by"," Sifu Nino"
"ucl.ac.uk"," ","by"," Dan Inosanto"
"ucl.ac.uk","  showing  ","by"," Dan Inosanto"
"icnewcastle.icnetwork.co.uk","pull it out  bit  ","by"," bit. I better"
"otherlandtoys.co.uk","  teams  ","by"," 13 January"
"otherlandtoys.co.uk","  step  ","by"," step guidance"
"otherlandtoys.co.uk","  treatment  ","by"," area in 2004/"
"big-brother.me.uk","in a  gallery  ","by"," these tools."
"big-brother.me.uk","the map  square  ","by"," square, using"
"big-brother.me.uk","  payment  ","by"," the JMN part of"
"wessexscene.co.uk","  approval  ","by"," Topss England"
"wessexscene.co.uk","  standard  ","by"," the World Wide"
"classic-literature.co.uk","coming  round  ","by"," now? "" "" Teal''c"
"classic-literature.co.uk","save the  world  ","by"," own efforts?"
"classic-literature.co.uk","jazz  band  ","by"," comparison,"
"classic-literature.co.uk","smells a  rat  ","By"," now, the two"
"radioandtelly.co.uk","  pre-emption  ","by"," any means. For"
"essex.ac.uk","its  value  ","by"," 40 % in"
"bupa.co.uk","fannish  piece  ","by"," Bill Rotsler"
"bupa.co.uk","& modern  myth  ","by"," Paul"
"bupa.co.uk","and  activity  ","by"," members of"
"bupa.co.uk","digital  form  ","by"," Claire"
"bubl.ac.uk","  notification  ","by"," visiting the"
"bubl.ac.uk","  information  ","by"," certain"
"bubl.ac.uk","(for  example  ","by"," cookies and"
"bubl.ac.uk","  information  ","by"," writing to us"
"english-heritage.org.uk","risk of  damage  ","by"," the local fox"
"english-heritage.org.uk","hare and  mink  ","by"," shooting or"
"english-heritage.org.uk","of  dispatch  ","by"," shooting."
"english-heritage.org.uk","regular  basis  ","by"," full or"
"english-heritage.org.uk","of  damage  ","by"," pests such as"
"english-heritage.org.uk",", and 9  %  ","by"," the use of"
"english-heritage.org.uk","control  foxes  ","by"," shooting, 86 %"
"english-heritage.org.uk","manage  damage  ","by"," the local fox"
"english-heritage.org.uk",", e.  g.  ","by"," burying."
"kwintessential.co.uk","half an  hour  ","by"," the stations"
"irr.org.uk","upon the  court  ","by"," three dusty"
"irr.org.uk","  circulars  ","by"," that, "" he"
"foe.co.uk","  treatments  ","by"," the author."
"building-history.pwp.blueyonder.co.uk","in a  book  ","by"," DTU members on"
"bl.uk","first  novel  ","by"," Helen Oyeyemi"
"thegoodwebguide.co.uk","  Californians  ","by"," unconscious"
"defra.gov.uk","  innovation  ","by"," the maker as"
"defra.gov.uk","  innovation  ","by"," the maker as"
"defra.gov.uk","  innovation  ","by"," the maker as"
"defra.gov.uk","  innovation  ","by"," the maker as"
"fortunecity.co.uk","  browser  ","by",""
"fortunecity.co.uk","  Unsubscribe  ","by"," posting to"
"janus.lib.cam.ac.uk","''s  claim  ","by"," Telewest"
"janus.lib.cam.ac.uk"," ","by"," the Equal"
"janus.lib.cam.ac.uk","verbal  abuse  ","by"," service users"
"hm-treasury.gov.uk","  productions  ","by"," Irish authors"
"hm-treasury.gov.uk","of  works  ","by"," Irish authors"
"hm-treasury.gov.uk","apply to  works  ","by"," resident"
"hm-treasury.gov.uk","  studies  ","by"," Phillips,"
"hm-treasury.gov.uk","an  imprint  ","by"," J. Saunders in"
"hm-treasury.gov.uk","the  instances  ","by"," which Irish"
"hm-treasury.gov.uk","  distribution  ","by"," Dugdale, but"
"hm-treasury.gov.uk","with the  works  ","by"," the Revd"
"hm-treasury.gov.uk",",  studies  ","by"," Siobhan"
"hm-treasury.gov.uk","Gothic  novels  ","by",""
"hm-treasury.gov.uk","  fiction  ","by"," Irish authors"
"hm-treasury.gov.uk","  niche  ","by"," providing"
"hm-treasury.gov.uk","for the  author  ","by"," E. Thomas, ["
"hm-treasury.gov.uk","(  translation  ","by"," C. F. Barrett)"
"hm-treasury.gov.uk","  survey  ","by"," Frank. 5. The"
"hm-treasury.gov.uk","the  libretto  ","by"," John Fawcett"
"hm-treasury.gov.uk","and the  music  ","by"," Samuel Arnold"
"hm-treasury.gov.uk","  publication  ","by"," A. Neil at his"
"hm-treasury.gov.uk","  Fictions  ","by"," Women in"
"hm-treasury.gov.uk","  Notes  ","by"," the Learned"
"uklug.co.uk",")). The  study  ","by"," Covell found"
"uklug.co.uk","care  costs  ","by"," decreasing"
"uklug.co.uk","of  evidence  ","by"," providers and"
"uklug.co.uk",". The  process  ","by"," which this is"
"uklug.co.uk","of  care  ","by"," creating an"
"classic-literature.co.uk","used as a  base  ","by"," foreign"
"classic-literature.co.uk","of  policies  ","by"," allowing"
"classic-literature.co.uk","an  article  ","by"," Toby Young. To"
"foe.co.uk","  cultures  ","By"," Samantha"
"pparc.ac.uk",") In a  field  ","by"," a minor road,"
"gimbo.org.uk","Public  spirit  ","By"," Skuds Another"
"gimbo.org.uk","in  earnest  ","By"," Skuds We had a"
"gimbo.org.uk",". Thats a  hint  ","by"," the way - we"
"theregister.co.uk","  world  ","by"," storm, and is"
"essex.ac.uk","  opponents  ","by"," drinking"
"dresscircle.co.uk","  process  ","by"," integrating"
"dresscircle.co.uk","  phase  ","by"," the"
"le.ac.uk","  article  ","by"," Ultra-FIT and"
"www-jcsu.jesus.cam.ac.uk","  provision  ","by"," higher"
"cs.bham.ac.uk",".  Mechanisms  ","by"," which the"
"pparc.ac.uk","our  money  ","by"," paying a"
"fantasticfiction.co.uk","  reporting  ","by"," Mirwais"
"socialistunitynetwork.co.uk","the minor  road  ","by"," the side of the"
"socialistunitynetwork.co.uk","the  hedgerow  ","by"," a wall."
"casi.org.uk",", with  images  ","by"," Craig Elliott"
"birdtours.co.uk","  Order  ","by",": Newest"
"foe.co.uk","popular  work  ","by"," Regina Maria"
"foe.co.uk","his  peers  ","by"," sheer force of"
"foe.co.uk","  decisions  ","by"," constructing"
"foe.co.uk","and  Sold  ","by"," G. Walker [..."
"le.ac.uk","a lot of  time  ","by"," adopting a"
"headheritage.co.uk","an  approach  ","by"," Amit Duvshani"
"headheritage.co.uk","  conference  ","by"," a majority of"
"headheritage.co.uk","  Student  ","by"," Richard Allen"
"headheritage.co.uk","  academics  ","by"," British"
"headheritage.co.uk","such  comments  ","by"," e-mail. """
"nationalschool.gov.uk","  pursuers  ","by"," hiding in a"
"nationalschool.gov.uk","given  chase  ","by"," an armed"
"nationalschool.gov.uk","the  airfield  ","by"," two airmen on"
"nationalschool.gov.uk","and the  fog  ","by"," then was"
"observer.guardian.co.uk","  temperatures  ","by"," 2100. This"
"observer.guardian.co.uk","  change  ","by"," avoiding"
"observer.guardian.co.uk","or  comfort  ","by"," simply using"
"observer.guardian.co.uk",", for  example  ","by"," chopping down"
"excite.co.uk","over the  years  ","by"," Leung Tsan,"
"excite.co.uk","as a  student  ","by"," Chan Wah Shun."
"excite.co.uk","to his  Kwoon  ","by"," challenging"
"ukfitnesssupplies.co.uk","  sticks  ","by"," friends. And I"
"ukfitnesssupplies.co.uk","can with  arms  ","by"," your side. Let"
"watford3r-pct.nhs.uk","  bow-first  ","by"," the wind, as"
"watford3r-pct.nhs.uk","to the  area  ","by"," Paul Kane The"
"edwards-language-school.co.uk","a  study  ","by"," English"
"rcpbml.org.uk","with  threats  ","by"," the home"
"mailman-new.greennet.org.uk","their  hours  ","by"," 15 hours or"
"spartacus.schoolnet.co.uk","in  paperback  ","by"," Politico ''s at"
"spartacus.schoolnet.co.uk","-  Journalism  ","by"," the book 55"
"theregister.co.uk","  report  ","by"," Jules Mann ("
"theregister.co.uk","website.  Poem  ","by"," Anne"
"theregister.co.uk","(  publication  ","by"," poet Fiona"
"camden.gov.uk",".  Interviews  ","by"," Emily Jeffery"
"vare.org.uk",".  Films  ","by"," George Fenton"
"vare.org.uk","  music  ","by"," Handel, such"
"vare.org.uk","TV  themes  ","by"," George Fenton"
"preachtheword.co.uk","you  access  ","by"," pushing the"
"console-news.dcemu.co.uk","  membership  ","by"," PAC seems to"
"greenwichcollege.co.uk","  today  ","by"," Democracy"
"greenwichcollege.co.uk","  today  ","by"," the Secretary"
"greenwichcollege.co.uk","a major  effort  ","by"," courts staff"
"skyscript.co.uk","our  students  ","by"," giving them"
"skyscript.co.uk","  life  ","by"," preparing"
"geog.ox.ac.uk","of  speeches  ","by"," the Chief"
"roehampton.ac.uk","  deficiency  ","by"," linking each"
"roehampton.ac.uk","and  strengths  ","by"," finding your"
"roehampton.ac.uk","of your  life  ","by"," something as"
"roehampton.ac.uk","example  names  ","by"," marriage,"
"roehampton.ac.uk","  names  ","by"," which you are"
"roehampton.ac.uk","  names  ","by"," which you are"
"roehampton.ac.uk","Mrs  Green  ","by"," the pupils and"
"sd-commission.org.uk","our  packages  ","by"," completing"
"sd-commission.org.uk","by  telephone  ","by"," calling us on"
"caa.co.uk","to analyse  pay  ","by"," sector - shows"
"caa.co.uk","''s  audit  ","by"," an"
"caa.co.uk","  enquiries  ","by"," the DTI"
"caa.co.uk","rate of  pay  ","by"," the"
"caa.co.uk","  behaviour  ","by"," some"
"caa.co.uk","of the  law  ","by"," the"
"caa.co.uk","  improvements  ","by"," involving"
"caa.co.uk","their  hours  ","by"," cutting their"
"caa.co.uk","in the  summer  ","by"," highlighting"
"recklessgardener.co.uk","  landscapes  ","by"," an autistic"
"hiroshige.org.uk","  today  ","by"," the Prison"
"hiroshige.org.uk","and  restraint  ","by"," officers than"
"farm.org.uk","  applications  ","by"," fax or e-mail."
"farm.org.uk","place an  order  ","by"," any of our"
"farm.org.uk","a  default  ","by"," the approved"
"farm.org.uk","your  account  ","by"," phone, the TD"
"farm.org.uk","prior  receipt  ","by"," us of"
"farm.org.uk","  solicitation  ","by"," us or any of our"
"farm.org.uk","stop a  cheque  ","by"," calling 0845"
"farm.org.uk","day of  receipt  ","by"," us. Funds can"
"farm.org.uk","your  account  ","by"," phone, the TD"
"farm.org.uk","or  takeover  ","by"," or for any such"
"farm.org.uk","the  failure  ","by"," you to receive"
"farm.org.uk","  opportunity  ","by"," writing to you"
"farm.org.uk","(for  example  ","by"," cookies and"
"farm.org.uk","  information  ","by"," writing to us"
"farm.org.uk","these  Terms  ","by"," giving notice"
"farm.org.uk","and  effect  ","by"," way of"
"farm.org.uk","in any  way  ","by"," any"
"farm.org.uk","the  exercise  ","by"," us of all or any"
"farm.org.uk","these  Terms  ","by"," delivering to"
"farm.org.uk","upon  receipt  ","by"," us. 24 Death"
"farm.org.uk","a  transaction  ","by"," us (or third"
"farm.org.uk","of your  Plans  ","by"," us and all"
"farm.org.uk","these  charges  ","by"," sterling"
"farm.org.uk","  effect  ","by"," us giving"
"farm.org.uk","  instructions  ","by"," us. 10.3 We"
"farm.org.uk","at any  time  ","by"," giving one"
"farm.org.uk","  despatch  ","by"," us to you. 12.4"
"businessmatch.org.uk","and  asylum  ","by"," the Parochial"
