"corpus","ukwac"
"subcorpus","-"
"concordance size","14295"
"query","Query:[lc=""causes"" | lemma_lc=""causes""];Positive filter (excluding KWIC):1 1 1 [tag=""Nc.*""];GDEX:100 "
"bayfordkarting.co.uk","''s atmosphere"," causes","  problems  for"
"hyperguide.co.uk","in a way which"," causes","  injustice  to"
"kented.org.uk","a toggle which"," causes","  command  input"
"victorianartinbritain.co.uk","high a speed"," causes","  loss  of"
"growell.co.uk","taking which"," causes","  harm  to the"
"birdfinders.co.uk","organ, which"," causes","  muscle"
"johnbuchansociety.co.uk","of water that"," causes","  blossom  end"
"thamesweb.co.uk","30mg daily"," causes","  harm  ("
"external.swap.ac.uk",". All our big"," causes","  amount  to that"
"phoenixs.co.uk",", this still"," causes",""
"4minutes.co.uk","a virus that"," causes","  anaemia  in"
"greywall.demon.co.uk","disease that"," causes","  inflammation"
"platform-end.co.uk","the bow and"," causes","  war  to cease."
"star.ucl.ac.uk",", cruel and"," causes","  disruption  to"
"treehuggermums.co.uk","natural- what"," causes","  difficulties"
"birminghamfoe.org.uk","'' but"," causes","  grief  , and"
"victorianartinbritain.co.uk","a system also"," causes","  noise  . Air"
"admin.cam.ac.uk","before it"," causes","  skiers  thumb!"
"key-arts.co.uk",", once again"," causes","  symmetry  in"
"growell.co.uk","taking which"," causes","  harm  to the"
"practicalpc.co.uk","about what"," causes","  changes  of"
"word-on-the-web.co.uk","with God and it"," causes","  others  to"
"thetrousers.co.uk","what"," causes","  things  to grow"
"efa.org.uk","change always"," causes","  problems  ."
"legendarydartmoor.co.uk","escape"," causes","  life"
"taxfreegold.co.uk","on the block or"," causes","  others  to ooh"
"francealacarte.org.uk","to detect,"," causes","  traffic"
"gorleston-on-sea.co.uk","; morphine"," causes","  spasm  of the"
"blog.ctrlbreak.co.uk","Disease which"," causes",""
"americansc.org.uk","often"," causes","  turnbuckles"
"blogistan.co.uk",". Too much"," causes","  burning  ,"
"john.pettigrew.org.uk",". Mercury"," causes","  birth  defects"
"insideoutpr.co.uk","out. His cross"," causes","  problems  and"
"goddessalive.co.uk","stress"," causes","  pain  there."
"baronage.co.uk","nitrogen and"," causes","  disease  in"
"addictive247.co.uk","problems and"," causes","  workers  to"
"eng.warwick.ac.uk","many good"," causes","  benefit  ?"
"thepresidenthotel.co.uk","that this"," causes","  damage  to the"
"oink.demon.co.uk","of insulin"," causes","  diabetes  . By"
"william-shakespeare.org.uk","than one, also"," causes","  memory"
"psalmody.co.uk","who"," causes","  blizzards"
"taylorbells.co.uk","globe, this"," causes","  frustrations"
"william-shakespeare.org.uk","). If set, this"," causes","  memory"
"4minutes.co.uk","of a gene that"," causes","  tumours  by"
"gmgplc.co.uk",". The -p option"," causes","  output  to be"
"gmgplc.co.uk",". The -p option"," causes","  output  to be"
"gmgplc.co.uk",". The -l option"," causes","  output  to be"
"nbtea.co.uk","fillings,"," causes","  exposure  to"
"saa.co.uk","the virus that"," causes","  bluetongue  --"
"gleeson0.demon.co.uk","spaces; it"," causes",""
"liberty-human-rights.org.uk","mould that"," causes","  disease"
"greywall.demon.co.uk","that"," causes","  inflamation"
"penninewaterways.co.uk","glufosinate,"," causes","  birth  defects"
"cleanersafergreener.gov.uk","? - What"," causes","  violence  in"
"integral.co.uk","instance. It"," causes","  problems  for"
"marquee.demon.co.uk","vector"," causes","  cancer  as well"
"gorleston-on-sea.co.uk","involvement"," causes",""
"books.kelkoo.co.uk","B virus"," causes","  myocarditis"
"talyllyn.co.uk","with dogs"," causes","  damage  and"
"authorsonline.co.uk","mould that"," causes","  disease"
"royalpioneercorps.co.uk","to a file. It"," causes","  values  to be"
"epsr-marx-lenin.co.uk","what somehow"," causes","  something  may"
"addictive247.co.uk","long hours"," causes","  safety"
"obv.org.uk","to product A"," causes","  X  percent of"
"gleeson0.demon.co.uk","of control it"," causes","  distress  to"
"gmgplc.co.uk",", and %q"," causes","  printf  to"
"qcanet.co.uk","that she"," causes","  confusion  in"
"cleanersafergreener.gov.uk","did? - What"," causes","  terrorism  ? -"
"midleykent.fsnet.co.uk","product that"," causes","  people  to"
"kented.org.uk","mand breaksw"," causes","  execution  to"
"gmgplc.co.uk",", each of which"," causes","  printing  of"
"safeguardbarriers.co.uk","and all"," causes","  mortality  ."
"bectu.org.uk","outlined that"," causes","  governments"
"redking.co.uk","outlined that"," causes","  governments"
"safeguardbarriers.co.uk","and all"," causes","  mortality"
"nyb.org.uk","more severe it"," causes","  angina  or"
"mara.org.uk","to manual that"," causes","  problems  with"
"ias.org.uk","taxes. What"," causes","  inflation  ? In"
"languagesabroad.co.uk","relations,"," causes","  sufferings  to"
"wellerassociates.co.uk","definitely"," causes","  flare-ups  . I"
"macrobiotics.co.uk","spasm which"," causes","  pain  similar"
"teachingenglish.org.uk","money supply"," causes","  inflation  ("
"italian.classic-literature.co.uk","that"," causes","  platelets  to"
"gmgplc.co.uk",") for- mats, %b"," causes","  printf  to"
"crbs.org.uk","` ` ^[ '' '') which"," causes","  entry  into"
"new-agri.co.uk","and whether it"," causes","  autism  . He"
"kented.org.uk","and ` ^ ''. break"," Causes","  execution  to"
"bordercrossings.org.uk","that"," causes","  feelings  of"
"admin.cam.ac.uk","use a tripod! )"," causes","  viewer"
"phoenixs.co.uk","still"," causes","  shuffling  of"
"art-sx.co.uk","of good"," causes","  money  from the"
"rodge.force9.co.uk","information"," causes",""
"cleanersafergreener.gov.uk","occur, what"," causes",""
"ppsoftnet.co.uk","heart, it also"," causes","  cancer  and is"
"ninotchka.co.uk","muscular pain"," causes","  restriction"
"windmill.co.uk","will"," causes","  anemia"
"borkowski.co.uk","do this. This"," causes","  problems  both"
"scotlandoffice.gov.uk","most commonly"," causes","  malaria  ,"
"authorsonline.co.uk",", which"," causes","  abortion  in"
"disabilitynow.org.uk","Kalinichenko"," causes","  chaos  but this"
"isec2000.org.uk",". This"," causes","  distress  and"
"spotonmarketing.co.uk","e. g. malaria"," causes","  flu  like"
"iserv.abertay.ac.uk","the diet that"," causes","  disease  , it is"
"news.cheapflights.co.uk","","causes","  fire  in UN"
"newempiretheatre.co.uk","knowledge"," causes","  strife  within"
"sfx.co.uk","the tag which"," causes","  text  to flash ("
"psalmody.co.uk","colon often"," causes","  weight  loss,"
"byhandsandfeet.co.uk",", and thus"," causes","  death  by"
"birminghamfoe.org.uk","that"," causes","  eyestrain  and"
"cjd.ed.ac.uk","laziness that"," causes","  poverty  . Such"
"northill.demon.co.uk","each turn and"," causes","  damage  just"
"tqc.co.uk","even if it"," causes","  pain  or injury"
"tqc.co.uk","even if it"," causes","  pain  or injury"
"cwn.org.uk","manner"," causes","  mayhem  in a"
"antcarparts.co.uk","conduct which"," causes","  harm  or"
"antcarparts.co.uk","studies, or"," causes","  disruption  to"
"accfinweb.account.strath.ac.uk","paracetamol"," causes","  liver  damage"
"smoothhound.co.uk","means it"," causes","  changes  in"
"fairtrade.org.uk","what it is that"," causes","  cultures  or"
"socialism.org.uk",". This"," causes","  assembly"
"ggr-associates.co.uk",", in turn,"," causes","  winds  . As air"
"durhamwriters.org.uk","glufosinate,"," causes","  birth  defects"
"samoa.co.uk","pain not only"," causes","  distress  , but"
"birminghamfoe.org.uk","glufosinate,"," causes","  birth  defects"
"cssplay.co.uk",". Technology"," causes","  rootlessness"
"selectideas.co.uk","damage that"," causes","  cancer  by"
"brake.org.uk","that"," causes","  gangrene  of"
"the-fan.co.uk","that"," causes","  crown  gall"
"qmir.dcs.qmul.ac.uk",". The -l option"," causes","  output  to be"
"qmir.dcs.qmul.ac.uk",", each of which"," causes","  printing  of"
"qmir.dcs.qmul.ac.uk",") for- mats, %b"," causes","  printf  to"
"qmir.dcs.qmul.ac.uk",", and %q"," causes","  printf  to"
"qmir.dcs.qmul.ac.uk",". The -p option"," causes","  output  to be"
"qmir.dcs.qmul.ac.uk",". The -p option"," causes","  output  to be"
"compbio.dundee.ac.uk","the hare"," causes","  terror  . The"
"www2.warwick.ac.uk",". If this diet"," causes","  symptoms  such"
"heraldav.co.uk",". Flooding"," causes","  millions  of"
"heraldav.co.uk","levels, it"," causes","  sunburn  and"
"geog.cam.ac.uk","research that"," causes","  cancer  in rats"
"iqpc.co.uk","as to what"," causes","  egg  binding. I"
"classic-literature.co.uk",". This"," causes","  difficulties"
"screenonline.org.uk","of which often"," causes","  problems  ."
"news.bbc.co.uk","computer"," causes","  trouble  for"
"building-history.pwp.blueyonder.co.uk","that ` Money"," causes","  strife  among"
"bl.uk","The hunt"," causes","  damage  to"
"gfdl.marxists.org.uk","dosing"," causes","  methadone  to"
"thestage.co.uk","e-Valentine"," causes","  havoc"
"bized.ac.uk","at Gretna and"," causes","  capacity"
"bized.ac.uk","track section"," causes","  capacity"
"allotment.org.uk","as it may"," causes",""
"jncc.gov.uk","her cubs) this"," causes","  mating  with"
"burnyourbonus.co.uk","included the"," causes","  section  of the"
"penguinclassics.co.uk","at work"," causes","  illness  ,"
"bbc.co.uk","per year. This"," causes","  disruption"
"hm-treasury.gov.uk","vessels and"," causes","  heart  attacks"
"hm-treasury.gov.uk","pregnancy, it"," causes","  cellulite  to"
"ciao.co.uk","exactly what"," causes","  IBS  or how it"
"mhra.org.uk","nologin which"," causes","  programs  such"
"mhra.org.uk",". The -n flag"," causes","  shutdown  not"
"eprints.gla.ac.uk","immediately"," causes","  flutters  with"
"thegoodwebguide.co.uk",", and then"," causes","  emissions  ."
"imperial.ac.uk",". The -l option"," causes","  output  to be"
"imperial.ac.uk",", each of which"," causes","  printing  of"
"imperial.ac.uk",") for- mats, %b"," causes","  printf  to"
"imperial.ac.uk",", and %q"," causes","  printf  to"
"imperial.ac.uk",". The -p option"," causes","  output  to be"
"imperial.ac.uk",". The -p option"," causes","  output  to be"
"futurelab.org.uk","of those rare"," causes","  célèbres"
"shef.ac.uk","attendance"," causes","  disturbance"
"thisistravel.co.uk","usr/ spool. -f"," Causes","  everything  to"
"socialistunitynetwork.co.uk","usually"," causes","  distress  to"
"burnyourbonus.co.uk","or in a way that"," causes","  annoyance  to"
"kierenmccarthy.co.uk","","causes","  disease  , and"
"cygnus-books.co.uk","what"," causes","  changes  in the"
"somewhatmuchly.co.uk","when a product"," causes","  damage  or"
"york.ac.uk","human gut, it"," causes","  diarrhoea  ,"
"politics.guardian.co.uk","of what"," causes","  demotivation"
"tech.plym.ac.uk","what"," causes","  unemployment"
"tate.org.uk","A negative cnt"," causes","  pcap_loop(  )"
"thisistravel.co.uk","through fear"," causes","  feelings  of"
"acegamez.co.uk","my neck which"," causes","  problems  . Its"
"starlink.rl.ac.uk","certainly"," causes","  autism  ."
"cnetwork.co.uk","into soil or"," causes","  soil"
"thegoodwebguide.co.uk","so that"," causes","  pain  too as i"
"futurelab.org.uk","girl who"," causes","  unhappiness"
"cancerbackup.org.uk","from natural"," causes","  reports  state"
"wessexscene.co.uk",". It also"," causes","  sodium"
"wessexscene.co.uk","insulin level"," causes","  adrenalin  to"
"socialistunitynetwork.co.uk","which"," causes","  laughter"
"bbk.ac.uk","movement"," causes","  tension  in"
"dailymail.co.uk","each turn and"," causes","  damage  just"
"incore.ulst.ac.uk","data"," causes","  problems"
"spamfo.co.uk","punctuality"," causes","  disruption  ;"
"manchesteronline.co.uk",". The corner"," causes","  problems  but"
"futuremovies.co.uk","Spam rage"," causes","  radio"
"dca.gov.uk","serotonin"," causes","  constriction"
"chester.ac.uk","to sunlight"," causes","  damage  to the"
"classic-literature.co.uk","but sometimes"," causes","  problems  We"
"ess.uwe.ac.uk","his children"," causes","  traffic  chaos"
"neptunepinkfloyd.co.uk","organism that"," causes","  leprosy  may"
"neptunepinkfloyd.co.uk","organism that"," causes","  TB  (M."
"bnp.org.uk","hold. This"," causes","  resentment"
"big-brother.me.uk","by which it"," causes","  disease  . The"
"big-brother.me.uk","as to how it"," causes","  disease  and"
"psigate.ac.uk","of harm"," causes","  headaches  to"
"wdm.org.uk","of wounding"," causes","  concern  from"
"ucl.ac.uk","in the paper"," causes","  apolexy  in"
"defra.gov.uk","work or if it"," causes","  problems  . Are"
"thisistravel.co.uk","what"," causes","  inflation  in"
"transglobal-aerospace.co.uk","reaction"," causes","  action  ,"
"cd.ciao.co.uk","which"," causes","  scalar  and"
"futurelab.org.uk","females it"," causes","  birth  defects"
"wdm.org.uk","of ab. This"," causes","  wage  rates to"
"burnyourbonus.co.uk","base,"," causes","  trade"
"patp3.webbler.co.uk","that"," causes","  problems  . The"
"nickys-nursery.co.uk","in the soil"," causes","  detection"
"nationalschool.gov.uk","consuming and"," causes","  delays  in"
"nationalschool.gov.uk",". It also"," causes","  corrosion  and"
"nationalschool.gov.uk","gear helps but"," causes","  heat  buildup."
"cambridge.gov.uk","of good"," causes","  money  from the"
"hm-treasury.gov.uk","What"," causes","  depression  ?"
"nickys-nursery.co.uk","in this stage"," causes","  night  vision"
"tandf.co.uk","cough"," causes","  distress  when"
"tandf.co.uk","in thinking"," causes","  problems  when"
"hacan.org.uk","involved. It"," causes","  pain  to those"
"hacan.org.uk",", and often"," causes","  depression  ."
"cabe.org.uk",". Bloppo"," causes","  brain"
"cabe.org.uk","inhaling gunk"," causes","  liquids  to"
"hm-treasury.gov.uk",". This"," causes","  problems  when"
"burnyourbonus.co.uk","-a This option"," causes","  list"
"archive.food.gov.uk",", which"," causes","  food"
"capita.co.uk","This option"," causes","  rsync  to set"
"capita.co.uk","This option"," causes","  rsync  to set"
"capita.co.uk","This option"," causes","  rsync  to set"
"capita.co.uk","This option"," causes","  rsync  to"
"shef.ac.uk","it sometimes"," causes","  annoyance  in"
"casi.org.uk","released GMO"," causes","  damage  to"
"psigate.ac.uk","-- that"," causes","  people  not to"
"big-brother.me.uk","it can often"," causes","  tiredness"
"cgi.ebay.co.uk","to that which"," causes","  heart  disease"
"bized.ac.uk","organism that"," causes","  botulism  ."
"bized.ac.uk",". And I know it"," causes","  distress  in"
"thisistravel.co.uk","imagery here"," causes","  unease  and"
"chat.dailymail.co.uk","political"," causes","  people  have,"
"number-10.gov.uk","a company that"," causes","  pollution"
"defra.gov.uk","times and this"," causes","  prices  to rise"
"classic-literature.co.uk","so that it"," causes","  excitement  at"
"poetrysociety.org.uk","insured peril"," causes","  loss  (or, in"
"undiscoveredscotland.co.uk",". Casuistry"," causes","  casualties  ,"
"i-sis.org.uk","of failure"," causes",""
"athelstane.co.uk","that"," causes","  cancer  in gene"
"dumgal.gov.uk","vision, which"," causes","  blindness  ."
"defra.gov.uk","height"," causes","  unstableness"
"applegate.co.uk","the agent that"," causes","  BSE  . From this"
"catholic-ew.org.uk",", he says,"," causes","  people  to"
"spartacus.schoolnet.co.uk","the acid that"," causes","  decay  . Fizzy"
"nwda.co.uk",", but not if it"," causes","  highlights  or"
"brianmac.demon.co.uk",", that"," causes","  suffering  ."
"bnp.org.uk",". The -l option"," causes","  output  to be"
"bnp.org.uk",", each of which"," causes","  printing  of"
"bnp.org.uk",") for- mats, %b"," causes","  printf  to"
"bnp.org.uk",", and %q"," causes","  printf  to"
"bnp.org.uk",". The -p option"," causes","  output  to be"
"bnp.org.uk",". The -p option"," causes","  output  to be"
"bwpics.co.uk","their drug"," causes","  suicide  . When"
"users.ox.ac.uk","which"," causes","  witches  broom"
"patent.gov.uk","roots But what"," causes","  people  to"
"guardian.co.uk",","," causes","  separation  ,"
"eatwell.gov.uk","Training"," causes","  micro-trauma"
"fortunecity.co.uk","as SMN, which"," causes","  loss  of motor"
"i-sis.org.uk","which just"," causes","  aggravation"
"inminds.co.uk","of fame that"," causes","  people  to not"
"defra.gov.uk","that"," causes","  traffic  jams"
"visitsouthwest.co.uk","Middle East"," causes","  agonies  all"
"kent.ac.uk",": append"," Causes","  messages"
"kent.ac.uk","). ask, asksub"," Causes","  mail  to prompt"
"kent.ac.uk","line and"," causes","  mail  to output"
"presentationhelper.co.uk","* Iraq protest"," causes","  chaos  [ on"
"imperial.ac.uk","surface"," causes","  astigmatism  ,"
"imperial.ac.uk","spot only"," causes","  difficulty"
"imperial.ac.uk",", exhaustion"," causes","  aircrew"
"imperial.ac.uk","sunlight"," causes","  discomfort"
"imperial.ac.uk","acuity that"," causes","  problems  for"
"stalbans.gov.uk",", and this"," causes","  confusion"
"cpgb.org.uk","force"," causes","  stability  in"
"forum.digitalspy.co.uk",". 2,3 What"," causes","  kidney  stones"
"presentationhelper.co.uk",". It"," causes",""
"tate.org.uk","to UVA"," causes","  skin  ageing"
"eatwell.gov.uk","session. This"," causes","  problems  with"
"cgi.ebay.co.uk","that cannabis"," causes",""
"soulwalking.co.uk","poverty that"," causes","  parents  to"
"catholic-ew.org.uk","stimulus that"," causes","  salmon  to"
"wessexscene.co.uk","B. anthracis,"," causes","  anthrax  , B."
"refer.nhs.uk","a toxin that"," causes","  diarrhoea  and"
"projects.ex.ac.uk",", which"," causes","  problems  for"
"york.ac.uk","to grow and"," causes","  rickets  in"
"kwintessential.co.uk","organism that"," causes","  tuberculosis"
"fantasticfiction.co.uk","which"," causes","  witches  broom"
"manchesteronline.co.uk","organ, which"," causes","  muscle"
"cheng.cam.ac.uk","all these and"," causes","  distress  to"
"sundaymail.co.uk","trust, which"," causes","  harm  or"
"janus.lib.cam.ac.uk","most commonly"," causes","  fractures  ("
"janus.lib.cam.ac.uk","serious. What"," Causes","  Osteoporosis"
"darlington.gov.uk","disease that"," causes","  fever  and skin"
"spartacus.schoolnet.co.uk","lit. The smoke"," causes","  problems  in"
"pparc.ac.uk","normally"," causes","  diarrhoea  and"
"pparc.ac.uk","but it rarely"," causes","  vomiting  or"
"pparc.ac.uk","usually"," causes","  illness  in"
"bjhc.co.uk","! Learn what"," causes","  earthquakes"
"student-direct.co.uk","accumulation"," causes","  tissue  damage"
"netdoctor.co.uk","a doctor. What"," causes","  cancer  of the"
"netdoctor.co.uk","food. This"," causes","  weight  loss"
"bized.ac.uk","tooth. This"," causes","  pressure"
"rvc.ac.uk","virus that"," causes","  colds  and from"
"starlink.rl.ac.uk","disease which"," causes","  inflammation"
"i-sis.org.uk","Missouri. "" It"," causes","  confusion  and"
"spartacus.schoolnet.co.uk","host and how it"," causes","  disease  ."
"visitsouthwest.co.uk","occurred and"," causes","  pain  in humans"
"wdm.org.uk","actually"," causes","  heart  disease"
"bized.ac.uk",", for example,"," causes","  inflammation"
"burnyourbonus.co.uk","heroin which"," causes","  drug"
"greenparty.org.uk","when set to On,"," causes","  readline  to"
"greenparty.org.uk",", which"," causes","  readline  to"
"oneguyfrombarlick.co.uk",", which"," causes","  uncertainty"
"undiscoveredscotland.co.uk","breath '',"," causes","  confusion  in"
"cain.ulst.ac.uk","even before it"," causes","  pain  . The"
"ess.uwe.ac.uk","that"," causes","  tumours  to"
"shop.earthscan.co.uk","and"," causes","  people  to fall"
"manchesteronline.co.uk",", and"," causes","  birth  defects"
"history.ac.uk","abortion"," causes","  pain  to unborn"
"bbc.co.uk","''s request"," causes",""
"kwintessential.co.uk","which"," causes","  witches  broom"
"patp3.webbler.co.uk","stress that"," causes","  overtraining"
"archive.food.gov.uk","of view, and"," causes","  argument"
"lse.ac.uk","plan"," causes","  furore  The"
"mhra.org.uk","Loss of TSLC1"," Causes","  Male"
"southbucks.gov.uk","parturition"," causes","  infertility"
"poetrysociety.org.uk","times this"," causes","  numbness  or"
"casi.org.uk","(which"," causes","  colds  and"
"pparc.ac.uk","pressure and"," causes","  overfilling  ."
"heacademy.ac.uk","potential and"," causes","  deafness  in"
"pocket-lint.co.uk","chosen, which"," causes","  half  of all UK"
"jr2.ox.ac.uk",". This usually"," causes","  lees  that are"
"mailman-new.greennet.org.uk","many sites and"," causes",""
"janus.lib.cam.ac.uk",". This"," causes","  splits  and"
"soulwalking.co.uk","of which often"," causes","  problems  ."
"lse.ac.uk","elections"," causes","  concern"
"paramedic.org.uk","violence that"," causes","  societies  to"
"inminds.co.uk",", that again"," causes","  hare"
"janus.lib.cam.ac.uk",", which"," causes","  amusement  in"
"qub.ac.uk","of pressure"," causes","  condensation"
"eduserv.org.uk","disorder that"," causes",""
"unixhelp.ed.ac.uk","hot oil fumes"," causes","  symptoms"
"mark-twain.classic-literature.co.uk","down on salt"," causes","  leg  cramps?"
"mark-twain.classic-literature.co.uk","down on salt"," causes","  leg  cramps?"
"users.ox.ac.uk",". The -l option"," causes","  output  to be"
"users.ox.ac.uk",", each of which"," causes","  printing  of"
"users.ox.ac.uk",") for- mats, %b"," causes","  printf  to"
"users.ox.ac.uk",", and %q"," causes","  printf  to"
"users.ox.ac.uk",". The -p option"," causes","  output  to be"
"users.ox.ac.uk",". The -p option"," causes","  output  to be"
"lse.ac.uk","they alcohol"," causes","  weight  gain"
"bl.uk","that"," causes","  crown  gall"
"oneguyfrombarlick.co.uk","minutes. What"," causes","  angina  ? In"
"oneguyfrombarlick.co.uk","oxygen which"," causes","  pain  in the"
"eatwell.gov.uk","that"," causes","  cancer  )"
"presentationhelper.co.uk","the UK, which"," causes","  problems  in"
"guardian.co.uk",". Animal"," causes","  celebres  :"
"gnn.gov.uk","primate"," causes","  trouble  for"
"futuremovies.co.uk",". 9 What"," causes","  dementia  ?"
"netribution.co.uk","failure. What"," causes","  heart  failure"
"news.zdnet.co.uk","which"," causes","  glare  and"
"amazon.co.uk","the eyes What"," causes","  tension"
"youngminds.org.uk","but it still"," causes","  pollution-"
"bubl.ac.uk","an alliance"," causes","  confusion"
"bized.ac.uk","drug use,"," causes","  crime  ."
"britishempire.co.uk","Audit often"," causes","  confusion  ."
"wdm.org.uk","'' in itself"," causes","  congestion  ."
"archive.food.gov.uk","Savr tomato"," causes","  hazards  ."
"greenparty.org.uk","the event that"," causes","  damage  in some"
"earthfirst.org.uk","organism that"," causes","  botulism  ."
"dresscircle.co.uk","). This"," causes",""
"kent.ac.uk","that itself"," causes","  constipation"
"projects.ex.ac.uk","been removed"," causes","  condensation"
"paulflynnmp.co.uk","eventually"," causes","  death  ."
"paulflynnmp.co.uk","and goats and"," causes","  death  ?"
"amazon.co.uk","> which"," causes","  cancer  and"
"gimbo.org.uk","plan"," causes","  furore  The"
"wessexscene.co.uk",". What"," causes","  toothache  ?"
"kierenmccarthy.co.uk","fungus that"," causes","  blast  disease"
"soulwalking.co.uk","which"," causes","  erythema  ("
"kwintessential.co.uk","that"," causes","  crown  gall"
"transglobal-aerospace.co.uk","policy"," causes","  resentment"
"passiondiscs.co.uk","sanctions"," causes","  delays  and"
"doc.ic.ac.uk","vector"," causes","  cancer  as well"
"foe.co.uk",", it also"," causes","  things  to come"
"mailonsunday.co.uk","this"," causes","  resentment"
"onlinedmc.co.uk","that never"," causes","  disease  and"
"soton.ac.uk","(which"," causes","  gangrene  ),"
"poole.gov.uk","taking which"," causes","  harm  to the"
"teentoday.co.uk",". What"," causes","  obesity  ?"
"seniorsnetwork.co.uk","them and"," causes","  trouble"
"aiai.ed.ac.uk","in that if a fox"," caUses","  damage  does"
"mqmagazine.co.uk",": smoking"," causes","  lung  cancer,"
"undiscoveredscotland.co.uk","smoking"," causes","  lung  cancer"
"myweb.lsbu.ac.uk",". This"," causes","  increases  in"
"untoldlondon.org.uk","cancer"," causes","  symptoms  ,"
"untoldlondon.org.uk","year. 2 What"," causes","  prostate"
"jezuk.co.uk","your skin and"," causes","  blisters"
"durham21.co.uk","every year. It"," causes","  dysuria  ,"
"soulwalking.co.uk","arteries that"," causes","  heart  disease"
"sanger.ac.uk","a fox with a dog"," causes","  changes  that"
"big-brother.me.uk",", and"," causes","  birth  defects"
"ff1600.co.uk","that the "" root"," causes","  approach  "" has"
"cnetwork.co.uk",". (Other"," causes","  aswell  I know!"
"aiai.ed.ac.uk","in Iraq simply"," causes","  destruction"
"alnwick.gov.uk","with dogs also"," causes","  disturbance"
"stalbans.gov.uk","which"," causes","  cancer  and"
"incore.ulst.ac.uk","that"," causes","  tumors  to form"
"bized.ac.uk",". 4 What"," causes","  stiffness  of"
"bized.ac.uk",". 4 What"," causes",""
"nationalschool.gov.uk","who goes and"," causes","  destruction"
"sanger.ac.uk","agent which"," causes","  scrapie  is not"
"phrases.org.uk","that"," causes","  tumours  to"
"athelstane.co.uk","a toggle which"," causes","  command  input"
"athelstane.co.uk","and ` ^ ''. break"," Causes","  execution  to"
"athelstane.co.uk","mand breaksw"," causes","  execution  to"
"socialistunitynetwork.co.uk","? logging"," causes","  collateral"
"kierenmccarthy.co.uk","for green"," causes","  Hundreds  of"
"poetrysociety.org.uk","vector"," causes","  cancer  "" by"
"nwda.co.uk","cells. Gout"," causes","  inflammation"
"cain.ulst.ac.uk","wonder. Beam"," causes","  safety  scare"
"fantasticfiction.co.uk","vector"," causes","  cancer  as well"
"poetrysociety.org.uk","where this"," causes","  delay  or"
"news.cnet.co.uk","with the"," causes","  célèbres  of"
"incore.ulst.ac.uk","","Causes","  Nobody  knows"
"ess.uwe.ac.uk",") is involved,"," causes","  confusion  ? -"
"ess.uwe.ac.uk",") is involved,"," causes","  confusion  ? A5"
"capita.co.uk","of animals. It"," causes","  abortion  and"
"prospect-magazine.co.uk","parasite that"," causes","  sleeping"
"prospect-magazine.co.uk","and humans,"," causes",""
"forums.multiplay.co.uk",", which"," causes","  meningitis  in"
"acegamez.co.uk","space object"," causes","  damage  , could"
"fishandfly.co.uk","it"," causes","  result  in"
"bay-c.co.uk",". What"," causes","  iron"
"projects.ex.ac.uk","but certainly"," causes","  brain  damage"
"dolphinmusic.co.uk","breakdown"," causes","  dispute  and"
"seniorsnetwork.co.uk",". Acrylamide"," causes","  cancer  in"
"cain.ulst.ac.uk","Zack Bishop"," causes","  concern  ."
"cain.ulst.ac.uk","refereeing"," causes","  trouble  for"
"onlinedmc.co.uk","of the man who"," causes","  death  and"
"onlinedmc.co.uk","or ingested,"," causes","  cancer  . In a"
"classic-literature.co.uk","bomb"," causes","  problems  for"
"televisionheaven.co.uk","it is this that"," causes","  cornflakes  to"
"passiondiscs.co.uk","odor and"," causes","  burning  pain"
"passiondiscs.co.uk","the lungs,"," causes","  breathing"
"passiondiscs.co.uk","nerve agents"," causes","  constriction"
"passiondiscs.co.uk","that"," causes","  anthrax  , is an"
"nwda.co.uk","what"," causes","  flooding  ,"
"richmond.ac.uk","of a signal"," causes","  changes  in"
"i-sis.org.uk",". This"," causes","  stiffness  and"
"poetrysociety.org.uk","cases. What"," causes","  childhood"
"photo-i.co.uk",", which"," causes","  disease  . This"
"shef.ac.uk","severe. What"," causes","  asthma  on"
"shef.ac.uk","beforehand"," causes","  collapse  and"
"myweb.lsbu.ac.uk","us. Only God"," causes","  repentance  ."
"netribution.co.uk","; including it"," causes","  problems"
"spartacus.schoolnet.co.uk","from volcano"," causes","  flight  delays"
"greenparty.org.uk","that"," causes","  weather"
"seniorsnetwork.co.uk",", which"," causes","  round  robin"
"brianmac.demon.co.uk","certain areas"," causes","  sub-surface"
"poole.gov.uk","are great"," causes","  worth  working"
"cygnus-books.co.uk","septum. What"," causes","  nosebleeds  ?"
"irr.org.uk","? What"," causes","  bone"
"irr.org.uk","? What"," causes","  cramp  ? What"
"irr.org.uk","cramp? What"," causes","  gout  What"
"irr.org.uk","What"," causes","  arthritis  ?"
"irr.org.uk","disease? What"," causes","  osteitis"
"skuds.co.uk","people and"," causes","  growth  . And He"
"visitsouthwest.co.uk","by itself it"," causes","  things  to"
"fantasticfiction.co.uk",". This"," causes","  electrons  to"
"fishandfly.co.uk","it hardly ever"," causes","  symptoms  ."
"fishandfly.co.uk","damage. What"," causes","  hypertension"
"kwintessential.co.uk","be "" dirty "" (it"," causes","  problems  by"
"bjhc.co.uk","that she"," causes","  confusion  in"
"entsweb.co.uk","eosinophilia"," causes","  damage  to the"
"arrivatrainswales.co.uk",". What"," causes","  ulceration  ?"
"arrivatrainswales.co.uk","these valves"," causes","  blood  to flow"
"manchesteronline.co.uk","(UVR)"," causes","  skin  cancers;"
"chem.ox.ac.uk","we believe"," causes","  confusion  ."
"socialistunitynetwork.co.uk","society and"," causes","  isolation"
"euro.gov.uk","that"," causes","  cancer  )"
"iwar.org.uk","of the man who"," causes","  death  and"
"iwar.org.uk","or ingested,"," causes","  cancer  . In a"
"cygnus-books.co.uk","globalism"," causes","  plants  to shut"
"nta.nhs.uk","? This often"," causes",""
"femalefirst.co.uk","very presence"," causes","  virgins  to"
"mark-twain.classic-literature.co.uk","? ; What"," causes","  stress  ? ; More"
"heacademy.ac.uk","many more,"," causes","  millions  of"
"myweb.lsbu.ac.uk",". This"," causes","  stiffness  and"
"rhs.org.uk","disease which"," causes","  inflammation"
"dailymail.co.uk","action that"," causes","  devastation"
"nwda.co.uk",", which in turn"," causes","  NCA  reactions"
"foe.co.uk","type"," causes","  ignition  by"
"chester.ac.uk","asthma. What"," causes","  asthma  in"
"theregister.co.uk","smoking"," causes","  cancer  and"
"theregister.co.uk","air pollution"," causes","  asthma  ,"
"transglobal-aerospace.co.uk","can"," causes","  pressure  on"
"transglobal-aerospace.co.uk",". This in turn"," causes","  tension  in the"
"incore.ulst.ac.uk","episode. What"," causes","  nettle  rash?"
"jr2.ox.ac.uk","However, what"," causes","  people  to opt"
"euro.gov.uk","that epilepsy"," causes","  seizures  , and"
"publications.parliament.uk","that"," causes","  fire  can be"
"birdtours.co.uk","culture"," causes","  problems  in"
"mackies.co.uk","very least, it"," causes","  offence  ."
"bitc.org.uk","extra blood"," causes","  gums  to swell,"
"bitc.org.uk","pregnancy"," causes","  discomfort  in"
"televisionheaven.co.uk","action which"," causes","  someone  to"
"chester.ac.uk","in a way which"," causes","  injustice  to"
"brookes.ac.uk",". But what"," causes","  phobias  ? Do a"
"euro.gov.uk",". This"," causes","  assembly"
"acegamez.co.uk","Lottery good"," causes","  money  from the"
"users.ox.ac.uk","process which"," causes","  delays  in"
"richmond.gov.uk","the allergen"," causes","  inflammation"
"nationalschool.gov.uk","nasopharynx"," Causes","  Signs  and"
"headheritage.co.uk","morning and"," causes","  sleep"
"leeds.gov.uk","players that"," causes","  grief  , such as"
"soton.ac.uk","vector"," causes","  cancer  "" by"
"somethingjewish.co.uk","not only"," causes","  dryness  or"
"bfi.org.uk:8080",". Baptism"," causes","  nothing  ! And"
"isec2005.org.uk","that"," causes","  cells  to"
"policyhub.gov.uk","art often"," causes","  outrage"
"reviewing.co.uk",", the"," causes","  â  ? ? and"
"nutcote.demon.co.uk","smoking"," causes","  lung  cancer"
"burnyourbonus.co.uk","Giving errors"," causes","  apps  to crash,"
"cygnus-books.co.uk","also"," causes","  birth  defects"
"news.zdnet.co.uk","* Iraq protest"," causes","  chaos  *"
"news.zdnet.co.uk","drinking"," causes","  mouth  cancer"
"mfiles.co.uk","rare gene that"," causes","  cancer  , they"
"news.zdnet.co.uk","town of Aniane"," causes","  controversy"
"orangeprize.co.uk","home, which"," causes","  difficulties"
"iq.lycos.co.uk","ago because it"," causes","  liver  damage."
"news.zdnet.co.uk","to do,"," causes",""
"bupa.co.uk","that"," causes","  blood  vessels"
"refer.nhs.uk","-c This option"," causes","  e2fsck  to run"
"refer.nhs.uk","-C This option"," causes","  e2fsck  to"
"refer.nhs.uk",". This option"," causes","  e2fsck  to try"
"refer.nhs.uk","This signal"," causes","  e2fsck  to"
"refer.nhs.uk","This signal"," causes","  e2fsck  to stop"
"refer.nhs.uk","which"," causes","  e2fsck  to"
"passiondiscs.co.uk","apparently"," causes","  trains  to come"
"forum.anothersite.co.uk","behind you and"," causes","  anyone  caught"
"business.guardian.co.uk","which"," causes","  sores  and"
"mqmagazine.co.uk","of a character"," causes","  energy  levels"
"archive.food.gov.uk",". We know what"," causes","  people  to be"
"classic-literature.co.uk","response"," causes","  muscles  to"
"mygen.co.uk","vector"," causes","  cancer  as well"
"euro.gov.uk","rights. That"," causes","  division  ."
"uklug.co.uk",", barnase"," causes","  kidney  damage"
"rhs.org.uk","the force that"," causes","  movement  . For"
"york.ac.uk","world that"," causes","  unrest  your"
"cain.ulst.ac.uk","The explosion"," causes","  damage  to"
"eatwell.gov.uk","steels as this"," causes",""
"developments.org.uk",", as obesity"," causes","  illnesses"
"televisionheaven.co.uk","Flight device"," causes","  knee-jerk"
"kierenmccarthy.co.uk","the kidney,"," causes","  cancer  and"
"kierenmccarthy.co.uk",". Fumonisin"," causes","  cancers  of"
"kierenmccarthy.co.uk","(vomitosin)"," causes","  anorexia  at"
"tate.org.uk",", a result that"," causes","  concern  in"
"developments.org.uk",": What"," causes","  controversy"
"bubl.ac.uk","which"," causes","  offence  and"
"moviemail-online.co.uk","and the war"," causes","  devastation"
"ukwhitegoods.co.uk","? What"," causes","  cretinism  ?"
"ucisa.ac.uk","Incineration"," causes","  pollution  and"
"fortunecity.co.uk","which"," causes","  harm  . An"
"youngminds.org.uk","How nicotine"," causes","  ''pleasure  ''"
"soulwalking.co.uk","that is what"," causes","  employers"
"mailonsunday.co.uk","inertia which"," causes","  millions  of"
"headheritage.co.uk","kidneys and"," causes","  aches"
"nutcote.demon.co.uk","knows what"," causes","  IBS  , but the"
"patent.gov.uk","toxin, which"," causes","  botulism  , at"
"sundaymail.co.uk","the great"," causes","  worth"
"mygen.co.uk","of both. What"," causes","  heart  valve"
"bitc.org.uk","failure. What"," causes","  heart  failure"
"phrases.org.uk","rare gene that"," causes","  cancer  , they"
"crystal.dircon.co.uk","that she"," causes","  confusion  in"
"unixhelp.ed.ac.uk","years. It"," causes","  lymphoma  ,"
"unixhelp.ed.ac.uk",". In semen, it"," causes","  birth  defects"
"fortunecity.co.uk","uranium"," causes","  health"
"phgu.org.uk","trial, and"," causes","  cancer  in mice"
"poetrysociety.org.uk",", actually"," causes","  damage  to the"
"cf.ac.uk",", which"," causes","  connectivity"
"new.edp24.co.uk","Sir Lancelot"," causes","  chaos  , and"
"neptunepinkfloyd.co.uk","cases. What"," causes","  diabetes  ?"
"greenparty.org.uk","and this"," causes","  seizures  . I,"
"foe.co.uk",". It too often"," causes","  people  to move"
"fortunecity.co.uk","The blast wave"," causes","  damage  by two"
"fortunecity.co.uk",". This agent"," causes","  botulism  and"
"ess.uwe.ac.uk","disease which"," causes","  nausea  ,"
"robert-louis-stevenson.classic-literature.co.uk","problems it"," causes","  today"
"concept2.co.uk","pollution"," causes","  damage  . But it"
"bris.ac.uk",". The -l option"," causes","  output  to be"
"bris.ac.uk",", each of which"," causes","  printing  of"
"bris.ac.uk",") for- mats, %b"," causes","  printf  to"
"bris.ac.uk",", and %q"," causes","  printf  to"
"bris.ac.uk",". The -p option"," causes","  output  to be"
"bris.ac.uk",". The -p option"," causes","  output  to be"
"watford3r-pct.nhs.uk","? Pregnancy"," causes","  changes  in"
"lenymede.demon.co.uk","whose welfare"," causes","  concern  . It"
"manchesteronline.co.uk","''s database"," causes","  revolt"
"shop.earthscan.co.uk","shortage"," causes","  delays  to"
"bized.ac.uk","which"," causes","  confusion  to"
"ariadne.ac.uk","also"," causes",""
"bdo.co.uk","What"," causes","  kidney  stones"
"cancerbackup.org.uk","headache What"," causes","  migraines  and"
"dur.ac.uk",", which"," causes","  problems  when"
"checkpoint.ansible.co.uk",". This"," causes","  people  to be"
"domino.lancs.ac.uk","that Dypraxa"," causes","  death  must be"
"patent.gov.uk","her damage or"," causes","  pain  . In other"
"glostercanary.co.uk","that"," causes","  ructions  with"
"stalbans.gov.uk","nature which"," causes","  honey  to be an"
"cain.ulst.ac.uk","element only"," causes","  misery  . There"
"graigfarm.co.uk","inevitably"," causes","  distraction"
"parliament.the-stationery-office.co.uk",". Good"," causes","  worth"
"iq.lycos.co.uk",": What"," causes","  controversy"
"ospreys.org.uk",". Either way it"," causes","  problems  ."
"rhs.org.uk","segregation"," causes","  prejudice  ."
"sitcom.co.uk",", which"," causes","  fatigue  and"
"topsssouthwest.org.uk","disease that"," causes","  heart  attacks"
"shop.earthscan.co.uk",". This"," causes","  uncertainty"
"cfoi.org.uk","air defense"," causes","  enemy  air to"
"brianmac.demon.co.uk","in Africa"," causes","  problems  for"
"ippr.org.uk","error that"," causes","  fratricide  ."
"chem.ox.ac.uk","libido,"," causes","  half  of all"
"scit.wlv.ac.uk","and chocolate"," causes","  spots  , but it"
"rcpbml.org.uk","it mainly"," causes","  leaf  blotches"
"rcpbml.org.uk","ramorum"," causes","  bark  cankers."
"bjr.org.uk","exactly what"," causes","  IBS  or how it"
"clieuk.co.uk","'' practice"," causes","  suffering  and"
"clieuk.co.uk","slaughter"," causes","  suffering  and"
"bized.ac.uk","read it, or it"," causes","  pain  . 4. Note"
"aiai.ed.ac.uk","parking"," causes","  traffic"
"wdm.org.uk","on what"," causes","  deserts  and"
"dfid.gov.uk","of a sample"," causes","  problems  ."
"ucl.ac.uk","what"," causes","  flooding  ,"
"spartacus.schoolnet.co.uk","writes,? What"," causes","  quarrels  and"
"spartacus.schoolnet.co.uk","and what"," causes","  fights  among"
"british-history.ac.uk","committed"," causes","  world"
"iansmith.co.uk","servers which"," causes","  inetd  to hang"
"leisureconnection.co.uk","months. What"," causes","  nausea  during"
"leisureconnection.co.uk",") that it"," causes","  dehydration  ."
"stalbans.gov.uk","This mutation"," causes","  tumours  to"
"groups.google.co.uk","humans, but it"," causes","  sickness  ,"
"interact-sw.co.uk","that"," causes","  infections  in"
"onlinedmc.co.uk","explain what"," causes","  colic  ,"
"blue-witch.co.uk","act that"," causes","  birth  to"
"sfc.ac.uk","production"," causes","  pain  and"
"defra.gov.uk","Of Kosovars"," Causes","  Concern  ? www."
"burnyourbonus.co.uk","in the sheath"," causes","  pain  and"
"focusdiy.co.uk","disease What"," causes","  fluid  on the"
"focusdiy.co.uk","veins What"," causes","  thread  veins?"
"focusdiy.co.uk","veins What"," causes","  thread  veins?"
"bgsnet.org.uk","her damage or"," causes","  pain  . In other"
"big-brother.me.uk","in a locality"," causes","  power  surges."
"rhs.org.uk","housing"," causes",""
"2ndchancepc.co.uk",". This hormone"," causes","  blood  sugar"
"2ndchancepc.co.uk",". Dehydration"," causes","  loss  of"
"conted.ox.ac.uk","% change"," causes","  problems  It is"
"isec2005.org.uk",". This option"," causes","  makedepend  to"
"isec2005.org.uk",". This option"," causes","  makedepend  to"
"isec2005.org.uk","what"," causes","  flooding  ,"
"rolandandcaroline.co.uk","","causes","  dialogue"
"presentationhelper.co.uk","}; This"," causes","  Attribute  :"
"dvdtimes.co.uk","This option"," causes","  window"
"ff1600.co.uk","Cu2+ not only"," causes","  changes  in the"
"wdm.org.uk","directive"," causes","  rpld  to emit"
"mark-twain.classic-literature.co.uk","about this"," causes","  problems  for"
"nta.nhs.uk","of thiamin"," causes","  beri-beri  , a"
"domino.lancs.ac.uk","wooden clubs"," causes","  toe  or heel"
"radioandtelly.co.uk","on birds"," causes","  appetite  loss"
"acca.co.uk","Cross fire"," causes","  chaos  to"
"cpgb.org.uk","would be the"," causes","  Effects  - what"
"cf.ac.uk","ozone, which"," causes","  smog  and can"
"essex.ac.uk","of many"," causes","  thanks  to the"
"flexibility.co.uk","artery. This"," causes","  ischaemia  of"
"rcpbml.org.uk","of an army"," causes","  prices  to go up"
"rcpbml.org.uk","an army. This"," causes","  restlessness"
"poole.gov.uk",". It often"," causes","  scandals  in"
"robert-louis-stevenson.classic-literature.co.uk","immediately"," causes","  anxiety  is"
"robert-louis-stevenson.classic-literature.co.uk","which often"," causes","  problems  ."
"robert-louis-stevenson.classic-literature.co.uk","make and often"," causes","  friction  in"
"duxford.iwm.org.uk",". Illness"," causes","  sale  . 70,000"
"www3.imperial.ac.uk","of awareness"," causes","  distress  by"
"iansmith.co.uk","in man and"," causes",""
"phrases.org.uk","into a pond"," causes","  ripples  in all"
"octagonbolton.co.uk","system. What"," causes","  heart  failure"
"octagonbolton.co.uk","sometimes"," causes","  wasting  ."
"octagonbolton.co.uk","that an injury"," causes","  bleeding  that"
"swtourism.co.uk","too much"," causes","  death  . Potent"
"socialistunitynetwork.co.uk","molecules"," causes","  peptide"
"burnyourbonus.co.uk","histamine c)"," causes",""
"burnyourbonus.co.uk","an inotrope c)"," causes",""
"presentationhelper.co.uk","millions and"," causes","  poverty  ."
"swtourism.co.uk",". This need"," causes","  problems  for"
"futuremovies.co.uk","wingflap"," causes","  storms  ,"
"bfi.org.uk:8080",", in turn,"," causes","  inhibition  of"
"history.ac.uk","be cured. What"," causes","  cancer  of the"
"birdtours.co.uk","on the site"," causes","  problems  with"
"nta.nhs.uk","it. This"," causes","  people  to"
"acegamez.co.uk",". Warning:"," Causes","  headaches  and"
"acegamez.co.uk",": Rarely"," causes","  fainting  and"
"acegamez.co.uk","bereavement)"," causes","  insomnia  ."
"acegamez.co.uk",": Often"," causes","  stomach"
"acegamez.co.uk",". Warning:"," Causes","  constipation"
"bized.ac.uk","car window and"," causes","  crashes  and"
"bjhc.co.uk","failsafe that"," causes","  information"
"maplin.co.uk","tides? What"," causes","  earthquakes  ?"
"maplin.co.uk","the Moon What"," causes","  weather  ? El"
"bishopandsewell.co.uk","that whatever"," causes","  motor  neurone"
"euro.gov.uk","","causes","  others  to"
"checkpoint.ansible.co.uk","value"," causes","  xdm  to print"
"checkpoint.ansible.co.uk","This resource"," causes","  xdm  to send"
"checkpoint.ansible.co.uk","`! '' character"," causes","  hosts  which"
"pcpro.co.uk",". What"," causes","  laryngitis  ?"
"cs.kent.ac.uk",", which"," causes","  fatigue  and"
"a-london-guide.co.uk",". htm), where E"," causes","  H  causes E,"
"a-london-guide.co.uk","E causes H"," causes","  E  , becomes"
"ospreys.org.uk","while force"," causes","  acceleration"
"shop.earthscan.co.uk","murder, who"," causes","  road"
"andrewduffmep.org.uk",", and"," causes","  heat  damage to"
"focusdiy.co.uk",". The vampire"," causes","  destruction"
"classic-literature.co.uk","medication"," causes","  diarrhoea  or"
"new.edp24.co.uk",", either way it"," causes","  problems  ."
"acegamez.co.uk","and heating"," causes",""
"euro.gov.uk","to and/ or"," causes","  damage  ,"
"mfiles.co.uk","about PM? PM"," causes","  lung  problems"
"fishandfly.co.uk","of top PR Firms"," causes","  concern"
"seniorsnetwork.co.uk","lying in bed)"," causes","  congestion  of"
"hmrc.gov.uk","to an enemy"," causes","  uproar  ; for"
"penguinclassics.co.uk","of sugars"," causes","  diabetes  ."
"moviemail-online.co.uk","clean-up"," causes","  problems  for"
"gnn.gov.uk","that research"," causes","  cancer  in rats"
"scit.wlv.ac.uk","of geese that"," causes","  problems  on"
"rejesus.co.uk","(toxin) which"," causes","  diarrhoea  ."
"janus.lib.cam.ac.uk","menopause, it"," causes","  changes  in the"
"janus.lib.cam.ac.uk","an outlet, it"," causes","  problems"
"www3.open.ac.uk","a meme that"," causes","  individuals"
"manchester.gov.uk",") - Explosion"," causes","  collapse  1800"
"mirror.co.uk","and its"," causes","  objects  of"
"bjr.org.uk","of crime and"," causes","  disruption  to"
"bjr.org.uk","acid c) it"," causes","  bronchospasm"
"cygnus-books.co.uk","of an army"," causes","  prices  to go up"
"cygnus-books.co.uk","an army. This"," causes","  restlessness"
"manchester.gov.uk","bulge. This"," causes","  pain  , itching"
"publicwhip.org.uk","explains what"," causes","  climate"
"futurelab.org.uk","of the design"," causes","  changes  in the"
"people.bath.ac.uk","heat which"," causes","  discomfort  ."
"isec2005.org.uk","jams roads and"," causes","  air  pollution"
"defra.gov.uk","that it"," causes","  l  to increase"
"cambridge-transplant.org.uk","activity"," causes","  division  . It"
"parkinsons.org.uk","gas-gangrene"," causes","  modulations"
"wessexscene.co.uk","tides? what"," causes","  earthquakes  ?"
"wessexscene.co.uk","the Moon what"," causes","  weather  ? El"
"mailman-new.greennet.org.uk","fact that it"," causes","  deposits  to"
"leisureconnection.co.uk","into the hand,"," causes","  pain  , pins and"
"leisureconnection.co.uk","taken up, this"," causes","  pressure  to"
"leisureconnection.co.uk",") to see if this"," causes","  pins  and"
"ruralgateway.org.uk","decker often"," causes","  falls  and can"
"bgsnet.org.uk","the brain that"," causes","  depression  ,"
"domino.lancs.ac.uk","which"," causes","  loss  , people"
"tiscali.co.uk","of society, it"," causes","  society  ..."
"chm.org.uk","necessarily"," causes","  fairy"
"phrases.org.uk","Tax"," causes","  concern  about"
"nhs.uk","to the kidney"," causes","  pain  ."
"jisc.ac.uk","of an army"," causes","  prices  to go up"
"jisc.ac.uk","an army. This"," causes","  restlessness"
"www2.thny.bbc.co.uk","which"," causes","  gout  Cystine"
"wdm.org.uk","which"," causes","  danger  ."
"matazone.co.uk","High Wycombe"," causes","  problems  to"
"matazone.co.uk","week Floods"," causes","  havoc  in"
"nta.nhs.uk","ports usually"," causes","  pistons  to"
"pih.org.uk","time working"," causes","  resentment"
"inminds.co.uk","which"," causes","  backlash  ). If"
"english-heritage.org.uk","customers,"," causes","  distress  to"
"kierenmccarthy.co.uk","ducts rarely"," causes","  discomfort  ."
"nhs.uk","pancreas, and"," causes","  cancer  . One in"
"bucksfreepress.co.uk","because it"," causes","  people  to"
"isec2005.org.uk","increasing"," causes","  misery  to"
"onlinedmc.co.uk","process that"," causes","  inflammation"
"nef.org.uk","? ? it?"," causes","  sufferers  to"
"iansmith.co.uk","''s shops. It"," causes","  vomiting  and"
"bgsnet.org.uk","degree that it"," causes","  damage  to the"
"bgsnet.org.uk","the agent that"," causes","  SEs  . The two"
"shef.ac.uk","French town"," causes","  tension  and"
"union.ic.ac.uk","in turn this"," causes","  contraction"
"union.ic.ac.uk","pain. What"," causes","  arrhythmias  ?"
"scit.wlv.ac.uk","splints What"," causes","  shin  splints"
"cf.ac.uk","pollen, which"," causes","  symptoms  in"
"taxfreegold.co.uk","of foods which"," causes","  infections  ,"
"wessexscene.co.uk","that cannabis"," causes","  cancer  in"
"wessexscene.co.uk","that cannabis"," causes","  birth  defects"
"bdo.co.uk",", anger"," causes","  vibrations"
"patp3.webbler.co.uk",". This usually"," causes","  pixel  bleed (a"
"mqmagazine.co.uk","tooth"," causes","  injury  to the"
"socialistunitynetwork.co.uk","this ligament"," causes","  pain  and"
"crossrhythms.co.uk","that"," causes","  difficulty  ."
"hmrc.gov.uk",". The disease"," causes","  changes  in the"
"sanger.ac.uk","to God that"," causes","  others  to"
"housingpis.co.uk","anything that"," causes","  concern"
"theregister.co.uk","of an army"," causes","  prices  to go up"
"theregister.co.uk","an army. This"," causes","  restlessness"
"eng.warwick.ac.uk","commonly"," causes","  problems  in"
"mumfordbooks.co.uk","movement"," causes","  pain  . Rhus Tox"
"rolandandcaroline.co.uk",", kindness"," causes",""
"bbsrc.ac.uk","Western diet"," causes","  degeneration"
"skuds.co.uk","of what"," causes","  stress  is the"
"scit.wlv.ac.uk","may help but"," causes","  hernia  so..."
"big-brother.me.uk","that always"," causes","  problems  for"
"kent.ac.uk","supply-pipes"," causes","  flow"
"bgsnet.org.uk",". Nicotine"," causes","  addiction  ,"
"bgsnet.org.uk","nicotine"," causes","  dependency  ,"
"tyndale.cam.ac.uk","and sex, he"," causes","  imgoen  to"
"concept2.co.uk",": Incest case"," causes","  outrage  - The"
"concept2.co.uk",": Heavy rain"," causes","  floods  in"
"bbsrc.ac.uk",") and also"," causes","  strain  on hubs"
"british-history.ac.uk",". This star"," causes","  problems  to"
"pcpro.co.uk","at one end, and"," causes","  pollution  at"
"graigfarm.co.uk","claims that it"," causes","  disorders"
"untoldlondon.org.uk","pressure that"," causes","  symptoms  and"
"onlinedmc.co.uk","dust and also"," causes","  difficulty  in"
"barrysubaqua.org.uk",", for example,"," causes","  inflammation"
"barrysubaqua.org.uk","","causes","  inflammation"
"gsdnet.org.uk",". Wild Carrot"," causes","  problems  in"
"mark-twain.classic-literature.co.uk",", it"," causes","  airmasses  to"
"cf.ac.uk","or touch"," causes","  pain  and the"
"cpgb.org.uk","a chemical"," causes","  cancer  in mice"
"pocket-lint.co.uk","force which"," causes","  pieces  to fly"
"developments.org.uk","MMR vaccine"," causes","  autism  ,"
"manchester.gov.uk","that smoking"," causes","  crime  ,"
"manchester.gov.uk",", or that crime"," causes","  smoking  ."
"britishempire.co.uk","","causes","  loss  of"
"penguinclassics.co.uk","dust which"," causes","  silicosis  . As"
"cherryred.co.uk","and cruel and"," causes","  fear  and pain."
"esds.ac.uk","that"," causes","  children  from"
"ids.ac.uk","oppression"," causes","  problems  for"
"bcentral.co.uk","factor which"," causes","  hyphae  to grow"
"stainer.co.uk","(glycerin"," causes","  tooth"
"sphsupplies.co.uk","drain and also"," causes","  pollution  ."
"forum.thebears.co.uk","? OK, so what"," CAUSES","  ulcers  ?"
"forum.thebears.co.uk","gullet. '' GORD"," causes","  symptoms  very"
"borkowski.co.uk","which"," causes","  danger  ."
"jbe.gold.ac.uk","years. What"," causes","  lupus  ? The"
"jbe.gold.ac.uk","find out what"," causes","  lupus  to"
"mod-langs.ox.ac.uk","it commonly"," causes","  blindness  ."
"unitedrant.co.uk","the point that"," causes","  weariness  and"
"wakefield.gov.uk","symptoms. It"," causes","  inflammation"
"www-tus.csx.cam.ac.uk",", and all this"," causes",""
"lsbu.ac.uk","mind"," causes","  character"
"weddingguide.co.uk","even though it"," causes","  damage  . It"
"jazzscript.co.uk","good"," causes","  funds  . The EIC"
"unitedrant.co.uk",": No This spell"," causes","  concussion"
"fuk.co.uk","the Grenade)."," Causes","  shell-shock  ("
"jazzscript.co.uk","is that Nibiru"," causes","  devastation"
"e-epilepsy.org.uk","animals which"," causes","  suffering"
"glaucus.org.uk","any move which"," causes","  danger  to the"
"careers.ed.ac.uk","example if it"," causes",""
"psi.org.uk","","causes","  Assess"
"learningtechnologies.co.uk","alcohol);"," causes","  blindness  and"
"palimpsest.org.uk","toilets,"," causes","  anxiety  and"
"palimpsest.org.uk","that"," causes","  tumours  ("
"edinphoto.org.uk","growth which"," causes","  reductions  in"
"westyorkshire.police.uk","by a number n"," causes","  field  number n"
"artshole.co.uk","This function"," causes","  twm  to restore"
"calderdale.gov.uk","again"," causes","  problems  , but"
"malehealth.co.uk","many of the"," causes","  people  have"
"e-epilepsy.org.uk","server. What"," causes","  pain  in the"
"e-epilepsy.org.uk","spur? What"," causes","  pain  in the"
"artshole.co.uk","virus that"," causes","  shingles  ."
"ppewww.ph.gla.ac.uk","down on salt"," causes","  leg  cramps?"
"ppewww.ph.gla.ac.uk","down on salt"," causes","  leg  cramps?"
"reviews.zdnet.co.uk","to and/ or"," causes","  damage  ,"
"wakefield.gov.uk",". What"," causes","  relapses  ?"
"artshole.co.uk","water and"," causes","  wrinkles  in"
"cheshirefire.co.uk","would be the"," causes","  Consequences"
"unitedrant.co.uk","(TMD)"," causes","  stresses"
"disabilitynow.org.uk","","causes","  abortion  , and"
"cinemas-online.co.uk","escape and"," causes","  pressure"
"barbecue-online.co.uk","overload)"," causes","  cells  to"
"bexley.gov.uk","? What"," causes",""
"raf.mod.uk","cruiser Emden"," causes","  havoc  in the"
"dcs.ed.ac.uk",". The bolt"," causes","  brain  damage;"
"dcs.ed.ac.uk","shock"," causes","  damage  ; may"
"dcs.ed.ac.uk","unlawful as it"," causes","  death  ''partly"
"dcs.ed.ac.uk","that the bolt"," causes","  pain  . However"
"asab.icapb.ed.ac.uk","that"," causes","  dissension"
"bectu.org.uk",". Ultraviolet"," causes","  pigmentation"
"cherryred.co.uk","whether God"," causes","  disasters  ,"
"ookami.co.uk","). What"," causes","  allergy  ?"
"members.lycos.co.uk","terminology"," causes","  offence  ."
"members.lycos.co.uk","terminology"," causes","  offence  ."
"psi.org.uk","Acid rain also"," causes","  property"
"melonfarmers.co.uk",")"," causes",""
"show.me.uk","access. This"," causes","  irritation  to"
"cbonline.co.uk","typically"," causes",""
"diydoctor.org.uk","cage"," causes","  brain  damage"
"diydoctor.org.uk","of the system"," causes","  changes  in the"
"brunel.ac.uk","trouble that"," causes","  heart  attacks"
"birminghamfoe.org.uk","balance, it"," causes","  speech  and"
"glos.ac.uk","Kingdom never"," causes","  sadness  . A man"
"kcl.ac.uk","that"," causes","  harassment  ."
"knowledgestorm.co.uk","ringworm. It"," causes","  hair  loss and"
"cyberselect.co.uk","his cross"," causes","  confusion  in"
"barbecue-online.co.uk","identity"," causes","  problems  with"
"birminghamfoe.org.uk","and"," causes",""
"camden.gov.uk","more Fuel leak"," causes","  bike  slip Jun"
"alistlookalikes.co.uk","field, which"," causes","  electrons  to"
"glasgow.gov.uk",". Trampling"," causes","  disturbance"
"shiftydisco.co.uk","bundling plan"," causes","  waves  (10"
"newburytheatre.co.uk","idea of what"," causes","  constipation"
"barbecue-online.co.uk","organs. What"," causes",""
"barbecue-online.co.uk","certain what"," causes",""
"lhc.org.uk","of the bark"," causes","  vomiting  and"
"sfx.co.uk","last Saturday"," causes","  delays  to"
"bond.org.uk",". A hurricane"," causes","  chaos  though"
"bond.org.uk","disaster; man"," causes","  disorder"
"macdonaldhotels.co.uk","that research"," causes","  cancer  in rats"
"onlinenews.warwickshire.police.uk","ability which"," causes","  memory"
"skyscript.co.uk",". It kills, it"," causes","  calamities  ,"
"varietyclub.org.uk","exactly what"," causes","  ibogaine  ''s"
"hlst.heacademy.ac.uk","Cards for Good"," Causes","  shop  . Click"
"webtag.org.uk",", low income"," causes","  poverty  ."
"portal.surrey.ac.uk","Duality. This"," causes","  problems  for"
"well.ac.uk","aiding worthy"," causes","  FF  is a growing"
"shu.ac.uk","sweat, which"," causes","  heat  to build"
"belfasttelegraph.co.uk","that"," causes","  harm  and"
"fortawesome.co.uk",". What"," causes","  spots  on fish?"
"path.cam.ac.uk","-s This option"," causes","  smbpasswd  to"
"dcs.shef.ac.uk","wall, which"," causes","  pain  after the"
"edinphoto.org.uk","II. It"," causes","  sodium  and"
"bplans.co.uk","normally"," causes","  disease  in"
"wrap.org.uk","which in turn"," causes","  chaos  . Such as"
"wrap.org.uk",", as Dennis"," causes","  chaos  . Ruff ("
"nottinghillhousing.org.uk","uses glibc 2.2"," causes","  problems  with"
"citizenshipfoundation.org.uk","anything that"," causes","  defacement  in"
"antarctica.ac.uk","biscuits up"," causes","  calorie"
"lists.adeptscience.co.uk","degradation -"," causes","  consequences"
"sohp.soton.ac.uk","the body that"," causes","  altitude"
"adriandenning.co.uk","and tonic it"," causes","  water  to"
"divinity.cam.ac.uk","sometimes"," causes","  trouble  is"
"online-betting-guide.co.uk",". What"," causes","  lactose"
"wen.org.uk","friction"," causes","  layers  of skin"
"exporteastofengland.org.uk","crucifixion"," causes","  asphyxiation"
"exporteastofengland.org.uk","thing that"," causes","  death  , it is"
"literacytrust.org.uk","for itself,"," causes","  tremors  on the"
"healthmatters.org.uk","do you think"," causes","  self-harm  ? Do"
"varietyclub.org.uk","to the service"," causes","  delay  , we will"
"wisa.org.uk","bowel. It"," causes","  pain  or"
"wisa.org.uk","linings which"," causes","  sickness  and"
"cd.ciao.co.uk",". Selecting it"," causes","  keys  to be"
"sherlock-holmes.classic-literature.co.uk","no good, only"," causes","  pain  . I may add"
"careers.ed.ac.uk","naturally"," causes","  dilemmas  and"
"ex-canaries.co.uk","1 in 1,600"," causes","  someone  to"
"beingmrkenny.co.uk","is an area that"," causes","  problems  for"
"faq.quickbooks.co.uk","that"," causes","  thrush  ) - one"
"learningtechnologies.co.uk","multilayer"," causes","  thickness"
"antibes.co.uk","normal, it"," causes","  apnoea  ? ?"
"thamesweb.co.uk","in Iraq simply"," causes","  destruction"
"yourcounty.co.uk","virus also"," causes","  shingles  ."
"talyllyn.co.uk","disease, and"," causes","  women  of"
"talyllyn.co.uk","somehow"," causes","  rain  has"
"cedr.co.uk",") it"," causes","  loin  pain,"
"journalism.cf.ac.uk","and sometimes"," causes","  pressure  on"
"practicalpc.co.uk","skin, which"," causes","  inflammation"
"practicalpc.co.uk","the sun if it"," causes","  pain  and avoid"
"dpawson.co.uk",": a) amiloride"," causes",""
"swan.ac.uk","of an army"," causes","  prices  to go up"
"archaeology.co.uk","an army. This"," causes","  restlessness"
"reviews.zdnet.co.uk","the film still"," causes",""
"harpercollins.co.uk","which"," causes","  plants  to turn"
"orgs.man.ac.uk","which"," causes","  cancer  , can"
"atomicdesign.co.uk","which"," causes","  abortion  ''."
"jesushouse.org.uk",", or that which"," causes","  fermentation"
"cer.org.uk","''s and usually"," causes","  symptoms  ."
"practicalpc.co.uk","sometimes"," causes","  others  to"
"show.scot.nhs.uk","any drug that"," causes","  dependence  ."
"show.scot.nhs.uk","and"," causes","  pain  . People"
"show.scot.nhs.uk","of alcohol"," causes","  pleasure"
"tigersfc.co.uk","to the many"," causes","  célèbres  and"
"pro-g.co.uk","machines, and"," causes","  irritation  to"
"pro-g.co.uk","agent and"," causes","  skin  and lung"
"pro-g.co.uk","than 0.1 m/ sec"," causes","  stuffiness  ."
"pro-g.co.uk","than 0.3 m/ sec"," causes","  draughts  . For"
"ramagazine.org.uk","as it just"," causes","  confusion  ."
"catalystconference.co.uk","An area that"," causes","  parents  of"
"fortawesome.co.uk","torque?"," causes","  direction"
"aria.co.uk","market that"," causes","  agents  to"
"nutrition.org.uk","? No. What"," causes","  eczema  ? Is it"
"theatre-wales.co.uk","enigma of what"," causes","  dementias  ."
"selectideas.co.uk","that anything"," causes","  anything  ? In a"
"redflag.org.uk","fertilisers"," causes","  algae  to"
"redflag.org.uk","build-up"," causes",""
"jazzscript.co.uk","that smoking"," causes","  cancer  ."
"missiedith.bentbacktulips.co.uk","loud, and that"," causes","  problems  . We"
"spuc.org.uk","because it"," causes","  difficulties"
"churchinwales.org.uk","immediately"," causes","  anxiety  is"
"churchinwales.org.uk","which often"," causes","  problems  ."
"churchinwales.org.uk","make and often"," causes","  friction  in"
"cofepow.org.uk","or"," causes","  someone  to be"
"sherlock-holmes.classic-literature.co.uk","looks at the"," causes","  events  and"
"tht.org.uk","noise"," causes","  problems  for"
"educ.cam.ac.uk","what"," causes","  diabetes  , but"
"gardenorganic.org.uk",", per se,"," causes","  poverty  or"
"omni.ac.uk","content that"," causes",""
"orcadian.co.uk",". This"," causes","  pain  which at"
"proquest.co.uk","of insulin"," causes","  glucose  to"
"csa.gov.uk",", a gene that"," causes","  altruism"
"accomodata.co.uk","a defender and"," causes","  confusion  for"
"naldic.org.uk","63 9 What"," Causes","  Panic  ? 64 10"
"victorianartinbritain.co.uk","violent films"," causes","  violence  , how"
"scips.worc.ac.uk","lives. What"," causes","  period  pain?"
"dcs.warwick.ac.uk",", as he"," causes","  havoc  to all"
"tutorials.beginners.co.uk","loading which"," causes","  damage  to"
"ncvo-vol.org.uk","uterus which"," causes","  discomfort"
"malehealth.co.uk","tree falls it"," causes","  vibrations  in"
"girlonfire.co.uk","a procedure"," causes","  pain  to the"
"cheshirefire.co.uk","to 65536. This"," causes","  clipping"
"diydoctor.org.uk","acid which"," causes","  stomach  pains"
"orcadian.co.uk","look at how sin"," causes","  suffering  ,"
"blog.outofthebedroom.co.uk","and Hurworth"," causes","  hundreds  of"
"cer.org.uk","explain what"," causes","  actions  to"
"varietyclub.org.uk","as pollen,"," causes","  levels  of IgE"
"hlst.heacademy.ac.uk","prion strain"," causes","  vCJD  and BSE."
"saa.co.uk","at other sites"," causes","  instability"
"harpercollins.co.uk","young birds"," causes","  chaos  in the"
"savoy.abel.co.uk","but this"," causes","  ammonia  to"
"publicfinance.co.uk","that often"," causes","  trouble  is"
"scottishsweets.co.uk",", rarely"," causes","  trouble  and"
"sudokuz.co.uk",". Emotional"," causes","  Stress  and"
"sudokuz.co.uk",". Lifestyle"," causes","  People  with"
"seered.co.uk","loss"," causes","  heart"
"qaa.ac.uk","process. What"," causes","  anaemia  ?"
"sohp.soton.ac.uk","who steals or"," causes","  conflict  on"
"magonia.demon.co.uk","light"," causes","  breast  cancer"
"cheshirefire.co.uk","which"," causes","  dependency  "","
"new-agri.co.uk","which"," causes","  inability  to"
"journalism.cf.ac.uk","frequently"," causes","  problems  ! I ''m"
"nutrition.org.uk","craving that"," causes","  suffering  ..."
"jardmail.co.uk","smoking"," causes","  ill-health  in"
"theglobalsite.ac.uk","most often and"," causes","  parents  the"
"diydoctor.org.uk","sometimes"," causes","  trouble  is"
"catapult.co.uk","always"," causes","  confusion  and"
"recklessgardener.co.uk","off, and this"," causes","  distortion  ,"
"rmd.dft.gov.uk",", the illness"," causes","  convulsions"
"weddingguide.co.uk",", of course, it"," causes","  paralysis  ."
"niace.org.uk","of the cycle,"," causes","  men  to build"
"uclan.ac.uk","species,"," causes","  problems  by"
"charleswells.co.uk","me. It just"," causes","  friction  at"
"liverpool.freeexchange.co.uk","masculine and"," causes","  children  to"
"indigogroup.co.uk","''s surface"," causes","  particles  to"
"viva.org.uk","six months. )"," Causes","  Tuberculosis"
"kcl.ac.uk","what"," causes","  peanut"
"hlst.heacademy.ac.uk","sound"," causes","  pressure"
"ncvo-vol.org.uk","","causes","  concerns  for"
"ncvo-vol.org.uk","","causes","  concerns  for"
"ncvo-vol.org.uk","per se, that"," causes","  concern  . Even"
"liberty-human-rights.org.uk","of the cone"," causes","  changes  in the"
"webtag.org.uk","it"," causes","  hernias  . His"
"lonympics.co.uk",", which"," causes","  pain  not much"
"phill.co.uk",", etc, etc,"," causes","  interest  in"
"giveusahome.co.uk","3 What"," causes","  jet  lag? Jet"
"torro.org.uk","protein"," causes","  cancer  "" and"
"gardenorganic.org.uk","details What"," causes","  cancer  ?"
"gardenorganic.org.uk",". p53"," causes","  apoptosis  by"
"gardenorganic.org.uk","AMP agonists"," causes","  apoptosis  of"
"gardenorganic.org.uk","Raf-1"," causes","  growth  arrest"
"edietsuk.co.uk","lobe)"," causes","  problems  with"
"edietsuk.co.uk","side often"," causes","  problems  with"
"orcadian.co.uk","transport"," causes","  children  from"
"vam.ac.uk",". Selecting it"," causes","  keys  to be"
"psi.org.uk",", which"," causes",""
"worldwar1.co.uk","issue. It"," causes","  job"
"sed.manchester.ac.uk",") - Explosion"," causes","  collapse  1800"
"ex-canaries.co.uk","inevitably"," causes","  conflict  ."
"llandrillo.ac.uk","in the UK. What"," causes","  CFS  ? The cause"
"llandrillo.ac.uk",", which"," causes",""
"wen.org.uk","what"," causes","  crises  . For"
"well.ac.uk","and cooling"," causes","  weather"
"catalystconference.co.uk","surface that"," causes","  match  heads to"
"richmondreview.co.uk","individually"," causes","  dysfunction  ."
"growingbusiness.co.uk","of people? It"," causes","  hate  , rage,"
"brake.org.uk","sometimes"," causes","  headaches  and"
"brake.org.uk",", chloroquine"," causes","  hair  loss,"
"portcities.org.uk","cash often"," causes","  problems  . In"
"www-tus.csx.cam.ac.uk","what"," causes","  constipation"
"www-tus.csx.cam.ac.uk","certain what"," causes","  IBD  , it is"
"focusmag.co.uk","that"," causes","  problems  for"
"jobsite.co.uk","movement or"," causes","  pain  . The"
"directgov.gov.uk","level. This"," causes","  problems  when"
"armyoneverest.mod.uk","as it only"," causes",""
"rail-reg.gov.uk","groups which"," causes","  threat  ,"
"barbecue-online.co.uk","like and what"," causes","  problems  ."
"goldsmiths.ac.uk","ridge. This"," causes","  cracks"
"goldsmiths.ac.uk","action ''"," causes","  tension  to"
"bornfree.org.uk","stimulus"," causes","  information"
"welhat.gov.uk","one sins, it"," causes","  damage  to the"
"portcities.hartlepool.gov.uk",", whether it"," causes","  disease"
"publicfinance.co.uk","the bird. What"," causes","  egg  binding?"
"teaching-abroad.co.uk","about what"," causes","  sickness  and"
"teaching-abroad.co.uk","cooking food"," causes","  nausea  Eat"
"stone.newton.cam.ac.uk","violence"," causes","  injury  , ill"
"stone.newton.cam.ac.uk","violence"," causes","  injury  , ill"
"colc.co.uk","when fatigue"," causes","  mistakes  or"
"isec2000.org.uk",". DAMP Damp"," causes","  problems"
"mimas.ac.uk","''. Magick"," causes","  change  , and"
"mimas.ac.uk","ecological"," causes","  ''by  the book '',"
"backroadstouring.co.uk","properties (","causes","  perspiration"
"met.police.uk","of time. This"," causes","  pauses  , skips"
"glasgow.gov.uk","of three, tri,"," causes","  aspirite"
"glasgow.gov.uk","noun, and then"," causes","  aspirite"
"fdean.gov.uk","parameter"," causes","  nmbd  to"
"abtn.co.uk",". If this"," causes","  problems  then"
"forum.keypublishing.co.uk",". It sometimes"," causes","  difficulties"
"dh.gov.uk","to asbestos"," causes","  cancer  of the"
"icnorthwales.icnetwork.co.uk","above."," Causes","  tar  files to be"
"icnorthwales.icnetwork.co.uk","directories."," Causes","  tar  files to be"
"icnorthwales.icnetwork.co.uk",") blocksize."," Causes","  tar  file to be"
"icnorthwales.icnetwork.co.uk",") blocksize."," Causes","  tar  file to be"
"bsactravelclub.co.uk","that smoking"," causes","  cancer  in"
"forum.keypublishing.co.uk","cistern it"," causes","  ripples  on the"
"weddingguide.co.uk","thrombin (","causes","  blood"
"ascl.org.uk","mutations"," causes","  organisms  to"
"antarctica.ac.uk","threat and"," causes","  damage  to"
"money.independent.co.uk","asphyxiant (","causes","  suffocation  )"
"omni.ac.uk","withdrawal"," causes","  constipation"
"platform-end.co.uk","because it"," causes","  weight  gain"
"malehealth.co.uk","when cancer"," causes","  disease  . An"
"proquest.co.uk","a hiss in it."," Causes","  s  and sh"
"redflag.org.uk","- This"," causes","  hair  to grow"
"islamic-college.ac.uk","people"," causes","  anxiety  and"
"scottishsweets.co.uk","- My enjoyment"," causes","  impatience  ! !"
"qaa.ac.uk","rooms. This"," causes","  problems  :"
"forcesreunited.org.uk","and often"," causes","  insomnia  ("
"people.co.uk",", this is what"," causes","  asthma  in"
"historylearningsite.co.uk","the cancer and"," causes","  section  of"
"historylearningsite.co.uk","usually"," causes","  weight  loss."
"kellysearch.co.uk","at best"," causes","  brand"
"rail-reg.gov.uk","which"," causes","  degeneration"
"turkeyrealestate.co.uk",", which"," causes","  paralysis  and"
"clean-image.co.uk","proof that BSE"," causes","  CJD  , but the"
"gleeson0.demon.co.uk","Gazette"," causes",""
"churchinwales.org.uk","in plain text"," causes","  annoyance  to"
"eco.co.uk","that religion"," causes","  wars  and"
"placeboworld.co.uk","research"," causes","  dilemmas  in"
"spa.ex.ac.uk","room. What"," causes","  migraine  ? The"
"prochoiceforum.org.uk","? - What"," causes","  depression  ? -"
"drugscope.org.uk","shaving still"," causes","  problems  , a"
"armyoneverest.mod.uk","a reed thatch"," causes","  debris  to"
"edinburgh-tattoo.co.uk","deficiency"," causes","  anaemia  ."
"savoy.abel.co.uk","that it"," causes","  birds  acute"
"thefword.org.uk","closing times"," causes","  problems  and"
"pers-www.wlv.ac.uk","Chemotherapy"," causes","  tiredness  too"
"squashsite.co.uk","Soir: to A+S. E"," causes","  Trubble  by not"
"bectu.org.uk",", also"," causes","  crop"
"path.cam.ac.uk","heat"," causes","  water  loss"
"path.cam.ac.uk","it frequently"," causes","  paralysis  or"
"alternatetakes.co.uk",", however it"," causes","  nightmares"
"well.ac.uk","in age groups"," causes","  outsiders  to"
"vacant.org.uk","of toxins"," causes","  irritation"
"theatre-wales.co.uk","Symptoms and"," causes","  Stress"
"theatre-wales.co.uk","This"," causes","  urine  to leak"
"bibic.org.uk","(AS)"," causes","  inflammation"
"bibic.org.uk","which"," causes","  patches  of"
"ics.ltsn.ac.uk","falls over and"," causes","  damage  to a"
"ics.ltsn.ac.uk","owners and it"," causes","  damage  to"
"horticulture.org.uk","the Earth and"," causes","  comets  or"
"antiquefairs.co.uk","a virus which"," causes","  acne  and acne"
"gleeson0.demon.co.uk","what"," causes","  IBS  . Not that"
"redflag.org.uk","over 40s. It"," causes","  pain  in the"
"redflag.org.uk","the neck. This"," causes","  pain  ,"
"edietsuk.co.uk","for cancer"," causes","  changes  in the"
"edietsuk.co.uk",". What"," causes","  trismus  ?"
"webtag.org.uk","that"," causes","  sin  and all who"
"jesus.org.uk","). Histamine (","causes","  inflammation"
"cherryred.co.uk","e. g. the low pH"," causes","  plant  damage,"
"lums.lancs.ac.uk","tics and"," causes","  paralysis  and"
"cofepow.org.uk","abnormal form"," causes","  disease  ). Dr."
"thecornerhouse.org.uk","irritant,"," causes","  dermatitis  ,"
"darkstar1.co.uk","Adobe. What"," causes","  trismus  ?"
"selectideas.co.uk","hair"," causes","  inflammation"
"budgerigars.co.uk","That"," causes","  phrases  to"
"the-fan.co.uk","fashion and"," causes","  hazards  from"
"uncaged.co.uk","rooms. This"," causes","  problems  :"
"yourcounty.co.uk","disorder that"," causes","  problems  in"
"cwn.org.uk","time that"," causes","  problems  for"
"cistercian-way.newport.ac.uk","withdrawal"," causes","  constipation"
"thenortheast.fsnet.co.uk","factor"," causes","  cancer  , but"
"milesfaster.co.uk","motive that"," causes",""
"phoenixs.co.uk","protected. It"," causes","  strife  ,"
"thamesweb.co.uk",". Turbulence"," causes","  drag  which"
"jazzscript.co.uk","stuff which"," causes","  corrosion  and"
"greenbuildingstore.co.uk","sirolimus"," causes",""
"greenbuildingstore.co.uk",", sirolimus"," causes",""
"thenewspaper.org.uk","cause. What"," causes","  asthma  ?"
"morrisinquiry.gov.uk","of lightning"," causes","  nitrogen  and"
"intellectual-property.gov.uk",". Piperazine"," causes","  paralysis  of"
"birminghamfocus.org.uk","later life. It"," causes","  man  to seek and"
"comedycv.co.uk",". It kills, it"," causes","  calamities  ,"
"magictricks.co.uk","the Grenade)."," Causes","  shell-shock  ("
"www7.open.ac.uk","event that it"," causes","  injury  or"
"literacytrust.org.uk","idea that what"," causes","  symptoms  can"
"seethru.co.uk","it because it"," causes","  children  to be"
"seethru.co.uk","of discipline"," causes","  boys  to grow up"
"lib.gla.ac.uk","extra effort"," causes","  changes  in the"
"psnc.org.uk","in hot water"," causes","  blood  vessels"
"ukstt.org.uk","troops, This"," causes","  boredom  ,"
"idler.co.uk","hardish lump."," Causes","  Haemorrhoids"
"koolsun.co.uk",", this"," causes","  people  to feel"
"redflag.org.uk","? - What"," causes","  depression  ? -"
"london-culture.co.uk",". Nothing"," causes","  stone  chips"
"scholarships.ed.ac.uk","people. What"," causes","  chlamydiosis"
"tda.gov.uk","when we say A"," causes","  B  - that there"
"pensionsworld.co.uk","of toxins"," causes","  irritation"
"scottishtorymeps.org.uk","ultimately"," causes","  congestion  on"
"mehbooba.co.uk","that always"," causes","  anxiety  is the"
"thenortheast.fsnet.co.uk","range as this"," causes","  minimum"
"stonyhurst.ac.uk","too far, and"," causes","  people  to get"
"law.cam.ac.uk","and usually"," causes","  drowsiness"
"barking-dagenham.gov.uk","title "" Aids"," causes","  havoc  in"
"growingbusiness.co.uk","as a Being who"," causes","  things  to"
"samoa.co.uk","FIENDISH who"," causes","  trouble  , and"
"thinkroadsafety.gov.uk","on screen"," causes","  audience"
"hysteria-lives.co.uk","sneezes and"," causes","  catastrophes"
"jardmail.co.uk","disease"," causes","  abscesses  in"
"0-19.co.uk","Railways"," causes","  headaches  for"
"sovereignty.org.uk","the meat that"," causes","  disease  but"
"theweddingnetwork.co.uk",": sun glare"," causes",""
"theweddingnetwork.co.uk","the predicate"," causes","  blindness  is a"
"fie.org.uk","that actually"," causes","  damage  to the"
"rmd.dft.gov.uk","hemp-nettle"," causes","  yield  losses"
"croquet.org.uk","fatal and"," causes","  symptoms  that"
"directgov.gov.uk","medicine that"," causes","  diarrhoea  ,"
"ramagazine.org.uk","but rarely"," causes","  faults  , and"
"num.org.uk","and this"," causes","  confusion"
"ypressalient.co.uk","","causes","  tissue"
"princes-trust.org.uk","that"," causes","  imbalance  in"
"lsbu.ac.uk","protein. LDL"," causes","  cholesterol"
"ardue.org.uk","back up, which"," causes","  trouble"
"far-eastern-heroes.org.uk","eating beef"," causes","  CJD  . 21 7.60 Mr"
"cts.dmu.ac.uk","Sheldon"," causes","  trouble  among"
"pkf.co.uk","exhortations"," causes","  difficulties"
"wellchild.org.uk","which"," causes",""
"cherryred.co.uk","blood flow e)"," causes","  arrhythmias"
"ccruni.gov.uk","a high ball"," causes","  problems  . 108"
"ccruni.gov.uk","'' superb run"," causes","  trouble  ,"
"ccruni.gov.uk","by Neville"," causes","  chaos  , Rooney"
"omni.ac.uk","and their"," causes","  eg  . The Great"
"thetrousers.co.uk","list that"," causes",""
"platform-end.co.uk","E HEV"," causes","  epidemics  of"
"thetablet.co.uk","the pupil d)"," causes",""
"thetablet.co.uk","e)"," causes","  contraction"
"viva.org.uk","disease that"," causes","  disturbance"
"monologues.co.uk","ear and also"," causes","  deafness  and"
"nbs.ntu.ac.uk","rights ''."," Causes","  ideas  about"
"silverprint.co.uk","Sick daughter"," causes","  tension"
"debate.org.uk","about what"," causes","  students  to"
"newburytheatre.co.uk","K+ channels"," causes","  epilepsy  ."
"questors.org.uk",", or"," causes","  cancer  ..."
"forcesreunited.org.uk","finger, which"," causes","  injury  to"
"westminster.gov.uk","this in turn"," causes","  arteries  to"
"mud.co.uk",", as this only"," causes","  confusion  !"
"cre.gov.uk",""" This"," causes","  users  to be"
"antiquefairs.co.uk","truth. Speech"," causes","  body  changes,"
"aeroflight.co.uk","bladder and"," causes","  urine  to be"
"proquest.co.uk",". This process"," causes","  surface"
"gerald-massey.org.uk","services that"," causes","  problems  with"
"satra.co.uk","to cope. What"," causes","  stress  ? Many"
"bhx.co.uk",", which often"," causes","  schools  to be"
"search.reviews.ebay.co.uk","ignorance"," causes","  distress  on"
"mountaineering-scotland.org.uk","costs money,"," causes","  pollution  and"
"garysturt.free-online.co.uk","the water What"," causes","  ripples  and"
"kenyabirds.org.uk","medicine that"," causes","  diarrhoea  ,"
"show.me.uk","system. It"," causes","  muscle  tremor"
"broxtowe.gov.uk","binds, it"," causes","  ion  channels"
"asp.wlv.ac.uk","by atropine b)"," causes","  prolactin"
"asp.wlv.ac.uk",". Hyoscine: a)"," causes","  tachycardia  b"
"asp.wlv.ac.uk","b)"," causes","  sedation  c)"
"asp.wlv.ac.uk","sedation c)"," causes","  mydriasis  d)"
"eternalnight.co.uk",", also"," causes",""
"fonefunshop.co.uk","cycle"," causes","  diabetics"
"jardmail.co.uk","fear, and this"," causes","  happiness  to"
"jardmail.co.uk",". ? Ego also"," causes","  happiness  to"
"furthermore.org.uk","that smoking"," causes","  cancer  or"
"mostlylucid.co.uk",", friendship"," causes","  pain  , Its"
"colc.co.uk","threat"," causes","  fear  and"
"comms.scitech.susx.ac.uk",". &minus; b"," Causes","  pieces  to"
"healeyhero.co.uk","not sure what"," causes","  hiatus  hernia"
"easyweb.easynet.co.uk","control. What"," causes","  epilepsy  ? In"
"miketaylor.org.uk","statement"," causes","  execution  to"
"miketaylor.org.uk","a break, which"," causes","  execution  to"
"colley.co.uk","mighty ape who"," causes","  havok"
"galensgarden.co.uk","this actually"," causes",""
"ageconcern.org.uk","mice"," causes","  growth"
"galensgarden.co.uk","because it"," causes","  people  to seek"
"aslan.demon.co.uk",". It"," causes","  headaches  for"
"ex-canaries.co.uk","testis rarely"," causes","  pain  , but may"
"channelregister.co.uk","of games"," causes","  people  to"
"missiedith.bentbacktulips.co.uk","as much as it"," causes","  misery  ."
"rdoc.org.uk","term effects"," Causes","  chest  pains"
"cre.gov.uk","that migraine"," causes","  dilation  of"
"mansfield.gov.uk","cells)"," causes","  osteopaenia  ,"
"hrionline.ac.uk","lives or"," causes","  pain  in the"
"sphericalbowl.co.uk","afflicted it"," causes","  criticism  ,"
"eclipselegal.co.uk","the gene which"," causes","  chickens  ''"
"orbitsw.co.uk","if your delay"," causes","  distress  or"
"abtn.co.uk","sensors often"," causes","  errors  of"
"planning.ed.ac.uk","which"," causes","  cruelty  to"
"healthmatters.org.uk","his shake-up"," causes","  redundancies"
"tertiary.consoleroom.btinternet.co.uk","the Fulham box"," causes","  confusion  and"
"orbitsw.co.uk","worse. What"," causes","  leukaemia  ?"
"far-eastern-heroes.org.uk","usually"," causes","  drowsiness"
"poetrymagic.co.uk","(sigh) which"," causes","  hilarity  ."
"cs.bris.ac.uk","","causes","  tissue"
"footstepstooxford.co.uk","''s corner"," causes","  panic  in the"
"sat.dundee.ac.uk","gets worse and"," causes","  difficulty  at"
"kenyabirds.org.uk","to top What"," causes","  epilepsy  ? For"
"g3pho.free-online.co.uk","e) hypoxia"," causes",""
"g3pho.free-online.co.uk","tolerance d)"," causes","  opening  of the"
"theatrebristol.co.uk","effect that"," causes","  trouble  ."
"hitched.co.uk","things that"," causes","  delays  . All"
"justride.co.uk","world control"," causes",""
"morrisinquiry.gov.uk","This he thinks"," causes","  death  ."
"essex.police.uk","accidentally"," causes","  Beauty  to"
"btp.police.uk","covenantal"," causes","  discomfort"
"footy4kids.co.uk","I believe"," causes","  googlebot  to"
"mininginstitute.org.uk","","Causes",""
"cofepow.org.uk","as the Sun also"," causes","  tides  on Earth"
"alternatetakes.co.uk","blood. What"," causes","  indigestion  ?"
"alternatetakes.co.uk","commonly"," causes","  heartburn  ,"
"alternatetakes.co.uk","hernia, and it"," causes","  pain  and"
"ics.ltsn.ac.uk","that"," causes","  weight  gain,"
"ics.ltsn.ac.uk","gain that"," causes","  insulin"
"northlight-images.co.uk","is that dirt"," causes","  damage  to your"
"ardue.org.uk","behaviour"," causes","  concern  . Most"
"show.me.uk","that ginkgo"," causes","  insulin"
"forum.thebears.co.uk","movement"," causes","  cement"
"darkstar1.co.uk","'' pay dispute"," causes","  exam  chaos"
"blogigo.co.uk","thing that"," causes","  limitation  ,"
"ukge.co.uk",", before it"," causes","  toothache  ."
"jazzscript.co.uk","which"," causes","  lots  of debate"
"synergy-health.co.uk","of PS1 or PS2"," causes","  cell  death and"
"thenortheast.fsnet.co.uk","smoking"," causes","  illness  . The"
"saints-alive.co.uk","at position 8"," causes","  inhibition  of"
"saints-alive.co.uk","acidic media"," causes","  hemolysis  and"
"mookychick.co.uk",", however,"," causes","  fuel  ... to"
"sherlock-holmes.classic-literature.co.uk","- p 1865 p 1958"," Causes","  wer  openly"
"gleeson0.demon.co.uk","often"," causes","  weight  loss"
"churchinwales.org.uk",". Morphine: a)"," causes","  histamine"
"sarahfreelance.co.uk","to drop."," Causes","  Failure  to"
"poetrymagazines.org.uk","methodology"," causes","  breakage  of"
"poetrymagazines.org.uk","","causes","  pVHL  to"
"gleeson0.demon.co.uk","which"," causes","  zoo  animals to"
"princelyrics.co.uk","injury that"," causes","  damage  to the"
"shiftydisco.co.uk","medicine that"," causes","  diarrhoea  ,"
"greenbuildingstore.co.uk","to mimic that"," causes","  budgies  to"
"ids.ac.uk","what"," causes","  war  , you may"
"teaching-abroad.co.uk","may involve as"," causes","  routines  at"
"geraldengland.co.uk","","causes","  retraction  of"
"geraldengland.co.uk","function and"," causes",""
"peakdistrict.gov.uk","that"," causes","  desolation"
"advfilms.co.uk","same guy who"," causes","  agro  in every"
"legendarydartmoor.co.uk","reportedly"," causes","  patterns  ,"
"cedr.co.uk","activity. PKR"," causes","  upregulation"
"stone.newton.cam.ac.uk","the WWW often"," causes","  confusion  to"
"fylde.demon.co.uk",", because it"," causes","  damage  to the"
"bibic.org.uk","some people."," Causes","  Nobody"
"carmarthenshirebirds.co.uk","). This"," causes","  confusion  due"
"durhamcathedral.co.uk","to what"," causes","  stress  in"
"vam.ac.uk",". This"," causes","  problems"
"optimumimpact.co.uk","mg accutane"," causes","  nasonex"
"legendarydartmoor.co.uk","factor that"," causes","  run(  ) to"
"wpbschoolhouse.btinternet.co.uk",". 13), which"," causes","  changes  in the"
"boneheadshirts.co.uk","acute pain"," causes","  changes  in"
"bluetack.co.uk","into the area"," causes","  chaos  and"
"bluetack.co.uk","minutes Toni"," causes","  problems  in"
"emediadirect.co.uk","The virus that"," causes","  shingles  is"
"emediadirect.co.uk","the virus that"," causes","  chickenpox  ."
"emediadirect.co.uk","spinal cord it"," causes","  shingles  ."
"emediadirect.co.uk","virus which"," causes","  chickenpox"
"emediadirect.co.uk",", it"," causes","  shingles  ,"
"poetrymagic.co.uk","d-ribose b)"," causes","  depression  of"
"p-jones.demon.co.uk","that"," causes","  liver  failure"
"newbusiness.co.uk","still"," causes","  concern"
"birdinghawaii.co.uk","the tooth"," causes","  pain  , then the"
"met.rdg.ac.uk","and what"," causes","  diabetes  at"
"people.co.uk","e. bad humour"," causes","  sickness  , and"
"niftc.co.uk",", because it"," causes","  symptoms  that"
"workingintheuk.gov.uk","sometimes"," causes","  side-effects"
"625.org.uk","Vibrator"," causes","  bomb  alert In"
"reedtraining.co.uk","and which"," causes","  infertility  ,"
"e-learningcentre.co.uk","world that"," causes","  problems  ."
"comment.zdnet.co.uk","that the jab"," causes","  autism  , "" the"
"comment.zdnet.co.uk","that MMR"," causes","  autism  is"
"comment.zdnet.co.uk","autism. If MMR"," causes","  autism  there"
"comment.zdnet.co.uk","that MMR"," causes","  autism  is"
"comment.zdnet.co.uk","autism. If MMR"," causes","  autism  there"
"epilepsynse.org.uk","brain, which"," causes","  depression  ,"
"hillside.co.uk","the event"," causes","  delay  and is on"
"digitalspy.co.uk","model What"," causes","  illness  ?"
"debate.org.uk",". What"," causes","  kidney  stones"
"portakabin.co.uk","). Just"," causes","  hassle  ! But"
"portakabin.co.uk","). Just"," causes","  hassle  ! But"
"birminghamfocus.org.uk","of the good"," causes","  money  raised"
"intarch.ac.uk","that pressure"," causes","  bewilderment"
"intarch.ac.uk","of science"," causes","  scientists  to"
"intarch.ac.uk","","causes","  uneasiness  ,"
"york.gov.uk","disease that"," causes","  lots  of benign"
"poetrymagic.co.uk","conditions"," causes","  glare  and"
"ice.org.uk","intention"," causes","  movement  of"
"tlc-direct.co.uk","exposure)"," causes","  skin  aging,"
"tlc-direct.co.uk","and"," causes","  cell-cycle"
"theatreguidelondon.co.uk","to be true "". It"," causes","  reluctance"
"esds.ac.uk","this box"," causes","  Communicator"
"walterscott.lib.ed.ac.uk","Sniffing them"," causes","  blood  to rush"
"canterbury.ac.uk","agent which"," causes","  BSE  and"
"ownersdirect.co.uk","and it"," causes","  confusion  and"
"show.me.uk",", it is said,"," causes","  mistrust  in"
"www1.indymedia.org.uk","the future and"," causes","  pain  or"
"crbs.org.uk","and"," causes","  diarrhoea  ."
"jedisparadise.co.uk",". This"," causes","  diarrhoea  and"
"jedisparadise.co.uk","cows, E. coli"," causes","  one-third  of"
"jedisparadise.co.uk","which"," causes","  kidney"
"voice-online.co.uk","its absence"," causes","  problems  for"
"hfma.org.uk","illness that"," causes","  night"
"redking.co.uk","behaviour"," causes","  pain  and"
"greenwichcollege.co.uk",", animal"," causes","  distortion  of"
"footstepstooxford.co.uk",". HBx"," causes","  hepatocytes"
"footstepstooxford.co.uk","IFN- g, which"," causes","  macrophages"
"charles-darwin.classic-literature.co.uk","gets worse and"," causes","  difficulty  at"
"vads.ahds.ac.uk","at this stage."," Causes","  Pressure"
"ntu.ac.uk","Patten Report"," causes","  pain  to many,"
"ntu.ac.uk","Patten Report"," causes","  pain  to many,"
"ntu.ac.uk","Patten Report"," causes","  pain  to many,"
"wmconnolley.org.uk",", I hear"," causes","  priests  not to"
"orthodoxengland.btinternet.co.uk","pain is, what"," causes","  pain  , cancer"
"thecornerhouse.org.uk","litter which"," causes","  lesions  that"
"hiroshige.org.uk","fly which"," causes","  sleeping"
"orthodoxengland.btinternet.co.uk","act before it"," causes","  damage  . Metal"
"onlinenews.warwickshire.police.uk","cash often"," causes","  problems  . In"
"vetschool.bris.ac.uk","that LSD"," causes","  brain  damage"
"vet.ed.ac.uk","of a mountain,"," causes","  water  to pour"
"insurgentdesire.org.uk","- and it also"," causes","  division"
"fiso.co.uk","COPD. COPD"," causes","  trouble"
"fiso.co.uk","diagram What"," causes","  COPD  ? The"
"fiso.co.uk","and exercise"," causes","  wheeziness  . 8"
"wizdforums.co.uk",", ''###0.00 '')"," causes","  cost  to be"
"gothicimage.co.uk","an area which"," causes","  fear  on both"
"islamic-college.ac.uk","this object"," causes","  harm  . We"
"islamic-college.ac.uk","that cloning"," causes","  harm  . This"
"islamic-college.ac.uk","that cloning"," causes","  harm  . Thus,"
"kensington-unitarians.org.uk","when motion"," causes","  symptoms  of"
"cwn.org.uk","and"," causes","  discomfort  ."
"wildfowling.co.uk","Rohypnol use"," causes","  dependence  in"
"walterscott.lib.ed.ac.uk","oxygen, which"," causes","  pain  in the"
"fireservicecollege.ac.uk","questions and"," causes","  conflict  ,"
"tvradiobits.co.uk","Brca1 gene"," causes",""
"drivetech.co.uk","World War Two"," causes","  league"
"wpbschoolhouse.btinternet.co.uk","occur that"," causes","  disruption  to"
"vam.ac.uk","(amosite)"," causes",""
"soup.co.uk",": - abortion"," causes","  breast  cancer"
"hep.phys.soton.ac.uk","that asbestos"," causes","  lung  cancer,"
"earthscan.co.uk","which"," causes","  loss  , people"
"exclusive-fountains.co.uk",") that it"," causes","  blindness  ,"
"jardmail.co.uk","cistern it"," causes","  ripples  on the"
"bexley.gov.uk","waves What"," causes","  tsunamis  ?"
"bexley.gov.uk","? , what"," causes","  tsunamis  ? ,"
"sscs.bham.ac.uk","tools. VWF"," causes","  loss  of blood"
"churchinwales.org.uk","way, interest"," causes","  money  to"
"psy.gla.ac.uk","the Moon, and"," causes","  blindness  . ["
"hcd2.bupa.co.uk","ruminants, it"," causes","  ulceration"
"biblicalstudies.org.uk","consultation"," causes","  difficulties"
"microscopy-uk.org.uk","tissues which"," causes","  shooting"
"bio.ic.ac.uk",". 5 What"," causes","  sinusitis  ?"
"monologues.co.uk","file. -E"," causes","  regedit  to"
"biop.ox.ac.uk",". RA also"," causes","  inflammation"
"mookychick.co.uk",". Religion"," causes","  trouble  . I got"
"unitedrant.co.uk","feature that"," causes","  text  strings"
"itchyyork.co.uk",", what"," causes","  stuttering  ,"
"uncommon-knowledge.co.uk","ankle. What"," causes","  ganglia  and"
"colc.co.uk","organism that"," causes","  disease  , "" he"
"stone.newton.cam.ac.uk","speed and this"," causes","  problems  with"
"ace.abertay.ac.uk","that"," causes","  inflammation"
"trichotillomania.co.uk","which"," causes","  malaria  will"
"footy4kids.co.uk","identify what"," causes","  asthma  to"
"icnorthwales.icnetwork.co.uk","your method"," causes","  exceptions"
"hilton.org.uk",") that"," causes",""
"murderousmaths.co.uk","tuition fees"," causes","  surge  in"
"cleanersafergreener.gov.uk","lupus rarely"," causes","  discomfort  or"
"historylearningsite.co.uk","thing that"," causes","  enmity  in our"
"elizabethan-era.org.uk","however, that"," causes","  concern  ."
"knowledgestorm.co.uk","","causes","  concerns  for"
"westyorkshire.police.uk","magical arts,"," causes",""
"avreview.co.uk","feel tired,"," causes","  heart"
"poetrymagazines.org.uk","threat and"," causes","  lots  of"
"sd-commission.org.uk",", which"," causes","  difficulties"
"raworths.co.uk","challenge and"," causes","  regression  of"
"raworths.co.uk","challenge and"," causes","  regression  of"
"skyscript.co.uk","mark, often"," causes","  children  (and"
"thekidswindow.co.uk","of evolution"," causes","  racism  etc."
"footy4kids.co.uk","daytime heat"," causes","  sterility  ,"
"bc.bangor.ac.uk","it regularly"," causes","  loss  of"
"bc.bangor.ac.uk",", in reality it"," causes","  plants  to"
"goldsmiths.ac.uk",", which"," causes","  weight  gain,"
"dooyoo.co.uk","skin and"," causes","  scabs  to form,"
"lincolnshire.gov.uk","males?"," causes",""
"carmarthenshire.gov.uk","(see What"," causes","  cataracts  ?"
"carmarthenshire.gov.uk","shape What"," causes","  cataracts  ? In"
"windowsproject.demon.co.uk","that"," causes","  evolution  - it"
"mailman.greennet.org.uk","file. -E"," causes","  regedit  to"
"hulltrains.co.uk","be the one who"," causes","  time  to"
"education.leeds.ac.uk","yet know what"," causes","  prostate"
"havering.gov.uk","pylori) that"," causes","  stomach  and"
"cres1.lancs.ac.uk","clot. This"," causes","  symptoms  such"
"placeboworld.co.uk","your GP. What"," causes","  brain  tumours"
"antiquetools.co.uk","Though ''yogh ''"," causes","  something  of a"
"atomicdesign.co.uk","* Civil unrest"," causes","  segregation  *"
"atomicdesign.co.uk","other areas)"," causes","  bitterness"
"icnorthwales.icnetwork.co.uk","is, what"," causes","  bunions  ,"
"winspiration.co.uk","ability and so"," causes","  problems  with"
"nowt2do.co.uk","housing"," causes","  fuel  poverty."
"culham.ac.uk","protein which"," causes","  cancer  cells"
"shaneglobal.co.uk",". It usually"," causes","  pain  while"
"ukcorporator.co.uk","A b in the brain"," causes","  damage  to"
"ukcorporator.co.uk","field CA1 and"," causes","  neurons  to"
"martininstitute.ox.ac.uk","the drug laws"," causes","  tensions"
"catalystconference.co.uk","","causes","  concerns  for"
"raworths.co.uk","also"," causes","  water  to have"
"pantaneto.co.uk","to bone. What"," causes","  sprains  and"
"amateurphotographer.co.uk","lungs, which"," causes","  obstruction  )"
"amateurphotographer.co.uk","is; what"," causes","  asthma  ;"
"mediadesk.co.uk","that"," causes","  spots  . Most"
"mediadesk.co.uk","of skin What"," causes","  acne  ? Acne is"
"mediadesk.co.uk",". This"," causes","  blackheads"
"ardue.org.uk","being common"," causes","  and/  or those"
"bhx.co.uk","a view that"," causes","  discomfort  to"
"newtonproject.ic.ac.uk","; benzene"," causes","  leukemia  in"
"historylearningsite.co.uk","not clear what"," causes","  fibroids  ."
"historylearningsite.co.uk",". What"," causes","  fibroids  ? The"
"src.le.ac.uk","wondered what"," causes","  houses  to"
"questors.org.uk","bacteria. It"," causes","  scaling  and"
"questors.org.uk","us and rarely"," causes","  problems  ."
"adriandenning.co.uk","Disease """," causes","  everything"
"mbdevelopments.co.uk","it affects and"," causes","  interruption"
"brake.org.uk","and cost, this"," causes","  distress  to"
"uncommon-knowledge.co.uk",". Smoking"," causes","  cancer  ."
"turkeyrealestate.co.uk","parameter"," causes","  nmbd  to"
"new.wales.gov.uk",", however, it"," causes","  anxiety  and"
"kent.gov.uk",". It usually"," causes","  hypertension"
"fairy-tales.classic-literature.co.uk",". Where stress"," causes",""
"swwater.co.uk","-s This option"," causes","  smbpasswd  to"
"penninewaterways.co.uk","","causes","  concerns  for"
"penninewaterways.co.uk","","causes","  concerns  for"
"users.netmatters.co.uk","(Run always"," causes","  problems  ! ! ! )"
"fortawesome.co.uk","how salt"," causes","  rust  on your"
"microscopy-uk.org.uk","''abortion"," causes","  breast  cancer"
"students.bath.ac.uk","","causes","  epilepsy  ."
"coinet.org.uk","of HPV that"," causes","  warts  that you"
"coinet.org.uk","the virus that"," causes","  warts  as well."
"fairtrade.org.uk",""" Wind and rain"," causes","  pain  , it ''s"
"studentcentral.co.uk","98 users. What"," causes","  system"
"forum.thebears.co.uk","what"," causes","  war  , you may"
"warwickshire-wildlife-trust.org.uk","of dogs that"," causes","  propositions"
"warwickshire-wildlife-trust.org.uk","of a being that"," causes","  propositions"
"perfectpath.co.uk",", which"," causes","  diarrhoea  and"
"platform-end.co.uk",". If a member"," causes","  trouble  in a"
"eng.ox.ac.uk","- whether it"," causes","  cancer  or not -"
"internationalhero.co.uk","consultation"," causes","  difficulties"
"carnegiegreenaway.org.uk","instantly"," causes","  problems  . The"
"carnegiegreenaway.org.uk","instantly"," causes","  problems  . The"
"tutorials.beginners.co.uk","cholesterol"," causes","  deposits  to"
"taylorbells.co.uk","brain. What"," causes","  OCD  ? The exact"
"budgerigars.co.uk","''s disease"," causes","  damage  to"
"geekz.co.uk","spells ''. What"," causes","  dizziness  and"
"bagpipeworld.co.uk","that"," causes","  concern  . On"
"footstepstooxford.co.uk","terminology"," causes",""
"carnegiegreenaway.org.uk","false alarm"," causes","  disruption  ."
"careers.ed.ac.uk",". Nicotine"," causes","  tolerance  ,"
"jbe.gold.ac.uk","the head. What"," causes","  headaches  ? It"
"teamsolutions.co.uk","Ageing cocoa"," causes","  concern"
"education.leeds.ac.uk",", it often"," causes","  confusion  for"
"j-sainsbury.co.uk","of a child"," causes","  poverty  in"
"jamster.co.uk","and hips. It"," causes","  sleep"
"penninewaterways.co.uk","sunk by marine"," causes","  Merchant"
"go-newfocus.co.uk","Listeriosis"," causes","  cows  to"
"nationwide.co.uk","families and"," causes","  pain  , trauma,"
"fphm.org.uk","stress)"," causes","  molecules  to"
"talkingteaching.co.uk","Lethality"," causes","  mortality"
"talkingteaching.co.uk","etc., that"," causes",""
"colour.leeds.ac.uk","current"," causes","  electrolysis"
"voa.gov.uk","analysis)"," causes","  infertility  ."
"voa.gov.uk","XSxr/ Y males"," causes","  deletion  of"
"whitedragon.org.uk","meals"," causes","  blood  sugar"
"penninewaterways.co.uk","to clot and"," causes","  vessels  to"
"penninewaterways.co.uk","as sugar"," causes","  adrenaline"
"hlst.heacademy.ac.uk","that the jab"," causes","  autism  , "" the"
"hlst.heacademy.ac.uk","that MMR"," causes","  autism  is"
"hlst.heacademy.ac.uk","autism. If MMR"," causes","  autism  there"
"hlst.heacademy.ac.uk","that MMR"," causes","  autism  is"
"hlst.heacademy.ac.uk","autism. If MMR"," causes","  autism  there"
"hlst.heacademy.ac.uk","MMR vaccine"," causes","  brain  damage"
"coeliac.org.uk","detection of"," causes","  workers"
"cofepow.org.uk","for sure what"," causes","  dyskaryosis  ."
"weddingguide.co.uk","not sure what"," causes","  lupus  , the"
"nhsplus.nhs.uk","treatment"," causes","  injury  to the"
"buildingdesign.co.uk","writes that it"," causes","  malevolence  ,"
"fisheries.co.uk","and that"," causes","  confusion  , so"
"ramagazine.org.uk","who have it."," Causes","  Nobody  is"
"ramagazine.org.uk","sure what"," causes","  fibromyalgia"
"lancs.ac.uk","pressure"," causes","  water  losses"
"kenyabirds.org.uk","","causes","  stress  and"
"brake.org.uk",". The disease"," causes","  fever  ,"
"dealclick.co.uk","it"," causes","  hernias  . His"
"laptopsdirect.co.uk","mice"," causes","  B-cell"
"westyorkshire.police.uk","that it"," causes","  breast  cancer"
"ulster.ac.uk","to it which"," causes",""
"fonefunshop.co.uk","such a way that"," causes","  harassment  ,"
"women.timesonline.co.uk","traffic"," causes","  problems  , not"
"asp.wlv.ac.uk",", arsine also"," causes","  kidney"
"asp.wlv.ac.uk","which"," causes","  blood"
"lux.org.uk","on whom God"," causes","  sleep  to"
"bures-online.co.uk","""; } };//","Causes","  error  :"
"bures-online.co.uk","inheritance"," causes","  problems  ."
"localhistory.scit.wlv.ac.uk","it"," causes","  problems  for"
"localhistory.scit.wlv.ac.uk",", this still"," causes","  fallout  and is"
"fvi.org.uk","which"," causes","  blindness  in"
"fvi.org.uk","amaurosis"," causes","  sufferers  to"
"fvi.org.uk","the eye, which"," causes","  damage  to the"
"livegroup.co.uk","n''t know [ what"," causes","  depression  ]."
"bagpipeworld.co.uk","of hand. Dirt"," causes","  damage  and"
"durhamcathedral.co.uk","This, in turn,"," causes","  feelings  of"
"durhamcathedral.co.uk","too harsh"," causes","  youngsters  to"
"durhamcathedral.co.uk",". This"," causes","  coaches  to"
"nottinghillhousing.org.uk","arthritis),"," causes","  pressure  on"
"crbs.org.uk","lives. What"," causes","  period  pain?"
"oxford-chiltern-bus-page.co.uk","duct. What"," causes","  gallstones  ?"
"isec2000.org.uk","often"," causes","  problems  in"
"prochoiceforum.org.uk","because T"," causes","  H  to be"
"churchill-society-london.org.uk","is that debate"," causes","  splits  and a"
"paradisebathrooms.co.uk","however, that"," causes","  concern  ."
"psalmody.co.uk","thumb. What"," causes","  carpal  tunnel"
"library.stir.ac.uk","(FAS). FAS"," causes","  growth"
"orbitsw.co.uk","heat which"," causes","  putrefaction"
"technology.timesonline.co.uk","of stretchers"," causes","  flight  delays"
"italian.classic-literature.co.uk","frequently"," causes","  problems  when"
"bma.org.uk","and error"," causes","  suffering  ."
"jamescowper.co.uk","with bacteria"," causes","  redness  and"
"jamescowper.co.uk","cancer"," causes","  pain  in about"
"www-tus.csx.cam.ac.uk","a gene that"," causes",""
"ex-canaries.co.uk","of schemes and"," causes","  confusion  to"
"darknessandlight.co.uk","rectum) and"," causes","  pain  and"
"digitalliving.cnet.co.uk","can be fatal."," Causes","  People  can"
"highland-mountain-guides.co.uk","pollution"," causes","  problems  in"
"cma.soton.ac.uk","file. -E"," causes","  regedit  to"
"contours.co.uk","a disease that"," causes","  blindness  and"
"richmondreview.co.uk","case"," causes","  suspension  of"
"jolt.co.uk","above."," Causes","  tar  files to be"
"jolt.co.uk","directories."," Causes","  tar  files to be"
"jolt.co.uk",") blocksize."," Causes","  tar  file to be"
"jolt.co.uk",") blocksize."," Causes","  tar  file to be"
"prochoiceforum.org.uk","of exercise"," causes","  pigs  to become"
"scottishtorymeps.org.uk","of insulin"," causes","  glucose  to"
"scottishtorymeps.org.uk","a level that"," causes","  symptoms  . Who"
"epsr-marx-lenin.co.uk","corruption"," causes","  losses  to"
"comms.scitech.susx.ac.uk","project that"," causes","  friction  . A"
"compassvineyard.org.uk","result. What"," causes","  flashbacks  ?"
"kappco.co.uk","typically"," causes","  symptoms  of"
"kappco.co.uk","defective,"," causes",""
"kappco.co.uk","(which"," causes","  acantholysis"
"sscs.bham.ac.uk","number also"," causes","  problems  , as"
"leighday.co.uk","that it also"," causes","  retention  of"
"theedge.abelgratis.co.uk","dangerous and"," causes","  crashes  ."
"cep.lse.ac.uk","of CJD CJD"," causes","  dementia  ,"
"cep.lse.ac.uk","into one that"," causes","  disease  ."
"cep.lse.ac.uk",", also"," causes","  increases  in a"
"newempiretheatre.co.uk","lack of oxygen"," causes","  changes  in our"
"lccc.co.uk","a whole. This"," causes","  variability"
"greatplaces.org.uk","the diffuser"," causes","  reflections  ,"
"pers-www.wlv.ac.uk","also"," causes","  skin  damage."
"cpb.bio.ic.ac.uk","sunlight that"," causes","  lupus  to flare"
"cpb.bio.ic.ac.uk","to flare and"," causes","  rashes  to"
"thamesweb.co.uk","that they know"," causes","  flare-ups  of"
"carnegieuktrust.org.uk","compromise"," causes","  capitulation"
"smoothhound.co.uk","day. Now, that"," causes","  problems  ."
"pdsg.org.uk",". 3 What"," causes","  MS  ? The"
"graysathletic.co.uk",", which"," causes","  contractions"
"assemblage.group.shef.ac.uk",". It also"," causes","  pressure  on"
"terramedia.co.uk","However, this"," causes","  memories  to be"
"terramedia.co.uk","Interference"," causes","  memory  loss."
"terramedia.co.uk","interference"," causes","  problems  with"
"parentzonescotland.gov.uk","MMR vaccine"," causes","  inflammation"
"naldic.org.uk","man. Symptoms"," Causes","  dizziness  ,"
"ch.cam.ac.uk","the fungus"," causes","  disease  . "" He"
"wmconnolley.org.uk","This blockage"," causes","  fluids  to"
"roehampton.ac.uk","in dwellings"," causes","  lung  cancer."
"jesus.org.uk",", but rarely"," causes","  harm  . If a user"
"woodbridgeproductions.co.uk","such a pain and"," causes","  injuries  as"
"phoenixs.co.uk","stress"," causes","  cancer  . It may"
"bartsandthelondon.org.uk","","causes","  soreness  and"
"bartsandthelondon.org.uk",", and often"," causes","  itchiness  or a"
"autumnidealhomeshow.co.uk","effect"," causes","  fluorescence"
"cpb.bio.ic.ac.uk","and generally"," causes","  weakness  in"
"cpb.bio.ic.ac.uk","the condition"," causes","  amnesia  , so a"
"missinglinkclassichorror.co.uk","","causes","  concerns  for"
"socialism.org.uk","? complacency"," causes","  accidents  so"
"subscription.co.uk","","causes","  problems  ,"
"iwa.org.uk","the horror it"," causes","  men  by some"
"brucesfingers.co.uk",". -s username"," Causes","  smbpasswd  to"
"taots.co.uk","short. What"," causes","  COPD  ? The"
"taots.co.uk",", which"," causes","  air  to become"
"usdaw.org.uk","weather"," causes","  problems  on"
"viva.org.uk","before it"," causes","  problems  ."
"psnc.org.uk","perverse, and"," causes","  confusion  to"
"whatsonbristol.co.uk","protein. LDL"," causes","  cholesterol"
"biol.lancs.ac.uk","occasionally"," causes","  drowsiness  ,"
"epsr-marx-lenin.co.uk","This, in turn,"," causes","  feelings  of"
"bobsticks.co.uk","to look at what"," causes","  pain  and think"
"kingkong.demon.co.uk","n''t know what"," causes","  autism  ,"
"history.kessler-web.co.uk",". 3 What"," causes","  MS  ? The"
"adriandenning.co.uk","obviously"," causes","  problems  for"
"phillipsplastics.co.uk","bcast This"," causes","  resolution  to"
"cabinetoffice.gov.uk",". If a child"," causes","  damage  ,"
"isolani.co.uk","a friend what"," causes","  lung  cancer"
"isolani.co.uk","ask them what"," causes","  tooth  decay:"
"studentdepression.co.uk","of justice,"," causes","  delays  in the"
"positivenation.co.uk",", auto, which"," causes","  nmbd  to"
"observer.guardian.co.uk",": symptoms"," causes","  treatment  ,"
"cs.bham.ac.uk","Round One: Fog"," causes","  havoc  in"
"cs.bham.ac.uk",") 02-Sep: Fog"," causes","  havoc  at NZ"
"phrases.org.uk","that tobacco"," causes","  cancer  ),"
"waits.org.uk","and this"," causes","  resentment"
"waits.org.uk","of contact"," causes",""
"equinetourism.co.uk","This normally"," causes","  blindness  ("
"artifact.ac.uk","reduced. What"," causes","  anaemia  and"
"artifact.ac.uk","enlarged also"," causes","  destruction"
"www-users.york.ac.uk","cannabis. THC"," causes","  psychosis  . It"
"punk77.co.uk","that it"," causes",""
"nio.gov.uk","freezing"," causes","  frostbite  ."
"varley9.freeserve.co.uk","","causes","  distress  far"
"caledonian.ac.uk","which"," causes","  TB  was one of"
"stainer.co.uk","present. It"," causes","  headache  ,"
"my-history.co.uk","to know how it"," causes","  disease  . By"
"britishblogs.co.uk",". This"," causes","  movement  of"
"fpa.org.uk","binds, it"," causes","  ion  channels"
"henrytudor.co.uk",", and poverty"," causes","  degeneration"
"henrytudor.co.uk",". Deprivation"," causes","  individuals"
"henrytudor.co.uk","and female"," causes","  lust  and"
"fdsystems.co.uk","parasite that"," causes","  malaria  was"
"fdsystems.co.uk","parasite that"," causes","  malaria  is"
"fdsystems.co.uk",", which"," causes","  defects  in the"
"weeks-g.dircon.co.uk","again. What"," causes","  alopecia  ? The"
"vue.org.uk","disease that"," causes","  fever  and"
"dcs.gov.uk","to sunlight"," causes","  skin"
"cer.org.uk","on the famous"," causes","  cZlbres  of"
"air-supply.co.uk","that of the all"," causes","  totals  shown"
"direct.gov.uk","sets up and"," causes","  health"
"buyimage.co.uk","forms that"," causes","  people  to"
"bexley.gov.uk","virus often"," causes","  excitement  or"
"vmg.co.uk","to 25 members"," causes","  paralysis  ,"
"www1.indymedia.org.uk","molecules"," causes","  peptide"
"canterbury.ac.uk","yellow lines"," causes","  traffic"
"borkowski.co.uk","seizure. What"," causes","  seizures  ?"
"borkowski.co.uk","epilepsy What"," causes","  NES  ? Some NES"
"nya.org.uk","tuition fees"," causes","  surge  in"
"nya.org.uk","tuition fees"," causes","  surge  in"
"churchinwales.org.uk",". Inflation"," causes","  money  to"
"jazzscript.co.uk","development"," causes","  alarm  because"
"macdonaldhotels.co.uk","that they know"," causes","  flare-ups  of"
"countrybookshop.co.uk","epidurals can"," causes","  itchiness  ."
"uk-muscle.co.uk","2003 Iraq"," causes","  changes  to"
"bexley.gov.uk",". The virus"," causes","  rage  and turns"
"balfourbeatty.co.uk","What"," causes","  sales"
"balfourbeatty.co.uk","track is "" what"," causes","  sales  "" or """
"balfourbeatty.co.uk",""" or "" what"," causes","  growth  . Why?"
"balfourbeatty.co.uk","activity that"," causes","  sales  to"
"balfourbeatty.co.uk","the "" what"," causes","  sales  "" key"
"balfourbeatty.co.uk",". What"," causes","  operations  to"
"balfourbeatty.co.uk","share? What"," causes","  customer"
"balfourbeatty.co.uk","? What"," causes","  employee"
"balfourbeatty.co.uk","what"," causes","  results"
"bournemouth.gov.uk","major gas that"," causes","  climate"
"ulster.ac.uk","crash What"," causes","  applications"
"literacytrust.org.uk","work, which"," causes","  le-ache  in the"
"efestivals.co.uk",", good"," causes","  database"
"staffordshire.gov.uk",". This"," causes","  activation  of"
"staffordshire.gov.uk","seldom"," causes","  release  of"
"ability.org.uk","it also"," causes","  pneumonia  ),"
"punkoiuk.co.uk","as armatures"," causes","  problems  in"
"gradunion.cam.ac.uk","eat food that"," causes","  someone  else"
"exeter.ac.uk",", which"," causes","  increases  in"
"armedforces.co.uk","residue which"," causes","  odours  ."
"nao.org.uk","on the famous"," causes","  célèbres  of"
"vam.ac.uk","if conduct"," causes","  concern  ."
"money.independent.co.uk","newest 0.20"," causes","  errors  . ) #HOW"
"accountingweb.co.uk","which"," causes","  kidney"
"newworknetwork.org.uk","fallout"," causes","  diseases  ,"
"mda.org.uk","to a virus that"," causes","  leukemia  in"
"socresonline.org.uk","attitude"," causes","  suffering  ,"
"socresonline.org.uk","this process"," causes",""
"socresonline.org.uk","person it"," causes","  anger  , and"
"wisa.org.uk","poliovirus"," causes","  destruction"
"cs.le.ac.uk","error that"," causes","  edges  to be"
"era.anthropology.ac.uk","error that"," causes","  edges  to be"
"sage-rsa.org.uk","layer that"," causes","  difficulties"
"geog.le.ac.uk","enforcement"," causes","  resentment"
"weddingguide.co.uk",". What"," causes","  people  not to"
"geog.le.ac.uk","disadvantage"," causes","  disease  See"
"ati.surrey.ac.uk","dumping that"," causes","  poverty  in"
"vam.ac.uk","chains"," causes",""
"glaucus.org.uk",", which"," causes","  birth  defects"
"ownersdirect.co.uk","as that growth"," causes","  unemployment"
"nationalarchives.gov.uk","segregation"," causes","  prejudice  ."
"thekidswindow.co.uk","occasionally"," causes","  drowsiness  ,"
"abtn.co.uk","Death Ray"," causes","  home"
"staffordshire.gov.uk","it actively"," causes","  ill-health  . """
"find-me-a-gift.co.uk","this ligament"," causes","  pain  and"
"brainfire.co.uk","sometimes"," causes","  difficulties"
"reviews.zdnet.co.uk",". The disease"," causes","  destruction"
"hitched.co.uk","seizure onset"," causes","  anxiety  and"
"football.co.uk","of any server"," causes","  disruption  to"
"keywords.dsvr.co.uk","the gene that"," causes","  eggs  to be"
"squashsite.co.uk","it usually"," causes","  warts  in"
"j-sainsbury.co.uk","is that salt"," causes","  food  to absorb"
"rbs.co.uk","rent increase"," causes","  hardship  ,"
"lccc.co.uk","solium, it"," causes","  taeniasis  ,"
"natwest.co.uk","companies and"," causes","  mining"
"members.lycos.co.uk","ways, it"," causes","  delays  and"
"archive.official-documents.co.uk","System. What"," causes","  MS  is not yet"
"ownersdirect.co.uk","As the block"," causes","  dilatation  of"
"whom.co.uk",". What"," causes","  youth  crime?"
"weddingguide.co.uk","strength"," causes","  water  to"
"niassembly.gov.uk","loss but never"," causes","  blindness  1."
"cs.bris.ac.uk","at surface"," causes","  decay  ."
"bectu.org.uk",". Too much salt"," causes","  heart  disease"
"olympics.org.uk","mucus. It"," causes","  symptoms  such"
"ageconcern.org.uk","output and"," causes","  loss  of lean"
"bluecross.org.uk","pain. Bextra"," causes","  reactions  in"
"ageconcern.org.uk",", it"," causes","  confusion  in"
"kavkaz.org.uk","this house"," causes","  fears  ,"
"weddingguide.co.uk","people"," causes","  anxiety  and"
"rafmuseum.org.uk","it this way"," causes","  problems  on"
"cwn.org.uk","of dopamine"," causes","  overactivity"
"rob.annable.co.uk","water that"," causes","  outbreaks  of"
"socresonline.org.uk","injuries. Fog"," causes","  chaos  at"
"journalism.cf.ac.uk","algae, which"," causes","  greenwater"
"money.independent.co.uk",", kindness"," causes",""
"lancs.ac.uk","radiation"," causes","  DNA  damage"
"lancs.ac.uk","doubt that it"," causes","  DNA  damage"
"chaosscience.org.uk","results that A"," causes","  B  "" (ibid)."
"niassembly.gov.uk","in pork which"," causes","  food"
"comedycv.co.uk","eating beef"," causes","  CJD  . 24 10.73"
"orcadian.co.uk","in a way which"," causes","  loss  of short"
"comedycv.co.uk","the stone that"," causes","  people  to"
"comedycv.co.uk","a stone that"," causes","  people  to"
"dvd.ciao.co.uk","in the UK. What"," causes","  epilepsy  ?"
"healthmatters.org.uk","in the UK. What"," causes","  epilepsy  ?"
"uktvfood.co.uk","while the 12th"," causes","  loss  and"
"library.nhs.uk","that which"," causes","  happiness  or"
"phill.co.uk","arthritis"," causes","  joints  in the"
"gradunion.cam.ac.uk","the evil and"," causes","  crime  against"
"find-me-a-gift.co.uk","the heart,"," causes","  depression  ,"
"kavkaz.org.uk","switch)"," causes","  message  one to"
"efestivals.co.uk","one question"," causes","  gun  control to"
"theweddingnetwork.co.uk","). This"," causes","  text  nodes to"
"borkowski.co.uk",", which"," causes","  increases  in"
"marlab.ac.uk",", which"," causes","  difficulties"
"portcities.org.uk","","causes",""
"msm.cam.ac.uk","that fibre and"," causes","  release  of a"
"wycombe.gov.uk","blue flame. It"," causes","  silver  to"
"wycombe.gov.uk","","causes",""
"library.nhs.uk","it falls and"," causes","  injury  . At the"
"comedycv.co.uk","TV, DVD, etc,"," causes","  problems  when"
"j-sainsbury.co.uk","in a way which"," causes","  harassment  ,"
"dvd.ciao.co.uk","and sun burn"," causes","  skin  cancer."
"motoring.independent.co.uk","finger motion"," causes","  activation  of"
"vistaprint.co.uk","faecium that"," causes","  colitis  and"
"pkf.co.uk","hernia often"," causes","  chest-pain  ,"
"ecmselection.co.uk",". The chemical"," causes","  changes  to the"
"bectu.org.uk","Dry room air"," causes","  people"
"newworknetwork.org.uk","that"," causes","  wars  . All you"
"bond.org.uk","a lack of light"," causes","  changes  in"
"orcadian.co.uk","''s rapid thaw"," causes","  alarm  . The"
"insight.zdnet.co.uk","immediately"," causes","  problems  and"
"caledonian.ac.uk","and very often"," causes","  friction"
"malia.co.uk","areas and that"," causes","  problems  . "" """
"efestivals.co.uk",", which"," causes","  withdrawal"
"uce.ac.uk","","causes","  waste  by"
"www2.sas.ac.uk","films that"," causes","  face-strain"
"smoothhound.co.uk",". The disease"," causes","  stomach  aches"
"orgs.man.ac.uk","build-up"," causes",""
"rafmuseum.org.uk","and this"," causes",""
"motoring.independent.co.uk",". Frequently"," causes","  contracts  to"
"historylearningsite.co.uk","activity that"," causes","  seizures  . So"
"historylearningsite.co.uk","the brain that"," causes","  seizures  ."
"punkoiuk.co.uk","growth which"," causes","  reductions  in"
"ageconcern.org.uk","disorder that"," causes","  epilepsy  and"
"niassembly.gov.uk","that"," causes","  damage  to the"
"eastman.ucl.ac.uk",", but this only"," causes","  problems  with"
"caledonian.ac.uk","frequency)"," causes","  cross-talk  in"
"caledonian.ac.uk","frequency)"," causes","  cross-talk  in"
"bectu.org.uk","such incident"," causes","  concern  , but"
"comedycv.co.uk","disease that"," causes","  potato  blight"
"edinburghfestivals.co.uk","Anything that"," causes","  harm  should be"
"governornet.co.uk","young. What"," causes","  depression  ?"
"cwn.org.uk","movement"," causes","  difficulty  or"
"cwn.org.uk",". What"," causes","  constipation"
"uktvstylegardens.co.uk",". Heat stress"," causes","  suffering  and"
"carmarthenshire.gov.uk",". What"," causes","  vomiting  ?"
"carmarthenshire.gov.uk",", this often"," causes","  vomiting  ."
"orcadian.co.uk",", S suis (","causes","  meningitis  ),"
"orcadian.co.uk","of S. suis (","causes","  meningitis  )"
"orcadian.co.uk","; and"," causes","  trauma  to both"
"libdems.org.uk","and"," causes","  depression  ,"
"libdems.org.uk","infection"," causes","  blood"
"libdems.org.uk","disorder that"," causes","  lameness  in"
"calderdale.gov.uk","separation"," causes","  cows  and"
"nationalarchives.gov.uk","3. It"," causes","  harm  to areas"
"talkpolitics.users20.donhost.co.uk","Happier? What"," causes","  happiness  ?"
"shu.ac.uk","... even if it"," causes","  confusion  for"
"fuk.co.uk","Club burglary"," causes","  thousands  in"
"carmarthenshire.gov.uk","seizures"," causes","  people  to"
"bsacforum.co.uk","itself rarely"," causes","  health"
"webmaster.lycos.co.uk","muscle cells"," causes","  movement  . We"
"bectu.org.uk",". What"," causes","  headaches  ?"
"met.police.uk","is this? What"," causes","  people  to be"
"pkf.co.uk","time. What"," causes","  krill  to grow?"
"epilepsy.org.uk","cosmos that"," causes","  everything"
"scotcourts.gov.uk","pressure that"," causes","  waste  fluids"
"motoring.independent.co.uk","religion"," causes","  wars  then you"
"www2.netdoctor.co.uk","frequency)"," causes","  cross-talk  in"
"glaucus.org.uk","thinking"," causes","  overload  ,"
"buildingdesign.co.uk","","causes","  concerns  for"
"southwestrda.org.uk","to the brain"," causes","  dizziness  and"
"southwestrda.org.uk","to the brain"," causes","  sensations"
"jolt.co.uk","","causes","  concerns  "" for"
"marriott.co.uk","the misery it"," causes","  communities  ."
"macdonaldhotels.co.uk","taking off and"," causes","  ice  crystals"
"football.co.uk","software"," causes","  trouble  ,"
"mypharmacy.co.uk","sick children"," causes","  hardship  ,"
"tutorials.beginners.co.uk",". Cons:"," Causes","  nitrogen"
"mountaineering-scotland.org.uk","imbalance"," causes","  war  , as the"
"adriandenning.co.uk","stunning"," causes","  pain  :? In"
"adriandenning.co.uk","? Electricity"," causes","  burns  to the"
"rubberturnip.org.uk","age. What"," causes","  lumbago  ? In"
"voa.gov.uk","you say what"," causes","  people  to"
"aaps.ed.ac.uk",". What"," causes","  skin  cancer?"
"web16713.vs.netbenefit.co.uk","place it"," causes","  illness  ,"
"web16713.vs.netbenefit.co.uk",", firstly it"," causes","  pain  through"
"web16713.vs.netbenefit.co.uk",", the womb"," causes","  pain  in the"
"web16713.vs.netbenefit.co.uk","the hips it"," causes","  pain  both to"
"web16713.vs.netbenefit.co.uk","opening and"," causes","  absence  of"
"lancs.ac.uk",". What"," causes","  headaches  ?"
"voa.gov.uk","markets. What"," causes","  unemployment"
"show.me.uk","script"," causes","  performance"
"squashsite.co.uk","of anthrax"," causes","  lumps  with a"
"jazzscript.co.uk","? Pregnancy"," causes","  changes  in"
"journalism.cf.ac.uk","that"," causes","  offence  to be"
"library.nhs.uk","","causes","  concern  , as"
"orcadian.co.uk",". What"," causes",""
"orcadian.co.uk","effect. Other"," causes","  Tuberculosis"
"orcadian.co.uk","enzyme defect"," causes","  problems  with"
"accountingweb.co.uk","the Sun ''s - and"," causes","  tides  then to"
"shop.gameplay.co.uk","and"," causes","  division  in"
"iiss.org.uk","in many ways"," causes","  hardship  to"
"ability.org.uk","alone often"," causes","  confusion  and"
"edietsuk.co.uk","disadvantage"," causes","  disease  Dear"
"uce.ac.uk","frequency)"," causes","  cross-talk  in"
"uclan.ac.uk","stunning"," causes",""
"uclan.ac.uk","waterbath"," causes",""
"rail-reg.gov.uk","effects- it"," causes","  release  of"
"essex.police.uk","and remit of"," causes","  Remits  to"
"reviews.zdnet.co.uk","is that which"," causes","  injury  , that"
"oakham.cs.ucl.ac.uk","weed which"," causes","  liver  failure"
"citizenshipfoundation.org.uk","by the body,"," causes","  vasodilation"
"cambs.police.uk","''. Dismissal"," causes","  injury  to"
"aol.co.uk",", matter"," causes","  space-time  to"
"archaeology.co.uk","that"," causes","  life"
"primaryresources.co.uk","night cafes"," causes","  problems  , and"
"theweddingnetwork.co.uk","this model"," causes","  problems  for"
"lathes.co.uk","3. It"," causes","  harm  to areas"
"faq.quickbooks.co.uk","a transporter"," causes","  fear  in"
"faq.quickbooks.co.uk","also"," causes","  stress  and"
"integralis.co.uk","run all day and"," causes","  havoc  for the"
"newworknetwork.org.uk","night caller"," causes","  concern  for"
"orcadian.co.uk","decline"," causes","  profit  drop"
"www1.indymedia.org.uk",". What"," causes","  obesity  ?"
"conceptcar.co.uk","the hook that"," causes","  players  to"
"thompsons.law.co.uk","illness. What"," causes","  fatigue  ?"
"thompsons.law.co.uk","that"," causes","  exhaustion"
"find-me-a-gift.co.uk",") which then"," causes","  tetanus  ,"
"reviews.zdnet.co.uk","sometimes"," causes",""
"spuc.org.uk","; the risk and"," causes","  menu  page date"
"ogc.gov.uk","be used as this"," causes","  confusion  for"
"calderdale.gov.uk","the spirit who"," causes","  cholera  : he is"
"historic-scotland.gov.uk","a person who"," causes","  others  to act"
"efestivals.co.uk",", but this only"," causes","  problems  with"
"aaps.ed.ac.uk",". 1. Sugar"," causes","  blood  glucose"
"aaps.ed.ac.uk","hold. 6. Sugar"," causes","  tooth  decay."
"viva.org.uk","pressure that"," causes","  dizziness  or"
"reviews.zdnet.co.uk",", which"," causes","  dizziness  and"
"uclan.ac.uk","it hardly ever"," causes","  symptoms  ."
"uclan.ac.uk","damage. What"," causes","  hypertension"
"rail-reg.gov.uk","that"," causes","  anxiety  to the"
"informatics.nhs.uk","separation"," causes","  cows  and"
"archives.gla.ac.uk","of vibration"," causes",""
"insight.zdnet.co.uk","clearly"," causes","  pain  and"
"insight.zdnet.co.uk","","causes","  suffering  ."
"archive.official-documents.co.uk","months. What"," causes","  nausea  during"
"archive.official-documents.co.uk",") that it"," causes","  dehydration  ."
"cwn.org.uk","also"," causes","  difficulties"
"sfeu.ac.uk","? ?s disease)"," causes","  jaundice  and"
"reviews.zdnet.co.uk","unemployment"," causes","  wages  to"
"eternalnight.co.uk","that"," causes","  tuberculosis"
"journalism.cf.ac.uk","Leprosy still"," causes","  deformity  and"
"essex.police.uk","poisoning"," causes","  animals  to"
"cherryred.co.uk","- if something"," causes","  pain  or"
"cstr.ed.ac.uk","bacterium. It"," causes","  diseases  such"
"jazzscript.co.uk","(1 %). FAP"," causes","  lots  of small"
"borkowski.co.uk","which"," causes","  revulsion  or"
"bectu.org.uk","infections"," causes","  concern  NHS"
"ownersdirect.co.uk","cases. What"," causes","  diabetes  ?"
"fametastic.co.uk",". Diabetes"," causes","  thirst  ,"
"boysstuff.co.uk","","causes","  concerns  for"
"www-same.dur.ac.uk","cavity and"," causes","  pain  . If the"
"msn.netdoctor.co.uk","a disease that"," causes","  blindness  and"
"msn.netdoctor.co.uk","Britons and"," causes","  inflammation"
"niftc.co.uk","wire mesh"," causes","  ulcers  on"
"adriandenning.co.uk","disease which"," causes","  stomach  pains"
"lists.adeptscience.co.uk","the cell. This"," causes","  cancer  cells"
"man.ac.uk","illness that"," causes","  changes  in"
"glaucus.org.uk","."," Causes","  Germs"
"psi.org.uk",". What"," causes","  psoriasis  ?"
"hlst.heacademy.ac.uk","that"," causes","  insulin"
"hlst.heacademy.ac.uk","many cells and"," causes","  inflammation"
"web16713.vs.netbenefit.co.uk","of both. What"," causes","  heart  valve"
"shu.ac.uk","the brain that"," causes","  seizures  ."
"insight.zdnet.co.uk","of medication"," causes","  problems  for"
"lists.adeptscience.co.uk","of wool"," causes","  animals  to die"
"ids.ac.uk","cycling and"," causes","  accidents  ."
"cedr.co.uk","poisoning"," causes","  humans  to"
"archive.official-documents.co.uk",", for example,"," causes","  birth  defects"
"spuc.org.uk","deformation"," causes","  ice  to"
"barbecue-online.co.uk","that it"," causes","  nausea  and"
"historylearningsite.co.uk",". It certainly"," causes","  problems  ."
"danacentre.org.uk","interference"," causes","  referees  and"
"edinburghfestivals.co.uk","stimulant and"," causes","  wakefulness"
"wakefield.gov.uk","when it"," causes","  disruption  to"
"hollies.co.uk","addition, it"," causes","  insulin"
"niftc.co.uk","as to what"," causes","  SUDEP  . The"
"lounge2bedroom.co.uk","and this"," causes","  resentment"
"bsactravelclub.co.uk","method that"," causes","  animals  the"
"iiss.org.uk",". What"," causes","  heartburn  ?"
"ids.ac.uk",", which"," causes","  gas  molecules"
"archive.official-documents.co.uk","they lay may"," causes","  irritation  of"
"ownersdirect.co.uk","","causes","  blindness  ,"
"mountaineering-scotland.org.uk","an earthquake"," causes","  uncertainty"
"4rfv.co.uk","boom that"," causes","  house  prices"
"aimhigher.ac.uk",". Composting"," causes","  methane  gas as"
"music.york.ac.uk","pond weed, he"," causes","  pandamonium"
"practicalpc.co.uk","if the pub"," causes","  problems  . And"
"dcs.ed.ac.uk",". Generally"," causes","  image"
"www1.indymedia.org.uk","'' pay dispute"," causes","  exam  chaos"
"ymss.org.uk","it actually"," causes","  alterations"
"niftc.co.uk","illness. What"," causes","  fatigue  ?"
"niftc.co.uk","that"," causes","  exhaustion"
"diabetes.org.uk","the core,"," causes","  alarm  in"
"msm.cam.ac.uk","the date"," causes","  QuickBooks  to"
"secure.bfi.org.uk","an object that"," causes","  pain  and the"
"digitalspy.co.uk",". It certainly"," causes","  problems  ."
"unitedrant.co.uk","speed that"," causes","  problems  . """
"staff.ncl.ac.uk","C deficiency"," causes","  scurvy  , a"
"staff.ncl.ac.uk",", etc. It also"," causes","  degeneration"
"www-same.dur.ac.uk",", deficiency"," causes","  pellagra  , a"
"greenbelt.org.uk","gain. It also"," causes","  goitre  , a"
"greenbelt.org.uk","diet. It"," causes","  anaemia  ,"
"faq.quickbooks.co.uk","- which"," causes",""
"smoothhound.co.uk","member. What"," causes","  vitiligo  ?"
"psi.org.uk","Friendship"," causes","  pain  It ''s"
"cwn.org.uk","rural roads ''"," Causes","  &#009  ; 7.4"
"unitedrant.co.uk","cytokine that"," causes","  inflammation"
"pet.cam.ac.uk","vessel wall"," causes","  pain  . In"
"pet.cam.ac.uk","injury, which"," causes","  redness  ,"
"epic.co.uk",". What"," causes","  gallstones  ?"
"damtp.cam.ac.uk",". Drug misuse"," causes","  misery  to many"
"localhistory.scit.wlv.ac.uk","what"," causes","  differences"
"onlinenews.warwickshire.police.uk",". It certainly"," causes","  problems  ."
"path.cam.ac.uk","the ground"," causes","  inflammation"
"chaosscience.org.uk","days usually"," causes","  something  to"
"phill.co.uk",". What"," causes","  ADHD  ?"
"fairtrade.org.uk","and that"," causes","  bubbles  . This"
"turkeyrealestate.co.uk","sometimes"," causes","  problems  in"
"lamp.ac.uk","mixture which"," causes","  carbon  to be"
"balfourbeatty.co.uk","larvae, adult"," causes","  morbidity  ,"
"antiquity.ac.uk",". This"," causes","  water"
"antiquity.ac.uk",". This"," causes","  water"
"edinburgh-tattoo.co.uk",". It certainly"," causes","  problems  ."
"jazzscript.co.uk",", H. pylori"," causes","  stomach"
"era.anthropology.ac.uk","mansonoides -"," Causes","  sparganosis"
"era.anthropology.ac.uk","man, where it"," causes","  coenurus"
"money.independent.co.uk","bacteria that"," causes","  infection  and"
"archives.gla.ac.uk","","causes","  deaths"
"members.lycos.co.uk",". This"," causes","  employees  to"
"met.police.uk","in muscle and"," causes","  weight  loss in"
"vam.ac.uk","vessel wall"," causes","  pain  . In"
"blogigo.co.uk","pesticides,"," causes","  roots  to"
"essex.police.uk",". HPV type 1"," causes","  verrucas  , HPV"
"cedr.co.uk","in humans but"," causes","  collapse  ,"
"microscopy-uk.org.uk","sometimes"," causes","  difficulties"
"cinemas-online.co.uk","larvae may"," causes","  blindness  in"
"wai.org.uk","in a way that"," causes","  scars  in the"
"eternalnight.co.uk","This sugar hit"," causes","  insulin  to be"
"kcl.ac.uk",", what"," causes","  pregnancy  (um"
"fametastic.co.uk","foods"," causes","  heart  disease"
"fairtrade.org.uk","Cards for Good"," Causes","  shops  ,"
"thekidswindow.co.uk",", which"," causes","  pain  or injury"
"digitalspy.co.uk","and this"," causes","  discomfort  ,"
"royagcol.ac.uk","and"," causes","  proton"
"accomodata.co.uk","existence"," causes","  lethargy  ,"
"accomodata.co.uk","of a Lady ''"," causes","  despair  in the"
"buildingdesign.co.uk",". What"," causes","  inflammation"
"carmarthenshire.gov.uk","of pupils"," causes","  nuisance  and"
"cheshirefire.co.uk","that which"," causes","  heating  . Here"
"cheshirefire.co.uk","that which"," causes","  heating  . · In"
"mountaineering-scotland.org.uk","one of the best"," Causes","  &#009  ; 6.4"
"msm.cam.ac.uk","saying that it"," causes","  animals  to"
"motoring.independent.co.uk","2000). What"," causes","  birth  defects"
"bsactravelclub.co.uk","in girls which"," causes","  acne  -- but may"
"education.independent.co.uk",". ) What"," causes","  childhood"
"trinitycollege.co.uk","in Iraq,? What"," causes","  aggression  ? ''"
"collectbritain.co.uk","tissues and"," causes","  injury  . This"
"collectbritain.co.uk","cast irons"," causes","  difficulties"
"buildingdesign.co.uk","that"," causes","  anthrax  is"
"staff.brad.ac.uk",""" and """," causes","  talents  to"
"accomodata.co.uk","effect"," causes","  time  and space"
"croquet.org.uk","Friendship"," causes","  pain  It ''s"
"literacytrust.org.uk","larvae may"," causes","  blindness  in"
"article19.co.uk","illness which"," causes","  delusions  and"
"word-on-the-web.co.uk","that mainly"," causes","  fractures  in"
"paulcrawford.co.uk","driving. It"," causes","  sleepiness"
"football.co.uk","the fall"," causes",""
"show.me.uk",". Frank"," causes","  chaos  at the"
"bettybookmark.co.uk",")"," causes",""
"historic-scotland.gov.uk","tanking"," causes","  bricks  to"
"libdems.org.uk","Friendship"," causes","  pain  It ''s"
"tptb.co.uk","activity that"," causes","  harassment  ,"
"star.ucl.ac.uk",","," causes","  Socialists  of"
"niassembly.gov.uk","etc. which"," causes","  realignment"
"niassembly.gov.uk","problems this"," causes","  realignment  ."
"socresonline.org.uk","of lactose"," causes","  diarrhoea  ,"
"bsactravelclub.co.uk","injury, which"," causes","  redness  ,"
"vet.ed.ac.uk","n''t know what"," causes","  IBS  , about"
"vet.ed.ac.uk",", it never"," causes","  bowel  cancer"
"bsactravelclub.co.uk","active spirit"," causes","  motion  is"
"sovereignty.org.uk","","causes","  concerns  for"
"bsacforum.co.uk",", where it"," causes","  rot  . I"
"vmg.co.uk","because it"," causes","  confusion"
"tribes.co.uk","episode. What"," causes","  nettle  rash?"
"rbg.kew.org.uk","frame house"," causes","  alarm  FROM:"
"marlab.ac.uk","Franco"," causes","  chaos  in the"
"marlab.ac.uk","''s early cross"," causes","  danger  and"
"chem.leeds.ac.uk",", but if one"," causes","  problems  them"
"new-agri.co.uk",", or"," causes","  health"
"new-agri.co.uk","injury, which"," causes","  redness  ,"
"uea.ac.uk","race"," causes","  chaos  when"
"ookami.co.uk","3) Lois '' clone"," causes","  trouble  for"
"voa.gov.uk","how often sin"," causes","  people  to"
"olympics.org.uk","of an army"," causes","  prices  to go up"
"olympics.org.uk","an army. This"," causes","  restlessness"
"croquet.org.uk",", the dressing"," causes","  flames  and"
"practicalpc.co.uk","What"," causes",""
"practicalpc.co.uk","? What"," causes",""
"onlineplayersassociation.co.uk",". What"," causes",""
"sovereignty.org.uk","surface"," causes","  salt  spray,"
"skyscript.co.uk","or until this"," causes","  damage  to the"
"les.man.ac.uk","Sometimes lBS"," causes","  periods  of"
"armedforces.co.uk","bones often"," causes","  pain  . It can"
"sciencenet.org.uk","than one, it"," causes","  pain  . Kelber"
"rail-reg.gov.uk","flooding"," causes","  water  to come"
"viva.org.uk","the addiction"," causes","  withdrawal"
"pnisha.org.uk","cataract that"," causes","  reduction  in"
"cherryred.co.uk","therapy. What"," causes","  polyps  ? Most"
"word-on-the-web.co.uk","cells"," causes","  failure  of"
"word-on-the-web.co.uk","not only what"," causes","  diabetes  but"
"sovereignty.org.uk","sometimes"," causes","  problems  at"
"vam.ac.uk","morning. PMR"," causes","  pain  ,"
"dvd.reviewer.co.uk","absence"," causes","  problems  for"
"peta.org.uk",". What"," causes","  cancer  of the"
"viva.org.uk","and support."," Causes","  OA  is often"
"pro-g.co.uk","relatedness"," causes",""
"accountability.org.uk","doing so"," causes","  stability"
"cma.soton.ac.uk","which"," causes","  annoyance  ,"
"taxationweb.co.uk","fence which"," causes","  shade  ."
"doubleimage.co.uk",". "" H. pylori """," causes","  conditions"
"doubleimage.co.uk","infection"," causes","  damage  to the"
"doubleimage.co.uk","("" H. pylori '')"," causes","  conditions"
"insolvency.gov.uk","water"," causes","  stomach"
"blogigo.co.uk","by freeholder"," causes","  damage  to my"
"blogigo.co.uk","by freeholder"," causes","  damage  to my"
"lists.adeptscience.co.uk","ago. This"," causes","  problems  with"
"olympics.org.uk","diet"," causes","  molecules"
"mba.ac.uk",") vigabatrin"," causes","  eye  problems"
"uea.ac.uk","problems and"," causes","  delay  . Please"
"epic.co.uk","spasm"," causes","  muscles  on"
"healthmatters.org.uk","? Pregnancy"," causes","  changes  in"
"calderdale.gov.uk",", which also"," causes","  pain  in the"
"cwn.org.uk","disease. What"," causes",""
"healthmatters.org.uk","tract and"," causes","  illness  ; this"
"jbe.gold.ac.uk","that"," causes","  defacement  in"
"jesus.org.uk","C. What"," causes","  type  A"
"theweddingnetwork.co.uk","his shake-up"," causes","  redundancies"
"rcsed.ac.uk","that smoking"," causes","  lung  cancer."
"dh.gov.uk","of what"," causes","  SM  behaviour,"
"forcesreunited.org.uk","school in cars"," causes","  congestion  ,"
"e-epilepsy.org.uk","deficiency"," causes","  damage  to the"
"e-epilepsy.org.uk","deficiency"," causes","  emphysema  , a"
"newenglishartclub.co.uk","that the drug"," causes","  depression  or"
"word-on-the-web.co.uk","member. What"," causes","  vitiligo  ?"
"bsacforum.co.uk","if the pursuer"," causes","  trouble  for"
"keywords.dsvr.co.uk","it off often"," causes","  problems  ."
"historylearningsite.co.uk","â? ?"," causes","  pain  on"
"chem.leeds.ac.uk",". The organism"," causes","  meningitis  ,"
"uec.ac.uk","viewing"," causes","  harm  to"
"uec.ac.uk","TV-viewing"," causes","  ADHD  ."
"shu.ac.uk","growth which"," causes","  reductions  in"
"ookami.co.uk","viewing"," causes","  harm  to"
"uec.ac.uk","web pages"," causes","  difficulties"
"uec.ac.uk","reason) also"," causes","  screen"
"forum.thebears.co.uk","wall, this"," causes","  inflammation"
"beingmrkenny.co.uk","it. What"," causes","  sickness  ? Are"
"gingerbeer.co.uk","the cancer and"," causes","  section  of"
"gingerbeer.co.uk","usually"," causes","  weight  loss."
"artshole.co.uk",". TSC also"," causes","  tumours  to"
"lff.org.uk","the authority"," causes","  damage  in"
"hazelden.org.uk","and this"," causes","  problems  ."
"dh.gov.uk","this? What"," causes","  diabetes"
"sohp.soton.ac.uk","other"," causes","  célèbres  :"
"avreview.co.uk","leap"," causes","  problems  when"
"forums.ic-games.co.uk","to Israel that"," causes","  Reichs"
"campusone.ulster.ac.uk","? Neuropathy"," causes","  damage  to the"
"campusone.ulster.ac.uk","organs. What"," causes","  neuropathy  in"
"campusone.ulster.ac.uk","glucose)"," causes","  chemical"
"campusone.ulster.ac.uk","painful, it"," causes","  muscle"
"cheshirefire.co.uk","), SKIP_BODY,"," causes","  processing  of"
"education.leeds.ac.uk","colour. What"," causes","  moles  ? Most"
"cherryred.co.uk","illness - it"," causes","  problems  from"
"edinphoto.org.uk","in flux. This"," causes","  uncertainty"
"theedge.abelgratis.co.uk","the kind that"," causes","  someone  to"
"borkowski.co.uk","standing up"," causes","  discomfort  ;"
"healthmatters.org.uk","cancer. What"," causes","  bowel  cancer?"
"jesus.org.uk",", which"," causes","  diarrhoea  and"
"jazzscript.co.uk","someone who"," causes","  arguments  ."
"squashsite.co.uk","suspension"," causes","  tension  and"
"niace.org.uk","that smoking"," causes","  hundreds  of"
"niace.org.uk","to smoke. It"," causes","  cancer  , heart"
"teachingenglish.org.uk","this in itself"," causes","  anorexia  in"
"teachingenglish.org.uk","in cows. This"," causes","  lactation  to"
"naturalpetcare.co.uk",". It"," causes","  confusion  and"
"insight.zdnet.co.uk","Inactivity"," causes","  lethargy  ,"
"voa.gov.uk","C. What"," causes","  type  B"
"hlst.heacademy.ac.uk","a motorway"," causes","  flooding  or"
"kavkaz.org.uk","speed limits"," causes","  crashes  ; the"
"niassembly.gov.uk","","causes","  concerns  for"
"ah.brookes.ac.uk","a sail which >"," causes","  millions  of"
"epilepsynse.org.uk","is costly and"," causes","  disruption  to"
"insolvency.gov.uk","column that"," causes","  breakdown  at"
"squashsite.co.uk","that it"," causes","  disorders"
"cherryred.co.uk","free. If it"," causes","  pain  , it is"
"petplanet.co.uk",". What"," causes","  heartburn  ?"
"lamp.ac.uk","cancer. What"," causes","  stomach"
"epic.co.uk","","causes","  concerns  "" for"
"bournemouth.gov.uk","100) on what"," causes","  people  to move"
"jusnoctis.co.uk","false alarm"," causes","  disruption  ."
"brad.ac.uk","or fried food"," causes","  nausea  . If so,"
"orcadian.co.uk","Urethritis"," causes","  discharge"
"education.leeds.ac.uk","an issue that"," causes","  feelings  of"
"nya.org.uk","Kawalsky"," causes","  chaos  when the"
"armyoneverest.mod.uk","and"," causes","  people  to"
"borkowski.co.uk","that"," causes","  problems  to"
"whom.co.uk","revelation"," causes","  friction"
"ati.surrey.ac.uk","my skin which"," causes","  irritation"
"man.ac.uk","is that debate"," causes","  splits  and a"
"unitedrant.co.uk","Items folder."," Causes","  system"
"barbecue-online.co.uk","holding"," causes","  material"
"homeoffice.gov.uk","(Sabril)"," causes","  eye  problems"
"cheshirefire.co.uk","which"," causes","  annoyance  ,"
"phill.co.uk","the cancer and"," causes","  section  of"
"phill.co.uk","usually"," causes","  weight  loss."
"epic.co.uk","before it"," causes","  symptoms  is a"
"jbe.gold.ac.uk","Urethritis"," causes","  discharge"
"jbe.gold.ac.uk","injury, which"," causes","  redness  ,"
"learningtechnologies.co.uk","sick children"," causes","  hardship  ,"
"maths.leeds.ac.uk","whole body and"," causes","  fever  and"
"maths.leeds.ac.uk","injury, which"," causes","  redness  ,"
"primaryresources.co.uk",", which"," causes","  fibrosis  of"
"teachingenglish.org.uk","sleep apnea"," causes",""
"teachingenglish.org.uk","late visitors"," causes","  rationalist"
"motorbike-search-engine.co.uk","standing up"," causes","  discomfort  ;"
"beingmrkenny.co.uk","or fried food"," causes","  nausea  . If so,"
"epic.co.uk",". The above"," causes","  problems  for"
"ex-canaries.co.uk","ponies"," causes","  dysautonomia"
"uclan.ac.uk","supply that"," causes","  fear  and harm"
"geog.le.ac.uk","system which"," causes","  poverty  and"
"ookami.co.uk","Lottery good"," causes","  money  . NOF"
"ookami.co.uk","Lottery good"," causes","  money"
"planning.ed.ac.uk","or damaged it"," causes",""
"collectbritain.co.uk","epilepsy that"," causes","  patients  to"
"uea.ac.uk","the brain that"," causes","  seizures  ."
"educ.cam.ac.uk","the brain that"," causes","  seizures  ."
"glasgow.gov.uk","suspect"," causes","  visions  ,"
"poetrylibrary.org.uk","fibrosis (CF)"," causes","  lung  damage"
"petplanet.co.uk","","causes","  concerns  for"
"vmg.co.uk","term in case it"," causes","  offence  to"
"vmg.co.uk","brain in it"," causes","  distress  . ?"
"newstartmag.co.uk",". This error"," causes","  cells  to be"
"jusnoctis.co.uk","and safety law"," causes","  death  . 3"
"vmg.co.uk","obesity and it"," causes","  insulin"
"bsactravelclub.co.uk","point that"," causes","  irritation  ("
"practicalpc.co.uk","this approach"," causes","  confusion  ,"
"practicalpc.co.uk","this approach"," causes","  confusion  ,"
"dptac.gov.uk","the bug, which"," causes","  stomach  pains"
"vmg.co.uk","and this"," causes","  loss  of energy"
"york.gov.uk","","causes","  concerns  for"
"york.gov.uk","","causes","  concerns  for"
"york.gov.uk","per se, that"," causes","  concern  . Even"
"hartjournals.co.uk","shut down if it"," causes","  problems  ."
"comedycv.co.uk","and this"," causes","  discomfort  ,"
"antiquity.ac.uk","leader? What"," causes","  nationalism  ?"
"onlineplayersassociation.co.uk","typically"," causes","  inflammation"
"belfasttelegraph.co.uk","skull, which"," causes","  sickness  ."
"cwn.org.uk","and that"," causes","  alarm  ,"
"2-in-2-1.co.uk","activity. VNS"," causes","  activation  of"
"sovereignty.org.uk",", which"," causes","  migration  of"
"tlc-direct.co.uk","tighten and"," causes","  weakness  ."
"borkowski.co.uk","chlamydia"," causes","  infertility  ,"
"borkowski.co.uk",", which then"," causes","  infertility  ."
"borkowski.co.uk","chlamydia, it"," causes","  inflammation"
"borkowski.co.uk","tubes, and so"," causes","  infertility  ."
"vads.ahds.ac.uk",") Tobacco"," causes","  crime  of"
"lightahome.co.uk","(which"," causes","  thrush  ) can"
"lightahome.co.uk","injury, which"," causes","  redness  ,"
"foundationtv.co.uk",". The activity"," causes","  pupils  to"
"e-epilepsy.org.uk",". But what"," causes","  dreams  ? Why do"
"championshipmanager.co.uk","exactly what"," causes","  diabetes  we"
"jesus.org.uk","SIDS. Smoking"," causes","  cot  deaths - If"
"seethru.co.uk","is alarming or"," causes","  distress  to"
"calderdale.gov.uk","service. This"," causes","  difficulty  as"
"webmaster.lycos.co.uk",", and often"," causes","  death  , but I"
"portal.surrey.ac.uk","opaque area"," causes","  darkness  in"
"malehealth.co.uk","in happening"," causes","  something"
"malehealth.co.uk","else to happen"," causes","  something"
"buchanie.co.uk","to the outside"," causes","  ''younger  ''"
"bseinquiry.gov.uk","that which"," causes","  heating  . Read"
"www-users.york.ac.uk","into eyes,"," causes","  infection  and"
"word-on-the-web.co.uk","to the top What"," causes","  autism  ? The"
"clean-image.co.uk","(HTML source)"," causes","  errors  . I had"
"eng.bham.ac.uk",", which"," causes","  skin  loss,"
"psnc.org.uk","behavior that"," causes","  dopamine  to be"
"nio.gov.uk",". This saliva"," causes","  irritation"
"supertarot.co.uk","prize"," causes","  Ships  ''"
"teaching-abroad.co.uk","injury, which"," causes","  redness  ,"
"word-on-the-web.co.uk","at one node"," causes","  data  to find"
"frca.co.uk","so vague,"," causes","  alarm  bells to"
"eternalnight.co.uk","IGC date"," causes","  convention"
"qaa.ac.uk","seasons which"," causes","  stars  to rise"
"newworknetwork.org.uk","acid -"," causes","  burns"
"newworknetwork.org.uk","acid -"," causes","  burns  Octyl"
"newworknetwork.org.uk","if swallowed;"," causes","  burns"
"ownersdirect.co.uk","again"," causes","  problems  by"
"deeden.co.uk","factor"," causes","  cancer  or not."
"deeden.co.uk","income itself"," causes","  cancer  . It may"
"collectbritain.co.uk","That practice"," causes","  difficulties"
"goldsmiths.ac.uk","A fire drill"," causes","  problems  for"
"hlst.heacademy.ac.uk","new windbreak"," causes","  problems  for"
"jazzscript.co.uk","library"," causes","  ProCite  > to"
"voa.gov.uk","computers"," causes","  miscarriages"
"lse.co.uk",". This"," causes","  stomach"
"uktvstylegardens.co.uk","motor skills"," causes","  dyslexia  ."
"recklessgardener.co.uk","pill, which"," causes","  tens  of"
"theweddingnetwork.co.uk","(which"," causes","  thrush  ) can"
"education.independent.co.uk","large samples"," causes","  band"
"vmg.co.uk","edges. This"," causes","  band"
"people.co.uk","which"," causes","  damage  to"
"unitedrant.co.uk","Chemotherapy"," causes","  tiredness  too"
"malehealth.co.uk","which"," causes","  fruit  to fall."
"education.leeds.ac.uk",". This often"," causes","  difficulty  ;"
"thamesweb.co.uk",". Change"," causes",""
"unitedrant.co.uk","yet knows what"," causes","  Depression  ,"
"portcities.org.uk","that"," causes","  conflict  and"
"squashsite.co.uk","which"," causes","  inability  to"
"orcadian.co.uk",", this"," causes","  light  to pass"
"uktsupport.co.uk","this rarely"," causes",""
"theatreguidelondon.co.uk","which usually"," causes","  death  during"
"boardsonline.co.uk","''s pregnancy"," causes","  suspicion"
"gla.ac.uk","and behaviour"," causes","  variation"
"psi.org.uk","it. That"," causes","  difficulties"
"psi.org.uk","which"," causes","  inefficiency"
"spikemilligan.co.uk","that"," causes",""
"e-epilepsy.org.uk","","causes","  concerns  for"
"library.stir.ac.uk","or inhaled."," Causes","  irritation  to"
"forum.keypublishing.co.uk","colleges"," causes","  uncertainty"
"icnorthwales.icnetwork.co.uk","gradually"," causes","  tissue  damage"
"esds.ac.uk","binding sites"," causes","  activity"
"esds.ac.uk","and always"," causes","  components  to"
"birminghamfoe.org.uk","parasite that"," causes","  malaria  ."
"olympics.org.uk","treatment"," causes","  hair  loss. But"
"publicservice.co.uk","most and"," causes","  hundreds  of"
"practicalpc.co.uk","","causes","  concerns  for"
"cyberselect.co.uk","bite. What"," causes","  sleeping"
"new-agri.co.uk","cataract that"," causes","  reduction  in"
"bllearning.co.uk","living. "" What"," causes","  depression  ?"
"jazzscript.co.uk","? â? ¢ What"," causes","  autism  ? â? ¢"
"tutorials.beginners.co.uk","that"," causes","  obesity  ,"
"seered.co.uk","routes and"," causes","  disharmony  by"
"icnorthwales.icnetwork.co.uk","cover. What"," causes","  blockages  ?"
"recklessgardener.co.uk","the virus that"," causes","  problems  such"
"homepages.gold.ac.uk","people often"," causes","  difficulties"
"newstartmag.co.uk","to true"," causes","  CorpusSearch"
"ccruni.gov.uk","occasionally"," causes","  epidemics  ."
"cyberselect.co.uk","","causes","  concerns  for"
"hicksdesign.co.uk","tropics. What"," causes","  malaria  ? The"
"bose.co.uk","smoking"," causes","  lung  cancer."
"nervous.co.uk","7 ] We know what"," causes","  overweight"
"nervous.co.uk","failure. It"," causes","  diabetes  . 90 %"
"publicservice.co.uk","the subject"," causes","  controversy"
"smr.herefordshire.gov.uk","activity that"," causes","  damage  . Mr"
"dice.inf.ed.ac.uk","an hour or so"," causes","  delays  in the"
"bluedome.co.uk","date). Other"," causes","  ''Honeymoon  ''"
"hgm2002.hgu.mrc.ac.uk","What"," causes","  chordomas  ?"
"hgm2002.hgu.mrc.ac.uk","tumour. What"," causes","  chordomas  ? We"
"hgm2002.hgu.mrc.ac.uk","n''t know what"," causes","  chordomas  ."
"urc.org.uk",","," causes","  parts  of"
"jagged-globe.co.uk","of how alcohol"," causes","  intoxication"
"manifest.co.uk",". What"," causes","  inflammation"
"catholic.org.uk","disease that"," causes","  lots  of benign"
"supportweb.cs.bham.ac.uk","lining."," Causes","  pain  and"
"supportweb.cs.bham.ac.uk",") A virus which"," causes","  warts  on the"
"queens.cam.ac.uk",". This also"," causes","  difficulties"
"tonybingham.co.uk","","causes",""
"manifest.co.uk","occurs. What"," causes","  cholera  ?"
"rd4u.org.uk","blood donors"," causes","  problems  for"
"tex.ac.uk","of joints, or"," causes","  deformity  ."
"culturewars.org.uk","and"," causes","  victims  to"
"altis.ac.uk","knows what"," causes","  arthritis  ."
"altis.ac.uk",", it"," causes","  inflammation"
"altis.ac.uk",", and the pain"," causes",""
"ruthdudleyedwards.co.uk","that smoking"," causes","  lung  cancer,"
"advisorybodies.doh.gov.uk","develop. What"," causes","  rabies  ? The"
"advisorybodies.doh.gov.uk","The virus that"," causes","  rabies  is the"
"school-portal.co.uk","anything that"," causes","  harm  is"
"crystalski.co.uk","sheeting)"," causes","  burns  . In the"
"manifest.co.uk","child, and it"," causes","  tumours  in 90"
"sccplugins.sheffield.gov.uk","! ! ! If this"," causes","  problems  I"
"birdpages.co.uk","movement"," causes","  pain  . Rhus Tox"
"culturewars.org.uk",". Diabetes"," causes","  thirst  ,"
"doglost.co.uk","the types of"," causes","  people"
"cornwall-online.co.uk","treatment. It"," causes","  headache  ; dry"
"towerhamlets.gov.uk",". Asthma"," causes","  episodes  of"
"jahtruth.co.uk","arthritis),"," causes","  pressure  on"
"libertas.co.uk","gene that"," causes","  insulin"
"www-edc.eng.cam.ac.uk","headlines and"," causes","  hype  and"
"adslguide.org.uk","and"," causes","  blackouts  is"
"la-articles.org.uk","a heap of good"," causes","  Gloomy"
"rce.gov.uk","been termed,"," causes","  air  pollution"
"jahtruth.co.uk",", which"," causes","  inability  to"
"catrima.co.uk","develop. What"," causes","  rabies  ? The"
"catrima.co.uk","The virus that"," causes","  rabies  is the"
"travelhouseuk.co.uk","is not ''What"," causes","  famine  and"
"boroughbridge.org.uk","that smoking"," causes","  lung  cancer"
"boroughbridge.org.uk","smoking also"," causes","  COPD  , which"
"tourism.brighton.co.uk","7 ] We know what"," causes","  overweight"
"tourism.brighton.co.uk","failure. It"," causes","  diabetes  . 90 %"
"faith.org.uk","Johnston. "" It"," causes","  ructions  . The"
"internetfiction.co.uk","arteries and"," causes","  heart  attacks"
"internetfiction.co.uk","blood flow and"," causes","  impotence  ("
"cimt.plymouth.ac.uk","health What"," causes","  psoriasis  ?"
"downloads.theregister.co.uk",", which"," causes","  chemical"
"preston.gov.uk","capitalism"," causes","  climate"
"pharmafield.co.uk","the types of"," causes","  people"
"kn.open.ac.uk","and this"," causes","  resentment"
"kn.open.ac.uk","of contact"," causes",""
"bspp.org.uk","often"," causes","  hair  loss."
"bspp.org.uk","in the blood."," Causes","  drowsiness"
"bspp.org.uk","gland."," Causes","  weight  loss, a"
"bspp.org.uk","gland."," Causes","  weight  gain,"
"travelhouseuk.co.uk","often"," causes","  tiredness  ."
"acsedu.co.uk",", for example,"," causes","  kidney"
"travelhouseuk.co.uk","crossing also"," causes","  delays  for"
"havering-college.ac.uk","accutane"," causes","  cortisol  and"
"cgi.www.highland.gov.uk",". What"," causes",""
"haworth-village.org.uk",""" deodorant"," causes","  cancer  "" hoax."
"downloads.cnet.co.uk","access. This"," causes","  irritation  to"
"philosophers.co.uk",", which also"," causes","  problems  such"
"stir.ac.uk","access. This"," causes","  irritation  to"
"nelh.nhs.uk","spasm"," causes","  muscles  on"
"ids.ac.uk","overheating"," causes","  algae"
"cornwall-online.co.uk","exactly what"," causes","  kidney  cancer"
"cornwall-online.co.uk","overweight"," causes","  changes  in"
"percepp.demon.co.uk","at an object"," causes","  something  to"
"stirling.gov.uk","in worms that"," causes","  muscle"
"bryant-broadcast.co.uk","smoking"," causes","  cancer  and"
"bryant-broadcast.co.uk","air pollution"," causes","  asthma  ,"
"lshtm.ac.uk","as BWS, which"," causes","  overgrowth  of"
"nspcc.org.uk","withdrawal"," causes","  constipation"
"actiondays.co.uk","in large doses"," causes","  tension  ,"
"poptel.org.uk","which"," causes","  rancidity  ."
"cicerone.co.uk","What"," causes","  type  2"
"bristolcityst.org.uk","self-esteem"," causes","  benefits  , """
"godulike.co.uk","and"," causes","  victims  to"
"rd4u.org.uk","therapy. What"," causes","  polyps  ? Most"
"lshtm.ac.uk","hikes up and"," causes","  banks  and"
"lshtm.ac.uk","hikes up and"," causes","  banks  and"
"gurney.co.uk","100 %. If this"," causes","  hardship  , you"
"sustransshop.co.uk","the gene that"," causes",""
"aspeech.co.uk","tobacco smoke"," causes","  lung  cancer in"
"aspeech.co.uk","that ETS"," causes","  lung  cancer,"
"aspeech.co.uk","that ETS"," causes","  lung  cancer in"
"cornwall-online.co.uk",""". Any hook"," causes","  tissue  damage"
"stir.ac.uk","also"," causes","  water"
"universitiesuk.ac.uk","products"," causes","  landfill"
"bulbox.co.uk","Anything that"," causes","  eye-strain"
"n-base.org.uk","per se which"," causes","  obesity  but"
"tangents.co.uk","the virus that"," causes","  syphilisâ  ?"
"tonybingham.co.uk","severe. What"," causes","  asthma  on"
"tonybingham.co.uk","beforehand"," causes","  collapse  and"
"turkisheconomy.org.uk","of toxins"," causes","  irritation"
"teamdiscovery.co.uk","you know"," causes","  headaches  (e."
"teamdiscovery.co.uk","the commonest"," causes","  X-rays  are not"
"chm.bris.ac.uk","RF loop-thro"," causes","  interference"
"nelh.nhs.uk",", which"," causes","  pneumonia"
"birdpages.co.uk","n''t know what"," causes","  IBS  , about"
"birdpages.co.uk",", it never"," causes","  bowel  cancer"
"archeryworld.co.uk","reaction"," causes","  inflammation"
"altis.ac.uk","one shot as two"," causes","  problems  : in a"
"salaam.co.uk","to Washington"," causes","  controversy"
"salaam.co.uk","biased "" song"," causes","  controversy"
"culturewars.org.uk","cells that"," causes","  side  effects."
"theheritagetrail.co.uk",", which"," causes","  havoc  at"
"rd4u.org.uk","doing so often"," causes","  difficulties"
"havering-college.ac.uk","resources"," causes","  problems  with"
"altis.ac.uk","often"," causes","  nausea  ,"
"giveusahome.co.uk","overgrown or"," causes","  encroachment"
"cicerone.co.uk","saying that it"," causes","  breast  cancer"
"ronniescotts.co.uk","a programme"," causes","  stakeholders"
"salaam.co.uk","the diaphragm"," causes","  restriction"
"bspp.org.uk","merely"," causes","  spammers  to"
"altis.ac.uk","works, how it"," causes","  problems  , why"
"altis.ac.uk","fight which"," causes","  tension  and"
"pyb.co.uk","it actively"," causes","  ill-health  . """
"ricability.org.uk","gene that"," causes","  heart  attacks"
"trafficmaster.co.uk","itself, which"," causes","  motion"
"genesis.ac.uk","overweight"," causes","  changes  in"
"adslguide.org.uk","'' and its"," causes","  ''Zonation  '' on"
"adslguide.org.uk","Zonation What"," causes","  zonation  ? The"
"womenrepublic.co.uk","skin and eyes."," Causes","  irritation  to"
"scunthorpeunited-mad.co.uk",". But this word"," causes","  disquiet"
"acerecords.co.uk","experience"," causes","  apprehension"
"faith.org.uk","systems"," causes","  problems  . If"
"ceredigion.gov.uk","eating a food"," causes","  symptoms  ,"
"re-xs.ucsm.ac.uk","that"," causes","  asthma  is also"
"nelh.nhs.uk",". What"," causes","  piles  ? A"
"arc.org.uk",", (the food"," causes","  symptoms  , but"
"pharmafield.co.uk",". What"," causes","  osteoporosis"
"usdaw.org.uk","the gene that"," causes","  haemophilia  ."
"crisis.org.uk","a few weeks and"," causes","  symptoms  such"
"poptel.org.uk","(HRT). What"," causes","  growth"
"skydivestrathallan.co.uk","it) but it also"," causes","  problems  for"
"n-base.org.uk","eating a food"," causes","  symptoms  ,"
"thebeatsurrender.co.uk",", which in turn"," causes","  shortness  of"
"manifest.co.uk","addictive and"," causes","  lung  cancer,"
"ancestorsmagazine.co.uk","traffic. It"," causes","  congestion  ,"
"hse-databases.co.uk","of RP? â? ¢ What"," causes","  RP  ? â? ¢ Who is"
"salaam.co.uk","cancer. What"," causes","  bowel  cancer?"
"breakthrough.org.uk","Bill Tong What"," causes","  cancer  of the"
"hippy.freeserve.co.uk","ski rack"," causes","  increases  of 7"
"queens.cam.ac.uk","central shaft"," causes","  problems  , but"
"portabletubes.co.uk","which"," causes","  loss  to the"
"cpat.org.uk","experience"," causes","  apprehension"
"travelex.co.uk","of events that"," causes","  diabetes  or"
"breakthrough.org.uk","negligence,"," causes","  damage  or lose"
"spaldingbulb.co.uk",", and other"," causes","  etc.  3.4 The"
"stirling.gov.uk","an image that"," causes","  curiousity  ."
"turing.org.uk","memory"," causes","  anxiety  about"
"hippy.freeserve.co.uk",". New COPY"," causes","  corruption  A"
"poptel.org.uk","browning that"," causes","  food  to"
"itchycambridge.co.uk",". What"," causes","  cancer  of the"
"ncvo-vol.org.uk","ad hoc way that"," causes","  anxiety"
"drwf.org.uk","basis which"," causes","  anxiety  among"
"crystalski.co.uk","n''t know what"," causes","  accidents  ."
"libertas.co.uk","pollen that"," causes","  problems  for"
"libertas.co.uk","this mainly"," causes","  symptoms"
"kingswood.co.uk","getting them"," causes","  skin  cancer!"
"alliance-leicester-group.co.uk","animals"," causes","  asthma  and"
"rob.annable.co.uk",", often"," causes","  bloatedness  ,"
"godulike.co.uk","everyday life"," causes","  titillation  ("
"digital.anime.org.uk","it) but it also"," causes","  problems  for"
"bryant-broadcast.co.uk","accounts and"," causes",""
"woodlandherbs.co.uk",", which"," causes","  oxide  to be"
"la-articles.org.uk","the rift which"," causes","  time  and space"
"ucet.ac.uk","organism that"," causes","  childhood"
"mathsonline.co.uk","say what"," causes","  eczema  to"
"bigga.org.uk","property and"," causes","  damage  , the"
"poptel.org.uk","that"," causes","  tremors  ,"
"hippy.freeserve.co.uk",". What"," causes","  skin  cancer?"
"lincstrust.org.uk","area often"," causes","  confusion  and"
"ysrnry.co.uk","radiotherapy"," causes","  tiredness  and"
"cpat.org.uk","Kabul ''s roads"," causes","  problems  for"
"hippy.freeserve.co.uk","by a bee or wasp"," causes","  symptoms  at"
"hippy.freeserve.co.uk","enzyme that"," causes","  bee  allergy is"
"hippy.freeserve.co.uk","enzyme that"," causes","  wasp  allergy."
"hamhigh.co.uk","and"," causes",""
"telewest.co.uk",", which"," causes",""
"cont-ed.cam.ac.uk",". What"," causes","  piles  ? A"
"cgi.www.highland.gov.uk","that this"," causes","  accidents  ""."
"hyperion-records.co.uk","disease What"," causes","  heart  disease"
"hyperion-records.co.uk","organism that"," causes","  childhood"
"broquet.co.uk","the bass that"," causes","  distortion"
"ipcc.gov.uk","about what"," causes","  cancer  . And"
"goldsmiths.ac.uk","disease What"," causes","  heart  disease"
"webchats.co.uk","about what"," causes","  cancer  in the"
"gurney.co.uk",". What"," causes","  psoriasis  ?"
"westberks.gov.uk",", takes away,"," causes","  losses  to or"
"dice.inf.ed.ac.uk","currently"," causes","  concern  is the"
"ipcc.gov.uk","as the later"," causes","  problems  with"
"winhealth.co.uk","and this often"," causes","  confusion  . In"
"ysrnry.co.uk",". Inflation"," causes","  money  to"
"cont-ed.cam.ac.uk","exactly what"," causes","  liver  cancer."
"cont-ed.cam.ac.uk","because it"," causes","  damage  to the"
"rd4u.org.uk","MOT and never"," causes","  problems  ."
"rd4u.org.uk","cylinders and"," causes","  failure  ."
"arc.org.uk","camera often"," causes","  problems  that"
"weddingguide.co.uk","through PAC"," causes","  reports  to be"
"show.scot.nhs.uk","canal. What"," causes","  otitis  ?"
"fametastic.co.uk","blood. What"," causes",""
"acsedu.co.uk","or coppice)"," causes","  concern  . 93 In"
"egeneration.co.uk","surgery. What"," causes","  appendicitis"
"egeneration.co.uk",". This"," causes","  peritonitis"
"egeneration.co.uk","eosinophilia"," causes","  damage  to the"
"byfaith.co.uk",". What"," causes","  winter"
"edietsuk.co.uk","acid is what"," causes","  ''''muscle  burn"
"edietsuk.co.uk","deficit that"," causes","  muscles  to"
"completeoutdoors.co.uk","surface. This"," causes","  dislocations"
"nelh.nhs.uk","","causes","  metal  atoms to"
"hitchensblog.mailonsunday.co.uk","those things"," causes","  anxiety"
"hitchensblog.mailonsunday.co.uk","product that"," causes","  fatigue  and"
"permaculture.co.uk","Sick daughter"," causes","  tension"
"socialistfuture.org.uk","to give good"," causes","  quality"
"weddingguide.co.uk","announcement"," causes","  silver  to"
"warnerbros.co.uk","particular,"," causes","  resentment"
"cgi.www.highland.gov.uk",", but it often"," causes","  problems  for"
"bexley.gov.uk","before a meal"," causes","  people  to eat"
"rctalk.co.uk","rabies virus"," causes","  inflammation"
"mkheritage.co.uk","the face that"," causes","  redness  that"
"rd4u.org.uk","cells. It also"," causes","  pancytopenia"
"eswc2005.econ.ucl.ac.uk",". This"," causes","  hydrocele  in"
"pkf.co.uk","activity that"," causes","  trauma  or"
"cont-ed.cam.ac.uk","such a request"," causes","  difficulty  ,"
"ids.ac.uk","behaviour"," causes","  ill-health  ,"
"scunthorpeunited-mad.co.uk","years. What"," causes","  fibromyalgia"
"scunthorpeunited-mad.co.uk","anything that"," causes","  sleep"
"jolt.co.uk","actually"," causes","  prices  to rise"
"jolt.co.uk","in all markets"," causes","  prices  to fall"
"bexley.gov.uk","(pharynx)"," causes","  people  to come"
"alvechurchdata.co.uk","Sick daughter"," causes","  tension"
"www-users.york.ac.uk","extra blood"," causes","  gums  to swell,"
"www-users.york.ac.uk","Constipation"," causes","  discomfort  in"
"warnerbros.co.uk","the skin that"," causes","  flare-ups  of"
"artscouncil.org.uk","that"," causes","  tunnel  vision"
"urc.org.uk","to fade"," causes","  reflections"
"www-same.dur.ac.uk","resistor"," causes","  problems  LIKE"
"iqmedia.co.uk",". What"," causes","  contact"
"dvd.ciao.co.uk","a deposit }"," causes","  astonishment"
"winhealth.co.uk",": "" If flooding"," causes","  property"
"poptel.org.uk","Rhinitis also"," causes","  overactivity"
"brewtruck.co.uk",". It also"," causes","  fractures  in"
"shirleycollins.co.uk","range"," causes","  people  to go"
"westberks.gov.uk","that"," causes","  noise  in the"
"webmaster.lycos.co.uk","deficiency"," causes","  damage  to the"
"webmaster.lycos.co.uk","deficiency"," causes","  emphysema  , a"
"bluedome.co.uk",". What"," causes","  CJD  ? In normal"
"bluedome.co.uk","PrPSc and"," causes","  disease  . No"
"nhsdirect.nhs.uk","per ml. What"," causes",""
"brunel.ac.uk",". This also"," causes","  processing"
"emda.org.uk","loss. What"," causes","  tinnitus  ? Any"
"artshole.co.uk","that abortion"," causes","  women  to"
"southwestrda.org.uk","a transfer"," causes","  depreciation"
"acsedu.co.uk","products and"," causes","  drag  marks."
"scunthorpeunited-mad.co.uk","in boys). It"," causes","  pain  and"
"egeneration.co.uk","Discover what"," causes","  strokes  and"
"arc.org.uk",". There it"," causes","  havoc  in the"
"cityoflondon.police.uk","Soir: to A+S. E"," causes","  Trubble  by not"
"uktvstylegardens.co.uk",". This"," causes","  difficulties"
"cwn.org.uk","in the basalt"," causes","  melting  and a"
"english-online.org.uk","excluded"," causes","  smoking  ,"
"artscouncil.org.uk","how conflict"," causes","  insecurity"
"businesseye.org.uk","other hand,"," causes","  problems  ."
"socialistfuture.org.uk","password This"," causes","  majordomo  to"
"ondamar.demon.co.uk","doors and also"," causes","  radio"
"www2.shu.ac.uk","explain what"," causes","  colic  ,"
"bdmlr.org.uk","that"," causes","  weight  gain. I"
"carcanet.co.uk","vessels. This"," causes","  blood"
"pingwales.co.uk",". If this"," causes","  hardship  you"
"winhealth.co.uk","that airframe"," causes","  shock  waves in"
"artshole.co.uk","free. If it"," causes","  pain  , it is"
"cgi.www.highland.gov.uk","parrot which"," causes","  distress  to"
"uk.sonymusic.co.uk","penis. What"," causes","  balanitis  ?"
"cwn.org.uk","bursitis. It"," causes","  pain  ,"
"rctalk.co.uk","indicate what"," causes","  delight  and"
"emagictricks.co.uk","that"," causes","  inflammation"
"cornwall-online.co.uk","the skin and"," causes","  irritation"
"arc.org.uk","of Ga"," causes","  problems  with"
"acsedu.co.uk","freedom"," causes","  chaos  . This"
"show.scot.nhs.uk","of ''New COPY"," causes","  corruption  ''"
"westberks.gov.uk","meteors, and"," causes","  upheavals  ."
"exeter.ac.uk","night. This"," causes","  tiredness  and"
"cgi.www.highland.gov.uk","Rating system"," causes","  comment  WHERE"
"reviews.zdnet.co.uk","advertising"," causes","  problems  , as"
"jolt.co.uk","balance. What"," causes","  neck  pain?"
"jolt.co.uk","roots and this"," causes","  pain  or"
"jolt.co.uk",", which"," causes","  weakness  and"
"bexley.gov.uk","''. ) What"," causes","  arthritis  and"
"fametastic.co.uk",". It also"," causes","  people  to be"
"fametastic.co.uk","usually"," causes","  troop"
"samuri.co.uk","the acid that"," causes","  decay  . Fizzy"
"rd4u.org.uk","illness that"," causes","  changes  in"
"poetrypf.co.uk",", to several"," causes","  cataracts"
"metalmonk.co.uk","beams that"," causes","  buildings  to"
"lshtm.ac.uk","disorder that"," causes",""
"nao.org.uk","gene that"," causes","  asthma  , a"
"nao.org.uk","injury, which"," causes","  redness  ,"
"sincuser.f9.co.uk",". What"," causes",""
"sincuser.f9.co.uk","effect. Other"," causes","  Tuberculosis"
"sincuser.f9.co.uk","enzyme defect"," causes","  problems  with"
"exeter.ac.uk","sex steroids"," causes","  acne  and hair"
"alvechurchdata.co.uk","of semen),"," causes","  symptoms  that"
"family-historian.co.uk","leave scars."," Causes","  Acne  that"
"family-historian.co.uk","make-up"," causes","  spots  , but the"
"family-historian.co.uk","injury, which"," causes","  redness  ,"
"railway.bham.ac.uk","is expensive,"," causes","  damage  to"
"enemydown.co.uk","of time. What"," causes","  heel  pain and"
"uktvfood.co.uk",". What"," causes","  ulcers  ? Most"
"weddingguide.co.uk","tiny muscles"," causes","  widening  ("
"acsedu.co.uk",", and often"," causes","  death  ."
"rd4u.org.uk","unwell."," Causes",""
"cont-ed.cam.ac.uk","angle"," causes","  confusion  ,"
"faegre.co.uk","gene that"," causes","  asthma  , a"
"emergencymed.org.uk","that"," causes","  alarm  and"
"emergencymed.org.uk","the irritant"," causes","  alterations"
"edietsuk.co.uk","your thought"," causes","  ripples  which"
"ctc.org.uk","these vessels"," causes","  blood  leakage"
"cont-ed.cam.ac.uk","much wealth"," causes","  crime  . The"
"cont-ed.cam.ac.uk","too much which"," causes","  others  to"
"cityoflondon.police.uk","protein"," causes","  calcium  to be"
"efestivals.co.uk","affected this"," causes","  alpha"
"efestivals.co.uk","affected this"," causes","  beta"
"efestivals.co.uk","this"," causes","  thalassaemia"
"ncvo-vol.org.uk","soya protein"," causes","  changes  in"
"cityoflondon.police.uk","It frequently"," causes","  disruption"
"bullbearings.co.uk","anaemia also"," causes","  soreness  of"
"bullbearings.co.uk","also"," causes","  soreness  of"
"bullbearings.co.uk","anaemia also"," causes","  fever  , sore"
"carcanet.co.uk","the virus that"," causes","  chickenpox  ."
"carcanet.co.uk",". What"," causes","  shingles  ?"
"unitnews.co.uk","is painful or"," causes","  discomfort"
"direct.gov.uk","? ?s disease"," causes","  inflammation"
"conceptcar.co.uk","life. What"," causes","  neck  pain?"
"forensicrecords.co.uk","stress"," causes","  alignment  of"
"socialexclusion.gov.uk","which"," causes",""
"johnnypops.demon.co.uk","gene that"," causes","  asthma  , a"
"johnnypops.demon.co.uk","injury, which"," causes","  redness  ,"
"unitnews.co.uk","in my side"," causes","  water  to leak"
"ramblers.org.uk","can, which"," causes","  tension  ."
"westbury.co.uk","around"," causes","  confusion  as"
"fametastic.co.uk","at... the wave"," causes","  transitions"
"fametastic.co.uk","which in turn"," causes","  effects  which"
"bravo.co.uk","why dairy"," causes","  heart  disease"
"bravo.co.uk","itself"," causes","  water  to be"
"electoral-reform.org.uk","inflammation"," causes","  pain  ,"
"usdaw.org.uk","occasionally"," causes","  epidemics  . It"
"usdaw.org.uk","A, B or C. It"," causes","  headaches  ,"
"vegetarian.org.uk","too much"," causes","  gout  has now"
"ece.eps.hw.ac.uk","other, that it"," causes","  allergies  ,"
"opas.org.uk","to happen that"," causes","  propery"
"opas.org.uk","to happen that"," causes","  propery"
"opas.org.uk","to happen that"," causes","  propery"
"secure.bfi.org.uk","twilight,"," causes","  columns  and"
"mkiobservatory.org.uk","injury, which"," causes","  redness  ,"
"lgps.org.uk",". Firstly, it"," causes","  blood  vessels"
"unitnews.co.uk","because this"," causes","  consumer"
"unitnews.co.uk","because this"," causes","  consumer"
"unitnews.co.uk","because this"," causes","  consumer"
"tangents.co.uk","in the fix"," causes","  problems  . 4."
"givingupsmoking.co.uk","anaemia also"," causes","  soreness  of"
"givingupsmoking.co.uk","also"," causes","  soreness  of"
"givingupsmoking.co.uk","anaemia also"," causes","  fever  , sore"
"bexley.gov.uk","explains what"," causes","  disease  and"
"edinphoto.org.uk","muscles and"," causes","  pain  ("
"socialistfuture.org.uk","one, often"," causes","  death  ."
"tangents.co.uk",". It usually"," causes","  pain  and your"
"lancs.ac.uk","pressure"," causes","  pain  and many"
"lancs.ac.uk","thing. What"," causes","  fibromyalgia"
"tangents.co.uk","change"," causes","  sea  levels to"
"www2.netdoctor.co.uk","arthritis"," causes","  inflammation"
"cornwall-online.co.uk","arthritis"," causes","  damage  to the"
"cornwall-online.co.uk","always"," causes","  problems  , ask"
"cornwall-online.co.uk","on COX-1 which"," causes","  side-effects"
"members.lycos.co.uk","why dairy"," causes","  heart  disease"
"tangents.co.uk","way (see '' What"," causes","  problems  in"
"tangents.co.uk","'' Gout ''. ) What"," causes","  problems  in"
"tangents.co.uk",". What"," causes","  pain  under the"
"cwn.org.uk","and this"," causes","  pain  . If bones"
"byfaith.co.uk","- work"," causes","  impacts  such"
"metalmonk.co.uk","what"," causes","  tendon  pain,"
"ondamar.demon.co.uk",", which"," causes","  inflammation"
"lshtm.ac.uk","that a product"," causes","  injury  places"
"cwn.org.uk","in joints and"," causes","  pain  when it is"
"chester.gov.uk","factor) which"," causes","  inflammation"
"samuelfrench-london.co.uk","- because meat"," causes","  arthritis"
"samuelfrench-london.co.uk","to these foods"," causes","  arthritis"
"a-n.co.uk",": "" A person who"," causes","  damage  to"
"cheltenham.gov.uk","with it, that"," causes","  stress  . It"
"emda.org.uk","tubes, it"," causes","  inflammation"
"scotlandoffice.gov.uk",", and it"," causes","  problems  in"
"csp.org.uk","conditions"," causes","  loss  to the"
"usdaw.org.uk","tumour which"," causes","  feminisation"
"telewest.co.uk",". This"," causes","  overgrowth  of"
"artshole.co.uk","that"," causes","  problems  to"
"www-users.york.ac.uk","the natural"," causes","  verdict  ."
"scmh.org.uk","from red meat"," causes","  heart  disease"
"tin.nhs.uk","one which"," causes","  trouble  : So we"
"tin.nhs.uk","one which"," causes","  trouble  : So we"
"emagictricks.co.uk","males) which"," causes","  pain  and"
"emagictricks.co.uk","tissues. OA"," causes","  pain  ,"
"emagictricks.co.uk",") form"," causes","  fever  and"
"emagictricks.co.uk","males. RA"," causes","  inflammation"
"gre.ac.uk","not sure what"," causes","  arthritis  in"
"shu.ac.uk","this. It also"," causes","  problems  for"
"gobazaar.co.uk","ammonia? What"," causes","  variability"
"housepricecrash.co.uk","that"," causes","  anaphylaxis"
"uea.ac.uk","or MCP joints)"," causes","  deformity  as"
"shopping.guardian.co.uk","injury, which"," causes","  redness  ,"
"weddingguide.co.uk","If a fraudster"," causes","  funds  to be"
"visitbath.co.uk",". It swells and"," causes","  pain  ."
"visitbath.co.uk","which"," causes","  pain  when the"
"arc.org.uk",". Firstly, it"," causes","  blood  vessels"
"members.lycos.co.uk","which in turn"," causes","  effects  which"
"businesseye.org.uk","into new work,"," causes","  alarm  bells to"
"nhsdirect.nhs.uk","even though it"," causes","  pain  . The"
"gre.ac.uk","that"," causes","  people  to"
"nhsdirect.nhs.uk",", that always"," causes","  trouble  on"
"nhsdirect.nhs.uk",", that always"," causes","  trouble  on"
"bexley.gov.uk","infection"," causes","  inflammation"
"uce.ac.uk","- which"," causes","  irritation  ,"
"aaps.ed.ac.uk","in it that"," causes","  body  odour,"
"shu.ac.uk","in it that"," causes","  body  odour,"
"giveusahome.co.uk","health,"," causes","  absenteeism"
"nhsdirect.nhs.uk","(unless it"," causes","  harm  to the"
"www2.netdoctor.co.uk","superstore"," causes",""
"bexley.gov.uk","enzyme that"," causes","  cartilage"
"shopping.guardian.co.uk",", and failure"," causes","  loss  of"
"mkheritage.co.uk","disease that"," causes","  pain  and"
"iccheshireonline.icnetwork.co.uk","mobility,"," causes","  disturbances"
"edinphoto.org.uk","how and why it"," causes","  disease  . """
"port.ac.uk","than men. It"," causes","  inflammation"
"crawford2000.co.uk","treated? What"," causes","  thrush  and how"
"ucs.ed.ac.uk","perhaps this"," causes","  tensions  as to"
"ucs.ed.ac.uk","inevitably"," causes","  condensation"
"milesfaster.co.uk","anaemia"," causes","  tiredness  ,"
"artshole.co.uk","position and"," causes","  deformity  . A"
"artshole.co.uk","''. ) What"," causes",""
"artshole.co.uk","(femur) which"," causes","  pain  and"
"archives.gla.ac.uk","which"," causes","  kidney"
"taxationweb.co.uk","? What"," causes","  milk"
"taxationweb.co.uk","to the top What"," causes","  milk"
"totalimmersion.co.uk","which usually"," causes",""
"totalimmersion.co.uk","crystals"," causes","  pseudogout  . ("
"scunthorpeunited-mad.co.uk","positions and"," causes","  deformity  ."
"scunthorpeunited-mad.co.uk",". What"," causes",""
"bexley.gov.uk","as the bug that"," causes","  everything  to"
"duncancumming.co.uk","mucus. It"," causes","  symptoms  such"
"duncancumming.co.uk","injury, which"," causes","  redness  ,"
"cwn.org.uk","So, what"," causes","  OA  ? For the"
"borkowski.co.uk",", which"," causes","  muscle"
"borkowski.co.uk","sometimes"," causes","  confusion  and"
"investing.thisismoney.co.uk","in a way that"," causes","  distress  or"
"gre.ac.uk","which"," causes","  heart  attacks"
"members.lycos.co.uk","better what"," causes","  symptoms"
"msm.cam.ac.uk","make-up, and"," causes","  inflammation"
"advfilms.co.uk","the porewater"," causes","  drainage  ("
"sincuser.f9.co.uk","whole process"," causes","  pain  and"
"borkowski.co.uk",", which also"," causes","  herpes  on the"
"ctc.org.uk","Church"," causes","  discontent"
"ppwh.org.uk","that torture"," causes","  pain  would do"
"cornwall-online.co.uk","herring which"," causes","  pain  in the"
"uea.ac.uk","that the jab"," causes","  autism  , "" the"
"uea.ac.uk","MMR vaccine"," causes","  brain  damage"
"borkowski.co.uk","the IMF works"," causes","  children  to"
"rosslyntemplars.org.uk",", which"," causes","  pain  ,"
"uktvfood.co.uk",", often"," causes","  anxiety  ."
"businesseye.org.uk","strength and"," causes","  settlement  ."
"businesseye.org.uk","compaction"," causes","  fractures"
"uktvfood.co.uk",", and failure"," causes","  loss  of"
"chester.gov.uk","year. What"," causes","  anorexia  ? The"
"devonline.gov.uk","that"," causes","  harm  and"
"housepricecrash.co.uk","Autumn often"," causes","  damage  to"
"uea.ac.uk","of an army"," causes","  prices  to go up"
"uea.ac.uk","an army. This"," causes","  restlessness"
"totalimmersion.co.uk","(chang)"," causes","  drunkenness"
"totalimmersion.co.uk","(chang)"," causes","  drunkenness"
"visitsouthwest.co.uk","arthritis"," causes","  pain  which"
"cwn.org.uk","Explorer 5.0,"," causes","  problems  with"
"scmh.org.uk","Osteoporosis"," causes","  bone  to be lost"
"scmh.org.uk","1(b). What"," causes","  osteoporosis"
"direct.gov.uk","that it"," causes","  harm  in either"
"chester.gov.uk","blood flow and"," causes","  heart  attacks"
"reviews.zdnet.co.uk","age of 60. What"," causes","  lupus  ? There"
"reviews.zdnet.co.uk","pleura). This"," causes","  pericarditis"
"reviews.zdnet.co.uk",". This"," causes","  dryness  of the"
"reviews.zdnet.co.uk",") form"," causes","  fever  and"
"voa.gov.uk",". A affects B B"," causes","  knock  on"
"voa.gov.uk",". A affects B B"," causes","  knock  on"
"literacytrust.org.uk",". Lottery Good"," Causes","  www  ."
"cornwall-online.co.uk","see which ones"," causes","  symptoms  ,"
"mkheritage.co.uk","occasionally"," causes","  confusion  . If"
"direct.gov.uk","underlying"," causes","  Ensure  the"
"businesseye.org.uk","that"," causes","  platelets  to"
"shu.ac.uk","of growing up"," causes","  distress  and"
"ageconcern.org.uk",") until it"," causes","  obstruction"
"aaps.ed.ac.uk","temples. This"," causes","  headaches  ,"
"exeter.gov.uk","question"," causes","  frustration  ."
"secure.bfi.org.uk","tears, which"," causes","  tears  to"
"secure.bfi.org.uk","sometimes"," causes","  friction  with"
"borkowski.co.uk","and"," causes","  inflammation"
"borkowski.co.uk","emotion that"," causes","  harm  . The """
"greatstone.co.uk",", how sweating"," causes","  cooling  ]."
"borkowski.co.uk","gout. Gout"," causes","  pain  and"
"libdems.org.uk","that not only"," causes","  inflammation"
"libdems.org.uk","dose it rarely"," causes","  side  effects."
"csp.org.uk","thirdly, it"," causes","  fibrosis  (or"
"msm.cam.ac.uk","","causes","  pain  behind"
"tangents.co.uk","of justice,"," causes","  delays  in the"
"rcuk.ac.uk","parrot which"," causes","  distress  to"
"adeptscience.co.uk","Uneven bottom"," causes","  mouse  to"
"faegre.co.uk","inflammation"," causes","  symptoms  of"
"usdaw.org.uk","as normal, and"," causes","  pain  and"
"totalimmersion.co.uk","that"," causes","  platelets  to"
"pkf.co.uk","diseases and"," causes","  loss  of"
"poetrymagazines.org.uk","to look at what"," causes","  auto-immune"
"poetrymagazines.org.uk","commonly"," causes","  tonsillitis  -"
"gobazaar.co.uk",", often"," causes","  anxiety  ."
"ncvo-vol.org.uk","disease that"," causes","  thrombosis"
"carmarthenshire.gov.uk",". Lack of sleep"," causes","  rows  and"
"tangents.co.uk","that"," causes","  dizziness  )."
"roehampton.ac.uk","03 06:26 What"," causes","  women  to have"
"roehampton.ac.uk","cancer? What"," causes","  bleeding"
"english-online.org.uk","on this button"," causes","  settings  to be"
"fass.kingston.ac.uk","bread. This"," causes","  problems  ,"
"bexley.gov.uk",". Lack of sleep"," causes","  rows  and"
"artscouncil.org.uk","painful. What"," causes","  osteomalacia"
"artscouncil.org.uk",", which"," causes","  osteomalacia"
"artscouncil.org.uk","and September"," causes","  cholesterol  ,"
"artscouncil.org.uk","of vitamin D,"," causes","  bone  pain and"
"shu.ac.uk","on the can..."," causes","  sickness  and"
"ctc.org.uk","treatment"," causes",""
"direct.gov.uk","any dog which"," causes","  damage  or"
"scmh.org.uk","what"," causes","  pilot  whales"
"cwn.org.uk","","causes","  repression  of"
"macdonaldhotels.co.uk","the braced ork"," causes","  damage  to the"
"honestjohn.co.uk","system and"," causes","  paralysis  of"
"roehampton.ac.uk","'' seal"," causes","  concern  -"
"uktvstylegardens.co.uk","or councils"," causes","  anguish  , as"
"diabetes.org.uk",". Death -"," causes","  injury  ) Talk"
"bases.org.uk","what"," causes","  cancer  cells"
"cwn.org.uk","of what"," causes","  anorexia"
"rcuk.ac.uk","pressure that"," causes","  dizziness  if"
"sphericaleditions.co.uk","membrane and"," causes","  holes  to"
"sphericaleditions.co.uk","clotrimazole"," causes","  holes  to"
"maths.qmul.ac.uk",". DVT in the leg"," causes","  pain  and"
"iccheshireonline.icnetwork.co.uk","","causes","  Yersiniosis"
"borkowski.co.uk","of that plant"," causes","  symptoms  of"
"gre.ac.uk","side of a road,"," causes","  panic  in those"
"edinphoto.org.uk","that this"," causes","  problems  with"
"direct.gov.uk","money system"," causes","  unemployment"
"adultmoviedatabase.co.uk","of the law that"," causes","  breaches  of"
"csp.org.uk","a while. What"," causes","  bedwetting  ?"
"libdems.org.uk","mod_dir which"," causes","  problems  when"
"aaps.ed.ac.uk","of evil"," causes","  hatred  ,"
"racewalkingassociation.btinternet.co.uk","that"," causes","  rancidity  in"
"racewalkingassociation.btinternet.co.uk",": A yeast that"," causes","  thrush  and in"
"uea.ac.uk","Corruption"," causes",""
"uea.ac.uk",". Corruption"," causes",""
"reviews.zdnet.co.uk","substance X"," causes","  longevity"
"www1.indymedia.org.uk","practice that"," causes",""
