"corpus","ukwac"
"subcorpus","-"
"concordance size","2432584"
"query","Query:[lc=""for"" | lemma_lc=""for""];Positive filter (excluding KWIC):1 1 1 [tag=""Nc.*""];GDEX:100 "
"exeter.ac.uk","are used"," for","  cricket  . If"
"xibalba.demon.co.uk","language"," for","  sociology  ."
"martininstitute.ox.ac.uk","J. K Rowlings,"," for","  example  ,"
"ageconcern.org.uk","any money"," for","  visitor  reads"
"martininstitute.ox.ac.uk","scottish term"," for","  child  similar"
"ageconcern.org.uk","are eligible"," for","  payment  for"
"bobsticks.co.uk","foundations"," for","  houses  , the"
"martininstitute.ox.ac.uk","most obvious"," for","  PC  users is """
"ageconcern.org.uk","unwilling"," for","  change  . Thank"
"ageconcern.org.uk","designated"," for","  u-rate-it  ."
"chichesterjazzclub.co.uk","However, it is"," for","  institutions"
"exeter.ac.uk","the librarian"," for","  details  . The"
"letsgogardening.co.uk","paint jobs"," for","  laptops  . An"
"chichesterjazzclub.co.uk","students"," for","  employment  ."
"ageconcern.org.uk","designated"," for","  u-rate-it  ."
"hi-europe.co.uk","possessing"," for","  sale  or"
"xibalba.demon.co.uk","a mechanism"," for","  evolution  and"
"vacant.org.uk","that it is time"," for","  accountants"
"chichesterjazzclub.co.uk","point"," for",""
"hi-europe.co.uk","who brings,"," for","  example  ,"
"martininstitute.ox.ac.uk","doing it!"," For","  example  ,"
"hi-europe.co.uk","is entered"," for","  customs"
"martininstitute.ox.ac.uk","post office,"," for","  example  . It"
"martininstitute.ox.ac.uk","with a love"," for","  linguistics"
"ageconcern.org.uk","around here"," for","  reasons  other"
"exeter.ac.uk","to row just"," for","  fun  ,"
"dptac.gov.uk","would cover,"," for","  example  , a"
"martininstitute.ox.ac.uk","all on its own,"," for","  example  """
"martininstitute.ox.ac.uk","at UNI. (short"," for","  university  );"
"key-arts.co.uk","a stunt baby"," for","  Mothercare"
"ageconcern.org.uk","same applies"," for","  italics  ."
"exeter.ac.uk","Keynes house"," for","  £2  , or bought"
"exeter.ac.uk","MCR at 7 p. m."," for","  sherry  before"
"hi-europe.co.uk",", may look"," for","  guidance  to a"
"martininstitute.ox.ac.uk","so not right ''"," for","  example  . All"
"antcarparts.co.uk","to make a will"," for","  reasons  best"
"dptac.gov.uk","requirement"," for",""
"martininstitute.ox.ac.uk","countries"," for","  years  - ever"
"chichesterjazzclub.co.uk","grounding"," for","  progression"
"exeter.ac.uk","the country"," for","  student"
"xibalba.demon.co.uk","a distaste"," for","  ''positivist"
"exeter.ac.uk","in College"," for","  storage  of any"
"martininstitute.ox.ac.uk","may be edited"," for","  length  and"
"ageconcern.org.uk","being paid"," for","  work  while"
"martininstitute.ox.ac.uk","Tautologies,"," for","  example  :"
"ageconcern.org.uk",". Thank you"," for","  reading  . All"
"bobsticks.co.uk","county jail"," for","  felons  and"
"dptac.gov.uk",". This covers,"," for","  example  ,"
"tonearm.co.uk","to Hadamar"," for","  starvation  up"
"martininstitute.ox.ac.uk",". Look back,"," for","  exmaple  , to"
"birminghamfoe.org.uk","make you yell"," for","  mercy  ! "" """
"vacant.org.uk","the adoption"," for","  knowledge"
"martininstitute.ox.ac.uk","."," For","  example  , the"
"tonearm.co.uk","patients"," for","  starvation"
"exeter.ac.uk","some flats"," for","  couples  )."
"tps.org.uk","application (","for","  review  ) prior"
"key-arts.co.uk","waiting"," for","  ''Den  '' to come"
"ageconcern.org.uk","mmed. I looked"," for","  input  and"
"tps.org.uk",". prc files (","for","  example  ). You"
"badgirls.co.uk","the context"," for","  design  as an"
"tps.org.uk","only offered"," for","  deletion  and"
"xibalba.demon.co.uk","love of beauty"," for","  beauty  ''s sake"
"exeter.ac.uk","designed"," for","  students  ."
"tps.org.uk","used"," for","  something"
"xibalba.demon.co.uk","cure"," for","  athlete  ''s"
"letsgogardening.co.uk","PC industry"," for","  style  and"
"birminghamfoe.org.uk","and selling,"," for","  instance  , """
"letsgogardening.co.uk","looking"," for","  something"
"dptac.gov.uk","invoicing"," for","  goods  and"
"ageconcern.org.uk","tha n they were"," for","  dooyoo  ("
"xibalba.demon.co.uk","to be that,"," for","  reasons"
"ageconcern.org.uk","positive note"," for","  u-rate-it  for"
"xibalba.demon.co.uk","a question"," for",""
"letsgogardening.co.uk","desktop cases"," for","  individuals"
"martininstitute.ox.ac.uk","a ''DRORING ''"," for","  heaven  ''s sake"
"martininstitute.ox.ac.uk","English word"," for","  child  . Laura"
"tps.org.uk","are offered"," for","  deletion  on"
"key-arts.co.uk","served time"," for","  murder  in the"
"martininstitute.ox.ac.uk","to school"," for","  linguistics  I"
"vacant.org.uk",". This is true,"," for","  example  , of"
"martininstitute.ox.ac.uk","have sympathy"," for","  teachers  and"
"martininstitute.ox.ac.uk","changes"," for","  words  such as"
"exeter.ac.uk","''s Street)"," for","  sandwiches"
"tonearm.co.uk","had to be ready"," for","  transport  ."
"tps.org.uk","file"," for","  deletion  was"
"vacant.org.uk","itself."," For","  example  ,"
"exeter.ac.uk","facilities,"," for","  example  , a bar"
"antcarparts.co.uk","be on the watch"," for","  lizards  ,"
"martininstitute.ox.ac.uk","in Newcastle"," for","  ages  , rhymes"
"ageconcern.org.uk","your credit in"," for","  gift  vouchers"
"vacant.org.uk","considering,"," for","  example  : What"
"tonearm.co.uk","need"," for","  recognition"
"chichesterjazzclub.co.uk","IMPLICATIONS"," FOR","  PRACTICE  AT"
"letsgogardening.co.uk","are looking"," for","  ways  to make"
"martininstitute.ox.ac.uk","of seven ''"," for","  time  ) is an"
"tonearm.co.uk","famous figure"," for","  advertising"
"tonearm.co.uk","unless a "" law"," for","  annihilation"
"tonearm.co.uk","whom she asked"," for","  directions  to"
"martininstitute.ox.ac.uk","any meaning"," for","  example"
"vacant.org.uk","areas - see"," for","  example"
"ownersdirect.co.uk","in 2002"," for","  £5.4m  by the"
"ownersdirect.co.uk","jailed"," for","  theft  , not"
"jdhooker.org.uk","Friday seats"," for","  dressage  are"
"jdhooker.org.uk","","For",""
"jdhooker.org.uk","2:1 offer"," for","  horse  trials"
"jdhooker.org.uk",": Save"," for","  death  or"
"geologywales.co.uk","? The market"," for","  mergers"
"solid-edge.co.uk","that pipped it"," for","  Michelle  , "" he"
"solid-edge.co.uk","company"," for","  £4m  and has"
"medievalfreeco.org.uk","returns,"," for","  example  , the"
"medievalfreeco.org.uk","sources"," for","  use  in asylum"
"medievalfreeco.org.uk","the situation"," for","  Hindus  and"
"medievalfreeco.org.uk","in a country (","for","  example  ,"
"medievalfreeco.org.uk","advocates"," for","  victims  , and"
"medievalfreeco.org.uk","information,"," for","  others  it"
"medievalfreeco.org.uk","."," For","  example  , the"
"medievalfreeco.org.uk","been checked"," for","  currency  , and"
"medievalfreeco.org.uk","in France,"," for","  example  ,"
"medievalfreeco.org.uk",". Requests"," for","  documents  on"
"medievalfreeco.org.uk","be too late"," for","  use  in an"
"medievalfreeco.org.uk","too late"," for","  use  in an"
"medievalfreeco.org.uk","been checked"," for","  currency  , and"
"medievalfreeco.org.uk","referring."," For","  example  no"
"medievalfreeco.org.uk","Policy."," For","  example  : 1."
"medievalfreeco.org.uk","is said, ''If,"," for","  example  , an"
"medievalfreeco.org.uk","country."," For","  example  , if"
"medievalfreeco.org.uk","its reasons."," For","  example  ,"
"medievalfreeco.org.uk","evidence"," for","  matters"
"medievalfreeco.org.uk","relevant"," for","  asylum"
"medievalfreeco.org.uk","on countries"," for","  use  in making"
"brigglife.co.uk","be good news"," for","  gamers  ,"
"brigglife.co.uk","who cover it,"," for","  example  ? """
"rcpsglasg.ac.uk","a surcharge."," For","  example  , if"
"rcpsglasg.ac.uk","and is liable"," for","  surcharge"
"carbonflo.co.uk","to get ready"," for","  school  so I"
"carbonflo.co.uk","empty cartons"," for","  lampshades  ,"
"carbonflo.co.uk","pools"," for","  sardines  , to"
"carbonflo.co.uk",". R Leach, 58"," For","  breakfast  - to"
"carbonflo.co.uk","everything"," for","  pudding  and I"
"carbonflo.co.uk","E- Excellent"," for","  parties  S-"
"carbonflo.co.uk","97"," For","  years  , I was a"
"carbonflo.co.uk","the empty tubs"," for","  painting  ,"
"carbonflo.co.uk","to dunk"," for","  apples  in, an"
"oink.demon.co.uk","the potential"," for","  problems  . In"
"oink.demon.co.uk","treatment"," for","  patients  with"
"the-philosopher.co.uk","their beauty"," for","  years  to come."
"christian.org.uk","keep fighting"," for","  justice  ."
"christian.org.uk","compensation"," for","  pensions  lost"
"christian.org.uk","''re not asking"," for","  handouts  , """
"christian.org.uk",". He had worked"," for","  label  maker"
"christian.org.uk","me. Our plans"," for","  retirement"
"christian.org.uk",". Alun worked"," for","  ASW  for 33"
"cwn.org.uk","''GAZE '' theory"," for","  radio  ? ''Radio"
"cwn.org.uk","of deduction,"," for","  radio  . It is"
"cwn.org.uk","''s language,"," for","  example  - and"
"cwn.org.uk","master theory"," for","  radio  ),"
"cwn.org.uk","is no chance"," for","  coherence  in"
"cwn.org.uk","will not do"," for","  radio  . The"
"cwn.org.uk","a limited way."," For","  radio"
"cwn.org.uk","deviance,"," for","  example  ."
"cwn.org.uk","will not do"," for","  radio  . It"
"cwn.org.uk",". The search"," for","  radio"
"cwn.org.uk","with the need"," for","  higher-order"
"cwn.org.uk",", 1994, 55"," for","  film  ''s"
"cwn.org.uk","involved in,"," for","  example  ,"
"cwn.org.uk","Goffman"," for","  ''frames  '' in"
"cwn.org.uk","1996, 25"," for","  film"
"dancecity.co.uk","one another"," for","  support  among"
"dancecity.co.uk","acting"," for","  anything  as an"
"dancecity.co.uk","","for","  organisation"
"dancecity.co.uk","suggests that"," for","  cognition  to"
"dancecity.co.uk","an aptitude"," for","  purposes"
"dancecity.co.uk","responsible"," for","  futurity  just"
"karibuni.co.uk","page at click"," for","  details  and"
"handicap-international.org.uk","for 20 to 40 eb"," for","  lunch  and 25 to"
"handicap-international.org.uk","and 25 to 60"," for","  dinner  . It is"
"handicap-international.org.uk",". Its packed"," for","  breakfast"
"rdmengineering.co.uk","a shout"," for","  leg-before  as"
"rdmengineering.co.uk","coverage."," For","  everything  . """
"horseracingbets.co.uk","apart."," For","  example  , the"
"horseracingbets.co.uk","''s mutual."," For","  example  , if"
"horseracingbets.co.uk","The beauty of,"," for","  example  ,"
"horseracingbets.co.uk","situation."," For","  example  , not"
"horseracingbets.co.uk","profes-sion."," For","  instance  , the"
"horseracingbets.co.uk","be an issue"," for","  preservation"
"horseracingbets.co.uk","story."," For","  example  , I ''m"
"horseracingbets.co.uk","abroad,"," for","  example  for La"
"horseracingbets.co.uk",". If you ask"," for","  reasons  in"
"fantasyfactory.co.uk","equal shares"," for","  everyone  ."
"fantasyfactory.co.uk","any apple pie"," for","  dessert  . Alex"
"fantasyfactory.co.uk","rest of them"," for","  eviction  , and"
"fantasyfactory.co.uk","two are up"," for","  nomination  ."
"fantasyfactory.co.uk","they are up"," for","  eviction  , and"
"fantasyfactory.co.uk","head"," for","  ''Hollyoaks  ''"
"peteralan.co.uk","blocks"," for","  men  and women."
"peteralan.co.uk","toilet"," for","  children  -"
"peteralan.co.uk","are waiting"," for","  change  . The"
"blog.outofthebedroom.co.uk","levels needed"," for","  water  to flow"
"mariners-l.co.uk","computers,"," for","  example  , we"
"mariners-l.co.uk","computer."," For","  example  , the"
"mariners-l.co.uk","the main route"," for","  traffic"
"mariners-l.co.uk","a regular site"," for","  congregation"
"languagesabroad.co.uk","(UK only)."," For","  orders"
"bordercrossings.org.uk","together,"," for","  example  by"
"bordercrossings.org.uk","than 20°. Even"," for","  events  as"
"bordercrossings.org.uk",", check"," for","  post  , phone"
"propheticvision.org.uk","had potential"," for","  problems  -"
"propheticvision.org.uk","journey time"," for","  traffic"
"propheticvision.org.uk","- and stopped"," for","  breakfast  at a"
"afs.org.uk","resource"," for","  people  of all"
"jollyfarmer.co.uk","investigated"," for","  cruelty  for"
"jollyfarmer.co.uk","purpose is"," for","  housing"
"jollyfarmer.co.uk",", and not"," for","  tests  on them."
"talyllyn.co.uk","as tenders"," for","  furniture  and"
"talyllyn.co.uk","as a conduit"," for","  information  ."
"talyllyn.co.uk","rights"," for","  members  of the"
"talyllyn.co.uk","in the Bill"," for","  information"
"talyllyn.co.uk","appropriate."," For","  example  , the"
"troubleatwork.org.uk","to death"," for","  piracy  in 1720"
"youngresources.co.uk","strategy"," for","  health  . Our"
"youngresources.co.uk","forum"," for","  members  of the"
"samoa.co.uk","Soul Brother"," for","  copies  . Links"
"samoa.co.uk",". People yearn"," for","  something"
"samoa.co.uk","Eleonora"," for","  Expansion"
"samoa.co.uk",". You wait"," for","  ages  for one"
"samoa.co.uk","? Check Amazon"," for","  copies  . Mike"
"samoa.co.uk","Soul Brother"," for","  copies  . top of"
"samoa.co.uk","the Internet"," for","  sales  . Well,"
"samoa.co.uk","be a great year"," for","  music  if these"
"csa.gov.uk","exclusively"," for","  Cygnus"
"baas.ac.uk","way in"," for","  family"
"baas.ac.uk","it possible"," for","  household"
"baas.ac.uk","before. But,"," for","  example  , if we"
"baas.ac.uk",", the prayer"," for","  forgiveness"
"baas.ac.uk","Father."," For","  example  : - We"
"bowness.demon.co.uk","or otherwise"," for","  treatment  and"
"bowness.demon.co.uk","schools - one"," for","  children  with"
"bowness.demon.co.uk","the need"," for","  consultation"
"bowness.demon.co.uk","implications"," for","  intervention"
"crbs.org.uk","IP addresses"," for",""
"crbs.org.uk","remote host"," for","  processing  ."
"crbs.org.uk","is also true"," for","  arguments  to"
"crbs.org.uk","host is asked"," for","  permission  to"
"crbs.org.uk","; see set above"," for","  details  ),"
"crbs.org.uk","(see set above"," for","  descriptions"
"oriel.ox.ac.uk","its agenda"," for","  action  and"
"been2nene.co.uk","model"," for","  blocker"
"been2nene.co.uk","","for","  blocker"
"been2nene.co.uk","deviation"," for","  d  , as compared"
"gare.co.uk","is scheduled"," for","  release  on the"
"nowt2do.co.uk","is a must"," for","  anyone"
"journalism.cf.ac.uk","enjoyable"," for","  adults  , not"
"journalism.cf.ac.uk","deals than"," for","  summer  fun."
"journalism.cf.ac.uk","edge waiting"," for","  lake  and canal"
"journalism.cf.ac.uk","the struggle"," for","  domination"
"journalism.cf.ac.uk","mark"," for","  unity  and"
"journalism.cf.ac.uk","the dead and"," for","  world  peace."
"journalism.cf.ac.uk","a blueprint"," for","  life  in modern"
"journalism.cf.ac.uk","natural tool"," for","  scientists  ."
"journalism.cf.ac.uk","features"," for","  class"
"journalism.cf.ac.uk",". A resource"," for","  things  legal."
"dmflightsim.co.uk","a clip, ideal"," for","  use  on books or"
"dmflightsim.co.uk","lens cover (","for","  night  use)"
"uxisweb1.brunel.ac.uk","available"," for","  download  on"
"uxisweb1.brunel.ac.uk","web site"," for","  details  ."
"uxisweb1.brunel.ac.uk","are provided"," for","  convenience"
"uxisweb1.brunel.ac.uk","for any not"," for","  profit"
"uxisweb1.brunel.ac.uk","pages for them"," for","  example  by"
"uxisweb1.brunel.ac.uk","you have one,"," for","  example  it may"
"thamesmatch.co.uk","disk,"," for","  example  a"
"thamesmatch.co.uk","have changed,"," for","  disaster"
"thamesmatch.co.uk","as providing"," for","  backup  , but"
"thamesmatch.co.uk","on a document"," for","  hours  before"
"thamesmatch.co.uk","designed"," for","  backup  ,"
"thamesmatch.co.uk","is available"," for","  installation"
"thamesmatch.co.uk","return to it."," For","  example  , if I"
"oncology.cam.ac.uk","opportunity"," for","  people  to"
"oncology.cam.ac.uk","recognises,"," for","  example  , the"
"oncology.cam.ac.uk","reduced costs"," for","  health  and"
"oncology.cam.ac.uk","major impetus"," for","  drug"
"oncology.cam.ac.uk","reduced costs"," for","  health  and"
"monteclefe.somerset.sch.uk","12th century."," For","  example  : "" The"
"monteclefe.somerset.sch.uk","as a sanctuary"," for","  criminals  . In"
"monteclefe.somerset.sch.uk","to pray"," for","  protection"
"monteclefe.somerset.sch.uk","its south side"," for","  ships  from"
"monteclefe.somerset.sch.uk","most suitable"," for","  travellers  to"
"adriandenning.co.uk","offices"," for","  marketing  and"
"adriandenning.co.uk",", guidelines"," for","  authors  and"
"adriandenning.co.uk","research."," For","  guidance  in"
"adriandenning.co.uk","own papers"," for","  publication"
"adriandenning.co.uk","the notes"," for","  contributors"
"adriandenning.co.uk","and call"," for","  papers  be sent"
"glasgowarchitecture.co.uk",", it was used"," for","  research  into"
"glasgowarchitecture.co.uk","lens was ready"," for","  use  . The"
"glasgowarchitecture.co.uk","it"," for","  observation  ."
"glasgowarchitecture.co.uk","was ready"," for","  use  a new"
"bronte.netfury.co.uk","HD camera (a Z1"," for","  camera  nerds)"
"bronte.netfury.co.uk",". we ''ve owned"," for","  years  might"
"bronte.netfury.co.uk","Later Blog"," for","  others  . Also"
"bronte.netfury.co.uk",", a passion"," for","  film  . I might"
"bronte.netfury.co.uk","''turntable ''"," for","  trains  (I ''m"
"surreydancemusic.co.uk","the space"," for",""
"the-morningstar.co.uk","disclaimers"," for","  borough  of"
"the-morningstar.co.uk","is"," for","  guidance  and"
"the-morningstar.co.uk","standard"," for","  internet"
"the-morningstar.co.uk","impossible"," for","  anyone  else to"
"the-morningstar.co.uk","copyright"," for","  advice  if they"
"the-morningstar.co.uk","pages are"," for","  information"
"the-morningstar.co.uk","or liability"," for","  access  to them"
"fanderson.org.uk","on the look out"," for","  people"
"fanderson.org.uk","in the SU shop"," for","  £3  . See the"
"fanderson.org.uk","... Entry is £2"," for","  non-members  ("
"fanderson.org.uk","(£1"," for","  members  )."
"fanderson.org.uk","costs just £1"," for","  members  ; £2"
"fanderson.org.uk","members; £2"," for","  non-members  ."
"fanderson.org.uk",". It ''s free"," for","  members  , £3"
"fanderson.org.uk","members, £3"," for","  non-members  ."
"fanderson.org.uk","is £5 p. a."," for","  members  of the"
"fanderson.org.uk","Applications"," for","  membership  of"
"skyscript.co.uk","platform"," for","  porters  to"
"horniman.ac.uk","been around"," for","  thousands  of"
"horniman.ac.uk","positively"," for","  others  by"
"horniman.ac.uk",", in which,"," for","  example  , the"
"cheers-wine-merchants.co.uk","law is equal"," for","  everyone  , if"
"cheers-wine-merchants.co.uk","emerged,"," for","  instance  ,"
"cheers-wine-merchants.co.uk","against,"," for","  example"
"cheers-wine-merchants.co.uk","social arenas"," for",""
"cheers-wine-merchants.co.uk","in a struggle"," for","  meaning  . This"
"cheers-wine-merchants.co.uk","social world."," For","  example  , they"
"cheers-wine-merchants.co.uk","against,"," for","  example"
"cheers-wine-merchants.co.uk","party '' (see"," for","  example  Betz"
"cheers-wine-merchants.co.uk","their claims."," For","  instance  the"
"cheers-wine-merchants.co.uk","."," For","  example  the"
"cheers-wine-merchants.co.uk","the struggle"," for","  difference  ,"
"victorianartinbritain.co.uk","sufficient"," for","  self-priming"
"victorianartinbritain.co.uk","into pumps"," for","  lubrication"
"victorianartinbritain.co.uk","or combined"," for","  flow"
"victorianartinbritain.co.uk","fluid flow"," for","  operation  of a"
"victorianartinbritain.co.uk","ports are used"," for","  system"
"victorianartinbritain.co.uk","a means"," for","  leakage"
"victorianartinbritain.co.uk",". Except"," for","  in-line  pumps"
"generous.org.uk","was only water"," for","  gods  sake! ! ! !"
"britishblogs.co.uk","it a target"," for","  campaigners  ."
"britishblogs.co.uk","NHS bodes well"," for","  impartiality"
"britishblogs.co.uk","","for","  project"
"mookychick.co.uk","you in the mood"," for","  love  ? Have a go"
"mookychick.co.uk","running"," for","  cover  . Let"
"teachingenglish.org.uk","account fully"," for","  everything"
"teachingenglish.org.uk","as good news"," for","  investors  ."
"teachingenglish.org.uk","is bad news"," for","  investors"
"teachingenglish.org.uk","expensive"," for","  firms  to"
"teachingenglish.org.uk","available"," for","  work  and"
"teachingenglish.org.uk","Watch out"," for",""
"englishmonarchs.co.uk","Group"," for","  discussion  as"
"englishmonarchs.co.uk","member clubs"," for","  comment  . We"
"englishmonarchs.co.uk","at all to fish"," for","  freshwater"
"englishmonarchs.co.uk","to be raised"," for","  fisheries"
"englishmonarchs.co.uk","every reason"," for","  bodies  such as"
"englishmonarchs.co.uk","opposition."," For","  freshwater"
"englishmonarchs.co.uk","in Scotland."," For","  example  ,"
"englishmonarchs.co.uk","problems."," For","  example  , it"
"englishmonarchs.co.uk","revenue"," for","  fisheries"
"englishmonarchs.co.uk","fee levied"," for","  consent  to"
"englishmonarchs.co.uk","of funding"," for","  fisheries"
"englishmonarchs.co.uk","revenue"," for","  fisheries"
"englishmonarchs.co.uk","provision"," for","  data"
"candlemaking.org.uk","payments"," for","  conservation"
"candlemaking.org.uk","pools"," for","  plants  to"
"uec.ac.uk","universes"," for",""
"uec.ac.uk","a repository"," for","  tech  hints,"
"uec.ac.uk","Days, Glasgow"," For","  users  of Linux"
"uec.ac.uk","and exchange"," for","  prizes  every"
"uec.ac.uk","benchmark"," for","  quality  and we"
"chichesterjazzclub.co.uk","healthcare"," for","  use  by"
"chichesterjazzclub.co.uk","you to PayPal"," for","  credit  card"
"golgotha.org.uk","in practice."," For","  example  ,"
"golgotha.org.uk","is no room"," for","  anything  else"
"golgotha.org.uk","is no room"," for","  self  . When we"
"golgotha.org.uk","of metaphor"," for","  something"
"hazelden.org.uk","key concerns"," for","  companies"
"hazelden.org.uk","services"," for","  consumers  and"
"perse.co.uk","as a venue"," for","  weddings  for"
"perse.co.uk","is available"," for","  celebration"
"perse.co.uk","the Marquee: *"," For","  example"
"perse.co.uk","fillet"," For","  vegetarians  :"
"perse.co.uk","£34.85"," for","  tray  of 30"
"perse.co.uk","package"," for","  children  aged"
"perse.co.uk","","for","  Celebration"
"perse.co.uk","per night"," for","  bed  and"
"perse.co.uk","adult price"," for","  food  . We are"
"perse.co.uk",". Please ask"," for","  details  ."
"perse.co.uk","a rehearsal"," for","  wedding  or"
"perse.co.uk",". Please ask"," for","  details  prior"
"perse.co.uk","claims: (a)"," For","  loss  or damage"
"perse.co.uk","not be used"," for","  advertising"
"martininstitute.ox.ac.uk","communities"," for","  individuals"
"martininstitute.ox.ac.uk","01204 556501"," for","  details  ."
"martininstitute.ox.ac.uk","drama as a tool"," for","  people  to"
"martininstitute.ox.ac.uk","are reserved"," for","  referrals"
"go.reuters.co.uk","was still room"," for","  doubt  . In fact"
"thepixiepit.co.uk",""" The need"," for","  language"
"thepixiepit.co.uk","only allows"," for","  dialogue  in"
"helo.co.uk","organisers"," for","  sports  events"
"helo.co.uk","businesses"," for","  meetings  and"
"helo.co.uk","and recipes"," for","  magazines"
"helo.co.uk","one publisher"," For","  flour"
"helo.co.uk","Part works"," for","  industry"
"helo.co.uk","business."," For","  example  , you"
"helo.co.uk","revenue"," For","  example  , your"
"helo.co.uk",") Marketing is"," for","  everyone  ("
"flycom.co.uk","Half-Hour,"," for","  example  ; Lee"
"flycom.co.uk","of a book on SF"," for","  schools  . He"
"flycom.co.uk","","for","  audience"
"flycom.co.uk","are offered"," for","  exchange  , or,"
"flycom.co.uk","will exchange"," for","  issues  after"
"flycom.co.uk",") @ 40pages"," for","  5p  . new ("
"flycom.co.uk","(I am looking"," for","  issues  of Cry,"
"flycom.co.uk","'' Vectors,"," for","  example  , cost"
"flycom.co.uk","fen looking"," for",""
"flycom.co.uk","possible"," for","  stamps  &c). He"
"flycom.co.uk","30. ) """," For","  years  I ''ve"
"comedycv.co.uk","an older group"," for","  people  aged"
"glavenvalley.co.uk","Sheringham."," For","  directions  ,"
"biop.ox.ac.uk","care"," for","  SpRs  in"
"pkf.co.uk","fast ready"," for","  action  as"
"pkf.co.uk","were given,"," for","  everything"
"pkf.co.uk","together"," for","  attacks  ,"
"pkf.co.uk","like this"," for","  months  . I like"
"pkf.co.uk","taking stride"," for","  stride  and"
"pkf.co.uk","off firing"," for","  fear  of"
"pkf.co.uk","to our heels"," for","  hours  ; but if"
"pkf.co.uk",". "" Thank you"," for","  nothing  ! """
"brmb.co.uk","in the dark,"," for","  example  on the"
"brmb.co.uk","whole story,"," for","  Druidry  is"
"brmb.co.uk","way of life"," for","  thousands  of"
"brmb.co.uk","lunar gods,"," for","  example  the"
"brmb.co.uk",", was the scene"," for","  torchlight"
"brmb.co.uk","same is true"," for","  Druids  . In"
"brmb.co.uk","would suggest"," for","  Druids  , as"
"brmb.co.uk","works. Ask"," for","  healing  from"
"brmb.co.uk","and desire"," for","  healing  . If"
"brmb.co.uk","initiations,"," for","  example  at"
"brmb.co.uk","centres"," for","  children  ,"
"brmb.co.uk","metal tray"," for","  safety  . On the"
"brmb.co.uk","and asking"," for","  inspiration  ,"
"brmb.co.uk","a candle,"," for","  example  , to"
"brmb.co.uk","recognised."," For","  example  , in"
"starfishproject.freeserve.co.uk","performers"," for","  decades  ,"
"ownersdirect.co.uk","fares"," for","  journeys"
"ownersdirect.co.uk",", mostly"," for","  laughs  . To"
"ownersdirect.co.uk",", such as,"," for","  example  ,"
"scottishtorymeps.org.uk","useful links"," for","  families  and"
"hazlewood-castle.co.uk","there"," for","  hours  gazing"
"thamesweb.co.uk","Exposure"," for","  film  & TV news"
"thamesweb.co.uk","and Events"," for","  event  news."
"thamesweb.co.uk","daily."," For","  TV  news, try UK"
"dodger.co.uk","This site is"," for","  owners  of"
"dodger.co.uk","cover"," for","  moggies  and"
"fodac.org.uk","to demands"," for","  root  and"
"fodac.org.uk","meaning"," for","  sin  and evil."
"fodac.org.uk","the capacity"," for","  evil  within"
"fodac.org.uk","opportunity"," for","  individuals  ;"
"fodac.org.uk","are reserved"," for","  capitalism"
"fodac.org.uk","not discuss,"," for","  example  , the"
"fodac.org.uk",". Nowhere,"," for","  example  , do"
"fodac.org.uk","science in,"," for","  example  , the"
"fodac.org.uk",". '' (17) But"," for","  Christians  ,"
"fodac.org.uk","Questions"," for","  Christians"
"fodac.org.uk","their rulers."," For","  example  there"
"fodac.org.uk","necessary"," for","  theologians"
"fodac.org.uk","as respect"," for","  tradition  ,"
"fodac.org.uk","about the need"," for","  constraints"
"fodac.org.uk",". Consider,"," for","  example  , the"
"fodac.org.uk","reverence"," for","  truth  are"
"fodac.org.uk","v. 21. 10) See,"," for","  example  , The"
"age-exchange.org.uk","prescription"," for","  disaster  USB"
"age-exchange.org.uk","Preparing"," for","  healthcare"
"age-exchange.org.uk","strategy"," for","  healthcare"
"age-exchange.org.uk","actions"," for","  NHS  ICT."
"age-exchange.org.uk","Information"," for","  patients  and"
"the-faith.org.uk",","," for","  instance  in"
"the-faith.org.uk","how to use them"," for",""
"the-faith.org.uk","button below"," for","  details  of our"
"the-faith.org.uk",". Click here"," for","  terms  &"
"epic.co.uk","look out"," for","  buttons  or"
"missiedith.bentbacktulips.co.uk",", demand"," for","  engineering"
"missiedith.bentbacktulips.co.uk","their demands"," for","  flexibility  ,"
"missiedith.bentbacktulips.co.uk","houseâ?"," for","  schooavers  ."
"missiedith.bentbacktulips.co.uk","a service"," for","  engineering"
"missiedith.bentbacktulips.co.uk","working"," for","  engineering  ."
"missiedith.bentbacktulips.co.uk","incentives"," for","  apprentices  ."
"missiedith.bentbacktulips.co.uk","period While"," for","  engineering"
"birds-eye-view.co.uk","courses"," for","  end  user users"
"birds-eye-view.co.uk","is suitable"," for","  programmers"
"wildfowling.co.uk","intently"," for","  steps  or the"
"wildfowling.co.uk","once, or wait"," for","  daylight  ? "" "" I"
"wildfowling.co.uk","we are and wait"," for","  morning  . "" "" I"
"wildfowling.co.uk","plenty of food"," for","  sale  so long as"
"boardsonline.co.uk","to be revealed"," for","  fear  that her"
"boardsonline.co.uk","campaigning"," for","  women  like"
"artangel.co.uk","Camera closed"," for","  storage  . Note"
"artangel.co.uk","open the door"," for","  film  loading."
"artangel.co.uk",", adjusted"," for","  contrast  ,"
"payaway.co.uk","offer a VALUE"," FOR","  MONEY"
"payaway.co.uk","warranty."," For","  reliability"
"emco.co.uk","Camera Link"," for","  iPod  Posted 13"
"emco.co.uk","Media Reader"," for","  iPod  Posted 26"
"charles-darwin.classic-literature.co.uk","(basic"," for","  Auditors  ,"
"charles-darwin.classic-literature.co.uk",", if invited"," for","  interview  , a"
"charles-darwin.classic-literature.co.uk","; guidance"," for",""
"tightfittheatre.co.uk","the security"," for","  researchers"
"tightfittheatre.co.uk","meanings"," for","  technologies"
"tightfittheatre.co.uk","hence uses)"," for","  technologies"
"tightfittheatre.co.uk","differences,"," for","  example  ,"
"tightfittheatre.co.uk","we make sense,"," for","  example  , of"
"esbhhealth.nhs.uk","pay rise"," for","  teachers  as"
"esbhhealth.nhs.uk","the increase"," for","  doctors  and"
"esbhhealth.nhs.uk","Iraq, called"," for","  changes  in the"
"esbhhealth.nhs.uk","Iraqi people;"," for","  example  , less"
"creditplus.co.uk",". Many come"," for","  work  and stay"
"creditplus.co.uk","to the beach"," for","  treatment  ."
"creditplus.co.uk","come to the UK"," for","  training  . The"
"creditplus.co.uk","chances"," for","  advancement"
"creditplus.co.uk",". A magazine"," for","  Australians"
"creditplus.co.uk","profile jobs"," for","  Australians"
"fantasyfactory.co.uk",". Many,"," for","  example"
"fantasyfactory.co.uk","","for","  biscuits  ,"
"fantasyfactory.co.uk","Foundation."," For","  sale  and"
"fantasyfactory.co.uk",". Via art"," for","  housewives  ."
"fantasyfactory.co.uk","to the West"," for","  centuries  ,"
"fantasyfactory.co.uk","54 workshops"," for","  marble  and"
"fantasyfactory.co.uk","reputation"," for","  quality  -- a"
"fantasyfactory.co.uk",". Not safe"," for","  work  ."
"fantasyfactory.co.uk",", was a magnet"," for","  artists  and"
"fantasyfactory.co.uk","imaginations"," for","  decades  . What"
"fantasyfactory.co.uk","necessary"," for","  agriculture  ."
"bushgear.co.uk","contact us"," for","  permission  ."
"skiptonweb.co.uk","persecuted"," for","  boycott  of"
"skiptonweb.co.uk","conflict"," for","  teachers  to"
"skiptonweb.co.uk","IHRC workshop"," for","  students  on"
"skiptonweb.co.uk","and Israel"," for","  genocide  ,"
"carbonflo.co.uk","; using Word"," for",""
"mountaineering-scotland.org.uk",". Maps"," for","  Visitors  to"
"mountaineering-scotland.org.uk","students"," For","  queries  and"
"royalsoced.org.uk","opportunity"," for","  advertisers  ."
"propheticvision.org.uk","direct"," for","  tickets  ."
"mara.org.uk","to occur."," For","  example  , one"
"mara.org.uk",". Also look"," for","  services  that"
"elec.york.ac.uk","Ticket prices"," for","  events  in the"
"elec.york.ac.uk","are available"," for","  groups  and"
"mariners-l.co.uk","working"," for","  science  ,"
"marine.gov.uk","? Sunday 28 May"," For","  information"
"hyperguide.co.uk",". More cures"," for","  boredom  There"
"hyperguide.co.uk","small step"," for","  man  , one giant"
"hyperguide.co.uk","one giant leap"," for","  mankind  . '' But"
"hyperguide.co.uk","just as well"," for","  people"
"hyperguide.co.uk","available"," for","  people"
"hyperguide.co.uk","The Directory"," for","  people  like"
"hyperguide.co.uk","about? Search"," for","  articles  that"
"hyperguide.co.uk","on..., I... ''"," For","  instance  : ''As"
"portfolio.brokencube.co.uk","experience -"," for","  example  ,"
"pers-www.wlv.ac.uk","can be adapted"," for","  rollfilm  with"
"ace.abertay.ac.uk","on the process"," for","  overview  and"
"ace.abertay.ac.uk","to Velcade"," for","  patients  ; ["
"ace.abertay.ac.uk","unsuitable"," for","  bone  marrow"
"ace.abertay.ac.uk","a timescale"," for","  completion  of"
"ace.abertay.ac.uk","includes,"," for","  example  , the"
"ace.abertay.ac.uk","schemes"," for","  people  aged 75"
"ace.abertay.ac.uk","schemes"," for","  people  aged 75"
"ace.abertay.ac.uk","responsible"," for","  decisions  on"
"ace.abertay.ac.uk","scheduled"," for","  closure  and (c"
"ace.abertay.ac.uk","years and,"," for","  context  , the"
"fie.org.uk","problem"," for","  companies"
"fie.org.uk",", rather than"," for","  cost  saving"
"fie.org.uk","scale."," For","  example  , a"
"fie.org.uk","countries,"," for","  example  UK,"
"fie.org.uk","The case"," for","  call  centre"
"num.org.uk","and started"," for","  down-stairs  ;"
"magictricks.co.uk","called ''Water"," for","  life  ''. This"
"magictricks.co.uk","to lobby"," for","  water  ,"
"gammassl.co.uk","services"," for","  people  with"
"theedge.abelgratis.co.uk","thickener"," for","  soups  , chilli"
"richmondreview.co.uk","café"," for","  lunch  with"
"richmondreview.co.uk","Bar Open"," for","  pre-show  ,"
"richmondreview.co.uk","drinks"," for","  theatregoers"
"richmondreview.co.uk","ideal place"," for","  drinks  with"
"isfp.co.uk","''no cure"," for","  sex  abusers ''"
"newburytheatre.co.uk","of exchange"," for","  artists"
"newburytheatre.co.uk",". com)"," for","  information  ."
"newburytheatre.co.uk","is"," for","  performance"
"newburytheatre.co.uk","symposium"," for","  postgraduate"
"newburytheatre.co.uk","composition"," for","  performance  ,"
"newburytheatre.co.uk","significance"," for","  participants"
"newburytheatre.co.uk","the climate"," for","  creativity  in"
"newburytheatre.co.uk","a space"," for","  women  ''s"
"insideoutpr.co.uk","end; they are,"," for","  example  ,"
"insideoutpr.co.uk","applicants"," for","  jobs"
"insideoutpr.co.uk","arrangements"," for","  training"
"classicrally.org.uk","a new award"," for","  students"
"thecornerhouse.org.uk","wake-up call"," for","  taxpayers  to"
"thecornerhouse.org.uk","is imperative"," for","  taxpayers  to"
"thecornerhouse.org.uk","and by,"," for","  example  , HMRC"
"thecornerhouse.org.uk",". 4. Planning"," for","  inheritance"
"thecornerhouse.org.uk","figures used"," for","  analysis  were"
"exclusive-fountains.co.uk","application"," for","  asylum  in"
"marywardcentre.ac.uk","''s wives '' lost"," for","  words  , yet"
"ocr.org.uk","","for","  client"
"ocr.org.uk","more value"," for","  money  and a"
"ocr.org.uk","looking"," for","  work"
"ocr.org.uk","a preference"," for","  students  or"
"lhc.org.uk","regulations (","for","  example  to"
"lhc.org.uk","information"," for","  loss  , misuse,"
"spa.ex.ac.uk","DVD available"," for","  rent  in the UK."
"moorlandschool.co.uk","prerequisite"," for","  gnosis  . Most"
"andrealevy.co.uk",". Application"," for","  variation  of"
"andrealevy.co.uk","date"," for","  part  of the SED"
"andrealevy.co.uk","as if - (i)"," for","  paragraph  (4)"
"andrealevy.co.uk","permit ""; (ii)"," for","  paragraph  (5)"
"andrealevy.co.uk","""; (iii)"," for","  paragraph  (7)"
"andrealevy.co.uk",""" application"," for","  variation  of a"
"andrealevy.co.uk","is made. Duty"," for","  operators"
"andrealevy.co.uk","2 of Part 2,"," for",""
"andrealevy.co.uk","7) ""; (f)"," for","  paragraph  21"
"andrealevy.co.uk","substituted"," for",""
"andrealevy.co.uk","stored; ""; (g)"," for","  paragraph  8,"
"andrealevy.co.uk","). ""; (h)"," for","  paragraph  10,"
"andrealevy.co.uk","). ""; (b)"," for","  paragraph  4(4"
"andrealevy.co.uk","are recovered"," for","  reuse  ; "" dry"
"andrealevy.co.uk","activity used"," for","  printing"
"andrealevy.co.uk","paper"," for","  magazines  ,"
"andrealevy.co.uk","is - (a)"," for",""
"andrealevy.co.uk","date"," for",""
"andrealevy.co.uk","the regulator"," for","  consent  to"
"andrealevy.co.uk","applications"," for","  variations  of"
"andrealevy.co.uk","or the 1990 Act"," for",""
"andrealevy.co.uk","7 provides"," for","  activities"
"rodge.force9.co.uk","community."," For","  example  ,"
"alt.ac.uk","(i. e."," for","  sand  ,"
"alt.ac.uk","of water"," for","  years  to come."
"alt.ac.uk","be removed"," for","  washouts  . Dig"
"alt.ac.uk","an entry point"," for","  mosquitoes"
"colerainebc.gov.uk","this address"," for","  comments  or"
"colerainebc.gov.uk","this subject (","for","  example  when"
"colerainebc.gov.uk","numbers,"," for","  example  SCCO"
"uncaged.co.uk","unavailable"," for","  copyright"
"pointlessnostalgic.co.uk",","," for","  example  by the"
"pointlessnostalgic.co.uk","particle."," For","  example  , the"
"ypressalient.co.uk","Palace Demand"," for","  tickets  to"
"ypressalient.co.uk","built"," for","  occasions  of"
"fbs.leeds.ac.uk","consultancy"," for","  call  centres,"
"fbs.leeds.ac.uk","into a frenzy"," for","  today  . Then"
"authorsonline.co.uk","2006 Looking"," for","  weaknesses  in"
"authorsonline.co.uk","accuracy"," for","  gene"
"authorsonline.co.uk",") or ï¿½300"," for","  participants"
"authorsonline.co.uk",", saving time"," for","  researchers  ,"
"authorsonline.co.uk",") or? 300"," for","  participants"
"authorsonline.co.uk","The N50 length"," for","  supercontigs"
"authorsonline.co.uk","kb and is 3.2 kb"," for","  contigs  . The"
"authorsonline.co.uk","The N50 length"," for","  supercontigs"
"authorsonline.co.uk","kb and is 3.1 kb"," for","  contigs  . The"
"authorsonline.co.uk","the search"," for","  genes"
"authorsonline.co.uk","signposts"," for","  tuberculosis"
"authorsonline.co.uk","be developed"," for","  use  in"
"authorsonline.co.uk","annotation"," for","  mouse  , and"
"authorsonline.co.uk","the NCI-60."," For","  decades  ,"
"authorsonline.co.uk","been assessed"," for",""
"authorsonline.co.uk","identifiers"," for","  alleles  of"
"authorsonline.co.uk","predictions"," for","  genes  on human"
"authorsonline.co.uk","known from (","for","  example  )"
"authorsonline.co.uk","Summary pages"," for","  peptidase"
"authorsonline.co.uk","platform"," for","  studies  to"
"authorsonline.co.uk","the search"," for","  DNA"
"authorsonline.co.uk","as coding"," for","  proteins  ."
"authorsonline.co.uk","Field site."," For","  travel"
"tqc.co.uk","are looking"," for","  advice  on"
"shocknet.org.uk","periods."," For","  details  about"
"shocknet.org.uk","course choice"," for","  details  about"
"shocknet.org.uk","approval"," for","  transfer  of"
"shocknet.org.uk","them"," for",""
"shocknet.org.uk","students"," for","  university"
"teachingenglish.org.uk","suitable"," for","  use  in a raster"
"teachingenglish.org.uk","","for","  surface"
"nottinghillhousing.org.uk","and error,"," for","  example  . If"
"assetprotections.co.uk","releases."," For","  information"
"assetprotections.co.uk","''s Centre"," for","  Sociology  ,"
"daydreamnation.co.uk","an order."," For","  delivery"
"daydreamnation.co.uk","EU customers."," For","  non-EU"
"daydreamnation.co.uk","."," For","  orders"
"daydreamnation.co.uk","such as ideas"," for","  toys  , games,"
"daydreamnation.co.uk","responsible"," for","  compliance"
"bradburyac.mistral.co.uk","and procedure"," for",""
"bradburyac.mistral.co.uk","vocabulary"," for",""
"bradburyac.mistral.co.uk","is intended"," for","  use  by the"
"bradburyac.mistral.co.uk","is only"," for","  ''End-items  ''"
"bradburyac.mistral.co.uk","the acquirer"," for",""
"bradburyac.mistral.co.uk","baseline (","for","  example  , SDP"
"bradburyac.mistral.co.uk","plans."," For","  example"
"bradburyac.mistral.co.uk","or project,"," for","  example  ; DOD,"
"bradburyac.mistral.co.uk","provisions."," For","  example"
"flycom.co.uk","NTA website"," for","  anyone  to"
"studentcentral.co.uk","at 7 % premium"," for","  singles  , and 5"
"studentcentral.co.uk","or £10 premium"," for","  quantity  of"
"studentcentral.co.uk","Krugerrands"," for","  Sale  page for"
"studentcentral.co.uk","for Sale page"," for","  pricing  ."
"worldwar1.co.uk",". Easy enough"," for","  children  ,"
"worldwar1.co.uk",", challenging"," for","  adults  ! Play a"
"worldwar1.co.uk","numbers game"," for","  players  of all"
"worldwar1.co.uk","(It ''s a fun way"," for","  kids  to learn"
"anima.demon.co.uk","location"," for","  fly-ins  ."
"sportabroad.co.uk","soft knitwear"," for","  men  , women &"
"sportabroad.co.uk","summer chic"," for","  shoes  with up"
"geologywales.co.uk","of a keyword,"," for","  example  : READ"
"geologywales.co.uk","are read"," For","  example  : I I6"
"geologywales.co.uk","part."," For","  example  :"
"geologywales.co.uk",", normally"," for","  repetition  e."
"geologywales.co.uk","permitted"," for","  input  ."
"geologywales.co.uk","by subrange;"," for","  example  :"
"geologywales.co.uk","in an I/ O list,"," for","  example  :"
"geologywales.co.uk","in order. Thus"," for","  P  and T of type"
"geologywales.co.uk","operates,"," for","  example  : REAL"
"geologywales.co.uk","of NAMELIST"," for","  output  only"
"geologywales.co.uk","can be useful"," for","  program"
"geologywales.co.uk","","for","  example"
"geologywales.co.uk","must be used"," for","  input  . Arrays"
"geologywales.co.uk","be specified,"," for","  example"
"geologywales.co.uk","in sections (","for","  example  a long"
"geologywales.co.uk","where a prompt"," for","  input  and the"
"fairtrade.org.uk","reservations"," for","  details  ). If"
"graysathletic.co.uk","(call"," for","  papers  ) New"
"graysathletic.co.uk","Bursary Call"," for","  essays  : The"
"graysathletic.co.uk","needed"," for","  work  on"
"graysathletic.co.uk","required"," for","  Reviews  in"
"graysathletic.co.uk","(call"," for","  papers  ) To"
"graysathletic.co.uk","the present."," For","  details  of the"
"graysathletic.co.uk","and call"," for","  papers  , see"
"graysathletic.co.uk","needed"," for","  work  on"
"graysathletic.co.uk","to apply"," for","  admission  in"
"graysathletic.co.uk","to eligible"," for","  funding  ."
"graysathletic.co.uk",". The deadline"," for","  applications"
"graysathletic.co.uk",", 1920-2000."," For","  details  , see"
"graysathletic.co.uk","closing date"," for","  applications"
"graysathletic.co.uk","sciences."," For","  details  , see"
"graysathletic.co.uk","news page"," for","  details  ."
"graysathletic.co.uk","to the top Call"," for","  essays  : The"
"graysathletic.co.uk","or see the call"," for","  essays  (rtf"
"age-exchange.org.uk","a handpump"," for","  water"
"langtrymanor.co.uk","are in place"," for","  visits  by"
"langtrymanor.co.uk","of the need"," for","  specialist"
"langtrymanor.co.uk","a catalogue"," for","  visitors  of"
"langtrymanor.co.uk","signatures"," for","  registration"
"wildfowling.co.uk","periodically"," for","  changes  . All"
"wildfowling.co.uk","are used only"," for","  convenience"
"wildfowling.co.uk","to, damages"," for","  business"
"wildfowling.co.uk","or available"," for","  use  in other"
"wildfowling.co.uk","responsible"," for","  compliance"
"wildfowling.co.uk","available"," for","  viewing  were"
"kneeling.co.uk","I had a passion"," for","  maps  . I would"
"kneeling.co.uk",". I would look"," for","  hours  at South"
"kneeling.co.uk","friends"," for",""
"uhlc.org.uk","nominated"," for","  awards  this"
"sherlock-holmes.classic-literature.co.uk","reserved"," for","  prayer  and"
"sherlock-holmes.classic-literature.co.uk","reserved"," for","  prayer  and"
"sherlock-holmes.classic-literature.co.uk","asking others"," for","  services"
"lums.lancs.ac.uk","and workshops"," for","  therapists  ."
"lums.lancs.ac.uk","be useful is"," for","  people  to know"
"lums.lancs.ac.uk","wanted it"," for","  business  . One"
"lums.lancs.ac.uk","you went along"," for","  business  and"
"lums.lancs.ac.uk","language."," For","  example  , when"
"lums.lancs.ac.uk","directly"," for","  information"
"lums.lancs.ac.uk","source of pain"," for","  decades  to be"
"lums.lancs.ac.uk","passed on"," for","  generations"
"lums.lancs.ac.uk","it is the same"," for","  words  and"
"lums.lancs.ac.uk","itself. So"," for","  example  , if a"
"lums.lancs.ac.uk","about Cancer"," For","  information"
"lums.lancs.ac.uk","."," For","  information"
"rostau.org.uk","choice"," for","  Iraqis  ."
"rostau.org.uk","further back:"," for","  arming  both"
"rostau.org.uk","and others"," for","  war  crimes."
"stewardsschool.co.uk","web team"," for","  assistance  ."
"stewardsschool.co.uk","4.0 browser"," for","  instance  ),"
"stewardsschool.co.uk","the file type"," for","  documents"
"stewardsschool.co.uk","the file type"," for","  documents"
"stewardsschool.co.uk","of. txt"," for","  word"
"stewardsschool.co.uk","to download"," for","  multi-page"
"stewardsschool.co.uk","","for","  people  with"
"gerbils.pwp.blueyonder.co.uk","the evidence"," for","  official  and"
"gerbils.pwp.blueyonder.co.uk","have a need"," for","  support  ? What"
"gerbils.pwp.blueyonder.co.uk","needs"," for","  support  ? Do we"
"greatplaces.org.uk","Other £180 Pay"," for","  subscription"
"greatplaces.org.uk","form"," for","  posting/"
"greatplaces.org.uk","special offer"," for","  students  ."
"constipationadvice.co.uk","stripes used"," for",""
"mybrightonandhove.org.uk","catalogue"," for","  heavens  sake!"
"mybrightonandhove.org.uk","Cygnus Review"," for","  years  to come."
"sainsburysbank.co.uk",""" It was sewn up"," for","  safety  in the"
"omayenin.com.mysite.wanadoo-members.co.uk","standard"," for","  visitor"
"omayenin.com.mysite.wanadoo-members.co.uk","any areas"," for","  development  ."
"blackpig.co.uk","conference"," for","  paralegals  ,"
"leyman.demon.co.uk","conditions"," for","  existence  of"
"leyman.demon.co.uk","the need"," for","  equalization"
"leyman.demon.co.uk","requirements"," for","  clock"
"leyman.demon.co.uk","driving"," for","  strategies  )"
"leyman.demon.co.uk","button below"," for","  details  of our"
"leyman.demon.co.uk",". Click here"," for","  terms  &"
"learningtechnologies.co.uk",". Closing date"," for","  receipt  of"
"sundaypapers.org.uk","Shared moblog"," for","  everyone  who"
"sundaypapers.org.uk","instructions"," for","  people  to send"
"burn-it.freeserve.co.uk","we can cater"," for","  parties  of all"
"burn-it.freeserve.co.uk","value"," for","  money"
"twoforjoy.btinternet.co.uk","discipline (","for","  example  in"
"tl2000inquiry.org.uk","if applying"," for","  jobs  within"
"tl2000inquiry.org.uk","section"," for","  portfolio"
"tl2000inquiry.org.uk","section"," for","  demo  advice"
"tl2000inquiry.org.uk","demo advice"," for","  programmers  ."
"eng.ox.ac.uk","information -"," for","  example  of"
"martynmission.cam.ac.uk","metal rivets"," for","  security  ."
"martynmission.cam.ac.uk",". The P&P"," for","  collars"
"musica.co.uk","Note is not"," for","  publication"
"musica.co.uk","diaries, not"," for","  publication  ."
"musica.co.uk","ways to search"," for","  information"
"musica.co.uk","able to search"," for","  news  issued"
"musica.co.uk","(size and type"," for","  instance  )"
"musica.co.uk","image"," for","  use  in your"
"musica.co.uk","conditions"," for","  use  , please"
"voicetraining.co.uk","business"," for","  operators"
"handicap-international.org.uk",". (available"," for","  trade  , loc, &c"
"handicap-international.org.uk",". (available"," for","  trade  , loc, &c"
"handicap-international.org.uk",". (available"," for","  trade  , loc,"
"handicap-international.org.uk","; last year,"," for","  example  , I"
"handicap-international.org.uk",". (available"," for","  trade  , loc, &c"
"handicap-international.org.uk",". (available"," for","  trade  , loc, &c"
"handicap-international.org.uk","''s available"," for","  trade  , news,"
"handicap-international.org.uk",". SAE"," for","  details  . Sf"
"natcorp.ox.ac.uk","freetrial"," for","  instructions"
"lib.cam.ac.uk","were punished"," for","  sins"
"lib.cam.ac.uk","in return"," for","  prayers  or"
"lib.cam.ac.uk","a pilgrimage,"," for","  instance  to"
"samoa.co.uk","a service"," for","  children  ,"
"samoa.co.uk","her? massage"," for","  children  ''"
"samoa.co.uk",") which is due"," for","  release  on the"
"crusaders.org.uk","implications"," for","  policy  , are"
"crusaders.org.uk","of Education"," for","  activities"
"crusaders.org.uk","with EMU"," for","  example  ,"
"crusaders.org.uk","education"," for","  teachers  in"
"crusaders.org.uk","EMU. Support"," for","  evaluation  -"
"crusaders.org.uk","","for","  teachers  as a"
"crusaders.org.uk","code"," for","  community"
"crusaders.org.uk","inducement or"," for","  publicity  The"
"crusaders.org.uk","teacher cover"," for",""
"crusaders.org.uk","than training"," for","  teachers  One"
"crusaders.org.uk","be available"," for","  teachers  in"
"crusaders.org.uk","points"," for","  discussion  as"
"crusaders.org.uk","material"," for","  schools  based"
"crusaders.org.uk","a focus"," for","  development"
"crusaders.org.uk","a focus"," for","  community"
"crusaders.org.uk","of funds"," for","  community"
"crusaders.org.uk","","for","  funding  to a"
"crusaders.org.uk","a focus"," for","  community"
"crusaders.org.uk","the criteria"," for","  contact  for"
"crusaders.org.uk","support"," for","  aspects  of"
"crusaders.org.uk","","for","  planning  and"
"crusaders.org.uk","experiences"," for","  pupils"
"crusaders.org.uk","to training"," for","  teachers  EMU"
"crusaders.org.uk","in training"," for","  teachers"
"crusaders.org.uk","materials"," for",""
"crusaders.org.uk","","for","  training  in"
"mouthulcers.co.uk",". And as"," for","  tobacco  , I"
"mouthulcers.co.uk","had a taste"," for","  virtue  . He"
"dawnellmore.co.uk","this service"," for","  clothes  and/"
"dawnellmore.co.uk","on receipt"," for","  security"
"diydoctor.org.uk","Issues page"," for","  details  of new"
"diydoctor.org.uk","- Discount"," for","  Members"
"rdoc.org.uk",". The deadline"," for","  applications"
"rdoc.org.uk","fees are £5163"," for","  home  and EU"
"pearsoned.co.uk",","," for","  example  "" hip"
"pearsoned.co.uk","are searching"," for","  summaries"
"pearsoned.co.uk","the phrase."," For","  example  ,"
"pearsoned.co.uk","will look"," for","  summaries"
"pearsoned.co.uk","engine looks"," for","  summaries"
"pearsoned.co.uk","you intended."," For","  example  , if"
"italian.classic-literature.co.uk","or flowers"," for","  incense"
"italian.classic-literature.co.uk","you need,"," for","  example  in a"
"italian.classic-literature.co.uk",", bay leaves"," for","  faithfulness"
"italian.classic-literature.co.uk","or ginger"," for","  passion  . You"
"italian.classic-literature.co.uk","I often add"," for","  protection  ."
"italian.classic-literature.co.uk","essences have"," for","  iron  , but in"
"italian.classic-literature.co.uk","(see below"," for","  resin  list) As"
"italian.classic-literature.co.uk","final call of,"," for","  example  ,"
"italian.classic-literature.co.uk","in the mix,"," for","  example"
"italian.classic-literature.co.uk","the incense is"," for","  healing  or to"
"been2nene.co.uk","life and limb"," for","  riches  and"
"been2nene.co.uk","demand"," for","  labour  that"
"nhsplus.nhs.uk","NHS dentists"," for","  services  that"
"nhsplus.nhs.uk","with your PCT"," for","  reinvestment"
"nhsplus.nhs.uk","? Checklist"," for","  patients  Will"
"swisscottagemarlow.co.uk","effects"," for","  purchase  . Not"
"swisscottagemarlow.co.uk","at his shirt"," for","  god  ''s sake!"
"peta.org.uk","not been there"," for","  years  when I"
"peta.org.uk","frames"," for","  specs  . The"
"cre.gov.uk","a cheque"," for","  £1,000  to"
"cre.gov.uk","book award"," for","  fiction"
"assemblage.group.shef.ac.uk","basis"," for","  comparison  ."
"assemblage.group.shef.ac.uk","possible."," For","  example  , if"
"assemblage.group.shef.ac.uk","record. Ask"," for","  someone  who"
"thecornerhouse.org.uk","Computing"," for","  Everyone  ."
"thecornerhouse.org.uk","Computing"," for","  Everyone  : An"
"thecornerhouse.org.uk","opportunity"," for",""
"thecornerhouse.org.uk","arrangements"," for","  visits  ,"
"thecornerhouse.org.uk","Hill suitable"," for","  non-smoker  ."
"biotopics.co.uk","selected"," for","  killings  were"
"biotopics.co.uk","be quite toxic"," for","  children  ."
"biotopics.co.uk","selected"," for","  killing  was"
"biotopics.co.uk","birth, such as"," for","  instance  ,"
"biotopics.co.uk","responsible"," for","  payments"
"ewradio.co.uk","an action plan"," for","  improvement"
"ewradio.co.uk","be available"," for","  consultation"
"law.cam.ac.uk","insured"," for","  damage  only"
"publicservice.co.uk","b) No, its done"," for","  cost  saving"
"cheers-wine-merchants.co.uk","accessories"," for","  PowerBooks  ,"
"planetveggie.co.uk","Thank you"," for","  voting  . If"
"cedr.co.uk","funds"," for","  traffic"
"cedr.co.uk","Press"," for","  purposes"
"cedr.co.uk","now be given"," for","  works  to"
"robertbuchanan.mysite.wanadoo-members.co.uk","abattoir."," For","  details  of our"
"robertbuchanan.mysite.wanadoo-members.co.uk","per person"," for","  meat  off the"
"robertbuchanan.mysite.wanadoo-members.co.uk","on appetite."," For","  meat  on the"
"robertbuchanan.mysite.wanadoo-members.co.uk",": a pudding"," for","  instance  , and"
"robertbuchanan.mysite.wanadoo-members.co.uk","MEAT IS PACKED"," For","  details  of"
"contours.co.uk",". Uniting"," for","  peace  Two"
"pgeconomics.co.uk","too political"," for","  work  . ... read"
"studenthealth.co.uk","experience"," for","  everyone  . But"
"studenthealth.co.uk","services"," for","  victims  of"
"studenthealth.co.uk","be searching"," for","  ways  to help"
"library.nhs.uk","a new claim"," for","  jobseeker  ''s"
"library.nhs.uk","interview"," for","  prisoners  who"
"library.nhs.uk","further work."," For","  example  ,"
"library.nhs.uk","? A new deal"," for","  welfare  :"
"huddersfield1.co.uk","seminars"," for","  government"
"huddersfield1.co.uk",". Economics"," for","  policy  making"
"huddersfield1.co.uk","- designed"," for",""
"huddersfield1.co.uk","- designed"," for","  Specialists"
"huddersfield1.co.uk","- designed"," for","  staff  with"
"huddersfield1.co.uk","methods"," for","  policy"
"huddersfield1.co.uk","- designed"," for","  people  on the"
"chichesterjazzclub.co.uk","","for","  peer  review/"
"chichesterjazzclub.co.uk","support"," for","  fees  , travel"
"chichesterjazzclub.co.uk","."," For","  participants"
"ggr-associates.co.uk","allowance"," for","  dependency"
"ggr-associates.co.uk","UK for 3 years"," for","  purposes"
"ggr-associates.co.uk","little room"," for","  income"
"ggr-associates.co.uk","on occasion;"," for","  student"
"ggr-associates.co.uk","no provision"," for",""
"ggr-associates.co.uk","extra funding"," for","  travel  ."
"ggr-associates.co.uk","later career."," For","  example  ,"
"ggr-associates.co.uk","University"," for","  advice  on the"
"ggr-associates.co.uk","short-listed"," for","  interview  ."
"ggr-associates.co.uk","process"," for","  interview"
"ggr-associates.co.uk","short list you"," for","  interview  ,"
"ggr-associates.co.uk","inviting you"," for","  interview"
"ggr-associates.co.uk","before coming"," for","  interview  , so"
"monju.pwp.blueyonder.co.uk","boot disks."," For","  example  , you"
"wolftrust.org.uk","need to attend"," for","  out-patient"
"henrytudor.co.uk","mission is due"," for","  launch  in 2006"
"henrytudor.co.uk","mission is due"," for","  launch  in"
"iofilm.co.uk","responsible"," for","  attacks  on"
"iofilm.co.uk","responsible"," for","  hundreds  of"
"iofilm.co.uk","area endemic"," for","  rabies  all"
"iofilm.co.uk",". First aid"," for","  snakebite  is"
"iofilm.co.uk","to the doctor"," for",""
"iofilm.co.uk",". First aid"," for","  scorpion"
"martininstitute.ox.ac.uk","this problem"," for","  donkey  ''s"
"martininstitute.ox.ac.uk","I ''ve wanted it"," for","  aeons  . When"
"martininstitute.ox.ac.uk","He ''s too close"," for","  comfort  . I"
"martininstitute.ox.ac.uk","One small step"," for","  man  ; one giant"
"martininstitute.ox.ac.uk","one giant leap"," for","  mankind  ."
"martininstitute.ox.ac.uk","to look"," for","  indications"
"martininstitute.ox.ac.uk","everywhere."," For","  example  , when"
"martininstitute.ox.ac.uk","of things."," For","  example  : - How"
"tps.org.uk",". Not suitable"," for","  pets  that may"
"tps.org.uk","especially"," for","  bitches  in"
"tps.org.uk",". Medium -"," For","  dogs  similar"
"tps.org.uk",". etc Large -"," For","  dogs  similar"
"pnisha.org.uk","of formats,"," for","  completion  by"
"greenbuildingstore.co.uk","the potential"," for","  technologies"
"greenbuildingstore.co.uk","tool"," for","  use  within the"
"greenbuildingstore.co.uk","mechanism"," for",""
"greenbuildingstore.co.uk","aspect"," for","  email  users"
"greenbuildingstore.co.uk","a useful tool"," for","  users  . The"
"greenbuildingstore.co.uk","."," For","  example  ,"
"greenbuildingstore.co.uk","by searching"," for","  reports  on the"
"greenbuildingstore.co.uk","[ 17 ] [ 18 ]."," For","  speakers  at"
"greenbuildingstore.co.uk","passing,"," for","  example  , a"
"greenbuildingstore.co.uk","capabilities"," for","  purposes  such"
"xibalba.demon.co.uk","carried on"," for","  profit  or not,"
"xibalba.demon.co.uk",", possessing"," for","  sale  and"
"xibalba.demon.co.uk","advertising"," for","  sale  ; (b)"
"xibalba.demon.co.uk","(c) preparing"," for","  sale  or"
"xibalba.demon.co.uk","of sale or"," for","  purposes"
"xibalba.demon.co.uk","stuffs"," for","  animals  ,"
"xibalba.demon.co.uk","distributed"," for","  sale  ; or (iii)"
"xibalba.demon.co.uk","is kept or used"," for","  purposes  of"
"xibalba.demon.co.uk",""" preparation"," for","  sale  """
"xibalba.demon.co.uk","it is exposed"," for","  sale  and the"
"xibalba.demon.co.uk",") to preparing"," for","  sale  shall be"
"xibalba.demon.co.uk","been, exposed"," for","  sale  by each"
"xibalba.demon.co.uk","been, exposed"," for","  sale  by the"
"xibalba.demon.co.uk","been, exposed"," for","  sale  by the"
"xibalba.demon.co.uk","or kept"," for","  sale  , be"
"xibalba.demon.co.uk","to be intended"," for","  sale  for human"
"xibalba.demon.co.uk","to be intended"," for","  sale  , or for"
"xibalba.demon.co.uk","for sale, or"," for",""
"xibalba.demon.co.uk","food"," for","  sale  , for"
"xibalba.demon.co.uk","to be intended"," for","  sale  , or for"
"xibalba.demon.co.uk","for sale, or"," for",""
"xibalba.demon.co.uk","food"," for","  sale  , for"
"commedia.org.uk","leaders,"," for","  example  Moses"
"commedia.org.uk","is a prayer"," for","  disciples  of"
"gleeson0.demon.co.uk","Gallery,"," for","  instance"
"gleeson0.demon.co.uk","websites,"," for","  instance  a"
"codexbooks.co.uk","can be used"," for","  authen-"
"codexbooks.co.uk","this feature"," for","  security  ."
"winspiration.co.uk","standards"," for","  TV  in the UK?"
"winspiration.co.uk","with LCD"," for","  projectors  ?"
"ukspa.org.uk","contexts"," for","  change  is key"
"ukspa.org.uk","","for","  capital"
"ukspa.org.uk","is a clear need"," for","  measures  to"
"ukspa.org.uk","implications"," for","  treament  and"
"ukspa.org.uk","the key areas"," for","  health"
"ukspa.org.uk","our threshold"," for","  willingness"
"ukspa.org.uk","to pay"," for","  health  gain."
"ukspa.org.uk","testing"," for","  patients  with"
"ukspa.org.uk","relevant"," for","  inclusion  in"
"ukspa.org.uk","considered"," for","  surgery  Due to"
"ukspa.org.uk","evidence"," for",""
"ukspa.org.uk","in the work up"," for","  epilepsy"
"ukspa.org.uk","programme"," for","  people  with"
"ukspa.org.uk","available"," for","  use  , but this"
"ukspa.org.uk","services"," for","  carers  for"
"ukspa.org.uk","for carers"," for","  people  with"
"ukspa.org.uk","breaks"," for","  carers  for"
"ukspa.org.uk","for carers"," for","  people  with"
"ukspa.org.uk","cell hybrids"," for","  use  as cancer"
"ukspa.org.uk","indications"," for","  efficacy  are"
"ukspa.org.uk","screening"," for","  lung  cancer:"
"ukspa.org.uk","therapy"," for","  children  with"
"ukspa.org.uk","treatments"," for","  childhood"
"ukspa.org.uk","of treatments"," for","  childhood"
"ukspa.org.uk","implantation"," for","  cartilage"
"ukspa.org.uk","agreement"," for","  detection  of"
"ukspa.org.uk","devices"," for","  patients  with"
"ukspa.org.uk","as a BTT"," for","  people  with"
"ukspa.org.uk","donor hearts"," for",""
"ukspa.org.uk","the evidence"," for","  LVADs  as a LTCS"
"ukspa.org.uk","single pacing"," for","  bradycardia"
"ukspa.org.uk","(CMHNs)"," for","  anxiety  ,"
"ukspa.org.uk","from GPs"," for","  patients  with"
"ukspa.org.uk","treatment"," for","  patients  not"
"ukspa.org.uk","or need"," for","  surgery  . We"
"ukspa.org.uk","no evidence"," for","  repeat  ... Dr"
"ukspa.org.uk","greater than"," for","  pimecrolimus"
"ukspa.org.uk","evidence base"," for","  tacrolimus  in"
"ukspa.org.uk",", as an option"," for","  patients  who"
"ukspa.org.uk","factor"," for","  all-cause  ,"
"selecthr.co.uk","top ten tips"," for","  businesses"
"selecthr.co.uk","programme"," for","  companies  on"
"the-philosopher.co.uk","here"," for","  download  in a"
"hlst.heacademy.ac.uk",","," for","  £10  you could"
"hlst.heacademy.ac.uk","check out here"," for","  details  . I ''d"
"wh-ireland.co.uk","08457 484950."," For","  Bus  enquiries"
"martialedge.co.uk","ideas"," for","  parties  ,"
"martialedge.co.uk","with gifts"," for","  parties  and"
"martialedge.co.uk","uk UK Resource"," for","  anyone"
"martialedge.co.uk","then meets"," for","  coffee  or a"
"martialedge.co.uk","Theme Traders"," for","  props  ,"
"4minutes.co.uk","loci"," for","  study  . In"
"4minutes.co.uk","envisaged"," for",""
"stonyhurst.ac.uk","used"," for","  maps  is beyond"
"stonyhurst.ac.uk","can be used"," for","  measurements"
"stonyhurst.ac.uk","Reichenbach,"," for","  maps  in"
"soup.co.uk","create value"," for","  shareholders"
"royalascot.co.uk","sky blue. And"," for","  business  or"
"royalascot.co.uk","answers"," for","  things  we ''d"
"royalascot.co.uk","to be used"," for","  garments  . She"
"royalascot.co.uk","footprint"," for",""
"royalascot.co.uk","is it prepared"," for",""
"royalascot.co.uk","research"," for","  example  , we"
"royalascot.co.uk","scenarios"," for","  fabrics  and"
"royalascot.co.uk","can be used"," for","  clothing  ,"
"royalascot.co.uk","be sacrificed"," for","  ethics  . If we"
"royalascot.co.uk","EPEA as sound"," for","  health  and"
"royalascot.co.uk","expect them,"," for","  example  , by"
"advaita.org.uk","website"," for","  use  by schools"
"advaita.org.uk","recognition"," for","  achievements"
"advaita.org.uk","and guide"," for","  action  in"
"dpawson.co.uk","and what I had"," for","  breakfast  ."
"masterfind.co.uk","words A place"," for","  everything"
"masterfind.co.uk","''d be no work"," for","  tinkers  If"
"masterfind.co.uk","big ears Live"," for","  today  for"
"masterfind.co.uk","Live for today"," for","  tomorrow"
"tuc.org.uk","Thirsting"," for","  change"
"diabetesdialogue.org.uk","respect"," for","  games  that"
"diabetesdialogue.org.uk","Arts (","for","  example  )"
"diabetesdialogue.org.uk","could truly be"," for","  computer"
"diabetesdialogue.org.uk",", I have ideas"," for","  games  that do"
"childsafety.co.uk","allowed to ask"," for","  policy  advice"
"childsafety.co.uk","it is too easy"," for","  ministers  to"
"childsafety.co.uk","a campaign"," for","  patients  to be"
"childsafety.co.uk","opportunity"," for","  backbenchers"
"childsafety.co.uk","responsible"," for","  training  and"
"childsafety.co.uk","it into Arabic"," for","  broadcast  on"
"dcs.gov.uk","Account"," for","  VAT  on the"
"dcs.gov.uk","Accounting"," for","  VAT  in the"
"dcs.gov.uk","you account"," for","  VAT  on the"
"dcs.gov.uk","registered"," for","  VAT  when you"
"dcs.gov.uk","do not account"," for","  VAT  twice on"
"dcs.gov.uk","accounting"," for","  VAT  because"
"dcs.gov.uk","your sector."," For","  example  , if"
"dcs.gov.uk","the scheme."," For","  help  in"
"dcs.gov.uk",". top ^ Account"," for","  VAT  on the"
"dcs.gov.uk","can account"," for","  VAT  on the"
"dcs.gov.uk","you account"," for","  VAT  you only do"
"derek-hasted.co.uk","the Flex proxy"," for","  web  services"
"fdsystems.co.uk","a wider area,"," for","  example  Bath"
"fdsystems.co.uk","responsible"," for","  things  like:"
"wellerassociates.co.uk","page."," For","  Terms  and"
"wellerassociates.co.uk","A section"," for","  health  and"
"wellerassociates.co.uk","our site, and"," for","  help  with"
"wellerassociates.co.uk","the home page."," For","  example  , You"
"urbanforum.org.uk",", and"," for","  others  , it is"
"urbanforum.org.uk","skills"," for","  care  south"
"urbanforum.org.uk","of skills"," for","  care  © Crown"
"wesparkle.co.uk",", or (","for","  exceptions"
"mikosw.co.uk","to requests"," for","  information"
"mikosw.co.uk","and Customs"," for","  disclosure"
"mikosw.co.uk","aid"," for","  trade  to help"
"mikosw.co.uk","UK as a whole,"," for","  example"
"mikosw.co.uk",": saving"," for","  children  ,"
"mikosw.co.uk","; and saving"," for","  retirement  ,"
"mikosw.co.uk","support"," for","  groups  at"
"mikosw.co.uk","the child tax"," for","  families  , and"
"mikosw.co.uk","credit"," for","  pensioners  ."
"mikosw.co.uk","own targets"," for","  efficiency"
"www2.netdoctor.co.uk","lifetime."," For","  example  , a"
"www2.netdoctor.co.uk","it easier"," for","  customers  to"
"www2.netdoctor.co.uk","''s profile?"," For","  example  if the"
"assemblyrooms.org.uk","a top priority"," for","  workers"
"assemblyrooms.org.uk","not only time"," for","  balance  , but"
"assemblyrooms.org.uk","Plenty of food"," for","  thought  here"
"mailman.greennet.org.uk","recently"," for","  delivery  , by"
"mailman.greennet.org.uk","are"," for","  Fijians  to"
"itgovernance.co.uk","do some thing"," for","  money  but your"
"itgovernance.co.uk","symbols"," for","  proof  marking"
"itgovernance.co.uk","yellow pages"," for",""
"youngresources.co.uk","era"," for","  fame  and"
"cres1.lancs.ac.uk",". I am Sorry..."," For","  everything"
"montrose-society.org.uk","Programme is"," for","  students  with"
"gingerbeer.co.uk","eye"," for","  detail  and"
"admissions.ox.ac.uk","options."," For","  example  , a"
"admissions.ox.ac.uk","capacity"," for","  ambivalence"
"admissions.ox.ac.uk","issues -"," for","  example  ,"
"admissions.ox.ac.uk","in claims"," for","  disability"
"apolloflow.co.uk","activities"," for","  people  with"
"apolloflow.co.uk","on offer"," for","  children  and"
"apolloflow.co.uk","","for","  adults  and"
"apolloflow.co.uk","activities"," for","  people  with a"
"apolloflow.co.uk","Activities"," for","  Users  of"
"apolloflow.co.uk","","for","  People  over"
"croydoncavingclub.org.uk",". Primarily"," for","  surfers  ,"
"socialism.org.uk","listed"," for","  $3,750  )."
"socialism.org.uk","paintings"," for","  inspiration"
"socialism.org.uk","prescription"," for",""
"socialism.org.uk",". Not safe"," for","  work  . Online"
"socialism.org.uk","prominence."," For","  example  , in"
"socialism.org.uk",", and designs"," for","  buildings"
"socialism.org.uk","seeking a cure"," for","  illness  many"
"smj.org.uk","and looking"," for","  romance  ? Make"
"atmedia2005.co.uk","is a place"," for","  tolerance  ,"
"atmedia2005.co.uk","opportunity"," for","  something"
"atmedia2005.co.uk","''s Prayer."," For","  example  : We"
"atmedia2005.co.uk","and a plea"," for","  grace  and"
"atmedia2005.co.uk","to bear,"," for","  example  , on a"
"atmedia2005.co.uk","they prepare"," for","  marriage  and"
"atmedia2005.co.uk","single issue."," For","  example  ,"
"atmedia2005.co.uk",": When praying"," for","  parliament"
"universalenergycentre.co.uk","of dialogue."," For","  example  : ''And"
"universalenergycentre.co.uk","private life"," for","  material  . The"
"universalenergycentre.co.uk","opportunity"," for","  frankness  ,"
"universalenergycentre.co.uk","elegantly"," for","  photographs  ."
"inclusive.co.uk","campaign"," for","  rejection  and"
"ucml.org.uk","this tune"," for","  donkey  ''s"
"ucml.org.uk","retailing"," for","  £50  . That ''s"
"ucml.org.uk","by this album"," for","  weeks  on end."
"ucml.org.uk",". I had e-mails"," for","  people  who had"
"ucml.org.uk","be around"," for","  decades  to"
"ucml.org.uk",". Horses"," for","  courses  , I"
"nhsplus.nhs.uk","search easier"," for","  people  from"
"nhsplus.nhs.uk","day"," for","  everyone"
"nimr.mrc.ac.uk","a perfect tool"," for","  use  with"
"streamcity.co.uk","metaphor"," for","  society  in"
"talyllyn.co.uk","opportunity"," for","  members  of the"
"talyllyn.co.uk","benefit"," for","  farmers  lay in"
"talyllyn.co.uk","in some areas"," for","  numbers  to be"
"talyllyn.co.uk","consequences"," for","  agriculture"
"userfocus.co.uk","With the trend"," for","  car"
"ukdf.org.uk","best friends"," for","  goodness  sake"
"barnardos.org.uk","a "" goldmine """," for","  lots  (and lots"
"barnardos.org.uk","of great ideas"," for","  anyone"
"lewisham.nhs.uk","Airstreams"," for","  hire  . Circus"
"lewisham.nhs.uk","of scenery"," for","  musicals  and"
"lewisham.nhs.uk","builders"," for","  theatre  and"
"lewisham.nhs.uk",". We also have"," for","  hire  black"
"lewisham.nhs.uk","Stunt glass,"," for","  use  in film, TV"
"lewisham.nhs.uk","backdrops"," for","  theme  parties"
"lewisham.nhs.uk","Designer"," for","  film  and"
"lewisham.nhs.uk","70s available"," for","  hire  . Space"
"lewisham.nhs.uk",", murals"," for","  theatre  , tv"
"lewisham.nhs.uk","filmsets"," for","  film  ,"
"lewisham.nhs.uk","available"," for","  painting  ,"
"lewisham.nhs.uk","miniatures"," for","  film  and TV."
"lewisham.nhs.uk","to providing"," for","  hire  , scenery"
"lewisham.nhs.uk","resources"," for","  theatre  , tv"
"lewisham.nhs.uk","props and FX"," for","  feature  film,"
"lewisham.nhs.uk","environments"," for","  events  and"
"lewisham.nhs.uk","set design"," for","  performance"
"caroluk.co.uk","We are looking"," for","  actors  of any"
"caroluk.co.uk","We are looking"," for","  actors  of any"
"caroluk.co.uk","We are looking"," for","  actors  of any"
"caroluk.co.uk","We are looking"," for","  actors  of any"
"caroluk.co.uk","We are looking"," for","  actors  of any"
"caroluk.co.uk","webpage."," For","  information"
"gfwi.org.uk","time"," for","  vaccinations"
"gfwi.org.uk","restrictions"," for","  safety  or"
"gfwi.org.uk",". co. uk"," for","  details  of"
"gfwi.org.uk","can differ"," for","  children  so"
"gfwi.org.uk","less than"," for","  adults  ."
"gfwi.org.uk","abroad"," for","  holidays  and"
"gfwi.org.uk","risky times"," for","  travel  are"
"gfwi.org.uk","pregnancy,"," for","  example  those"
"gfwi.org.uk","problems,"," for","  example  , are"
"staffshousing.org.uk",". There are,"," for","  example  , no"
"staffshousing.org.uk","seems a policy"," for","  wimps  , giving"
"forums.jolt.co.uk","environment"," for","  aircraft  ,"
"forums.jolt.co.uk","","for","  wildlife"
"forums.jolt.co.uk","a habitat"," for","  plants  and"
"forums.jolt.co.uk","biodiversity"," for","  example  .... ."
"forums.jolt.co.uk","value;"," for","  example  on"
"forums.jolt.co.uk","; how design"," for","  landscape  and"
"forums.jolt.co.uk","environment."," For","  example"
"forums.jolt.co.uk","used"," for","  construction"
"forums.jolt.co.uk","lagoons"," for","  water"
"forums.jolt.co.uk","opportunity"," for","  creation  of"
"forums.jolt.co.uk","creation"," for","  screening"
"forums.jolt.co.uk","cover"," for","  slope"
"forums.jolt.co.uk","; earthworks"," for","  storage  of"
"forums.jolt.co.uk",","," for","  example  ,"
"fitz.cam.ac.uk","not flies. As"," for","  people  with"
"fitz.cam.ac.uk","","for","  actions  , and"
"fitz.cam.ac.uk",", must fail. As"," for",""
"fitz.cam.ac.uk","terrorism"," for","  humanity  , on"
"letsgogardening.co.uk","wider impacts"," for","  society  and"
"landforsale-investment.org.uk","from concern"," for","  ethics  and law"
"landforsale-investment.org.uk","more things"," for","  yourselves  ,"
"landforsale-investment.org.uk","Do not store up"," for","  yourselves"
"landforsale-investment.org.uk",". "" But store up"," for","  yourselves"
"taxibus.org.uk","is calling"," for","  justice  after"
"theobamber.co.uk","programmes"," for",""
"theobamber.co.uk","and compared"," for","  comparison  ,"
"theobamber.co.uk","(see Annex 1"," for","  list  of beers)"
"theobamber.co.uk","be expected"," for","  drinking"
"birdinghawaii.co.uk",". I often cater"," for","  family  and"
"birdinghawaii.co.uk","looking"," for","  items  such as"
"weddingguide.co.uk","is free, but"," for","  reservations"
"weddingguide.co.uk","archives"," for","  stories"
"weddingguide.co.uk","politicised"," for","  centuries  ."
"confetti.co.uk","accessories"," for","  casino"
"confetti.co.uk","for all ages,"," for",""
"confetti.co.uk","resource site"," for","  party"
"confetti.co.uk","products"," for","  children  ."
"confetti.co.uk","you! Ideal"," for","  parties  Bar O2"
"confetti.co.uk","BONUS GIFTS"," for","  birthday"
"confetti.co.uk","","For","  hire  30ft"
"confetti.co.uk","in the base"," for","  distribution"
"confetti.co.uk","Party kits"," for","  children  ''s"
"confetti.co.uk","activities"," for","  kids  from 5"
"confetti.co.uk",". Measure"," for","  Measure  - The"
"confetti.co.uk",", and gifts"," for","  children  ''s"
"confetti.co.uk","UK. Partyware"," for","  children  ''s"
"confetti.co.uk","items"," for","  use  in the dark"
"confetti.co.uk","looking"," for","  party"
"confetti.co.uk","and even gifts"," for","  friends  ! All"
"golflinks.co.uk","problem"," for","  post"
"golflinks.co.uk","recommended"," for","  everybody  ("
"golflinks.co.uk","or yogurts"," for","  desserts"
"stopurban4x4s.org.uk","clever sister"," for","  ideas  ...."
"stopurban4x4s.org.uk","alone, 1"," for","  job"
"stopurban4x4s.org.uk","photos of,"," for","  example  :"
"stopurban4x4s.org.uk","Newsier style"," for","  news  List of"
"stopurban4x4s.org.uk","figures"," for","  insite  are"
"stopurban4x4s.org.uk","''re also food"," for","  thought  . The"
"stopurban4x4s.org.uk","networking"," for","  staff  with"
"stopurban4x4s.org.uk","network ''"," for","  individuals"
"stopurban4x4s.org.uk","wanted to do"," for","  ages  and have"
"stopurban4x4s.org.uk","system"," for","  staff  and"
"stopurban4x4s.org.uk","box set up"," for","  feedback  and"
"geog.ox.ac.uk","sources"," for","  historians  of"
"cleanersafergreener.gov.uk","learning..."," For","  example  , I"
"cleanersafergreener.gov.uk",", or"," for","  enquiries"
"cleanersafergreener.gov.uk","terms"," for","  ''reviewing  ''"
"cleanersafergreener.gov.uk","Reviewing is"," for","  everyone  . We"
"cleanersafergreener.gov.uk","Success"," for","  ideas  about"
"youclaim.co.uk","01204 556501"," for","  details  . Mon"
"youclaim.co.uk","Summer School"," For","  children  aged"
"www-tus.csx.cam.ac.uk","and easy to use"," for","  everyone  , no"
"www-tus.csx.cam.ac.uk","guidelines"," for","  websites  . It"
"www-tus.csx.cam.ac.uk","solution"," for","  people  with"
"www-tus.csx.cam.ac.uk","website, due"," for","  launch  in"
"aeroflight.co.uk","but requests"," for","  copies"
"aeroflight.co.uk","as a topic"," for",""
"aeroflight.co.uk","teachers."," for","  example  , was"
"aeroflight.co.uk","teachers,"," for","  example  , were"
"aeroflight.co.uk","thresholds."," For","  example  , it"
"aeroflight.co.uk","is a case,"," for","  example  , for"
"aeroflight.co.uk","also a matter"," for",""
"aeroflight.co.uk","there is a case"," for","  building  on"
"aeroflight.co.uk","responsible"," for","  education  in"
"aeroflight.co.uk","."," For","  example  ,"
"aeroflight.co.uk","","for","  action  . The"
"aeroflight.co.uk","own schools."," For","  ease  of"
"aeroflight.co.uk","system, and,"," for","  example  , made"
"aeroflight.co.uk","the need"," for","  help  on two"
"aeroflight.co.uk",", suggestions"," for","  action  ,"
"littman.co.uk","and is looking"," for","  someone"
"littman.co.uk",". Look"," for","  dates  in the UK"
"littman.co.uk","on to the Web"," for","  everything"
"ownersdirect.co.uk","unnecessary"," for","  P  ), and (b)"
"ownersdirect.co.uk","enthusiasm"," for",""
"omni.ac.uk","","for","  science  and"
"gerty.ncl.ac.uk","is available"," for","  news  or trades"
"gerty.ncl.ac.uk","being held (","for","  members  only)"
"channings.co.uk","be no excuse"," for","  failure  . Good"
"channings.co.uk","and desperate"," for","  Government"
"channings.co.uk","- rather than,"," for","  example  ,"
"whistler.arts.gla.ac.uk","technologies"," for","  drilling  and"
"whistler.arts.gla.ac.uk","our criteria"," for","  ruggedness  or"
"whistler.arts.gla.ac.uk","equipment"," for","  completion"
"whistler.arts.gla.ac.uk","are available"," for","  custom"
"fontoon.co.uk","prepare"," for","  battle  over UN"
"fontoon.co.uk","."," For","  example  the"
"fontoon.co.uk","'' and ''Oil"," for","  Food  '' have"
"fontoon.co.uk","of keeping Oil"," for","  Food  until"
"fontoon.co.uk","of return"," for","  refugees  - for"
"fontoon.co.uk","exiles rally"," for","  regime  change"
"fontoon.co.uk","and the need"," for","  anonymity  ["
"westyorkshire.police.uk","major defence"," for","  centuries  ."
"soup.co.uk","agreement"," for","  periods"
"a3music.co.uk","information"," for","  anyone  who has"
"a3music.co.uk","is a must-have"," for","  managers  , HR"
"archaeology.co.uk","''s liability"," for","  death  or"
"liverpool.freeexchange.co.uk","kept birds"," for","  22years  of"
"liverpool.freeexchange.co.uk","target"," for","  exhibition"
"liverpool.freeexchange.co.uk","I was looking"," for","  quality  of"
"liverpool.freeexchange.co.uk","the birds"," for","  worms  ,"
"woodforde.co.uk","demand"," for","  interpreters"
"woodforde.co.uk","Best Practice"," for","  Translators"
"cwn.org.uk","(not suitable"," for","  leather  ,"
"cwn.org.uk","- perfect too"," for","  use  on areas of"
"cwn.org.uk","and injuries"," for","  life  . This"
"cwn.org.uk","website"," for","  pets  . The"
"cwn.org.uk","4 Joints"," for","  cats  and small"
"cwn.org.uk","Plus tablets"," for","  dog  and cats"
"cwn.org.uk","and suitable"," for","  dogs  , puppies"
"cwn.org.uk","messy cause"," for","  concern  in"
"cwn.org.uk","spray"," for","  house"
"cwn.org.uk","ear drops"," for","  dogs  & cats is a"
"cwn.org.uk","Block stick"," for","  cats  & dogs"
"cwn.org.uk","sun block"," for","  cats  & dogs"
"cwn.org.uk",". Suitable"," for","  dogs  , cats and"
"cwn.org.uk","eye lubricant"," for","  animals  ,"
"cwn.org.uk","drinks cans"," for","  collection"
"cwn.org.uk","is portable"," for","  use  anywhere ("
"cwn.org.uk","wall"," for","  ease  of use at"
"cwn.org.uk",". Perfect too"," for","  kerbside"
"cwn.org.uk","boxes"," for","  tins  and cans"
"paulsmith.co.uk",". Click here"," for","  details  about"
"paulsmith.co.uk","). Click here"," for","  details  about"
"paulsmith.co.uk",". Click here"," for","  details  about"
"paulsmith.co.uk",". Packed"," for","  freshness  and"
"paulsmith.co.uk",". Click here"," for","  details  about"
"localhistory.scit.wlv.ac.uk","20021130 ***"," For","  details  on how"
"ookami.co.uk","on couch"," for","  lu  news. jpg """
"ookami.co.uk","Open"," for","  business  ,"
"ookami.co.uk",""" Infolab21"," for","  lunews  . jpg """
"ookami.co.uk","research"," for","  lu  news. jpg """
"ookami.co.uk","''s Writing"," for","  Performance"
"ookami.co.uk","reputation"," for","  worker"
"schoolshistory.org.uk","is available"," for","  purchase  . It"
"schoolshistory.org.uk","is available"," for","  purchase  . It"
"schoolshistory.org.uk","is available"," for","  purchase  . It"
"schoolshistory.org.uk","is available"," for","  purchase  . It"
"schoolshistory.org.uk","is available"," for","  purchase  . It"
"schoolshistory.org.uk","is available"," for","  purchase  . It"
"schoolshistory.org.uk","is available"," for","  purchase  . It"
"psalmody.co.uk","segments"," for","  events  of"
"psalmody.co.uk","requests"," for","  data  for other"
"psalmody.co.uk","requests"," for","  waveform  data"
"psalmody.co.uk","area"," for","  development  ."
"psalmody.co.uk","area"," for","  improvement  ."
"hulltrains.co.uk","are stuck"," for","  ideas  , ask the"
"hulltrains.co.uk","of the group."," For","  example  , ask"
"hulltrains.co.uk","so far."," For","  example  ,"
"hulltrains.co.uk","relevant"," for","  participants"
"hulltrains.co.uk","is available"," for","  advice  during"
"leyman.demon.co.uk","tickets"," for","  wheelchair"
"leyman.demon.co.uk","loop,"," for","  use  in and"
"leyman.demon.co.uk","not suitable"," for","  use  during"
"buchanie.co.uk","the criteria"," for","  admission  ,"
"buchanie.co.uk","support"," for","  individuals  ."
"comp.glam.ac.uk","looking"," for","  people"
"comp.glam.ac.uk","set aside"," for","  fans  you have"
"comp.glam.ac.uk","a future date."," For","  example  :"
"comp.glam.ac.uk","2, see COA"," for","  address  ."
"comp.glam.ac.uk",", see COA"," for","  address  ."
"comp.glam.ac.uk",". 87107, USA."," For","  trade  or 50c"
"lse.co.uk","formulated"," for","  dogs  --- but"
"lse.co.uk","seven days"," for","  delivery  ."
"lse.co.uk","Ice Cream -"," for","  Dogs  Our dogs"
"lse.co.uk","flavouring"," for","  licorice"
"lse.co.uk","as "" catnip"," for","  dogs  . """
"lse.co.uk","(the "" catnip"," for","  dogs  "") and"
"lse.co.uk","meal"," for","  dogs  . This was"
"assemblyrooms.org.uk","large mouths"," for","  knife  fish and"
"sedayne.co.uk","metabolites"," for","  consumer"
"whatpc.co.uk","sent to us"," for","  processing  ."
"mandarina.co.uk","archive pages"," for","  links  to all of"
"mandarina.co.uk",". Telly"," for","  teachers  By"
"churchinwales.org.uk",", and working"," for","  Occam  just"
"apolloflow.co.uk","buying toys"," for","  clients"
"apolloflow.co.uk","toys"," for","  investment  is"
"learningtogether.co.uk","have been told"," for","  years  that IP"
"learningtogether.co.uk","as big an issue"," for","  end  users as"
"learningtogether.co.uk","look at GSM,"," for","  example  ,"
"learningtogether.co.uk","services"," for","  end  users, """
"learningtogether.co.uk","vendors"," for",""
"ml-consult.co.uk","the ground"," for","  landing  areas"
"ml-consult.co.uk","only possible"," for","  aircraft  to"
"ml-consult.co.uk","available"," for","  flight"
"ml-consult.co.uk","also starting"," for","  home  . By the"
"ml-consult.co.uk","needs"," for","  test  pilots in"
"cssplay.co.uk","the evil, only"," for","  something  in"
"payaway.co.uk","and guidance"," for","  visitors  to"
"payaway.co.uk","is there"," for","  shopping  till"
"payaway.co.uk","views "". But"," for","  nothing  you"
"payaway.co.uk","enough draw"," for","  visitors  ""."
"payaway.co.uk",", begging"," for","  scraps  ."
"payaway.co.uk","is being put up"," for","  sale  by"
"diydoctor.org.uk","who"," for","  years"
"diydoctor.org.uk","well the need"," for","  regime  change"
"diydoctor.org.uk","hydrogen gas"," for","  artillery"
"diydoctor.org.uk","about the need"," for","  oil  and the"
"diydoctor.org.uk","struggle"," for","  freedom  ,"
"diydoctor.org.uk","are striking:"," for","  example  , the"
"music.ed.ac.uk","''Swipe '' cards"," for","  cash  or cheque"
"voice-online.co.uk","standards"," for","  patient  and"
"voice-online.co.uk","a timetable"," for",""
"voice-online.co.uk","","for","  people  who use"
"voice-online.co.uk","standards"," for","  drug  and"
"voice-online.co.uk","and support"," for","  drug  users and"
"voice-online.co.uk","groups"," for","  drug  users is"
"voice-online.co.uk","network"," for","  people  trying"
"voice-online.co.uk","plan respect"," for","  privacy  ,"
"voice-online.co.uk","and care"," for","  drug  misusers"
"voice-online.co.uk",": guidance"," for","  health"
"youngresources.co.uk","systems"," for","  control  ."
"youngresources.co.uk","sessions"," for","  computer"
"youngresources.co.uk","systems"," for","  use  in other"
"youngresources.co.uk","tools"," for","  users  of the"
"philobiblon.co.uk","finds an end"," for","  authors  and"
"philobiblon.co.uk","Canada"," for","  wartime"
"scope.nottingham.ac.uk","habitat (","for","  example  ,"
"scope.nottingham.ac.uk",". The MOU calls"," for","  cooperation"
"freenetpages.co.uk","executed"," for","  mutiny"
"freenetpages.co.uk","the trial"," for","  mutiny  of one"
"freenetpages.co.uk","with care."," For","  example  , Pte."
"freenetpages.co.uk","and a search"," for","  recreation"
"freenetpages.co.uk","solidarity."," For","  example  , none"
"freenetpages.co.uk","correct."," For","  example  ,"
"freenetpages.co.uk","cease. As"," for","  material"
"freenetpages.co.uk","claims"," for","  compensation"
"freenetpages.co.uk","to believe."," For","  example  ,"
"freenetpages.co.uk","been in France"," for","  twenty-two"
"freenetpages.co.uk","","for","  offences"
"freenetpages.co.uk","authorities."," For","  example  , in"
"vacant.org.uk","£7.5 million"," for","  science  and"
"vacant.org.uk","greater voice"," for","  students  in"
"vacant.org.uk","total of £724M"," for","  teaching  and"
"vacant.org.uk","£528M"," for","  teaching  ,"
"vacant.org.uk",", £180M"," for","  research  , and"
"vacant.org.uk","are eligible"," for","  funding  in"
"darkstar1.co.uk","d aussie trip"," for","  sept  . Got a bit"
"thurrock.gov.uk","important way"," for","  students  to"
"thurrock.gov.uk","important"," for","  law  firms to"
"thurrock.gov.uk","interviews"," for","  work"
"thurrock.gov.uk","programmes"," for","  students  with"
"waysidecommunity.org.uk","suitable"," for","  collection"
"waysidecommunity.org.uk","[ 5 ] schema"," for","  service"
"waysidecommunity.org.uk","Is there a role"," for","  ebXML  ("
"waysidecommunity.org.uk","model"," for","  service"
"beeinvited.co.uk","- courses"," for","  managers  and"
"beeinvited.co.uk","flexibility"," for","  managers  and"
"beeinvited.co.uk","variable need"," for","  space  . Maybe"
"beeinvited.co.uk","a consensus"," for","  innovation"
"persephonebooks.co.uk","entertained"," for","  years  to come!"
"nasuwt.org.uk",". Department"," for","  Work  and"
"nasuwt.org.uk",". He calls"," for","  improvements"
"nasuwt.org.uk","and"," for","  colleges  to"
"nasuwt.org.uk","penalties"," for","  colleges"
"nasuwt.org.uk","of agenda"," for","  change  and we"
"nasuwt.org.uk","the need"," for","  companies  to"
"nasuwt.org.uk",". Appearing"," for","  trial  on"
"nasuwt.org.uk","children"," for","  employment"
"nasuwt.org.uk","and the need"," for","  change  in the"
"nasuwt.org.uk","information"," for","  anyone  who has"
"practicalpc.co.uk",". A cosy catbed"," for","  cats  who like a"
"practicalpc.co.uk","it soothing"," for","  kittens  ,"
"practicalpc.co.uk","ideal den bed"," for","  cats  and small"
"practicalpc.co.uk","been designed"," for","  cats  of most"
"practicalpc.co.uk","popular bed"," for","  cats  is the"
"practicalpc.co.uk","as a cozy den"," for","  cats  to burrow"
"practicalpc.co.uk","as a cozy den"," for","  cats  to burrow"
"practicalpc.co.uk","with fleece"," for","  warmth  on one"
"practicalpc.co.uk","also perfect"," for","  animals  in"
"practicalpc.co.uk","thermal bed"," for","  cats  and dogs,"
"practicalpc.co.uk","surfaces"," for","  space"
"practicalpc.co.uk","and is ideal"," for","  use  in the home"
"practicalpc.co.uk","(not suitable"," for","  leather  ,"
"practicalpc.co.uk","- perfect too"," for","  use  on areas of"
"practicalpc.co.uk",". Not suitable"," for","  pets  that may"
"practicalpc.co.uk",". Not suitable"," for","  pets  that may"
"practicalpc.co.uk","pad designed"," for","  use  in"
"practicalpc.co.uk","and kennels or"," for","  use  in your"
"practicalpc.co.uk",". Not suitable"," for","  pets  who are"
"practicalpc.co.uk","instructions"," for","  use  supplied."
"ukjournalism.co.uk","the outcomes"," for","  patients"
"bowness.demon.co.uk","and packaging"," for","  orders  over"
"biotopics.co.uk","regularly"," for","  discussion  ,"
"davidcheethamgardens.co.uk","search"," for","  news  from this"
"davidcheethamgardens.co.uk","gear up"," for","  success  in"
"davidcheethamgardens.co.uk","gangs: call"," for","  bids  for"
"davidcheethamgardens.co.uk","27 June 2006,"," for",""
"davidcheethamgardens.co.uk","clothing"," for","  children  with"
"davidcheethamgardens.co.uk","17 June 2006,"," for","  renewal  or"
"davidcheethamgardens.co.uk","home to horses"," for","  hundreds  of"
"pocketgps.co.uk",". "" Looking"," for","  food  are you. ."
"pocketgps.co.uk","place to beg"," for","  money  and how"
"pocketgps.co.uk","together"," for","  warmth  . "" We"
"pocketgps.co.uk","swound,"," For","  days  and days"
"pocketgps.co.uk","his eyes"," for","  clues  , saw"
"pocketgps.co.uk","on the look out"," for","  mid-season"
"pocketgps.co.uk",". I think"," for","  fear  of"
"pocketgps.co.uk","clubs looking"," for","  talent  . I"
"pocketgps.co.uk","respect"," for","  someone  who"
"pocketgps.co.uk","busy jostling"," for","  seats  and"
"pocketgps.co.uk","refreshments"," for","  anyone  ."
"ewradio.co.uk","Part (PDF) -"," for","  cellists  to"
"ewradio.co.uk","Part (PDF) -"," for","  pianists  to"
"ewradio.co.uk","original form"," for","  string"
"ewradio.co.uk","pieces"," for","  piano"
"ewradio.co.uk","of other works"," for","  violin  and"
"ewradio.co.uk","piano music"," for","  children  : The"
"ewradio.co.uk","his affinity"," for","  children  and"
"ewradio.co.uk",", not just"," for","  cost  reasons"
"ewradio.co.uk","catalogue"," for","  recorder"
"ewradio.co.uk","versions"," for","  download  :"
"ewradio.co.uk","an ideal gift"," for","  anyone"
"london-culture.co.uk","and keep them"," for","  life  ? The"
"london-culture.co.uk","world."," For","  example  , we"
"london-culture.co.uk","magazines -"," for","  example  ,"
"london-culture.co.uk","magazines"," for","  people  who"
"london-culture.co.uk","0845-458 9485"," for","  details  . ) And"
"london-culture.co.uk","this web site"," for","  details  . The"
"furthermore.org.uk","order"," for","  ease  of use."
"furthermore.org.uk","not designed"," for","  use  by"
"furthermore.org.uk","in the UK"," for","  malaria"
"furthermore.org.uk","recommended"," for","  use  in those"
"furthermore.org.uk","It is licensed"," for","  stays  of up to"
"furthermore.org.uk","but can be used"," for","  stays  of up to"
"longwalls.ncl.ac.uk","not suitable"," for","  children  ."
"bcentral.co.uk","on, shallow m"," For","  earthquakes"
"robertbuchanan.mysite.wanadoo-members.co.uk","to look"," for","  rights  of way"
"portfolio.mvm.ed.ac.uk","I would like,"," for","  example  , to"
"portfolio.mvm.ed.ac.uk","-editor,"," for","  purposes  of"
"portfolio.mvm.ed.ac.uk","","for","  errors  in all"
"candlemaking.org.uk","sleeping bags"," for","  instance  . If"
"candlemaking.org.uk","a stranger"," for","  change  , but if"
"fdean.gov.uk","of nylon,"," for","  example  when"
"library.nhs.uk","concerns (","for","  example  acid"
"library.nhs.uk","carried out"," for","  planning  and"
"library.nhs.uk","primary tool"," for",""
"library.nhs.uk","looking at"," for","  aviation  and"
"galensgarden.co.uk","A concert film"," for","  people  who do"
"spitfiresociety.demon.co.uk","is a must have"," for","  on-the-go"
"haileybury.herts.sch.uk","distance, so"," for","  example  craft"
"haileybury.herts.sch.uk","not two (i. e."," for","  home  and work)"
"haileybury.herts.sch.uk","enhanced role"," for","  market  towns"
"haileybury.herts.sch.uk","as being good"," for","  wealth"
"haileybury.herts.sch.uk","of applying"," for","  funding  . And"
"haileybury.herts.sch.uk","reading"," for","  anyone"
"fastcart.co.uk","offer"," for","  owners  of"
"fastcart.co.uk","instruments"," for","  music"
"ouabc.co.uk","them"," for","  war  sooner"
"ouabc.co.uk","a major source"," for","  weapons  for"
"ouabc.co.uk","excuse"," for","  laziness  ."
"bodystressrelease.co.uk","there, just"," for",""
"bures-online.co.uk","however,"," for","  patients  with"
"bures-online.co.uk","of fighting"," for","  resources"
"bures-online.co.uk","The challenge"," for",""
"coastdigital.co.uk",") ejournal"," for","  research  on"
"coastdigital.co.uk","and calls"," for","  papers  ; and"
"silverprint.co.uk","beauty that"," for","  night  is norm,"
"silverprint.co.uk","they mistook"," for","  stupidity  . So"
"higherstate.co.uk","support"," for","  extremist"
"higherstate.co.uk","","for","  families"
"ownersdirect.co.uk","areas."," For","  example  : 1)"
"swaine.me.uk","the database"," for","  ''publication"
"swaine.me.uk","trainers"," for","  example  ) - but"
"gleeson0.demon.co.uk","","for","  weddings  ,"
"warpoetry.co.uk","","for","  calm  and"
"warpoetry.co.uk","Cycling"," For","  cycling"
"warpoetry.co.uk","excursions"," for","  mountain"
"warpoetry.co.uk","are available"," for","  hire  from"
"warpoetry.co.uk","is fishing"," for","  salmon  and sea"
"warpoetry.co.uk","and boats,"," for","  example  ,"
"warpoetry.co.uk","to location."," For","  river  fishing"
"warpoetry.co.uk",", contacts"," for","  licenses  and"
"warpoetry.co.uk","is not so easy."," For","  details  ,"
"warpoetry.co.uk","of Munros."," For","  information"
"warpoetry.co.uk","and Loch Earn."," For","  sailing  try"
"warpoetry.co.uk","Middle Orchy."," For","  kayak  and"
"warpoetry.co.uk","are available"," for","  hire  and sale."
"warpoetry.co.uk","are welcome."," For","  details  see"
"raworths.co.uk",") Dr F. Maybe."," For","  instance"
"raworths.co.uk","in the fridge"," for","  discretion"
"theseguys.co.uk","may be local;"," for","  others  they"
"theseguys.co.uk","habitats"," for","  bats  , on"
"theseguys.co.uk","measures"," for","  species  which"
"westyorkshire.police.uk","not available"," for","  day  hire."
"homepages.gold.ac.uk",", when,"," for","  example  ,"
"homepages.gold.ac.uk","evidence"," for","  quantum"
"homepages.gold.ac.uk","significant"," for","  quantum"
"homepages.gold.ac.uk",", ` ` Tests"," for",""
"homepages.gold.ac.uk","'' ''."," For","  example  ,"
"homepages.gold.ac.uk","dimensions"," for","  space  and time"
"homepages.gold.ac.uk","human beings."," For","  reasons  I"
"homepages.gold.ac.uk","","for",""
"homepages.gold.ac.uk","as well as"," for","  application"
"homepages.gold.ac.uk","0206070."," For","  years  there"
"homepages.gold.ac.uk",", as,"," for","  example  ,"
"homepages.gold.ac.uk","formalism"," for","  quantum"
"homepages.gold.ac.uk","point is that"," for","  correlations"
"homepages.gold.ac.uk","they allow"," for","  differences"
"homepages.gold.ac.uk","theory."," For","  example  , one"
"homepages.gold.ac.uk",", as,"," for","  example  , they"
"homepages.gold.ac.uk",". To argue"," for","  decoherence  ,"
"homepages.gold.ac.uk","state,"," for","  example  , is"
"homepages.gold.ac.uk","preferences"," for","  acts  implies"
"homepages.gold.ac.uk","the analysis;"," for","  example  ,"
"homepages.gold.ac.uk",". However,"," for","  reaons  which I"
"homepages.gold.ac.uk","actual world."," For","  example  , he"
"homepages.gold.ac.uk","states '' ''"," for","  quantum"
"homepages.gold.ac.uk","disturbance;"," for","  example  , by"
"homepages.gold.ac.uk","states"," for","  neurons  '' '' is"
"homepages.gold.ac.uk","appropriate"," for","  textbooks  on"
"homepages.gold.ac.uk","simple state (","for","  example  , the"
"homepages.gold.ac.uk","proposals"," for","  variants  of a"
"re-skill.org.uk",", live"," for","  today  , hope"
"re-skill.org.uk","today, hope"," for","  tomorrow  . "" -"
"ziggyart.co.uk","destination"," for","  migrants  in"
"hiddenhurt.co.uk",""" 30 June 2006 -"," For","  dad  ''s who want"
"hiddenhurt.co.uk","It is suitable"," for","  children  15"
"uclan.ac.uk","that is"," for","  everyone  - RUH"
"uclan.ac.uk","website"," for","  information"
"uclan.ac.uk",", or to browse"," for","  books  on a"
"uclan.ac.uk","Library staff"," for","  help  if the"
"uclan.ac.uk","Local charges"," for","  printing  may"
"uclan.ac.uk","Library staff"," for","  confirmation"
"uclan.ac.uk","out searches"," for","  journal"
"uclan.ac.uk",". Paying"," for","  photocopies"
"uclan.ac.uk","loans."," For","  books  and"
"uclan.ac.uk","(USERID)"," for","  use  on the"
"sle.sharp.co.uk","tree to use"," for","  protection"
"ukcorporator.co.uk",". Click here"," for","  awards  made"
"ukcorporator.co.uk","the 2005 call"," for","  proposals  ."
"ukcorporator.co.uk",". The deadline"," for","  receipt  of"
"ukcorporator.co.uk","November 2005"," for","  workshops"
"ukcorporator.co.uk","action plan"," for",""
"blueboxcomms.co.uk","company I work"," for","  support"
"blueboxcomms.co.uk","Who can I ask"," for","  advice  if I am"
"blueboxcomms.co.uk","Where can I go"," for","  advice  on"
"blueboxcomms.co.uk","offer grants"," for","  conservation"
"blueboxcomms.co.uk","is a not"," for","  profit"
"blueboxcomms.co.uk","needs arise,"," for","  example  to"
"blueboxcomms.co.uk","company I work"," for","  support"
"blueboxcomms.co.uk","your income"," for","  tax  purposes"
"blueboxcomms.co.uk","of History."," For","  details  of"
"blueboxcomms.co.uk","10 % discount"," for","  groups  of 11 or"
"blueboxcomms.co.uk","Free entry"," for","  children"
"blueboxcomms.co.uk","Activities"," for","  Members  . A"
"blueboxcomms.co.uk",". To apply"," for","  membership  by"
"blueboxcomms.co.uk","Who can I ask"," for","  advice  if I am"
"blueboxcomms.co.uk","of issues."," For","  advice  or"
"blueboxcomms.co.uk","of funding"," for","  rescue"
"blueboxcomms.co.uk","give grants"," for","  repairs  to"
"blueboxcomms.co.uk","grant schemes"," for","  repairs  to"
"blueboxcomms.co.uk",". Where can I go"," for","  advice  on"
"blueboxcomms.co.uk","of issues."," For","  advice  or"
"blueboxcomms.co.uk","offer grants"," for","  conservation"
"blueboxcomms.co.uk","who owns them."," For","  advice  on"
"blueboxcomms.co.uk",". However,"," for","  details  of"
"blueboxcomms.co.uk","or courses?"," For","  details  of"
"blueboxcomms.co.uk","recommend"," for","  listing  . To"
"blueboxcomms.co.uk","to buy?"," For","  details  of"
"blueboxcomms.co.uk","this matter."," For","  assistance"
"northill.demon.co.uk","become a nurse"," for","  people  with"
"northill.demon.co.uk","million boost"," for","  business  in"
"northill.demon.co.uk","baby carrier"," for","  aircraft"
"northill.demon.co.uk","be looking"," for","  clues  on"
"northill.demon.co.uk","weekender"," for","  kids  The Nobel"
"northill.demon.co.uk","resolution"," for","  school"
"northill.demon.co.uk","look"," for","  childhood"
"northill.demon.co.uk","vaccine"," for","  newborns"
"northill.demon.co.uk","netting cash"," for","  charity  at the"
"psalmody.co.uk","implications"," for","  humans  and to"
"psalmody.co.uk","as a forum"," for",""
"psalmody.co.uk","permission"," for","  use  of her work"
"ipaqrepair.co.uk","the door"," for","  nightclubs  ."
"wellerassociates.co.uk","The council 3"," for","  Information"
"wellerassociates.co.uk","Information"," for","  colleges  and"
"wellerassociates.co.uk","(this page) 5"," for","  Reports  and"
"omayenin.com.mysite.wanadoo-members.co.uk","results"," for","  newspaper"
"omayenin.com.mysite.wanadoo-members.co.uk","to the subject"," for","  weeks  on end,"
"omayenin.com.mysite.wanadoo-members.co.uk","her the worse"," for","  drink  '', while"
"taylorbells.co.uk","people in,"," for","  example  ,"
"stewardsschool.co.uk","can be used"," for","  use  with"
"burn-it.freeserve.co.uk","into an enemy"," for","  life  (sadly, I"
"burn-it.freeserve.co.uk","won''t settle"," for","  anything  less"
"londonpackaging.co.uk","in the market"," for","  rail  related"
"platform-end.co.uk",": Especially"," for","  students  -"
"ml-consult.co.uk","to Peter Hollo"," for","  information"
"ml-consult.co.uk","good source"," for","  out-of-print"
"ml-consult.co.uk",") A bookshop"," for","  lovers  of"
"cheniesmanorhouse.co.uk","suitable"," for","  cats  and dogs."
"stmarylebow.co.uk","pressure"," for","  government  to"
"stmarylebow.co.uk","a draft Bill"," for","  consultation"
"stmarylebow.co.uk","Agriculture"," for","  access  to its"
"stmarylebow.co.uk","interest,"," for","  example  , if"
"pushchairs.co.uk","information,"," for","  example  it may"
"pushchairs.co.uk","information,"," for","  example  all"
"pushchairs.co.uk","out of drugs."," For","  information"
"bolton.ac.uk","Itinerary"," for","  birders  on a"
"ability.org.uk","convenience"," for","  programmers"
"ability.org.uk","preparation"," for","  transfer  to"
"richmondreview.co.uk","to find papers"," for","  publication  ."
"richmondreview.co.uk","important"," for","  research  as"
"libertas.demon.co.uk","a reputation"," for","  arrogance  by"
"fvi.org.uk","advance; look"," for","  solutions"
"fvi.org.uk","agreements"," for",""
"insideoutpr.co.uk","","for","  policy  to"
"insideoutpr.co.uk","miles per week"," for","  rail"
"insideoutpr.co.uk","had more time"," for","  community"
"insideoutpr.co.uk","responsible"," for","  £36k  per annum"
"new-agri.co.uk","and birth)."," For","  teachers  ,"
"exclusive-fountains.co.uk","propitious"," for","  meditation  ."
"smmgp.org.uk","time to study"," for","  semester"
"smmgp.org.uk","lasted"," for","  years  . '' He"
"smmgp.org.uk","primarily"," for","  courtship  and"
"smmgp.org.uk","proxies"," for","  personality"
"brucesfingers.co.uk","complex. As"," for","  permanence  ,"
"brucesfingers.co.uk","application"," for",""
"vue.org.uk","Open { device }"," for","  use  as a"
"vue.org.uk","using them"," for","  recovery  . -r {"
"vue.org.uk","file { vimrc }"," for",""
"vue.org.uk","subject."," For","  example  : "":"
"vue.org.uk","in this way,"," for","  example  "":"
"vue.org.uk","","for","  gvim  . /usr/"
"penrhosprivatedaynursery.co.uk","very helpful"," for","  libraries"
"robertbuchanan.mysite.wanadoo-members.co.uk",", the desire"," for","  meaning  , and"
"caroluk.co.uk","all eligible"," for","  support  under"
"caroluk.co.uk",". Training"," for",""
"mojolondon.co.uk","- and a route"," for",""
"mojolondon.co.uk","capacities"," for","  change"
"mojolondon.co.uk","through,"," for","  example  , the"
"antiquity.ac.uk","(edited"," for","  length  ):"
"antiquity.ac.uk","presentation"," for","  use  by the"
"antiquity.ac.uk","a platform"," for",""
"antiquity.ac.uk",") be available"," for","  use  as a"
"people.ex.ac.uk","do not charge"," for","  orders  until"
"raf.mod.uk","adjusting"," for","  age  and sex,"
"ggr-associates.co.uk","his campaign"," for","  peace  with the"
"ggr-associates.co.uk","and"," for","  measures  that"
"shocknet.org.uk","math designed"," for","  fun  saved in"
"battleoffulford.org.uk",". Selling"," for","  £41  , the North"
"ascl.org.uk","by which,"," for","  example  ,"
"ascl.org.uk","that risk,"," for","  example  by"
"ascl.org.uk",","," for","  example  . Note"
"ascl.org.uk","must-read bok"," for","  anyone  active"
"busybeebasics.co.uk","of issue. So"," for","  example  a euro"
"pet.cam.ac.uk","conditions -"," for","  example  to"
"johnvenn.co.uk","systems"," for","  buildings-"
"twgraduates.co.uk","- an overview"," for","  government"
"2175atc.co.uk","that is needed"," for",""
"2175atc.co.uk","methods"," for","  policy"
"englishmonarchs.co.uk","programme"," for","  pre-school"
"englishmonarchs.co.uk","use anything"," for","  inspiration  ."
"torro.org.uk","in inversions"," for","  epicentres  ,"
"torro.org.uk","parameters"," for","  events  that"
"torro.org.uk",". To buy CDs"," for","  libraries  ,"
"torro.org.uk","fixed scales"," for","  symbol  size"
"torro.org.uk","be extended,"," for","  example  , to"
"poetrymagic.co.uk","themes,"," for","  example  , the"
"poetrymagic.co.uk","this service"," for","  visitors  to"
"ownersdirect.co.uk","search"," for","  news  from this"
"ownersdirect.co.uk","convictions"," for","  possession  of"
"ownersdirect.co.uk","gangs: Call"," for","  bids  for"
"ownersdirect.co.uk","A PROBLEM"," FOR","  SOCIETY  """
"ppsoftnet.co.uk","needs."," For","  students  - ask"
"higherstate.co.uk","- Time"," for","  quality  to"
"higherstate.co.uk","''s still hope"," for","  newspapers"
"higherstate.co.uk","- Time"," for","  quality  to"
"rifi.soton.ac.uk","available"," for","  distribution"
"rifi.soton.ac.uk","also refer to"," for",""
"rifi.soton.ac.uk","guideline"," for","  symposia"
"rifi.soton.ac.uk","requirements"," for","  recognition"
"rifi.soton.ac.uk","separately"," for",""
"rifi.soton.ac.uk","","for","  slides  . I am"
"rifi.soton.ac.uk","; where,"," for","  example  ,"
"musictech.org.uk","Pauly pauses"," for","  breath  http:/"
"musictech.org.uk","Something"," for","  everyone  http"
"musictech.org.uk","tournament"," for","  world"
"musictech.org.uk","the final day"," for","  players  to"
"xibalba.demon.co.uk","form is only"," for","  emergency  use"
"hlst.heacademy.ac.uk","at this issue."," For","  example  : In"
"virgintrains.co.uk","and as a basis"," for","  education  for"
"teamtechnology.co.uk","requests"," for","  freelance"
"teamtechnology.co.uk","paintings"," for","  poster"
"youclaim.co.uk","working was"," for","  humans  , dogs"
"youclaim.co.uk","was taken in"," for","  rehoming  . She"
"blog.natbat.co.uk","War Coalition"," For","  information"
"birminghamfocus.org.uk","too young"," for","  books  . We ''ve"
"birminghamfocus.org.uk","are great"," for","  use  at home and"
"the-stationery-office.co.uk","treatment"," for","  dysphonia  ? A"
"the-stationery-office.co.uk","treatment"," for","  dysphonia  ? A"
"the-stationery-office.co.uk","voice therapy"," for","  dysphonia  ."
"soup.co.uk","the new target"," for","  cuts  in carbon"
"soup.co.uk","needed"," for","  success  at"
"soup.co.uk","still not fit"," for","  purpose  -"
"birds-eye-view.co.uk","really bad day"," for","  ages  . Months."
"bioss.sari.ac.uk","with excuses"," for","  bases  and"
"lateralscience.co.uk","about because"," for","  years  camper"
"new.overseas-trade.co.uk","important way"," for","  people  to take"
"new.overseas-trade.co.uk","of life"," for","  people  who are"
"new.overseas-trade.co.uk","available"," for","  families  of"
"antibes.co.uk","was bred"," for","  hunting  ,"
"antibes.co.uk","used the canal"," for","  work  or"
"antibes.co.uk","refreshment"," for","  visitors  to"
"antibes.co.uk","has been sold"," for",""
"sherlock-holmes.classic-literature.co.uk","their support"," for","  action  to"
"masterfind.co.uk","is essential"," for","  subsistence"
"masterfind.co.uk","represent (","for","  example  more"
"ardue.org.uk","a reputation"," for","  virtue  than"
"weddings.co.uk","or be liable"," for","  damage  of any"
"weddings.co.uk","''s vessel or"," for","  loss  of or"
"weddings.co.uk","tanker owner"," for","  negligence  by"
"weddings.co.uk","casualty. As"," for","  question  (2),"
"barbecue-online.co.uk","thrown open"," for","  questions  ."
"barbecue-online.co.uk",""" ''I am calling"," for","  volunteers  !"
"rostau.org.uk","to then apply"," for","  run-through"
"rostau.org.uk","the sessions"," for","  research  , a"
"sfx.co.uk","set an agenda"," for","  change  . PRT is"
"sfx.co.uk","to: press"," for","  parity  in"
"sfx.co.uk","services"," for","  people  in"
"sfx.co.uk","catalyst"," for","  action  by the"
"sle.sharp.co.uk","is essential."," For","  cyclists  the"
"sle.sharp.co.uk","of the area"," for","  walkwers  and"
"recyclezone.org.uk","area -"," for","  example  ,"
"recyclezone.org.uk","care"," for","  clients  who"
"recyclezone.org.uk","skills"," for","  activities  of"
"recyclezone.org.uk","a preference"," for","  admission  to"
"recyclezone.org.uk","timed,"," for","  example  ,"
"recyclezone.org.uk","an assessment"," for","  eligibility  ."
"recyclezone.org.uk","assessments"," for","  eligibility  ."
"recyclezone.org.uk","also possible"," for","  clients  to be"
"recyclezone.org.uk","to be assessed"," for","  community"
"recyclezone.org.uk","timescales"," for","  response"
"recyclezone.org.uk","are eligible"," for","  community"
"recyclezone.org.uk","","for","  DATs  and"
"recyclezone.org.uk","individual"," for","  departure  and"
"recyclezone.org.uk","contract (","for","  example  ,"
"recyclezone.org.uk","standards"," for","  alcohol  and"
"recyclezone.org.uk","standards"," for","  drug  and"
"motorbike-search-engine.co.uk",", available"," for","  hire"
"motorbike-search-engine.co.uk","Energy Kits"," for","  schools  on"
"fiso.co.uk","Services"," for","  charities  ,"
"homerefinanceloanintexas.westminstereaz.org.uk","PM run a mile"," for","  charity  , meet"
"homerefinanceloanintexas.westminstereaz.org.uk","on spending"," for","  children  ''s"
"primarycarecontracting.nhs.uk",") Click above"," for","  example  All"
"primarycarecontracting.nhs.uk","): Click"," for","  details  We"
"primarycarecontracting.nhs.uk","available"," for","  multi-links  ."
"whisperingspirits.co.uk","noted,"," for","  students  ."
"whisperingspirits.co.uk",", with 17 pages"," for","  documents  ,"
"whisperingspirits.co.uk","all the basis"," for","  hatred  of the"
"whisperingspirits.co.uk","candidate"," for","  inclusion  in"
"whisperingspirits.co.uk","scramble"," for","  compensation"
"whisperingspirits.co.uk","compensation"," for","  survivors  and"
"whisperingspirits.co.uk","a model"," for","  comparison  ,"
"whisperingspirits.co.uk",", and a demand"," for","  explication  ,"
"whisperingspirits.co.uk","introduction"," for","  students  or"
"whisperingspirits.co.uk","fertile field"," for","  specialists"
"cityoflondon.gov.uk","further."," For","  example  Gt."
"cityoflondon.gov.uk",", where P is"," for","  pump  . Also"
"cmtr.co.uk","find time off"," for","  training"
"cmtr.co.uk","hours,"," for","  example  ,"
"cmtr.co.uk","a rota"," for","  cover  has been"
"cmtr.co.uk","are paid only"," for","  hours  worked,"
"turningtools.co.uk","great buys"," for","  PC  notebook"
"thekeyboard.org.uk","Regulations"," for","  access  to"
"thekeyboard.org.uk","requirements"," for","  meetings  to be"
"thekeyboard.org.uk","proposals"," for","  access  to"
"thekeyboard.org.uk","88 calling"," for","  amendments  to"
"sscs.bham.ac.uk","), available"," for","  protection"
"sscs.bham.ac.uk","responsible"," for","  deaths"
"sscs.bham.ac.uk","responsible"," for","  thousands  of"
"schoolshistory.org.uk","it is safe"," for","  him/  her to do"
"schoolshistory.org.uk","programs"," for","  phases  1, 2 and"
"schoolshistory.org.uk","VO2 max test"," for","  endurance"
"schoolshistory.org.uk","VO2 max test"," for","  endurance"
"leyman.demon.co.uk","and the BBC?"," for","  information"
"leyman.demon.co.uk","The Guardian,"," for","  example  ,"
"durhamcathedral.co.uk","than it has"," for","  centuries  ''"
"durhamcathedral.co.uk","and not"," for","  baptism  or"
"punkoiuk.co.uk","services"," for","  research"
"punkoiuk.co.uk","major concern"," for","  authors  , and"
"punkoiuk.co.uk","statistics"," for","  publications"
"intersites.co.uk","first to run"," for","  cover  ), the"
"wwwolf.co.uk","not available"," for","  day  hire."
"thisislondon.co.uk","been a request"," for","  discovery"
"thisislondon.co.uk","fresh request"," for","  discovery"
"thisislondon.co.uk","fresh request"," for","  discovery  was"
"thisislondon.co.uk",": Request"," for","  disclosure"
"duncancumming.co.uk","as a model"," for","  projects  in"
"duncancumming.co.uk","community and"," for","  People  in"
"countywedding.co.uk","fly-fishing"," for","  pike  , I can put"
"countywedding.co.uk","zip, ideal"," for","  car  keys or a"
"chart.ac.uk","on the meeting"," for","  supporters  of"
"mabels-tables.co.uk","tooling on"," for","  months  , but on"
"mabels-tables.co.uk","to the band."," For","  instance  ,"
"palimpsest.org.uk","between 14.7 %"," for","  cannabis  to"
"palimpsest.org.uk","to 42.7 %"," for","  cocaine  ("
"palimpsest.org.uk","treatment"," for","  patients  with"
"palimpsest.org.uk","the two groups"," for","  ''lost  to"
"palimpsest.org.uk","evidence"," for",""
"palimpsest.org.uk","should be made"," for","  patients  with"
"palimpsest.org.uk","contract"," for","  patients  to"
"palimpsest.org.uk","to detention"," for","  treatment"
"palimpsest.org.uk","the need"," for","  support  and"
"palimpsest.org.uk","2001a)."," For","  staff  working"
"inmac.co.uk","-- by ''like ''"," for","  example  . 2."
"liverinfo.org.uk","be searched"," for","  value  ."
"lse.co.uk","(SWH20)"," For","  information"
"lse.co.uk","strategy"," for","  action  has"
"lse.co.uk","available"," for",""
"lse.co.uk","more inviting"," for","  water  based"
"ncca.bournemouth.ac.uk",". org. uk."," For","  information"
"ncca.bournemouth.ac.uk",", available"," for","  hire"
"ncca.bournemouth.ac.uk","Energy Kits"," for","  schools  on"
"sedayne.co.uk","to pumping you"," for","  information"
"orange.co.uk","use only, not"," for","  use  at airport"
"orange.co.uk","oxygen tanks"," for","  pax  who need"
"orange.co.uk",". gov search"," for","  oxygen  . First"
"education.leeds.ac.uk","of hotels"," for","  access  by"
"education.leeds.ac.uk","the network"," for","  Internet"
"education.leeds.ac.uk","the Internet"," for","  browsing  -"
"women.timesonline.co.uk","0131 476 8182"," for","  price"
"women.timesonline.co.uk",": the series"," for","  paralegals"
"hysteria-lives.co.uk","effects"," for","  patients  tau,"
"hysteria-lives.co.uk","model"," for","  kidney"
"hysteria-lives.co.uk","are also shown"," for","  comparison  ."
"varietyclub.org.uk","Hill climbing"," for","  beginners"
"varietyclub.org.uk","been this way"," for","  years  ,"
"varietyclub.org.uk","need was there"," for","  fear  , Despite"
"varietyclub.org.uk","to an outfit"," for","  transport  ,"
"varietyclub.org.uk","their request"," for","  info  . When"
"backroadstouring.co.uk","an affinity"," for","  church"
"soundbeam.co.uk",". Heart pump"," for","  groin"
"soundbeam.co.uk",""""," for","  clouds  and"
"soundbeam.co.uk","in return"," for","  conservation"
"ltu.mmu.ac.uk","resistance"," for","  emergency"
"ltu.mmu.ac.uk","teams"," for","  deployment"
"ltu.mmu.ac.uk","more funds"," for","  information"
"ltu.mmu.ac.uk","computers"," for","  use  in a botnet"
"ltu.mmu.ac.uk","use in a botnet"," for","  identity"
"ltu.mmu.ac.uk","deadline"," for",""
"ltu.mmu.ac.uk","outside firms"," for","  help  . http:/"
"ltu.mmu.ac.uk","?"," for",""
"ltu.mmu.ac.uk","algorithms"," for","  iris"
"ltu.mmu.ac.uk","Web sites (","for","  mortgage"
"ltu.mmu.ac.uk","be held liable"," for","  security  ."
"ltu.mmu.ac.uk","world"," for","  years  . http:/"
"ltu.mmu.ac.uk","their demands"," for","  exclusivity  ."
"ltu.mmu.ac.uk","a work-around"," for",""
"ltu.mmu.ac.uk","and referrals"," for","  sources  of"
"ltu.mmu.ac.uk",""" downloads"," for","  $24.95  a month"
"ltu.mmu.ac.uk","refunds"," for","  customers  who"
"squashsite.co.uk","available"," for","  classroom  or"
"ri.ac.uk","of trustees"," for","  people"
"ri.ac.uk","We are looking"," for","  help  with"
"cistercian-way.newport.ac.uk","compiled"," for","  people  who are"
"platform-end.co.uk",". He searched"," for","  months  and did"
"platform-end.co.uk","up looking"," for","  forgiveness"
"platform-end.co.uk","gives the sun"," for","  light  by day"
"platform-end.co.uk","moon and stars"," for","  light  by night"
"skiclub.co.uk","A martial art"," for","  cowards  ? Not"
"skiclub.co.uk","questions."," For","  example  , one"
"skiclub.co.uk","to the punch,"," for","  example  by"
"skiclub.co.uk","and stories."," For","  example  , he"
"skiclub.co.uk","way. """," For","  information"
"skiclub.co.uk",". com."," For","  details  of the"
"its.ex.ac.uk",", and Cycling"," for","  men  , women and"
"bcis.org.uk",". 2 Take"," for","  example  the"
"bcis.org.uk","Metaphors"," for",""
"bcis.org.uk","and projects,"," for","  example  , he"
"bcis.org.uk","emerge?"," For","  example  , say"
"periodproperty.co.uk","and readings"," for","  children  ."
"periodproperty.co.uk","user friendly"," for","  children  of"
"periodproperty.co.uk","from parents"," for","  teaching  and"
"periodproperty.co.uk","and worship"," for","  children  in"
"ncvo-vol.org.uk","Thank you"," for","  voting  . If"
"safeguardbarriers.co.uk","of 7.7 years"," for","  death  and"
"safeguardbarriers.co.uk",". Adjusted"," for","  age  , renters"
"safeguardbarriers.co.uk",") in women, and"," for","  all-cause"
"safeguardbarriers.co.uk","figures"," for","  deaths  were 51"
"lonympics.co.uk",". Click link"," for","  discount  . www"
"lonympics.co.uk","goodies"," for","  download  ,"
"lonympics.co.uk","Society,"," for","  individuals"
"connells.co.uk","output stages"," for","  clipping  and"
"connells.co.uk","and output"," for","  use  with"
"connells.co.uk","to cater"," for","  input  and"
"irdp.co.uk","check back"," for","  availability"
"troubleatwork.org.uk","as the basis"," for","  comparison"
"troubleatwork.org.uk","problematic"," for","  community"
"troubleatwork.org.uk","consequences"," for","  council"
"troubleatwork.org.uk","","for",""
"troubleatwork.org.uk","potential"," for","  community"
"troubleatwork.org.uk","good"," for","  community"
"troubleatwork.org.uk","publicity"," for","  councils  , and"
"troubleatwork.org.uk","is crucial"," for","  community"
"troubleatwork.org.uk","little reason"," for","  funding  work"
"troubleatwork.org.uk","and support"," for","  community"
"troubleatwork.org.uk","the community"," for","  councils"
"troubleatwork.org.uk","potential"," for","  community"
"troubleatwork.org.uk","seem sensible"," for","  community"
"troubleatwork.org.uk","agencies"," for","  community"
"troubleatwork.org.uk","","for","  funding  need"
"troubleatwork.org.uk","support"," for","  community"
"troubleatwork.org.uk","policy"," for","  community"
"troubleatwork.org.uk","a forum"," for","  community"
"troubleatwork.org.uk","proposals"," for","  action  to"
"troubleatwork.org.uk","of elections"," for","  chairmen  in"
"troubleatwork.org.uk","laid down"," for",""
"troubleatwork.org.uk","","for","  councils  ''"
"raintree-health.co.uk","Fight"," for","  class"
"businessbureau-uk.co.uk","GreekBloke,"," for","  years  , and"
"businessbureau-uk.co.uk","I haven''t been"," for","  years  at how"
"businessbureau-uk.co.uk","my desire"," for",""
"canadapost.co.uk","men like you"," for","  volunteers  !"
"canadapost.co.uk","for? "" """," For","  diamonds  , sir"
"canadapost.co.uk","almost word"," for","  word  what he"
"canadapost.co.uk","a wagon to go in"," for","  trade  ; but I"
"star-www.st-and.ac.uk","We have spares"," for","  powerbook"
"star-www.st-and.ac.uk","email our team"," for","  details  . We"
"members.lycos.co.uk","surgical care"," for","  injury  or >"
"members.lycos.co.uk","of penalties"," for","  failure  to"
"members.lycos.co.uk","be selected"," for","  induction  >"
"members.lycos.co.uk","(6) Standards"," for","  compensation"
"members.lycos.co.uk","and benefits"," for","  persons  >"
"members.lycos.co.uk","may use"," for","  purposes  of"
"members.lycos.co.uk","procedures"," for","  registration"
"members.lycos.co.uk","may volunteer"," for","  induction  at a"
"members.lycos.co.uk","called"," for","  induction  . > >"
"members.lycos.co.uk","standards"," for","  fitness  for"
"members.lycos.co.uk","be inducted"," for","  military  >"
"members.lycos.co.uk","concerned"," for","  training  and"
"windmill.co.uk","hours. 4 Look"," for","  mites  in their"
"windmill.co.uk","houses"," for","  birds"
"windmill.co.uk","a dose of 1drop"," for","  canaries  2"
"windmill.co.uk","with water."," For","  parasite"
"windmill.co.uk","2 Specific"," for",""
"windmill.co.uk","the potential"," for","  development"
"darkstar1.co.uk","Trust"," for",""
"alnwick-fair.co.uk","points"," for","  visitors  to"
"alnwick-fair.co.uk","in return"," for","  bread  and"
"alnwick-fair.co.uk","asked"," for","  water  , he"
"alnwick-fair.co.uk","and Hebrew"," for","  ''I  see God '' and"
"alnwick-fair.co.uk","prescribed"," for","  eye  trouble"
"partnershiptravel.co.uk","such as pewter"," for","  casting  . It"
"partnershiptravel.co.uk","group"," For","  children  BBC"
"partnershiptravel.co.uk","are available"," for","  displays  ,"
"partnershiptravel.co.uk","- contact us"," for","  details  If you"
"bseinquiry.gov.uk","UK, at least"," for","  consumer"
"bioinf.org.uk","is the brand"," for","  products  from"
"portakabin.co.uk",". Great trips"," for","  supporters"
"workingintheuk.gov.uk","have to wait"," for","  people  to"
"ridley.cam.ac.uk","in protection"," for","  school"
"vacant.org.uk","transcripts"," for","  patterns  . We"
"vacant.org.uk","Landscape."," For","  example  , a"
"vacant.org.uk","universal."," For","  instance  , in"
"vacant.org.uk","prepositions"," for","  instance  . The"
"vacant.org.uk","and Marian Way"," for","  feedback  and"
"swisscottagemarlow.co.uk","followed-up"," for","  incident  IHD"
"liverpoolmuseums.org.uk","audits (","for","  example"
"liverpoolmuseums.org.uk","and tools"," for",""
"liverpoolmuseums.org.uk","the new duties"," for","  providers  of"
"liverpoolmuseums.org.uk","M, the duties"," for","  design  teams"
"liverpoolmuseums.org.uk","audit"," for","  feedback  and"
"liverpoolmuseums.org.uk","A new service"," for","  access"
"liverpoolmuseums.org.uk","and planning"," for","  alterations"
"liverpoolmuseums.org.uk","is designed"," for","  people  who"
"liverpoolmuseums.org.uk","solutions"," for","  access  for"
"liverpoolmuseums.org.uk","is designed"," for","  people"
"liverpoolmuseums.org.uk","guidance"," for","  designers"
"liverpoolmuseums.org.uk","grounding"," for","  people  who may"
"liverpoolmuseums.org.uk","specifically"," for","  property"
"liverpoolmuseums.org.uk","is ideal"," for","  frontline"
"liverpoolmuseums.org.uk","tailored"," for","  architects  ."
"liverpoolmuseums.org.uk","issues,"," for","  example  the"
"liverpoolmuseums.org.uk","environments"," for","  everyone  to"
"liverpoolmuseums.org.uk","Designed"," for","  architecture"
"liverpoolmuseums.org.uk","and, in turn,"," for","  users  and"
"liverpoolmuseums.org.uk","research"," for","  disability"
"liverpoolmuseums.org.uk","of equipment"," for","  people  with"
"walltowall.co.uk","to utilise it"," for","  settings  to"
"walltowall.co.uk",""" "" Was I? Oh,"," for","  shame  , West!"
"walltowall.co.uk","is no room"," for","  buts  , my lad, """
"walltowall.co.uk","a false game"," for","  months--that"
"walltowall.co.uk","! "" "" Thank you"," for","  nothing  , """
"walltowall.co.uk","high treason"," for","  anyone  to be"
"historyhouse.co.uk","no one knew,"," for","  years  and"
"historyhouse.co.uk","BluesNet."," For","  fans  of the"
"historyhouse.co.uk","Park. Just"," for","  fun  . The big"
"greywall.demon.co.uk","available"," for","  immunisation"
"greywall.demon.co.uk","been treated"," for","  typhoid"
"greywall.demon.co.uk","have the fever"," for","  weeks  or"
"greywall.demon.co.uk","vaccine"," for","  adults  and"
"greywall.demon.co.uk","use and"," for","  travel"
"greywall.demon.co.uk","A blood test"," for","  antibodies"
"greywall.demon.co.uk","are in date"," for","  polio"
"greywall.demon.co.uk","(Dukoral)"," for","  immunisation"
"greywall.demon.co.uk","cholera"," for","  people"
"greywall.demon.co.uk","in the UK"," for","  travellers"
"greywall.demon.co.uk","is required"," for","  pilgrims  and"
"greywall.demon.co.uk","now available"," for","  travellers  to"
"greywall.demon.co.uk","every 10 years"," for","  travellers"
"greywall.demon.co.uk","or months"," for","  symptoms  to"
"greywall.demon.co.uk","especially"," for","  bites  to the"
"greywall.demon.co.uk","recommended"," for","  long-stay"
"greywall.demon.co.uk","airborne"," for","  hours  ."
"greywall.demon.co.uk","available"," for","  decades  but"
"greywall.demon.co.uk","to do so and if"," for","  travel"
"greywall.demon.co.uk","."," For","  people  who are"
"greywall.demon.co.uk","urine sample"," for","  analysis  to"
"greywall.demon.co.uk","hazard"," for","  campers  or"
"greywall.demon.co.uk","be required"," for","  persons  with"
"greywall.demon.co.uk","are infected"," for","  life  ), and"
"greywall.demon.co.uk",". Measures"," for","  prevention  of"
"asab.icapb.ed.ac.uk","and the GSD."," For","  example  , the"
"asab.icapb.ed.ac.uk","the reasons"," for","  women  leaving"
"armedforces.co.uk","show support"," for","  regulation  of"
"armedforces.co.uk","single source"," for","  everyone  to"
"armedforces.co.uk","show support"," for","  regulation  ."
"armedforces.co.uk","by insurance"," for","  aromatherapy"
"armedforces.co.uk","Regulation is"," for","  protection  of"
"armedforces.co.uk","difficult"," for","  people  to"
"armedforces.co.uk","your support"," for","  regulation  ."
"armedforces.co.uk","structure"," for","  aromatherapy"
"armedforces.co.uk","body"," for","  Aromatherapy"
"nasuwt.org.uk","fortunate,"," for","  example  , in"
"nasuwt.org.uk","and Sweden,"," for","  example  , the"
"nasuwt.org.uk","partners."," For","  women  , the key"
"nasuwt.org.uk","the desire"," for","  chastity"
"nasuwt.org.uk","to enable,"," for","  example  ,"
"nasuwt.org.uk","to casual sex,"," for","  example  ,"
"nasuwt.org.uk","new technique"," for","  personality"
"nasuwt.org.uk","permission"," for","  use  of his work"
"bplans.co.uk","prescription"," for","  antibiotics  ,"
"micromaterials.co.uk","! Full support"," for",""
"micromaterials.co.uk","useful"," for","  users  which"
"micromaterials.co.uk","to aid his bid"," for","  freedom  ."
"micromaterials.co.uk","soccer game"," for","  handheld"
"micromaterials.co.uk","available"," for","  purchase"
"psy.gla.ac.uk","bill"," for","  consultation"
"derek.henderson.btinternet.co.uk","Stephen Jones"," for","  reviews  . Koji"
"practicalpc.co.uk","responsible"," for","  sub-par"
"practicalpc.co.uk","you use"," for","  fonts  or other"
"userfocus.co.uk","a pamphlet"," for","  trade"
"userfocus.co.uk","send a cheque"," for","  £2  made out to"
"blackheathrugby.co.uk","","for",""
"blackheathrugby.co.uk","deadline"," for","  submission  of"
"blackheathrugby.co.uk","following,"," for","  action  and"
"blackheathrugby.co.uk","Deadline"," for","  recipients  of"
"blackheathrugby.co.uk","to the Faculty"," for","  changes  to"
"blackheathrugby.co.uk","Process"," For","  changes  to"
"blackheathrugby.co.uk","Approval"," For","  changes  to"
"mud.co.uk","had had)."," For","  mediation  to"
"mud.co.uk","forces"," for","  mediation  has"
"mud.co.uk","groundwork"," for",""
"mud.co.uk","disputants."," For","  example  , the"
"mud.co.uk","lines."," For","  example  , both"
"mud.co.uk",", education"," for","  change  occurs"
"mud.co.uk","techniques."," For","  example  , in an"
"mud.co.uk","manageable"," for","  people  caught"
"mud.co.uk","resources"," for","  conflict"
"ramagazine.org.uk","lusting"," for","  power  . When"
"ramagazine.org.uk","us with beer"," for","  tobacco  . A 24"
"ramagazine.org.uk","soap or water"," for","  weeks  , yet the"
"ramagazine.org.uk","1917. Crimed"," for","  conduct"
"ramagazine.org.uk","we know that"," for","  part  of this he"
"ramagazine.org.uk","General Area"," for","  Misc  Topics"
"ayrshirehistory.org.uk","bioscience"," for","  society"
"kavkaz.org.uk","). The outlook"," for","  community"
"kavkaz.org.uk","to schools,"," for","  example  , DENI"
"kavkaz.org.uk","priorities"," for","  action  for the"
"kavkaz.org.uk","curriculum"," for","  youth  work"
"kavkaz.org.uk","and"," for","  others  (DENI"
"kavkaz.org.uk","work"," for","  children  and"
"fanderson.org.uk","a haven"," for","  Londoners  ."
"fanderson.org.uk","to the Goddess"," for","  fertility  ."
"rousette.org.uk","the occasion"," for","  distraction"
"rousette.org.uk","easy erasure,"," for","  example  in"
"rousette.org.uk","the reeds"," for","  writing  and"
"rousette.org.uk","it offers"," for","  erasure  ,"
"rousette.org.uk","constant need"," for","  re-inking  is"
"rousette.org.uk","opportunity"," for","  distraction"
"rousette.org.uk","opportunity"," for",""
"rousette.org.uk","that the pause"," for","  re-inking"
"rousette.org.uk","opportunity"," for","  distraction  ,"
"rousette.org.uk","th. ? HOME [ 1 ]"," For","  examples  see"
"rousette.org.uk",". [ 3 ]"," For","  examples  see"
"rousette.org.uk",", 1991)146"," for","  plate  of reed"
"rousette.org.uk","to write. [ 9 ]"," For","  use  by scribes"
"rousette.org.uk","''the pens used"," for","  writing  ''; cf."
"rousette.org.uk","of Hunt ]"," for","  lakhsh  over"
"rousette.org.uk",", 1933)98-100"," for","  discussion  ."
"rousette.org.uk","IV,. pp. 46-48"," for","  notes  on these"
"rousette.org.uk","40 on pp. 264f"," for","  discussion  of"
"tripadvisor.co.uk","off the grid"," for","  electricity"
"tripadvisor.co.uk",". Shoes"," for","  fingers  . Via"
"tripadvisor.co.uk",". Names blamed"," for","  biodiversity"
"tripadvisor.co.uk","made calling"," for","  defense  of the"
"tripadvisor.co.uk","to be a recipe"," for","  disaster  . The"
"tripadvisor.co.uk","users visited"," for","  years  after it"
"tripadvisor.co.uk","gallery"," for","  children  '' (of"
"shopping.excite.co.uk","farm names"," for",""
"shopping.excite.co.uk","were baths"," for","  ladies  and for"
"shopping.excite.co.uk","indigent and"," for","  swimming  ,"
"shopping.excite.co.uk","probably used"," for","  immersion"
"shopping.excite.co.uk","royal licence"," for","  conduits"
"shopping.excite.co.uk","later used"," for","  watercress  . ("
"cherryred.co.uk","Phrack. CALL"," FOR","  PAPERS  * CALL"
"cherryred.co.uk","PAPERS * CALL"," FOR","  PAPERS  * CALL"
"cherryred.co.uk","PAPERS * CALL"," FOR","  PAPERS"
"vue.org.uk",". Some wait"," for","  life  to make"
"vue.org.uk","God in bondage"," for","  hundreds  of"
"vue.org.uk","flesh and died"," for","  sinners  . We"
"maths.sussex.ac.uk","available"," for","  pilot  and"
"maths.sussex.ac.uk","felt more fit"," for","  purpose  as an"
"cedr.co.uk","together here"," for","  centuries  ."
"cedr.co.uk","as well."," For","  example  the"
"bexley.gov.uk","Footpaths are"," for","  walkers  only."
"bexley.gov.uk","","for","  cycling"
"les.man.ac.uk","are March 1"," for","  Fall  semester"
"thecornerhouse.org.uk","benchmarked"," for","  comparison"
"thecornerhouse.org.uk","as the basis"," for","  links  to"
"thecornerhouse.org.uk","West Lothian."," For","  contact"
"uncaged.co.uk","little jobs"," for","  farmers  in"
"uncaged.co.uk","going to run it"," for","  cash  . He set up"
"victorianartinbritain.co.uk","on the need"," for","  children  to"
"victorianartinbritain.co.uk","the support"," for","  integration"
"victorianartinbritain.co.uk","no salaries"," for","  teachers  ."
"victorianartinbritain.co.uk","matters."," For","  money  they had"
"victorianartinbritain.co.uk","unnecessary."," For","  example  , it is"
"readers.penguin.co.uk",". As"," for","  finance  ,"
"readers.penguin.co.uk","be eligible"," for","  grants  from a"
"readers.penguin.co.uk","is provision"," for","  compensation"
"readers.penguin.co.uk","to sites"," for","  excavation"
"readers.penguin.co.uk","candidates"," for","  inclusion  . '' 2"
"readers.penguin.co.uk","","for","  repair  and"
"markboulton.co.uk","particularly"," for","  people  on low"
"bllearning.co.uk","directing"," for","  TV  with 2"
"bllearning.co.uk","at direting"," for","  film  or TV. His"
"bspd.co.uk","strategies"," for","  girls  . An"
"bspd.co.uk",","," for","  example  , is"
"bspd.co.uk","'' activities -"," for","  example  , a"
"tertiary.consoleroom.btinternet.co.uk","who apply"," for","  asylum  in the"
"tertiary.consoleroom.btinternet.co.uk","Centre """," for",""
"tertiary.consoleroom.btinternet.co.uk","authority"," for","  care  and"
"tertiary.consoleroom.btinternet.co.uk","of referral"," for","  asylum"
"tertiary.consoleroom.btinternet.co.uk",". Day 6: Target"," for","  decisions  in"
"tertiary.consoleroom.btinternet.co.uk","Day 10: Target"," for","  decisions  in"
"tertiary.consoleroom.btinternet.co.uk","interviews"," for","  caseworkers  ;"
"tertiary.consoleroom.btinternet.co.uk",","," for","  example  ,"
"tertiary.consoleroom.btinternet.co.uk","interviews"," for","  asylum"
"tertiary.consoleroom.btinternet.co.uk","document and"," for","  family"
"tertiary.consoleroom.btinternet.co.uk","a need"," for","  protection  in"
"www-micro.msb.le.ac.uk","of behaviour."," For","  example  ,"
"www-micro.msb.le.ac.uk","strategies"," for","  access  to"
"www-micro.msb.le.ac.uk","set of skills."," For","  example  at"
"www-micro.msb.le.ac.uk","another name"," for","  learning  ) is"
"www-micro.msb.le.ac.uk","."," For","  example  , we"
"www-micro.msb.le.ac.uk","world too!"," For","  example  , one"
"www-micro.msb.le.ac.uk",". And asks"," for","  attributes  of"
"www-micro.msb.le.ac.uk","asks"," for","  location  ("
"www-micro.msb.le.ac.uk","from? 8 Asks"," for","  source  of"
"www-micro.msb.le.ac.uk","clip? 10 Asks"," for","  attributes  of"
"www-micro.msb.le.ac.uk","? 16 Asking"," for","  attributes  of"
"www-micro.msb.le.ac.uk","it time to look"," for","  something  new"
"www-micro.msb.le.ac.uk","it elsewhere."," For","  example  , it is"
"www-micro.msb.le.ac.uk","symptoms. """," For","  example  , one"
"www-micro.msb.le.ac.uk","."," For","  information"
"hitched.co.uk","Small discs"," for","  camcorders"
"hitched.co.uk","of the discs"," for","  gadgets  like"
"mimas.ac.uk","mode"," for","  power  switch"
"mimas.ac.uk","personal, but"," for","  £49.99  it ''s a"
"imaginativeicing.demon.co.uk","of their trip;"," For","  example  , a"
"imaginativeicing.demon.co.uk","the need"," for","  immunisation"
"imaginativeicing.demon.co.uk","is necessary"," for","  travel"
"imaginativeicing.demon.co.uk","required"," for","  travel  to the"
"imaginativeicing.demon.co.uk","requirements"," for","  travellers  ."
"imaginativeicing.demon.co.uk","only required"," for","  parts  of"
"imaginativeicing.demon.co.uk","are required"," for","  entry  into"
"imaginativeicing.demon.co.uk","allows time"," for","  antibodies  to"
"imaginativeicing.demon.co.uk",") the need"," for","  vaccination"
"imaginativeicing.demon.co.uk","when the need"," for","  vaccination"
"imaginativeicing.demon.co.uk","is required"," for","  entry  , should"
"imaginativeicing.demon.co.uk","is mandatory"," for","  entry  into"
"imaginativeicing.demon.co.uk","immediately."," For","  children"
"imaginativeicing.demon.co.uk",". Not suitable"," for","  children"
"imaginativeicing.demon.co.uk",". Vaqta Paed."," For","  children  2 to"
"imaginativeicing.demon.co.uk","recommended"," for","  travel  ,"
"imaginativeicing.demon.co.uk","recommended"," for","  travellers  to"
"imaginativeicing.demon.co.uk","vaccine"," for","  adults  and"
"imaginativeicing.demon.co.uk","use and"," for","  travel"
"imaginativeicing.demon.co.uk","act as vectors"," for","  transmission"
"imaginativeicing.demon.co.uk","be available"," for","  outbreak"
"imaginativeicing.demon.co.uk","be advised"," for","  travel  to"
"imaginativeicing.demon.co.uk","suitable"," for","  persons  over"
"imaginativeicing.demon.co.uk","recommended"," for","  travellers  to"
"imaginativeicing.demon.co.uk","five years"," for","  adults  and"
"imaginativeicing.demon.co.uk","vaccines used"," for","  pre  and post"
"imaginativeicing.demon.co.uk","is different."," For","  pre-exposure"
"imaginativeicing.demon.co.uk","recommended"," for","  stays  of"
"imaginativeicing.demon.co.uk","recommended"," for","  travellers  to"
"imaginativeicing.demon.co.uk","recommended"," for","  use  by the"
"imaginativeicing.demon.co.uk","in the UK"," for","  immunisation"
"imaginativeicing.demon.co.uk","cholera"," for","  people"
"imaginativeicing.demon.co.uk","in the UK"," for","  travellers"
"imaginativeicing.demon.co.uk","of 2 doses"," for","  adults  and"
"imaginativeicing.demon.co.uk","after 2 years"," for","  adults  and"
"imaginativeicing.demon.co.uk","after 6 months"," for","  children  aged"
"nbs.ntu.ac.uk","programme"," for","  people  with"
"nbs.ntu.ac.uk","programme"," for","  people  with"
"arts.ac.uk","Opera House"," for","  lunch  and,"
"adeptscience.co.uk","in writing"," for","  durham21  ,"
"adeptscience.co.uk","articles,"," for","  example  ."
"bbcgovernors.co.uk","provided"," for","  pupils  up to"
"bbcgovernors.co.uk","and indeed"," for","  schools  where"
"bbcgovernors.co.uk","of support"," for",""
"bbcgovernors.co.uk","of guidelines"," for","  work  in this"
"bbcgovernors.co.uk","began to argue"," for","  changes  to the"
"bbcgovernors.co.uk","system to opt"," for","  change  at"
"bbcgovernors.co.uk","education,"," for","  parents  who"
"bbcgovernors.co.uk","could apply"," for","  government"
"bbcgovernors.co.uk",", so that"," for","  instance"
"bbcgovernors.co.uk","is varied,"," for","  example  ,"
"bbcgovernors.co.uk","motivation"," for",""
"bbcgovernors.co.uk","incentives"," for","  change  ,"
"bbcgovernors.co.uk","some sectors."," For","  example  the"
"bbcgovernors.co.uk","negotiated"," for","  premises  , as"
"bbcgovernors.co.uk","required"," for","  premises  , as"
"bbcgovernors.co.uk","to house,"," for","  example  ,"
"bbcgovernors.co.uk","the Mould ''."," For","  example  the"
"bbcgovernors.co.uk","specifically"," for","  teachers  in"
"bbcgovernors.co.uk","'', one"," for","  principals"
"bbcgovernors.co.uk","and the other"," for","  teachers  ,"
"bbcgovernors.co.uk","available"," for","  interview  and"
"bbcgovernors.co.uk","our requests"," for","  interviews  on"
"bbcgovernors.co.uk","above."," For","  example  there"
"taxibus.org.uk","Easier access"," for","  tourism"
"taxibus.org.uk","here. Files"," for","  download  The"
"cronab.demon.co.uk","Design Phase,"," for","  compliance"
"cronab.demon.co.uk","- preparation"," for","  delivery"
"cronab.demon.co.uk","requirements"," for","  reliability  ,"
"cronab.demon.co.uk",", and access"," for","  maintenance  ."
"cronab.demon.co.uk","Requirements"," for","  transport  and"
"cronab.demon.co.uk","requirements"," for","  reliability"
"cronab.demon.co.uk","in 3.2.3"," for","  reliability  ."
"cronab.demon.co.uk","requirements"," for",""
"cronab.demon.co.uk","requirements"," for",""
"cronab.demon.co.uk","Requirements"," for","  materials  to"
"cronab.demon.co.uk","requirements"," for","  nameplates  ,"
"cronab.demon.co.uk","requirements"," for","  development"
"cronab.demon.co.uk","requirements"," for","  manufacture"
"cronab.demon.co.uk","or provide"," for","  recovery  of"
"cronab.demon.co.uk","required"," for","  design  review"
"cronab.demon.co.uk","a requirement"," for","  procurement"
"cronab.demon.co.uk","solely"," for","  training"
"cronab.demon.co.uk","requirements"," for",""
"cronab.demon.co.uk","be specified"," for","  collection"
"cronab.demon.co.uk",", location"," for","  performance"
"cronab.demon.co.uk","elsewhere."," For","  software"
"cronab.demon.co.uk","","for","  inspection  ,"
"cronab.demon.co.uk","examination."," For","  hardware  ,"
"cronab.demon.co.uk","or offered"," for","  acceptance"
"cronab.demon.co.uk","","for","  tests  . This"
"cronab.demon.co.uk","","for","  performance"
"cronab.demon.co.uk","","for","  quality"
"cronab.demon.co.uk","","for","  testing  shall"
"cronab.demon.co.uk","requirements"," for",""
"cronab.demon.co.uk","evaluation"," for","  selection  of"
"cronab.demon.co.uk","the prime item"," for","  delivery  ."
"cronab.demon.co.uk",", however"," for","  convenience  a"
"cronab.demon.co.uk","but which,"," for","  convenience"
"cronab.demon.co.uk","documents"," for","  convenience"
"unemployeddoctor.co.uk","to our talk,"," for","  heaven  knows"
"telematica.co.uk",") Cost:"," For","  individuals  :"
"telematica.co.uk","VAT (£235.00)"," for","  module  I,"
"telematica.co.uk","VAT (£235.00)"," for","  module  II"
"telematica.co.uk","VAT (£470.00)"," for","  module  III,"
"telematica.co.uk",": A cheque"," for","  £50  for 2 days,"
"telematica.co.uk","to happen"," for","  change  to"
"telematica.co.uk","way to prepare"," for","  exams  , and as a"
"tutorials.beginners.co.uk","Prison"," for","  ''Monday  , or"
"tutorials.beginners.co.uk","Institution"," for","  ''Life  of Crime"
"tutorials.beginners.co.uk","Mount Prison"," for","  ''Time  to Think"
"tutorials.beginners.co.uk","Prison"," for","  ''Crime  of"
"bobsticks.co.uk","case notes"," for",""
"bobsticks.co.uk","first step"," for","  managers"
"bobsticks.co.uk","at all (","for","  example"
"bobsticks.co.uk","and services -"," for","  technology  ,"
"bobsticks.co.uk","practice now"," for",""
"zen27196.zen.co.uk","my search"," for","  identity  . My"
"zen27196.zen.co.uk","separately"," for","  answers  ."
"zen27196.zen.co.uk","is suitable"," for","  publication  ."
"axfordsabode.org.uk","it correctly,"," for","  example  , that"
"biomed.abdn.ac.uk","take me away"," for","  holidays.  ."
"larrywheeler.co.uk","of women,"," for","  example  ,"
"larrywheeler.co.uk","to be defined."," For","  example  ,"
"larrywheeler.co.uk","arguments"," for","  reform  . In"
"larrywheeler.co.uk","'' sub-genre,"," for","  example  , had"
"larrywheeler.co.uk","(1822),"," for","  example  , the"
"larrywheeler.co.uk","movements."," For","  example  in"
"larrywheeler.co.uk","and tales"," for","  youth  . Moral?"
"larrywheeler.co.uk","few resources"," for","  felicity  '' (v?"
"larrywheeler.co.uk","values."," For","  example"
"larrywheeler.co.uk","elements."," For","  example  Edith"
"larrywheeler.co.uk","in setting."," For","  example"
"larrywheeler.co.uk","''s preference"," for","  country"
"larrywheeler.co.uk","and moaning"," for","  sins  never"
"larrywheeler.co.uk","heroines."," For","  example  the"
"larrywheeler.co.uk","claims"," for","  Catholicism"
"broxtowe.gov.uk","of the need"," for","  reform  , and"
"broxtowe.gov.uk","with,"," for","  example  ,"
"broxtowe.gov.uk","AfC proposals"," for","  management"
"broxtowe.gov.uk","of the need"," for","  reform  , and"
"theobamber.co.uk","premieres and"," for","  forty  years"
"theobamber.co.uk","applied"," for","  permission  to"
"theobamber.co.uk","the theatre"," for","  £10,000  per"
"theobamber.co.uk","purchase"," for","  £250,000  ."
"mkheritage.co.uk","we ''d go"," for","  something"
"weblabs.org.uk",". co. uk"," for","  details  of"
"weblabs.org.uk","when possible"," for","  anything  more"
"nevadaradio.co.uk","unwell"," for","  pain"
"nevadaradio.co.uk","asking"," for","  feedback  ."
"nevadaradio.co.uk","to get on a list"," for","  starters  !"
"nevadaradio.co.uk",". Then 24 weeks"," for","  treatment  but"
"nevadaradio.co.uk","topic list"," for","  ideas  that"
"nevadaradio.co.uk","to help you. As"," for","  treatments"
"nevadaradio.co.uk","waiting time"," for","  treatment  can"
"cigarbuyer.co.uk","services"," for","  information  ."
"cigarbuyer.co.uk","Linker Portal"," for","  aviation"
"richard.clark32.btinternet.co.uk","the streets"," for","  jubilee"
"poetrymagic.co.uk","has provided"," for","  staff  Find out"
"direct.bl.uk","fees charged"," for","  access  to"
"direct.bl.uk",". It is calling"," for","  people  to have"
"direct.bl.uk","of Appeal"," for","  leave  to"
"propertypro.co.uk","oils"," for","  use  in"
"royalpioneercorps.co.uk",": support"," for","  refugees  was"
"royalpioneercorps.co.uk","support"," for","  asylum  was"
"royalpioneercorps.co.uk","areas"," for","  processing  ""."
"royalpioneercorps.co.uk","protection"," for","  refugees  . In"
"royalpioneercorps.co.uk","and the Agenda"," for","  protection  ,"
"forums.jolt.co.uk","work"," for","  morale  ''. He"
"forums.jolt.co.uk",", lyricist"," for","  film  . Once a"
"forums.jolt.co.uk",", playwright"," for","  film  ."
"forums.jolt.co.uk",", playwright"," for","  film  . Arc de"
"forums.jolt.co.uk","and composer"," for","  film  . King ''s"
"forums.jolt.co.uk","many songs"," for","  revues  and"
"turkeyrealestate.co.uk","campaign"," for","  change  , and"
"turkeyrealestate.co.uk","level."," For","  institutions"
"thamesweb.co.uk",") prescribing"," for","  stimulant"
"thamesweb.co.uk","medication"," for","  opioids  ."
"thamesweb.co.uk","prescribing,"," for","  example  , for"
"thamesweb.co.uk",", for example,"," for",""
"thamesweb.co.uk","withdrawal."," For","  opiates  ,"
"thamesweb.co.uk","programmes"," for",""
"thamesweb.co.uk","duration"," for","  maintenance"
"thamesweb.co.uk","the criteria"," for","  entry  are"
"thamesweb.co.uk","programmes."," For","  example  , a"
"thamesweb.co.uk","events,"," for","  example"
"thamesweb.co.uk","a priority,"," for","  example  ,"
"thamesweb.co.uk","options."," For","  example  ,"
"thamesweb.co.uk","of care with,"," for","  example  ,"
"thamesweb.co.uk","and retention"," for","  outpatient"
"thamesweb.co.uk","treatment"," for","  people  on"
"thamesweb.co.uk","Marsch 1998)."," For","  example  ,"
"thamesweb.co.uk","not licensed"," for","  withdrawal"
"thamesweb.co.uk","been licensed"," for","  substitution"
"thamesweb.co.uk","is prescribed"," for","  community"
"thamesweb.co.uk","most suitable"," for","  patients"
"thamesweb.co.uk",", and"," for","  non-polydrug"
"thamesweb.co.uk","only"," for","  withdrawal  ."
"thamesweb.co.uk","be a place"," for","  amphetamine"
"thamesweb.co.uk","of choice"," for","  stimulant"
"thamesweb.co.uk","","for","  cocaine"
"thamesweb.co.uk","of disulfiram"," for","  treatment  for"
"thamesweb.co.uk","for treatment"," for","  cocaine"
"thamesweb.co.uk","","for","  cocaine"
"thamesweb.co.uk","of treatment"," for","  stimulant"
"thamesweb.co.uk","timescales"," for","  response"
"thamesweb.co.uk","eligibility"," for","  admission  ."
"thamesweb.co.uk","considered:"," for","  example  ,"
"thamesweb.co.uk","category."," For","  example  ,"
"thamesweb.co.uk","preparation"," for","  admission"
"thamesweb.co.uk","is referred"," for","  assessment"
"thamesweb.co.uk","assessment"," for","  funding  for"
"thamesweb.co.uk","Assessment"," For","  details  on"
"thamesweb.co.uk","of individual"," for","  substitute"
"thamesweb.co.uk","to be assessed"," for","  suitability"
"thamesweb.co.uk","suitability"," for",""
"thamesweb.co.uk","episode"," for","  service  users"
"thamesweb.co.uk","standards"," for","  drug  and"
"thamesweb.co.uk","standards"," for","  drug  and"
"thamesweb.co.uk","","for","  methadone"
"thamesweb.co.uk","recommended"," for","  reasons  of"
"politicalcartoon.co.uk","11 sweet maize"," for","  food  use in May"
"politicalcartoon.co.uk","is safe"," for","  animal  and"
"politicalcartoon.co.uk","is arguing"," for","  co-existence"
"americansc.org.uk","is provided"," for","  families  and"
"americansc.org.uk","only."," For",""
"starfishproject.freeserve.co.uk","for living"," for","  people  with"
"starfishproject.freeserve.co.uk","1996 Building"," for","  Everyone  :"
"starfishproject.freeserve.co.uk","to you - a guide"," for","  service"
"starfishproject.freeserve.co.uk","buildings"," for","  people  with"
"starfishproject.freeserve.co.uk","signs"," for","  people  with a"
"starfishproject.freeserve.co.uk","in classroom"," for","  hearing  and"
"starfishproject.freeserve.co.uk","61, Designing"," for","  Children  with"
"starfishproject.freeserve.co.uk","Good Lighting"," for","  schools  and"
"starfishproject.freeserve.co.uk","and colour"," for","  hospital"
"wellingboroughtownfc.co.uk","of our value"," for","  money"
"mcsarabia.co.uk","have sections"," for","  business"
"medical-solutions.co.uk",". The NHS CRD,"," for","  example  , has"
"medical-solutions.co.uk","? Plans"," for","  reporting  and"
"medical-solutions.co.uk","both"," for","  practice  and"
"medical-solutions.co.uk","research."," For","  example  ,"
"medical-solutions.co.uk","to do so."," For","  example  ,"
"medical-solutions.co.uk","."," For","  example  ,"
"medical-solutions.co.uk","6 Question"," for","  Discussion  : ("
"tpr.co.uk","per A4 print"," for","  ink  . or about"
"tpr.co.uk","''s not needed"," for","  printing  ,"
"tpr.co.uk","the need"," for","  head  cleaning"
"tpr.co.uk","from my R800"," for","  $1.48  even"
"tpr.co.uk","per A4 print"," for","  ink  . or about"
"tpr.co.uk","to a photo,"," for","  instance  )."
"tpr.co.uk","are. I can,"," for","  instance  ,"
"tpr.co.uk","50pack of PGPP"," for","  £20.50  ) and"
"tpr.co.uk","40 sheets"," for","  £10.56  - or 26p"
"tpr.co.uk","are. I can,"," for","  instance  ,"
"tpr.co.uk","50pack of PGPP"," for","  £20.50  ) and"
"tpr.co.uk","40 sheets"," for","  £10.56  - or 26p"
"tpr.co.uk",". It ''s okay"," for","  snapshots"
"tpr.co.uk","good enough"," for","  prints  that"
"skyscript.co.uk","'' preferences"," for","  treatment  for"
"skyscript.co.uk","preferences"," for","  treatment"
"skyscript.co.uk","group reasons"," for","  preferences"
"skyscript.co.uk","preferences"," for","  treatment  to"
"skyscript.co.uk","preferences"," for","  alternatives"
"propertypro.co.uk","which are not."," For","  example  ,"
"propertypro.co.uk","; processes"," for","  planning  ,"
"propertypro.co.uk","it be applied"," for","  course  credit"
"propertypro.co.uk","and a tonic"," for","  everyone  else"
"propertypro.co.uk","tool"," for","  anyone  in a"
"propertypro.co.uk",": A Handbook"," for","  People"
"propertypro.co.uk","Good stuff"," for","  novice  and"
"propertypro.co.uk","of) money."," For","  inclusion  in"
"propertypro.co.uk","'' are clearly"," for","  learners  . And"
"propertypro.co.uk","powerful tool"," for","  reflection  ."
"propertypro.co.uk","are looking"," for","  lots  of games,"
"propertypro.co.uk","them. "" Games"," for","  Actors  and"
"propertypro.co.uk","(1993). Ideal"," for","  facilitators"
"propertypro.co.uk","venue"," for","  learning  ,"
"propertypro.co.uk",". He hopes,"," for","  example  , that"
"propertypro.co.uk",". His targets"," for","  criticism"
"ids.ac.uk","search"," for","  news  from this"
"ids.ac.uk","response"," for","  diver  with"
"ids.ac.uk","easier route"," for","  pedestrians"
"ids.ac.uk","gangs: Call"," for","  bids  for"
"ids.ac.uk",". * Be alert"," for","  works  ''"
"ids.ac.uk","Help is at hand"," for","  farmers"
"ids.ac.uk","significance"," for","  armies  such as"
"ids.ac.uk","calling"," for","  help  opposite"
"ids.ac.uk","overseas"," for","  outlets  for"
"ids.ac.uk","& Investment"," for","  help  . ... more"
"musictech.org.uk","of projects"," for","  funding  by the"
"musictech.org.uk","environment"," for","  innovation"
"musictech.org.uk","does a model"," for","  success  exist"
"musictech.org.uk","Affairs."," For","  photographs"
"musictech.org.uk","application"," for","  support  from"
"musictech.org.uk","in April"," for","  research"
"musictech.org.uk","03/ 05 call"," for","  proposals  for"
"musictech.org.uk","£2 million"," for","  capital"
"musictech.org.uk","drive"," for","  enhancements"
"musictech.org.uk",". Her hosts"," for","  talks  in"
"stopurban4x4s.org.uk","maps"," for","  walking  ,"
"stopurban4x4s.org.uk","Maps"," for","  walkers  and"
"stopurban4x4s.org.uk","locations"," for","  feature  films"
"stopurban4x4s.org.uk","The gateway"," for","  information"
"gleeson0.demon.co.uk","of yells"," for","  help  in sound"
"clandonald.org.uk","they had let,"," for","  example  for"
"clandonald.org.uk","implications"," for","  business  of"
"clandonald.org.uk","should be used"," for","  information  """
"clandonald.org.uk","should be used"," for","  information"
"clandonald.org.uk","should be used"," for","  information  """
"clandonald.org.uk",", replied: """," For","  reasons  of"
"clandonald.org.uk","cost not given"," for","  reasons  of"
"westyorkshire.police.uk","such a regard"," for","  accuracy  that"
"westyorkshire.police.uk","a difficulty"," for","  films  that"
"westyorkshire.police.uk","the door open"," for","  arguments  for"
"westyorkshire.police.uk","to care"," for","  someone  who"
"westyorkshire.police.uk","those who were"," for","  ''realism  '' not"
"digidots.co.uk","available"," for","  charter  hire."
"digidots.co.uk","ferry £2.80"," for","  adults  £2.10"
"digidots.co.uk","Concession £1"," for","  children"
"teaching-abroad.co.uk",". Invoke Ra"," for","  power  and for"
"teaching-abroad.co.uk","ambitions,"," for",""
"teaching-abroad.co.uk",","," for","  illumination"
"nezumi.demon.co.uk","12 2001 Lenin"," for","  unity  July 5"
"hazlewood-castle.co.uk",") Gold award"," for","  payroll"
"hazlewood-castle.co.uk","HIV treatment"," for","  thousands"
"taots.co.uk","a base"," for","  research  and"
"taots.co.uk","centre"," for","  research  on"
"taots.co.uk","and support"," for","  research"
"taots.co.uk","a focus"," for","  research  on"
"taots.co.uk","focus"," for","  work  in the"
"taots.co.uk","reputation"," for",""
"taots.co.uk","first centres"," for","  research  in"
"taots.co.uk","","for",""
"taots.co.uk","reputation"," for","  scholarship"
"taots.co.uk","devices"," for","  drug  delivery"
"taots.co.uk","prescribing"," for","  pharmacists"
"taots.co.uk","in readiness"," for",""
"taots.co.uk","care services"," for","  victims  of"
"ilook.fsnet.co.uk","and policies"," for","  relevance"
"ilook.fsnet.co.uk","Arrangements"," for","  publishing"
"ilook.fsnet.co.uk","Arrangements"," for","  training"
"ilook.fsnet.co.uk","and policies"," for","  relevance  ."
"ilook.fsnet.co.uk","and policies"," for","  relevance  is"
"ilook.fsnet.co.uk","level"," for","  impact"
"ilook.fsnet.co.uk","not monitored"," for","  ethnicity  ."
"ilook.fsnet.co.uk","be provided"," for","  service"
"ilook.fsnet.co.uk","reviews (","for","  example  Best"
"ilook.fsnet.co.uk","be prepared"," for","  service"
"ilook.fsnet.co.uk","be assessed (","for","  example  ,"
"ilook.fsnet.co.uk","Arrangements"," for","  training"
"ilook.fsnet.co.uk","used as a tool"," for","  consultation"
"ilook.fsnet.co.uk","Arrangements"," for","  publishing"
"ilook.fsnet.co.uk","formats,"," for","  example"
"ilook.fsnet.co.uk","Arrangements"," for","  training"
"ilook.fsnet.co.uk","of Practice"," for",""
"ilook.fsnet.co.uk","as the basis"," for","  management"
"ilook.fsnet.co.uk","of applicants"," for","  jobs  at"
"wellingboroughtownfc.co.uk","inside you"," for","  someone  to"
"comedycv.co.uk","laid-on"," for","  site  visitors"
"comedycv.co.uk","guide"," for","  switched-on"
"badgirls.co.uk","of techniques"," for",""
"badgirls.co.uk","... Solution"," for","  example  1 # AVS"
"badgirls.co.uk","... Solution"," for","  example  2 # AVS"
"codexbooks.co.uk",") a selection."," For","  example  , once"
"codexbooks.co.uk","with,"," for","  example  , your"
"codexbooks.co.uk","a window"," for","  use  later,"
"codexbooks.co.uk",". CARD Stock -"," For","  invitations"
"jdhooker.org.uk","vans and many"," for","  sale  in the"
"dcs.ed.ac.uk","just"," for","  Michelle  data"
"galensgarden.co.uk","the artwork"," For","  adverts  in"
"galensgarden.co.uk",", zip or CD (","for","  PC  ). We regret"
"galensgarden.co.uk","","for","  poets  . We"
"eagle19.freeserve.co.uk","Selasih "","," for","  claims"
"eagle19.freeserve.co.uk","merely"," for","  appearance  ''s"
"eagle19.freeserve.co.uk","an order"," for","  damages  for"
"englishmonarchs.co.uk","arrangements"," for","  press"
"foundationtv.co.uk","lays plans"," for","  revisions  to"
"worldwar1.co.uk",". Some ideas"," for","  Viking"
"worldwar1.co.uk","a coursebook"," for","  use  in Primary"
"libertas.demon.co.uk","dispute, >"," for","  example  , are"
"battleoffulford.org.uk","admiration"," for","  neo-con"
"battleoffulford.org.uk","search was on"," for","  neo-cons"
"battleoffulford.org.uk","the court had,"," for","  generations  ,"
"battleoffulford.org.uk","homosexuals"," for","  centuries  ."
"battleoffulford.org.uk","tradition."," For","  example  , the"
"battleoffulford.org.uk","as a red flag"," for","  senators  of"
"battleoffulford.org.uk","powers, and"," for","  centuries  ,"
"battleoffulford.org.uk","fashion."," For","  example  , when"
"battleoffulford.org.uk","which denied,"," for","  example  , that"
"battleoffulford.org.uk","may snoop"," for","  tell-tale"
"welhat.gov.uk","began arguing"," for","  reform  . They"
"welhat.gov.uk","the campaigns"," for","  prison  and law"
"welhat.gov.uk","in the fight"," for","  freedom  of"
"tonearm.co.uk","people yearn"," for","  peace  and help"
"tonearm.co.uk","makes us run"," for","  cover  At"
"congressfordemocracy.org.uk",". Invoke her"," for","  compassion  ,"
"congressfordemocracy.org.uk","sorrow,"," for","  support  in"
"congressfordemocracy.org.uk","times and"," for","  endings  that"
"fastcart.co.uk","haunted house"," for","  $2  . She said"
"fastcart.co.uk","a musical note"," for","  example  . At"
"fastcart.co.uk","cost you $500"," for","  treatment  to"
"625.org.uk","","for","  sportsmen  and"
"625.org.uk","every 2 years,"," for","  example  to the"
"generous.org.uk",". ["," For","  bank  use only:"
"tpr.co.uk","just"," for","  Michelle  data"
"golflinks.co.uk","early talent"," for","  mechanics  ,"
"golflinks.co.uk","city prepared"," for","  war-  men were"
"helo.co.uk","only be used"," for",""
"helo.co.uk",". I do it just"," for","  fun  and in the"
"teamtechnology.co.uk","Requst Button"," for","  prints  , we"
"teamtechnology.co.uk","repairer and"," for","  material"
"teamtechnology.co.uk","are vital"," for","  parts  which"
"teamtechnology.co.uk",", whole book"," for","  Sale  , see"
"teamtechnology.co.uk","description"," for","  details"
"teamtechnology.co.uk","World-wide,"," for","  Collectors  &"
"germantutor.co.uk","and £250 + VAT"," for","  non-members  ."
"germantutor.co.uk","website"," for","  visitors  to"
"germantutor.co.uk","+ VAT per year."," For","  information"
"germantutor.co.uk","your address."," For","  example  , if"
"germantutor.co.uk","village name"," for","  example  ,"
"germantutor.co.uk","to call you"," for","  details  . They"
"germantutor.co.uk","engines"," for",""
"rpca.co.uk","served again"," for","  ashtrays  ,"
"ccpr.org.uk","applications"," for","  support  for"
"ccpr.org.uk","for support"," for","  projects  ."
"ccpr.org.uk",", which pays"," for","  travel  costs"
"raworths.co.uk","young Horus"," for","  healing  , for"
"raworths.co.uk","for healing,"," for","  renewal  and"
"raworths.co.uk","elder Horus"," for","  power  ,"
"xibalba.demon.co.uk","matches"," for","  supporters"
"stopurban4x4s.org.uk","nature (","for","  example  those"
"boostlpg.co.uk","partial news"," for","  years  . You"
"boostlpg.co.uk","authorities,"," for","  fear  of being"
"hlst.heacademy.ac.uk","admissions"," for","  heart  failure"
"hlst.heacademy.ac.uk","in hospital"," for","  heart  failure"
"queens.ox.ac.uk","","for","  People  with"
"queens.ox.ac.uk","","for","  People  with"
"twgraduates.co.uk","bodies asking"," for","  advice  on BGS"
"gerty.ncl.ac.uk","I was thirsty"," for","  knowledge  and"
"gerty.ncl.ac.uk","from us by post"," for","  £16.50  each ("
"gerty.ncl.ac.uk","inc. p&p"," for",""
"earthscan.co.uk","Resident Evil"," for","  example  ) or"
"earthscan.co.uk","is ok it is shot"," for","  shot  scene for"
"earthscan.co.uk","for shot scene"," for","  scene  and the"
"earthscan.co.uk","is on BBC 2 now"," for","  anyone  who ''s"
"farncombeboats.co.uk","","for","  adult"
"farncombeboats.co.uk","","for","  adult"
"farncombeboats.co.uk","in schools"," for","  children"
"farncombeboats.co.uk","of leadership"," for","  women  in"
"farncombeboats.co.uk","be required"," for","  appointment"
"farncombeboats.co.uk","and,"," for","  appointment"
"farncombeboats.co.uk","projects"," for","  appointment"
"farncombeboats.co.uk","will be needed"," for","  appointment"
"qcanet.co.uk","as a quick fix"," for","  depression  ,"
"qcanet.co.uk","touches down"," for","  charity  BBC"
"qcanet.co.uk","I have heard"," for","  years  . By"
"qcanet.co.uk","critic ''s call"," for","  shows  which"
"qcanet.co.uk","were needed"," for","  vision  loss."
"qcanet.co.uk","EU funding"," for","  stem  cell"
"qcanet.co.uk","prescribed"," for","  children  The"
"goldsmiths.ac.uk","options"," for","  waste"
"silverprint.co.uk","implications"," for","  practice  and"
"silverprint.co.uk","of systems"," for","  rating  the"
"silverprint.co.uk","Reasons"," for",""
"oudancesport.co.uk","a few events"," for","  children  that"
"oudancesport.co.uk","our listings"," for","  events  for"
"oudancesport.co.uk","for events"," for","  people  of all"
"oudancesport.co.uk","many events"," for","  children  this"
"oudancesport.co.uk","material"," for","  children  to"
"oudancesport.co.uk","of events"," for","  children"
"oudancesport.co.uk","workshops"," for","  children  and"
"oudancesport.co.uk","of events"," for","  children  -"
"jwnash.co.uk","(especially,"," for","  example  , in"
"jwnash.co.uk","only option"," for","  advocates  of"
"jwnash.co.uk","method. [ 48 ]"," For","  example  , he"
"jwnash.co.uk","Dd [ e p mae: kai"," for","  gar  ] Chrom. ="
"jwnash.co.uk","''s chart"," for","  details  )."
"jwnash.co.uk","validity"," for","  Christians  of"
"jwnash.co.uk","date than,"," for","  example  , the"
"jwnash.co.uk",") II, 178f."," for","  summary  ; for"
"jwnash.co.uk",". for summary;"," for","  discussion"
"jwnash.co.uk","Metzger, Text"," for","  descriptions"
"jwnash.co.uk","''"," for","  discussion"
"jwnash.co.uk","Problem, 77f."," for","  text  and"
"jwnash.co.uk","manuscripts,"," for","  example  D has"
"jwnash.co.uk","matter"," for","  discussion  . ["
"clientsuccess.org.uk","were good"," for","  discipline  ,"
"clientsuccess.org.uk","and shot"," for","  desertion  by a"
"clientsuccess.org.uk","found him fit"," for","  duty"
"clientsuccess.org.uk","and shot"," for","  desertion"
"clientsuccess.org.uk","of which were"," for","  capital"
"clientsuccess.org.uk","a petition"," for","  clemency  to"
"clientsuccess.org.uk","! In 1917,"," for","  example  , all"
"clientsuccess.org.uk","the "" executed"," for","  example  """
"reflexologywithdawn.co.uk","as an accolade"," for","  staff  and"
"readgroup.biology.ed.ac.uk","great demand"," for","  use  by the"
"teamtechnology.co.uk","19m 2 studio"," for","  rent  . Paris,"
"teamtechnology.co.uk",". Bookshop"," for","  sale  in"
"teamtechnology.co.uk",". com Villa"," for","  rent  in"
"teamtechnology.co.uk",". Sleeps 8."," For","  information"
"teamtechnology.co.uk",", preferably"," for","  life  . Box no."
"teamtechnology.co.uk","me in the mood"," for","  love  is Rick"
"teamtechnology.co.uk","500sqm."," For","  sale  together"
"mbdevelopments.co.uk","organization"," for","  hoaxes  ! I ''ve"
"mbdevelopments.co.uk","criticism '',"," for","  example  , with"
"mbdevelopments.co.uk","out ERG"," for","  fourteen"
"mbdevelopments.co.uk","set, the one"," for","  station"
"org.suw.org.uk","water is used"," for","  drinking  (but"
"redbridge.gov.uk","battle"," for","  democracy  in"
"redbridge.gov.uk","is fighting"," for","  survival  , as"
"2step-garage.co.uk","centre"," for","  research  into"
"www-tus.csx.cam.ac.uk","read Soundbag"," for","  iPod  protects"
"roymech.co.uk","local farmers"," for","  grazing  ."
"roymech.co.uk","pastureland"," for","  sheep  , this"
"see.ed.ac.uk","'' model"," for","  grammar  . The"
"see.ed.ac.uk","specify,"," for","  example  , that"
"see.ed.ac.uk","dots are used"," for","  node  edges and"
"see.ed.ac.uk","while green is"," for","  words  . In this"
"see.ed.ac.uk","are coded"," for","  adjacency  ,"
"rumwoodnurseries.co.uk","not problems"," for","  physics  and"
"rumwoodnurseries.co.uk",", the evidence"," for","  mind-brain"
"rumwoodnurseries.co.uk",". It is not,"," for","  example  , that"
"rumwoodnurseries.co.uk","of knowledge."," For","  example  , when"
"rumwoodnurseries.co.uk","theory,"," for","  example  , are"
"rumwoodnurseries.co.uk","which allows"," for","  choices  in the"
"rumwoodnurseries.co.uk","the subject."," For","  example  , were"
"rumwoodnurseries.co.uk",". Consider,"," for","  example  , the"
"rumwoodnurseries.co.uk","questions"," for",""
"rumwoodnurseries.co.uk","."," For","  example  , with"
"rumwoodnurseries.co.uk",". When,"," for","  example  , we"
"rumwoodnurseries.co.uk","."," For","  example  , it"
"rumwoodnurseries.co.uk","both levels."," For","  example  , the"
"rumwoodnurseries.co.uk","in,"," for","  example  ,"
"rumwoodnurseries.co.uk","","for","  observers  in"
"rumwoodnurseries.co.uk","--"," for","  example  ,"
"rumwoodnurseries.co.uk","-- whether,"," for","  example  ,"
"rumwoodnurseries.co.uk","buy to eat"," for","  dinner"
"rumwoodnurseries.co.uk","as models"," for",""
"rumwoodnurseries.co.uk","foundation"," for","  quantum"
"rumwoodnurseries.co.uk",", waiting"," for","  information"
"rumwoodnurseries.co.uk","choice from,"," for","  example  ,"
"rumwoodnurseries.co.uk","to learn,"," for","  example  , that"
"rumwoodnurseries.co.uk","able to argue,"," for","  example  , that"
"rumwoodnurseries.co.uk","events;"," for","  example  ,"
"rumwoodnurseries.co.uk","hypotheses."," For","  example  ,"
"rumwoodnurseries.co.uk","unnecessary."," For","  example  , one"
"rumwoodnurseries.co.uk","not necessary"," for",""
"rumwoodnurseries.co.uk","not necessary"," for",""
"rumwoodnurseries.co.uk","2000)."," For","  example  ,"
"rumwoodnurseries.co.uk","foundational"," for","  physics  ."
"rumwoodnurseries.co.uk",". One might,"," for","  example  ,"
"rumwoodnurseries.co.uk","","for","  observations"
"rumwoodnurseries.co.uk","conclusions."," For","  example  , I"
"rumwoodnurseries.co.uk","(2001),"," for","  example  ,"
"rumwoodnurseries.co.uk","."," For","  example  , a"
"rumwoodnurseries.co.uk","theory,"," for","  example  , the"
"rumwoodnurseries.co.uk","events. Thus,"," for","  example  , with"
"rumwoodnurseries.co.uk","for us as"," for","  anyone  else,"
"rumwoodnurseries.co.uk",". It might be,"," for","  example  , that"
"rumwoodnurseries.co.uk","mechanics"," for","  cosmologists"
"bures-online.co.uk","that. Some,"," for","  example  , were"
"bures-online.co.uk","and available"," for","  others  to use."
"csm.uwe.ac.uk","might go on"," for","  days."
"csm.uwe.ac.uk","was grounds"," for","  divorce  ."
"csm.uwe.ac.uk","also common"," for","  people  with"
"csm.uwe.ac.uk","in return"," for","  prayers  being"
"fleet-tutors.co.uk","and competing"," for","  food  , shelter"
"fleet-tutors.co.uk","income"," for","  players  at the"
"fleet-tutors.co.uk","resources,"," for","  example  , do"
"tonearm.co.uk","teaching"," For","  books  in other"
"tonearm.co.uk","team building"," for","  years  . Now he"
"tonearm.co.uk","."," For","  trainers  and"
"tonearm.co.uk","book"," for","  parents  and"
"tonearm.co.uk","","for","  children  to"
"tonearm.co.uk","value"," for","  money  . This"
"tonearm.co.uk","resource"," for","  coaches  in the"
"themostannoyingsiteintheworld.co.uk","have to fight"," for","  regime  change"
"themostannoyingsiteintheworld.co.uk","in Britain."," For","  regime  change"
"themostannoyingsiteintheworld.co.uk","Party leaflet"," for","  school  and"
"scottishsweets.co.uk","its deadline"," for","  submissions"
"scottishsweets.co.uk","site that are"," for","  members  only"
"scottishsweets.co.uk","3.1 - options"," for","  institutions"
"scottishsweets.co.uk","ofUCISA."," For","  convenience"
"scottishsweets.co.uk","web site here."," For","  details  of the"
"geog.ox.ac.uk",": D/me waits"," for","  people  to post"
"rifi.soton.ac.uk","this service."," For","  details  of how"
"rifi.soton.ac.uk","their authors"," for","  copyright  or"
"medinfo.co.uk","Online can be"," for","  people  like"
"musicfor2.co.uk","that the one"," for","  gimbo  . org. uk"
"musicfor2.co.uk","Mac OS X tips"," for","  unix  geeks (it"
"musicfor2.co.uk","happened to me"," for","  weeks  . Colour"
"musicfor2.co.uk","had much time"," for","  updates  ."
"morrisminoroc.co.uk","Notices,"," for","  example  about"
"morrisminoroc.co.uk","the marks"," for","  modules  ."
"morrisminoroc.co.uk","with no scope"," for","  judgment"
"www1.oup.co.uk","held liable"," for","  content  on the"
"silverprint.co.uk","need"," for","  government"
"silverprint.co.uk","more rules,"," for","  instance  on"
"silverprint.co.uk","implication"," for","  government"
"silverprint.co.uk","a law in 1996,"," for","  instance  ,"
"silverprint.co.uk","companies."," For","  example  ,"
"silverprint.co.uk","eligible"," for","  government"
"silverprint.co.uk","that food"," for","  hotels  is"
"silverprint.co.uk","(such as"," for","  fishing  ) to"
"silverprint.co.uk","firms. The US,"," for","  example  , has"
"silverprint.co.uk","of a disaster."," For","  example  , the"
"silverprint.co.uk","economy,"," for","  example  ."
"silverprint.co.uk","investor."," For","  example  , in"
"silverprint.co.uk",". In tourism,"," for","  example  ,"
"silverprint.co.uk","test ''. Egypt,"," for","  instance  ,"
"silverprint.co.uk","a blank cheque"," for",""
"silverprint.co.uk","hotel chains,"," for","  example  . This"
"silverprint.co.uk","contracts"," for","  water"
"silverprint.co.uk","sector."," For","  example  , it"
"silverprint.co.uk","labour force."," For","  example  ,"
"silverprint.co.uk","it liable"," for","  damages  ."
"silverprint.co.uk","."," For","  example  ,"
"silverprint.co.uk","] They could,"," for","  example  ,"
"silverprint.co.uk","should define"," for","  governments"
"silverprint.co.uk","countries,"," for","  example  , now"
"silverprint.co.uk","4 subsectors."," For","  example  , in"
"tonearm.co.uk","perfect"," for","  couples  with a"
"tonearm.co.uk","and July ideal"," for","  groups  of 4-6"
"tonearm.co.uk","required"," for","  quotes  . 1-22"
"tonearm.co.uk",". 10 % discount"," for","  couples  . Pets"
"tonearm.co.uk","10 % discount"," for","  groups  of 3 or"
"tonearm.co.uk","guests. Ideal"," for","  couples  ,"
"tonearm.co.uk","base ideal"," for","  couples  with"
"tonearm.co.uk",". co. uk"," for","  details  , or"
"tonearm.co.uk","week - £20 off"," for","  couples  for"
"tonearm.co.uk",". co. uk"," for","  details  , or"
"tonearm.co.uk","situated"," for","  touring  and"
"tonearm.co.uk",". Especially"," for","  couples  . W/ C"
"tonearm.co.uk",". com"," for","  details  , or"
"tonearm.co.uk","an ideal base"," for","  walkers  or"
"tonearm.co.uk","required"," for","  quotes  ."
"tonearm.co.uk","week - £20 off"," for","  couples  in"
"tonearm.co.uk",". co. uk"," for","  details  , or"
"tonearm.co.uk","required"," for","  quotes  . 16-23"
"themostannoyingsiteintheworld.co.uk","available"," for","  download  :"
"gleeson0.demon.co.uk","to do is ask"," for","  advice  . The"
"gleeson0.demon.co.uk","ripple. Look"," for","  reed  beds,"
"gleeson0.demon.co.uk","and cover"," for","  fish  as well as"
"gleeson0.demon.co.uk","the same spot"," for","  half  to three"
"weddingdesignbyapril.co.uk","skill. So"," for","  EY  to say that"
"weddingdesignbyapril.co.uk","they have done"," for","  others  and"
"weddingdesignbyapril.co.uk","to reinforce"," for","  companies  of"
"byteachers.org.uk","that was in"," for","  servicing  . I"
"byteachers.org.uk","again."," For","  anyone"
"easterneyeuk.co.uk","receded."," For","  men  who had"
"easterneyeuk.co.uk","decorated"," for","  bravery  by the"
"easterneyeuk.co.uk","decorated"," for","  bravery  ,"
"dreamconstructionjobs.co.uk","hand? such as,"," for","  instance  , the"
"dreamconstructionjobs.co.uk","believe,"," for","  instance  ,"
"dreamconstructionjobs.co.uk","Finkelstein,"," for","  instance  ,"
"dreamconstructionjobs.co.uk",". It is not"," for","  nothing  that"
"dreamconstructionjobs.co.uk","developing"," for","  decades  , was"
"dreamconstructionjobs.co.uk","won the war"," for","  influence  ."
"dreamconstructionjobs.co.uk","papers"," for","  congressmen"
"dreamconstructionjobs.co.uk","? such as,"," for","  instance  ,"
"dreamconstructionjobs.co.uk","rely on AIPAC"," for","  information"
"dreamconstructionjobs.co.uk","''s desks"," for","  fear  of what"
"dreamconstructionjobs.co.uk","when,"," for","  instance  , a"
"dreamconstructionjobs.co.uk","the world by,"," for","  instance  ,"
"dreamconstructionjobs.co.uk","."," For","  instance  ,"
"dreamconstructionjobs.co.uk","Jimmy Carter,"," for","  instance  ,"
"dreamconstructionjobs.co.uk","if it weren''t"," for","  bloggers  ! :"
"business.heacademy.ac.uk","got a thirst"," for","  anything  to do"
"business.heacademy.ac.uk","waiting for it"," for","  ages  ? It ''s"
"business.heacademy.ac.uk","together"," for","  rehearsals  ,"
"business.heacademy.ac.uk","play the piano"," for","  everyone  as"
"zem.demon.co.uk","of the game"," for","  things  such as"
"zem.demon.co.uk","skills."," For","  example  , I"
"scottishtorymeps.org.uk","is a dilemma"," for","  fish-lovers  ."
"scottishtorymeps.org.uk","fish foraging"," for","  feed  on the"
"go-newfocus.co.uk","","for","  course"
"go-newfocus.co.uk","and £625"," for","  non-members  ."
"go-newfocus.co.uk","closing date"," for","  bookings  is"
"mbdevelopments.co.uk","probably go on"," for","  generations"
"atob.org.uk","thanks"," for","  voting  ."
"atob.org.uk","like that"," for","  auction  . """
"atob.org.uk","Bentcliffe,"," for","  example  , has a"
"atob.org.uk","scheduled"," for","  publication"
"atob.org.uk","con committee"," for","  information"
"atob.org.uk","(why,"," for","  example  , am I"
"codexbooks.co.uk",","," for","  team  building"
"codexbooks.co.uk","Make the case"," for","  office"
"codexbooks.co.uk","will it mean"," for","  office  design"
"codexbooks.co.uk","environment"," for","  creativity"
"hewett.norfolk.sch.uk","training."," For","  example  ,"
"hewett.norfolk.sch.uk","reason."," For","  example  , if"
"hewett.norfolk.sch.uk","."," For","  example  , if"
"hewett.norfolk.sch.uk","individuals."," For","  example  , the"
"hewett.norfolk.sch.uk","''s wish"," for",""
"hewett.norfolk.sch.uk","is practical."," For","  example  ,"
"hewett.norfolk.sch.uk","safety screen"," for","  institutions"
"hewett.norfolk.sch.uk","arrangements"," for","  admissions  to"
"hewett.norfolk.sch.uk","application"," for","  admission  ("
"hewett.norfolk.sch.uk","s.55). A claim"," for",""
"hewett.norfolk.sch.uk","responsible"," for","  actions  by"
"hewett.norfolk.sch.uk","provision"," for","  provision  of a"
"orbitsw.co.uk",", looking"," for","  friendship  , a"
"pet.cam.ac.uk","War Event"," for","  schools  . Not"
"englishmonarchs.co.uk",": Ready"," for","  action"
"mbdevelopments.co.uk","territory"," for","  endemics"
"mbdevelopments.co.uk","Spurfowl pose"," for","  photos  and the"
"mbdevelopments.co.uk","in the world"," for","  pelagics  ."
"mbdevelopments.co.uk","been cleared"," for","  sugar  cane"
"mbdevelopments.co.uk","underneath"," for",""
"mbdevelopments.co.uk","Road looking"," for","  hawks  ("
"mbdevelopments.co.uk","of Volksrust"," for","  repairs  after"
"mbdevelopments.co.uk","landmark"," for","  miles"
"age-net.co.uk","pays"," for","  defence  ,"
"bio.ic.ac.uk","appetite"," for","  prawns  has"
"bio.ic.ac.uk",", which"," for","  prawns  to"
"appiedaizepm.co.uk","value"," for","  money  for such"
"appiedaizepm.co.uk","and hands"," for","  instant  under"
"appiedaizepm.co.uk","set things off"," for","  companies  ."
"appiedaizepm.co.uk","came to stand"," for","  quality"
"appiedaizepm.co.uk","value"," for","  money"
"appiedaizepm.co.uk","reputation"," for","  excellence  in"
"appiedaizepm.co.uk","into place"," for","  water"
"appiedaizepm.co.uk","value"," for","  money  watch."
"appiedaizepm.co.uk","and flare"," for",""
"appiedaizepm.co.uk","reputation"," for","  excellence  in"
"appiedaizepm.co.uk","reputation"," for","  excellence  in"
"appiedaizepm.co.uk","value"," for","  money  watches"
"intermusica.co.uk","a frieghter"," for","  reasons  to be"
"intermusica.co.uk",", look out"," for","  chapter  2,"
"kneeling.co.uk","the role"," for","  TV  . The drama"
"warpoetry.co.uk","up at the door"," for","  interviews  ."
"shadowsonthewall.co.uk","; a directory"," for","  freelancers  ;"
"voiceoftheslug.org.uk","access to (","for","  measurement"
"voiceoftheslug.org.uk","CE Marking."," For","  information"
"voiceoftheslug.org.uk","Calculator """," for","  bolt  proof"
"voiceoftheslug.org.uk","/Calculator """," for","  stresses  in an"
"glaucus.org.uk","challenge"," for","  readers  when a"
"newcriminologist.co.uk","all his might"," for","  joy  , and hugs"
"turtlehead.co.uk","you can use """," for","  populations"
"users.dircon.co.uk","work"," for","  developers  on"
"qaa.ac.uk","for 22 months"," for","  libel  ."
"southernwater.co.uk","- a Recipe"," for","  Disaster  ? Dr."
"southernwater.co.uk","- a recipe"," for","  disaster  ?"
"southernwater.co.uk","- A Recipe"," for","  Disaster  ?"
"superboss.co.uk","the mid range"," for","  piano  ,"
"superboss.co.uk","pick this up"," for","  £300  and about"
"superboss.co.uk","is good value"," for","  money  ; the"
"chrishardy.co.uk","is needed (i)"," for","  projects"
"chrishardy.co.uk",", (ii)"," for","  projects"
"chrishardy.co.uk","and (iii)"," for","  projects  with"
"chrishardy.co.uk","to Bromley LBC"," for","  outline"
"chrishardy.co.uk","is required"," for","  purposes  of"
"alba.org.uk","village folk"," for","  fun  . When"
"alba.org.uk","We cannot go on"," for","  years  and"
"alba.org.uk","ingredients"," for","  life  are"
"alba.org.uk","pack of wolves"," for","  company  seems"
"alba.org.uk","based on 10"," for","  weight  ,"
"alba.org.uk",". More on ideas"," for","  ''favour  banks"
"richuish.ac.uk","10 03/ 05 OS"," for","  x8  ... 22/ 03/"
"st-andrews.ac.uk","examinations"," for","  specialist"
"masud.co.uk","frame rates"," for","  games  quoted a"
"masud.co.uk","."," For","  bitmaps  ,"
"masud.co.uk","about to ask"," for","  motion  blur in"
"masud.co.uk","problems"," for","  television"
"masud.co.uk","Circus. (","For","  readers  in"
"masud.co.uk","''s voices."," For","  mismatches  of"
"masud.co.uk",") frame rates."," For","  example  ,"
"masud.co.uk","frame rates"," for","  film  ) and turn"
"wessexscene.co.uk","business work"," for","  people  and"
"wessexscene.co.uk","responsible"," for","  two-thirds  of"
"wessexscene.co.uk","Press"," for","  change  Ask"
"pennine.demon.co.uk","and asked"," for","  reasons  in"
"pennine.demon.co.uk","of requests"," for","  extension  of"
"soas.ac.uk","exchange rate"," for","  lira  keeps"
"friendsreunitedjobs.co.uk","is a society"," for","  people"
"friendsreunitedjobs.co.uk","with plans"," for","  world"
"friendsreunitedjobs.co.uk","AIX servers"," for","  student  use"
"friendsreunitedjobs.co.uk","have an idea"," for","  something"
"birdtours.co.uk","an Cannabis"," for","  spasticity"
"birdtours.co.uk",", and searched"," for","  papers  on"
"birdtours.co.uk","agent"," for","  muscle  spasm"
"birdtours.co.uk","than placebo"," for","  sleep  pain"
"birdtours.co.uk","than codeine"," for","  spasticity  ."
"birdtours.co.uk","or extension)"," for","  arms  and legs."
"birdtours.co.uk","of at least 2"," for","  inclusion  ."
"kingston.gov.uk","the quotation"," for","  repair  . As for"
"kingston.gov.uk","for repair. As"," for","  timescale  on"
"kingston.gov.uk","liable"," for","  losses"
"kingston.gov.uk","drives page"," for","  pricing  )."
"kingston.gov.uk","drives page"," for","  drive  prices)"
"kingston.gov.uk","to source -"," for","  example  Dell,"
"kingston.gov.uk","drives page"," for","  drive  prices)"
"meccsa.org.uk","devices"," for","  patients  with"
"meccsa.org.uk","(LTCS)"," for","  people  with"
"meccsa.org.uk",", BTR and LTCS"," for","  people  aged"
"meccsa.org.uk","indication"," for","  treatment  ,"
"meccsa.org.uk","suitable"," for","  receipt  of a"
"meccsa.org.uk","of LVADS"," for","  people  with"
"meccsa.org.uk","as a BTT"," for","  people  with"
"meccsa.org.uk","donor hearts"," for",""
"meccsa.org.uk","the evidence"," for","  LVADs  as a LTCS"
"meccsa.org.uk","of LVADs"," for","  people  with"
"meccsa.org.uk","devices"," for","  patients  with"
"lists.aldigital.co.uk","thrashes Need"," For","  Speed"
"lists.aldigital.co.uk","tanks is ready"," for","  use  , it flares"
"avianbiotech.co.uk","crowd ''s need"," for","  speed  was"
"classicmarine.co.uk","a call"," for","  expressions"
"classicmarine.co.uk","in a useful way"," for","  policy  . This"
"classicmarine.co.uk","","for",""
"vector.org.uk","and tips on,"," for","  example  on"
"vector.org.uk","lake."," For","  anyone  who has"
"vector.org.uk","set the hook."," For","  volume  two,"
"vector.org.uk","and searching"," for","  areas  that"
"vector.org.uk","are available"," for","  £9.95  each or"
"nomad-online.co.uk",", a giant leap"," for","  mankind  The"
"web.ukonline.co.uk","politically."," For","  example"
"web.ukonline.co.uk","common sense"," for","  people  who"
"web.ukonline.co.uk","them."," For","  example  ,?"
"web.ukonline.co.uk","and resources"," for","  support  and"
"suffolkchurches.co.uk","systems"," for","  air  traffic"
"psni.police.uk","won''t arrive"," for","  consumers"
"psni.police.uk","Cup braces"," for","  hackers  June"
"racoon.dircon.co.uk","planned"," for","  use  around its"
"racoon.dircon.co.uk","opportunity"," for","  visitors  to"
"racoon.dircon.co.uk","are due"," for","  transmission"
"racoon.dircon.co.uk","Bailes team up"," for","  tree  planting"
"racoon.dircon.co.uk","be managed"," for","  biodiversity"
"racoon.dircon.co.uk","material"," for","  bird  ''s nests"
"npg.org.uk","in films,"," for","  example  , The"
"npg.org.uk","resonant"," for","  everyone"
"clarence.ndirect.co.uk","and competing"," for","  resources"
"clarence.ndirect.co.uk","are optimised"," for",""
"clarence.ndirect.co.uk","not"," for","  customer"
"clarence.ndirect.co.uk","outside help."," For","  example  , it"
"clarence.ndirect.co.uk",", it ''s rare"," for","  companies  to"
"clarence.ndirect.co.uk","-- including"," for","  customer  self"
"clarence.ndirect.co.uk","the reason"," for","  codes  going up"
"clarence.ndirect.co.uk","it yet, look"," for","  capabilities"
"dh.gov.uk","local council"," for","  £38  ."
"dh.gov.uk","to pay"," for","  highway  wash"
"ninotchka.co.uk","challenges"," for","  workers  ,"
"ninotchka.co.uk",". The costs"," for","  employers"
"ninotchka.co.uk","the need"," for","  workstation"
"ninotchka.co.uk","possibility"," for","  workers  to"
"ninotchka.co.uk","equality"," for","  millions  of"
"ninotchka.co.uk","confidence,"," for","  example  with"
"ninotchka.co.uk","","for","  people  to"
"ninotchka.co.uk","regulation"," for","  retailers  has"
"ninotchka.co.uk","be a great help"," for","  retailers  who"
"ninotchka.co.uk","difference"," for","  retailers  . """
"ninotchka.co.uk","contact point"," for","  advice  (82 per"
"ninotchka.co.uk","'' Clerk"," for","  Merseyside"
"ninotchka.co.uk","information"," for","  anyone  who has"
"ecb.co.uk","be obliged to"," for","  provisions  ,"
"ecb.co.uk",", a good spot"," for","  hiding  , and"
"ecb.co.uk","shall be ready"," for","  anything"
"ecb.co.uk",", the orders"," for","  to-day  are:"
"beauty-and-the-geek.co.uk","talks, kept"," for","  posterity"
"beauty-and-the-geek.co.uk","going to gaol"," for","  crimes"
"healinghandsnetwork.org.uk","suitable"," for","  educators  ."
"healinghandsnetwork.org.uk","tailored"," for","  staff  and"
"healinghandsnetwork.org.uk","[ HE ] Internet"," for","  History  &"
"untoldlondon.org.uk","are available"," for","  spares  ,"
"richuish.ac.uk","co-ordinates"," for","  departure"
"richuish.ac.uk","were perfect"," for","  migration  and"
"richuish.ac.uk","is a good place"," for","  ospreys  to"
"addenbrookes.org.uk","centre"," for","  archaeology"
"addenbrookes.org.uk","date used"," for","  burning"
"addenbrookes.org.uk","information"," for","  voters  . The"
"addenbrookes.org.uk",", equipped"," for","  wood  , stone"
"hj-weddingcakes.co.uk","Collection."," For","  information"
"hj-weddingcakes.co.uk","option)."," For","  information"
"hj-weddingcakes.co.uk","in the regions"," for","  information"
"hj-weddingcakes.co.uk",". htm See below"," for","  addresses  and"
"hj-weddingcakes.co.uk","236/ 05"," for","  names  and"
"hj-weddingcakes.co.uk","Statistics -"," For","  contact"
"hj-weddingcakes.co.uk","authorities,"," for","  example  with"
"hj-weddingcakes.co.uk","Address"," for","  visitors"
"hj-weddingcakes.co.uk","of contact"," for","  information"
"hj-weddingcakes.co.uk","to the public"," For","  reference  by"
"hj-weddingcakes.co.uk","applying"," for","  loans  , but we"
"ctg-windows.co.uk","risk factor"," for",""
"ctg-windows.co.uk","","for","  stroke  RR 1.24"
"surf4wine.co.uk","to a smoothie"," for","  children  ."
"christinajones.co.uk","because of,"," for","  example  , the"
"christinajones.co.uk","essential"," for","  academics  ("
"christinajones.co.uk","business and"," for","  pleasure  . I"
"hypnos.co.uk","of plastics."," For","  example  it is"
"hypnos.co.uk","sources."," For","  example"
"hypnos.co.uk","from them. 3, 4"," For","  example  ,"
"hypnos.co.uk","is scheduled"," for",""
"hypnos.co.uk","similar foods"," for","  analysis  such"
"hypnos.co.uk","committees. 9"," For","  styrene  , a"
"hypnos.co.uk","prepared as"," for","  consumption  ("
"hypnos.co.uk","required"," for","  analysis  . The"
"hypnos.co.uk","were supplied"," for","  analysis  in"
"hypnos.co.uk","peak areas"," for","  styrene  at m/ z"
"hypnos.co.uk","corrected"," for","  recovery  ,"
"hypnos.co.uk","recoveries"," for","  in-batch  ?"
"hypnos.co.uk","139 per cent."," For","  styrene  to be"
"hypnos.co.uk","and 112/ 110"," for","  samples  to be"
"hypnos.co.uk","these ratios"," for","  standards  ."
"environment-agency.gov.uk","may make a dash"," for","  yourselves  ."
"environment-agency.gov.uk","were written"," for","  people  living"
"landmines.org.uk","casements fly"," for","  fear  , in a word"
"saladltd.co.uk","major areas"," for","  improvement"
"proweb.co.uk","? blue eyes."," For","  whites  to find"
"chippendale.co.uk","standard"," for","  decades  . The"
"chippendale.co.uk","microphones"," for","  everything"
"chippendale.co.uk","value"," for","  money  ,"
"monsanto.co.uk","solutions"," for","  retailers"
"monsanto.co.uk","America. ?"," For","  Scotweb  , the"
"monsanto.co.uk","facilities"," for","  currency"
"monsanto.co.uk","geared up"," for","  customers  to"
"monsanto.co.uk","the goalposts"," for","  retailers  . As"
"dailyreckoning.co.uk","the exemption"," for","  advice  is"
"dailyreckoning.co.uk","it an offence"," for","  officials  to"
"dailyreckoning.co.uk","fee"," for","  access  to"
"dailyreckoning.co.uk","charges"," for","  requests"
"dailyreckoning.co.uk","responsible"," for","  tasks  with no"
"uklug.co.uk","''s ''recipes"," for","  success  '', and"
"suffolkchurches.co.uk","thermometers"," for","  babies  '' baths"
"yealm-holidays.co.uk","Russia; a time"," for","  trade  unions"
"yealm-holidays.co.uk","to stand up"," for","  workers  ''"
"yealm-holidays.co.uk","conditions"," for","  trade  union"
"forums3.jolt.co.uk","each book"," for","  postage  (see"
"forums3.jolt.co.uk","service"," for","  collectors  We"
"zzap64.co.uk","clobbered"," for","  business"
"zzap64.co.uk","exclusively"," for","  business"
"zzap64.co.uk","you use a house"," for","  business"
"tauntondeane.gov.uk","those"," for","  stimulant"
"tauntondeane.gov.uk","phase"," for","  clients"
"tauntondeane.gov.uk","","for","  ex-drug  users"
"tauntondeane.gov.uk","and policies"," for","  staff  and"
"tauntondeane.gov.uk","education -"," for","  example  ,"
"tauntondeane.gov.uk",") training -"," for","  example  ,"
"tauntondeane.gov.uk","employment -"," for","  example  ,"
"tauntondeane.gov.uk","g. probation"," for","  probation"
"tauntondeane.gov.uk","services"," for","  community"
"tauntondeane.gov.uk","prioritised"," for","  entry  into"
"tauntondeane.gov.uk","be suitable"," for","  clients  who"
"tauntondeane.gov.uk","arrangements"," for","  dependants  ("
"tauntondeane.gov.uk","by SDPs."," For","  example  , an"
"tauntondeane.gov.uk","). Issues"," for","  populations"
"tauntondeane.gov.uk","timescales"," for","  referral"
"tauntondeane.gov.uk","include,"," for","  example  :"
"tauntondeane.gov.uk","waiting times"," for","  assessment"
"tauntondeane.gov.uk","timetable"," for","  service  user"
"tauntondeane.gov.uk","standards"," for","  alcohol  and"
"tauntondeane.gov.uk","care"," for","  drug  users ("
"tauntondeane.gov.uk","standards"," for","  drug  and"
"psni.police.uk","Purple """," for","  example  , and"
"psni.police.uk","Eyre - made"," for","  TV  in 1971 The"
"psni.police.uk","and short cues"," for","  timpani  and"
"psni.police.uk","soundtrack"," for","  director  Alan"
"psni.police.uk","available"," for","  piano  and"
"dadblog.co.uk","John Lewis"," for","  £149  (on"
"creativematch.co.uk","playing them"," for","  centuries  ."
"creativematch.co.uk","Ethnophonie"," for","  permission  to"
"creativematch.co.uk","to shoulder,"," for","  twelve  years."
"creativematch.co.uk","closed down"," for","  decades  and"
"creativematch.co.uk",", occasions"," for","  parties  are"
"creativematch.co.uk","de bãut (","for","  drinking  ) are"
"creativematch.co.uk","de jucat (","for","  dancing  ) are"
"creativematch.co.uk","Bãrbãtescul (","for","  men  ) and"
"sciencemadesimple.co.uk","Directive"," for","  doctors  in"
"sciencemadesimple.co.uk","treatment"," for","  patients  , a"
"sciencemadesimple.co.uk","environment"," for","  staff  . """
"sciencemadesimple.co.uk","challenge"," for","  services  in"
"sciencemadesimple.co.uk","'' [ Top ] New CEO"," for","  health  and"
"sciencemadesimple.co.uk","information"," for","  anyone  who has"
"britslash.co.uk","by event type."," For","  information"
"rainharvesting.co.uk","gardening"," for","  leisure"
"lag.org.uk","the Internet"," for","  business  is a"
"lag.org.uk",". Ability"," for","  agents  to send"
"lag.org.uk","their clients"," for","  approval"
"lag.org.uk","date, and"," for","  agents  to"
"gardenaction.co.uk","processes."," For","  example  ,"
"gardenaction.co.uk","a difficulty"," for","  users  and"
"gardenaction.co.uk","the potential"," for","  scholars  to be"
"gardenaction.co.uk","-"," for","  example  ,"
"gardenaction.co.uk","problems is"," for","  publishers  to"
"gardenaction.co.uk","a day of work"," for","  someone"
"gardenaction.co.uk","available"," for","  harvesting"
"gardenaction.co.uk","and services"," for","  housing  and"
"gardenaction.co.uk",", allows"," for","  changes  to the"
"gardenaction.co.uk","repositories"," for","  publisher"
"gardenaction.co.uk",", allow"," for","  searches  to be"
"parentzonescotland.gov.uk","chemotherapy"," for","  cancer  at the"
"parentzonescotland.gov.uk","possibility"," for","  resolution"
"parentzonescotland.gov.uk","process."," For","  example  , Ann"
"parentzonescotland.gov.uk","in our search"," for","  answers  ."
"parentzonescotland.gov.uk","retreats"," for","  therapists"
"parentzonescotland.gov.uk","and"," for","  clients  that"
"parentzonescotland.gov.uk","seminars"," for","  therapists  ."
"evuk.co.uk","diving school"," for","  training  , and"
"evuk.co.uk","treatment"," for",""
"evuk.co.uk","treatment"," for",""
"evuk.co.uk","for 24 hours"," for","  observation"
"evuk.co.uk","treatment"," for",""
"natural-law-party.org.uk","requirements"," for","  proof  of"
"natural-law-party.org.uk","test"," for","  distinctness"
"natural-law-party.org.uk","loophole"," for","  ''nonlethal  ''"
"natural-law-party.org.uk","is calling"," for","  procedures  to"
"imprint.co.uk","the deadline"," for","  registration"
"imprint.co.uk",". Closing date"," for","  submission  of"
"imprint.co.uk",". EndNote Plus"," for","  PC  and Mac"
"imprint.co.uk","to apply"," for","  advancement  ,"
"imprint.co.uk",". The deadline"," for","  applications"
"healinghandsnetwork.org.uk","reasons"," for","  non-use"
"healinghandsnetwork.org.uk","proper reason"," for","  non-use  ."
"ast.cam.ac.uk","CD-ROM with (","for","  example  ) a Mac"
"l-w-bks.co.uk","dancers ate"," for","  dinner  or"
"l-w-bks.co.uk","by Romantics"," for","  prehistory"
"l-w-bks.co.uk","English,"," for","  instance  ."
"l-w-bks.co.uk","tendency"," for","  festivals"
"l-w-bks.co.uk","self-ethic,"," for","  example  - are"
"l-w-bks.co.uk","power,"," for","  example  -"
"l-w-bks.co.uk","him or her long"," for","  escape  . The"
"l-w-bks.co.uk","Pagans,"," for","  example  ,"
"l-w-bks.co.uk","protests,"," for","  instance  -"
"nfrc.co.uk","world war,"," for","  example  , were"
"nfrc.co.uk","are opened out"," for","  discussion"
"falconbury.co.uk","''s admiration"," for","  theology  and"
"falconbury.co.uk","regard"," for","  truth  . His"
"falconbury.co.uk",". His respect"," for","  truth  could"
"falconbury.co.uk","regulator"," for","  mines  . It"
"falconbury.co.uk","","for","  mines  would"
"falconbury.co.uk","rescue was bad"," for","  nations  as"
"falconbury.co.uk","in the navy,"," for","  training"
"falconbury.co.uk","would take me"," for","  walks  and tell"
"aidan.co.uk","clothing"," for","  rugby  , Gaelic"
"aidan.co.uk","gear"," for",""
"geog.cam.ac.uk",". Closing Date"," for","  applications"
"geog.cam.ac.uk","available"," for","  award  is 45."
"geog.cam.ac.uk",". Closing date"," for","  applications"
"geog.cam.ac.uk","Great Britain"," for","  support  for"
"geog.cam.ac.uk","training"," for","  students  from"
"geog.cam.ac.uk","training"," for","  industry  . The"
"geog.cam.ac.uk","Deadline"," for","  applications"
"faith.co.uk","Institute,"," for","  anyone  in"
"faith.co.uk","Metafilter,"," for","  example  , and"
"faith.co.uk","struggling"," for","  freedom  and"
"faith.co.uk","is a hostel"," for","  monks  at Gaden"
"faith.co.uk","are intended"," for","  people  with"
"faith.co.uk","available"," for","  download  via"
"faith.co.uk","sought out"," for","  information  ."
"faith.co.uk","resources"," for","  students  and"
"overclockers.co.uk","at worst. [ 1 ]"," For","  example  , in"
"overclockers.co.uk","Hutcheon,"," for","  example  ,"
"overclockers.co.uk","writing?"," for","  example  , the"
"overclockers.co.uk","pressing hard"," for",""
"overclockers.co.uk","of the reader."," For","  example  ,"
"overclockers.co.uk","writers (","for","  example  ,"
"overclockers.co.uk","anxieties?"," for","  example  ,"
"overclockers.co.uk","the comic has"," for","  Romanticism"
"overclockers.co.uk","manner."," For","  example  , the"
"overclockers.co.uk","). Searching"," for","  freedom  and"
"overclockers.co.uk","in other ways:"," for","  example  , a"
"overclockers.co.uk","as necessary"," for","  citizenship  ''"
"overclockers.co.uk","develops."," For","  while  , on the"
"overclockers.co.uk","). 17. Varma,"," for","  example  ,"
"racoon.dircon.co.uk","new proposals"," for","  grants  that"
"racoon.dircon.co.uk","and GIS tools"," for","  bulletin"
"racoon.dircon.co.uk","based system"," for","  editors  to"
"racoon.dircon.co.uk","will mean,"," for","  example  , that"
"racoon.dircon.co.uk","ISF format."," For","  efficiency  ,"
"racoon.dircon.co.uk","noise records"," for",""
"yealm-holidays.co.uk","they apply to."," For","  example  , the"
"yealm-holidays.co.uk","fact present."," For","  example  , a"
"yealm-holidays.co.uk","to have. (","For","  example  , it"
"yealm-holidays.co.uk","adapter class"," for","  objects  that"
"yealm-holidays.co.uk","is asked"," for","  property"
"yealm-holidays.co.uk","constructors"," for","  use  either as a"
"virtualsociety.sbs.ox.ac.uk","the schedule"," for",""
"virtualsociety.sbs.ox.ac.uk","body"," for","  fruit"
"virtualsociety.sbs.ox.ac.uk","software"," for","  test  . "" In"
"virtualsociety.sbs.ox.ac.uk","to us, but not"," for","  publication  )"
"virtualsociety.sbs.ox.ac.uk","be downloaded"," for","  viewing  here ("
"asiaticpheasants.co.uk","stops the need"," for","  explanation"
"asiaticpheasants.co.uk","''rock '' stands"," for","  sadness  . We"
"asiaticpheasants.co.uk","worst memory."," For","  example  , when"
"asiaticpheasants.co.uk",". (","For","  example  ,"
"asiaticpheasants.co.uk","memories,"," for","  example  , we go"
"asiaticpheasants.co.uk","T-1, a place"," for","  information"
"asiaticpheasants.co.uk","6. HINTS - Look"," for","  linkages"
"asiaticpheasants.co.uk",""" I feel sad """," for","  example  . Now a"
"asiaticpheasants.co.uk","retreats"," for","  therapists"
"asiaticpheasants.co.uk","seminars"," for","  therapists  in"
"fork.org.uk","We can arrange"," for","  employers  to"
"fork.org.uk","university"," for","  recruitment"
"fork.org.uk","their skills"," for",""
"christis.org.uk","; and to screen"," for","  conditions"
"chester.ac.uk","cared nothing"," for","  appearances  ,"
"chester.ac.uk","and again"," for","  payment  . To"
"allotment.org.uk","holy wells -"," for","  instance  at St"
"allotment.org.uk","influence,"," for","  example  Bran"
"clarence.ndirect.co.uk","charged"," for","  twelve  months"
"news.bbc.co.uk","is just enough"," for","  officials  to"
"news.bbc.co.uk","mean,"," for","  example  , that"
"news.bbc.co.uk","request."," For","  everyone  else"
"news.bbc.co.uk",", and waived"," for","  disclosures"
"news.bbc.co.uk","should be made"," for","  requests"
"news.bbc.co.uk","be no charge"," for","  information"
"news.bbc.co.uk","free or"," for","  information"
"news.bbc.co.uk","as the reasons"," for","  decisions"
"news.bbc.co.uk","charges only"," for","  requests"
"news.bbc.co.uk","£20 an hour"," for","  others  . The"
"news.bbc.co.uk","no charge"," for","  requests"
"news.bbc.co.uk","a flat £50"," for","  requests"
"news.bbc.co.uk","fee of £150"," for","  requests"
"news.bbc.co.uk","charges"," for","  information  I"
"cs.cf.ac.uk","be a candidate"," for","  honours  in"
"cs.cf.ac.uk",". See flyer"," for","  details  ."
"cs.cf.ac.uk","the deadline"," for","  applications"
"asa-training.co.uk","be "" submitted"," for","  housing  on the"
"asa-training.co.uk","that the plan"," for","  houses  and"
"asa-training.co.uk","were "" plans"," for","  railings  and"
"mcmuffin.co.uk","CAMPBELL"," for","  pu  ... [ more ]"
"cmf.org.uk","head as a cloak"," for","  warmth  . Play"
"cmf.org.uk","be a tendency"," for","  fabrics  woven"
"compbio.dundee.ac.uk","man looking"," for","  something"
"teachernet.gov.uk","services"," for","  price  and"
"teachernet.gov.uk","only pay out"," for","  ratings  of"
"teachernet.gov.uk","and then wait"," for","  ages  to make a"
"teachernet.gov.uk","com: Use Ciao!"," For","  opinions  and"
"teachernet.gov.uk",": Awful"," for","  surveys  , Very"
"teachernet.gov.uk","to qualify"," for","  surveys"
"teachernet.gov.uk","member of Ciao"," for","  ages  and only"
"teachernet.gov.uk","of Dooyoo"," for","  years  , but"
"teachernet.gov.uk","been paid"," for","  writing  ... uk"
"chrishardy.co.uk","powers,"," for","  example  , to"
"chrishardy.co.uk",""" a request"," for","  information  """
"chrishardy.co.uk","and allowance"," for","  savings  and"
"chrishardy.co.uk","","for",""
"chrishardy.co.uk","with requests"," for","  information  ."
"chrishardy.co.uk","","for","  comments  ."
"chrishardy.co.uk","to prepare"," for",""
"chrishardy.co.uk","candidates"," for","  repeal  ."
"chrishardy.co.uk","candidates"," for","  exclusion  ."
"chrishardy.co.uk","be available"," for","  consultation"
"chrishardy.co.uk","arrangements"," for","  training  both"
"chrishardy.co.uk","structures"," for","  planning  and"
"chrishardy.co.uk","implications"," for","  records"
"chrishardy.co.uk","Act is a tool"," for","  culture"
"chrishardy.co.uk","be required"," for","  decision"
"chrishardy.co.uk","with requests"," for","  information  ."
"chrishardy.co.uk","will be used"," for","  awareness"
"chrishardy.co.uk","make use of it"," for","  cascade"
"chrishardy.co.uk","order to plan"," for",""
"chrishardy.co.uk","","for","  policy  ,"
"chrishardy.co.uk","implications"," for","  institutions"
"chrishardy.co.uk","arrangements"," for","  refusal  of"
"chrishardy.co.uk","members."," For","  example  , the"
"chrishardy.co.uk","as a back-stop"," for","  requests  that"
"chrishardy.co.uk","back and wait"," for","  requests  for"
"chrishardy.co.uk","for requests"," for","  information"
"chrishardy.co.uk","application"," for","  registration"
"chrishardy.co.uk","requests"," for","  information"
"chrishardy.co.uk","day deadline"," for","  responses  ."
"chrishardy.co.uk","initiatives."," For","  example  ,"
"superboss.co.uk","y). real) (","for","  complex  ). The"
"christianvoice.org.uk","profiles"," for","  non-Epson"
"webwasp.co.uk","available"," for","  download  (PDF"
"fatbirds.co.uk","efforts"," for",""
"fatbirds.co.uk","newsletter"," for","  fans  of the"
"fatbirds.co.uk","course, good"," for","  Aussie  news"
"fatbirds.co.uk","this -- either"," for","  publication"
"samuelbrittan.co.uk","services -"," for","  instance  , the"
"dvla.gov.uk","cumbersome"," for","  government  of"
"dvla.gov.uk","constituted"," for","  aIl  Irish"
"dvla.gov.uk","be agreed"," for","  designation"
"dvla.gov.uk","top candidate"," for","  designation"
"dvla.gov.uk",". This has,"," for","  instance  ,"
"dvla.gov.uk","the need"," for","  agreement"
"dvla.gov.uk",". Does he,"," for","  example  ,"
"dvla.gov.uk","some cause"," for","  dismay  at the"
"dvla.gov.uk","1980. He was"," for","  twelve  years"
"geo.ed.ac.uk","green space"," for","  wildlife  and a"
"geo.ed.ac.uk","are looking"," for","  donations  to"
"vampiremovies.co.uk","with the area."," For","  descriptions"
"vampiremovies.co.uk","to Visit Page."," For","  details  of"
"vampiremovies.co.uk","site"," for",""
"vampiremovies.co.uk","place to visit"," for","  history  buffs"
"vampiremovies.co.uk","Cemeteries"," For","  genealogists"
"www-history.mcs.st-andrews.ac.uk","were hungry"," for","  gossip  about"
"www-history.mcs.st-andrews.ac.uk",", and eager"," for","  advice  about"
"www-history.mcs.st-andrews.ac.uk","the big strike"," for","  months  . Two"
"www-history.mcs.st-andrews.ac.uk","are yet asking"," for","  copies  . '' ''I am"
"www-history.mcs.st-andrews.ac.uk","threatened"," for","  months  , and"
"www-history.mcs.st-andrews.ac.uk","What is it like"," for","  Iraqis  to live"
"www-history.mcs.st-andrews.ac.uk","important"," for","  recognition"
"truefreedomtrust.co.uk","in reading"," for","  children  who"
"truefreedomtrust.co.uk","Application"," for","  Students  ''"
"untoldlondon.org.uk","no relish"," for","  country"
"untoldlondon.org.uk",", and relying,"," for","  influence  ,"
"untoldlondon.org.uk","preference"," for","  matter  over"
"untoldlondon.org.uk","preference"," for","  tradition"
"untoldlondon.org.uk","a pretty place"," for","  coursing  and"
"untoldlondon.org.uk","coursing and"," for","  hare-hunting"
"untoldlondon.org.uk","hang his head"," for","  shame  : the"
"thepixelfarm.co.uk","where water (","for","  irrigation"
"thepixelfarm.co.uk",", suitable"," for","  construction"
"thepixelfarm.co.uk","tools needed"," for","  tank"
"thepixelfarm.co.uk","coarse filter"," for","  water"
"thepixelfarm.co.uk","recommended"," for","  high-wage"
"thepixelfarm.co.uk","the sequence"," for","  construction"
"thepixelfarm.co.uk","hard standing"," for","  pumper  and"
"thepixelfarm.co.uk","labour"," for","  digging  (9 m 3)"
"thepixelfarm.co.uk","tested"," for","  strength  were"
"prs-ltsn.leeds.ac.uk","mistake words"," for","  thoughts  """
"prs-ltsn.leeds.ac.uk","a ''fit state ''"," for","  consumption  ."
"cas.ed.ac.uk",", perfect"," for","  people  with"
"cas.ed.ac.uk","had! Perfect"," for","  people  who"
"chippendale.co.uk","could hire..."," for","  singin  ` Deans"
"ukcle.ac.uk","for a code or"," for","  stations"
"ukcle.ac.uk","times"," for","  location  . The"
"warwithoutend.co.uk",", many hoping"," for","  cures  for"
"warwithoutend.co.uk","of worship"," for","  centuries  ,"
"cimhscaretrust.nhs.uk","capacity"," for","  building"
"cimhscaretrust.nhs.uk",". co. uk"," For","  information"
"phrases.org.uk",", I asked him"," for","  money  . He did"
"phrases.org.uk","quite rare (","for","  instance"
"phrases.org.uk","is uneven."," For","  instance  , in"
"phrases.org.uk","; but I can say,"," for","  instance  ,"
"i-sis.org.uk","on the beach"," for","  dinner  ,"
"i-sis.org.uk","could be hired"," for","  £1.20  each."
"chester.ac.uk","rules"," for","  tax  schemes."
"chester.ac.uk","the rules"," for","  disclosure  of"
"chester.ac.uk",") were issued"," for","  comment  on 28"
"chester.ac.uk","available"," for","  use  in the"
"chester.ac.uk",":"," For","  completion  by"
"chester.ac.uk","(PDF 30K)P"," For","  completion  by"
"chester.ac.uk","UK (PDF 30K)"," For","  users  of"
"microsharp.co.uk","was to be sold"," for","  scrap  , the"
"microsharp.co.uk","withdrawn"," for","  non-payment"
"microsharp.co.uk","cargo"," for","  months  in"
"microsharp.co.uk",", claim"," for","  damage  to its"
"princes-trust.org.uk","at no cost"," for","  advertisers  ."
"geolsoc.org.uk","year-round"," for","  everything  ."
"crewecvs.org.uk","a ''struggle"," for","  existence  ''."
"crewecvs.org.uk",". Hence,"," for","  example  , the"
"crewecvs.org.uk","its agility,"," for","  example  . Yet"
"crewecvs.org.uk","felt the need"," for","  maths  , and"
"crewecvs.org.uk","of their own."," For","  example  ,"
"adtrader.co.uk","on 2/ 9/ 00. (","For","  details  see"
"shadowsonthewall.co.uk","say ''lore ''"," for","  ''law  '' and"
"shadowsonthewall.co.uk","'' and ''sore ''"," for","  ''saw  '' etc? It"
"shadowsonthewall.co.uk",". It ''s normal"," for","  sounds  to be"
"ofsted.gov.uk","market model (","for","  example"
"ofsted.gov.uk","apt"," for","  primate"
"ofsted.gov.uk","of the market."," For","  groups  of"
"ofsted.gov.uk","who compete"," for","  access  to"
"ofsted.gov.uk","each other"," for","  access  to"
"ofsted.gov.uk","an option"," for","  players  to"
"ofsted.gov.uk","competition"," for","  access  to"
"ofsted.gov.uk","cases,"," for","  example"
"ofsted.gov.uk","in primates,"," for","  example  , also"
"ofsted.gov.uk","be possible"," for",""
"ofsted.gov.uk","by force."," For","  example  if the"
"ofsted.gov.uk",", etc (","for","  example  see"
"ofsted.gov.uk","compete less"," for","  access  to"
"ofsted.gov.uk","interchanged"," for","  tolerance  ."
"ofsted.gov.uk","interchange (","for","  tolerance  ,"
"ofsted.gov.uk","the type-A"," for","  tolerance  in"
"ofsted.gov.uk","competing"," for","  access  to the"
"ofsted.gov.uk","allogrooming"," for","  access  to"
"ofsted.gov.uk","interchanged"," for","  access  to a"
"ofsted.gov.uk","interchanged"," for","  allogrooming"
"ofsted.gov.uk","the need"," for","  bookkeeping  ("
"ofsted.gov.uk","the behaviour"," for","  allogrooming"
"ofsted.gov.uk","demonstrated"," for","  trading  of"
"ofsted.gov.uk","allogrooming"," for","  tolerance  at"
"ofsted.gov.uk","allogrooming"," for","  food  . de Waal ("
"ofsted.gov.uk","apparent RHP"," for","  subordinates"
"ofsted.gov.uk","competing"," for","  support  from"
"ofsted.gov.uk","are competing"," for","  coalitions"
"ofsted.gov.uk","used already"," for","  research  on"
"ofsted.gov.uk","be rendered"," for","  services  . It"
"ofsted.gov.uk","a preference"," for","  kinship  . A"
"ofsted.gov.uk","trading"," for","  allogrooming"
"ofsted.gov.uk","the mother"," for","  access  to her"
"ofsted.gov.uk","rendered"," for","  access  to the"
"ofsted.gov.uk","the may be sold"," for","  £5000  ,"
"ofsted.gov.uk","be sold to him"," for","  £4500  because"
"ofsted.gov.uk","need to barter"," for","  access  to the"
"ofsted.gov.uk","reduction"," for","  kin  is not an"
"ofsted.gov.uk","than in A''03"," for","  juveniles"
"ofsted.gov.uk","allogrooming"," for","  access  . This"
"johnbuchansociety.co.uk","dramatized"," for","  television  by"
"johnbuchansociety.co.uk","opportunity"," for","  laboratory"
"johnbuchansociety.co.uk","the computer"," for","  help  ."
"bioweb2.bio.uea.ac.uk","Raiders going"," for","  £10.00  then"
"bioweb2.bio.uea.ac.uk","only useful"," for","  converters"
"bioweb2.bio.uea.ac.uk","e. when you see"," for","  example  """
"bioweb2.bio.uea.ac.uk","Assassins """," for","  sale  , it is an"
"bioweb2.bio.uea.ac.uk","are great"," for","  painting"
"bioweb2.bio.uea.ac.uk","all my old ones"," for","  reference  ,"
"bioweb2.bio.uea.ac.uk","will be paying"," for","  something"
"bioweb2.bio.uea.ac.uk","well as items"," for","  sale  . Not all,"
"bioweb2.bio.uea.ac.uk","Thank you"," for","  voting  . If"
"americansc.org.uk",", and which"," for","  generations"
"americansc.org.uk","a centre"," for","  pilgrimage  ,"
"showmelearning.co.uk","need plants"," for","  containers  ,"
"showmelearning.co.uk","plant groups"," for","  research  ."
"eng.bham.ac.uk","drive to look"," for","  others  like me"
"eng.bham.ac.uk","at that time"," for","  $30  to $50 per"
"eng.bham.ac.uk","all worked"," for","  hire  , back"
"eng.bham.ac.uk",", I am looking"," for","  funding  and I"
"eng.bham.ac.uk","I say thank you"," for","  listening  and"
"animism.org.uk","small enough"," for","  everybody  to"
"animism.org.uk","facilities"," for","  research  ."
"swiftmedical.co.uk","forward a few"," for",""
"swiftmedical.co.uk","it is good"," for","  people  to come"
"swiftmedical.co.uk","more tragedy"," for","  school"
"swiftmedical.co.uk","won''t be good"," for","  school"
"swiftmedical.co.uk","and excellent"," for","  families  to"
"docrafts.co.uk","information"," for","  suppliers"
"docrafts.co.uk","new? »Tender"," for","  claims"
"petersfield-urc.org.uk",". The sign"," for","  jct  30 says"
"petersfield-urc.org.uk","follow signs"," for","  exit  (A379 -"
"saferhealthcare.org.uk","requirements"," for","  programme"
"saferhealthcare.org.uk","outcomes"," for","  exit  awards"
"saferhealthcare.org.uk","School level"," for","  approval  ("
"saferhealthcare.org.uk","an handbooks"," for","  students  ) If"
"saferhealthcare.org.uk","to E-PASC"," for","  approval"
"saferhealthcare.org.uk","preparedness"," for","  provision  -"
"saferhealthcare.org.uk","the rationale"," for","  amendment"
"travel.timesonline.co.uk","admiration"," for","  writers"
"travel.timesonline.co.uk","writes,"," for","  example  , of"
"travel.timesonline.co.uk","does duty"," for","  thought  . Too"
"travel.timesonline.co.uk","takes time,"," for","  patience  is"
"wasteonline.org.uk","be of interest"," for","  residents  and"
"wasteonline.org.uk","purposes"," for","  schools  and"
"natural-law-party.org.uk","perfect gift"," for","  birthdays  ,"
"manacad.co.uk","Designed"," for","  use  with the"
"manacad.co.uk","from water (","for","  example"
"manacad.co.uk","- useful"," for","  greenhouses"
"manacad.co.uk","(G77) Ideal"," for","  greenhouses"
"manacad.co.uk","designed"," for","  use  with ¼ """
"chrishardy.co.uk","the barrier"," for","  users  wishing"
"chrishardy.co.uk","while waiting"," for","  responses  . It"
"chrishardy.co.uk","criteria."," For","  example  , a"
"chrishardy.co.uk","a service,"," for","  example  an XML"
"chrishardy.co.uk","this service."," For","  example  when"
"chrishardy.co.uk","schema"," for","  service"
"chrishardy.co.uk","the services"," for","  creator  field"
"chrishardy.co.uk","tagging."," For","  example  , in a"
"chrishardy.co.uk","link to,"," for","  instance  ,"
"chrishardy.co.uk","to search"," for","  images  of"
"chrishardy.co.uk","OpenURL links"," for","  articles  and"
"chrishardy.co.uk","links,"," for","  example  , a"
"chrishardy.co.uk","available"," for","  services  that"
"chrishardy.co.uk","services."," For","  example  a name"
"chrishardy.co.uk","a standard."," For","  example  ,"
"chrishardy.co.uk","Generic names"," for","  parameters"
"chrishardy.co.uk",", as well as"," for","  parameters"
"chrishardy.co.uk","services,"," for","  example  a"
"chrishardy.co.uk","."," For","  example  ,"
"chrishardy.co.uk","page or,"," for","  metadata"
"chrishardy.co.uk","services,"," for","  example  from"
"chrishardy.co.uk","URL ''s"," for","  access  to"
"chrishardy.co.uk","the barrier"," for",""
"libertas.demon.co.uk","UK - Survey"," for","  Aflatoxins  ,"
"libertas.demon.co.uk","samples"," for","  analysis  . The"
"libertas.demon.co.uk","foods. Limits"," for","  OA  in foods"
"libertas.demon.co.uk","out surveys"," for","  OA  in a range of"
"libertas.demon.co.uk",", Norwich"," for","  analysis  at"
"libertas.demon.co.uk","was taken"," for","  analysis  ."
"libertas.demon.co.uk","was removed"," for","  analysis  ."
"libertas.demon.co.uk","method used"," for","  plasma"
"libertas.demon.co.uk",", corrected"," for","  recovery  , are"
"libertas.demon.co.uk","lifestyles."," For","  example  in a"
"libertas.demon.co.uk","conclusions."," For","  example  the OA"
"libertas.demon.co.uk","level"," for","  plasma"
"libertas.demon.co.uk","limits"," for","  OA  in foods."
"libertas.demon.co.uk","Ethnic Foods """," for","  Mycotoxins  ."
"libertas.demon.co.uk","results"," for","  ochratoxin  A"
"ilook.fsnet.co.uk","Ties. Via art"," for","  housewives  ."
"ilook.fsnet.co.uk","and art"," for","  housewives  ,"
"ilook.fsnet.co.uk",". ;) Read art"," for","  housewives  to"
"ilook.fsnet.co.uk","housesitting"," for","  jp  , the bon"
"marquee.demon.co.uk","The potential"," for","  gene  therapy"
"henleyrugbyclub.org.uk","£111million"," for","  skills"
"henleyrugbyclub.org.uk","pay gap '' bad"," for","  business  -"
"henleyrugbyclub.org.uk","rates"," for","  non-Whites"
"henleyrugbyclub.org.uk","satisfaction"," for","  women  working"
"henleyrugbyclub.org.uk","tax exemption"," for","  pensions"
"henleyrugbyclub.org.uk","fees"," for","  seminars  or"
"henleyrugbyclub.org.uk","advice"," for","  employees  , a"
"henleyrugbyclub.org.uk","exemptions"," for","  canteen  and"
"henleyrugbyclub.org.uk","new skill set"," for","  people"
"henleyrugbyclub.org.uk","information"," for","  anyone  who has"
"realgap.co.uk","Ethnography,"," for","  example  , can"
"realgap.co.uk","and fight"," for","  value  of PaR."
"realgap.co.uk","are needed"," for","  practice  as"
"realgap.co.uk","journals"," for","  submission"
"realgap.co.uk","upon it."," For","  example  ,"
"realgap.co.uk","research ''"," for","  peers  if"
"linuxformat.co.uk","whilst boring"," for","  coal  , when at a"
"linuxformat.co.uk","- A Handbook"," for","  travellers"
"linuxformat.co.uk","here - steep"," for","  sandstone  ,"
"linuxformat.co.uk",", less steep"," for","  shale  - the"
"linuxformat.co.uk",". Once used"," for","  baptisms  in"
"fairplay.co.uk","and hints"," for","  play  . For"
"fairplay.co.uk","for play."," For","  gamers  that"
"fairplay.co.uk","a long time"," for","  someone"
"fairplay.co.uk","recommended"," for","  players"
"fairplay.co.uk","great value"," for","  money  . 9.5/ 10"
"allsaints.gloriousblueweb.co.uk","IGER) Science"," for","  agriculture"
"allsaints.gloriousblueweb.co.uk","can also apply"," for","  research"
"formula.co.uk",". Responsible"," for","  preparation"
"societies.ncl.ac.uk","delivery bays"," for","  shops  to be"
"societies.ncl.ac.uk","were offered"," for","  sale  to"
"societies.ncl.ac.uk","as a tile kiln."," For","  centuries  ,"
"societies.ncl.ac.uk","a receptacle"," for","  rubbish"
"societies.ncl.ac.uk","towns,"," for","  example  ,"
"societies.ncl.ac.uk","order that """," For","  divers  good"
"societies.ncl.ac.uk","walls ""."," For","  centuries"
"helios.bto.ed.ac.uk","to NHS care"," for","  people  in the"
"helios.bto.ed.ac.uk","place"," for","  patients  to"
"helios.bto.ed.ac.uk","to come"," for","  surgery  under"
"david.dupplaw.me.uk","and lust"," for","  life  are at"
"david.dupplaw.me.uk",": Browse"," for","  Books  in:"
"david.dupplaw.me.uk","Search"," for","  books  by"
"st-edmunds.cam.ac.uk","a coursebook"," for","  use  in Primary"
"recordsmanagement.ed.ac.uk","layout"," for","  everything"
"recordsmanagement.ed.ac.uk","dupes,"," for","  instance  ."
"recordsmanagement.ed.ac.uk","be waiting"," for","  somebody  to"
"recordsmanagement.ed.ac.uk","could travel"," for","  miles  without"
"recordsmanagement.ed.ac.uk",". I don''t drive"," for","  security"
"recordsmanagement.ed.ac.uk",", Blue, XPath"," for","  ActionScript"
"recordsmanagement.ed.ac.uk",". Jaxen,"," for","  instance  ,"
"recordsmanagement.ed.ac.uk","you could say,"," for","  instance  if"
"recordsmanagement.ed.ac.uk","info in there,"," for","  instance  . I"
"nfrc.co.uk","deployed"," for","  earthquake"
"nfrc.co.uk",". She found,"," for","  example  , that"
"nfrc.co.uk","splitting."," For","  example  , he"
"nfrc.co.uk","corrected"," for","  splitting"
"nfrc.co.uk","correction"," for","  splitting  ."
"friendsreunitedjobs.co.uk","quality ideal"," for","  pastry  discs"
"screenselect.co.uk","Preparing"," for","  power  - part 7"
"swmaritime.org.uk","you ''re stuck"," for","  something  to"
"qaa.ac.uk","fragrances"," for","  friends  and"
"qaa.ac.uk","is infused,"," for","  example  rose"
"qaa.ac.uk","example rose"," for","  love  , lilac"
"qaa.ac.uk","love, lilac"," for","  happiness  and"
"qaa.ac.uk","and rosemary"," for",""
"qaa.ac.uk","you seek,"," for","  example  more"
"qaa.ac.uk","is fine) and"," for","  others  a good"
"qaa.ac.uk","preparation."," For","  colognes  or"
"qaa.ac.uk","The best roses"," for","  fragrance"
"qaa.ac.uk","in your home"," for","  protection  or"
"qaa.ac.uk","exploration,"," for","  rituals  and in"
"qaa.ac.uk","of the water,"," for","  example  : ` I"
"qaa.ac.uk","method"," for","  flower  waters"
"qaa.ac.uk","chant."," For","  example  if you"
"qaa.ac.uk",","," for","  example  : `"
"qaa.ac.uk","above"," for","  flower  waters"
"qaa.ac.uk","you made it,"," for","  example  , `"
"qaa.ac.uk","in a ritual"," for","  courage  to"
"qaa.ac.uk","blend"," for","  example"
"qaa.ac.uk",", eager"," for","  travel  and for"
"qaa.ac.uk","fragrances"," for","  courage  ,"
"qaa.ac.uk",", impetus"," for","  change  , to"
"sasi.group.shef.ac.uk","of evidence"," for",""
"sasi.group.shef.ac.uk","miracle cure"," for","  MS  , much as we"
"cgsupport.nhs.uk",". Firstly,"," for","  sightings  to"
"byzantium.ac.uk","art plans"," for","  transporters"
"byzantium.ac.uk","struggling"," for",""
"byzantium.ac.uk","in the mood"," for","  love  . ''"
"byzantium.ac.uk","of all types"," for","  sale  in rural"
"byzantium.ac.uk","(Fossdyke,"," for","  example  ). The"
"byzantium.ac.uk","''s quest"," for","  shade  from the"
"libdemsalter.org.uk","whores. As"," for","  format  , their"
"hull.ac.uk","and value"," for","  money  service"
"hull.ac.uk","select and pay"," for","  service  I use"
"hull.ac.uk","eBay for a desk"," for","  ages  until I"
"hull.ac.uk","the internet"," for","  sales  , so few"
"wilsonst.bham.sch.uk","update"," for","  everyone"
"homepages.inf.ed.ac.uk","this level"," for","  innovation  ,"
"homepages.inf.ed.ac.uk","to mention"," for","  posterity  ''s"
"mikefloate.clara.co.uk","at the sun."," For","  Goethe  ,"
"mikefloate.clara.co.uk","make sense."," For","  example  ,"
"money.guardian.co.uk","addresses"," For","  visitors  of"
"money.guardian.co.uk","picture."," For","  drivers  of"
"worshipacademy.co.uk","and guides"," for","  people"
"worshipacademy.co.uk","and resources"," for","  teaching  and"
"worshipacademy.co.uk","below is"," for",""
"worshipacademy.co.uk","pack"," for","  information"
"theherald.co.uk","at this site"," for","  lovers  of"
"theherald.co.uk","fabrics"," for","  wicking  away"
"theherald.co.uk",", and dresses"," for","  beach  and"
"theherald.co.uk","rock shoes"," for","  feet  planning"
"lists.aldigital.co.uk","a stellar show"," for","  hundreds  of"
"techscribe.co.uk","equally."," For","  instance  ,"
"truefreedomtrust.co.uk",". One of those """," for","  dummies  """
"tonykline.co.uk",". Decent value"," for","  money  watch."
"tonykline.co.uk","of a long quest"," for","  perfection"
"tonykline.co.uk",". Decent value"," for","  money  watch."
"tonykline.co.uk","of a long quest"," for","  perfection"
"tonykline.co.uk","is shaped"," for","  exploits"
"tonykline.co.uk",", are styled"," for","  action  under"
"tonykline.co.uk","one used just"," for",""
"tonykline.co.uk","of a long quest"," for","  perfection"
"tonykline.co.uk","of a long quest"," for","  perfection"
"tonykline.co.uk","of a long quest"," for","  perfection"
"webjcli.ncl.ac.uk","or credit"," for","  work"
"webjcli.ncl.ac.uk","a way to check"," for",""
"webjcli.ncl.ac.uk","purposes"," for","  classroom"
"webjcli.ncl.ac.uk",", to check"," for",""
"webjcli.ncl.ac.uk","test use"," for","  students  from"
"webjcli.ncl.ac.uk","guidance"," for","  planning  and"
"webjcli.ncl.ac.uk","are tested"," for","  competence  ."
"webjcli.ncl.ac.uk","or lesson"," for","  students  to"
"webjcli.ncl.ac.uk","expectations"," for","  performance"
"webjcli.ncl.ac.uk","standard used"," for","  evaluation  ."
"webjcli.ncl.ac.uk","(2001),"," for","  example  ,"
"webjcli.ncl.ac.uk","a rubric"," for","  web  site"
"thepixelfarm.co.uk","challenging"," for","  promotion"
"rnib.org.uk",""" web images"," for","  reference  and"
"qmul.ac.uk","emphasised."," For","  stress  ,"
"qmul.ac.uk","first adapted"," for","  stress"
"film.guardian.co.uk","Bash calls"," for","  votes  and"
"film.guardian.co.uk","the Campaign"," for","  Socialism  - a"
"henniker.org.uk","colour charts"," for","  something"
"henniker.org.uk","face. Julie,"," for","  example  , was"
"walsinghamanglican.org.uk","nature"," for","  life  . If you"
"william-shakespeare.classic-literature.co.uk","not required"," for","  students  on"
"macrobiotics.co.uk","are cause"," for","  alarm  . These"
"macrobiotics.co.uk",". Dent [ 2 ],"," for","  example"
"macrobiotics.co.uk","pylori,"," for","  instance  [ 6 ])"
"macrobiotics.co.uk","","for","  treatments  ("
"macrobiotics.co.uk","of reasons"," for","  study"
"macrobiotics.co.uk","these studies"," for","  healing  at"
"macrobiotics.co.uk","treatments."," For","  example  , in"
"macrobiotics.co.uk","advantages"," for","  omeprazole  ."
"macrobiotics.co.uk","V ranitidine"," for","  prevention  of"
"macrobiotics.co.uk","therapies"," for","  reflux"
"macrobiotics.co.uk","3/ 12 visits"," for","  endoscopy  ,"
"macrobiotics.co.uk","clinic visits"," for","  symptoms"
"lii.warwick.ac.uk","the readnoise"," for","  UIST  from a set"
"suffolkchurches.co.uk","well water"," for","  baptisms  was"
"gfdl.marxists.org.uk","things wrong."," For","  complaints"
"gfdl.marxists.org.uk","guide"," for","  staff  . A"
"gfdl.marxists.org.uk","achieve value"," for","  money  , which"
"gfdl.marxists.org.uk","frameworks"," for","  co-operation"
"mikedolbear.co.uk","but a bit sorry"," for","  people"
"moog.co.uk","print Anyone"," for","  tennis  ? By"
"moog.co.uk","could not move"," for","  someone"
"moog.co.uk","bruschetta"," for","  starters  and"
"moog.co.uk","take a while"," for","  things  to"
"christis.org.uk","world "" (6)."," For","  example  , a"
"christis.org.uk","new tool"," for","  change  ."
"travel.ciao.co.uk","or pick them up"," for","  £5  -10 cheaper"
"travel.ciao.co.uk","or pick them up"," for","  £5  -10 cheaper"
"travel.ciao.co.uk","or pick them up"," for","  £5  -10 cheaper"
"travel.ciao.co.uk",". Haven''t been"," for","  ages  save the"
"travel.ciao.co.uk","DVD? I ''m often"," for","  analogue"
"travel.ciao.co.uk","DVD? I ''m often"," for","  analogue"
"travel.ciao.co.uk","or pick them up"," for","  £5  -10 cheaper"
"eprints.gla.ac.uk","appropriate"," for","  synesthesia  ."
"eprints.gla.ac.uk","available"," for","  download"
"eprints.gla.ac.uk","above"," For","  details  of"
"clieuk.co.uk","do castings"," for","  jobs  that were"
"offthekerb.co.uk","and searching"," for","  economics  as a"
"theregister.co.uk","than £23,000"," for","  development"
"theregister.co.uk","of the need"," for",""
"newhumanist.org.uk","warfarin"," for","  life  . The"
"newhumanist.org.uk","website, used"," for","  marketing  , or"
"newhumanist.org.uk","do not ask"," for","  advice  about"
"cpgb.org.uk",", and to pay"," for","  newsprint  and"
"cpgb.org.uk","threatening"," for","  newspapers"
"cpgb.org.uk","count"," for","  anything  ?"
"cpgb.org.uk","waiting"," for","  press"
"cpgb.org.uk","at length,"," for","  instance  , or"
"cpgb.org.uk","little time"," for","  commentary  or"
"cpgb.org.uk","must fight"," for","  survival  has"
"chester.ac.uk","Parker Music"," for","  change  ? April"
"theweekly.co.uk","Plan, and"," for","  details  of how"
"theweekly.co.uk","this website"," for","  policymakers"
"durham21.co.uk","of 200 mg/ kg"," for","  tin  in food set"
"durham21.co.uk","their results"," for","  inclusion  in"
"durham21.co.uk","Intake (PTWI)"," for","  tin  of 14 mg/ kg"
"durham21.co.uk","the JECFA PTWI"," for","  tin  , which"
"durham21.co.uk","100 mg/ kg."," For","  gooseberries"
"durham21.co.uk","codes (three"," for","  analysis  and"
"durham21.co.uk","separately"," for","  tin  , with the"
"durham21.co.uk",". Cans"," for","  analysis  were"
"durham21.co.uk","(FAPAS)"," for","  tin  and has"
"durham21.co.uk","requirement"," for","  recovery"
"durham21.co.uk","of 200 mg/ kg"," for","  tin  in food."
"durham21.co.uk","of 200 mg/ kg"," for","  tin  in food."
"durham21.co.uk","these results"," for","  inclusion  in"
"durham21.co.uk","prepared"," for","  canning  ."
"durham21.co.uk","legal limit"," for","  tin  in food,"
"durham21.co.uk","consumers and"," for","  ''upper-range"
"durham21.co.uk","below the PTWI"," for","  tin  which is"
"durham21.co.uk","and 7.9 mg/ day"," for","  ''upper-range"
"durham21.co.uk","). Guidelines"," for","  can"
"treehuggermums.co.uk",". Closing Date"," for","  receipt  of"
"treehuggermums.co.uk","closing date"," for","  entries  is"
"london.gov.uk","to the rules"," for","  livestock"
"commentisfree.guardian.co.uk","taste"," for","  quality  has"
"isd.salford.ac.uk","Centre"," for","  guides"
"isd.salford.ac.uk","Centre"," for","  guides"
"racoon.dircon.co.uk","been a fixture"," for","  decades  . But"
"racoon.dircon.co.uk","responsible"," for","  millions  of"
"racoon.dircon.co.uk","allowances"," for","  conditions  on"
"racoon.dircon.co.uk","solid grounds"," for","  criticism  in"
"racoon.dircon.co.uk",". It went on"," for","  days.  I think a"
"racoon.dircon.co.uk",", shot"," for","  cowardice  or"
"careers.ed.ac.uk",""" he breathed."," For","  reply  , Daniel"
"careers.ed.ac.uk","was fighting"," for","  release  from"
"careers.ed.ac.uk","was crying out"," for","  mine  , "" he said"
"careers.ed.ac.uk",". "" It has been"," for","  months  . I"
"bl.uk","","for","  tourism"
"therentservice.gov.uk","? The search"," for","  votes  pushes a"
"therentservice.gov.uk","a search"," for",""
"therentservice.gov.uk","The struggle"," for","  democracy  -"
"therentservice.gov.uk","at the battle"," for","  democracy  and"
"caj.org.uk","implications"," for","  scholars  who"
"caj.org.uk",". The concerns"," for","  libraries  may"
"caj.org.uk","to the archive"," for","  verification"
"caj.org.uk","information"," for","  user"
"caj.org.uk","and"," for","  libraries  . As"
"caj.org.uk","April 3, 2006."," For","  information"
"b.ali.btinternet.co.uk","leaders diced"," for","  lap  after lap,"
"renux.dmed.ed.ac.uk","will remain"," for","  collection  by"
"renux.dmed.ed.ac.uk","a request"," for","  assistance  is"
"treehuggermums.co.uk","itself"," for","  reasons  to"
"treehuggermums.co.uk","yourself"," for","  signs  of"
"treehuggermums.co.uk",", his gift is"," for","  something"
"nms.ac.uk","Tompkins."," For","  years  they"
"nms.ac.uk","conditions"," for",""
"nms.ac.uk","necessary"," for","  change  . 5)"
"garysdetecting.co.uk",", one of 52pc,"," for","  people  taking"
"ulsterbank.co.uk","figure"," for","  hundreds  of"
"newcollegechoir.co.uk","Property"," for","  investment"
"hfstephens-museum.org.uk","the longing"," for","  home  are"
"hfstephens-museum.org.uk","longings"," for","  home  , friends"
"hfstephens-museum.org.uk","nostalgia"," for","  places  that"
"hfstephens-museum.org.uk","The Absentee,"," for","  example  , Lord"
"hfstephens-museum.org.uk","to a longing"," for","  home  in the"
"hfstephens-museum.org.uk","and the search"," for","  home  , however"
"hfstephens-museum.org.uk","Smith,"," for","  example  ,"
"hfstephens-museum.org.uk","''s search"," for","  home  amidst"
"hfstephens-museum.org.uk","and reverence"," for","  buildings"
"waterfowl.org.uk","looking"," for","  strength"
"waterfowl.org.uk","training."," For","  runners  this"
"family-railcard.co.uk",". Thanks"," for","  reading  . A"
"family-railcard.co.uk","? Who knows? Oh"," for","  heavens  sake"
"family-railcard.co.uk","funny but go"," for","  something"
"family-railcard.co.uk","nice start"," for","  something  ..."
"henryjames.org.uk","is the case"," for","  niños"
"henryjames.org.uk","what he wanted"," for","  dinner  , said:"
"henryjames.org.uk","was preserved"," for","  things  that"
"supportunit.co.uk","it possible"," for","  companies"
"supportunit.co.uk","my only option"," for","  broadband"
"supportunit.co.uk","it possible"," for","  companies"
"supportunit.co.uk",", 15:56 I ''d go"," for","  cable  over"
"traveleditions.co.uk","pools"," for","  days  at a time."
"traveleditions.co.uk","books, prints"," for","  collectors  ("
"traveleditions.co.uk","perverse"," for","  someone  who,"
"traveleditions.co.uk",". The romance,"," for","  example  ."
"traveleditions.co.uk","in 2001. But"," for","  anyone  who"
"dcs.gla.ac.uk","guide"," for","  managers  and"
"eenet.org.uk","defence"," for","  employees"
"woodlandsfarm.co.uk","grounds"," for","  hope  . "" Many"
"racoon.dircon.co.uk","Page."," For","  details  of"
"racoon.dircon.co.uk","are available"," for","  purchase  ."
"racoon.dircon.co.uk","are provided"," for","  pets  and a"
"racoon.dircon.co.uk",". Price £1"," for","  adults  , £0.75"
"racoon.dircon.co.uk","adults, £0.75"," for","  children  and"
"racoon.dircon.co.uk","rides is £2.80"," for","  adults  , £1.80"
"racoon.dircon.co.uk","adults, £1.80"," for","  Seniors  and £1"
"racoon.dircon.co.uk","Seniors and £1"," for","  children  ."
"fabian-society.org.uk","","for","  collapse  14"
"fabian-society.org.uk","drop support"," for","  plans  to"
"answering-islam.org.uk","postage."," For","  changes  of"
"3trpd.co.uk",". (Click here"," for","  pictures  of"
"canalmuseum.org.uk","metaphors"," for","  growth  . He"
"canalmuseum.org.uk","task,"," for","  example  , is"
"canalmuseum.org.uk","non-verbal:"," for","  example  ,"
"southernwater.co.uk","meeting point"," for","  coffee  . The"
"southernwater.co.uk","meeting point"," for","  coffee  . The"
"southernwater.co.uk","character. As"," for","  performance  ,"
"lbp.police.uk",") to London"," for","  auction"
"chamberonline.co.uk","optimal"," for","  overlays"
"chamberonline.co.uk","a set of forms"," for","  use  by"
"chamberonline.co.uk","information"," for","  optometrists"
"chamberonline.co.uk","95 available"," for","  download  from"
"chamberonline.co.uk","available"," for","  download  from"
"sefton.gov.uk","crops"," for","  food  ,"
"sefton.gov.uk","centre"," for","  research  ,"
"nln.ac.uk","without need"," for","  hospital"
"nln.ac.uk","necessary"," for","  inclusion  in"
"nln.ac.uk","and energy"," for","  parents  ,"
"nln.ac.uk","training"," for","  families  ,"
"waterfowl.org.uk","price meals"," for","  children  aged"
"london-eating.co.uk","over to the SD"," for","  handling  ."
"nwbrown.co.uk","house poised"," for","  flats  01 July"
"nwbrown.co.uk","retreat"," for","  celebrities  ,"
"nwbrown.co.uk","and fruit."," For","  years  its home"
"nwbrown.co.uk","lease of life"," for","  wherry  Albion"
"nwbrown.co.uk","site poised"," for","  approval  at"
"www2.bioch.ox.ac.uk","to a stamp"," for","  use  on mail. I"
"www2.bioch.ox.ac.uk","issued stamps"," for","  years  !"
"henniker.org.uk","good enough"," for","  parents  to"
"schoolzone.co.uk","solely meant"," for",""
"schoolzone.co.uk","has been"," for","  centuries  . "" """
"schoolzone.co.uk","tell me, Jack."," For","  months  now,"
"saferworld.org.uk","house in a hunt"," for","  chemical"
"saferworld.org.uk","the agenda"," for","  discussion  in"
"saferworld.org.uk","include calls"," for","  union  members"
"saferworld.org.uk","an attack, and"," for","  stoppages  ,"
"saferworld.org.uk","we could not,"," for","  example  ,"
"saferworld.org.uk","Airports"," for","  rendition"
"saferworld.org.uk","Stop the War"," for","  protests  on 24"
"saferworld.org.uk","is suitable"," for","  unions  , with"
"seequality.org.uk","public"," for","  yonks  now."
"london.gov.uk",": support"," for","  refugees  is"
"london.gov.uk","support"," for","  asylum  is"
"london.gov.uk","UNHCR ''s plans"," for",""
"london.gov.uk","not be content"," for","  traffickers"
"london.gov.uk","areas"," for","  processing  ("
"london.gov.uk",". o It is"," for",""
"london.gov.uk","claims"," for","  asylum  in the"
"woodlandsfarm.co.uk","this section"," for","  access  to"
"woodlandsfarm.co.uk",". EURIM looks"," for","  ways  forward"
"woodlandsfarm.co.uk","statistics"," for","  countries  and"
"woodlandsfarm.co.uk",". Click here"," for","  advice  on how"
"woodlandsfarm.co.uk","Toolkit"," for","  help  and"
"landscapingpavingstone.co.uk",", save maps"," for","  printing  and"
"landscapingpavingstone.co.uk","map data"," for","  use  in"
"landscapingpavingstone.co.uk",". Content"," for","  reference"
"landscapingpavingstone.co.uk","work"," for","  science  and"
"landscapingpavingstone.co.uk","British Isles"," for","  research  and"
"landscapingpavingstone.co.uk","ways,"," for","  example  as a"
"landscapingpavingstone.co.uk","of material"," for","  librarians  ,"
"landscapingpavingstone.co.uk","film"," for","  use  in"
"landscapingpavingstone.co.uk","are provided"," for","  half  of all"
"landscapingpavingstone.co.uk","material"," for","  historians  of"
"canalmuseum.org.uk","further coded"," for","  text  type and"
"canalmuseum.org.uk","rich resource"," for","  linguists  ,"
"lucas.ucs.ed.ac.uk","than 720p"," for","  TV  broadcasts"
"lucas.ucs.ed.ac.uk","worthwhile"," for","  action"
"lucas.ucs.ed.ac.uk","standards"," for","  TV  in the UK?"
"lucas.ucs.ed.ac.uk","standard"," for","  TV  programs is"
"lucas.ucs.ed.ac.uk","be preferred"," for","  TV"
"lucas.ucs.ed.ac.uk","","for","  sports  . This"
"lucas.ucs.ed.ac.uk","choice"," for","  broadcasters"
"lucas.ucs.ed.ac.uk","? The bit rates"," for","  transmission"
"sochealth.co.uk","burning coal"," for","  centuries  ? It"
"ripples.co.uk","and weddings."," For","  details  about"
"ripples.co.uk","click here."," For","  links  to all"
"renux.dmed.ed.ac.uk",", events"," for","  children  and"
"hyp.ac.uk","kind of portal"," for","  everything"
"wardle.demon.co.uk","give-away"," for","  horse  riders ("
"severnprint.co.uk","playing field"," for","  students  who"
"severnprint.co.uk","take time off"," for","  hospital"
"severnprint.co.uk","are doing so."," For","  example  ,"
"severnprint.co.uk","the reason"," for","  gaps  in"
"severnprint.co.uk","facilities"," for","  candidates"
"www2.essex.ac.uk","been building"," for","  years  , the TV"
"www2.essex.ac.uk","in stores"," for","  months  , and"
"virginradioxtreme.co.uk","students and"," for","  students  ."
"virginradioxtreme.co.uk","hosting"," for","  people  and"
"virginradioxtreme.co.uk","the link"," for","  slides  ."
"spotlightministries.org.uk","´, the INDEX"," for","  Inclusion  and"
"spotlightministries.org.uk","structure)"," for","  years  9-10 of"
"spotlightministries.org.uk","","for",""
"spotlightministries.org.uk","is appealing"," for","  everyone  ...)"
"spotlightministries.org.uk","arrangements"," for","  reflection"
"spotlightministries.org.uk","resources"," for","  teachers  to"
"spotlightministries.org.uk","a guideline"," for","  action"
"spotlightministries.org.uk","on Indicators"," for","  Inclusion  ("
"spotlightministries.org.uk","models"," for","  reflection  on"
"spotlightministries.org.uk","searching"," for","  evidence  of"
"spotlightministries.org.uk","efa 4 The Index"," for","  Inclusion  ,"
"spotlightministries.org.uk",") The Index"," for","  Inclusion  was"
"spotlightministries.org.uk",". The Index"," for","  Inclusion  was"
"spotlightministries.org.uk","support"," for","  students"
"spotlightministries.org.uk","and teaching"," for","  inclusion"
"spotlightministries.org.uk","but to look"," for","  help  from"
"spotlightministries.org.uk","."," For","  instance  , it"
"spotlightministries.org.uk","of reference"," for","  inclusion  and"
"spotlightministries.org.uk","as synonyms"," for","  ''integration"
"spotlightministries.org.uk","community."," For","  instance  , a"
"spotlightministries.org.uk","addressed."," For","  instance  ,"
"spotlightministries.org.uk","provided"," for","  teachers  to"
"spotlightministries.org.uk","","for",""
"spotlightministries.org.uk","and learning"," for","  inclusion  ."
"spotlightministries.org.uk","´ we must look"," for","  ´  , ´ it is"
"spotlightministries.org.uk","valuable tool"," for","  teachers  to"
"spotlightministries.org.uk","source"," for","  reflection"
"spotlightministries.org.uk","rewarding"," for","  teachers  . In"
"spotlightministries.org.uk","(2000) Index"," for","  Inclusion  ."
"spotlightministries.org.uk","rebels '' fight"," for","  inclusion  ,"
"spotlightministries.org.uk","materials"," for","  managers  and"
"spotlightministries.org.uk","role of INDEX"," for","  Inclusion  ."
"it-serve.co.uk","over 1000 jobs"," for","  call  centre"
"it-serve.co.uk","you search"," for","  call  centre"
"it-serve.co.uk","also used them"," for","  recruitment"
"fullspectrumhealing.co.uk","treatments"," for","  childhood"
"fullspectrumhealing.co.uk","studies"," for","  inclusion  ."
"fullspectrumhealing.co.uk","were eligible"," for","  inclusion  ."
"fullspectrumhealing.co.uk","were eligible"," for","  inclusion  ."
"fullspectrumhealing.co.uk","separately"," for","  children  with"
"fullspectrumhealing.co.uk","evidence base"," for",""
"fullspectrumhealing.co.uk","of treatments"," for","  childhood"
"fullspectrumhealing.co.uk","approaches"," for","  childhood"
"fullspectrumhealing.co.uk","of treatments"," for","  childhood"
"fullspectrumhealing.co.uk","options"," for","  childhood"
"fullspectrumhealing.co.uk","be agreed"," for","  use  in studies"
"fullspectrumhealing.co.uk","treatments"," for","  childhood"
"nationalgallery.org.uk","important"," for","  people  ,"
"nationalgallery.org.uk","supplies"," for","  millennia  -"
"gssw.ac.uk","be developed"," for","  use  with other"
"gssw.ac.uk","tasks"," for","  students  aged"
"gssw.ac.uk","is a web tool"," for",""
"socialistparty.org.uk","environment"," for","  postgraduate"
"socialistparty.org.uk","conference"," for",""
"supportunit.co.uk",") and then go"," for","  something"
"supportunit.co.uk","so we could go"," for","  penalties  ."
"supportunit.co.uk","you get marks"," for","  effort  and"
"supportunit.co.uk","handbags"," for","  men  and"
"supportunit.co.uk","carrying a bag"," for","  ages  because I"
"supportunit.co.uk","Its also ideal"," for","  hand  luggage"
"supportunit.co.uk","pocket great"," for","  passports  and"
"supportunit.co.uk","been sweating"," for","  hours  . Posted"
"supportunit.co.uk","the USA today."," For","  anyone  not"
"dcode.co.uk","has a passion"," for","  fashion  and"
"medacs.co.uk","in 1998/ 99"," for","  aluminium  ,"
"medacs.co.uk",". Analyses"," for","  bromine  ,"
"medacs.co.uk","to health."," For","  example  ,"
"medacs.co.uk","exposure."," For","  example  , high"
"medacs.co.uk","programme"," for","  chemicals  in"
"medacs.co.uk","similar foods"," for","  analysis  . 3, 4"
"medacs.co.uk",". 3, 4 Analyses"," for","  metals  and"
"medacs.co.uk","analysed"," for","  metals  and"
"medacs.co.uk","was analysed"," for","  aluminium  ,"
"medacs.co.uk","prepared as"," for","  consumption  ,"
"medacs.co.uk","were analysed"," for","  aluminium  ,"
"medacs.co.uk",") was used"," for","  mercury  and"
"medacs.co.uk","corrected"," for","  recovery  ."
"medacs.co.uk","Service)"," for",""
"medacs.co.uk","values"," for","  reagent"
"medacs.co.uk",". The LODs"," for","  aluminium  ,"
"medacs.co.uk","of the 1997 TDS"," for","  aluminium  ,"
"medacs.co.uk","exposures"," for","  individuals"
"medacs.co.uk","are used"," for","  comparison"
"medacs.co.uk","annually. 5"," For","  example  , to"
"medacs.co.uk","exposures"," for","  aluminium  ,"
"medacs.co.uk","estimated"," for","  adult"
"medacs.co.uk","estimated"," for","  comparison"
"medacs.co.uk","estimates"," for","  comparison"
"medacs.co.uk","in the 1997 TDS"," for","  metals  and"
"medacs.co.uk","are permitted"," for","  use  in some of"
"medacs.co.uk","exposures"," for","  adults  of"
"medacs.co.uk","the 1997 TDS)."," For","  example  , in"
"medacs.co.uk","0.028 mg/ day"," for","  adult  males),"
"medacs.co.uk","0.025 mg/ day"," for","  adults  and"
"medacs.co.uk","day"," for","  children  and"
"medacs.co.uk","not set a PTWI"," for","  chromium  ."
"medacs.co.uk","a population)"," for","  adults  of 1.2"
"medacs.co.uk","."," For","  example  in the"
"medacs.co.uk",". 30"," For","  example  , it"
"medacs.co.uk","the LOD from,"," for","  example  , 0.05"
"medacs.co.uk","5). 23 The PTWI"," for","  lead  on 0.025"
"medacs.co.uk","0.033 mg/ day"," for","  adult  males),"
"medacs.co.uk","responsible"," for","  part  of this"
"medacs.co.uk","the JECFA PTWI"," for","  mercury  of 300"
"medacs.co.uk","the PTWI"," for","  mercury  and"
"medacs.co.uk","exposures"," for","  adults  to"
"medacs.co.uk","0.013 mg/ day"," for","  adult  males),"
"medacs.co.uk","a PTWI"," for","  nickel  but the"
"medacs.co.uk","nutrient"," for","  humans  but is"
"medacs.co.uk","other than"," for","  individuals"
"medacs.co.uk","element"," for","  humans  . The"
"medacs.co.uk","be 0.45 mg/ day"," for","  adult  males."
"medacs.co.uk","range"," for","  adults"
"medacs.co.uk","estimates"," for","  selenium  from"
"medacs.co.uk","a PTWI"," for","  tin  of 14 mg/ kg"
"medacs.co.uk","are not a cause"," for","  concern  . Zinc"
"medacs.co.uk","and 7.0 mg/ day"," for","  adult  males"
"medacs.co.uk","TDS samples"," for","  bromine  ,"
"medacs.co.uk","arsenic"," for","  comparison"
"medacs.co.uk","that analyses"," for","  metals  and"
"medacs.co.uk","(e. g."," for","  lead  and"
"medacs.co.uk","are not a cause"," for","  concern  ."
"medacs.co.uk","values"," for","  food  energy"
"medacs.co.uk","). Guidelines"," for","  can"
"nuffield14-19review.org.uk","times ahead"," for","  fans  of the"
"nuffield14-19review.org.uk","Kit (which is"," for","  players  who"
"3trpd.co.uk","substitutes"," for","  text  when data"
"3trpd.co.uk","statement."," For","  data  in a"
"3trpd.co.uk","and appendix."," For","  data  in a"
"3trpd.co.uk","applicable."," For","  data  in a"
"3trpd.co.uk","out. """," For","  data  in a"
"3trpd.co.uk",", such as those"," for","  safety  ,"
"3trpd.co.uk","choices"," for","  hardware  or"
"3trpd.co.uk",". Note:"," For","  brevity  , this"
"3trpd.co.uk","be developed"," for","  reuse  ,"
"3trpd.co.uk","identified"," for","  use  in the"
"3trpd.co.uk","the resource (","for","  example  , 20 %"
"3trpd.co.uk","by this SSDD (","for","  example  , an"
"3trpd.co.uk",", standards"," for","  protocols  ,"
"3trpd.co.uk","and standards"," for","  user"
"3trpd.co.uk","to be used"," for","  traceability"
"3trpd.co.uk","separately"," for","  convenience"
"3trpd.co.uk","documents"," for","  ease  in"
"woodentoys-uk.co.uk","playing"," for","  school  . I ''ve"
"woodentoys-uk.co.uk","player"," for","  theft  ahead of"
"cerddystwyth.co.uk","requirement"," for","  machinery  to"
"cerddystwyth.co.uk","it is common"," for","  friction"
"cerddystwyth.co.uk","explanation."," For","  ''determinant"
"cerddystwyth.co.uk","must be used 4."," For","  statics"
"cerddystwyth.co.uk","can be used. 5."," For","  dynamics"
"cerddystwyth.co.uk","substituting"," for","  variables  as"
"cerddystwyth.co.uk","are included"," for","  completeness"
"cerddystwyth.co.uk","4. ''Mechanics"," for","  Engineers  -"
"cosmetics.yves-rocher.co.uk","U. S. patent"," for","  technology"
"cosmetics.yves-rocher.co.uk","good times"," for","  storage  Munir"
"leaddiscovery.co.uk","or a vote? Food"," for","  thought  for"
"leaddiscovery.co.uk","of looking"," for","  venture"
"leaddiscovery.co.uk","are not only"," for","  start-ups  ,"
"leaddiscovery.co.uk","to planning"," for","  success  . Paul"
"leaddiscovery.co.uk","figure"," for","  advice  on how"
"leaddiscovery.co.uk","competition."," For","  example  ,"
"leaddiscovery.co.uk","are working"," for","  success  not"
"leaddiscovery.co.uk","success not"," for","  money  . The"
"leaddiscovery.co.uk","Performance,"," for","  instance  ,"
"leaddiscovery.co.uk","does it work?"," For","  example  , the"
"leaddiscovery.co.uk","savings"," for","  businesses"
"leaddiscovery.co.uk","in lifestyle"," for","  workers  ."
"leaddiscovery.co.uk","you better."," For","  instance  , it"
"leaddiscovery.co.uk","solution."," For","  instance  , in"
"leaddiscovery.co.uk","itself."," For","  example  , ''He"
"venue.co.uk","show"," for","  children  of"
"computerperformance.co.uk",". Rationale"," for","  Discussion"
"computerperformance.co.uk",". Opportunity"," for","  reflection  ."
"computerperformance.co.uk",". The reason"," for","  enrollment  in"
"computerperformance.co.uk","completion"," for","  career"
"computerperformance.co.uk","reasons"," for","  course"
"computerperformance.co.uk","development"," for","  career  ladder"
"computerperformance.co.uk","process"," for","  children  with"
"computerperformance.co.uk","more helpful"," for","  students  to"
"computerperformance.co.uk","reasons"," for","  course"
"computerperformance.co.uk","development"," for","  career  ladder"
"computerperformance.co.uk","of learning"," for","  students  ."
"computerperformance.co.uk","."," For","  example  , the"
"computerperformance.co.uk","to the case."," For","  example  , one"
"computerperformance.co.uk","requirement"," for",""
"computerperformance.co.uk","group"," for","  feedback  on"
"computerperformance.co.uk","members use it"," for","  sharing  and"
"computerperformance.co.uk","fields"," for","  problem"
"askthe.police.uk","of the year"," for","  device"
"spot-on-sundials.co.uk",", and respect"," for","  others  , and"
"spot-on-sundials.co.uk","on strategies"," for",""
"spot-on-sundials.co.uk","schools (see"," for","  example  ,"
"spot-on-sundials.co.uk","new climate"," for","  development"
"spot-on-sundials.co.uk","opportunity"," for",""
"spot-on-sundials.co.uk","be necessary"," for","  schools  to"
"spot-on-sundials.co.uk","in the lobby"," for","  change  in"
"spot-on-sundials.co.uk","Eighties."," For","  example  , the"
"spot-on-sundials.co.uk","the struggle"," for","  control  over"
"spot-on-sundials.co.uk","respect"," for","  self  and"
"spot-on-sundials.co.uk","more tangible"," for","  teachers  as"
"spot-on-sundials.co.uk","and processes"," for",""
"spot-on-sundials.co.uk",": 1. Respect"," for","  self  and"
"spot-on-sundials.co.uk","","for","  pupils  to"
"spot-on-sundials.co.uk","people,"," for","  example  ."
"spot-on-sundials.co.uk","Ireland (","for","  example  , in"
"spot-on-sundials.co.uk","implications"," for","  day  to day life"
"spot-on-sundials.co.uk","children."," For","  example  , the"
"spot-on-sundials.co.uk","an? education"," for","  democracy  ''"
"spot-on-sundials.co.uk","issues"," for","  pupils  )."
"spot-on-sundials.co.uk","dimensional."," For","  example  ."
"spot-on-sundials.co.uk","sense (","for","  example  , by"
"spot-on-sundials.co.uk","implications"," for","  movement  into"
"spot-on-sundials.co.uk","in planning"," for","  progression"
"spot-on-sundials.co.uk","tasks"," for","  teachers"
"spot-on-sundials.co.uk","to look"," for","  evidence  of"
"spot-on-sundials.co.uk","a dilemma"," for","  teachers"
"spot-on-sundials.co.uk","A framework"," for",""
"spot-on-sundials.co.uk","the climate"," for","  development"
"spot-on-sundials.co.uk","picture."," For","  example  , the"
"spot-on-sundials.co.uk","it functions."," For","  example  , as"
"spot-on-sundials.co.uk","of reference"," for","  heads  of"
"spot-on-sundials.co.uk","Heritage."," For","  others  it"
"spot-on-sundials.co.uk","of EMU (","for","  example  :"
"spot-on-sundials.co.uk","","for","  pupils  to have"
"spot-on-sundials.co.uk","of respect"," for","  others  ,"
"spot-on-sundials.co.uk","potential"," for","  controversy"
"spot-on-sundials.co.uk","basis"," for","  conflict  Is"
"spot-on-sundials.co.uk","."," For","  example  , it is"
"spot-on-sundials.co.uk","parents,"," for","  example  ,"
"spot-on-sundials.co.uk","the focus"," for","  projects"
"spot-on-sundials.co.uk","","for","  cooperation"
"spot-on-sundials.co.uk","support"," for","  curriculum  ,"
"spot-on-sundials.co.uk","offer support"," for","  work  which"
"spot-on-sundials.co.uk","implications"," for","  issues  of"
"spot-on-sundials.co.uk","its policies"," for","  discipline"
"spot-on-sundials.co.uk","a focal point"," for",""
"spot-on-sundials.co.uk","framework"," for",""
"spot-on-sundials.co.uk","Where respect"," for","  self  and"
"spot-on-sundials.co.uk","","for","  recruitment  ,"
"spot-on-sundials.co.uk","","for","  policy  ,"
"spot-on-sundials.co.uk","releases them"," for","  courses  and"
"spot-on-sundials.co.uk","objectives."," For","  example  , the"
"spot-on-sundials.co.uk","include plans"," for","  audit  and"
"spot-on-sundials.co.uk","; plans"," for","  staff"
"spot-on-sundials.co.uk","of EMU (","for","  example  ,"
"spot-on-sundials.co.uk","action plan."," for","  example  , by"
"spot-on-sundials.co.uk","and respect"," for","  others  is"
"spot-on-sundials.co.uk","the school,"," for","  example  ,"
"spot-on-sundials.co.uk","be developed,"," for","  example  , by"
"spot-on-sundials.co.uk","look"," for",""
"spot-on-sundials.co.uk","","for","  community"
"spot-on-sundials.co.uk",". Funding"," for","  community"
"spot-on-sundials.co.uk","applications"," for","  funding  ; by"
"spot-on-sundials.co.uk","contact."," For","  example  , the"
"spot-on-sundials.co.uk","impediments"," for","  schools"
"spot-on-sundials.co.uk","may be greater"," for","  schools  in an"
"spot-on-sundials.co.uk","contact."," For","  example  , it"
"spot-on-sundials.co.uk","programmes,"," for","  example  , by"
"spot-on-sundials.co.uk","Boards"," for","  cross"
"spot-on-sundials.co.uk","opportunity"," for","  Boards  to"
"spot-on-sundials.co.uk","scheme"," for","  schools"
"spot-on-sundials.co.uk","agencies"," for","  resources"
"spot-on-sundials.co.uk","","for","  core  funding"
"spot-on-sundials.co.uk","provision"," for","  curriculum"
"spot-on-sundials.co.uk","programmes,"," for","  example  ,"
"spot-on-sundials.co.uk","available"," for","  teacher  cover"
"spot-on-sundials.co.uk","of requests"," for","  teacher  cover"
"spot-on-sundials.co.uk","Scheme"," for","  schools  . The"
"spot-on-sundials.co.uk","objectives"," for","  community"
"spot-on-sundials.co.uk","Scheme"," for","  schools"
"spot-on-sundials.co.uk","provide cover"," for","  teachers"
"spot-on-sundials.co.uk","","for","  training  lies"
"spot-on-sundials.co.uk","a framework"," for",""
"spot-on-sundials.co.uk","support"," for","  schools  which"
"spot-on-sundials.co.uk","events"," for","  schools  which"
"spot-on-sundials.co.uk","to EMU,"," for","  example  , on"
"spot-on-sundials.co.uk","Heritage,"," for","  example  as"
"spot-on-sundials.co.uk","were created"," for","  interaction"
"spot-on-sundials.co.uk","structure"," for","  interaction"
"spot-on-sundials.co.uk","emerging"," for","  training  to"
"spot-on-sundials.co.uk","the need"," for","  training"
"spot-on-sundials.co.uk","support"," for","  probationers"
"spot-on-sundials.co.uk","from Boards"," for","  coordinators"
"spot-on-sundials.co.uk","plan"," for","  training  and"
"spot-on-sundials.co.uk","training"," for","  teachers  to"
"spot-on-sundials.co.uk","","for",""
"spot-on-sundials.co.uk","plans"," for","  training"
"spot-on-sundials.co.uk","training"," for","  teachers  ,"
"spot-on-sundials.co.uk","","for","  principals"
"spot-on-sundials.co.uk","mechanisms."," For","  example  . """
"spot-on-sundials.co.uk","Summer School"," for","  teachers  is"
"spot-on-sundials.co.uk","support"," for","  course  fees,"
"spot-on-sundials.co.uk","provision"," for","  teachers  some"
"spot-on-sundials.co.uk","responsible"," for","  teacher"
"spot-on-sundials.co.uk","courses"," for","  teachers  some"
"spot-on-sundials.co.uk","courses"," for","  teachers  , for"
"spot-on-sundials.co.uk","for teachers,"," for","  example  . by"
"spot-on-sundials.co.uk","innovation."," For","  example  ,"
"spot-on-sundials.co.uk","courses"," for","  student"
"spot-on-sundials.co.uk","from Boards"," for","  coordinators"
"spot-on-sundials.co.uk","","for","  training"
"spot-on-sundials.co.uk","","for",""
"spot-on-sundials.co.uk","structures"," for","  liaison"
"spot-on-sundials.co.uk","a forum"," for","  debate  and"
"spot-on-sundials.co.uk","plan"," for","  education  ,"
"spot-on-sundials.co.uk","the prospects"," for","  continuity"
"spot-on-sundials.co.uk","structures"," for","  liaison  and"
"spot-on-sundials.co.uk",". A framework"," for",""
"spot-on-sundials.co.uk","implications"," for","  issues  of"
"spot-on-sundials.co.uk","its policies"," for","  discipline"
"spot-on-sundials.co.uk","a focal point"," for",""
"spot-on-sundials.co.uk","objectives"," for","  community"
"spot-on-sundials.co.uk","Scheme"," for","  schools"
"spot-on-sundials.co.uk","provide cover"," for","  teachers"
"spot-on-sundials.co.uk","from Boards"," for",""
"spot-on-sundials.co.uk","","for","  training"
"spot-on-sundials.co.uk","A Funding"," for","  community"
"spot-on-sundials.co.uk",": resources"," for","  community"
"northeastnocampaign.co.uk","","for","  children  ''s"
"northeastnocampaign.co.uk","and services"," for","  children  and"
"northeastnocampaign.co.uk","as a basic text"," for","  everyone"
"northeastnocampaign.co.uk","text"," for","  mentors  and"
"curve.org.uk",", raises funds"," for","  relief"
"curve.org.uk","(ADL), which"," for","  years  has"
"curve.org.uk","glass"," for","  houses  in"
"curve.org.uk",". Last year,"," for","  example  , the"
"curve.org.uk","institute"," for","  soldiers  , and"
"curve.org.uk","can be sued"," for","  damages  by"
"sustainable-development.gov.uk","technologies"," for","  education  ."
"sustainable-development.gov.uk","useful links"," for","  visitors  to"
"sustainable-development.gov.uk","responsible"," for","  content"
"sustainable-development.gov.uk","(AACE), ETR is"," for","  professors  ,"
"sustainable-development.gov.uk","forum"," for","  innovations"
"sustainable-development.gov.uk","technologies"," for","  education  ."
"mayfairschool.co.uk","is a tester"," for","  acidity"
"mayfairschool.co.uk","and"," for","  gardeners  the"
"mayfairschool.co.uk","as an acid soil"," for","  yield  . When to"
"palatine.org.uk","about trust."," For","  instance  ,"
"palatine.org.uk","consequences"," for","  patients  ;"
"palatine.org.uk","."," For","  instance  ,"
"palatine.org.uk","implications"," for","  research  and"
"robinkelly.btinternet.co.uk","This is solely"," for",""
"ironmountain.co.uk","and English"," for","  Speakers  of"
"ironmountain.co.uk","and English"," for","  Speakers  of"
"ironmountain.co.uk",", one intended"," for","  asylum"
"ironmountain.co.uk","and the other"," for","  students  from"
"ironmountain.co.uk","models"," for","  provision  of"
"ironmountain.co.uk","been a problem"," for","  linguistics"
"ironmountain.co.uk","term ''tube ''"," for","  underground"
"ironmountain.co.uk","Open Evening"," for","  anyone"
"ironmountain.co.uk","- CALL"," FOR","  PAPERS  A"
"redsevenleisure.co.uk",", vying"," for","  survival  in a"
"redsevenleisure.co.uk",", a bag of dice"," for","  movement  and"
"redsevenleisure.co.uk","the boxes are"," for","  games  such as"
"redsevenleisure.co.uk","one, pausing"," for","  breath  only to"
"redsevenleisure.co.uk","of the game"," for","  example  ,"
"redsevenleisure.co.uk","of,"," for","  example  , a"
"redsevenleisure.co.uk","in games"," for","  years  to come!"
"redsevenleisure.co.uk","modifiers"," for","  range  ,"
"redsevenleisure.co.uk","sometimes)."," For","  example  ,"
"redsevenleisure.co.uk","decks"," for","  tournaments"
"redsevenleisure.co.uk","same Pokémon"," for","  instance  ), so"
"redsevenleisure.co.uk","new cards"," for","  deck"
"redsevenleisure.co.uk","is enjoyable"," for","  gamers  of all"
"seequality.org.uk",", and then ''b '' (","for","  boot  ). The"
"thomsonfoundation.org.uk","is apparent"," for","  patients"
"thomsonfoundation.org.uk","scales"," for","  pain"
"fabian-society.org.uk","independence"," for","  holidays  and"
"fabian-society.org.uk","difficult"," for","  car  drivers to"
"daelnet.co.uk","facilities"," for","  research  . Our"
"nfms.org.uk","wide service"," for","  pupils  with"
"nfms.org.uk","city and is"," for","  pupils  who"
"nfms.org.uk","sites is due"," for","  closure  ,"
"nfms.org.uk","and the need"," for","  staff  to"
"nfms.org.uk",", rooms"," for","  therapists"
"nfms.org.uk","be resourced"," for","  pupils  who"
"nfms.org.uk","on therapists"," for","  training  ,"
"nfms.org.uk","up services"," for","  children  and"
"nfms.org.uk","looks good"," for","  parents  ,"
"nfms.org.uk","system."," For","  example  , we"
"nfms.org.uk","programmes"," for","  pupils  with"
"nfms.org.uk","'' unit of work"," for","  pupils  in Year"
"nfms.org.uk","checklist"," for","  equipment"
"nfms.org.uk","and empathy"," for","  others  ."
"nfms.org.uk",": Change"," for","  Children  ("
"nfms.org.uk","a structure"," for","  others  to"
"nfms.org.uk",") ''Inclusion ''"," For","  Individuals"
"cus.cam.ac.uk","specifiers"," for","  instance  ."
"cus.cam.ac.uk","was written"," for","  iSTRAT  by the"
"cus.cam.ac.uk","(say"," for","  stem  cell"
"cus.cam.ac.uk","their reason"," for","  voting  for a"
"cus.cam.ac.uk","much code"," for","  opposition  to"
"cus.cam.ac.uk","little room"," for","  discussion"
"tallclub.co.uk","network."," For","  events  in"
"tallclub.co.uk","stations,"," for","  example  ,"
"tradamis.co.uk",") offered"," for","  sale  to the"
"salfordsoftware.co.uk","1: Summary"," for",""
"salfordsoftware.co.uk","responsible"," for",""
"salfordsoftware.co.uk","treatment"," for","  drug  misuse ("
"salfordsoftware.co.uk","framework"," for","  drug"
"salfordsoftware.co.uk","care system"," for","  drug  misusers"
"salfordsoftware.co.uk","works best ''"," for","  drug  misusers"
"salfordsoftware.co.uk","framework"," for","  drug"
"salfordsoftware.co.uk","framework"," for","  alcohol"
"salfordsoftware.co.uk","is important"," for",""
"salfordsoftware.co.uk","framework"," for","  alcohol"
"salfordsoftware.co.uk","issue"," for","  drug"
"salfordsoftware.co.uk","treatment"," for","  addiction  ."
"salfordsoftware.co.uk","treatment"," for","  adults  (i. e."
"salfordsoftware.co.uk","treatment"," for","  adolescents"
"salfordsoftware.co.uk","services"," for","  children  and"
"salfordsoftware.co.uk","processes"," for","  adult  drug and"
"salfordsoftware.co.uk","document is"," for","  drug"
"salfordsoftware.co.uk","Models of care"," for","  drug"
"salfordsoftware.co.uk","document is"," for","  drug"
"salfordsoftware.co.uk","pooled budget"," for","  drug"
"salfordsoftware.co.uk","waiting"," for","  drug"
"salfordsoftware.co.uk","groups"," for","  action  or"
"salfordsoftware.co.uk","Service staff"," For","  action  Drug ("
"salfordsoftware.co.uk","","For","  action"
"salfordsoftware.co.uk","sectors"," For","  action  Chief"
"salfordsoftware.co.uk","commanders"," For","  action"
"salfordsoftware.co.uk","public health"," For","  action"
"salfordsoftware.co.uk","groups"," For","  action"
"salfordsoftware.co.uk","authorities"," For","  information"
"exodus.co.uk",". Post resumes"," for","  cruise  ships"
"exodus.co.uk",". Best source"," for","  employers  ,"
"exodus.co.uk",", perfect"," for","  children  ''s"
"thinkinganglicans.org.uk","50 countries"," for","  courses  ,"
"www-users.cs.york.ac.uk","The Centre"," for","  Ecology  and"
"www-users.cs.york.ac.uk","UK body"," for","  research  ,"
"www-users.cs.york.ac.uk","centre"," for","  research  ,"
"www-users.cs.york.ac.uk","biodiversity"," for","  policy  and"
"nln.ac.uk","away from?"," For","  example  , how"
"nln.ac.uk",","," for","  instance  , it"
"nln.ac.uk",". In order"," for","  participants"
"pda.skymarket.co.uk","win"," for","  £1.60  . You"
"infomaticsonline.co.uk","and look out"," for","  summer"
"infomaticsonline.co.uk","cleaner fuels"," for","  transport  and"
"infomaticsonline.co.uk","efficiency"," for","  buildings  and"
"infomaticsonline.co.uk","services"," for","  schools  ,"
"infomaticsonline.co.uk",", consultancy"," for","  individuals"
"backbytes.computing.co.uk","adjustment"," for","  adiposity  ,"
"ppu.org.uk","had gone on"," for","  twelve  years."
"mayfairschool.co.uk","mentioned (","for","  example  ,"
"mayfairschool.co.uk","n''t the season"," for","  figs  anyway)."
"encorepersonnel.co.uk","Newton"," for","  dates  of next"
"encorepersonnel.co.uk","packages"," for","  businesses  in"
"spotlightministries.org.uk","opportunity"," for","  people  with"
"spotlightministries.org.uk","in searching"," for","  training"
"spotlightministries.org.uk","and ask"," for","  help  in the"
"spotlightministries.org.uk","excellent way"," for","  students  to"
"spotlightministries.org.uk","criteria"," for","  training"
"spotlightministries.org.uk","are strict -"," for","  example  ,"
"spotlightministries.org.uk","problematic"," for","  students  with"
"spotlightministries.org.uk","points"," for","  firms  ."
"spotlightministries.org.uk","accessible"," for","  students  with"
"christs.cam.ac.uk","service"," for","  NHS  and"
"network-theory.co.uk","NHS is a force"," for","  stability  and"
"traveleditions.co.uk","- Eastbourne -"," for","  visitor"
"traveleditions.co.uk","- social group"," for","  men  and women"
"eclipse.co.uk","that a Lodge"," for",""
"sciencemuseum.org.uk","squares."," For","  directions  to"
"sciencemuseum.org.uk",". shtml."," For","  directions  to"
"www-embio.ch.cam.ac.uk","''s top marks"," for","  workplace"
"www-embio.ch.cam.ac.uk","appeals"," for","  tsunami"
"sasdaniels.co.uk","status issues"," for","  participants"
"sasdaniels.co.uk","meanings."," For","  instance  we"
"sasdaniels.co.uk","positions."," For","  instance  , the"
"sasdaniels.co.uk","good metaphor"," for","  ''corruption  ''"
"sasdaniels.co.uk","mentioning."," For","  instance  :"
"sasdaniels.co.uk","of pathways"," for","  people  to walk"
"sasdaniels.co.uk","was left out"," for","  lack  of space)"
"sasdaniels.co.uk","by itself"," for","  everyone  to"
"sasdaniels.co.uk","provide jobs"," for","  people  ."
"sasdaniels.co.uk","are no good"," for","  anything  else"
"www2.chch.ox.ac.uk","A radical idea"," for","  TV  news"
"redisland.co.uk","play. )"," For","  example  , the"
"mysteriousbritain.co.uk","statement"," For","  website"
"mysteriousbritain.co.uk",". Information"," for","  students  with"
"mysteriousbritain.co.uk","can be made"," for","  enrolment  and"
"mysteriousbritain.co.uk","of services"," for","  students  with"
"link2wales.co.uk","of England '',"," for","  example  : The"
"link2wales.co.uk","'' new home,"," for","  centuries  was"
"link2wales.co.uk","struggling"," for","  survival"
"link2wales.co.uk","as fighting"," for","  freedom  . In"
"link2wales.co.uk","Melodies,"," for","  example  , the"
"link2wales.co.uk","''s Prophecy ''"," for","  example  , a"
"renux.dmed.ed.ac.uk","considering"," for","  inclusion  ,"
"dl.ac.uk","own doctor"," for","  help  and"
"highlandwoodenergy.co.uk","in funding"," for","  teaching  ,"
"highlandwoodenergy.co.uk","in funding"," for","  research  and"
"highlandwoodenergy.co.uk","3 % in funds"," for","  teaching  and"
"highlandwoodenergy.co.uk","fee waivers"," for","  students  on"
"highlandwoodenergy.co.uk","provision"," for","  students  with"
"highlandwoodenergy.co.uk","; 127M funding"," for","  research"
"highlandwoodenergy.co.uk","more support"," for","  projects"
"highlandwoodenergy.co.uk","''s assumption"," for","  inflation  of"
"highlandwoodenergy.co.uk","are attached"," for","  information  :"
"highlandwoodenergy.co.uk","adjustments"," for","  continuity  )"
"kahun.man.ac.uk","to prepare"," for","  euro  trading."
"charity-commission.gov.uk","email first"," for","  details  . Then"
"pponline.co.uk","contests"," for","  boys  and the"
"pponline.co.uk","events"," for","  women  made"
"pponline.co.uk","term limits"," for","  members  and"
"worldcon.org.uk","responsible"," for","  anything  and"
"worldcon.org.uk","replies is"," for","  liability  ."
"surefish.co.uk","the need"," for","  U-turns  2005"
"surefish.co.uk","suitable"," for","  touch  screens"
"landscapingpavingstone.co.uk","remained big"," for","  website"
"landscapingpavingstone.co.uk","gives food"," for","  thought  and on"
"uknetguide.co.uk","people met"," for","  teaching  and"
"uknetguide.co.uk","at the Temple"," for","  prayer  . It was"
"uknetguide.co.uk","substitute"," for","  sin  . The"
"aelybryn.co.uk","Play"," For","  Tomorrow"
"aelybryn.co.uk","writing plays"," for","  radio  . "" It was"
"aelybryn.co.uk","exclusively"," for","  radio  . It was"
"aelybryn.co.uk","work there and"," for","  plays  with"
"aelybryn.co.uk","","for","  twelve  years."
"aelybryn.co.uk","two plays"," for","  television  ."
"aelybryn.co.uk","good work yet"," for","  television  as"
"aelybryn.co.uk","as she has"," for","  stage  . "" You"
"aelybryn.co.uk","working"," for","  television  ."
"aelybryn.co.uk","life. Play"," For","  Tomorrow"
"apcims.co.uk","Minister, (","for","  example  by the"
"apcims.co.uk","the purpose is"," for","  research  or"
"washerhelp.co.uk","conditions"," for","  cooperation"
"washerhelp.co.uk","of the reasons"," for","  food"
"washerhelp.co.uk","concern"," for","  Iraqis  could"
"washerhelp.co.uk","bazaar opens"," for","  business  ["
"washerhelp.co.uk","pressures UN"," for","  support  [ a"
"washerhelp.co.uk","expressed"," for","  anyone  else"
"washerhelp.co.uk","ready"," for","  dialogue  with"
"washerhelp.co.uk","of war crimes"," for","  ''political  ''"
"washerhelp.co.uk","being looted"," for","  cash  by Les"
"washerhelp.co.uk","16th January."," For","  anyone  who is"
"washerhelp.co.uk","''s minister"," for","  disarmament  ."
"washerhelp.co.uk","''s son calls"," for","  shake-out  in"
"washerhelp.co.uk","on Iranian TV ]"," for","  terror"
"washerhelp.co.uk","in Moscow"," for","  Talks  on UN"
"washerhelp.co.uk","condemns Iraq"," for","  ''terror  '' * Ý UN"
"washerhelp.co.uk","? [ excuses"," for","  spending"
"washerhelp.co.uk","ahead ["," for","  example  ,"
"spahill.org.uk","> > Food"," for","  thought"
"spahill.org.uk","people ask"," for","  help"
"spahill.org.uk","recommended"," for","  students  who"
"croydon-tramlink.co.uk","our store"," for","  inspiration  ,"
"croydon-tramlink.co.uk","in our stores,"," for","  example  paint"
"croydon-tramlink.co.uk",". 1. Contact Us"," For","  website  and"
"croydon-tramlink.co.uk","9-5"," For","  website  and"
"croydon-tramlink.co.uk","head office."," For","  website  , web"
"croydon-tramlink.co.uk","pm on Sundays."," For","  recruitment"
"croydon-tramlink.co.uk","Click here"," for","  details  of our"
"croydon-tramlink.co.uk","Click here"," for","  details  of our"
"croydon-tramlink.co.uk","Click here"," for","  details  of our"
"croydon-tramlink.co.uk","service"," for","  customers  who"
"croydon-tramlink.co.uk","ask in store"," for","  details  . 11."
"nomad-online.co.uk","issues."," For","  example  some"
"masud.co.uk","which is easy"," for","  people  to"
"masud.co.uk","not doing so (","for","  example"
"masud.co.uk","be nominated"," for","  awards  in any"
"masud.co.uk","I wanted...."," for","  pleasure  and"
"masud.co.uk","pleasure and"," for","  business  ..."
"masud.co.uk","Whoever looks"," for","  information"
"masud.co.uk","best I ''ve seen"," for","  ease  of use,"
"nms.ac.uk","it Right logo"," for","  use  on sites"
"watercressline.co.uk","blessings:"," for","  example  , they"
"watercressline.co.uk","accessing it"," for","  days  on end."
"cmis.brighton.ac.uk","but were not"," for","  everyone  ? it"
"cmis.brighton.ac.uk","#7 rod, idea"," for","  stillwaters"
"cmis.brighton.ac.uk",", value"," for","  money  and"
"kbnet.co.uk","is developed"," for","  software"
"kbnet.co.uk","substitutes"," for","  text  when data"
"kbnet.co.uk","statement."," For","  data  in a"
"kbnet.co.uk","are covered."," For","  data  in a"
"kbnet.co.uk","applicable."," For","  data  in a"
"kbnet.co.uk","out. """," For","  data  in a"
"kbnet.co.uk","this DID."," For","  example  , the"
"kbnet.co.uk","areas (","for","  example  ,"
"kbnet.co.uk","parameters"," for","  software"
"kbnet.co.uk","be procedures"," for","  validation"
"kbnet.co.uk","failure and"," for","  continuity  of"
"kbnet.co.uk","separately"," for","  convenience"
"kbnet.co.uk","documents"," for","  ease  in"
"hfstephens-museum.org.uk","Saxon project"," for","  world"
"hfstephens-museum.org.uk","Iraqis"," for","  looting"
"hfstephens-museum.org.uk","taken"," for","  safekeeping  *"
"hfstephens-museum.org.uk","them"," for","  Kurds  . In"
"hfstephens-museum.org.uk","a tally"," for",""
"hfstephens-museum.org.uk","act,"," for","  example  ,"
"hfstephens-museum.org.uk","by day fight"," for","  survival  the"
"hfstephens-museum.org.uk","given by ''Oil"," for","  Food  '' to"
"hfstephens-museum.org.uk","firms fight"," for","  piece  of the"
"hfstephens-museum.org.uk","firms vie"," for",""
"hfstephens-museum.org.uk","Muslims rally"," for","  unity  in"
"hfstephens-museum.org.uk","calling"," for","  Hashemite"
"hfstephens-museum.org.uk","the people are"," for","  independence"
"hwcp.org.uk","rights"," for","  migrants  ."
"hwcp.org.uk","and Romania"," for","  example  ?"
"hwcp.org.uk",", a campaign"," for","  secularism  ."
"hwcp.org.uk","and called"," for","  citizenship"
"hwcp.org.uk","rights"," for","  migrants  . It"
"encorepersonnel.co.uk",""" goldsworthy"," for","  lu  news. jpg """
"encorepersonnel.co.uk","in the country"," for","  student"
"duncanamps.co.uk","services"," for","  carers  for"
"duncanamps.co.uk","for carers"," for","  people  with"
"duncanamps.co.uk","short breaks"," for","  carers  for"
"duncanamps.co.uk","for carers"," for","  people  with"
"duncanamps.co.uk","available"," for","  carers  · to"
"duncanamps.co.uk","services"," for","  carers  of"
"duncanamps.co.uk","breaks"," for","  carers  for"
"duncanamps.co.uk","for carers"," for","  people  with"
"duncanamps.co.uk","breaks"," for","  carers  for"
"duncanamps.co.uk","for carers"," for","  people  with"
"duncanamps.co.uk","Breaks"," for","  Carers  for"
"duncanamps.co.uk","for Carers"," for","  People  with"
"duncanamps.co.uk","services"," for","  carers  for"
"duncanamps.co.uk","for carers"," for","  people  with"
"naworth.co.uk","it available"," for","  use  (or reuse)"
"naworth.co.uk","added value"," for","  scientists  ,"
"naworth.co.uk","uses i-Tor [ 3 ]"," for","  harvesting"
"naworth.co.uk","section)."," For","  end-users  ,"
"naworth.co.uk","feature."," For",""
"naworth.co.uk","the standard"," for","  metadata  . The"
"naworth.co.uk","use simple DC"," for","  data  exchange"
"naworth.co.uk","it is not, it is"," for","  data  exchange"
"naworth.co.uk","guidelines"," for","  metadata  in"
"naworth.co.uk","responsible"," for",""
"naworth.co.uk","right format"," for","  harvesting"
"naworth.co.uk","lingua franca"," for","  data  exchange"
"naworth.co.uk","allows"," for","  data  exchange"
"b.ali.btinternet.co.uk","advice"," for","  researchers"
"welshchessunion.co.uk","and a top tip"," for","  beans  ... more"
"tasi.ac.uk","the species is"," for","  women  to stay"
"tasi.ac.uk","It is thought,"," for","  example  , that"
"tasi.ac.uk","in Odense,"," for","  example  ,"
"tasi.ac.uk","or call"," for","  action  . Clive"
"tasi.ac.uk","in dentistry,"," for","  instance  , are"
"tasi.ac.uk","wards,"," for","  instance  ;"
"wpb6.btinternet.co.uk","another plate"," for","  dinner  . """
"wpb6.btinternet.co.uk",","," for","  interest  ,"
"transport2000.org.uk","the need"," for","  data  entry."
"transport2000.org.uk","are important"," for","  studies  of"
"bluetree.co.uk","","for","  tank  sizing"
"learning.north.londonmet.ac.uk","on each side"," for","  medium  ; and"
"learning.north.londonmet.ac.uk","on each side"," for","  medium  ; 1"
"lmu.ac.uk","methods exist"," for","  terrain"
"lmu.ac.uk","","For","  consistency"
"lmu.ac.uk","signs."," For","  cases  of zero"
"lmu.ac.uk","","for","  features"
"lmu.ac.uk","algorithm"," for",""
"lmu.ac.uk","Thus the rules"," for","  feature"
"lmu.ac.uk","being used"," for",""
"lmu.ac.uk","(see Chapter 6"," for","  examples  of"
"lmu.ac.uk","selected"," for","  query  . In both"
"lmu.ac.uk","indicated"," for","  sizes  39x39,"
"lmu.ac.uk","(compare,"," for","  example  , with"
"lmu.ac.uk",". The method"," for","  basin"
"lmu.ac.uk","the mechanism"," for","  water  removal"
"sundials.co.uk","maps"," for","  energy"
"sundials.co.uk","network"," for","  energy"
"sundials.co.uk","network"," for","  teachers  ,"
"twistednerve.co.uk","."," For","  example  , they"
"twistednerve.co.uk","is a tendency"," for","  initiatives"
"twistednerve.co.uk","implications"," for","  work  of this"
"twistednerve.co.uk","specifically"," for",""
"twistednerve.co.uk","printed guide"," for","  teachers  by"
"twistednerve.co.uk","to all of these"," for","  suggestions"
"twistednerve.co.uk",", involving"," for","  example"
"twistednerve.co.uk","arrangements"," for","  lunch  and bus"
"twistednerve.co.uk","demand"," for","  transport"
"twistednerve.co.uk","implications"," for","  staffing  , and"
"twistednerve.co.uk","in particular"," for","  teacher  cover"
"twistednerve.co.uk","courses"," for","  parents  ."
"twistednerve.co.uk","need"," for","  transport  ."
"cumbriacc.gov.uk","an epidural"," for","  pain  relief."
"cumbriacc.gov.uk","received DLA"," for","  life  , but I"
"cumbriacc.gov.uk","awarded DLA"," for","  life  but I"
"cumbriacc.gov.uk","am now looking"," for","  part  time jobs"
"cumbriacc.gov.uk","or injections"," for","  pain  in that"
"transcomm.ox.ac.uk","ground"," for","  deadlocks  ."
"transcomm.ox.ac.uk","handlers"," for","  buttons  on the"
"transcomm.ox.ac.uk","the deadlock."," For","  example  :"
"transcomm.ox.ac.uk","do something."," For","  example  , you"
"transcomm.ox.ac.uk","do something."," For","  example  ,"
"transcomm.ox.ac.uk","be made to wait"," for","  data  to become"
"glassblockoutlet.co.uk","machines"," for","  use  in the"
"glassblockoutlet.co.uk","laboratory"," for","  testing  with"
"bl.uk","forces (not"," for","  reporting  )"
"www-sedgwick.esc.cam.ac.uk","and as a centre"," for","  activities"
"www-sedgwick.esc.cam.ac.uk","out of use"," for","  safety"
"www-sedgwick.esc.cam.ac.uk","48. Now it is 63"," for","  men  and 68 for"
"www-sedgwick.esc.cam.ac.uk","for men and 68"," for","  women  . In the"
"www-sedgwick.esc.cam.ac.uk","? ?s no job"," for","  youâ  ? or to say"
"www-sedgwick.esc.cam.ac.uk","attribute"," for","  anything"
"www-sedgwick.esc.cam.ac.uk","holidays"," for","  pensioners  ?"
"www-sedgwick.esc.cam.ac.uk","job."," For","  example  , it"
"www-sedgwick.esc.cam.ac.uk","in terms of,"," for","  example  ,"
"www-sedgwick.esc.cam.ac.uk","a duty"," for","  employers  to"
"www-sedgwick.esc.cam.ac.uk","much welcome,"," for","  instance  , the"
"www-sedgwick.esc.cam.ac.uk","real need was"," for","  companies  to"
"www-sedgwick.esc.cam.ac.uk","than managers"," for","  instance  . We"
"www-sedgwick.esc.cam.ac.uk","possible,"," for","  instance  by"
"www-sedgwick.esc.cam.ac.uk",", and the need"," for","  flexibility"
"www-sedgwick.esc.cam.ac.uk","to that desire"," for","  flexibility  ."
"archive.food.gov.uk","term"," for","  telework  ,"
"arts.guardian.co.uk","walls was used"," for","  grazing  ,"
"arts.guardian.co.uk","''s School"," for","  girls  , which"
"arts.guardian.co.uk","execution"," for","  witchcraft  in"
"cs.bham.ac.uk","Services"," for","  Students  3.4"
"cs.bham.ac.uk","Services"," for","  Students"
"cs.bham.ac.uk",", except"," for","  students"
"cs.bham.ac.uk","arrangements"," for","  placements  )"
"cs.bham.ac.uk","Services (","for","  issues"
"cs.bham.ac.uk","reason"," for","  appeal  ."
"cs.bham.ac.uk","there is a case"," for",""
"cs.bham.ac.uk","mechanism"," for","  review  of the"
"growell.co.uk","to 2004 - A time"," for",""
"growell.co.uk","& a n ew high"," for","  Internet"
"growell.co.uk","to 2004 - A time"," for",""
"growell.co.uk","dramatic year"," for","  everyone"
"growell.co.uk","noticed."," For","  example  , in"
"growell.co.uk","& a n ew high"," for","  Internet"
"bupa.co.uk","calls"," for","  openness"
"bupa.co.uk","calls"," for","  openness"
"bupa.co.uk","Council"," for","  behaviour"
"bupa.co.uk","journalist"," for","  contempt  . The"
"bupa.co.uk","cases,"," for","  example  where"
"bupa.co.uk","debates."," For","  hundreds  of"
"lentontimes.co.uk","country. As"," for",""
"lentontimes.co.uk","campaigning"," for","  changes  in the"
"bfi.org.uk:8080","in the search"," for","  explanations"
"bfi.org.uk:8080","that compete"," for","  attention"
"bfi.org.uk:8080","ethnic lines"," for","  votes  . And"
"bfi.org.uk:8080","ethnic lines"," for","  votes  ,"
"bfi.org.uk:8080","votes - where,"," for","  example  , in"
"bfi.org.uk:8080",", the occasion"," for",""
"bfi.org.uk:8080",", B, C and D -"," for","  vote  pooling"
"bfi.org.uk:8080","the prospects"," for","  intergroup"
"bfi.org.uk:8080","own group"," for","  votes  , rather"
"bfi.org.uk:8080","threshold"," for","  election  -"
"bfi.org.uk:8080","of incentives"," for","  politicians"
"bfi.org.uk:8080","were planted"," for","  guerrilla"
"bfi.org.uk:8080","","for","  power  and two"
"bfi.org.uk:8080","elections"," for","  parliament  ."
"bfi.org.uk:8080","preferences"," for","  president"
"bfi.org.uk:8080","negotiations"," for","  independence"
"bfi.org.uk:8080","incentives"," for","  power  sharing"
"bfi.org.uk:8080","them anyway."," For","  conflict  in"
"socialistunitynetwork.co.uk","appeal"," for","  volunteers"
"socialistunitynetwork.co.uk","t-shirts"," for","  £15  , a whole"
"socialistunitynetwork.co.uk","and in costume"," for","  £2  a pop, and a"
"socialistunitynetwork.co.uk","programme"," for","  £5  . I thought"
"socialistunitynetwork.co.uk","the long queue"," for","  ticket"
"socialistunitynetwork.co.uk","were reserved"," for","  ''Silver  ''"
"socialistunitynetwork.co.uk","appealed"," for","  people  in ''the"
"headheritage.co.uk","array"," for","  fluorescence"
"headheritage.co.uk","linker"," for","  application"
"headheritage.co.uk","of specimens"," for","  x-ray"
"headheritage.co.uk","Methods"," for","  analysis  of"
"headheritage.co.uk","chemosensors"," for","  ion  and"
"headheritage.co.uk","."," For","  instance  ,"
"headheritage.co.uk","new protocol"," for","  fabrication"
"headheritage.co.uk","is suitable"," for","  array"
"headheritage.co.uk","sensor"," for","  potassium"
"headheritage.co.uk","design"," for","  host"
"headheritage.co.uk","design"," for","  host"
"headheritage.co.uk","sensor"," for","  potassium"
"headheritage.co.uk","sensor"," for","  cations"
"headheritage.co.uk","selectivity"," for","  potassium"
"headheritage.co.uk","constants"," for","  conversion  of"
"headheritage.co.uk","constants"," for","  water"
"headheritage.co.uk","fiber and"," for","  fluorescence"
"headheritage.co.uk","has been used"," for","  fluorescence"
"headheritage.co.uk","sensor"," for","  pH"
"headheritage.co.uk","","for","  mercury  ion Go"
"headheritage.co.uk","","for","  mercury  ion"
"headheritage.co.uk","excitation"," for","  naphthalene  ("
"ics.leeds.ac.uk","rides is £2.80"," for","  adults  , £1.80"
"ics.leeds.ac.uk","adults, £1.80"," for","  Seniors  and £1"
"ics.leeds.ac.uk","Seniors and £1"," for","  children  ."
"ics.leeds.ac.uk","places ideal"," for","  picnics  . Open"
"tate.org.uk","verbal sense (","for","  example"
"tate.org.uk","well as form."," For","  example  ,"
"tate.org.uk","to be elliptic"," for","  pits  and peaks"
"tate.org.uk",", parabolic"," for","  channels  and"
"tate.org.uk","hyperbolic"," for","  passes  . For"
"tate.org.uk","derivatives"," for","  x  and y are"
"tate.org.uk","along,"," for","  example  ,"
"tate.org.uk","resolution,"," for","  example  . This"
"tate.org.uk","et al, 1992)."," For","  flexibility"
"tate.org.uk","significant"," for","  surfaces  with"
"tate.org.uk","decay). So,"," for","  example  , the"
"tate.org.uk","Mean of raster"," for","  cells  i U j"
"tate.org.uk","separately"," for","  lags  in"
"tate.org.uk","of samples"," for","  variance"
"tate.org.uk",") the case"," for","  raster  based"
"tate.org.uk","specifically"," for","  raster  based"
"tate.org.uk","to that used"," for","  measures  of"
"phrases.org.uk","be speaking up"," for","  difference  ."
"phrases.org.uk","is ''being kept"," for","  something"
"phrases.org.uk","by waiting"," for","  life  to happen"
"phrases.org.uk","own idioms,"," for","  example  , to"
"phrases.org.uk","not be a sound"," for","  hours  but the"
"phrases.org.uk","him gently"," for","  help  . '' But the"
"phrases.org.uk","of his respect"," for","  convention"
"phrases.org.uk","to his desire"," for","  men  and that he"
"baronage.co.uk","exists"," for","  licence  to"
"baronage.co.uk","15 April"," for","  food  for human"
"baronage.co.uk","to take eggs"," for","  incubation"
"www-jcsu.jesus.cam.ac.uk","is his quest"," for","  order  and"
"www-jcsu.jesus.cam.ac.uk",". In our quest"," for","  order  and"
"poetrysociety.org.uk","index listing"," for","  speaker"
"poetrysociety.org.uk","general"," for","  employment"
"poetrysociety.org.uk","Frank worked"," for","  asset"
"poetrysociety.org.uk","as a centre"," for","  excellence  ,"
"poetrysociety.org.uk","Ltd, a not"," for","  profit"
"poetrysociety.org.uk","programme"," for","  regeneration"
"poetrysociety.org.uk","cyclone watch"," for","  places  such as"
"poetrysociety.org.uk","had to retire"," for","  health"
"poetrysociety.org.uk","equipped"," for","  work  , and so"
"poetrysociety.org.uk","","for","  building"
"poetrysociety.org.uk","responsible"," for","  market"
"poetrysociety.org.uk","having worked"," for","  contractors  ,"
"poetrysociety.org.uk",". He has worked"," for","  companies"
"poetrysociety.org.uk","? ?s programme"," for","  Climate"
"poetrysociety.org.uk","a Knighthood"," for","  services  to"
"untoldlondon.org.uk","is so much"," for","  everyone  to"
"untoldlondon.org.uk","Services,"," for","  example  . If"
"shef.ac.uk","him, hoping"," for","  answers"
"shef.ac.uk","hay in my bra,"," for","  fuck  ''s sake!"
"shef.ac.uk","wall I record"," for","  posterity  ,"
"mygen.co.uk","1: Summary"," for",""
"mygen.co.uk","responsible"," for",""
"mygen.co.uk","framework"," for","  drug  and"
"mygen.co.uk","services"," for","  alcohol"
"mygen.co.uk",". Services"," for","  drug  misusers"
"mygen.co.uk","tiers. Tiers"," for","  drug"
"mygen.co.uk","provision"," for","  drug  misusers"
"mygen.co.uk","blueprint"," for","  provision  . It"
"mygen.co.uk","1 provision"," for","  drug  and"
"mygen.co.uk","medical care"," for","  drug  misusers"
"mygen.co.uk","and aftercare"," for","  drug  misusers"
"mygen.co.uk","programmes"," for","  drug  misusers"
"mygen.co.uk","services"," for","  misusers  (and"
"mygen.co.uk","","for","  drug  and"
"mygen.co.uk","solely"," for","  drug  and"
"mygen.co.uk","programmes"," for","  drug  and"
"mygen.co.uk","as agreed."," For","  clients  whose"
"mygen.co.uk",", responsible"," for",""
"mygen.co.uk","differences."," For","  example  ,"
"mygen.co.uk","groups."," For","  example  , tier"
"mygen.co.uk","services"," for","  drug  misusers"
"mygen.co.uk","services"," for","  drug  and"
"mygen.co.uk","is required"," for","  services  in"
"mygen.co.uk","provision"," for","  drug  and"
"mygen.co.uk","treatment"," for","  adults  was"
"mygen.co.uk","the four tiers"," for","  adult  drug and"
"mygen.co.uk",","," for","  example"
"mygen.co.uk","","for","  drug  and"
"mygen.co.uk","some are not;"," for","  example  , some"
"mygen.co.uk","","for","  arrest"
"mygen.co.uk","services"," for","  people  with"
"mygen.co.uk","mechanisms"," for","  children  ''s"
"mygen.co.uk","mechanisms"," for","  children  and"
"mygen.co.uk","services,"," for","  example  ,"
"mygen.co.uk","","for","  mothers  and"
"mygen.co.uk","or local area,"," for","  example  ,"
"mygen.co.uk","or 3 services,"," for","  example  ,"
"mygen.co.uk","services"," For","  example  :"
"mygen.co.uk","treatment"," for","  offenders  on"
"mygen.co.uk","services"," For","  example  :"
"vts.rdn.ac.uk","Services"," for","  Students"
"vts.rdn.ac.uk","Services"," for","  Students"
"vts.rdn.ac.uk","be available"," for","  students  to"
"vts.rdn.ac.uk","are available"," for","  loan  (for a £5"
"vts.rdn.ac.uk","options"," for","  graduates  by"
"vts.rdn.ac.uk","information"," for","  people  with"
"vts.rdn.ac.uk","Resources"," for","  Careers  )."
"vts.rdn.ac.uk","term time"," for","  students  to"
"headheritage.co.uk","programs"," for","  students  with"
"headheritage.co.uk","legislation"," for","  people  with"
"headheritage.co.uk","(Federal Law"," for","  Individuals"
"headheritage.co.uk","state schools"," for","  teachers  ("
"headheritage.co.uk","was released"," for","  students"
"headheritage.co.uk","in pedagogies"," for","  diversity  ,"
"headheritage.co.uk",": A guide"," for","  educators  (pp"
"newhumanist.org.uk","initiative"," for","  hospitality  ,"
"ff1600.co.uk","section"," for","  income  tax of"
"catholic-ew.org.uk","is available"," for","  inmates  to"
"catholic-ew.org.uk","was scheduled"," for",""
"prospect-magazine.co.uk","in the search"," for","  explanations"
"prospect-magazine.co.uk","the structure"," for","  change  ."
"prospect-magazine.co.uk","be a main basis"," for","  policy  , and"
"prospect-magazine.co.uk","or as a subject"," for","  research"
"prospect-magazine.co.uk","is looking"," for","  answers"
"prospect-magazine.co.uk",", and"," for","  advice  and"
"prospect-magazine.co.uk","priorities"," for","  expenditure  ."
"prospect-magazine.co.uk","have thought,"," for","  support  by the"
"prospect-magazine.co.uk","as a framework"," for",""
