"corpus","ukwac"
"subcorpus","-"
"concordance size","4684319"
"query","Query:[lc=""for"" | lemma_lc=""for""];Positive filter (excluding KWIC):-1 -1 -1 [tag=""Nc.*""];GDEX:100 "
"bobsticks.co.uk","  photography  ","for"," all occasions"
"letsgogardening.co.uk","by its  workers  ","for"," free."
"chichesterjazzclub.co.uk","  requirements  ","for"," particular"
"ageconcern.org.uk","  material  ","for"," the site. My"
"ageconcern.org.uk","any  money  ","for"," visitor reads"
"ageconcern.org.uk","new  topics  ","for"," your review at"
"martininstitute.ox.ac.uk","scottish  term  ","for"," child similar"
"ageconcern.org.uk","for  payment  ","for"," Very Useful or"
"martininstitute.ox.ac.uk","to stop  time  ","for"," their"
"chichesterjazzclub.co.uk","  Guidelines  ","for"," HE"
"chichesterjazzclub.co.uk","on  framework  ","for"," higher"
"ageconcern.org.uk","is the  need  ","for"," new reviewers"
"chichesterjazzclub.co.uk","credit  rating  ","for"," enhanced"
"bobsticks.co.uk","  foundations  ","for"," houses, the"
"martininstitute.ox.ac.uk","''s little  love  ","for"," the English"
"chichesterjazzclub.co.uk","  mechanism  ","for"," such"
"ageconcern.org.uk","a  source  ","for"," that, I have"
"hsc.uwe.ac.uk","also his  rival  ","for"," the"
"martininstitute.ox.ac.uk"," ","for"," the smallest"
"antcarparts.co.uk","be an  excuse  ","for"," your"
"letsgogardening.co.uk","paint  jobs  ","for"," laptops. An"
"chichesterjazzclub.co.uk","  students  ","for"," employment."
"chichesterjazzclub.co.uk",", the  need  ","for"," clear"
"chichesterjazzclub.co.uk","  point  ","for",""
"hsc.uwe.ac.uk","of me; I  blush  ","for"," my"
"martininstitute.ox.ac.uk","  credit  ","for"," at least being"
"birminghamfoe.org.uk","of the  country  ","for"," a long time"
"martininstitute.ox.ac.uk","with a  love  ","for"," linguistics"
"chichesterjazzclub.co.uk","  Guidelines  ","for"," the"
"chichesterjazzclub.co.uk","  descriptors  ","for"," the main"
"birminghamfoe.org.uk",""" It is of no  use  ","for"," me to argue"
"birminghamfoe.org.uk","up by the  earth  ","for"," the benefit of"
"antcarparts.co.uk","to make a  will  ","for"," reasons best"
"dptac.gov.uk","  requirement  ","for",""
"martininstitute.ox.ac.uk","  countries  ","for"," years - ever"
"chichesterjazzclub.co.uk","  outcomes  ","for"," each"
"martininstitute.ox.ac.uk",".  Thankyou  ","for"," your views"
"hsc.uwe.ac.uk",", to seek  food  ","for"," melancholy."
"hsc.uwe.ac.uk","higher  views  ","for"," their"
"antcarparts.co.uk","the  reasons  ","for"," such"
"dptac.gov.uk","  institution  ","for",""
"chichesterjazzclub.co.uk","title e. g.  EdD  ","for"," Doctor of"
"birminghamfoe.org.uk","  time  ","for"," them. If they"
"bobsticks.co.uk","of  justice  ","for"," the county are"
"ageconcern.org.uk","little or a  lot  ","for"," the site. The"
"dptac.gov.uk","  institution  ","for"," certain small"
"bobsticks.co.uk","county  jail  ","for"," felons and"
"ageconcern.org.uk","a solid  amount  ","for"," the traffic it"
"martininstitute.ox.ac.uk","many  doors  ","for"," me over here."
"chichesterjazzclub.co.uk"," ","for"," a greater"
"hsc.uwe.ac.uk","no  foundation  ","for"," this ''loud"
"dptac.gov.uk","  customers  ","for"," facilitating"
"chichesterjazzclub.co.uk","  descriptors  ","for"," the main"
"martininstitute.ox.ac.uk","  programming  ","for",""
"chichesterjazzclub.co.uk"," ","for"," HE"
"letsgogardening.co.uk","  support  ","for"," their home"
"chichesterjazzclub.co.uk","that in  order  ","for",""
"birminghamfoe.org.uk","a grand  chance  ","for"," you now your"
"ageconcern.org.uk","is  nothing  ","for"," do nating to"
"tps.org.uk","your  device  ","for"," some time and"
"martininstitute.ox.ac.uk","lingua  franca  ","for"," the entire"
"martininstitute.ox.ac.uk","out  things  ","for"," themselves"
"chichesterjazzclub.co.uk","  requirements  ","for"," the PG"
"chichesterjazzclub.co.uk","  accounts  ","for"," at least a"
"chichesterjazzclub.co.uk","  structure  ","for"," taught"
"chichesterjazzclub.co.uk","  requirements  ","for"," particular"
"letsgogardening.co.uk","PC  industry  ","for"," style and"
"chichesterjazzclub.co.uk","of  awards  ","for"," further study"
"martininstitute.ox.ac.uk","''s  ideal  ","for"," the language."
"ageconcern.org.uk","my  standards  ","for"," several of my"
"letsgogardening.co.uk","  philosophy  ","for"," the Model T as,"
"hsc.uwe.ac.uk","He hid his  face  ","for"," a few seconds;"
"chichesterjazzclub.co.uk","QAA  framework  ","for"," higher"
"ageconcern.org.uk","for  u-rate-it  ","for"," me is that my"
"ageconcern.org.uk","positive  note  ","for"," u-rate-it for"
"hsc.uwe.ac.uk","him, and  grief  ","for"," the cause of"
"letsgogardening.co.uk","desktop  cases  ","for"," individuals"
"martininstitute.ox.ac.uk","English  word  ","for"," child. Laura"
"martininstitute.ox.ac.uk","latest  fad  ","for"," political"
"hsc.uwe.ac.uk","''s  desire  ","for"," the real heir,"
"martininstitute.ox.ac.uk","to  school  ","for"," linguistics I"
"martininstitute.ox.ac.uk","have  sympathy  ","for"," teachers and"
"chichesterjazzclub.co.uk"," ","for"," new"
"martininstitute.ox.ac.uk","  changes  ","for"," words such as"
"bobsticks.co.uk","as to put a  stop  ","for"," the present to"
"martininstitute.ox.ac.uk","  bugularise  ","for"," being"
"tps.org.uk","  candidate  ","for"," this feature"
"tps.org.uk","  file  ","for"," deletion was"
"bobsticks.co.uk","  requisites  ","for"," carrying on"
"ageconcern.org.uk","your  account  ","for"," each unique"
"antcarparts.co.uk","be on the  watch  ","for"," lizards,"
"chichesterjazzclub.co.uk","Masters  title  ","for"," extended"
"hsc.uwe.ac.uk","sorry  subject  ","for"," me to talk upon"
"chichesterjazzclub.co.uk","  IMPLICATIONS  ","FOR"," PRACTICE AT"
"birminghamfoe.org.uk","find an  excuse  ","for"," seizing the"
"birminghamfoe.org.uk","man made a  rush  ","for"," this place or"
"dptac.gov.uk","  charges  ","for"," changing"
"letsgogardening.co.uk","  demand  ","for"," personalised"
"hsc.uwe.ac.uk","  agitation  ","for"," the chance of"
"martininstitute.ox.ac.uk","any  meaning  ","for"," example"
"tps.org.uk","  detail  ","for"," MobileDb - as I"
"tps.org.uk","  requirement  ","for"," my use of a PDA"
"hi-europe.co.uk","  contract  ","for"," a large chain"
"hi-europe.co.uk","of the  checks  ","for"," one year. The"
"hi-europe.co.uk","of the  checks  ","for"," one year, or to"
"vacant.org.uk","the  adoption  ","for"," knowledge"
"vacant.org.uk","  lessons  ","for"," financial"
"vacant.org.uk","  consequences  ","for"," those who"
"vacant.org.uk","apparent  need  ","for"," an "" all or"
"vacant.org.uk","  cause  ","for"," the"
"vacant.org.uk","and speedy  fix  ","for"," all the flaws"
"vacant.org.uk","finance  staff  ","for"," the failure."
"vacant.org.uk","that it is  time  ","for"," accountants"
"xibalba.demon.co.uk","a  thought  ","for"," the singers,"
"xibalba.demon.co.uk","  touchstone  ","for"," evolutionary"
"xibalba.demon.co.uk","love of  beauty  ","for"," beauty ''s sake"
"xibalba.demon.co.uk","  explanations  ","for"," animal"
"xibalba.demon.co.uk","a  distaste  ","for"," ''positivist"
"xibalba.demon.co.uk",", as a  search  ","for"," ''general laws"
"xibalba.demon.co.uk",", and  disputes  ","for"," which there"
"xibalba.demon.co.uk","  evidence  ","for"," the sake of"
"xibalba.demon.co.uk","  requirements  ","for"," Darwinian"
"xibalba.demon.co.uk","  cure  ","for"," athlete ''s"
"xibalba.demon.co.uk","a  question  ","for",""
"xibalba.demon.co.uk","a  mechanism  ","for"," evolution and"
"xibalba.demon.co.uk","in his  account  ","for"," the idea, dear"
"xibalba.demon.co.uk","in  sociology  ","for"," the concept of"
"xibalba.demon.co.uk","  theory  ","for"," the concept of"
"xibalba.demon.co.uk","  language  ","for"," sociology."
"bcs-mt.org.uk","their  plans  ","for"," World"
"key-arts.co.uk","a stunt  baby  ","for"," Mothercare"
"key-arts.co.uk","served  time  ","for"," murder in the"
"key-arts.co.uk","PM awh,  thanx  ","for"," the update..."
"exeter.ac.uk","some  flats  ","for"," couples)."
"exeter.ac.uk","main  centre  ","for"," mixing with"
"exeter.ac.uk","  destination  ","for"," some"
"exeter.ac.uk","the  country  ","for"," student"
"exeter.ac.uk","sign-up  lists  ","for"," Tuesday"
"exeter.ac.uk",".  Tickets  ","for",""
"exeter.ac.uk","MCR at 7 p.  m.  ","for"," sherry before"
"exeter.ac.uk","Keynes  house  ","for"," £2, or bought"
"exeter.ac.uk","the  librarian  ","for"," details. The"
"exeter.ac.uk",". The  post-box  ","for"," this is"
"exeter.ac.uk","from  college  ","for"," any length of"
"exeter.ac.uk","  address  ","for"," Russell"
"exeter.ac.uk","''  week  ","for"," a guided tour"
"exeter.ac.uk","  something  ","for"," you. The"
"exeter.ac.uk","a  boat  ","for"," those who are"
"exeter.ac.uk","in  college  ","for"," a nominal"
"badgirls.co.uk","the  context  ","for"," design as an"
"tonearm.co.uk","famous  figure  ","for"," advertising"
"tonearm.co.uk","  need  ","for"," recognition"
"tonearm.co.uk","was no  need  ","for"," her any longer"
"tonearm.co.uk","of  care  ","for"," those"
"tonearm.co.uk","  patients  ","for"," starvation"
"tonearm.co.uk","unless a ""  law  ","for"," annihilation"
"tonearm.co.uk","the  railhead  ","for"," Grafeneck,"
"tonearm.co.uk","do  anything  ","for"," her, and she"
"ownersdirect.co.uk","legal  size  ","for"," a still, just"
"ownersdirect.co.uk","key  whiskies  ","for"," each"
"jdhooker.org.uk","  seats  ","for"," accompanying"
"jdhooker.org.uk","a  ticket  ","for"," reserved"
"jdhooker.org.uk","Friday  seats  ","for"," dressage are"
"jdhooker.org.uk","to the  event  ","for"," four days for"
"jdhooker.org.uk","for four  days  ","for"," two adults"
"jdhooker.org.uk","and the  option  ","for"," electrical"
"jdhooker.org.uk"," ","For",""
"jdhooker.org.uk","2:1  offer  ","for"," horse trials"
"jdhooker.org.uk","free of  charge  ","for"," one carer per"
"jdhooker.org.uk","and  scooters  ","for"," disabled,"
"jdhooker.org.uk","  visitors  ","for"," a donation. To"
"jdhooker.org.uk","To raise  money  ","for"," this years"
"jdhooker.org.uk","is a  raffle  ","for"," which the top"
"jdhooker.org.uk",".  Tickets  ","for"," the raffle can"
"jdhooker.org.uk","or  anyone  ","for"," whom they are"
"jdhooker.org.uk","any  liability  ","for"," any accident,"
"jdhooker.org.uk","any  reason  ","for"," such action"
"geologywales.co.uk","it was  time  ","for"," some creative"
"geologywales.co.uk","  university  ","for"," Manchester"
"geologywales.co.uk","? The  market  ","for"," mergers"
"solid-edge.co.uk","to  glory  ","for"," an Italian"
"solid-edge.co.uk","to be  offside  ","for"," the economy,"
"solid-edge.co.uk","in  bidding  ","for"," the exclusive"
"solid-edge.co.uk","as a  launchpad  ","for"," a media career"
"solid-edge.co.uk","a  column  ","for"," the Daily Mail"
"solid-edge.co.uk","  company  ","for"," £4m and has"
"diamondhunt.co.uk","  application  ","for"," ever."
"englandsquashmasters.co.uk","guiding  light  ","for"," the"
"englandsquashmasters.co.uk","of  departure  ","for"," an ambitious"
"englandsquashmasters.co.uk","the  city  ","for"," a spell in the"
"englandsquashmasters.co.uk","his  vision  ","for"," Playtime,"
"medievalfreeco.org.uk","  information  ","for"," a"
"medievalfreeco.org.uk","  sources  ","for"," use in asylum"
"medievalfreeco.org.uk","  format  ","for"," the layout and"
"medievalfreeco.org.uk","  section  ","for"," some"
"medievalfreeco.org.uk","in  preference  ","for"," the second"
"medievalfreeco.org.uk","the  situation  ","for"," Hindus and"
"medievalfreeco.org.uk","  advocates  ","for"," victims, and"
"medievalfreeco.org.uk","  footnotes  ","for"," their primary"
"medievalfreeco.org.uk","  document  ","for"," determining"
"medievalfreeco.org.uk","free from  risk  ","for"," certain"
"medievalfreeco.org.uk","  accounts  ","for"," 30 % of the"
"medievalfreeco.org.uk",".  Requests  ","for"," documents on"
"medievalfreeco.org.uk","  opportunity  ","for"," this fear to be"
"medievalfreeco.org.uk",".  Documents  ","for"," Eritrea, DRC,"
"medievalfreeco.org.uk","State  report  ","for"," 2003, when in"
"medievalfreeco.org.uk"," ","for"," Producing"
"medievalfreeco.org.uk","of  impunity  ","for"," human rights"
"medievalfreeco.org.uk","  criteria  ","for"," any expert is"
"medievalfreeco.org.uk","  evidence  ","for"," matters"
"medievalfreeco.org.uk","be the  case  ","for"," October 2004."
"medievalfreeco.org.uk","a cut-off  date  ","for"," when the"
"medievalfreeco.org.uk","on  countries  ","for"," use in making"
"brigglife.co.uk","know. "" At  £40  ","for"," a game people"
"brigglife.co.uk","be good  news  ","for"," gamers,"
"brigglife.co.uk","  formats  ","for"," almost two"
"brigglife.co.uk","much  respect  ","for"," their"
"rcpsglasg.ac.uk","no  defaults  ","for"," PAYE, NIC and"
"rcpsglasg.ac.uk","  excuse  ","for"," paying late,"
"rcpsglasg.ac.uk",". The  reason  ","for"," the appeal."
"carbonflo.co.uk","us your  ideas  ","for"," a perfect"
"carbonflo.co.uk","  excuse  ","for"," Mackie ''s ice"
"carbonflo.co.uk","good  excuses  ","for"," you to have a"
"carbonflo.co.uk","in my  freezer  ","for"," the turkey -"
"carbonflo.co.uk","empty  cartons  ","for"," lampshades,"
"carbonflo.co.uk","  pools  ","for"," sardines, to"
"carbonflo.co.uk","  everything  ","for"," pudding and I"
"carbonflo.co.uk","E-  Excellent  ","for"," parties S-"
"carbonflo.co.uk","''m in  training  ","for"," the ice cream"
"carbonflo.co.uk","I do! One  scoop  ","for"," me? No! Make it"
"carbonflo.co.uk","is daily  food  ","for"," the soul, why"
"carbonflo.co.uk","The best  cure  ","for"," a sore throat,"
"carbonflo.co.uk","just the  thing  ","for"," treating my"
"carbonflo.co.uk","for me and  none  ","for"," the doggie! S"
"carbonflo.co.uk","  something  ","for"," getting"
"carbonflo.co.uk","137 An  excuse  ","for"," eating Mackie"
"carbonflo.co.uk","the empty  tubs  ","for"," painting,"
"carbonflo.co.uk","154 Ideal  food  ","for"," when I ''m on the"
"carbonflo.co.uk","  filling  ","for"," those hollow"
"oink.demon.co.uk","the  potential  ","for"," problems. In"
"oink.demon.co.uk","  treatment  ","for"," patients with"
"oink.demon.co.uk","  suitability  ","for"," a transplant,"
"the-philosopher.co.uk","birth  stone  ","for"," February,"
"the-philosopher.co.uk","birth  stone  ","for"," March."
"the-philosopher.co.uk","birth  stones  ","for"," November."
"the-philosopher.co.uk","birth  stone  ","for"," June, pearls"
"the-philosopher.co.uk","their  beauty  ","for"," years to come."
"the-philosopher.co.uk","birth  stones  ","for"," April, rock"
"the-philosopher.co.uk","birth  stone  ","for"," August. You"
"new.overseas-trade.co.uk","  streets  ","for"," Street"
"christian.org.uk","  compensation  ","for"," pensions lost"
"christian.org.uk","  scheme  ","for"," 25 of them. Sue"
"christian.org.uk","the  scheme  ","for"," 18 years. When"
"christian.org.uk",""" His  requests  ","for"," early"
"christian.org.uk","me. Our  plans  ","for"," retirement"
"christian.org.uk","  scheme  ","for"," 36 years. Roy,"
"christian.org.uk","worked for  ASW  ","for"," 33 years and"
"christian.org.uk","in its  scheme  ","for"," 31 years"
"cwn.org.uk","''GAZE ''  theory  ","for"," radio? ''Radio"
"cwn.org.uk","master  theory  ","for"," radio),"
"cwn.org.uk","is no  chance  ","for"," coherence in"
"cwn.org.uk","  foundations  ","for"," the gendered"
"cwn.org.uk",". The  search  ","for"," radio"
"cwn.org.uk","with the  need  ","for"," higher-order"
"cwn.org.uk","deeper  need  ","for"," core radio"
"dancecity.co.uk","some  reasons  ","for"," connecting"
"dancecity.co.uk","no  rules  ","for"," the behavior"
"dancecity.co.uk","are? no  rules  ","for"," the behavior"
"dancecity.co.uk","The  rationale  ","for"," thinking this"
"dancecity.co.uk","  methods  ","for"," the"
"dancecity.co.uk","  mechanism  ","for"," the"
"dancecity.co.uk","? . In  order  ","for"," this"
"dancecity.co.uk","of  conditions  ","for"," the"
"dancecity.co.uk","natural  error  ","for"," an empiricist"
"dancecity.co.uk","as a  question  ","for"," Brook as to how"
"dancecity.co.uk","also the  basis  ","for"," the synthesis"
"dancecity.co.uk","an  object  ","for"," me and hence is"
"dancecity.co.uk","in  order  ","for"," us to achieve"
"dancecity.co.uk","its  relevance  ","for"," both the"
"dancecity.co.uk","with  reasons  ","for"," seeing the"
"dancecity.co.uk","  result  ","for"," Kant experts"
"dancecity.co.uk","  implications  ","for"," a"
"dancecity.co.uk"," ","for"," organisation"
"dancecity.co.uk",". The  reason  ","for"," this is not"
"dancecity.co.uk","  conditions  ","for"," determining a"
"dancecity.co.uk","lack of  future  ","for"," the research"
"dancecity.co.uk","an  aptitude  ","for"," purposes"
"dancecity.co.uk","of the  future  ","for"," itself."
"karibuni.co.uk","index.  htm  ","For"," alternative"
"karibuni.co.uk","human  rights  ","For"," an update on"
"karibuni.co.uk","page at  click  ","for"," details and"
"handicap-international.org.uk","for 20 to 40  eb  ","for"," lunch and 25 to"
"rdmengineering.co.uk","on as a  runner  ","for"," Dravid"
"rdmengineering.co.uk","terror  track  ","for"," Harmison et al"
"rdmengineering.co.uk","a  shout  ","for"," leg-before as"
"rdmengineering.co.uk","a firm  push  ","for"," two to deep"
"rdmengineering.co.uk","  suggestions  ","for"," a good place to"
"rdmengineering.co.uk","  cricket  ","for"," Essex: two"
"rdmengineering.co.uk","Jones  returns  ","for"," the next Test,"
"rdmengineering.co.uk","  midwicket  ","for"," Cook, which"
"rdmengineering.co.uk","  midwicket  ","for"," four - a"
"rdmengineering.co.uk","to long  leg  ","for"," a single. 40th"
"rdmengineering.co.uk","does  nothing  ","for"," the RSI."
"rdmengineering.co.uk","the  leg-side  ","for"," a single to"
"rdmengineering.co.uk",",  problems  ","for"," Sreesanth who"
"rdmengineering.co.uk","to  midwicket  ","for"," a single. 44th"
"rdmengineering.co.uk","to  long-leg  ","for"," one more. "" You"
"rdmengineering.co.uk","  midwicket  ","for"," four - perhaps"
"rdmengineering.co.uk","a  reputation  ","for"," being touch in"
"rdmengineering.co.uk","  movement  ","for"," him, bar a"
"rdmengineering.co.uk","since  lunch  ","for"," Cook - as"
"rdmengineering.co.uk","two  averages  ","for"," each player:"
"rdmengineering.co.uk","the  lad  ","for"," his"
"rdmengineering.co.uk","lucky  runs  ","for"," Flintoff, who"
"rdmengineering.co.uk","  parliament  ","for"," half an hour, """
"horseracingbets.co.uk","Cover  design  ","for"," Generator, to"
"horseracingbets.co.uk","be an  issue  ","for"," preservation"
"horseracingbets.co.uk",".  Flyer  ","for"," the Koolhaas"
"horseracingbets.co.uk",", for  example  ","for"," La Villette in"
"horseracingbets.co.uk","  projects  ","for"," an estate"
"horseracingbets.co.uk","''s  aviary  ","for"," London Zoo."
"horseracingbets.co.uk","your  project  ","for"," the Los"
"horseracingbets.co.uk","  potential  ","for"," an"
"horseracingbets.co.uk"," ","for"," the"
"fantasyfactory.co.uk","equal  shares  ","for"," everyone."
"fantasyfactory.co.uk","any apple  pie  ","for"," dessert. Alex"
"fantasyfactory.co.uk","in the BB  house  ","for"," a week, and how"
"fantasyfactory.co.uk","  housemates  ","for",", as Jonny"
"fantasyfactory.co.uk","  head  ","for"," ''Hollyoaks ''"
"peteralan.co.uk","  blocks  ","for"," men and women."
"peteralan.co.uk","  toilet  ","for"," children -"
"peteralan.co.uk","is  sanitation  ","for"," all. If we get"
"peteralan.co.uk","her  request  ","for"," more water,"
"blog.outofthebedroom.co.uk",". ? The  reason  ","for"," the"
"blog.outofthebedroom.co.uk","The  copyright  ","for"," this article"
"mariners-l.co.uk","their  dog  ","for"," a walk played a"
"mariners-l.co.uk","  point  ","for"," a"
"mariners-l.co.uk","a  site  ","for"," regular"
"mariners-l.co.uk","the main  route  ","for"," traffic"
"mariners-l.co.uk","focal  point  ","for"," all upstairs"
"mariners-l.co.uk","a regular  site  ","for"," congregation"
"languagesabroad.co.uk","75p  postage  ","for"," one magazine."
"languagesabroad.co.uk","75p  postage  ","for"," one magazine."
"languagesabroad.co.uk","75p  postage  ","for"," one magazine."
"languagesabroad.co.uk",".  Postage  ","for"," multiply"
"languagesabroad.co.uk",",  £2:00  ","for"," three"
"languagesabroad.co.uk",",  £3:10  ","for"," four issues,"
"languagesabroad.co.uk","issues,  £3:45  ","for"," five issues"
"languagesabroad.co.uk","and  £4:40  ","for"," six issues."
"languagesabroad.co.uk","to ACTION  TV  ","for"," four issues"
"languagesabroad.co.uk","allow 28  days  ","for"," UK delivery."
"bordercrossings.org.uk","  reports  ","for"," the Bulletin"
"bordercrossings.org.uk","and  abstracts  ","for"," the"
"bordercrossings.org.uk","other  duties  ","for"," selecting the"
"bordercrossings.org.uk","of  catalogues  ","for"," GSHAP. Dmitry"
"bordercrossings.org.uk","  earthquakes  ","for"," the Institute"
"bordercrossings.org.uk",". The  program  ","for"," selecting"
"bordercrossings.org.uk","  solution  ","for"," that event at"
"bordercrossings.org.uk","  service  ","for"," the ISC as it"
"bordercrossings.org.uk","  system  ","for"," editing the"
"bordercrossings.org.uk"," ","for"," later reports"
"bordercrossings.org.uk",",  check  ","for"," post, phone"
"propheticvision.org.uk","and tow  car  ","for"," a week so we"
"propheticvision.org.uk","a great  place  ","for"," glorious"
"propheticvision.org.uk","journey  time  ","for"," traffic"
"propheticvision.org.uk","from the  boot  ","for"," their comfort"
"afs.org.uk","  programme  ","for"," the Octagon"
"afs.org.uk","  resource  ","for"," people of all"
"afs.org.uk","youth  theatre  ","for"," young people"
"jollyfarmer.co.uk"," ","for"," hounding and"
"jollyfarmer.co.uk","for  cruelty  ","for"," refusing to"
"talyllyn.co.uk","hon.  Member  ","for",""
"talyllyn.co.uk","and  respect  ","for"," the excellent"
"talyllyn.co.uk","as  tenders  ","for"," furniture and"
"talyllyn.co.uk","makes my  point  ","for"," me: the"
"talyllyn.co.uk","as a  conduit  ","for"," information."
"talyllyn.co.uk","hon.  Member  ","for",""
"talyllyn.co.uk","hon.  Member  ","for",""
"talyllyn.co.uk","hon.  Member  ","for",""
"talyllyn.co.uk","a great  need  ","for"," a very"
"talyllyn.co.uk","hon.  Member  ","for"," Ryedale (Mr."
"talyllyn.co.uk","hon.  Member  ","for",""
"talyllyn.co.uk","  rights  ","for"," members of the"
"talyllyn.co.uk","the  reasons  ","for"," that. Mr."
"talyllyn.co.uk",".  Gentleman  ","for"," confirming"
"talyllyn.co.uk","to do the  job  ","for"," which we pay"
"talyllyn.co.uk","in the  Bill  ","for"," information"
"talyllyn.co.uk","good  reasons  ","for"," the way in"
"talyllyn.co.uk","hon.  Member  ","for",""
"talyllyn.co.uk","good  grounds  ","for"," formulating"
"troubleatwork.org.uk","to  death  ","for"," piracy in 1720"
"troubleatwork.org.uk","and  money  ","for"," the army. ("
"troubleatwork.org.uk","Captains  log  ","for"," the 32 gun ship"
"troubleatwork.org.uk","her a  pension  ","for"," her heroism. ("
"troubleatwork.org.uk","a  volunteer  ","for"," the 81st"
"youngresources.co.uk","  strategy  ","for"," health. Our"
"youngresources.co.uk","  forum  ","for"," members of the"
"youngresources.co.uk","  forum  ","for"," sharing ideas"
"samoa.co.uk","a  set  ","for"," one reason. It"
"samoa.co.uk","  description  ","for"," this old fool."
"samoa.co.uk","I bought a  copy  ","for"," my daughter"
"samoa.co.uk","my  daughter  ","for"," her birthday,"
"samoa.co.uk","the  reason  ","for"," all this is"
"samoa.co.uk","  foundation  ","for",", what will"
"samoa.co.uk","wait for  ages  ","for"," one and then"
"samoa.co.uk","a dead  ringer  ","for"," Gillian"
"samoa.co.uk","my  collection  ","for"," a while now."
"samoa.co.uk","his own  album  ","for"," him to"
"samoa.co.uk","been in  touch  ","for"," a while now. I"
"samoa.co.uk","the  Internet  ","for"," sales. Well,"
"samoa.co.uk","Sing This  Song  ","For"," You '' is"
"samoa.co.uk","thank  heavens  ","for"," that. Couple"
"samoa.co.uk",". A notable  CD  ","for"," these songs,"
"samoa.co.uk","Thank  heavens  ","for"," Charles and"
"samoa.co.uk","in  tights  ","for"," this old Soul"
"samoa.co.uk","be a great  year  ","for"," music if these"
"samoa.co.uk","''Be  Thankful  ","For"," What You Got ''"
"baas.ac.uk","  provision  ","for"," those soiled"
"baas.ac.uk"," ","for"," those who read"
"baas.ac.uk",", the  prayer  ","for"," forgiveness"
"baas.ac.uk","of our  land  ","for"," the Lord. . ."
"baas.ac.uk","guest  rooms  ","for"," godly"
"baas.ac.uk","use our  homes  ","for"," the Lord;"
"dawnellmore.co.uk","  data  ","for"," the sit ups"
"dawnellmore.co.uk","  norms  ","for"," 16 to 19 year"
"dawnellmore.co.uk","this topic:  PE  ","for"," You - J"
"bowness.demon.co.uk","the  evidence  ","for"," the increased"
"bowness.demon.co.uk",",  services  ","for"," high priority"
"bowness.demon.co.uk",", the  need  ","for"," us all to gain"
"bowness.demon.co.uk",", the  meanings  ","for"," the"
"bowness.demon.co.uk","the  need  ","for"," consultation"
"bowness.demon.co.uk","  prerequisite  ","for"," EBD schools to"
"bowness.demon.co.uk","  implications  ","for"," intervention"
"bowness.demon.co.uk","a  model  ","for"," us all. ROGER"
"exposure.co.uk","  games  ","for"," Looking Glass"
"crbs.org.uk","IP  addresses  ","for",""
"crbs.org.uk","  tickets  ","for"," the remote"
"crbs.org.uk","as the  value  ","for"," the variable"
"crbs.org.uk","  tracefile  ","for"," recording"
"crbs.org.uk","remote  host  ","for"," processing."
"crbs.org.uk","(the  default  ","for"," ` ` old line by"
"crbs.org.uk","  arguments  ","for"," the auth com-"
"crbs.org.uk","  arguments  ","for"," the encrypt"
"crbs.org.uk","  arguments  ","for"," the environ"
"crbs.org.uk","  information  ","for"," the environ"
"crbs.org.uk","''s  session  ","for"," later"
"crbs.org.uk","  information  ","for"," the mode com-"
"crbs.org.uk","symbolic  name  ","for"," a specific"
"crbs.org.uk","symbolic  name  ","for"," a specific"
"crbs.org.uk","symbolic  name  ","for"," a specific"
"crbs.org.uk","symbolic  name  ","for"," a specific"
"crbs.org.uk","  information  ","for"," the send"
"crbs.org.uk","the  variables  ","for"," the toggle"
"crbs.org.uk","initial  value  ","for"," the "" Are You"
"crbs.org.uk","initial  value  ","for"," the erase"
"crbs.org.uk","initial  value  ","for"," the flush"
"crbs.org.uk","initial  value  ","for"," the"
"crbs.org.uk","initial  value  ","for"," the interrupt"
"crbs.org.uk","initial  value  ","for"," the kill"
"crbs.org.uk","initial  value  ","for"," the lnext"
"crbs.org.uk","initial  value  ","for"," the quit"
"crbs.org.uk","initial  value  ","for"," the reprint"
"crbs.org.uk","initial  value  ","for"," the start"
"crbs.org.uk","initial  value  ","for"," the stop"
"crbs.org.uk","initial  value  ","for"," the suspend"
"crbs.org.uk","initial  value  ","for"," the worderase"
"crbs.org.uk","  settings  ","for"," the current"
"crbs.org.uk","  defaults  ","for"," the special"
"crbs.org.uk","  defaults  ","for"," the special"
"crbs.org.uk","  information  ","for"," the slc"
"crbs.org.uk","  information  ","for"," the authenti-"
"crbs.org.uk","initial  value  ","for"," this toggle is"
"crbs.org.uk","initial  value  ","for"," this toggle is"
"crbs.org.uk","initial  value  ","for"," this toggle is"
"crbs.org.uk","initial  value  ","for"," this tog- gle"
"crbs.org.uk","  information  ","for"," the encryp-"
"crbs.org.uk","initial  value  ","for"," this toggle is"
"crbs.org.uk","initial  value  ","for"," this toggle is"
"crbs.org.uk","initial  value  ","for"," this toggle is"
"crbs.org.uk","tial  value  ","for"," this toggle is"
"crbs.org.uk","initial  value  ","for"," this toggle is"
"crbs.org.uk","initial  value  ","for"," this toggle is"
"crbs.org.uk","informa-  tion  ","for"," just that"
"thinkroadsafety.gov.uk","  campaigners  ","for"," Catholic"
"erieri.co.uk","  formats  ","for"," longer"
"erieri.co.uk","the  woods  ","for"," the trees"
"oriel.ox.ac.uk","greater  care  ","for"," how we impact"
"oriel.ox.ac.uk","obvious  test  ","for"," all of us."
"oriel.ox.ac.uk","its  agenda  ","for"," action and"
"oriel.ox.ac.uk","be no  roads  ","for"," our vehicles,"
"oriel.ox.ac.uk",", no  runways  ","for"," our aircraft"
"been2nene.co.uk","d. The  graph  ","for"," this model is"
"been2nene.co.uk","  distribution  ","for"," the effect in a"
"been2nene.co.uk","  model  ","for"," blocker"
"been2nene.co.uk"," ","for"," blocker"
"been2nene.co.uk","  deviation  ","for"," d, as compared"
"gare.co.uk","as a  guide  ","for"," those who are"
"dmag.org.uk","in  premiums  ","for"," exterior"
"nowt2do.co.uk","his  research  ","for"," the book Garth"
"nowt2do.co.uk","the late  1980s  ","for"," his work. More"
"nowt2do.co.uk","double  bass  ","for"," top Hungarian"
"nowt2do.co.uk","  hands  ","for"," on the"
"journalism.cf.ac.uk","  point  ","for"," a"
"journalism.cf.ac.uk","  freedom  ","for"," the one who"
"journalism.cf.ac.uk","pipes as  molds  ","for"," making the"
"journalism.cf.ac.uk","be the new  home  ","for"," lost photos, a"
"journalism.cf.ac.uk","come  home  ","for"," the New Year,"
"journalism.cf.ac.uk","looming  peril  ","for"," Jewish people"
"journalism.cf.ac.uk","the  industry  ","for"," which they"
"journalism.cf.ac.uk","  angle  ","for"," viewing what"
"journalism.cf.ac.uk","a weekly  strip  ","for"," a magazine"
"journalism.cf.ac.uk","  resources  ","for"," the study of"
"journalism.cf.ac.uk","the  struggle  ","for"," domination"
"journalism.cf.ac.uk","  mark  ","for"," unity and"
"journalism.cf.ac.uk","  prayers  ","for"," the dead and"
"journalism.cf.ac.uk","  sources  ","for"," the study of"
"journalism.cf.ac.uk","  fortunes  ","for"," their owners."
"journalism.cf.ac.uk","  standard  ","for"," identifying"
"journalism.cf.ac.uk","a  blueprint  ","for"," life in modern"
"journalism.cf.ac.uk","natural  tool  ","for"," scientists."
"journalism.cf.ac.uk","  features  ","for"," class"
"journalism.cf.ac.uk",". A  resource  ","for"," things legal."
"fisheries.co.uk","- A memory  area  ","for"," persistent"
"fisheries.co.uk","an exact  match  ","for"," the magic"
"dmflightsim.co.uk","a clip,  ideal  ","for"," use on books or"
"dmflightsim.co.uk","a  replacement  ","for"," this lamp? -"
"uxisweb1.brunel.ac.uk"," ","for"," the"
"uxisweb1.brunel.ac.uk"," ","for"," any loss or"
"uxisweb1.brunel.ac.uk","web  site  ","for"," details."
"uxisweb1.brunel.ac.uk","any  liability  ","for"," its accuracy"
"uxisweb1.brunel.ac.uk","web  pages  ","for"," them for"
"thamesmatch.co.uk","set of  data  ","for"," historical"
"thamesmatch.co.uk","on a  document  ","for"," hours before"
"thamesmatch.co.uk","of  failure  ","for"," your data."
"thamesmatch.co.uk","weekly  backup  ","for"," those systems"
"oncology.cam.ac.uk","of  refuge  ","for"," Rome ''s drug"
"oncology.cam.ac.uk","  foundations  ","for"," the"
"oncology.cam.ac.uk","  framework  ","for"," the right to"
"oncology.cam.ac.uk","  opportunity  ","for"," people to"
"oncology.cam.ac.uk","  practices  ","for"," the operation"
"oncology.cam.ac.uk","major  impetus  ","for"," pragmatic"
"oncology.cam.ac.uk",". The  motion  ","for"," a resolution"
"oncology.cam.ac.uk","''s  support  ","for"," these key"
"oncology.cam.ac.uk","pave the  way  ","for"," further"
"oncology.cam.ac.uk","reduced  costs  ","for"," health and"
"oncology.cam.ac.uk","  need  ","for"," a clear signal"
"oncology.cam.ac.uk","broad  mandate  ","for"," the"
"oncology.cam.ac.uk","major  impetus  ","for"," drug"
"oncology.cam.ac.uk","reduced  costs  ","for"," health and"
"oncology.cam.ac.uk","  urgency  ","for"," a clear signal"
"oncology.cam.ac.uk","  practices  ","for"," the"
"monteclefe.somerset.sch.uk","  photography  ","for"," all occasions"
"monteclefe.somerset.sch.uk","as a  sanctuary  ","for"," criminals. In"
"monteclefe.somerset.sch.uk","its south  side  ","for"," ships from"
"monteclefe.somerset.sch.uk","  waters  ","for"," aquatic"
"adriandenning.co.uk","  offices  ","for"," marketing and"
"adriandenning.co.uk",",  guidelines  ","for"," authors and"
"adriandenning.co.uk","of  contents  ","for"," any issue of"
"adriandenning.co.uk","own  papers  ","for"," publication"
"adriandenning.co.uk","the  notes  ","for"," contributors"
"adriandenning.co.uk",". co.  uk  ","For"," general"
"adriandenning.co.uk",". co.  uk  ","For"," general"
"adriandenning.co.uk","and  call  ","for"," papers be sent"
"glasgowarchitecture.co.uk","a  replacement  ","for"," the 12¾-inch"
"glasgowarchitecture.co.uk","the  need  ","for"," a large"
"glasgowarchitecture.co.uk","at  twilight  ","for"," observing"
"glasgowarchitecture.co.uk","  plans  ","for"," a large, new,"
"bronte.netfury.co.uk","as  Tudors  ","for"," three weeks)"
"bronte.netfury.co.uk","HD camera (a  Z1  ","for"," camera nerds)"
"bronte.netfury.co.uk","right  camera  ","for"," our next shoot"
"bronte.netfury.co.uk","Later  Blog  ","for"," others. Also"
"bronte.netfury.co.uk"," ","for"," Anecdotal"
"bronte.netfury.co.uk","an  award  ","for"," the most"
"bronte.netfury.co.uk",", a  passion  ","for"," film. I might"
"bronte.netfury.co.uk","in  place  ","for"," 2 years by the"
"bronte.netfury.co.uk",") of my  soul  ","for"," some funding,"
"bronte.netfury.co.uk","  holidays  ","for"," European"
"biblicalstudies.org.uk","  cuirass  ","for"," a woman -11th -"
"surreydancemusic.co.uk","to  education  ","for"," the 21st"
"surreydancemusic.co.uk","the  space  ","for",""
"the-morningstar.co.uk","  disclaimers  ","for"," borough of"
"the-morningstar.co.uk","7 days a  week  ","for"," your"
"the-morningstar.co.uk","  liability  ","for"," any errors or"
"the-morningstar.co.uk","a  substitute  ","for"," formal advice"
"the-morningstar.co.uk","  standard  ","for"," internet"
"the-morningstar.co.uk","  copyright  ","for"," advice if they"
"the-morningstar.co.uk","map  data  ","for"," their own use."
"the-morningstar.co.uk","or  liability  ","for"," access to them"
"brucesfingers.co.uk","easy  tutorial  ","for"," making your"
"brucesfingers.co.uk","  options  ","for"," the new smart"
"brucesfingers.co.uk",".  Thanks  ","for"," reading my"
"fanderson.org.uk","  speakers  ","for"," 2001/ 2 is now"
"fanderson.org.uk","above  links  ","for"," more details"
"fanderson.org.uk","  speakers  ","for"," the 2002/ 3"
"fanderson.org.uk",".  Something  ","for"," you to read"
"fanderson.org.uk","in the SU  shop  ","for"," £3. See the"
"fanderson.org.uk","  link  ","for"," the"
"fanderson.org.uk","  link  ","for"," the"
"fanderson.org.uk","final  speaker  ","for"," the academic"
"fanderson.org.uk",". The  handout  ","for"," the talk will"
"fanderson.org.uk","first  speaker  ","for"," 2002 was Dr."
"fanderson.org.uk","final  speaker  ","for"," 2001 was Dr."
"fanderson.org.uk","this  link  ","for"," the abstract"
"fanderson.org.uk","  speakers  ","for"," visiting us!"
"fanderson.org.uk","members;  £2  ","for"," non-members."
"fanderson.org.uk","members,  £3  ","for"," non-members."
"fanderson.org.uk","THE  SOCIETY  ","For"," further"
"fanderson.org.uk","is £5 p.  a.  ","for"," members of the"
"fanderson.org.uk","  Applications  ","for"," membership of"
"skyscript.co.uk","  platform  ","for"," porters to"
"horniman.ac.uk","toughest  nut  ","for"," any believer"
"cheers-wine-merchants.co.uk","  challenge  ","for"," both"
"cheers-wine-merchants.co.uk","social  arenas  ","for",""
"cheers-wine-merchants.co.uk","  explanations  ","for"," an individual"
"cheers-wine-merchants.co.uk","in a  struggle  ","for"," meaning. This"
"cheers-wine-merchants.co.uk","  inspiration  ","for"," other symbols"
"cheers-wine-merchants.co.uk","  values  ","for"," those of `"
"cheers-wine-merchants.co.uk","  platforms  ","for"," less taxation"
"cheers-wine-merchants.co.uk","the  struggle  ","for"," difference,"
"cheers-wine-merchants.co.uk","out  fieldwork  ","for"," one year. At"
"cheers-wine-merchants.co.uk",". Phd.  thesis  ","for"," the Geography"
"penrhosprivatedaynursery.co.uk","message  board  ","for"," this petition"
"victorianartinbritain.co.uk","to the  maximum  ","for"," a pump"
"victorianartinbritain.co.uk","into  pumps  ","for"," lubrication"
"victorianartinbritain.co.uk","  means  ","for"," activating"
"victorianartinbritain.co.uk","fluid  flow  ","for"," two separate"
"victorianartinbritain.co.uk","  requirements  ","for"," a single"
"victorianartinbritain.co.uk","fluid  flow  ","for"," operation of a"
"victorianartinbritain.co.uk","supply  fluid  ","for"," a rapid"
"victorianartinbritain.co.uk","fluid  flow  ","for"," each"
"victorianartinbritain.co.uk","a  means  ","for"," leakage"
"victorianartinbritain.co.uk","a  path  ","for"," a liquid to"
"victorianartinbritain.co.uk","  components  ","for"," unusual heat."
"victorianartinbritain.co.uk",". The  reasons  ","for"," no prime are"
"generous.org.uk","dramatic  exit  ","for"," Grace When"
"generous.org.uk","was no  need  ","for"," that. Sat Jun"
"generous.org.uk","was only  water  ","for"," gods sake! ! ! !"
"generous.org.uk","was no  need  ","for"," it, Sat Jun 17,"
"britishblogs.co.uk","  exploration  ","for"," North Sea oil,"
"britishblogs.co.uk","  headquarters  ","for"," its"
"britishblogs.co.uk","  contractor  ","for"," managing"
"britishblogs.co.uk","under  attack  ","for"," the way it"
"britishblogs.co.uk","a  reputation  ","for"," political"
"britishblogs.co.uk","  company  ","for"," the Royal Navy"
"britishblogs.co.uk","in PFI  deals  ","for"," new motorways"
"britishblogs.co.uk","it a  target  ","for"," campaigners."
"britishblogs.co.uk","the  logistics  ","for"," major US"
"britishblogs.co.uk","  candidates  ","for"," the role, KBR"
"britishblogs.co.uk","  point  ","for"," that approach"
"britishblogs.co.uk"," ","for"," project"
"britishblogs.co.uk","  Transport  ","for"," London and the"
"britishblogs.co.uk","oil  bonanza  ","for"," KBR in the Gulf"
"britishblogs.co.uk",", is the  reason  ","for"," the 25 % jump in"
"mookychick.co.uk","  inspiration  ","for"," a new book,"
"mookychick.co.uk","you in the  mood  ","for"," love? Have a go"
"juniorgolfworld.co.uk","pay £20 to  £40  ","for"," a Focussing"
"juniorgolfworld.co.uk","the  coverage  ","for"," the full 6x6cm"
"juniorgolfworld.co.uk","  instructions  ","for"," the non"
"teachingenglish.org.uk","as good  news  ","for"," investors."
"teachingenglish.org.uk","is bad  news  ","for"," investors"
"teachingenglish.org.uk","is good  news  ","for"," the markets as"
"englishmonarchs.co.uk","  proposals  ","for"," new fisheries"
"englishmonarchs.co.uk","  structures  ","for"," Scotland. It"
"englishmonarchs.co.uk","member  clubs  ","for"," comment. We"
"englishmonarchs.co.uk","  system  ","for"," collecting"
"englishmonarchs.co.uk","it.  Options  ","for"," raising"
"englishmonarchs.co.uk","every  reason  ","for"," bodies such as"
"englishmonarchs.co.uk","  support  ","for"," the concept,"
"englishmonarchs.co.uk","  system  ","for"," the whole"
"englishmonarchs.co.uk","tenable  basis  ","for"," a statutory"
"englishmonarchs.co.uk","  revenue  ","for"," fisheries"
"englishmonarchs.co.uk","a  substitute  ","for",", rather than a"
"englishmonarchs.co.uk","of  funding  ","for"," fisheries"
"englishmonarchs.co.uk","  revenue  ","for"," fisheries"
"englishmonarchs.co.uk","  provision  ","for"," data"
"englishmonarchs.co.uk","  collection  ","for"," all parts of"
"candlemaking.org.uk","  Sources  ","for"," this report"
"candlemaking.org.uk","public  demand  ","for"," organic"
"candlemaking.org.uk","  premiums  ","for"," the certified"
"candlemaking.org.uk","  payments  ","for"," conservation"
"candlemaking.org.uk",".  Strategies  ","for"," lowering the"
"candlemaking.org.uk","  fertility  ","for"," the following"
"candlemaking.org.uk","  nutrients  ","for"," the organic"
"candlemaking.org.uk","  pools  ","for"," plants to"
"people.ex.ac.uk","the local  area  ","for"," the fantastic"
"uec.ac.uk","on  strategies  ","for"," managing the"
"uec.ac.uk","  information  ","for"," effective"
"uec.ac.uk","  enterprise  ","for"," optimal"
"uec.ac.uk","  universes  ","for",""
"uec.ac.uk","a  repository  ","for"," tech hints,"
"uec.ac.uk","  section  ","for"," 10 % off Red Hat"
"uec.ac.uk","and  exchange  ","for"," prizes every"
"uec.ac.uk","10 03/ 05  OS  ","for"," x86 platforms"
"uec.ac.uk","  benchmark  ","for"," quality and we"
"cronab.demon.co.uk","only  accounts  ","for"," a small part of"
"cronab.demon.co.uk","''  rate  ","for"," its"
"cronab.demon.co.uk","Cross  plant  ","for"," four days in"
"cronab.demon.co.uk","a  prize  ","for"," the winner - a"
"mimas.ac.uk","and  search  ","for"," the article"
"chichesterjazzclub.co.uk","  healthcare  ","for"," use by"
"accfinweb.account.strath.ac.uk","  package  ","for"," simulating"
"accfinweb.account.strath.ac.uk","''  facility  ","for"," building"
"golgotha.org.uk","  something  ","for"," which the"
"golgotha.org.uk","is no  room  ","for"," anything else"
"golgotha.org.uk","is no  room  ","for"," self. When we"
"golgotha.org.uk","THE  condition  ","for"," being saved."
"golgotha.org.uk","of  metaphor  ","for"," something"
"hazelden.org.uk","key  concerns  ","for"," companies"
"hazelden.org.uk",".  Permalink  ","for"," this story |"
"hazelden.org.uk","  site  ","for"," a Free Trial."
"hazelden.org.uk","  services  ","for"," consumers and"
"perse.co.uk","as a  venue  ","for"," your special"
"perse.co.uk","as a  venue  ","for"," a civil"
"perse.co.uk","as a  venue  ","for"," weddings for"
"perse.co.uk","for  weddings  ","for"," many years,"
"perse.co.uk",".  Information  ","for"," these"
"perse.co.uk","  breakfasts  ","for"," a minimum of 70"
"perse.co.uk","  reception  ","for"," a maximum of"
"perse.co.uk","and  drinks  ","for"," your"
"perse.co.uk","hire  charges  ","for"," the Marquee in"
"perse.co.uk","  charge  ","for"," the use of the"
"perse.co.uk","  fillet  ","For"," vegetarians:"
"perse.co.uk","tea or  coffee  ","for"," only £5.00 per"
"perse.co.uk","  canapés  ","for"," your guests to"
"perse.co.uk","  £34.85  ","for"," tray of 30"
"perse.co.uk","or white  wine  ","For"," the toast: A"
"perse.co.uk","or white  wine  ","For"," the toast: A"
"perse.co.uk","or white  wine  ","For"," the toast: A"
"perse.co.uk","or white  wine  ","For"," the toast: A"
"perse.co.uk","  package  ","for"," children aged"
"perse.co.uk","night  Tariff  ","for"," Civil"
"perse.co.uk","hire the  venue  ","for"," Civil"
"perse.co.uk","  arrangements  ","for"," the actual"
"perse.co.uk"," ","for"," Celebration"
"perse.co.uk","per  night  ","for"," bed and"
"perse.co.uk","adult  price  ","for"," food. We are"
"perse.co.uk","  flowers  ","for"," the table,"
"perse.co.uk","a  rehearsal  ","for"," wedding or"
"perse.co.uk","  times  ","for"," any function"
"perse.co.uk","of the  venue  ","for"," the event. 6."
"perse.co.uk","the  Company  ","for"," outside"
"perse.co.uk"," ","for"," and should"
"perse.co.uk"," ","for"," any claims of"
"perse.co.uk","to the  Company  ","for"," making good"
"martininstitute.ox.ac.uk","  communities  ","for"," individuals"
"martininstitute.ox.ac.uk","  activities  ","for"," the over 50 ''s"
"martininstitute.ox.ac.uk","  opportunity  ","for"," young people"
"martininstitute.ox.ac.uk","a  project  ","for"," all refugee"
"martininstitute.ox.ac.uk","drama as a  tool  ","for"," people to"
"go.reuters.co.uk","was still  room  ","for"," doubt. In fact"
"thepixiepit.co.uk",""" The  need  ","for"," language"
"helo.co.uk","  organisers  ","for"," sports events"
"helo.co.uk","  businesses  ","for"," meetings and"
"helo.co.uk","and  recipes  ","for"," magazines"
"helo.co.uk","on the  topic  ","For"," one publisher"
"helo.co.uk","one  publisher  ","For"," flour"
"helo.co.uk","on the  packet  ","For"," a supermarket"
"helo.co.uk","the  vision  ","for"," your business"
"helo.co.uk","  revenue  ","For"," example, your"
"helo.co.uk","out  lots  ","for"," next to"
"supertarot.co.uk","the  standard  ","for"," the semester"
"flycom.co.uk","my  apologies  ","for"," a period of"
"flycom.co.uk","Award  results  ","for"," some weeks,"
"flycom.co.uk","  fiction  ","for"," London ''s City"
"flycom.co.uk","  critic  ","for"," the Sunday"
"flycom.co.uk","  writer  ","for"," New Worlds."
"flycom.co.uk"," ","for"," audience"
"flycom.co.uk",") @  40pages  ","for"," 5p. new ("
"flycom.co.uk","(last  chance  ","for"," defunct"
"flycom.co.uk","of  proposals  ","for"," next year ''s"
"flycom.co.uk"," ","for"," Torcon II I ''m"
"flycom.co.uk","a  death-knell  ","for"," Checkpoint? I"
"comedycv.co.uk","last ten  years  ","for"," which we have"
"comedycv.co.uk","an older  group  ","for"," people aged"
"comedycv.co.uk","on the  lookout  ","for"," new members."
"biop.ox.ac.uk","nurse  leaders  ","for"," older people"
"biop.ox.ac.uk","  implications  ","for"," both"
"biop.ox.ac.uk","  competencies  ","for"," intermediate"
"biop.ox.ac.uk","  care  ","for"," SpRs in"
"pkf.co.uk","arrange  butts  ","for"," them with a"
"pkf.co.uk","baggage  train  ","for"," a whole week,"
"pkf.co.uk","what a  place  ","for"," a gallop! I"
"pkf.co.uk","taking  stride  ","for"," stride and"
"pkf.co.uk","off  firing  ","for"," fear of"
"pkf.co.uk","to our  heels  ","for"," hours; but if"
"brmb.co.uk","  Century  ","for"," more than two"
"brmb.co.uk","way of  life  ","for"," thousands of"
"brmb.co.uk",", was the  scene  ","for"," torchlight"
"brmb.co.uk","and  desire  ","for"," healing. If"
"brmb.co.uk","Druidic  name  ","for"," the life and"
"brmb.co.uk","  explanations  ","for"," its form. One"
"brmb.co.uk","  darkness  ","for"," several days"
"brmb.co.uk","  centres  ","for"," children,"
"brmb.co.uk","are  times  ","for"," personal"
"brmb.co.uk","metal  tray  ","for"," safety. On the"
"brmb.co.uk","be. ''  Repeat  ","for"," the second and"
"brmb.co.uk","our  ancestors  ","for"," the necessary"
"brmb.co.uk","loved  ones  ","for"," the evening."
"brmb.co.uk","began a new  day  ","for"," the Celts, so"
"starfishproject.freeserve.co.uk","  performers  ","for"," decades,"
"starfishproject.freeserve.co.uk","  personality  ","for"," four"
"starfishproject.freeserve.co.uk","as a  reporter  ","for"," The Times, at"
"starfishproject.freeserve.co.uk","and a full  band  ","for"," the first time"
"geog.ox.ac.uk"," ","for"," RHS members"
"ownersdirect.co.uk","  fares  ","for"," journeys"
"ownersdirect.co.uk","a  contender  ","for"," the distance"
"ownersdirect.co.uk","in the  dark  ","for"," a pocketful of"
"scottishtorymeps.org.uk","all the  credit  ","for"," Marham ''s many"
"scottishtorymeps.org.uk","useful  links  ","for"," families and"
"scottishtorymeps.org.uk","  attractions  ","for"," you and your"
"geologywales.co.uk","  stories  ","for"," you to enjoy."
"orcadian.co.uk","  resource  ","for"," controlling"
"fylde.demon.co.uk","makes  way  ","for"," young"
"fylde.demon.co.uk","makes  way  ","for"," young"
"thamesweb.co.uk","  Exposure  ","for"," film & TV news"
"thamesweb.co.uk","and  Events  ","for"," event news."
"dodger.co.uk","as well as  tips  ","for"," maintaining"
"dodger.co.uk","  products  ","for"," the"
"dodger.co.uk","term  homes  ","for"," German"
"dodger.co.uk","  gifts  ","for"," the cat lover."
"dodger.co.uk","  sticks  ","for"," their dogs. A"
"dodger.co.uk","and  jewellery  ","for"," pet lovers."
"dodger.co.uk","great  website  ","for"," Staffie"
"dodger.co.uk","large dog  beds  ","for"," all breeds."
"dodger.co.uk","dog  store  ","for"," Mammoth dog"
"fodac.org.uk","to  demands  ","for"," root and"
"fodac.org.uk","  meaning  ","for"," sin and evil."
"fodac.org.uk","the  capacity  ","for"," evil within"
"fodac.org.uk","  opportunity  ","for"," individuals;"
"fodac.org.uk","  condition  ","for"," public"
"fodac.org.uk","  support  ","for"," both the"
"fodac.org.uk","  option  ","for"," the poor '', do"
"fodac.org.uk","in the  purpose  ","for"," which they"
"fodac.org.uk","  mechanisms  ","for"," the"
"fodac.org.uk","  reasons  ","for"," these"
"fodac.org.uk","are  reasons  ","for"," approaching"
"fodac.org.uk","  Questions  ","for"," Christians"
"fodac.org.uk","in the  quest  ","for"," a coherent"
"fodac.org.uk","is the  respect  ","for"," the"
"fodac.org.uk","with  respect  ","for"," the autonomy"
"fodac.org.uk","as  respect  ","for"," tradition,"
"fodac.org.uk","  implications  ","for"," the very"
"fodac.org.uk","  compassion  ","for"," the poor"
"fodac.org.uk","  respect  ","for"," the human"
"fodac.org.uk","  arguments  ","for"," the rights of"
"fodac.org.uk","about the  need  ","for"," constraints"
"fodac.org.uk","  reverence  ","for"," truth are"
"fodac.org.uk","  compassion  ","for"," our fellow"
"fodac.org.uk","''s  Relevance  ","for"," 1976, M."
"jamescowper.co.uk","robust  enough  ","for"," the task."
"jamescowper.co.uk","on full  blast  ","for"," several"
"jamescowper.co.uk","in my  quest  ","for",""
"jamescowper.co.uk","''  scheme  ","for"," as long as"
"jamescowper.co.uk","  container  ","for"," collecting"
"age-exchange.org.uk","  prescription  ","for"," disaster USB"
"age-exchange.org.uk","peace of  mind  ","for"," coronary"
"age-exchange.org.uk","  visits  ","for"," critically"
"age-exchange.org.uk","the  need  ","for"," regular"
"age-exchange.org.uk","  success  ","for"," the"
"age-exchange.org.uk","  Preparing  ","for"," healthcare"
"age-exchange.org.uk","  resource  ","for"," 21 st Century"
"age-exchange.org.uk","  strategy  ","for"," healthcare"
"age-exchange.org.uk","national  plan  ","for"," an informed"
"age-exchange.org.uk","  implications  ","for"," primary care"
"age-exchange.org.uk","  actions  ","for"," NHS ICT."
"age-exchange.org.uk","  Information  ","for"," patients and"
"age-exchange.org.uk"," ","for"," their own"
"age-exchange.org.uk","latest  design  ","for"," realising the"
"the-faith.org.uk","  techniques  ","for",""
"the-faith.org.uk","  equipment  ","for",""
"the-faith.org.uk","  techniques  ","for"," tracking down"
"the-faith.org.uk"," ","for"," the kinds of"
"the-faith.org.uk","  techniques  ","for"," useful"
"the-faith.org.uk","and  supplies  ","for",""
"the-faith.org.uk","  uses  ","for"," conventional"
"turkeyrealestate.co.uk","  products  ","for"," the bathroom."
"epic.co.uk","made a  podcast  ","for"," you ""? Get"
"epic.co.uk","this  link  ","for"," a one-click"
"missiedith.bentbacktulips.co.uk","of  funding  ","for"," those over 25,"
"missiedith.bentbacktulips.co.uk",",  demand  ","for"," engineering"
"missiedith.bentbacktulips.co.uk","their  demands  ","for"," flexibility,"
"missiedith.bentbacktulips.co.uk","a  service  ","for"," engineering"
"missiedith.bentbacktulips.co.uk","the  system  ","for"," other sectors"
"missiedith.bentbacktulips.co.uk","?  status  ","for"," an"
"missiedith.bentbacktulips.co.uk","  incentives  ","for"," apprentices."
"missiedith.bentbacktulips.co.uk","be less  need  ","for"," probationary"
"birds-eye-view.co.uk","  courses  ","for"," end user users"
"birds-eye-view.co.uk","the  office  ","for"," the minimum"
"birds-eye-view.co.uk","many  options  ","for"," modifying the"
"masterfind.co.uk","  policy  ","for"," the next"
"wildfowling.co.uk"," ","for"," some time. All"
"wildfowling.co.uk","the  look-out  ","for"," some lonely"
"wildfowling.co.uk","plenty of  food  ","for"," sale so long as"
"valeriemason-john.co.uk","  action  ","for"," a declaration"
"valeriemason-john.co.uk","all  liability  ","for"," any loss of"
"lux.org.uk",".  Comments  ","for"," those who"
"lux.org.uk","  instructions  ","for"," viewing via"
"boardsonline.co.uk","  volunteers  ","for"," KRAN as an"
"boardsonline.co.uk","  meeting  ","for"," Refugee Week"
"boardsonline.co.uk","  compassion  ","for"," Begum an"
"artangel.co.uk","open the  door  ","for"," film loading."
"artangel.co.uk","  procedure  ","for"," doing this."
"payaway.co.uk","  Energiser  ","for"," the"
"payaway.co.uk","  Energiser  ","for"," powering"
"payaway.co.uk","offer a  VALUE  ","FOR"," MONEY"
"eprints.st-andrews.ac.uk","of  respect  ","for"," them, and"
"emco.co.uk","Camera  Link  ","for"," iPod Posted 13"
"emco.co.uk","  station  ","for"," its R-Series"
"emco.co.uk","a  unit  ","for"," reading files"
"charles-darwin.classic-literature.co.uk",";  guidance  ","for",""
"charles-darwin.classic-literature.co.uk","  details  ","for"," online"
"simetric.co.uk","  releases  ","for"," free, however"
"simetric.co.uk","  issues  ","for"," their own"
"tightfittheatre.co.uk","multiple  uses  ","for"," the computer,"
"tightfittheatre.co.uk","the  request  ","for"," an image"
"tightfittheatre.co.uk","  potentials  ","for"," meaning,"
"tightfittheatre.co.uk","the  security  ","for"," researchers"
"tightfittheatre.co.uk","  meanings  ","for"," technologies"
"tightfittheatre.co.uk","  copies  ","for"," the families"
"ruslan.co.uk","  services  ","for"," the Council."
"ruslan.co.uk"," ","for"," managing the"
"esbhhealth.nhs.uk","3.5 % Pay  Rise  ","for"," Teachers Iraq"
"esbhhealth.nhs.uk","issue,  £2.70  ","for"," 4 issues, £17"
"esbhhealth.nhs.uk","26 issues,  £32  ","for"," 52 issues ("
"esbhhealth.nhs.uk","  conditions  ","for"," meeting each"
"esbhhealth.nhs.uk","''  management  ","for"," failing to"
"esbhhealth.nhs.uk","from  work  ","for"," "" gross"
"esbhhealth.nhs.uk","3.5 % Pay  Rise  ","for"," Teachers"
"esbhhealth.nhs.uk","pay  rise  ","for"," teachers as"
"esbhhealth.nhs.uk","of only 3.5  %  ","for"," all teachers"
"esbhhealth.nhs.uk","the  increase  ","for"," doctors and"
"esbhhealth.nhs.uk","that  country  ","for"," the"
"esbhhealth.nhs.uk"," ","for"," all those who"
"esbhhealth.nhs.uk","  pain  ","for"," the people,"
"creditplus.co.uk","  history  ","for"," those who do"
"creditplus.co.uk","  reputation  ","for"," its handwoven"
"creditplus.co.uk","to the  beach  ","for"," treatment."
"creditplus.co.uk","the  battle  ","for"," the Gallipoli"
"creditplus.co.uk","  chances  ","for"," advancement"
"creditplus.co.uk",". A  magazine  ","for"," Australians"
"creditplus.co.uk","run  events  ","for"," those who feel"
"creditplus.co.uk","profile  jobs  ","for"," Australians"
"fantasyfactory.co.uk","as a  spectacle  ","for"," lay people and"
"fantasyfactory.co.uk","annual  event  ","for"," the Tibetan"
"fantasyfactory.co.uk"," ","for"," biscuits,"
"fantasyfactory.co.uk",". Via  art  ","for"," housewives."
"fantasyfactory.co.uk","QC,  barrister  ","for"," the Chagos"
"fantasyfactory.co.uk","  scene  ","for"," several"
"fantasyfactory.co.uk","to the  West  ","for"," centuries,"
"fantasyfactory.co.uk","54  workshops  ","for"," marble and"
"fantasyfactory.co.uk","  reputation  ","for"," quality -- a"
"fantasyfactory.co.uk","sacred  place  ","for"," the esoteric"
"fantasyfactory.co.uk","  inspiration  ","for"," much of"
"fantasyfactory.co.uk","  wellspring  ","for"," esoteric"
"fantasyfactory.co.uk","a  sanctuary  ","for"," a diverse"
"fantasyfactory.co.uk","  space  ","for"," one of the"
"fantasyfactory.co.uk",", was a  magnet  ","for"," artists and"
"fantasyfactory.co.uk","the  baseline  ","for"," the"
"fantasyfactory.co.uk","  imaginations  ","for"," decades. What"
"fantasyfactory.co.uk","  hangings  ","for"," public"
"fantasyfactory.co.uk","  player  ","for"," the"
"bushgear.co.uk","free  material  ","for"," our readers."
"threader.ecs.soton.ac.uk","]  Information  ","for"," the Media The"
"threader.ecs.soton.ac.uk","  information  ","for"," the media. ["
"skiptonweb.co.uk","MEP ''s  call  ","for"," conditional"
"skiptonweb.co.uk","these  banners  ","for"," your web page"
"skiptonweb.co.uk","war?  Freedom  ","for"," Palestine & No"
"skiptonweb.co.uk",".  Freedom  ","for"," Palestine"
"skiptonweb.co.uk",".  Rally  ","for"," Palestine ["
"skiptonweb.co.uk","  conflict  ","for"," teachers to"
"skiptonweb.co.uk","  spokesperson  ","for"," the Neturei"
"skiptonweb.co.uk","and their  wish  ","for"," the"
"skiptonweb.co.uk","IHRC  workshop  ","for"," students on"
"skiptonweb.co.uk","  campaigning  ","for"," Human Rights."
"skiptonweb.co.uk","case  study  ","for",""
"skiptonweb.co.uk","great  trailer  ","for"," upcomming"
"skiptonweb.co.uk","A new UK  portal  ","for"," Palestine,"
"mountaineering-scotland.org.uk",".  Maps  ","for"," Visitors to"
"mountaineering-scotland.org.uk","  Information  ","for"," prospective"
"mountaineering-scotland.org.uk","  students  ","For"," queries and"
"mountaineering-scotland.org.uk","  increases  ","For"," the answer to"
"mountaineering-scotland.org.uk","the Help  Form  ","for"," your ''Why do"
"csm.uwe.ac.uk","  things  ","for"," everyday use"
"csm.uwe.ac.uk","did the  plans  ","for"," the "" Brick Man"
"csm.uwe.ac.uk",",  thanks  ","for"," a thought"
"csm.uwe.ac.uk","  things  ","for"," everyday use"
"csm.uwe.ac.uk","did the  plans  ","for"," the "" Brick Man"
"csm.uwe.ac.uk",",  thanks  ","for"," a thought"
"royalsoced.org.uk","  opportunity  ","for"," advertisers."
"chem.qmul.ac.uk","regular  space  ","for"," rare of"
"propheticvision.org.uk","and  space  ","for"," laptop use."
"propheticvision.org.uk"," ","for",""
"propheticvision.org.uk","  buses  ","for"," registered"
"mara.org.uk","up  resources  ","for"," your system. I"
"elec.york.ac.uk","Ticket  prices  ","for"," events in the"
"elec.york.ac.uk","Saver  ticket  ","for"," just £33 (save"
"elec.york.ac.uk","per  show  ","for"," all other"
"elec.york.ac.uk","  programmes  ","for"," all Super"
"elec.york.ac.uk","  programme  ","for"," all our own"
"elec.york.ac.uk","  productions  ","for"," just £2.50,"
"mariners-l.co.uk","  avenue  ","for"," informing the"
"mariners-l.co.uk",". A  must-read  ","for"," all who wish to"
"mariners-l.co.uk","  society  ","for"," the better. ?"
"mariners-l.co.uk","  must-read  ","for"," the"
"mariners-l.co.uk","  reading  ","for"," a new"
"sohp.soton.ac.uk"," ","for"," your company."
"hyperguide.co.uk",". More  cures  ","for"," boredom There"
"hyperguide.co.uk","small  step  ","for"," man, one giant"
"hyperguide.co.uk","one giant  leap  ","for"," mankind. '' But"
"hyperguide.co.uk","your  business  ","for"," a fortune? Or"
"hyperguide.co.uk","  suppliers  ","for"," the best deal"
"hyperguide.co.uk","  manager  ","for"," Bloggs and Co."
"hyperguide.co.uk","in  advance  ","for"," when they"
"hyperguide.co.uk","a fashion  show  ","for"," them. They"
"hyperguide.co.uk","of  publicity  ","for"," the show. They"
"hyperguide.co.uk","an  article  ","for"," your trade"
"hyperguide.co.uk","a  suggestion  ","for"," an article."
"hyperguide.co.uk","of this  site  ","for"," many more"
"hyperguide.co.uk",", do a  search  ","for"," your site on"
"hyperguide.co.uk","The  Directory  ","for"," people like"
"hyperguide.co.uk","about?  Search  ","for"," articles that"
"portfolio.brokencube.co.uk","Escorts a  run  ","for"," their money,"
"portfolio.brokencube.co.uk","the  journey  ","for"," its own sake"
"thenortheast.fsnet.co.uk","a new  account  ","for"," yourself on"
"dawnellmore.co.uk","  hatred  ","for"," the first time"
"dawnellmore.co.uk","  protection  ","for"," Britain ''s"
"darknessandlight.co.uk",": A  question  ","for"," my"
"darknessandlight.co.uk","the  emoticon  ","for"," going"
"darknessandlight.co.uk",", it is a  tool  ","for"," describing"
"darknessandlight.co.uk","score.  Ditto  ","for"," the people"
"darknessandlight.co.uk","as a  basis  ","for"," global quant."
"ace.abertay.ac.uk","out in  statute  ","for"," CPPIH to exist"
"ace.abertay.ac.uk","meet the  chair  ","for"," the"
"ace.abertay.ac.uk","  Proposals  ","for"," Developing"
"ace.abertay.ac.uk","  services  ","for"," their local"
"ace.abertay.ac.uk","on the  process  ","for"," overview and"
"ace.abertay.ac.uk","  options  ","for"," the two new"
"ace.abertay.ac.uk","of the  office  ","for"," the new SHA for"
"ace.abertay.ac.uk","  mono-therapy  ","for"," the treatment"
"ace.abertay.ac.uk","a  timescale  ","for"," completion of"
"ace.abertay.ac.uk","  arrangements  ","for"," the managed"
"ace.abertay.ac.uk","hon.  Member  ","for"," Foyle (Mark"
"ace.abertay.ac.uk","  process  ","for",", (ii) the"
"ace.abertay.ac.uk","hon.  Member  ","for"," Manchester,"
"ace.abertay.ac.uk","hon.  Member  ","for"," Manchester,"
"ace.abertay.ac.uk","as  agent  ","for"," the BBC, which"
"ace.abertay.ac.uk"," ","for",""
"ace.abertay.ac.uk","this  matter  ","for"," my right hon."
"ace.abertay.ac.uk","  schemes  ","for"," people aged 75"
"ace.abertay.ac.uk","  schemes  ","for"," people aged 75"
"ace.abertay.ac.uk","  provision  ","for"," a number of new"
"ace.abertay.ac.uk","five  years  ","for"," which figures"
"ace.abertay.ac.uk","  figures  ","for"," 1997-98. The"
"ace.abertay.ac.uk","  information  ","for"," each of the 149"
"fie.org.uk","as a  solution  ","for"," a particular"
"fie.org.uk","  problem  ","for"," companies"
"fie.org.uk",". The  case  ","for"," looking at"
"fie.org.uk","critical  mass  ","for"," an efficient"
"fie.org.uk","call  volumes  ","for"," a typical"
"fie.org.uk","  implications  ","for"," the company,"
"fie.org.uk","  consultants  ","for"," an objective"
"fie.org.uk","The  case  ","for"," call centre"
"num.org.uk","? "" "" In the  bank  ","for"," to be"
"num.org.uk","mum ''s the  word  ","for"," US. "" As they"
"num.org.uk","down the  banks  ","for"," not coming and"
"magictricks.co.uk","called  ''Water  ","for"," life ''. This"
"magictricks.co.uk","and  hygiene  ","for"," all in an"
"gammassl.co.uk","  information  ","for",""
"gammassl.co.uk","  services  ","for"," people with"
"gammassl.co.uk","  help  ","for"," older, for"
"gammassl.co.uk","Free  software  ","for"," the"
"newscast.co.uk","  group  ","for"," the?"
"theedge.abelgratis.co.uk","  nutrition  ","for"," the rest of the"
"theedge.abelgratis.co.uk","  thickener  ","for"," soups, chilli"
"richmondreview.co.uk","  restaurant  ","for"," a pre-theatre"
"richmondreview.co.uk","  café  ","for"," lunch with"
"richmondreview.co.uk","a spacious  bar  ","for"," an evening"
"richmondreview.co.uk","  meals  ","for"," as little as"
"richmondreview.co.uk","  location  ","for"," a mid-morning"
"richmondreview.co.uk","  drinks  ","for"," theatregoers"
"richmondreview.co.uk","ideal  place  ","for"," drinks with"
"richmondreview.co.uk","''s On  diary  ","for"," more"
"isfp.co.uk","a  specialist  ","for"," further"
"isfp.co.uk","''no  cure  ","for"," sex abusers ''"
"newburytheatre.co.uk","of  exchange  ","for"," artists"
"newburytheatre.co.uk","  symposium  ","for"," postgraduate"
"newburytheatre.co.uk","  composition  ","for"," performance,"
"newburytheatre.co.uk","  significance  ","for"," participants"
"newburytheatre.co.uk",", WC2E  9DD  ","For"," over two years"
"newburytheatre.co.uk","in the  series  ","for"," the academic"
"newburytheatre.co.uk","  installation  ","for"," temporary"
"newburytheatre.co.uk","the  climate  ","for"," creativity in"
"newburytheatre.co.uk","a  space  ","for"," women ''s"
"newburytheatre.co.uk","and a  platform  ","for"," critical"
"sheffield-collegiate-cc.org.uk",". The  reasons  ","for"," this would"
"sheffield-collegiate-cc.org.uk",". The  reasons  ","for"," this would"
"sheffield-collegiate-cc.org.uk",". The  reasons  ","for"," this would"
"insideoutpr.co.uk","  arrangements  ","for"," more detailed"
"insideoutpr.co.uk","  arrangements  ","for",": Monitoring"
"insideoutpr.co.uk","  policies  ","for"," any adverse"
"insideoutpr.co.uk","  applicants  ","for"," jobs"
"insideoutpr.co.uk","An action  plan  ","for"," the"
"insideoutpr.co.uk","is the  reason  ","for"," the Race"
"insideoutpr.co.uk","? The  reason  ","for"," this scheme is"
"insideoutpr.co.uk","  arrangements  ","for"," assessing and"
"insideoutpr.co.uk","  arrangements  ","for"," monitoring"
"insideoutpr.co.uk","  arrangements  ","for"," publishing"
"insideoutpr.co.uk","  arrangements  ","for"," ensuring"
"insideoutpr.co.uk","  arrangements  ","for"," training"
"classicrally.org.uk","a new  award  ","for"," students"
"classicrally.org.uk"," ","for"," transforming"
"thecornerhouse.org.uk","sum of  tax  ","for"," the"
"thecornerhouse.org.uk","wake-up  call  ","for"," taxpayers to"
"thecornerhouse.org.uk","amount of  tax  ","for"," the"
"exclusive-fountains.co.uk","  application  ","for"," asylum in"
"marywardcentre.ac.uk",": ''Ten  BMWs  ","for"," Swazi king ''s"
"marywardcentre.ac.uk","&  friends  ","for"," granted all"
"marywardcentre.ac.uk","on bbc  news  ","for"," the over a year"
"ocr.org.uk"," ","for"," client"
"ocr.org.uk","more  value  ","for"," money and a"
"ocr.org.uk","the right  home  ","for"," you so that..."
"ocr.org.uk"," ","for"," the client"
"ocr.org.uk","  programme  ","for"," several years"
"ocr.org.uk","a  preference  ","for"," students or"
"lhc.org.uk","in  order  ","for"," you to benefit"
"lhc.org.uk","fastest  route  ","for"," your computer"
"lhc.org.uk","  information  ","for"," loss, misuse,"
"spa.ex.ac.uk","a Friday  night  ","for"," a DVD rental,"
"spa.ex.ac.uk","from  £9.99  ","for"," 1 disk at any"
"spa.ex.ac.uk","time to  £19.99  ","for"," 4 disk at any"
"spa.ex.ac.uk","flat-rate  fee  ","for"," each batch of"
"spa.ex.ac.uk","as  £7.96  ","for"," 4 credits."
"spa.ex.ac.uk","pay on  average  ","for"," a single"
"moorlandschool.co.uk","of  reality  ","for"," once. It is"
"moorlandschool.co.uk","our  beliefs  ","for"," what they are."
"moorlandschool.co.uk","  prerequisite  ","for"," gnosis. Most"
"andrealevy.co.uk",".  Application  ","for"," variation of"
"andrealevy.co.uk","  Regulations  ","for"," a variation of"
"andrealevy.co.uk","  application  ","for"," a permit to"
"andrealevy.co.uk","  Regulations  ","for"," a variation of"
"andrealevy.co.uk","  application  ","for"," a permit to"
"andrealevy.co.uk","  Regulations  ","for"," a variation of"
"andrealevy.co.uk","  application  ","for"," a permit to"
"andrealevy.co.uk","  Regulations  ","for"," a variation of"
"andrealevy.co.uk","  Regulations  ","for"," a variation of"
"andrealevy.co.uk","  application  ","for"," a variation of"
"andrealevy.co.uk","  application  ","for"," a variation or"
"andrealevy.co.uk","  application  ","for"," a variation of"
"andrealevy.co.uk","  application  ","for"," a variation or"
"andrealevy.co.uk","  application  ","for"," a permit, the"
"andrealevy.co.uk","  installation  ","for"," which the"
"andrealevy.co.uk",".  Application  ","for"," an extension"
"andrealevy.co.uk","  dates  ","for"," an"
"andrealevy.co.uk","  date  ","for"," an SED"
"andrealevy.co.uk","  date  ","for"," part of the SED"
"andrealevy.co.uk","  application  ","for"," a variation of"
"andrealevy.co.uk","  application  ","for"," a variation to"
"andrealevy.co.uk","  application  ","for"," a variation is"
"andrealevy.co.uk","""  application  ","for"," a permit to"
"andrealevy.co.uk","""  application  ","for"," variation of a"
"andrealevy.co.uk","  application  ","for"," a variation of"
"andrealevy.co.uk","  application  ","for"," a variation to"
"andrealevy.co.uk","  installation  ","for"," which the"
"andrealevy.co.uk","  date  ","for"," an SED"
"andrealevy.co.uk","the  date  ","for"," which the"
"andrealevy.co.uk","for a  permit  ","for"," the remaining"
"andrealevy.co.uk","is made.  Duty  ","for"," operators"
"andrealevy.co.uk","  application  ","for"," a permit; (b)"
"andrealevy.co.uk","  application  ","for"," a variation of"
"andrealevy.co.uk","  date  ","for"," the SED"
"andrealevy.co.uk","  application  ","for"," a permit to"
"andrealevy.co.uk","  date  ","for"," that"
"andrealevy.co.uk","the  applicant  ","for"," the permit"
"andrealevy.co.uk","  application  ","for"," a permit to"
"andrealevy.co.uk",", a  timetable  ","for"," replacing as"
"andrealevy.co.uk","  date  ","for"," the"
"andrealevy.co.uk","  date  ","for"," an SED"
"andrealevy.co.uk","  application  ","for"," a permit to"
"andrealevy.co.uk","  arrangements  ","for"," storing"
"andrealevy.co.uk","  application  ","for"," a permit to"
"andrealevy.co.uk","  application  ","for"," a permit to"
"andrealevy.co.uk","  application  ","for"," the variation"
"andrealevy.co.uk","  threshold  ","for"," the activity."
"andrealevy.co.uk","same  meaning  ","for"," the purposes"
"andrealevy.co.uk","c)  operations  ","for"," filling the"
"andrealevy.co.uk","  paper  ","for"," magazines,"
"andrealevy.co.uk","  installation  ","for"," any technical"
"andrealevy.co.uk","  operations  ","for"," converting"
"andrealevy.co.uk","as the  housing  ","for"," the driver,"
"andrealevy.co.uk","  housing  ","for"," the technical"
"andrealevy.co.uk","  coating  ","for"," the purpose of"
"andrealevy.co.uk","  date  ","for"," the SED"
"andrealevy.co.uk","  date  ","for"," a new SED"
"andrealevy.co.uk","  application  ","for"," a permit to"
"andrealevy.co.uk","  date  ","for"," the SED"
"andrealevy.co.uk","  date  ","for"," an existing"
"andrealevy.co.uk","  application  ","for"," a permit to"
"andrealevy.co.uk","  date  ","for"," the SED"
"andrealevy.co.uk","relevant  date  ","for"," an existing"
"andrealevy.co.uk","  date  ","for"," the affected"
"andrealevy.co.uk","  application  ","for"," a permit"
"andrealevy.co.uk","  date  ","for"," the SED"
"andrealevy.co.uk","  date  ","for"," the affected"
"andrealevy.co.uk","  date  ","for"," the SED"
"andrealevy.co.uk","  date  ","for"," the affected"
"andrealevy.co.uk","  application  ","for"," a permit"
"andrealevy.co.uk","  date  ","for"," the SED"
"andrealevy.co.uk","  date  ","for"," the affected"
"andrealevy.co.uk","  date  ","for"," the SED"
"andrealevy.co.uk","  date  ","for"," the affected"
"andrealevy.co.uk","  date  ","for"," that affected"
"andrealevy.co.uk","  date  ","for"," a Part B"
"andrealevy.co.uk","  application  ","for"," a permit to"
"andrealevy.co.uk","same  meaning  ","for"," the purposes"
"andrealevy.co.uk","the  applicant  ","for"," the permit"
"andrealevy.co.uk","  application  ","for"," a permit and"
"andrealevy.co.uk","  date  ","for"," that"
"andrealevy.co.uk","  date  ","for",""
"andrealevy.co.uk","  date  ","for"," that"
"andrealevy.co.uk","  date  ","for"," the"
"andrealevy.co.uk","  date  ","for"," the SED"
"andrealevy.co.uk","  installation  ","for"," which the"
"andrealevy.co.uk","the  regulator  ","for"," consent to"
"andrealevy.co.uk","  date  ","for"," the affected"
"andrealevy.co.uk","  date  ","for"," the"
"andrealevy.co.uk","  date  ","for"," the affected"
"andrealevy.co.uk","on the last  day  ","for"," making an"
"andrealevy.co.uk","  application  ","for"," a permit under"
"andrealevy.co.uk","  date  ","for"," a deemed"
"andrealevy.co.uk","on the last  day  ","for"," making an"
"andrealevy.co.uk","  application  ","for"," a permit under"
"andrealevy.co.uk","  application  ","for"," a permit and"
"andrealevy.co.uk","  applications  ","for"," variations of"
"andrealevy.co.uk","or the 1990  Act  ","for",""
"andrealevy.co.uk","  thresholds  ","for"," that activity"
"rodge.force9.co.uk","  programme  ","for"," the young"
"rodge.force9.co.uk","  experience  ","for"," our staff. A"
"alt.ac.uk","(i.  e.  ","for"," sand,"
"alt.ac.uk","the right  site  ","for"," the jar so that"
"alt.ac.uk","of  water  ","for"," years to come."
"alt.ac.uk","Some  pointers  ","for"," what"
"alt.ac.uk","  procedure  ","for"," the jar"
"alt.ac.uk","of  bricks  ","for"," the outlet"
"alt.ac.uk","1  Dimensions  ","for"," the plinth"
"alt.ac.uk","base  diameter  ","for"," the jar of"
"alt.ac.uk","of PVC  pipe  ","for"," the overflow."
"alt.ac.uk","an entry  point  ","for"," mosquitoes"
"alt.ac.uk","or use the  jar  ","for"," washing"
"alt.ac.uk","than  cooking  ","for"," the first few"
"colerainebc.gov.uk","this  address  ","for"," comments or"
"contemporaryart4all.co.uk","the  lakes  ","for"," the oxygen"
"pointlessnostalgic.co.uk","  particle  ","for"," every known"
"pointlessnostalgic.co.uk","  candidate  ","for"," dark matter"
"ypressalient.co.uk","Palace  Demand  ","for"," tickets to"
"ypressalient.co.uk","  contender  ","for"," the title."
"fbs.leeds.ac.uk","stick at a  job  ","for"," long. Weisler"
"fbs.leeds.ac.uk","  profits  ","for"," the company."
"fbs.leeds.ac.uk","  consultancy  ","for"," call centres,"
"fbs.leeds.ac.uk","into a  frenzy  ","for"," today. Then"
"fbs.leeds.ac.uk","a quality  life  ","for"," them."
"galensgarden.co.uk","the  Internet  ","for"," rural"
"galensgarden.co.uk","  services  ","for"," the Website"
"galensgarden.co.uk","or  liability  ","for"," the contents"
"galensgarden.co.uk","a single  copy  ","for"," your own non"
"galensgarden.co.uk","third  parties  ","for"," posting on the"
"galensgarden.co.uk","  liability  ","for"," any errors,"
"galensgarden.co.uk","no  liability  ","for"," any losses or"
"authorsonline.co.uk","  repository  ","for"," published"
"authorsonline.co.uk","  assembly  ","for"," the C57BL/ 6"
"authorsonline.co.uk","is  annotation  ","for"," selected"
"authorsonline.co.uk","  accuracy  ","for"," gene"
"authorsonline.co.uk",") or  ï¿½300  ","for"," participants"
"authorsonline.co.uk","up the  hunt  ","for"," important DNA"
"authorsonline.co.uk",", saving  time  ","for"," researchers,"
"authorsonline.co.uk","major  updates  ","for"," its sequence"
"authorsonline.co.uk","a  tool  ","for"," manipulating"
"authorsonline.co.uk",", and  support  ","for"," the Apple menu"
"authorsonline.co.uk","new  tools  ","for"," rapid"
"authorsonline.co.uk","the  need  ","for"," effective"
"authorsonline.co.uk","The N50  length  ","for"," supercontigs"
"authorsonline.co.uk","kb and is 3.2  kb  ","for"," contigs. The"
"authorsonline.co.uk","mutation  data  ","for"," over 1,000"
"authorsonline.co.uk","  literature  ","for"," known cancer"
"authorsonline.co.uk","2005  data  ","for"," nine genes was"
"authorsonline.co.uk","The N50  length  ","for"," supercontigs"
"authorsonline.co.uk","kb and is 3.1  kb  ","for"," contigs. The"
"authorsonline.co.uk","and  displays  ","for"," A. aegypti are"
"authorsonline.co.uk","the  trainers  ","for"," possible"
"authorsonline.co.uk","a PC  laptop  ","for"," the duration"
"authorsonline.co.uk","new  funding  ","for"," the Wellcome"
"authorsonline.co.uk",",  searches  ","for"," germline"
"authorsonline.co.uk","  searches  ","for"," somatic"
"authorsonline.co.uk"," ","for"," graduate"
"authorsonline.co.uk",",  searches  ","for"," germline"
"authorsonline.co.uk","  searches  ","for"," somatic"
"authorsonline.co.uk","the  trainers  ","for"," possible"
"authorsonline.co.uk","a PC  laptop  ","for"," the duration"
"authorsonline.co.uk","Major  role  ","for"," Wellcome"
"authorsonline.co.uk","the  search  ","for"," genes"
"authorsonline.co.uk","  assemblies  ","for"," three other"
"authorsonline.co.uk","  signposts  ","for"," tuberculosis"
"authorsonline.co.uk","  recognition  ","for"," the hard work"
"authorsonline.co.uk","  annotation  ","for"," mouse, and"
"authorsonline.co.uk","Pilot  Project  ","for"," the"
"authorsonline.co.uk","cell  lines  ","for"," the cancer"
"authorsonline.co.uk","than 600  lines  ","for"," detailed"
"authorsonline.co.uk","cell  lines  ","for"," genome-wide"
"authorsonline.co.uk","DNA  sequence  ","for"," each sample,"
"authorsonline.co.uk","a  basis  ","for"," defining what"
"authorsonline.co.uk","and  assembly  ","for"," Vega"
"authorsonline.co.uk","  identifiers  ","for"," alleles of"
"authorsonline.co.uk","  pages  ","for"," the two"
"authorsonline.co.uk","  predictions  ","for"," genes on human"
"authorsonline.co.uk","  pages  ","for"," human and"
"authorsonline.co.uk","to see the  set  ","for"," all"
"authorsonline.co.uk","Summary  pages  ","for"," peptidase"
"authorsonline.co.uk","  summaries  ","for"," the inhibitor"
"authorsonline.co.uk","and  trees  ","for"," individual"
"authorsonline.co.uk","  predictions  ","for"," over 200"
"authorsonline.co.uk","see the  README  ","for"," more"
"authorsonline.co.uk","  platform  ","for"," studies to"
"authorsonline.co.uk","  applications  ","for"," May 2005. The"
"authorsonline.co.uk","  deadline  ","for"," this workshop"
"authorsonline.co.uk","the  search  ","for"," DNA"
"authorsonline.co.uk","link (i.  e.  ","for"," at least two"
"authorsonline.co.uk","  literature  ","for"," more than"
"authorsonline.co.uk","exciting  time  ","for"," the Institute"
"courage.org.uk","  destination  ","for"," freely"
"tqc.co.uk","at our Site  Map  ","for"," more watch"
"shocknet.org.uk","in the  tables  ","for"," the relevant"
"shocknet.org.uk","course  choice  ","for"," details about"
"shocknet.org.uk","  approval  ","for"," transfer of"
"shocknet.org.uk","  students  ","for"," university"
"teachingenglish.org.uk"," ","for"," surface"
"nottinghillhousing.org.uk","of  support  ","for"," drawing lines"
"nottinghillhousing.org.uk",". The  reason  ","for"," that is that it"
"nottinghillhousing.org.uk","ISO  standards  ","for"," the following"
"laver.co.uk","release  area  ","for"," our latest"
"laver.co.uk","  instructions  ","for"," installing"
"laver.co.uk","email  address  ","for"," any other"
"brianlack.co.uk","of All?  Vote  ","for"," Candidates of"
"swwater.co.uk","  consultancy  ","for"," the DSS, but"
"swwater.co.uk","of  confidence  ","for"," the House. We"
"swwater.co.uk","the  Campaign  ","for"," Nuclear"
"swwater.co.uk","hon.  Member  ","for"," Ryedale (Mr."
"swwater.co.uk","of the  code  ","for"," not providing"
"swwater.co.uk","  preference  ","for"," the word """
"swwater.co.uk","the  purpose  ","for"," which it is"
"swwater.co.uk",". The  reason  ","for"," withholding"
"swwater.co.uk","  exemption  ","for"," the police. It"
"swwater.co.uk","  grounds  ","for"," a class"
"swwater.co.uk","  exemption  ","for"," the police in"
"swwater.co.uk","  exemption  ","for"," that critical"
"assetprotections.co.uk","of  programmes  ","for"," new academic"
"assetprotections.co.uk","  programmes  ","for"," new teaching"
"daydreamnation.co.uk","of  £4.99  ","for"," UK delivery is"
"daydreamnation.co.uk","sole  purpose  ","for"," which this"
"daydreamnation.co.uk","include  VAT  ","for"," EU customers."
"daydreamnation.co.uk","''  details  ","for"," any purpose"
"daydreamnation.co.uk","this  Website  ","for"," your personal"
"daydreamnation.co.uk","one  computer  ","for"," your PERSONAL"
"daydreamnation.co.uk","such as  ideas  ","for"," toys, games,"
"daydreamnation.co.uk","  affiliates  ","for"," any purpose,"
"daydreamnation.co.uk","to the  Website  ","for"," any purpose"
"bradburyac.mistral.co.uk","  authority  ","for"," the"
"bradburyac.mistral.co.uk","and  procedure  ","for",""
"bradburyac.mistral.co.uk","  method  ","for"," the emerging"
"bradburyac.mistral.co.uk","a  reference  ","for"," the common"
"bradburyac.mistral.co.uk","  vocabulary  ","for",""
"bradburyac.mistral.co.uk","the  acquirer  ","for",""
"bradburyac.mistral.co.uk","and  authority  ","for",""
"bradburyac.mistral.co.uk","  management  ","for"," large and"
"moremusic.co.uk",".  REASON  ","FOR"," BIRTH: AN"
"moremusic.co.uk","HE FED THE  TOWN  ","FOR"," A WEEK AND A"
"flycom.co.uk","Models of  care  ","for"," the treatment"
"flycom.co.uk","  process  ","for"," Models of care"
"flycom.co.uk","  model  ","for"," the"
"flycom.co.uk","by  ministers  ","for"," public"
"flycom.co.uk","NTA  website  ","for"," anyone to"
"studentcentral.co.uk","10 %  premium  ","for"," single pieces"
"studentcentral.co.uk","to 15 %  premium  ","for"," the half and"
"studentcentral.co.uk","to 50 %  premium  ","for"," the tenth"
"studentcentral.co.uk","  service  ","for"," both"
"studentcentral.co.uk","at 7 %  premium  ","for"," singles, and 5"
"studentcentral.co.uk","or £10  premium  ","for"," quantity of"
"studentcentral.co.uk","  Krugerrands  ","for"," Sale page for"
"studentcentral.co.uk","for Sale  page  ","for"," pricing."
"twgraduates.co.uk","is no  room  ","for"," their knob."
"worldwar1.co.uk","on the  picture  ","for"," full details."
"worldwar1.co.uk","'' point  chips  ","for"," their"
"worldwar1.co.uk","card  game  ","for"," the whole"
"worldwar1.co.uk","numbers  game  ","for"," players of all"
"worldwar1.co.uk","(It ''s a fun  way  ","for"," kids to learn"
"anima.demon.co.uk","  destination  ","for"," general"
"anima.demon.co.uk","  location  ","for"," fly-ins."
"sportabroad.co.uk","soft  knitwear  ","for"," men, women &"
"geologywales.co.uk","  notation  ","for"," real numbers"
"geologywales.co.uk","  notation  ","for"," real data"
"geologywales.co.uk","is a  facility  ","for"," grouping"
"geologywales.co.uk","  variables  ","for"," I/ O. The rules"
"geologywales.co.uk","of  NAMELIST  ","for"," output only"
"geologywales.co.uk"," ","for"," example"
"fairtrade.org.uk","opt-in  policy  ","for"," our email"
"fairtrade.org.uk","merchant  bank  ","for"," the purpose of"
"fairtrade.org.uk","  reservations  ","for"," details). If"
"fairtrade.org.uk","  database  ","for"," the purposes"
"graysathletic.co.uk","(  call  ","for"," papers) New"
"graysathletic.co.uk","(  call  ","for"," papers) To"
"graysathletic.co.uk","and  call  ","for"," papers, see"
"graysathletic.co.uk","to  eligible  ","for"," funding."
"graysathletic.co.uk",". The  deadline  ","for"," applications"
"graysathletic.co.uk","closing  date  ","for"," applications"
"graysathletic.co.uk","will be a  forum  ","for",""
"graysathletic.co.uk","news  page  ","for"," details."
"graysathletic.co.uk","to the top  Call  ","for"," essays: The"
"graysathletic.co.uk",".  Deadline  ","for"," full-length"
"graysathletic.co.uk","or see the  call  ","for"," essays (rtf"
"age-exchange.org.uk","with the  need  ","for"," a structural"
"age-exchange.org.uk","a  handpump  ","for"," water"
"langtrymanor.co.uk","are in  place  ","for"," visits by"
"langtrymanor.co.uk","of  plans  ","for"," the"
"langtrymanor.co.uk","single  reason  ","for"," the increase"
"langtrymanor.co.uk","of the  need  ","for"," specialist"
"langtrymanor.co.uk","a  catalogue  ","for"," visitors of"
"langtrymanor.co.uk","  convictions  ","for"," shoplifting"
"langtrymanor.co.uk","table.  Data  ","for"," 2003 is the"
"langtrymanor.co.uk",".  Convictions  ","for"," shoplifting"
"langtrymanor.co.uk","last two  years  ","for"," which figures"
"langtrymanor.co.uk","the  reasons  ","for"," the slippage"
"langtrymanor.co.uk","  signatures  ","for"," registration"
"wildfowling.co.uk","to any  party  ","for",": (i) any"
"wildfowling.co.uk","to,  damages  ","for"," business"
"wildfowling.co.uk","of  liability  ","for",""
"wildfowling.co.uk","  jurisdiction  ","for"," any claim,"
"wildfowling.co.uk","  court  ","for"," the Southern"
"wildfowling.co.uk"," ","for"," updating such"
"kneeling.co.uk",",  sheets  ","for"," Hampshire,"
"kneeling.co.uk","  text  ","for"," Hampshire"
"kneeling.co.uk","1738.  Entries  ","for"," Hampshire"
"kneeling.co.uk","I had a  passion  ","for"," maps. I would"
"kneeling.co.uk","  elephants  ","for"," want of towns."
"kneeling.co.uk","  friends  ","for",""
"uhlc.org.uk","with his  music  ","for"," "" The"
"uhlc.org.uk","with his  music  ","for"," Brokeback"
"uhlc.org.uk","around a  theme  ","for"," acoustic"
"uhlc.org.uk","  soundtracks  ","for"," 4 very"
"uhlc.org.uk","''s  music  ","for"," Pride and"
"uhlc.org.uk","its  sequels  ","for"," Wes Craven,"
"uhlc.org.uk","  choice  ","for"," Tommy Lee"
"uhlc.org.uk","  soundtrack  ","for"," this unusual"
"uhlc.org.uk","  reputation  ","for"," scoring"
"uhlc.org.uk","  replacement  ","for"," Howard Shore"
"uhlc.org.uk","music  score  ","for"," the 4th Harry"
"uhlc.org.uk","and  solos  ","for"," various"
"uhlc.org.uk","a few  thoughts  ","for"," the Emperor"
"uhlc.org.uk","  anthem  ","for"," the natual"
"uhlc.org.uk","  score  ","for"," "" A River Runs"
"sherlock-holmes.classic-literature.co.uk","  derivatives  ","for"," many of its"
"sherlock-holmes.classic-literature.co.uk","asking  others  ","for"," services"
"lums.lancs.ac.uk","and  workshops  ","for"," therapists."
"lums.lancs.ac.uk","vow of  silence  ","for"," 2 years. I"
"lums.lancs.ac.uk","source of  pain  ","for"," decades to be"
"lums.lancs.ac.uk","this  problem  ","for"," as long as they"
"lums.lancs.ac.uk","  experience  ","for"," the person in a"
"lums.lancs.ac.uk","  information  ","for"," personal use"
"lums.lancs.ac.uk","the  material  ","for"," any other"
"rostau.org.uk","?  excuse  ","for"," invading Iraq"
"rostau.org.uk",", the  case  ","for"," continued"
"rostau.org.uk","  cheerleaders  ","for"," the invasion,"
"rostau.org.uk",". Arnove  alls  ","for"," the?"
"rostau.org.uk","not a  defence  ","for"," a burglar to"
"rostau.org.uk","  choice  ","for"," Iraqis."
"rostau.org.uk","as  precedent  ","for"," their own"
"rostau.org.uk","  reparation  ","for"," 12 years of"
"rostau.org.uk","and  others  ","for"," war crimes."
"rostau.org.uk","  tool  ","for"," engaging with"
"stewardsschool.co.uk","web  team  ","for"," assistance."
"stewardsschool.co.uk","4.0  browser  ","for"," instance),"
"stewardsschool.co.uk","to  download  ","for"," free: Firefox"
"stewardsschool.co.uk","the file  type  ","for"," documents"
"stewardsschool.co.uk","the file  type  ","for"," documents"
"stewardsschool.co.uk","of.  txt  ","for"," word"
"stewardsschool.co.uk","to  download  ","for"," multi-page"
"stewardsschool.co.uk"," ","for"," people with"
"gerbils.pwp.blueyonder.co.uk","as a  framework  ","for"," potential"
"gerbils.pwp.blueyonder.co.uk","the  evidence  ","for"," official and"
"gerbils.pwp.blueyonder.co.uk","have a  need  ","for"," support? What"
"gerbils.pwp.blueyonder.co.uk","  implications  ","for"," educational"
"gerbils.pwp.blueyonder.co.uk","  needs  ","for"," support? Do we"
"greatplaces.org.uk","Other £180  Pay  ","for"," subscription"
"greatplaces.org.uk","  form  ","for"," posting/"
"greatplaces.org.uk","special  offer  ","for"," students."
"mybrightonandhove.org.uk","  catalogue  ","for"," heavens sake!"
"mybrightonandhove.org.uk","than a  library  ","for"," me. J. S."
"sainsburysbank.co.uk","want  clothes  ","for"," two or three"
"sainsburysbank.co.uk","has a  letter  ","for"," him, and he"
"sainsburysbank.co.uk",""" Then  goodbye  ","for"," the present,"
"sainsburysbank.co.uk","be  promotion  ","for"," you both. "" "" If"
"omayenin.com.mysite.wanadoo-members.co.uk","  standard  ","for"," visitor"
"omayenin.com.mysite.wanadoo-members.co.uk","any  areas  ","for"," development."
"blackpig.co.uk","  Conveyancing  ","For"," Paralegals &"
"blackpig.co.uk","  conference  ","for"," paralegals,"
"leyman.demon.co.uk","new  workshop  ","for"," Digital and"
"leyman.demon.co.uk","  Integrity  ","for"," current &"
"leyman.demon.co.uk","  course  ","for"," experienced"
"leyman.demon.co.uk","  course  ","for"," Digital logic"
"leyman.demon.co.uk","  rules  ","for"," dimensional"
"leyman.demon.co.uk","  conditions  ","for"," existence of"
"leyman.demon.co.uk","the  need  ","for"," equalization"
"leyman.demon.co.uk","and  circuits  ","for"," DC"
"leyman.demon.co.uk","  effect  ","for"," differential"
"leyman.demon.co.uk","design  tables  ","for"," both"
"leyman.demon.co.uk","  requirements  ","for"," clock"
"leyman.demon.co.uk","  driving  ","for"," strategies)"
"leyman.demon.co.uk",",  methods  ","for"," measuring"
"learningtechnologies.co.uk",". Closing  date  ","for"," receipt of"
"sundaypapers.org.uk","got  tickets  ","for"," the World Cup"
"sundaypapers.org.uk","Shared  moblog  ","for"," everyone who"
"sundaypapers.org.uk","  moblog  ","for"," Maximo Park -"
"sundaypapers.org.uk","  instructions  ","for"," people to send"
"sundaypapers.org.uk","joint  victory  ","for"," all three of"
"sundaypapers.org.uk","  capacity  ","for"," Java"
"burn-it.freeserve.co.uk","  value  ","for"," money"
"twoforjoy.btinternet.co.uk","on the  need  ","for"," advanced"
"tl2000inquiry.org.uk","  section  ","for"," portfolio"
"tl2000inquiry.org.uk","  section  ","for"," demo advice"
"tl2000inquiry.org.uk","demo  advice  ","for"," programmers."
"eng.ox.ac.uk","way out  west  ","for"," a walk along"
"eng.ox.ac.uk","Boldero  head  ","for"," Wymondham and"
"eng.ox.ac.uk",". The  walk  ","for"," this holiday"
"martynmission.cam.ac.uk","metal  rivets  ","for"," security."
"martynmission.cam.ac.uk","of the  collar  ","for"," YOUR dog, to"
"martynmission.cam.ac.uk",". The  P&P  ","for"," collars"
"members.freezone.co.uk",". The  evidence  ","for"," this, Darwin"
"musica.co.uk","(size and  type  ","for"," instance)"
"musica.co.uk","  image  ","for"," use in your"
"musica.co.uk","  conditions  ","for"," use, please"
"pacetelecom.co.uk","lung  disease  ","for"," over 15 years."
"sandstonevolunteers.nildram.co.uk","  set-up  ","for"," the"
"voicetraining.co.uk","a niche  future  ","for"," smaller"
"voicetraining.co.uk","  resiliency  ","for"," BlackBerrys"
"voicetraining.co.uk","  reliability  ","for"," portable"
"voicetraining.co.uk","email  service  ","for"," SMEs, but the"
"voicetraining.co.uk","  access  ","for"," the first time"
"voicetraining.co.uk","  business  ","for"," operators"
"handicap-international.org.uk",". The  reasons  ","for"," this are"
"handicap-international.org.uk","  feature  ","for"," any ratzine."
"handicap-international.org.uk",", and an  advert  ","for"," Was God A Poof?"
"handicap-international.org.uk","the  energy  ","for"," two pretty"
"handicap-international.org.uk","even  fiction  ","for"," it. Graham"
"handicap-international.org.uk","). His  cover  ","for"," the sixth"
"handicap-international.org.uk","  material  ","for"," British"
"handicap-international.org.uk","a  cover  ","for"," the final Lurk"
"handicap-international.org.uk","bites the  dust  ","for"," another year."
"handicap-international.org.uk","use this  space  ","for"," any oddments I"
"handicap-international.org.uk",": the  deadline  ","for"," final ballots"
"natcorp.ox.ac.uk","3  JOURNALS  ","FOR"," 90 DAYS!"
"natcorp.ox.ac.uk","  freetrial  ","for"," instructions"
"natcorp.ox.ac.uk","  stand  ","for"," more"
"natcorp.ox.ac.uk","of  pupils  ","for"," learning"
"natcorp.ox.ac.uk",". org.  uk  ","for"," further"
"natcorp.ox.ac.uk",". com/  jorsen  ","for"," further"
"lib.cam.ac.uk",".  Indulgence  ","for"," the benefit of"
"lib.cam.ac.uk","in  return  ","for"," prayers or"
"lib.cam.ac.uk","to raise  money  ","for"," specified"
"samoa.co.uk","  provision  ","for"," looked after"
"samoa.co.uk","a  service  ","for"," children,"
"samoa.co.uk","a  model  ","for"," therapeutic"
"samoa.co.uk","her?  massage  ","for"," children ''"
"samoa.co.uk","from  school  ","for"," vicious"
"crusaders.org.uk","  implications  ","for"," policy, are"
"crusaders.org.uk","that  society  ","for"," over twenty"
"crusaders.org.uk","  support  ","for"," the creation"
"crusaders.org.uk","  curriculum  ","for"," all pupils in"
"crusaders.org.uk"," ","for"," advising"
"crusaders.org.uk"," ","for"," implementing"
"crusaders.org.uk","the  basis  ","for"," a number of"
"crusaders.org.uk","  point  ","for"," fruitful"
"crusaders.org.uk","  framework  ","for"," EMU - the need"
"crusaders.org.uk","EMU - the  need  ","for"," greater"
"crusaders.org.uk","or  concern  ","for"," the"
"crusaders.org.uk","  education  ","for"," teachers in"
"crusaders.org.uk","EMU.  Support  ","for"," evaluation -"
"crusaders.org.uk","  cover  ","for"," training"
"crusaders.org.uk","  opportunity  ","for"," strategic"
"crusaders.org.uk"," ","for"," teachers as a"
"crusaders.org.uk","  code  ","for"," community"
"crusaders.org.uk"," ","for"," EMU although"
"crusaders.org.uk","teacher  cover  ","for",""
"crusaders.org.uk","than  training  ","for"," teachers One"
"crusaders.org.uk","  points  ","for"," discussion as"
"crusaders.org.uk","  material  ","for"," schools based"
"crusaders.org.uk","  framework  ","for"," EMU which"
"crusaders.org.uk","a  focus  ","for"," development"
"crusaders.org.uk","a  focus  ","for"," community"
"crusaders.org.uk"," ","for"," funding There"
"crusaders.org.uk","of  funds  ","for"," community"
"crusaders.org.uk"," ","for"," funding to a"
"crusaders.org.uk","a  focus  ","for"," community"
"crusaders.org.uk","of  reasons  ","for"," this. In"
"crusaders.org.uk","the  criteria  ","for"," contact for"
"crusaders.org.uk","for  contact  ","for"," demographic"
"crusaders.org.uk","the  criteria  ","for"," the Contact"
"crusaders.org.uk","  support  ","for"," aspects of"
"crusaders.org.uk"," ","for"," planning and"
"crusaders.org.uk","have  benefit  ","for"," the teachers"
"crusaders.org.uk","  experiences  ","for"," pupils"
"crusaders.org.uk","to  training  ","for"," teachers EMU"
"crusaders.org.uk","in  training  ","for"," teachers"
"crusaders.org.uk","  materials  ","for",""
"crusaders.org.uk"," ","for"," training in"
"crusaders.org.uk","is still  room  ","for",""
"mouthulcers.co.uk","  preparations  ","for"," a second or so"
"mouthulcers.co.uk","a  day  ","for"," this job, ''and"
"mouthulcers.co.uk","a good  name  ","for"," this clever,"
"mouthulcers.co.uk","up  anything  ","for"," a lark. '' It was"
"mouthulcers.co.uk","had a  taste  ","for"," virtue. He"
"dawnellmore.co.uk","this  service  ","for"," clothes and/"
"dawnellmore.co.uk","on  receipt  ","for"," security"
"diydoctor.org.uk","and  return  ","for"," the most"
"diydoctor.org.uk","Issues  page  ","for"," details of new"
"rdoc.org.uk",". The  deadline  ","for"," applications"
"rdoc.org.uk","  applications  ","for"," the 2006-2007"
"rdoc.org.uk","  Scholarships  ","for"," SE Asian"
"rdoc.org.uk","and  £13,572  ","for"," overseas"
"stmarylebow.co.uk","was the  base  ","for"," the NZ Medical"
"stmarylebow.co.uk","of  interest  ","for"," the"
"gammassl.co.uk","  Delivery  ","for"," any orders"
"gammassl.co.uk",".  Orders  ","for"," anywhere in"
"gammassl.co.uk","fee.  Orders  ","for"," the Rest of the"
"num.org.uk","right  gifts  ","for"," all the"
"italian.classic-literature.co.uk","or  flowers  ","for"," incense"
"italian.classic-literature.co.uk","and  herbs  ","for"," exactly the"
"italian.classic-literature.co.uk",";  lavender  ","for"," gentle love,"
"italian.classic-literature.co.uk",", bay  leaves  ","for"," faithfulness"
"italian.classic-literature.co.uk","or  ginger  ","for"," passion. You"
"italian.classic-literature.co.uk","barbecue  ones  ","for"," holding the"
"italian.classic-literature.co.uk","metal  spoon  ","for"," scooping the"
"italian.classic-literature.co.uk","  proportions  ","for"," you. For this"
"waysidecommunity.org.uk","quarter or  £20  ","for"," a whole year."
"been2nene.co.uk","life and  limb  ","for"," riches and"
"been2nene.co.uk","  rationale  ","for"," the first"
"been2nene.co.uk","  demand  ","for"," labour that"
"nhsplus.nhs.uk","  charges  ","for"," all National"
"nhsplus.nhs.uk","  charge  ","for"," a complex"
"nhsplus.nhs.uk","NHS  dentists  ","for"," services that"
"nhsplus.nhs.uk","with your  PCT  ","for"," reinvestment"
"nhsplus.nhs.uk","NHS  dentistry  ","for"," the local"
"nhsplus.nhs.uk","?  Checklist  ","for"," patients Will"
"jollyfarmer.co.uk","of Nu ''s  quest  ","for"," commercial"
"jollyfarmer.co.uk","not a  problem  ","for"," us, and"
"unicorn-dream.co.uk"," ","for"," you. Whatever"
"swisscottagemarlow.co.uk","  effects  ","for"," purchase. Not"
"swisscottagemarlow.co.uk","  headlines  ","for"," that day."
"swisscottagemarlow.co.uk","  way  ","for"," an agency to"
"swisscottagemarlow.co.uk","at his  shirt  ","for"," god ''s sake!"
"peta.org.uk","two  weeks  ","for"," three months"
"peta.org.uk","three  months  ","for"," a year to make"
"peta.org.uk","The blood  test  ","for"," temporal"
"peta.org.uk","a  letter  ","for"," my GP telling"
"peta.org.uk","  medication  ","for"," me. Within 2"
"peta.org.uk","  painkillers  ","for"," spinal"
"peta.org.uk","have a  letter  ","for"," my GP asking"
"peta.org.uk","  frames  ","for"," specs. The"
"cre.gov.uk","a  cheque  ","for"," £1,000 to"
"cre.gov.uk","more  Prizes  ","for"," Orange Prize"
"cre.gov.uk","book  award  ","for"," fiction"
"cre.gov.uk","The  judges  ","for"," the Orange"
"cre.gov.uk","in  line  ","for"," British Book"
"assemblage.group.shef.ac.uk","a  checklist  ","for"," you. You need"
"assemblage.group.shef.ac.uk","lend you a  room  ","for"," this. Choose"
"assemblage.group.shef.ac.uk","  candidate  ","for"," the job. They"
"assemblage.group.shef.ac.uk","is your  plan  ","for"," achieving"
"assemblage.group.shef.ac.uk","  basis  ","for"," comparison."
"assemblage.group.shef.ac.uk","proper  ground  ","for"," subsequently"
"new-agri.co.uk","  items  ","for"," the Borders"
"ids.ac.uk"," ","for"," a specific"
"ids.ac.uk","?  Elections  ","for"," the National"
"boschautoparts.co.uk","by  voting  ","for"," your"
"bristolcyclingcampaign.org.uk","a  wish  ","for"," a new product."
"bristolcyclingcampaign.org.uk","  negotiations  ","for"," any product"
"bristolcyclingcampaign.org.uk","any  product  ","for"," which clear"
"bristolcyclingcampaign.org.uk","the  links  ","for"," the various"
"bristolcyclingcampaign.org.uk",".  Wish  ","For"," New Product"
"thecornerhouse.org.uk",": A  Basis  ","for"," Hope or a"
"thecornerhouse.org.uk","Power.  CENTRE  ","FOR"," HIGHER"
"thecornerhouse.org.uk",": A  Basis  ","for"," Hope or a"
"thecornerhouse.org.uk","  paper  ","for"," the London"
"thecornerhouse.org.uk","you in  advance  ","for"," your"
"thecornerhouse.org.uk","  opportunity  ","for",""
"thecornerhouse.org.uk","  support  ","for"," three teacher"
"thecornerhouse.org.uk","  support  ","for"," learning. You"
"thecornerhouse.org.uk","  arrangements  ","for"," visits,"
"thecornerhouse.org.uk","DfES  Skills  ","for"," Life Strategy"
"thecornerhouse.org.uk",". Big  room  ","for"," one person in"
"biotopics.co.uk","  hospital  ","for"," the insane in"
"biotopics.co.uk","  institution  ","for"," the insane was"
"biotopics.co.uk","  list  ","for"," Jewish"
"biotopics.co.uk","  institutions  ","for"," the insane as"
"biotopics.co.uk","the  reason  ","for"," this policy"
"ewradio.co.uk","an action  plan  ","for"," improvement"
"law.cam.ac.uk","  cheque  ","for"," the amount. I"
"horniman.ac.uk","  purposes  ","for"," which we"
"horniman.ac.uk","  process  ","for"," the Share"
"cheers-wine-merchants.co.uk","of  upgrades  ","for"," Macintosh"
"cheers-wine-merchants.co.uk","on a  picture  ","for"," full"
"cheers-wine-merchants.co.uk","  accessories  ","for"," PowerBooks,"
"planetveggie.co.uk","is a  listing  ","for"," the range of"
"planetveggie.co.uk","end of the  list  ","for"," notable"
"planetveggie.co.uk","been some  use  ","for"," those just"
"cedr.co.uk","  consent  ","for"," the"
"cedr.co.uk","  design  ","for"," the site, the"
"cedr.co.uk","  funds  ","for"," traffic"
"cedr.co.uk","this  lease  ","for"," a further"
"cedr.co.uk","  permission  ","for"," the whole site"
"cedr.co.uk","tender  stage  ","for"," a first phase"
"cedr.co.uk","as against  £52  ","for"," the present"
"cedr.co.uk","  tenders  ","for"," the works in"
"robertbuchanan.mysite.wanadoo-members.co.uk","a rough  guide  ","for"," an adult."
"robertbuchanan.mysite.wanadoo-members.co.uk","per  person  ","for"," meat off the"
"robertbuchanan.mysite.wanadoo-members.co.uk",": a  pudding  ","for"," instance, and"
"robertbuchanan.mysite.wanadoo-members.co.uk","  address  ","for"," the"
"studenthealth.co.uk","one  goal  ","for"," Kids is good"
"studenthealth.co.uk","  experience  ","for"," everyone. But"
"studenthealth.co.uk","  dietitian  ","for"," feeding her"
"studenthealth.co.uk","  services  ","for"," victims of"
"library.nhs.uk","interim  step  ","for"," Account"
"library.nhs.uk","card  account  ","for"," around 3,000"
"library.nhs.uk","a new  claim  ","for"," jobseeker ''s"
"library.nhs.uk","  interview  ","for"," prisoners who"
"library.nhs.uk","  proposals  ","for"," further work."
"library.nhs.uk","  service  ","for"," social fund"
"library.nhs.uk","is a  matter  ","for"," the Chief"
"library.nhs.uk","  service  ","for"," Social Fund in"
"library.nhs.uk","a  hotline  ","for"," the Social"
"library.nhs.uk","in  person  ","for"," a payment from"
"library.nhs.uk","? A new  deal  ","for"," welfare:"
"library.nhs.uk","  proposals  ","for"," piloting new"
"library.nhs.uk","a real  focus  ","for"," local efforts"
"library.nhs.uk","lowest  level  ","for"," 30 years. In"
"ccruni.gov.uk","  re-use  ","for",""
"ccruni.gov.uk","or 35mm  prints  ","for"," a theatrical"
"shocknet.org.uk","a better  place  ","for"," having been"
"word-on-the-web.co.uk","  rates  ","for"," each level of"
"word-on-the-web.co.uk","other  columns  ","for"," different"
"word-on-the-web.co.uk","** The  figures  ","for"," £40,000"
"word-on-the-web.co.uk","rate of  tax  ","for"," each income"
"huddersfield1.co.uk"," ","for"," the"
"huddersfield1.co.uk","  credit  ","for"," this training"
"huddersfield1.co.uk","  problems  ","for"," which they"
"huddersfield1.co.uk","  seminars  ","for"," government"
"huddersfield1.co.uk",".  Economics  ","for"," policy making"
"huddersfield1.co.uk","and  rationale  ","for",", policy"
"huddersfield1.co.uk","  methods  ","for"," policy"
"huddersfield1.co.uk","  portfolio  ","for"," further"
"chichesterjazzclub.co.uk","/  screenings  ","for"," plenary peer"
"chichesterjazzclub.co.uk"," ","for"," peer review/"
"chichesterjazzclub.co.uk","  support  ","for"," fees, travel"
"ggr-associates.co.uk"," ","for"," the branch"
"ggr-associates.co.uk","  allowance  ","for"," dependency"
"ggr-associates.co.uk","each  year  ","for"," the three"
"ggr-associates.co.uk","UK for 3  years  ","for"," purposes"
"ggr-associates.co.uk","little  room  ","for"," income"
"ggr-associates.co.uk","no  provision  ","for",""
"ggr-associates.co.uk","do have a  place  ","for"," your child at"
"ggr-associates.co.uk","site in  time  ","for"," your duty, it"
"ggr-associates.co.uk","extra  funding  ","for"," travel."
"ggr-associates.co.uk","note  requests  ","for"," a specific"
"ggr-associates.co.uk","  requirement  ","for"," these courses"
"ggr-associates.co.uk","  requirement  ","for"," these courses"
"ggr-associates.co.uk",". 20  Applying  ","for"," a place on a"
"ggr-associates.co.uk","  standard  ","for"," the Diploma"
"ggr-associates.co.uk","  standard  ","for"," the Degree"
"ggr-associates.co.uk","  process  ","for"," interview"
"ggr-associates.co.uk","and allow  time  ","for"," travelling."
"ggr-associates.co.uk","been a  student  ","for"," a while and be"
"ggr-associates.co.uk","  opportunity  ","for"," you to ask any"
"monju.pwp.blueyonder.co.uk","  requirements  ","for"," an Operating"
"monju.pwp.blueyonder.co.uk","good  reasons  ","for"," this: firstly"
"monju.pwp.blueyonder.co.uk","the  options  ","for"," the boot"
"wolftrust.org.uk","  appointment  ","for"," the next renal"
"wolftrust.org.uk","  appointment  ","for"," you. Future"
"wolftrust.org.uk","  clinic  ","for"," further"
"wolftrust.org.uk","  Instructions  ","for"," Monday"
"wolftrust.org.uk","  Instructions  ","for"," Thursday"
"milesfaster.co.uk","''s pdf  reader  ","for"," free here."
"milesfaster.co.uk"," ","for",""
"materials.ac.uk","most  benefit  ","for"," each unit"
"materials.ac.uk","a  substitute  ","for"," detailed"
"materials.ac.uk","use of  energy  ","for"," over 15 years."
"materials.ac.uk",". MORE  INFO  ","For"," more"
"materials.ac.uk","  Energy  ","for"," Homeowners 15"
"henrytudor.co.uk","from US  teams  ","for"," UK"
"henrytudor.co.uk","a launch  delay  ","for"," STEREO. Cost"
"iofilm.co.uk","  problems  ","for"," the traveller"
"iofilm.co.uk","area  endemic  ","for"," rabies all"
"iofilm.co.uk","running  water  ","for"," 5 minutes."
"iofilm.co.uk","or  clinic  ","for"," prompt"
"iofilm.co.uk",". First  aid  ","for"," snakebite is"
"iofilm.co.uk","or  clinic  ","for"," medical"
"iofilm.co.uk","to the  doctor  ","for",""
"iofilm.co.uk",". First  aid  ","for"," scorpion"
"martininstitute.ox.ac.uk","  meanings  ","for"," the noun"
"martininstitute.ox.ac.uk","line or  number  ","for"," showing this"
"martininstitute.ox.ac.uk","this  problem  ","for"," donkey ''s"
"martininstitute.ox.ac.uk","  significance  ","for"," the client."
"martininstitute.ox.ac.uk","One small  step  ","for"," man; one giant"
"martininstitute.ox.ac.uk","one giant  leap  ","for"," mankind."
"martininstitute.ox.ac.uk","zero  stands  ","for"," when the"
"martininstitute.ox.ac.uk","  scale  ","for"," the client."
"martininstitute.ox.ac.uk","  information  ","for"," personal use"
"martininstitute.ox.ac.uk","the  material  ","for"," any other"
"tps.org.uk","gentle  warmth  ","for"," your dogs and"
"tps.org.uk","  regulations  ","for"," electrical"
"tps.org.uk","  flashes  ","for"," added safety"
"pnisha.org.uk","of  conduct  ","for"," the use of"
"vortexhealth.co.uk","  preparation  ","for"," a larger"
"greenbuildingstore.co.uk","the  potential  ","for"," technologies"
"greenbuildingstore.co.uk","the  potential  ","for"," several new"
"greenbuildingstore.co.uk","  tool  ","for"," use within the"
"greenbuildingstore.co.uk","  mechanism  ","for",""
"greenbuildingstore.co.uk","  aspect  ","for"," email users"
"greenbuildingstore.co.uk","a cult  fashion  ","for"," many young"
"greenbuildingstore.co.uk","a useful  tool  ","for"," users. The"
"greenbuildingstore.co.uk","  extensions  ","for"," Microsoft"
"greenbuildingstore.co.uk","  capabilities  ","for"," purposes such"
"greenbuildingstore.co.uk","  solution  ","for"," its users. It"
"xibalba.demon.co.uk","any  technique  ","for"," establishing"
"xibalba.demon.co.uk","that  council  ","for"," the purposes"
"xibalba.demon.co.uk","  stuffs  ","for"," animals,"
"xibalba.demon.co.uk","of  food  ","for"," human"
"xibalba.demon.co.uk","""  preparation  ","for"," sale """
"xibalba.demon.co.uk"," ","for"," human"
"xibalba.demon.co.uk","any  premises  ","for"," the purpose of"
"xibalba.demon.co.uk","for  sale  ","for"," human"
"xibalba.demon.co.uk","  food  ","for"," sale, for"
"xibalba.demon.co.uk","of  food  ","for"," human"
"xibalba.demon.co.uk","  food  ","for"," sale, for"
"higherstate.co.uk","access  keys  ","for"," this site are:"
"higherstate.co.uk","  information  ","for"," Defence can be"
"higherstate.co.uk",". home  defence  ","for","... about"
"higherstate.co.uk","'' of  endurance  ","for"," the army ''s Ten"
"commedia.org.uk","  allowance  ","for"," the"
"commedia.org.uk","of  prayer  ","for"," real people in"
"commedia.org.uk",", the  world  ","for"," which we are"
"commedia.org.uk","us,  longs  ","for"," the very best"
"commedia.org.uk","is a  prayer  ","for"," disciples of"
"commedia.org.uk",", a  prayer  ","for"," the smallest"
"commedia.org.uk","and a  prayer  ","for"," the strongest"
"commedia.org.uk",", a  prayer  ","for"," those who have"
"commedia.org.uk","and  love  ","for"," God who gave"
"geologywales.co.uk","in the  index  ","for"," Kaye ''s name,"
"gleeson0.demon.co.uk","from  Sisyphus  ","For"," a good"
"gleeson0.demon.co.uk","or  search  ","for"," specific"
"gleeson0.demon.co.uk","  projects  ","for"," early printed"
"codexbooks.co.uk","  SOCK_DGRAM  ","for"," a datagram"
"codexbooks.co.uk","  OPTIONS  ","For"," historical"
"codexbooks.co.uk","  MESSAGES  ","For"," historical"
"codexbooks.co.uk","  permissions  ","for"," Unix sock- ets"
"codexbooks.co.uk","this  feature  ","for"," security."
"codexbooks.co.uk","invalid  state  ","for"," the applied"
"codexbooks.co.uk","manual  pages  ","for"," more"
"winspiration.co.uk","year.  Demand  ","for"," "" HD ready """
"winspiration.co.uk","is the  roadmap  ","for"," the HDTV"
"winspiration.co.uk","  standards  ","for"," TV in the UK?"
"ukspa.org.uk","  contexts  ","for"," change is key"
"ukspa.org.uk","  leadership  ","for","... Professor"
"ukspa.org.uk","of  symptoms  ","for"," affluent and"
"ukspa.org.uk","  improvement  ","for"," deprived"
"ukspa.org.uk","primary  care  ","for"," socially"
"ukspa.org.uk","  evidence  ","for"," or against the"
"ukspa.org.uk","  aggregation  ","for"," their"
"ukspa.org.uk","  indicators  ","for"," primary"
"ukspa.org.uk","  Contracting  ","for"," primary care"
"ukspa.org.uk","a  framework  ","for"," assessing the"
"ukspa.org.uk","of  care  ","for"," mental health"
"ukspa.org.uk","  buildings  ","for"," better"
"ukspa.org.uk"," ","for"," capital"
"ukspa.org.uk","  indicators  ","for"," primary"
"ukspa.org.uk","a common  basis  ","for"," measuring"
"ukspa.org.uk","is a clear  need  ","for"," measures to"
"ukspa.org.uk","  implications  ","for"," treament and"
"ukspa.org.uk","the key  areas  ","for"," health"
"ukspa.org.uk","major  themes  ","for"," the clients"
"ukspa.org.uk","  results  ","for"," both NHS"
"ukspa.org.uk","  strategies  ","for"," deep vein"
"ukspa.org.uk","our  threshold  ","for"," willingness"
"ukspa.org.uk","  testing  ","for"," patients with"
"ukspa.org.uk","  strategies  ","for"," identifying"
"ukspa.org.uk","  evidence  ","for",""
"ukspa.org.uk","  programme  ","for"," people with"
"ukspa.org.uk","with  IBS  ","for"," qualitative"
"ukspa.org.uk","  services  ","for"," carers for"
"ukspa.org.uk","for  carers  ","for"," people with"
"ukspa.org.uk","  breaks  ","for"," carers for"
"ukspa.org.uk","for  carers  ","for"," people with"
"ukspa.org.uk","have  value  ","for"," the"
"ukspa.org.uk","cell  hybrids  ","for"," use as cancer"
"ukspa.org.uk","  indications  ","for"," efficacy are"
"ukspa.org.uk","the  rationale  ","for"," future"
"ukspa.org.uk","typing  method  ","for"," MRSA in the"
"ukspa.org.uk","  vaccination  ","for"," the treatment"
"ukspa.org.uk","  method  ","for"," the accurate"
"ukspa.org.uk","  screening  ","for"," lung cancer:"
"ukspa.org.uk","hospital  diet  ","for"," unselected"
"ukspa.org.uk","and  memantine  ","for"," Alzheimer ''s"
"ukspa.org.uk","  therapy  ","for"," children with"
"ukspa.org.uk","  treatments  ","for"," childhood"
"ukspa.org.uk","evidence  base  ","for"," the"
"ukspa.org.uk","of  treatments  ","for"," childhood"
"ukspa.org.uk","  guidance  ","for"," clinical"
"ukspa.org.uk","  implantation  ","for"," cartilage"
"ukspa.org.uk","  agreement  ","for"," detection of"
"ukspa.org.uk","a  replacement  ","for"," visual field"
"ukspa.org.uk","  devices  ","for"," patients with"
"ukspa.org.uk","donor  hearts  ","for",""
"ukspa.org.uk","the  evidence  ","for"," LVADs as a LTCS"
"ukspa.org.uk","  screening  ","for"," congenital"
"ukspa.org.uk","than  £36,000  ","for"," a diagnosis."
"ukspa.org.uk","or  reduction  ","for"," subcapital"
"ukspa.org.uk","  screening  ","for"," atrial"
"ukspa.org.uk","of  patients  ","for"," whom"
"ukspa.org.uk","from  GPs  ","for"," patients with"
"ukspa.org.uk","  treatment  ","for"," patients not"
"ukspa.org.uk","or  need  ","for"," surgery. We"
"ukspa.org.uk","no  evidence  ","for"," repeat... Dr"
"ukspa.org.uk","  therapy  ","for"," lower limb"
"ukspa.org.uk"," ","for"," a wide"
"ukspa.org.uk","  access  ","for"," more dispered"
"ukspa.org.uk","2006  Imatinib  ","for"," the treatment"
"ukspa.org.uk","  tacrolimus  ","for"," atopic eczema"
"ukspa.org.uk","evidence  base  ","for"," tacrolimus in"
"ukspa.org.uk",", as an  option  ","for"," patients who"
"ukspa.org.uk","  testing  ","for"," early"
"ukspa.org.uk","  factor  ","for"," all-cause,"
"ukspa.org.uk","  tests  ","for"," prenatal"
"selecthr.co.uk","  schemes  ","for",""
"selecthr.co.uk","top ten  tips  ","for"," businesses"
"selecthr.co.uk","the home  page  ","for"," small & medium"
"selecthr.co.uk","a prize  draw  ","for"," the"
"selecthr.co.uk","  programme  ","for"," companies on"
"selecthr.co.uk","  website  ","for"," simple,"
"selecthr.co.uk","  standard  ","for"," small and"
"selecthr.co.uk",":  Tips  ","for"," Success >"
"wh-ireland.co.uk","the  signs  ","for"," the Octagon"
"wh-ireland.co.uk","  companies  ","for"," discounted"
"martialedge.co.uk","in your  home  ","for"," a birthday"
"martialedge.co.uk","quotes.  Call  ","for"," creative"
"martialedge.co.uk","  ideas  ","for"," parties,"
"martialedge.co.uk","with  gifts  ","for"," parties and"
"martialedge.co.uk","  events  ","for"," all occasions"
"martialedge.co.uk","and  craft  ","for"," two hours to"
"martialedge.co.uk","company  setup  ","for"," the sole"
"martialedge.co.uk","stunt  teams  ","for"," added party"
"martialedge.co.uk","Theme  Traders  ","for"," props,"
"4minutes.co.uk","  argument  ","for"," Markan"
"4minutes.co.uk","  argument  ","for"," Markan"
"4minutes.co.uk","and the  need  ","for"," a critical"
"4minutes.co.uk","  criteria  ","for"," determining"
"4minutes.co.uk","  support  ","for"," Markan"
"4minutes.co.uk","as a  support  ","for"," Markan"
"4minutes.co.uk","  loci  ","for"," study. In"
"4minutes.co.uk","OT  categories  ","for"," Matthew ''s"
"4minutes.co.uk","  argument  ","for"," Markan"
"4minutes.co.uk","  argument  ","for"," Markan"
"4minutes.co.uk","  explanation  ","for"," the behaviour"
"stonyhurst.ac.uk","of  numbers  ","for"," smaller"
"stonyhurst.ac.uk","to the  value  ","for"," the latitude"
"stonyhurst.ac.uk","general  map  ","for"," his set of"
"stonyhurst.ac.uk","  ratio  ","for"," the scales on"
"stonyhurst.ac.uk","  value  ","for"," a ''square '' map"
"stonyhurst.ac.uk","in the  notes  ","for"," the software"
"hibberts.co.uk","email  search  ","for"," a member of"
"hibberts.co.uk","(e. g. A  search  ","for"," "" blo "", "" log """
"hibberts.co.uk","here.  Search  ","for"," a person by"
"soup.co.uk","  basis  ","for"," our executive"
"soup.co.uk","create  value  ","for"," shareholders"
"soup.co.uk","no  equivalent  ","for"," the public"
"soup.co.uk"," ","for"," public value?"
"soup.co.uk","your  model  ","for"," public value"
"soup.co.uk","that, in  order  ","for"," a contractual"
"royalascot.co.uk","the  need  ","for"," scary"
"royalascot.co.uk","dye the  shirts  ","for"," us -- as we keep"
"royalascot.co.uk","paid  work  ","for"," exciting"
"royalascot.co.uk","only  material  ","for"," her, as, in her"
"royalascot.co.uk","a  blueprint  ","for"," the industry,"
"royalascot.co.uk","  answers  ","for"," things we ''d"
"royalascot.co.uk","  footprint  ","for",""
"royalascot.co.uk","  prioritised  ","for"," how it can"
"royalascot.co.uk","  research  ","for"," example, we"
"royalascot.co.uk","  benefits  ","for"," us in the form"
"royalascot.co.uk","the  need  ","for"," nasty dyes."
"royalascot.co.uk","  scenarios  ","for"," fabrics and"
"royalascot.co.uk","or any  garment  ","for"," that matter,"
"royalascot.co.uk","EPEA as  sound  ","for"," health and"
"royalascot.co.uk","a lot of  demand  ","for"," one type of"
"royalascot.co.uk","  accounts  ","for"," 85 % of a"
"advaita.org.uk","  Energy  ","for"," the Home"
"advaita.org.uk","  website  ","for"," use by schools"
"advaita.org.uk","  programmes  ","for"," UK domestic"
"advaita.org.uk","  recognition  ","for"," achievements"
"advaita.org.uk","and  guide  ","for"," action in"
"advaita.org.uk"," ","for"," volunteering"
"dpawson.co.uk","  diatribes  ","for"," national"
"dpawson.co.uk","press  officer  ","for"," this website."
"dpawson.co.uk","  reviews  ","for"," about 3 years"
"dpawson.co.uk","to  features  ","for"," a monthly"
"dpawson.co.uk","film  reviewer  ","for"," the Santiago"
"dpawson.co.uk","my  dad  ","for"," loving"
"masterfind.co.uk","words A  place  ","for"," everything"
"masterfind.co.uk","spoil the  ship  ","for"," a ha''pworth of"
"masterfind.co.uk","''d be no  work  ","for"," tinkers If"
"masterfind.co.uk","Live for  today  ","for"," tomorrow"
"masterfind.co.uk","No  rest  ","for"," the wicked"
"masterfind.co.uk","finds  work  ","for"," idle hands to"
"masterfind.co.uk","and tide  wait  ","for"," no man Time is a"
"tuc.org.uk","  Thirsting  ","for"," change"
"tuc.org.uk","to take  action  ","for"," real"
"tuc.org.uk","link 2.  Search  ","for"," your MP 3."
"diabetesdialogue.org.uk","  games  ","for"," Looking Glass"
"diabetesdialogue.org.uk","  respect  ","for"," games that"
"diabetesdialogue.org.uk","  network  ","for",""
"diabetesdialogue.org.uk","have  avenues  ","for"," independent"
"diabetesdialogue.org.uk","of  success  ","for"," quirkier,"
"diabetesdialogue.org.uk","''s  advocate  ","for"," a bit, unique,"
"diabetesdialogue.org.uk",", I have  ideas  ","for"," games that do"
"diabetesdialogue.org.uk","I have  ideas  ","for"," 3D games that"
"diabetesdialogue.org.uk","and  value  ","for"," their money."
"childsafety.co.uk","the  Campaign  ","for"," Freedom of"
"childsafety.co.uk",""" The  Campaign  ","for"," Freedom of"
"childsafety.co.uk","the  Campaign  ","for"," Freedom of"
"childsafety.co.uk","  imprisonment  ","for"," protecting"
"childsafety.co.uk","a  campaign  ","for"," patients to be"
"childsafety.co.uk","their  concern  ","for"," the welfare of"
"childsafety.co.uk","their  calls  ","for"," a public"
"childsafety.co.uk","  Awards  ","for"," their"
"childsafety.co.uk","the  exemption  ","for"," the """
"childsafety.co.uk","  opportunity  ","for"," backbenchers"
"childsafety.co.uk","  figure  ","for"," the number of"
"childsafety.co.uk","  material  ","for"," military"
"childsafety.co.uk","was a  matter  ","for"," the Scott"
"childsafety.co.uk"," ","for"," holding the"
"childsafety.co.uk","of  court  ","for"," refusing to"
"childsafety.co.uk","  compensation  ","for"," the fact that"
"childsafety.co.uk","  secrecy  ","for"," the Guardian"
"dcs.gov.uk","average  rate  ","for"," simpler VAT:"
"dcs.gov.uk","  Accounting  ","for"," VAT in the"
"dcs.gov.uk","a whole  year  ","for"," your money."
"dcs.gov.uk","  basis  ","for"," a further six"
"dcs.gov.uk","average  rate  ","for"," simpler VAT:"
"dcs.gov.uk","  accounting  ","for"," VAT because"
"dcs.gov.uk","the flat  rate  ","for"," your sector."
"dcs.gov.uk","  Unit  ","for"," your postcode"
"dcs.gov.uk","Rate  scheme  ","for"," small"
"dcs.gov.uk","a VAT  invoice  ","for"," each sale."
"dcs.gov.uk","  schemes  ","for"," second-hand"
"dcs.gov.uk","VAT  scheme  ","for"," your"
"derek-hasted.co.uk","the Flex  proxy  ","for"," web services"
"fdsystems.co.uk","of  services  ","for"," that area."
"wellerassociates.co.uk","this  section  ","for"," finding"
"wellerassociates.co.uk","A  section  ","for"," health and"
"wellerassociates.co.uk","and  Events  ","For"," our latest"
"wellerassociates.co.uk","  settings  ","for"," your computer"
"wellerassociates.co.uk","  support  ","for"," the visually"
"urbanforum.org.uk","beacon  status  ","for"," the work in"
"urbanforum.org.uk","  applications  ","for"," this year ''s"
"urbanforum.org.uk","  skills  ","for"," care south"
"urbanforum.org.uk","of  skills  ","for"," care © Crown"
"wesparkle.co.uk","cleanup  code  ","for"," a group of"
"wesparkle.co.uk",", a  search  ","for"," an exception"
"wesparkle.co.uk",", the  search  ","for"," an exception"
"wesparkle.co.uk","  search  ","for"," a handler is"
"leaguesnooker.co.uk","a  desire  ","for"," State"
"leaguesnooker.co.uk","the  media  ","for"," his loss of"
"leaguesnooker.co.uk","  MP  ","for"," South Norfolk"
"leaguesnooker.co.uk","  proposals  ","for"," rescuing and"
"leaguesnooker.co.uk","  suitability  ","for"," the role were"
"leaguesnooker.co.uk","  constitution  ","for"," the PCC and the"
"cts.dmu.ac.uk","  celebration  ","for"," one family, as"
"cts.dmu.ac.uk","  chemists  ","for"," many years. ("
"star.ucl.ac.uk"," ","for"," 2 nights ("
"star.ucl.ac.uk","  bathroom  ","for"," 2 nights ("
"star.ucl.ac.uk","stay on  campus  ","for"," extra nights"
"mikosw.co.uk","to  requests  ","for"," information"
"mikosw.co.uk","  issues  ","for"," all staff as"
"mikosw.co.uk","central  point  ","for"," logging all"
"mikosw.co.uk","print  size  ","for"," the partially"
"mikosw.co.uk",". The  need  ","for"," a fairer"
"mikosw.co.uk","  importance  ","for"," global growth"
"mikosw.co.uk","  aid  ","for"," trade to help"
"mikosw.co.uk","market  access  ","for"," developing"
"mikosw.co.uk","  work  ","for"," domestic"
"mikosw.co.uk","  Commission  ","for"," this reduced"
"mikosw.co.uk","or  region  ","for"," 2000-01 to"
"mikosw.co.uk","  scheme  ","for"," all"
"mikosw.co.uk","  ownership  ","for"," all, from"
"mikosw.co.uk","  notices  ","for"," the six-year"
"mikosw.co.uk","  work  ","for"," those who can"
"mikosw.co.uk","  support  ","for"," groups at"
"mikosw.co.uk","the child  tax  ","for"," families, and"
"mikosw.co.uk","  credit  ","for"," pensioners."
"mikosw.co.uk","annual  return  ","for"," average"
"mikosw.co.uk","own  targets  ","for"," efficiency"
"mikosw.co.uk","are in  place  ","for"," the handling"
"www2.netdoctor.co.uk","  service  ","for"," these"
"www2.netdoctor.co.uk","  restaurant  ","for"," their regular"
"www2.netdoctor.co.uk","  problems  ","for"," the customer."
"www2.netdoctor.co.uk","on the  menu  ","for"," this caller."
"sedayne.co.uk","to  parliament  ","for"," Newport West"
"assemblyrooms.org.uk","a top  priority  ","for"," workers"
"assemblyrooms.org.uk","balancing  act  ","for"," work-life"
"assemblyrooms.org.uk","not only  time  ","for"," balance, but"
"assemblyrooms.org.uk","  resources  ","for"," work-life"
"assemblyrooms.org.uk","says it ''s  time  ","for"," a change."
"assemblyrooms.org.uk","Plenty of  food  ","for"," thought here"
"assemblyrooms.org.uk","  checklist  ","for"," an outline of"
"mailman.greennet.org.uk","a  preference  ","for"," the Fijian"
"mailman.greennet.org.uk","in  exchange  ","for"," European"
"mailman.greennet.org.uk","  yardstick  ","for"," measuring"
"mailman.greennet.org.uk","of more  votes  ","for"," Maori/"
"mailman.greennet.org.uk","  precedents  ","for"," absorbing"
"mailman.greennet.org.uk","  framework  ","for"," defining"
"itgovernance.co.uk","  suggestions  ","for"," me. I need to"
"itgovernance.co.uk","  suggestions  ","for"," me? I would be"
"itgovernance.co.uk","do some  thing  ","for"," money but your"
"itgovernance.co.uk","  symbols  ","for"," proof marking"
"itgovernance.co.uk","off  shirts  ","for"," a company but"
"itgovernance.co.uk","toy  soldiers  ","for"," a local"
"itgovernance.co.uk","little  market  ","for"," such things"
"itgovernance.co.uk","is to  tstudy  ","for"," 6 months or a"
"itgovernance.co.uk","yellow  pages  ","for",""
"itgovernance.co.uk","many  thanks  ","for"," the good"
"itgovernance.co.uk","  condolences  ","for"," the awful"
"westminster.gov.uk","day  delivery  ","for"," most UK orders"
"westminster.gov.uk","  features  ","for"," each"
"youngresources.co.uk","  era  ","for"," fame and"
"montrose-society.org.uk","it as the  basis  ","for"," a degree in"
"gingerbeer.co.uk","second  book  ","for"," Tempus."
"gingerbeer.co.uk","in the  purpose  ","for"," she was"
"gingerbeer.co.uk","2005. ?  Thanks  ","for"," the superb"
"gingerbeer.co.uk","  eye  ","for"," detail and"
"gingerbeer.co.uk","set a  trend  ","for"," the later"
"gingerbeer.co.uk","again,  thanks  ","for"," writing such a"
"admissions.ox.ac.uk","  spokesperson  ","for"," the"
"admissions.ox.ac.uk","the  need  ","for"," effective and"
"admissions.ox.ac.uk","  capacity  ","for"," ambivalence"
"admissions.ox.ac.uk","a  basis  ","for"," the kind of"
"admissions.ox.ac.uk","  tool  ","for"," informing as"
"admissions.ox.ac.uk","There is  scope  ","for"," operating at"
"admissions.ox.ac.uk","  research  ","for"," the public"
"admissions.ox.ac.uk","which  options  ","for"," future policy"
"admissions.ox.ac.uk","in  claims  ","for"," disability"
"admissions.ox.ac.uk","of  LGN  ","for"," their"
"apolloflow.co.uk","  activities  ","for"," people with"
"apolloflow.co.uk","on  offer  ","for"," children and"
"apolloflow.co.uk","Us  section  ","for"," the Sports"
"apolloflow.co.uk"," ","for"," adults and"
"apolloflow.co.uk","  activities  ","for"," people with a"
"apolloflow.co.uk","  Activities  ","for"," Users of"
"apolloflow.co.uk"," ","for"," People over"
"sensed.co.uk","  opportunity  ","for"," capturing a"
"sensed.co.uk","was every  man  ","for"," himself,"
"sensed.co.uk","with us at  home  ","for"," this, my lads!"
"cll.bham.ac.uk","New  resources  ","for"," Surrey and"
"cll.bham.ac.uk","  History  ","for"," Surrey in the"
"cll.bham.ac.uk","are also of  use  ","for"," the study of"
"cll.bham.ac.uk","  resources  ","for"," Welsh local"
"cll.bham.ac.uk","  dictionary  ","for"," Wales, and"
"cll.bham.ac.uk","and  resources  ","for"," the history of"
"cll.bham.ac.uk","  work  ","for"," Scotland,"
"cll.bham.ac.uk","  resource  ","for"," Welsh urban"
"cll.bham.ac.uk","  resources  ","for"," Scottish"
"cll.bham.ac.uk","new  resources  ","for"," the history of"
"cll.bham.ac.uk","  resources  ","for"," early modern"
"cll.bham.ac.uk","  Anglicanae  ","for"," 1541-1857 is"
"cll.bham.ac.uk","  preparation  ","for"," more new"
"socialism.org.uk","  region  ","for"," Britain"
"socialism.org.uk","  paintings  ","for"," inspiration"
"socialism.org.uk","  prescription  ","for",""
"socialism.org.uk","or  search  ","for"," previously"
"socialism.org.uk","be the new  home  ","for"," lost photos, a"
"socialism.org.uk","of the  battle  ","for"," regional"
"socialism.org.uk","  protection  ","for"," those who"
"socialism.org.uk","and  support  ","for"," their"
"socialism.org.uk","any  liability  ","for"," any use a"
"socialism.org.uk","  punishment  ","for"," the members of"
"socialism.org.uk","  material  ","for"," the early Edo"
"socialism.org.uk","in the  flesh  ","for"," long, but"
"socialism.org.uk",", and  designs  ","for"," buildings"
"socialism.org.uk","fixed -  thanks  ","for"," the heads up to"
"socialism.org.uk","as  decoration  ","for"," the body. This"
"socialism.org.uk","of  choice  ","for"," the elderly to"
"socialism.org.uk","seeking a  cure  ","for"," illness many"
"blackheathrugby.co.uk","close  season  ","for"," coarse fish."
"atmedia2005.co.uk","  petition  ","for"," this fallen"
"atmedia2005.co.uk","in this  world  ","for"," God. In public"
"atmedia2005.co.uk","is a  place  ","for"," tolerance,"
"atmedia2005.co.uk","Paul,  ''pray  ","for"," me that I may"
"atmedia2005.co.uk","  opportunity  ","for"," something"
"atmedia2005.co.uk","  preparation  ","for"," a great state"
"atmedia2005.co.uk","and  concern  ","for"," one member of"
"atmedia2005.co.uk","and a  plea  ","for"," grace and"
"english-online.org.uk","  technology  ","for"," old cases ·"
"universalenergycentre.co.uk","private  life  ","for"," material. The"
"universalenergycentre.co.uk","  opportunity  ","for"," frankness,"
"universalenergycentre.co.uk",", and new  links  ","for"," this page to"
"inclusive.co.uk","  campaign  ","for"," rejection and"
"inclusive.co.uk","  preparation  ","for"," this year ''s"
"inclusive.co.uk","lays out a  plan  ","for"," a genuinely"
"inclusive.co.uk","the  campaign  ","for"," a democratic,"
"inclusive.co.uk","  programme  ","for"," Europe."
"inclusive.co.uk","  programme  ","for"," our continent"
"natcorp.ox.ac.uk","were no  match  ","for"," the Cherry and"
"natcorp.ox.ac.uk","in a  try  ","for"," the ever"
"natcorp.ox.ac.uk","to the  pack  ","for"," the final half"
"natcorp.ox.ac.uk","all  decider  ","for"," the last"
"natcorp.ox.ac.uk","be no  place  ","for"," the"
"ucml.org.uk","''  album  ","for"," similar"
"ucml.org.uk","standard.  ''Go  ","For"," It '' is a lovely"
"ucml.org.uk","this  tune  ","for"," donkey ''s"
"ucml.org.uk","the  house  ","for"," a second time."
"ucml.org.uk","  ''Down  ","For"," The Third Time"
"ucml.org.uk","  retailing  ","for"," £50. That ''s"
"ucml.org.uk","  songs  ","for"," the movie"
"ucml.org.uk",". Worth  buying  ","for"," ''Love Struck ''"
"ucml.org.uk","by this  album  ","for"," weeks on end."
"ucml.org.uk","main  interest  ","for"," most fans was"
"ucml.org.uk","  sound  ","for"," the group."
"ucml.org.uk","at the  site  ","for"," a while now."
"ucml.org.uk","the worst  year  ","for"," Soul releases"
"ucml.org.uk","  sleevenotes  ","for"," some of the"
"ucml.org.uk","4  albums  ","for"," the Mercury"
"ucml.org.uk",".  Horses  ","for"," courses, I"
"ucml.org.uk","Thank  heavens  ","for"," Wayne"
"ucml.org.uk","  set-up  ","for"," bringing"
"ucml.org.uk","had any  plans  ","for"," a solo project"
"ucml.org.uk","  quality  ","for"," us to allow"
"ucml.org.uk","is a  market  ","for"," this kind of"
"nhsplus.nhs.uk","as a  vehicle  ","for"," passing down"
"nhsplus.nhs.uk","several  poems  ","for"," us. Patrick"
"nhsplus.nhs.uk","  day  ","for"," everyone"
"makemyvotecount.org.uk","Grupo X  ''Food  ","For"," Your"
"nimr.mrc.ac.uk","  baterry  ","for"," fast Time to"
"nimr.mrc.ac.uk","a perfect  tool  ","for"," use with"
"nimr.mrc.ac.uk","the  need  ","for"," any wires."
"streamcity.co.uk","  fashion  ","for"," biological"
"streamcity.co.uk","  advances  ","for"," the"
"streamcity.co.uk","  implications  ","for"," themselves."
"streamcity.co.uk","  metaphor  ","for"," society in"
"streamcity.co.uk","  impacts  ","for"," social"
"streamcity.co.uk","a  manifesto  ","for"," the"
"streamcity.co.uk","  arguments  ","for"," three reasons"
"talyllyn.co.uk","  request  ","for"," written"
"talyllyn.co.uk","  consequences  ","for"," these issues"
"talyllyn.co.uk","  opportunity  ","for"," members of the"
"talyllyn.co.uk","2000.  REQUEST  ","FOR"," WRITTEN"
"talyllyn.co.uk","  benefit  ","for"," farmers lay in"
"talyllyn.co.uk","there is a  need  ","for"," a certain"
"talyllyn.co.uk","in some  areas  ","for"," numbers to be"
"talyllyn.co.uk","  consequences  ","for"," agriculture"
"talyllyn.co.uk","a focal  point  ","for"," rural"
"userfocus.co.uk","With the  trend  ","for"," car"
"userfocus.co.uk","a fresh  look  ","for"," the 2007 model"
"userfocus.co.uk","the  setting  ","for"," the 15th"
"userfocus.co.uk","] A New  Look  ","for"," the BMW X3 BMW"
"userfocus.co.uk","of  Speed  ","for"," the first time"
"ukdf.org.uk","best  friends  ","for"," goodness sake"
"ukdf.org.uk","gonna  rodeo  ","for"," a while. That"
"ukdf.org.uk","it was  time  ","for"," me to settle"
"exporteastofengland.org.uk","this a  place  ","for"," the maiden,"
"exporteastofengland.org.uk","to be a  place  ","for"," virgin and"
"barnardos.org.uk","of great  ideas  ","for"," anyone"
"barnardos.org.uk","a ''  yearning  ","for"," learning ''."
"barnardos.org.uk","  wonders  ","for"," us on the job"
"barnardos.org.uk","  event  ","for"," us "" (and then a"
"lewisham.nhs.uk","  Airstreams  ","for"," hire. Circus"
"lewisham.nhs.uk","of  scenery  ","for"," musicals and"
"lewisham.nhs.uk","  builders  ","for"," theatre and"
"lewisham.nhs.uk","of any  size  ","for"," Theatre, Film"
"lewisham.nhs.uk","  backcloths  ","for"," many of the"
"lewisham.nhs.uk","set  design  ","for"," special"
"lewisham.nhs.uk","  backdrops  ","for"," theme parties"
"lewisham.nhs.uk","and  murals  ","for"," corporate"
"lewisham.nhs.uk","  sculptures  ","for"," Theatre, TV,"
"lewisham.nhs.uk",",  murals  ","for"," theatre, tv"
"lewisham.nhs.uk","  photographs  ","for"," your period"
"lewisham.nhs.uk","stage  design  ","for"," special"
"lewisham.nhs.uk","  miniatures  ","for"," film and TV."
"lewisham.nhs.uk","  resources  ","for"," theatre, tv"
"lewisham.nhs.uk","set  hire  ","for"," Amature and"
"lewisham.nhs.uk","stage  sets  ","for"," many muiscals"
"lewisham.nhs.uk","props and  FX  ","for"," feature film,"
"lewisham.nhs.uk","  makers  ","for"," Theatre"
"lewisham.nhs.uk","  environments  ","for"," events and"
"lewisham.nhs.uk","set  design  ","for"," performance"
"lewisham.nhs.uk","  backgrounds  ","for"," a cutting edge"
"ulo.ucl.ac.uk","  commission  ","for"," every sale."
"ulo.ucl.ac.uk","in  order  ","for"," us to open your"
"mojolondon.co.uk","''s New  page  ","for"," recent"
"mojolondon.co.uk","  cover  ","for"," your golf"
"gfwi.org.uk","  destination  ","for"," a typical"
"gfwi.org.uk","  medication  ","for"," serious"
"gfwi.org.uk","medical  kit  ","for"," treating"
"gfwi.org.uk","  time  ","for"," vaccinations"
"gfwi.org.uk","sunburn  page  ","for"," more details."
"gfwi.org.uk","of  travellers  ","for"," the main part"
"gfwi.org.uk","medical  kit  ","for"," treating"
"gfwi.org.uk","a medical  kit  ","for"," the times when"
"gfwi.org.uk","  restrictions  ","for"," safety or"
"gfwi.org.uk","is also of  use  ","for"," this group."
"gfwi.org.uk","in the  group  ","for"," the duration"
"gfwi.org.uk",". co.  uk  ","for"," details of"
"gfwi.org.uk","  relatives  ","for"," an extended"
"gfwi.org.uk","a medical  kit  ","for"," the times when"
"gfwi.org.uk","or  powders  ","for",""
"gfwi.org.uk","hand  luggage  ","for"," easy access in"
"gfwi.org.uk","risky  times  ","for"," travel are"
"gfwi.org.uk","arrange  trips  ","for"," the disabled"
"staffshousing.org.uk","seems a  policy  ","for"," wimps, giving"
"forums.jolt.co.uk","  environment  ","for"," aircraft,"
"forums.jolt.co.uk"," ","for"," wildlife"
"forums.jolt.co.uk","  importance  ","for"," those"
"forums.jolt.co.uk","a  habitat  ","for"," plants and"
"forums.jolt.co.uk","  biodiversity  ","for"," example.... ."
"forums.jolt.co.uk","; how  design  ","for"," landscape and"
"forums.jolt.co.uk","  lagoons  ","for"," water"
"forums.jolt.co.uk","  opportunity  ","for"," creation of"
"forums.jolt.co.uk","  creation  ","for"," screening"
"forums.jolt.co.uk","  vegetation  ","for"," immediate"
"forums.jolt.co.uk","  cover  ","for"," slope"
"forums.jolt.co.uk",";  earthworks  ","for"," storage of"
"forums.jolt.co.uk","of  access  ","for"," personnel/"
"fitz.cam.ac.uk"," ","for"," actions, and"
"fitz.cam.ac.uk","with  reasons  ","for"," our actions,"
"fitz.cam.ac.uk"," ","for"," the attack on"
"fitz.cam.ac.uk","into the  past  ","for"," September 11,"
"fitz.cam.ac.uk","  terrorism  ","for"," humanity, on"
"fitz.cam.ac.uk","doubt the  need  ","for"," the reasoning"
"juniorgolfworld.co.uk","''s  candidate  ","for"," Wooton Basset"
"juniorgolfworld.co.uk","''s  proposals  ","for",""
"juniorgolfworld.co.uk","  editorials  ","for"," The Times. His"
"accfinweb.account.strath.ac.uk","in  return  ","for"," safe passage"
"letsgogardening.co.uk","wider  impacts  ","for"," society and"
"letsgogardening.co.uk"," ","for"," a more"
"letsgogardening.co.uk","  services  ","for"," sustainable"
"letsgogardening.co.uk","the  potential  ","for"," "" transport"
"landforsale-investment.org.uk","from  concern  ","for"," ethics and law"
"landforsale-investment.org.uk","more  things  ","for"," yourselves,"
"royalpioneercorps.co.uk",". In  order  ","for"," us to provide a"
"royalpioneercorps.co.uk","with a  cost  ","for"," a cross"
"royalpioneercorps.co.uk","or two  days.  ","For"," less complex"
"royalpioneercorps.co.uk","needed, i.  e.  ","for"," lectures"
"royalpioneercorps.co.uk","  course  ","for"," yourself or"
"staff.ncl.ac.uk","to learn  Train  ","for"," your future or"
"staff.ncl.ac.uk","of  subjects  ","for"," your own"
"taxibus.org.uk",".  Reward  ","for"," making light"
"infopt.demon.co.uk"," ","for"," efficient"
"infopt.demon.co.uk","range of  sizes  ","for"," every"
"theobamber.co.uk","  programmes  ","for",""
"theobamber.co.uk","of 13.8  litres  ","for"," a high-rate"
"theobamber.co.uk","  charge  ","for"," the copying"
"nationaladoptionweek.org.uk","the  match  ","for"," the Cherry and"
"nationaladoptionweek.org.uk","under the  cosh  ","for"," long periods."
"nationaladoptionweek.org.uk","Irish  cover  ","for"," Mark Foster to"
"nationaladoptionweek.org.uk","Irish at  bay  ","for"," a time but"
"nationaladoptionweek.org.uk","  official  ","for"," Irish that"
"nationaladoptionweek.org.uk","pressure  kick  ","for"," what would"
"nationaladoptionweek.org.uk","win the  game  ","for"," them but"
"nationaladoptionweek.org.uk","penalty.  Fate  ","for"," once was on the"
"slough.gov.uk","with  animals  ","for"," a number of"
"slough.gov.uk","  Advantages  ","for"," our Customers"
"slough.gov.uk","and  quality  ","for"," our customers"
"evuk.co.uk","like  £10-£15  ","for"," either. We"
"birdinghawaii.co.uk","on. The  idea  ","for"," Partyforce"
"birdinghawaii.co.uk","party  wares  ","for"," the various"
"weddingguide.co.uk","  homeland  ","for"," exiled Poles."
"weddingguide.co.uk","  archives  ","for"," stories"
"weddingguide.co.uk","their  stories  ","for"," the"
"confetti.co.uk","  accessories  ","for"," casino"
"confetti.co.uk","resource  site  ","for"," party"
"confetti.co.uk","  products  ","for"," children."
"confetti.co.uk","you!  Ideal  ","for"," parties Bar O2"
"confetti.co.uk","our web  site  ","for"," full details"
"confetti.co.uk","the  candles  ","for"," the cake. Fast"
"confetti.co.uk","to buy on  line  ","for"," next day"
"confetti.co.uk","in the  base  ","for"," distribution"
"confetti.co.uk","  displayeds  ","for"," many years."
"confetti.co.uk","Party  kits  ","for"," children ''s"
"confetti.co.uk","  activities  ","for"," kids from 5"
"confetti.co.uk",".  Measure  ","for"," Measure - The"
"confetti.co.uk",", and  gifts  ","for"," children ''s"
"confetti.co.uk","UK.  Partyware  ","for"," children ''s"
"confetti.co.uk","  items  ","for"," use in the dark"
"confetti.co.uk","fun party  game  ","for"," all ages."
"confetti.co.uk","and  games  ","for"," all uses and"
"confetti.co.uk","and even  gifts  ","for"," friends! All"
"bodystressrelease.co.uk","the  Campaign  ","for"," Freedom of"
"bodystressrelease.co.uk",""" The  Campaign  ","for"," Freedom of"
"bodystressrelease.co.uk","The  Campaign  ","for"," Freedom of"
"golflinks.co.uk","  problem  ","for"," post"
"golflinks.co.uk","or  yogurts  ","for"," desserts"
"stopurban4x4s.org.uk","  point  ","for"," getting"
"stopurban4x4s.org.uk","clever  sister  ","for"," ideas...."
"stopurban4x4s.org.uk","a Meeting  Time  ","for"," informal"
"stopurban4x4s.org.uk","30, 2006  Prep  ","for",""
"stopurban4x4s.org.uk","  images  ","for"," the front page"
"stopurban4x4s.org.uk","  pages  ","for"," each of the key"
"stopurban4x4s.org.uk","Newsier  style  ","for"," news List of"
"stopurban4x4s.org.uk","  CommUnicate  ","for"," the better"
"stopurban4x4s.org.uk","  figures  ","for"," insite are"
"stopurban4x4s.org.uk","''re also  food  ","for"," thought. The"
"stopurban4x4s.org.uk","  descriptions  ","for"," (academic)"
"stopurban4x4s.org.uk","away  days  ","for"," senior"
"stopurban4x4s.org.uk","to email  round  ","for"," benchmark"
"stopurban4x4s.org.uk","  networking  ","for"," staff with"
"stopurban4x4s.org.uk","the  strapline  ","for"," internal"
"stopurban4x4s.org.uk","  system  ","for"," staff and"
"stopurban4x4s.org.uk","  Improvements  ","for"," the Future"
"geog.ox.ac.uk","  sources  ","for"," historians of"
"geog.ox.ac.uk","  permission  ","for"," the Institute"
"cleanersafergreener.gov.uk"," ","for"," learning and"
"cleanersafergreener.gov.uk","  adventure  ","for"," young people."
"cleanersafergreener.gov.uk","  terms  ","for"," ''reviewing ''"
"path.cam.ac.uk",". The  need  ","for"," a ''Muslim"
"path.cam.ac.uk","and  respect  ","for"," the"
"path.cam.ac.uk","of  sympathy  ","for"," what was"
"youclaim.co.uk","  sessions  ","for"," 5 - 17 years,"
"youclaim.co.uk","  opportunity  ","for"," young people"
"www-tus.csx.cam.ac.uk","  guidelines  ","for"," websites. It"
"www-tus.csx.cam.ac.uk","  solution  ","for"," people with"
"aeroflight.co.uk","out of  print  ","for"," a number of"
"aeroflight.co.uk","but  requests  ","for"," copies"
"aeroflight.co.uk","as a  topic  ","for",""
"aeroflight.co.uk","of  ''Education  ","for"," Mutual"
"aeroflight.co.uk","  respect  ","for"," the"
"aeroflight.co.uk","Catholic  case  ","for"," retaining"
"aeroflight.co.uk","  children  ","for"," the"
"aeroflight.co.uk"," ","for"," frequent"
"aeroflight.co.uk","  tendency  ","for"," some"
"aeroflight.co.uk","is the  norm  ","for"," all pupils in"
"aeroflight.co.uk","  quality  ","for"," Protestant"
"aeroflight.co.uk","  peculiarity  ","for"," their own"
"aeroflight.co.uk","to be a key  area  ","for"," further"
"aeroflight.co.uk","as a  euphemism  ","for"," a take-over of"
"aeroflight.co.uk","the  tendency  ","for"," Catholic"
"aeroflight.co.uk","  vehicles  ","for"," encouraging"
"aeroflight.co.uk","also a  matter  ","for",""
"aeroflight.co.uk","a  desire  ","for"," this."
"aeroflight.co.uk","there is a  case  ","for"," building on"
"aeroflight.co.uk","  initiative  ","for"," such a move"
"aeroflight.co.uk","the  need  ","for"," a more"
"aeroflight.co.uk"," ","for"," common"
"aeroflight.co.uk"," ","for"," action. The"
"aeroflight.co.uk","to all  members  ","for"," their time and"
"aeroflight.co.uk","  strategies  ","for"," examining and"
"aeroflight.co.uk","  concern  ","for"," the effects of"
"aeroflight.co.uk","and  support  ","for"," closer"
"aeroflight.co.uk","the  need  ","for"," help on two"
"aeroflight.co.uk",",  suggestions  ","for"," action,"
"aeroflight.co.uk"," ","for"," the"
"aeroflight.co.uk","  springboard  ","for"," examining"
"aeroflight.co.uk","area  boards  ","for"," the exclusive"
"aeroflight.co.uk","and  expertise  ","for"," the project"
"ownersdirect.co.uk","of  concepts  ","for"," thinking"
"ownersdirect.co.uk","  referent  ","for","? P '' which fits"
"ownersdirect.co.uk","of  candidates  ","for"," the material"
"ownersdirect.co.uk","  enthusiasm  ","for",""
"omni.ac.uk","-  Information  ","for"," current staff"
"omni.ac.uk","Fax  number  ","for"," the"
"omni.ac.uk",".  Information  ","for"," current staff"
"omni.ac.uk","  information  ","for"," current"
"omni.ac.uk","  Vacancies  ","for"," academic"
"omni.ac.uk"," ","for"," science and"
"omni.ac.uk","Phone  numbers  ","for"," the"
"gerty.ncl.ac.uk"," ","for"," British"
"gerty.ncl.ac.uk","a good pet  name  ","for"," the Awards; if"
"gerty.ncl.ac.uk","getting  OW  ","for",". This is a"
"gerty.ncl.ac.uk","  emphasis  ","for"," US readers."
"gerty.ncl.ac.uk","a SF  fanzine  ","for"," the Cleveland"
"channings.co.uk","CDs cost  £45  ","for"," one album, it"
"channings.co.uk","be no  excuse  ","for"," failure. Good"
"britishblogs.co.uk","jobs  database  ","for"," current"
"whistler.arts.gla.ac.uk","  technologies  ","for"," drilling and"
"whistler.arts.gla.ac.uk","our  criteria  ","for"," ruggedness or"
"whistler.arts.gla.ac.uk","the right  tool  ","for"," the job to"
"whistler.arts.gla.ac.uk","and  equipment  ","for"," increasing"
"whistler.arts.gla.ac.uk","riser  systems  ","for"," both drilling"
"whistler.arts.gla.ac.uk"," ","for"," any deepwater"
"whistler.arts.gla.ac.uk","of  risers  ","for"," deep,"
"whistler.arts.gla.ac.uk","  equipment  ","for"," completion"
"whistler.arts.gla.ac.uk","the  need  ","for",""
"whistler.arts.gla.ac.uk"," ","for"," each person ''s"
"whistler.arts.gla.ac.uk","the  reasons  ","for"," our success."
"fontoon.co.uk","is a  precedent  ","for"," it, so obvious"
"fontoon.co.uk","obvious  forum  ","for"," such"
"fontoon.co.uk","Blair ''s  idea  ","for"," a victory"
"fontoon.co.uk","[  ''Funds  ","for"," the payments"
"fontoon.co.uk","''s  reputation  ","for"," financial"
"fontoon.co.uk","  disincentive  ","for"," American"
"fontoon.co.uk","  reception  ","for"," the INC -"
"fontoon.co.uk","of  praise  ","for"," President"
"fontoon.co.uk","of the  Oil  ","For"," Food scam"
"fontoon.co.uk","  formula  ","for"," illegal"
"fontoon.co.uk",", and  ''Oil  ","for"," Food '', which"
"fontoon.co.uk","'' and  ''Oil  ","for"," Food '' have"
"fontoon.co.uk","of keeping  Oil  ","for"," Food until"
"fontoon.co.uk","writer  calls  ","for",""
"fontoon.co.uk","  Hashemites  ","for"," all the"
"fontoon.co.uk","of  return  ","for"," refugees - for"
"fontoon.co.uk","exiles  rally  ","for"," regime change"
"fontoon.co.uk","and the  need  ","for"," anonymity ["
"fontoon.co.uk","''s  reward  ","for"," supporting"
"fontoon.co.uk","denies  plans  ","for"," long-term"
"fontoon.co.uk","  explanation  ","for"," why U. S."
"westyorkshire.police.uk","major  defence  ","for"," centuries."
"westyorkshire.police.uk","  Thrond  ","for"," the thrones of"
"westyorkshire.police.uk","mugs  people  ","for"," their money."
"westyorkshire.police.uk"," ","for"," taking part in"
"soup.co.uk","  travel  ","for"," a maximum"
"soup.co.uk","be a  matter  ","for"," written"
"soup.co.uk","more than  £40  ","for"," its use or"
"soup.co.uk","  agreement  ","for"," periods"
"a3music.co.uk","  information  ","for"," anyone who has"
"a3music.co.uk"," ","for"," developing"
"a3music.co.uk","is a  must-have  ","for"," managers, HR"
"a3music.co.uk","  source  ","for"," any manager. ?"
"archaeology.co.uk","''s  liability  ","for"," death or"
"archaeology.co.uk",".  Requests  ","for"," such approval"
"archaeology.co.uk"," ","for"," any loss,"
"archaeology.co.uk","the CABE  group  ","for"," the purposes"
"liverpool.freeexchange.co.uk","  information  ","for"," this article."
"liverpool.freeexchange.co.uk","kept  birds  ","for"," 22years of"
"liverpool.freeexchange.co.uk","4  Glosters  ","for"," a pair of Heck"
"liverpool.freeexchange.co.uk","  target  ","for"," exhibition"
"liverpool.freeexchange.co.uk",". The  targets  ","for"," the next"
"liverpool.freeexchange.co.uk","  result  ","for"," myself and the"
"liverpool.freeexchange.co.uk"," ","for"," the Supreme"
"liverpool.freeexchange.co.uk","the  birds  ","for"," worms,"
"liverpool.freeexchange.co.uk","  treatment  ","for"," Worms and"
"liverpool.freeexchange.co.uk","  clubs  ","for"," meeting"
"liverpool.freeexchange.co.uk","an  article  ","for"," this page,"
"woodforde.co.uk","Cards - 10  tips  ","for"," those needing"
"woodforde.co.uk","  demand  ","for"," interpreters"
"woodforde.co.uk","some  pointers  ","for"," first time"
"woodforde.co.uk","Best  Practice  ","for"," Translators"
"woodforde.co.uk","?  Excuses  ","for"," not using a"
"cwn.org.uk",", carpets  etc  ","for"," a quick clean &"
"cwn.org.uk","and  injuries  ","for"," life. This"
"cwn.org.uk","  website  ","for"," pets. The"
"cwn.org.uk","4  Joints  ","for"," cats and small"
"cwn.org.uk","Plus  tablets  ","for"," dog and cats"
"cwn.org.uk","  ingredients  ","for"," the"
"cwn.org.uk","the  surface  ","for"," easy pick -up."
"cwn.org.uk","  treatment  ","for"," indoor and"
"cwn.org.uk","  action  ","for"," tackling"
"cwn.org.uk","messy  cause  ","for"," concern in"
"cwn.org.uk","  spray  ","for"," house"
"cwn.org.uk","ear  drops  ","for"," dogs & cats is a"
"cwn.org.uk","sun  block  ","for"," Cats & Dogs"
"cwn.org.uk","sun  block  ","for"," cats & dogs"
"cwn.org.uk","eye  lubricant  ","for"," animals,"
"cwn.org.uk","drinks  cans  ","for"," collection"
"cwn.org.uk","  wall  ","for"," ease of use at"
"cwn.org.uk","the  bulk  ","for"," cheaper,"
"cwn.org.uk","  collection  ","for"," subsequent"
"cwn.org.uk","  boxes  ","for"," tins and cans"
"cwn.org.uk","made more  fun  ","for"," all the family"
"cwn.org.uk","the  bulk  ","for"," cheaper,"
"cwn.org.uk","  collection  ","for"," subsequent"
"rcpsglasg.ac.uk","  arboviruses  ","for"," which a"
"rcpsglasg.ac.uk","  immunity  ","for"," ten years. For"
"rcpsglasg.ac.uk","  treatment  ","for"," TBE."
"rcpsglasg.ac.uk","in their  blood  ","for"," a few days. The"
"rcpsglasg.ac.uk","  treatment  ","for"," West Nile"
"rcpsglasg.ac.uk","  protection  ","for"," the amount of"
"missiedith.bentbacktulips.co.uk","on the zip  icon  ","for"," the size"
"missiedith.bentbacktulips.co.uk","  Instructions  ","for"," installing"
"paulsmith.co.uk","  standard  ","for"," organic meat,"
"localhistory.scit.wlv.ac.uk","20021130  ***  ","For"," details on how"
"localhistory.scit.wlv.ac.uk","the  petition  ","for"," the following"
"localhistory.scit.wlv.ac.uk","  advantage  ","for"," the depositer"
"localhistory.scit.wlv.ac.uk","are  results  ","for"," which they are"
"ookami.co.uk","on  couch  ","for"," lu news. jpg """
"ookami.co.uk","""  Infolab21  ","for"," lunews. jpg """
"ookami.co.uk","''s  vision  ","for"," artificial"
"ookami.co.uk","  research  ","for"," lu news. jpg """
"ookami.co.uk","is a  gift  ","for"," Britain ''s"
"ookami.co.uk","  system  ","for"," Personal"
"ookami.co.uk","  reputation  ","for"," worker"
"ookami.co.uk","summer  school  ","for"," 46 year 10"
"ookami.co.uk","  grants  ","for"," Lancaster"
"schoolshistory.org.uk","a  standstill  ","for"," large parts of"
"schoolshistory.org.uk","  archives  ","for"," April, 2006."
"psalmody.co.uk","  hypocentres  ","for"," more than one"
"psalmody.co.uk","  residuals  ","for"," many events"
"psalmody.co.uk","page.  Search  ","for"," a New Director"
"psalmody.co.uk","  analysis  ","for"," a month is done"
"psalmody.co.uk",". The  files  ","for"," January to"
"psalmody.co.uk","  segments  ","for"," events of"
"psalmody.co.uk","  requests  ","for"," data for other"
"psalmody.co.uk","for  data  ","for"," other events"
"psalmody.co.uk","  format  ","for"," each data"
"psalmody.co.uk","  requests  ","for"," waveform data"
"psalmody.co.uk","  hypocentres  ","for"," more"
"psalmody.co.uk","  Results  ","For"," the past 4"
"psalmody.co.uk","  area  ","for"," development."
"psalmody.co.uk","  area  ","for"," improvement."
"psalmody.co.uk","popular  area  ","for"," improving the"
"psalmody.co.uk","greatest  need  ","for"," it,"
"esbhhealth.nhs.uk","to  klocky  ","for","..."
"esbhhealth.nhs.uk","Brother  house  ","for"," breaking"
"mybrightonandhove.org.uk",". Click the  map  ","for"," regional"
"mybrightonandhove.org.uk",". Click the  map  ","for"," regional"
"mybrightonandhove.org.uk",". Click the  map  ","for"," regional"
"mybrightonandhove.org.uk",". Click the  map  ","for"," regional"
"mybrightonandhove.org.uk",". Click the  map  ","for"," regional"
"mybrightonandhove.org.uk","Click the  map  ","for"," regional"
"mybrightonandhove.org.uk",". Click the  map  ","for"," regional"
"mybrightonandhove.org.uk",". Click the  map  ","for"," regional"
"mybrightonandhove.org.uk",". Click the  map  ","for"," regional"
"mybrightonandhove.org.uk",". Click the  map  ","for"," regional"
"mybrightonandhove.org.uk",". Click the  map  ","for"," regional"
"mybrightonandhove.org.uk",". Click the  map  ","for"," regional"
"mybrightonandhove.org.uk",". Click the  map  ","for"," regional"
"artshole.co.uk","  resources  ","for"," both the bfi"
"chiswickchoir.org.uk","  version  ","for"," 1996-97 only)"
"chiswickchoir.org.uk","  campaigning  ","for"," the"
"hulltrains.co.uk","  Strategies  ","for"," improving the"
"hulltrains.co.uk"," ","for"," the quality of"
"hulltrains.co.uk","action  points  ","for"," herself. Top"
"hulltrains.co.uk","a  climate  ","for"," good review"
"hulltrains.co.uk","be the best  way  ","for"," each and every"
"hulltrains.co.uk"," ","for",""
"hulltrains.co.uk"," ","for"," leading a"
"leyman.demon.co.uk","  tickets  ","for"," wheelchair"
"buchanie.co.uk","the  criteria  ","for"," admission,"
"buchanie.co.uk","  standards  ","for"," professional"
"buchanie.co.uk","  support  ","for"," individuals."
"comp.glam.ac.uk",". With  seating  ","for"," only 100"
"comp.glam.ac.uk","the Nova  award  ","for"," Maya. I feel"
"comp.glam.ac.uk","  process  ","for"," adjudging the"
"comp.glam.ac.uk","issues.  Venue  ","for"," Novacon 6 had"
"comp.glam.ac.uk","address  list  ","for"," SF/ Fantasy"
"comp.glam.ac.uk","British  agent  ","for"," the 77"
"comp.glam.ac.uk","British  bid  ","for"," 79 should"
"comp.glam.ac.uk","as the  sight  ","for"," the 79"
"comp.glam.ac.uk","''s front  cover  ","for"," the next issue"
"comp.glam.ac.uk","little  space  ","for"," his own"
"comp.glam.ac.uk","  regard  ","for"," the realities"
"connectpa.co.uk","the  reserve  ","for"," a week or so."
"connectpa.co.uk"," ","for"," the"
"connectpa.co.uk","the  team  ","for"," the second"
"connectpa.co.uk","on the  project  ","for"," many years"
"howitis.org.uk","and the  search  ","for"," more space to"
"lse.co.uk","  treat  ","for"," your dog. A"
"lse.co.uk","seven  days  ","for"," delivery."
"lse.co.uk","get  requests  ","for"," the poi dog"
"lse.co.uk","  flavouring  ","for"," licorice"
"lse.co.uk","as ""  catnip  ","for"," dogs. """
"lse.co.uk","miles (5  miles  ","for"," 1st season"
"lse.co.uk","(the ""  catnip  ","for"," dogs "") and"
"lse.co.uk","  meal  ","for"," dogs. This was"
"jmr.nmm.ac.uk",") of my  soul  ","for"," some funding,"
"jmr.nmm.ac.uk","  holidays  ","for"," European"
"nyb.org.uk","  guidance  ","for"," local"
"nyb.org.uk","  preparations  ","for"," the euro."
"assemblyrooms.org.uk","  electricity  ","for"," locating"
"assemblyrooms.org.uk","large  mouths  ","for"," knife fish and"
"sedayne.co.uk","  metabolites  ","for"," consumer"
"a-day-in-the-life.powys.org.uk","the cinema  ad  ","for"," The Godfather"
"a-day-in-the-life.powys.org.uk","  circuits  ","for"," interpreting"
"proquest.co.uk","energy  source  ","for"," the Earth,"
"mandarina.co.uk","archive  pages  ","for"," links to all of"
"mandarina.co.uk","an  article  ","for"," our site. The"
"mandarina.co.uk",".  Telly  ","for"," teachers By"
"mandarina.co.uk","our  teachers  ","for"," a"
"apolloflow.co.uk","buying  toys  ","for"," clients"
"apolloflow.co.uk","  toys  ","for"," investment is"
"apolloflow.co.uk","of  schemes  ","for"," potential"
"apolloflow.co.uk","  investment  ","for"," his"
"learningtogether.co.uk","  Architect  ","for"," the power"
"learningtogether.co.uk","as big an  issue  ","for"," end users as"
"learningtogether.co.uk","  services  ","for"," end users, """
"learningtogether.co.uk","  vendors  ","for",""
"learningtogether.co.uk","key. This  need  ","for"," multiple"
"ml-consult.co.uk","the  ground  ","for"," landing areas"
"ml-consult.co.uk","  negotiations  ","for"," the purchase"
"ml-consult.co.uk","two  years  ","for"," it to be"
"ml-consult.co.uk","  gunners  ","for"," Nos 15 and 40"
"ml-consult.co.uk","  needs  ","for"," test pilots in"
"cssplay.co.uk","make a  dash  ","for"," it some time? """
"cssplay.co.uk",": the  chance  ","for"," the dash did"
"cssplay.co.uk","it ''s of no  use  ","for"," him to kick and"
"payaway.co.uk","clear  reasons  ","for"," existing. The"
"payaway.co.uk","and  guidance  ","for"," visitors to"
"payaway.co.uk","enough  draw  ","for"," visitors ""."
"payaway.co.uk",". co.  uk/  ","for"," another sorry"
"payaway.co.uk","  Advocates  ","for"," Animals and"
"payaway.co.uk","closed  system  ","for"," the funicular"
"diydoctor.org.uk","issue,  £2.70  ","for"," 4 issues, £17"
"diydoctor.org.uk","26 issues,  £32  ","for"," 52 issues ("
"diydoctor.org.uk","  stock  ","for"," over 100 years"
"diydoctor.org.uk","a  programme  ","for"," the economy"
"diydoctor.org.uk","the  direction  ","for"," the economy."
"diydoctor.org.uk","of  support  ","for"," an important"
"diydoctor.org.uk","trailer  cars  ","for"," the Jubilee"
"diydoctor.org.uk","well the  need  ","for"," regime change"
"diydoctor.org.uk",", two  trailers  ","for"," producing"
"diydoctor.org.uk","hydrogen  gas  ","for"," artillery"
"diydoctor.org.uk","about the  need  ","for"," oil and the"
"diydoctor.org.uk","  struggle  ","for"," freedom,"
"diydoctor.org.uk",". Our  support  ","for"," this"
"diydoctor.org.uk","a cover  story  ","for"," the New"
"diydoctor.org.uk","of  reports  ","for"," the Christian"
"diydoctor.org.uk","into his  arms  ","for"," the cameras."
"music.ed.ac.uk","''Swipe ''  cards  ","for"," cash or cheque"
"voice-online.co.uk","Models of  care  ","for"," the treatment"
"voice-online.co.uk","  standards  ","for"," patient and"
"voice-online.co.uk","a  timetable  ","for",""
"voice-online.co.uk","  strategy  ","for"," involving"
"voice-online.co.uk"," ","for"," people who use"
"voice-online.co.uk","  standards  ","for"," drug and"
"voice-online.co.uk",",  advocate  ","for"," better"
"voice-online.co.uk","and  support  ","for"," drug users and"
"voice-online.co.uk","  groups  ","for"," drug users is"
"voice-online.co.uk","  network  ","for"," people trying"
"voice-online.co.uk","plan  respect  ","for"," privacy,"
"voice-online.co.uk","  referral  ","for"," a second"
"voice-online.co.uk","and  care  ","for"," drug misusers"
"voice-online.co.uk",":  guidance  ","for"," health"
"youngresources.co.uk","  platforms  ","for"," their work."
"youngresources.co.uk","  reputation  ","for"," their work on"
"youngresources.co.uk","  systems  ","for"," control."
"youngresources.co.uk","and  workshops  ","for"," each of the"
"youngresources.co.uk","  sessions  ","for"," computer"
"youngresources.co.uk","  systems  ","for"," use in other"
"youngresources.co.uk","and  projects  ","for"," Erasmus"
"youngresources.co.uk","7  students  ","for"," 10 weeks"
"youngresources.co.uk","  tools  ","for"," users of the"
"youngresources.co.uk","of  activity  ","for"," the Centre are"
"philobiblon.co.uk","''s  history  ","for"," the book, and"
"philobiblon.co.uk","finds an  end  ","for"," authors and"
"philobiblon.co.uk","was in  service  ","for"," a quarter of a"
"philobiblon.co.uk","  memorabilia  ","for"," the book? I do"
"philobiblon.co.uk","their  passion  ","for"," Olympic, so"
"philobiblon.co.uk","  information  ","for"," your book?"
"scope.nottingham.ac.uk","  Measures  ","for"," the Aquatic"
"scope.nottingham.ac.uk","over a  link  ","for"," more detail"
"freenetpages.co.uk","the  practice  ","for"," those who"
"freenetpages.co.uk","great  respect  ","for"," their"
"freenetpages.co.uk","  passage  ","for"," a short time."
"freenetpages.co.uk","up ""  programme  ","for"," recently"
"freenetpages.co.uk","their  hunt  ","for"," the police."
"freenetpages.co.uk",", the  reason  ","for"," Thomson ''s"
"freenetpages.co.uk","out a  picquet  ","for"," PARIS PLAGE,"
"freenetpages.co.uk","the  trial  ","for"," mutiny of one"
"freenetpages.co.uk","  ammunition  ","for"," their"
"freenetpages.co.uk","... The  guard  ","for"," the bridge"
"freenetpages.co.uk","on  hand  ","for"," a further two"
"freenetpages.co.uk","and a  search  ","for"," recreation"
"freenetpages.co.uk","  vehicles  ","for"," joyriding"
"freenetpages.co.uk","  claims  ","for"," compensation"
"freenetpages.co.uk","in the  army  ","for"," eight years"
"freenetpages.co.uk","  support  ","for"," the mutineers"
"freenetpages.co.uk","are  grounds  ","for"," maintaining"
"musica.co.uk","be a  payback  ","for"," sucking me"
"musica.co.uk","? And  thanks  ","for"," the"
"stmarylebow.co.uk","Type a  message  ","for"," him to speak,"
"uktvfood.co.uk","a  body  ","for"," the Christ,"
"vacant.org.uk","  strategies  ","for"," developing"
"vacant.org.uk","greater  voice  ","for"," students in"
"vacant.org.uk","  Options  ","for"," the future"
"vacant.org.uk","02  Proposals  ","for"," new ways of"
"vacant.org.uk","  Proposals  ","for"," a new"
"vacant.org.uk","  research  ","for"," the benefit of"
"vacant.org.uk","02 More  money  ","for"," Scottish"
"vacant.org.uk","total of  £724M  ","for"," teaching and"
"vacant.org.uk","  £528M  ","for"," teaching,"
"vacant.org.uk",",  £180M  ","for"," research, and"
"darkstar1.co.uk","be  backdrop  ","for"," the late 80s"
"darkstar1.co.uk","d aussie  trip  ","for"," sept. Got a bit"
"darkstar1.co.uk","'' a great  day  ","for"," London, even"
"thurrock.gov.uk","important  way  ","for"," students to"
"thurrock.gov.uk","  interviews  ","for"," work"
"thurrock.gov.uk","get a  feeling  ","for"," whether or not"
"thurrock.gov.uk","  programmes  ","for"," students with"
"thurrock.gov.uk","  facilities  ","for"," both"
"waysidecommunity.org.uk"," ","for"," sharing"
"waysidecommunity.org.uk","a  registry  ","for"," all possible"
"waysidecommunity.org.uk",". The  purpose  ","for"," the group was"
"waysidecommunity.org.uk",", and the  scope  ","for"," the group was"
"waysidecommunity.org.uk","[ 5 ]  schema  ","for"," service"
"waysidecommunity.org.uk",". The  catalyst  ","for"," the registry"
"waysidecommunity.org.uk","  need  ","for"," finding"
"waysidecommunity.org.uk","an SRU  service  ","for"," searching the"
"waysidecommunity.org.uk"," ","for"," UK e-Science"
"waysidecommunity.org.uk","a good  forum  ","for"," discussing"
"waysidecommunity.org.uk","  headings  ","for"," the purposes"
"waysidecommunity.org.uk","a cost  benefit  ","for"," creating a DSR"
"waysidecommunity.org.uk","''  metadata  ","for"," sharing with"
"waysidecommunity.org.uk","  extensions  ","for"," specific user"
"waysidecommunity.org.uk","Is there a  role  ","for"," ebXML ("
"waysidecommunity.org.uk","  model  ","for"," service"
"waysidecommunity.org.uk","  delegates  ","for",""
"beeinvited.co.uk","-  courses  ","for"," managers and"
"beeinvited.co.uk","  flexibility  ","for"," managers and"
"beeinvited.co.uk","variable  need  ","for"," space. Maybe"
"beeinvited.co.uk","a  consensus  ","for"," innovation"
"persephonebooks.co.uk","in  return  ","for"," correct"
"natcorp.ox.ac.uk","  reward  ","for"," their"
"natcorp.ox.ac.uk","UK art  market  ","for"," the"
"natcorp.ox.ac.uk","a just  reward  ","for"," living"
"nasuwt.org.uk","help them  plan  ","for"," their future."
"nasuwt.org.uk","  programme  ","for"," Pensions -"
"nasuwt.org.uk",".  Department  ","for"," Work and"
"nasuwt.org.uk","  prospects  ","for"," young people"
"nasuwt.org.uk"," ","for"," productive,"
"nasuwt.org.uk","  penalties  ","for"," colleges"
"nasuwt.org.uk","  resources  ","for"," the front line"
"nasuwt.org.uk","the  need  ","for"," higher"
"nasuwt.org.uk","  delivery  ","for"," both"
"nasuwt.org.uk","of  agenda  ","for"," change and we"
"nasuwt.org.uk","the  need  ","for"," companies to"
"nasuwt.org.uk","fined  £20,000  ","for"," each breach,"
"nasuwt.org.uk","truancy  sweep  ","for"," West"
"nasuwt.org.uk","  children  ","for"," employment"
"nasuwt.org.uk","six times a  day  ","for"," two days (for"
"nasuwt.org.uk"," ","for"," driving"
"nasuwt.org.uk","the  challenge  ","for"," those of us in"
"nasuwt.org.uk","  centre  ","for"," the study of"
"nasuwt.org.uk","a  platform  ","for"," exploring"
"nasuwt.org.uk","and the  need  ","for"," change in the"
"nasuwt.org.uk","Pensions  test  ","for"," Turner -"
"nasuwt.org.uk","tax  breaks  ","for"," the well off?"
"nasuwt.org.uk","gender pay  gap  ","for"," full time"
"nasuwt.org.uk","  scope  ","for"," further"
"nasuwt.org.uk","high  reward  ","for"," high"
"nasuwt.org.uk","the  need  ","for"," much greater"
"nasuwt.org.uk","a strong  case  ","for"," taking a"
"nasuwt.org.uk","  information  ","for"," anyone who has"
"nasuwt.org.uk"," ","for"," developing"
"practicalpc.co.uk","secure  place  ","for"," your cat to"
"practicalpc.co.uk",". A cosy  catbed  ","for"," cats who like a"
"practicalpc.co.uk",". Ideal  size  ","for"," one large cat"
"practicalpc.co.uk","cosy  retreat  ","for"," your cat. The"
"practicalpc.co.uk","in  luxury  ","for"," your cat. This"
"practicalpc.co.uk","free  place  ","for"," your cat to"
"practicalpc.co.uk","the  option  ","for"," your cat to"
"practicalpc.co.uk","shopping  work  ","for"," you by"
"practicalpc.co.uk","ideal den  bed  ","for"," cats and small"
"practicalpc.co.uk","  bed  ","for"," your cat to"
"practicalpc.co.uk","sloping  curve  ","for"," your cat to get"
"practicalpc.co.uk","in  comfort  ","for"," your cat. This"
"practicalpc.co.uk","is THE  place  ","for"," your cat to"
"practicalpc.co.uk","popular  bed  ","for"," cats is the"
"practicalpc.co.uk","as a cozy  den  ","for"," cats to burrow"
"practicalpc.co.uk","popular  bed  ","for"," small dogs is"
"practicalpc.co.uk","as a cozy  den  ","for"," cats to burrow"
"practicalpc.co.uk","  Cushions  ","for"," your Cat Our"
"practicalpc.co.uk","  bed  ","for"," your cat. It"
"practicalpc.co.uk","with  fleece  ","for"," warmth on one"
"practicalpc.co.uk","and cosy  place  ","for"," your cat sleep"
"practicalpc.co.uk","and  ideal  ","for"," all pets. It"
"practicalpc.co.uk","thermal  bed  ","for"," cats and dogs,"
"practicalpc.co.uk","  environment  ","for"," healthy"
"practicalpc.co.uk",", carpets  etc  ","for"," a quick clean &"
"practicalpc.co.uk","gentle  warmth  ","for"," your dogs and"
"practicalpc.co.uk","  regulations  ","for"," electrical"
"practicalpc.co.uk","gentle  warmth  ","for"," your dogs and"
"practicalpc.co.uk","  regulations  ","for"," electrical"
"practicalpc.co.uk","animal  warmth  ","for"," those long"
"practicalpc.co.uk","  instructions  ","for"," use supplied."
"practicalpc.co.uk","  oven  ","for"," a few minutes."
"ukjournalism.co.uk","evidence  base  ","for"," primary care"
"ukjournalism.co.uk","the  outcomes  ","for"," patients"
"bowness.demon.co.uk","and  packaging  ","for"," orders over"
"selectideas.co.uk","has  time  ","for"," the ways and"
"selectideas.co.uk","  explanations  ","for"," what they had"
"davidcheethamgardens.co.uk","  search  ","for"," news from this"
"davidcheethamgardens.co.uk",": call for  bids  ","for"," Connected"
"davidcheethamgardens.co.uk","  proposals  ","for"," a link road"
"davidcheethamgardens.co.uk","  works  ","for"," Midlands"
"davidcheethamgardens.co.uk","rich  rewards  ","for"," a Stourbridge"
"davidcheethamgardens.co.uk","  strategies  ","for"," local"
"davidcheethamgardens.co.uk","  today  ","for"," the"
"davidcheethamgardens.co.uk","  clothing  ","for"," children with"
"davidcheethamgardens.co.uk","top  honours  ","for"," their export"
"davidcheethamgardens.co.uk","extra  time  ","for"," their"
"davidcheethamgardens.co.uk","home to  horses  ","for"," hundreds of"
"davidcheethamgardens.co.uk","  backdrop  ","for"," a new"
"davidcheethamgardens.co.uk","a cosy  habitat  ","for"," local bats!"
"davidcheethamgardens.co.uk"," ","for"," the new East"
"davidcheethamgardens.co.uk","and  support  ","for"," accessing"
"pocketgps.co.uk","with  presents  ","for"," the King, a jar"
"pocketgps.co.uk","in  dreamland  ","For"," it was the only"
"pocketgps.co.uk","the only  place  ","for"," us to be. It"
"pocketgps.co.uk","the last  ferry  ","for"," Christmas"
"pocketgps.co.uk","and  nature  ","for"," its purity."
"pocketgps.co.uk","on the  porch  ","for"," several"
"pocketgps.co.uk","of the  Peace  ","for"," the City of"
"pocketgps.co.uk","to  re-light  ","for"," her. Louise"
"pocketgps.co.uk","no Gaelic  word  ","for"," hops, heather"
"pocketgps.co.uk","family  recipe  ","for"," "" Leann"
"pocketgps.co.uk","his late  wife  ","for"," the better"
"pocketgps.co.uk","his  pocket  ","for"," his keys. "" Do"
"pocketgps.co.uk","the  country  ","for"," a while on"
"pocketgps.co.uk","his  eyes  ","for"," clues, saw"
"pocketgps.co.uk","  preparation  ","for"," shooting the"
"pocketgps.co.uk","a perfect  job  ","for"," a writer"
"pocketgps.co.uk","  scripts  ","for"," a producer she"
"pocketgps.co.uk","  respect  ","for"," someone who"
"pocketgps.co.uk","real  empathy  ","for"," the maitre d ''s"
"pocketgps.co.uk",". If  seating  ","for"," a television"
"pocketgps.co.uk","  refreshments  ","for"," anyone."
"ewradio.co.uk","chamber  music  ","for"," a small number"
"ewradio.co.uk","  foundation  ","for"," a degree of"
"ewradio.co.uk","two  sonatas  ","for"," Cello and"
"ewradio.co.uk","- to  download  ","for"," listening MP3"
"ewradio.co.uk","- to  download  ","for"," listening"
"ewradio.co.uk","sheet  music  ","for"," the slow"
"ewradio.co.uk","  parts  ","for"," the first time"
"ewradio.co.uk","lots of  works  ","for"," String"
"ewradio.co.uk",".  Minuet  ","for"," original"
"ewradio.co.uk","original  form  ","for"," string"
"ewradio.co.uk","  movement  ","for"," various"
"ewradio.co.uk","smaller  works  ","for"," the piano and"
"ewradio.co.uk","  pieces  ","for"," piano"
"ewradio.co.uk","of other  works  ","for"," violin and"
"ewradio.co.uk","piano  music  ","for"," children: The"
"ewradio.co.uk","  collections  ","for"," or associated"
"ewradio.co.uk","his  affinity  ","for"," children and"
"ewradio.co.uk","No. 18  Music  ","for"," Recorder: The"
"ewradio.co.uk","  catalogue  ","for"," recorder"
"ewradio.co.uk","  versions  ","for"," download:"
"ewradio.co.uk","an ideal  gift  ","for"," anyone"
"london-culture.co.uk","500  domains  ","for"," a wide variety"
"london-culture.co.uk","of  guides  ","for"," Freeserve ''s"
"london-culture.co.uk","  advice  ","for"," the Marketing"
"london-culture.co.uk","  magazines  ","for"," people who"
"london-culture.co.uk","great  content  ","for"," their small"
"london-culture.co.uk","this web  site  ","for"," details. The"
"furthermore.org.uk","  order  ","for"," ease of use."
"furthermore.org.uk","  regimen  ","for"," a country. The"
"moorlandschool.co.uk","a blanat  plug  ","for"," your company"
"autumnidealhomeshow.co.uk","other  lures  ","for"," early traders"
"autumnidealhomeshow.co.uk","  fascination  ","for"," many of the"
"longwalls.ncl.ac.uk","a  nomination  ","for"," ''Best Comedy"
"longwalls.ncl.ac.uk","his own  name  ","for"," the first time"
"bcentral.co.uk","  system  ","for"," editing the"
"bcentral.co.uk","the best  tool  ","for"," presenting"
"bcentral.co.uk","a  system  ","for"," ISC"
"bcentral.co.uk","a  program  ","for",""
"bcentral.co.uk","  locations  ","for"," the Bulletin,"
"bcentral.co.uk","  earthquakes  ","for"," 1997-1998, so"
"bcentral.co.uk","the last  data  ","for"," each issue,"
"bcentral.co.uk","taken  place  ","for"," many years, as"
"bcentral.co.uk","on, shallow  m  ","For"," earthquakes"
"bcentral.co.uk","  readings  ","for"," small,"
"bcentral.co.uk","  readings  ","for"," 30 % or more of"
"portfolio.mvm.ed.ac.uk","  scope  ","for"," additional"
"portfolio.mvm.ed.ac.uk","  matters  ","for"," the reader."
"portfolio.mvm.ed.ac.uk"," ","for"," errors in all"
"candlemaking.org.uk","sleeping  bags  ","for"," instance. If"
"candlemaking.org.uk","swap your  fags  ","for"," herbal ones."
"candlemaking.org.uk","a  stranger  ","for"," change, but if"
"fdean.gov.uk","A good  knot  ","for"," joining"
"fdean.gov.uk","is a good  knot  ","for"," joining"
"fdean.gov.uk","  knot  ","for"," joining two"
"fdean.gov.uk","very good  knot  ","for"," making a loop"
"fdean.gov.uk","  knot  ","for"," attaching a"
"library.nhs.uk","  public  ","for"," a cleaner"
"library.nhs.uk","primary  tool  ","for",""
"library.nhs.uk","  account  ","for"," a larger"
"library.nhs.uk","  methodology  ","for"," estimating"
"galensgarden.co.uk","A concert  film  ","for"," people who do"
"spitfiresociety.demon.co.uk","  level  ","for"," what should be"
"haileybury.herts.sch.uk","? A new  report  ","for"," the UK"
"haileybury.herts.sch.uk","not two (i.  e.  ","for"," home and work)"
"haileybury.herts.sch.uk","enhanced  role  ","for"," market towns"
"haileybury.herts.sch.uk","  suggestions  ","for"," public policy"
"haileybury.herts.sch.uk","  reading  ","for"," anyone"
"aimhigher.ac.uk","  campaigns  ","for"," the widest"
"aimhigher.ac.uk","  discussion  ","for"," the wider"
"aimhigher.ac.uk","  material  ","for"," it; If you join"
"met.police.uk","of  courses  ","for"," those"
"met.police.uk","action  plans  ","for",""
"met.police.uk",". The  reports  ","for"," 2003-04 and"
"met.police.uk","The  report  ","for"," 2005-06 is"
"met.police.uk","  figures  ","for"," the number of"
"nationalarchives.gov.uk","of  orders  ","for"," Goods and/ or"
"nationalarchives.gov.uk","  capacity  ","for"," the Seller so"
"nationalarchives.gov.uk","or any  claim  ","for"," the same. The"
"nationalarchives.gov.uk","of any  goods  ","for"," which payment"
"fastcart.co.uk","  offer  ","for"," owners of"
"fastcart.co.uk","starter  kit  ","for"," any music"
"fastcart.co.uk","  instruments  ","for"," music"
"fastcart.co.uk","of  options  ","for"," tracking and"
"ouabc.co.uk","a major  source  ","for"," weapons for"
"ouabc.co.uk","for  weapons  ","for"," Iraq. In the"
"ouabc.co.uk","the  people  ","for"," their"
"ouabc.co.uk",". In  order  ","for"," us to be the"
"ouabc.co.uk","  excuse  ","for"," laziness."
"ouabc.co.uk",". God ''s  vision  ","for"," us has not"
"ouabc.co.uk"," ","for"," us to express"
"congressfordemocracy.org.uk","  environment  ","for"," this sort of"
"congressfordemocracy.org.uk",". It ''s an  album  ","for"," consulting"
"congressfordemocracy.org.uk","  soundscape  ","for"," your mind to"
"congressfordemocracy.org.uk","my  love  ","for"," this album is"
"bodystressrelease.co.uk","their  product  ","for"," free. Rep 1"
"bures-online.co.uk","other  trusts  ","for"," elective"
"bures-online.co.uk","  tariff  ","for"," each"
"bures-online.co.uk","  incentive  ","for"," primary care"
"bures-online.co.uk","The  challenge  ","for",""
"bures-online.co.uk","  services  ","for"," older people."
"coastdigital.co.uk",")  ejournal  ","for"," research on"
"coastdigital.co.uk","and  calls  ","for"," papers; and"
"xibalba.demon.co.uk",", so the  need  ","for"," extra animals"
"silverprint.co.uk","a good  year  ","for"," him and his"
"silverprint.co.uk","in the  charts  ","for"," most of the"
"silverprint.co.uk","artwork  work  ","for"," the album"
"silverprint.co.uk","death  penalty  ","for"," what that man"
"silverprint.co.uk","his  pocket  ","for"," his card. If"
"silverprint.co.uk",", his  stereo  ","for"," once quiet,"
"silverprint.co.uk","the  stomach  ","for"," gory details,"
"higherstate.co.uk","  support  ","for"," extremist"
"higherstate.co.uk"," ","for"," families"
"ownersdirect.co.uk","1)  Leadership  ","for"," Sustainable"
"ownersdirect.co.uk","  thinking  ","for"," more"
"ownersdirect.co.uk","and  workshops  ","for"," 2006. Dates"
"swaine.me.uk","the  database  ","for"," ''publication"
"swaine.me.uk","  placings  ","for"," these"
"swaine.me.uk","  trainers  ","for"," example) - but"
"swaine.me.uk","the  database  ","for"," the 2003 flat"
"gleeson0.demon.co.uk","  progression  ","for"," them both."
"gleeson0.demon.co.uk"," ","for"," weddings,"
"orbitsw.co.uk","the  spaceship  ","for"," the first time"
"orbitsw.co.uk","dooming  urge  ","for"," really huge"
"orbitsw.co.uk","  rockets  ","for"," a little bit,"
"warpoetry.co.uk"," ","for"," calm and"
"warpoetry.co.uk","  location  ","for"," a cycle ride in"
"warpoetry.co.uk","  excursions  ","for"," mountain"
"warpoetry.co.uk",". Adult  rates  ","for"," a 21 speed"
"warpoetry.co.uk",",  contacts  ","for"," licenses and"
"warpoetry.co.uk","  waters  ","for"," the beginner,"
"warpoetry.co.uk","£25 per  day  ","For"," waterskiing"
"warpoetry.co.uk","342.  Snooker  ","For"," a relaxing"
"warpoetry.co.uk","  tuition  ","for"," the novice who"
"raworths.co.uk","in the  fridge  ","for"," discretion"
"raworths.co.uk","  starter  ","for"," foreign"
"www1.indymedia.org.uk","the  cover  ","for"," Fortress"
"www1.indymedia.org.uk","  campaign  ","for"," Jane Alain de"
"theseguys.co.uk",". The  reasons  ","for"," this are"
"theseguys.co.uk","  items  ","for"," the Advisory"
"theseguys.co.uk","  habitats  ","for"," bats, on"
"theseguys.co.uk","  measures  ","for"," species which"
"westyorkshire.police.uk","a  studio  ","for"," a theatre"
"homepages.gold.ac.uk","was any  reason  ","for"," my success."
"homepages.gold.ac.uk","be a  mistake  ","for"," me not to"
"homepages.gold.ac.uk","  evidence  ","for"," quantum"
"homepages.gold.ac.uk","  evidence  ","for"," the validity"
"homepages.gold.ac.uk","  Principle  ","for"," Quantum"
"homepages.gold.ac.uk","a  probability  ","for"," an individual"
"homepages.gold.ac.uk","  motivation  ","for"," his suggested"
"homepages.gold.ac.uk","  support  ","for"," all sorts of"
"homepages.gold.ac.uk","of the  case  ","for",""
"homepages.gold.ac.uk","` `  accounts  ","for"," many of the"
"homepages.gold.ac.uk","  velocity  ","for"," DNA base"
"homepages.gold.ac.uk"," ","for"," finite"
"homepages.gold.ac.uk","  implications  ","for"," several"
"homepages.gold.ac.uk","a  mechanism  ","for"," the selection"
"homepages.gold.ac.uk","about the  need  ","for"," some sort of ` `"
"homepages.gold.ac.uk","  framework  ","for"," the"
"homepages.gold.ac.uk","  dimensions  ","for"," space and time"
"homepages.gold.ac.uk"," ","for"," their future"
"homepages.gold.ac.uk",". His  argument  ","for"," this point"
"homepages.gold.ac.uk","  problem  ","for"," the"
"homepages.gold.ac.uk"," ","for",""
"homepages.gold.ac.uk","  values  ","for"," experimental"
"homepages.gold.ac.uk"," ","for"," comparable"
"homepages.gold.ac.uk"," ","for"," the joint"
"homepages.gold.ac.uk","  wavefunction  ","for"," which there"
"homepages.gold.ac.uk","  outcomes  ","for"," Alice are"
"homepages.gold.ac.uk","  arguments  ","for"," why it may be"
"homepages.gold.ac.uk","  foundation  ","for"," a theory of"
"homepages.gold.ac.uk","  structure  ","for"," separate"
"homepages.gold.ac.uk","  mechanisms  ","for"," such control"
"homepages.gold.ac.uk","  mechanics  ","for"," a complete"
"homepages.gold.ac.uk","such  papers  ","for"," those wishing"
"homepages.gold.ac.uk","  requirements  ","for"," the"
"homepages.gold.ac.uk","of  relevance  ","for"," a specific"
"homepages.gold.ac.uk","the  necessity  ","for"," NMR quantum"
"homepages.gold.ac.uk","title  paper  ","for"," this item, and"
"homepages.gold.ac.uk","  methods  ","for"," solving those"
"homepages.gold.ac.uk"," ","for"," any"
"homepages.gold.ac.uk","  properties  ","for"," that"
"homepages.gold.ac.uk","set of  axioms  ","for"," a more"
"homepages.gold.ac.uk"," ","for"," each of its"
"homepages.gold.ac.uk","  formalism  ","for"," quantum"
"homepages.gold.ac.uk","  Projectors  ","for"," Modal"
"homepages.gold.ac.uk","  timescales  ","for"," certain"
"homepages.gold.ac.uk","  motivations  ","for"," it; partly"
"homepages.gold.ac.uk","  evidence  ","for"," those"
"homepages.gold.ac.uk","  block  ","for"," any proposal"
"homepages.gold.ac.uk","she has no  time  ","for"," blue skies"
"homepages.gold.ac.uk","  preferences  ","for"," acts implies"
"homepages.gold.ac.uk"," ","for"," the possible"
"homepages.gold.ac.uk","  claims  ","for"," the"
"homepages.gold.ac.uk"," ","for"," those"
"homepages.gold.ac.uk","of  framework  ","for"," this argument"
"homepages.gold.ac.uk","  states  ","for"," neurons '' '' is"
"homepages.gold.ac.uk","of  neurons  ","for"," practical"
"homepages.gold.ac.uk","human  brain  ","for"," itself, there"
"homepages.gold.ac.uk","  proposals  ","for"," variants of a"
"homepages.gold.ac.uk","vague  answers  ","for",", all the most"
"re-skill.org.uk","my  excuse  ","for"," not voting..."
"re-skill.org.uk","today,  hope  ","for"," tomorrow. "" -"
"re-skill.org.uk","how one  longs  ","for"," the past when"
"epic.co.uk","in the  review  ","for","? I ''m Around"
"epic.co.uk","  waiting  ","for"," me to review it"
"ziggyart.co.uk","But the  figure  ","for"," Britain is"
"ziggyart.co.uk","  destination  ","for"," migrants in"
"hiddenhurt.co.uk","  wheels  ","for"," quick"
"uclan.ac.uk","  information  ","for"," the Academy"
"uclan.ac.uk","Bath.  Leaflet  ","for"," UWE students"
"uclan.ac.uk","  form  ","for"," academic"
"uclan.ac.uk","  website  ","for"," information"
"uclan.ac.uk","  information  ","for"," the Academy"
"uclan.ac.uk","  form  ","for"," an RUH ID card."
"uclan.ac.uk","Library  staff  ","for"," help if the"
"uclan.ac.uk","Local  charges  ","for"," printing may"
"uclan.ac.uk","Library  staff  ","for"," confirmation"
"uclan.ac.uk",".  Resources  ","for"," H&SC students"
"uclan.ac.uk","out  searches  ","for"," journal"
"uclan.ac.uk",". See web  page  ","for"," more"
"uclan.ac.uk","  information  ","for"," Athens for"
"sle.sharp.co.uk","in the  home  ","for"," this purpose."
"ukcorporator.co.uk","the 2005  call  ","for"," proposals."
"ukcorporator.co.uk","annual  call  ","for",""
"ukcorporator.co.uk",". The  deadline  ","for"," receipt of"
"ukcorporator.co.uk","the  potential  ","for",""
"ukcorporator.co.uk",".  Guidelines  ","for"," the"
"ukcorporator.co.uk","of  objectives  ","for",""
"ukcorporator.co.uk","of the  means  ","for"," subsequent"
"ukcorporator.co.uk","action  plan  ","for",""
"ukcorporator.co.uk","of  benefits  ","for",""
"ukcorporator.co.uk","of  consortia  ","for"," accessing"
"ukcorporator.co.uk","no set  formula  ","for"," a successful"
"ukcorporator.co.uk","  leads  ","for"," different"
"ukcorporator.co.uk"," ","for"," producing a"
"ukcorporator.co.uk","an action  plan  ","for"," the way"
"blueboxcomms.co.uk","offer  grants  ","for"," conservation"
"blueboxcomms.co.uk"," ","for"," all aspects of"
"blueboxcomms.co.uk","  Government  ","for"," the breadth of"
"blueboxcomms.co.uk","  champion  ","for"," the heritage"
"blueboxcomms.co.uk","giving  grants  ","for"," the"
"blueboxcomms.co.uk","  caring  ","for"," Stonehenge"
"blueboxcomms.co.uk","  income  ","for"," the benefit of"
"blueboxcomms.co.uk","  resources  ","for"," when urgent"
"blueboxcomms.co.uk","a  deduction  ","for"," the gift"
"blueboxcomms.co.uk","your  income  ","for"," tax purposes"
"blueboxcomms.co.uk","  vacancies  ","for"," paid"
"blueboxcomms.co.uk","  venues  ","for"," exclusive"
"blueboxcomms.co.uk","10 %  discount  ","for"," groups of 11 or"
"blueboxcomms.co.uk","  section  ","for"," further"
"blueboxcomms.co.uk","Free  entry  ","for"," children"
"blueboxcomms.co.uk","  Activities  ","for"," Members. A"
"blueboxcomms.co.uk","  application  ","for"," you. To find"
"blueboxcomms.co.uk","  surroundings  ","for"," the future,"
"blueboxcomms.co.uk","  applications  ","for"," Scheduled"
"blueboxcomms.co.uk","give  grants  ","for"," major repairs"
"blueboxcomms.co.uk","of  funding  ","for"," rescue"
"blueboxcomms.co.uk","  applications  ","for"," listed"
"blueboxcomms.co.uk","give  grants  ","for"," repairs to"
"blueboxcomms.co.uk","grant  schemes  ","for"," repairs to"
"blueboxcomms.co.uk","offer  grants  ","for"," the"
"blueboxcomms.co.uk","offer  grants  ","for"," conservation"
"blueboxcomms.co.uk","of  funding  ","for"," historic"
"blueboxcomms.co.uk","on the  Funds  ","for"," Historic"
"northill.demon.co.uk","become a  nurse  ","for"," people with"
"northill.demon.co.uk","million  boost  ","for"," business in"
"northill.demon.co.uk","awards  prize  ","for"," creative"
"northill.demon.co.uk","one  status  ","for"," graduate"
"northill.demon.co.uk","  returns  ","for"," 40th"
"northill.demon.co.uk","baby  carrier  ","for"," aircraft"
"northill.demon.co.uk","their  designs  ","for"," a new kind of"
"northill.demon.co.uk","  award  ","for"," the"
"northill.demon.co.uk","Research  aims  ","for"," high fidelity"
"northill.demon.co.uk","  weekender  ","for"," kids The Nobel"
"northill.demon.co.uk","  resolution  ","for"," school"
"northill.demon.co.uk","  Hovercrafts  ","for"," National"
"northill.demon.co.uk","an  accolade  ","for"," their"
"northill.demon.co.uk","  programme  ","for"," 45"
"northill.demon.co.uk","  showcase  ","for"," high quality"
"northill.demon.co.uk","  workshop  ","for"," teenage"
"northill.demon.co.uk","  vaccine  ","for"," newborns"
"northill.demon.co.uk","netting  cash  ","for"," charity at the"
"northill.demon.co.uk","to raise  money  ","for"," the London"
"northill.demon.co.uk",".  Click  ","for"," an archive of"
"psalmody.co.uk","  focus  ","for"," Darwinian"
"psalmody.co.uk","  implications  ","for"," humans and to"
"psalmody.co.uk","as a  forum  ","for",""
"psalmody.co.uk","the  claims  ","for"," natural"
"psalmody.co.uk","  implications  ","for"," the other"
"psalmody.co.uk","the  book  ","for"," the New York"
"psalmody.co.uk","  permission  ","for"," use of her work"
"ipaqrepair.co.uk","the  door  ","for"," nightclubs."
"ipaqrepair.co.uk","  preparation  ","for"," the fight, it"
"ipaqrepair.co.uk","the  training  ","for"," the freedom of"
"ipaqrepair.co.uk","  connections  ","for"," the Western"
"ipaqrepair.co.uk","do, and  search  ","for"," logical"
"ipaqrepair.co.uk","of my  respect  ","for"," him, for what"
"wellerassociates.co.uk","  Information  ","for"," colleges and"
"wellerassociates.co.uk","8 for Search  l  ","for"," Links c for"
"wellerassociates.co.uk","for Contacts  m  ","for"," Site map PC"
"wellerassociates.co.uk","W3C  standards  ","for"," XHTML and CSS"
"wellerassociates.co.uk","  features  ","for"," the less able"
"omayenin.com.mysite.wanadoo-members.co.uk",". The  reason  ","for"," this is not"
"omayenin.com.mysite.wanadoo-members.co.uk","police  hunt  ","for"," the first"
"omayenin.com.mysite.wanadoo-members.co.uk","  results  ","for"," newspaper"
"omayenin.com.mysite.wanadoo-members.co.uk","  preparation  ","for"," Professor"
"omayenin.com.mysite.wanadoo-members.co.uk","to the  subject  ","for"," weeks on end,"
"omayenin.com.mysite.wanadoo-members.co.uk","the  need  ","for"," social reform"
"omayenin.com.mysite.wanadoo-members.co.uk","  scoop  ","for"," his paper."
"omayenin.com.mysite.wanadoo-members.co.uk","  publication  ","for"," several"
"omayenin.com.mysite.wanadoo-members.co.uk","the  police  ","for"," their lack of"
"omayenin.com.mysite.wanadoo-members.co.uk","  behaviour  ","for"," six months on"
"taylorbells.co.uk","at many  levels  ","for"," the people of"
"taylorbells.co.uk","single  issue  ","for"," older people"
"in-the-spirit.co.uk","  potential  ","for"," a smaller A3"
"in-the-spirit.co.uk","email  address  ","for"," any other"
"stewardsschool.co.uk",".  Facilities  ","for"," the media"
"burn-it.freeserve.co.uk","  situation  ","for"," the reviewer."
"burn-it.freeserve.co.uk","into an  enemy  ","for"," life (sadly, I"
"burn-it.freeserve.co.uk","Tolkien  fans  ","for"," his 13 hour BBC"
"theatre-wales.co.uk","painful  area  ","for"," a good while"
"theatre-wales.co.uk","it off the  net  ","for"," the same price"
"theatre-wales.co.uk","it did  nothing  ","for"," me at all, no"
"londonpackaging.co.uk","in the  market  ","for"," rail related"
"londonpackaging.co.uk","  contract  ","for"," the design and"
"londonpackaging.co.uk","  facilities  ","for"," the SRA at"
"spidercox.co.uk","video  mixer  ","for"," DJ ''s Numark,"
"spidercox.co.uk","of  technology  ","for"," live visual"
"spidercox.co.uk","  package  ","for"," the visual"
"spidercox.co.uk","a  reference  ","for"," the future of"
"platform-end.co.uk","  destination  ","for"," general"
"platform-end.co.uk","  incentives  ","for"," 2006, â?"
"platform-end.co.uk","this  space  ","for"," further"
"ml-consult.co.uk","good  source  ","for"," out-of-print"
"ml-consult.co.uk",") A  bookshop  ","for"," lovers of"
"stmarylebow.co.uk","  pressure  ","for"," government to"
"stmarylebow.co.uk",", Labour  MP  ","for"," Thurrock,"
"stmarylebow.co.uk","the  Campaign  ","for"," Freedom of"
"stmarylebow.co.uk","to find  time  ","for"," FOI in the"
"stmarylebow.co.uk","a draft  Bill  ","for"," consultation"
"stmarylebow.co.uk","vital  reform  ","for"," 25 years, and"
"stmarylebow.co.uk","  legislation  ","for"," so long that we"
"stmarylebow.co.uk",""" The  Campaign  ","for"," Freedom of"
"bolton.ac.uk","sites on  earth  ","for"," watching"
"ability.org.uk",". The  issue  ","for"," me is how much"
"ability.org.uk","  convenience  ","for"," programmers"
"ability.org.uk","  argument  ","for"," just saying """
"ability.org.uk","there ''s a  case  ","for"," this. But"
"ability.org.uk","n''t a core  use  ","for"," the SAX API,"
"ability.org.uk","your  argument  ","for"," String."
"ability.org.uk","of the  push  ","for"," this is the"
"ability.org.uk",": A  list  ","for"," W3C XML"
"ability.org.uk","  preparation  ","for"," transfer to"
"churchhouseconf.co.uk","or  stories  ","for"," Patient UK?"
"richmondreview.co.uk","to find  papers  ","for"," publication."
"richmondreview.co.uk","main  funding  ","for"," Sheffield"
"richmondreview.co.uk","  status  ","for"," the Library"
"richmondreview.co.uk",", and her  staff  ","for"," the"
"richmondreview.co.uk","  funding  ","for"," 450 documents"
"libertas.demon.co.uk","a  reputation  ","for"," arrogance by"
"fvi.org.uk","as the  forum  ","for"," this"
"fvi.org.uk","on  solutions  ","for"," the future (i."
"fvi.org.uk","  agreements  ","for",""
"fvi.org.uk","in  proposals  ","for"," the park or"
"insideoutpr.co.uk"," ","for"," policy to"
"insideoutpr.co.uk","  figures  ","for"," the effects of"
"insideoutpr.co.uk","miles per  week  ","for"," rail"
"insideoutpr.co.uk","had more  time  ","for"," their family 6"
"insideoutpr.co.uk","had more  time  ","for"," community"
"smmgp.org.uk","  proxies  ","for"," personality"
"brucesfingers.co.uk","  requirements  ","for",""
"brucesfingers.co.uk","of  permanence  ","for"," the results of"
"brucesfingers.co.uk","a fine  mist  ","for"," rapid"
"brucesfingers.co.uk","  controls  ","for"," analytical"
"brucesfingers.co.uk","  temperature  ","for"," about six"
"brucesfingers.co.uk","  application  ","for",""
"brucesfingers.co.uk","a  gene  ","for"," a protein"
"brucesfingers.co.uk","as a  method  ","for"," achieving"
"brucesfingers.co.uk","as a  scaffold  ","for"," active"
"vue.org.uk","FKMAP  support  ","for"," editing"
"vue.org.uk","  support  ","for"," editing"
"vue.org.uk","one  window  ","for"," each file. -R"
"vue.org.uk",""" within  vim  ","for"," more details."
"vue.org.uk",""" within  vim  ","for"," more details."
"vue.org.uk","ZZ "" to get  help  ","for"," the "" ZZ """
"vue.org.uk","Syntax  files  ","for"," various"
"vue.org.uk"," ","for"," gvim. /usr/"
"penrhosprivatedaynursery.co.uk","  resources  ","for"," the first time"
"penrhosprivatedaynursery.co.uk","  instructions  ","for"," cataloguing"
"penrhosprivatedaynursery.co.uk","  standards  ","for"," cataloguing."
"penrhosprivatedaynursery.co.uk","of  options  ","for"," these, along"
"penrhosprivatedaynursery.co.uk","  services  ","for"," many"
"robertbuchanan.mysite.wanadoo-members.co.uk",", the  desire  ","for"," meaning, and"
"caroluk.co.uk","  Skills  ","for"," Business"
"caroluk.co.uk",">  Skills  ","for"," Business What"
"caroluk.co.uk","The  rationale  ","for"," the programme"
"caroluk.co.uk","  industry  ","for"," the local? and"
"caroluk.co.uk",".  Training  ","for",""
"caroluk.co.uk","ICT, first  aid  ","For"," further"
"mastersgames.co.uk","safe  water  ","for"," developing"
"candlemaking.org.uk","funds last  day  ","for"," initiating a"
"candlemaking.org.uk","a cut-off  time  ","for"," initiating a"
"candlemaking.org.uk","by Last  day  ","for"," initiating"
"hawog.org.uk","it is a  haven  ","for"," all the local"
"hawog.org.uk","  bishop  ","for"," the area. In"
"mojolondon.co.uk","a  forum  ","for"," the"
"mojolondon.co.uk","- and a  route  ","for",""
"mojolondon.co.uk",".  Demands  ","for"," an evidence"
"mojolondon.co.uk","  conditions  ","for"," more serious"
"mojolondon.co.uk","a focal  point  ","for"," learning"
"mojolondon.co.uk","  capacities  ","for"," change"
"mojolondon.co.uk","  project  ","for"," higher"
"mojolondon.co.uk","  programmes  ","for"," the"
"antiquity.ac.uk","  frameworks  ","for"," the"
"antiquity.ac.uk","the  tendency  ","for"," such"
"antiquity.ac.uk","  practices  ","for"," such external"
"antiquity.ac.uk","  context  ","for"," the research,"
"antiquity.ac.uk","  environment  ","for"," this project,"
"antiquity.ac.uk","  presentation  ","for"," use by the"
"antiquity.ac.uk","  preparation  ","for"," a national"
"antiquity.ac.uk","a  platform  ","for",""
"antiquity.ac.uk","  technologies  ","for"," the"
"antiquity.ac.uk","  recording  ","for"," simultaneous"
"antiquity.ac.uk","  system  ","for"," PARIP that"
"antiquity.ac.uk","the  salaries  ","for"," the Research"
"antiquity.ac.uk","  staff  ","for"," the practical"
"antiquity.ac.uk","  clearances  ","for"," most"
"galensgarden.co.uk",").  Funding  ","for"," the project"
"galensgarden.co.uk","and  follow-up  ","for"," other"
"ggr-associates.co.uk","his  campaign  ","for"," peace with the"
"ggr-associates.co.uk","a  motion  ","for"," shortening"
"ggr-associates.co.uk","of  members  ","for"," London. His"
"boschautoparts.co.uk",". In  order  ","for"," us to do this,"
"shocknet.org.uk","action  games  ","for"," those who"
"battleoffulford.org.uk","  toolkit  ","for"," the region ''s"
"ascl.org.uk","must-read  bok  ","for"," anyone active"
"rapnews.co.uk","best  person  ","for"," the job "" 10. I"
"rapnews.co.uk","Urgent  Help  ","for"," Interview in 2"
"johnvenn.co.uk","  systems  ","for"," buildings-"
"twgraduates.co.uk","- an  overview  ","for"," government"
"2175atc.co.uk","  methods  ","for"," both policy"
"2175atc.co.uk","a  framework  ","for"," assessing the"
"2175atc.co.uk","  spokesperson  ","for"," the"
"2175atc.co.uk","of  LGN  ","for"," their"
"2175atc.co.uk","  methods  ","for"," policy"
"2175atc.co.uk",": A  framework  ","for"," assessing"
"englishmonarchs.co.uk","''  admiration  ","for"," classic"
"englishmonarchs.co.uk",". ? I had an  idea  ","for"," a while that I"
"englishmonarchs.co.uk","a lump of  wood  ","for"," the body and"
"englishmonarchs.co.uk","  programme  ","for"," pre-school"
"englishmonarchs.co.uk","the  models  ","for"," us and they"
"englishmonarchs.co.uk","  programmes  ","for"," CBBC, who"
"englishmonarchs.co.uk","  position  ","for"," every part of"
"englishmonarchs.co.uk","right  place  ","for"," the chord"
"englishmonarchs.co.uk","of  tales  ","for"," the young and"
"englishmonarchs.co.uk","use  anything  ","for"," inspiration."
"torro.org.uk","in  inversions  ","for"," epicentres,"
"torro.org.uk","of  events  ","for"," which the ISC"
"torro.org.uk","of  events  ","for"," which the"
"torro.org.uk","of  events  ","for"," which the ISC"
"torro.org.uk","of  events  ","for"," several"
"torro.org.uk","  agreements  ","for"," more complete"
"torro.org.uk","its  system  ","for"," selecting the"
"torro.org.uk","  files  ","for"," the latest"
"torro.org.uk","select  events  ","for"," other"
"torro.org.uk","wrote  files  ","for"," the new CDs by"
"torro.org.uk","  data  ","for"," older events."
"torro.org.uk",")  hypocentres  ","for"," large events"
"torro.org.uk","  parameters  ","for"," events that"
"torro.org.uk",". To buy  CDs  ","for"," libraries,"
"torro.org.uk","  use  ","for"," £10 at/Sales/"
"torro.org.uk","  epicentre  ","for"," each event,"
"torro.org.uk","fixed  scales  ","for"," symbol size"
"torro.org.uk","  epicentres  ","for"," one event with"
"torro.org.uk","the  need  ","for"," manually"
"torro.org.uk","frees up  staff  ","for"," other tasks"
"torro.org.uk","  results  ","for"," provisional"
"poetrymagic.co.uk","this  service  ","for"," visitors to"
"ownersdirect.co.uk","  search  ","for"," news from this"
"ownersdirect.co.uk","  convictions  ","for"," possession of"
"ownersdirect.co.uk",": Call for  bids  ","for"," connected"
"ownersdirect.co.uk","  event  ","for"," their client"
"ownersdirect.co.uk","drought  order  ","for"," Thames Water"
"ownersdirect.co.uk","and  support  ","for"," accessing"
"ppsoftnet.co.uk","of  upgrades  ","for"," Macintosh"
"ppsoftnet.co.uk","and  services  ","for"," our education"
"higherstate.co.uk","''s still  hope  ","for"," newspapers"
"royalpioneercorps.co.uk","  form  ","for"," each paper"
"rifi.soton.ac.uk","  implications  ","for"," both"
"rifi.soton.ac.uk","CPD  articles  ","for"," Geriatric"
"rifi.soton.ac.uk","is 2 CME  points  ","for"," 80 % correct. I"
"rifi.soton.ac.uk","  co-ordinator  ","for"," their region"
"rifi.soton.ac.uk","a good  source  ","for"," individual"
"rifi.soton.ac.uk","  learning  ","for"," 12 hours per"
"rifi.soton.ac.uk","  guideline  ","for"," symposia"
"rifi.soton.ac.uk","  requirements  ","for"," recognition"
"rifi.soton.ac.uk"," ","for"," CPD approval."
"rifi.soton.ac.uk"," ","for"," slides. I am"
"kenyabirds.org.uk","  hospital  ","for"," the Royal"
"kenyabirds.org.uk","  treatment  ","for"," around 900"
"kenyabirds.org.uk","  environment  ","for"," the next"
"kenyabirds.org.uk","the clock  care  ","for"," hospitalised"
"kenyabirds.org.uk","  treatment  ","for"," all equine"
"kenyabirds.org.uk","  appointment  ","for"," you at the"
"musictech.org.uk","Pauly  pauses  ","for"," breath http:/"
"musictech.org.uk","  Something  ","for"," everyone http"
"musictech.org.uk","  tournament  ","for"," world"
"musictech.org.uk","latest  chance  ","for"," former soap"
"musictech.org.uk","Pull up a  seat  ","for"," the $100"
"musictech.org.uk","the final  day  ","for"," players to"
"xibalba.demon.co.uk","the  ability  ","for"," multiple,"
"xibalba.demon.co.uk","  preparation  ","for"," the fight."
"xibalba.demon.co.uk","primary  tool  ","for"," the training"
"xibalba.demon.co.uk","  response  ","for"," which Wing"
"hlst.heacademy.ac.uk","- Web  site  ","for"," legal"
"hlst.heacademy.ac.uk","are in  Website  ","for"," legal"
"hlst.heacademy.ac.uk"," ","for"," choosing to"
"hlst.heacademy.ac.uk",". The  reason  ","for"," this was that"
"hlst.heacademy.ac.uk"," ","for"," using length"
"virgintrains.co.uk","and as a  basis  ","for"," education for"
"virgintrains.co.uk","for  education  ","for"," all persons"
"virgintrains.co.uk","  importance  ","for"," Scotland ''s"
"virgintrains.co.uk","all this  mean  ","for"," the Coarse"
"virgintrains.co.uk","  approaches  ","for"," Coarse"
"virgintrains.co.uk","  Recognition  ","for"," the growing"
"virgintrains.co.uk","the  challenge  ","for"," the"
"teamtechnology.co.uk","  requests  ","for"," freelance"
"teamtechnology.co.uk","of day.  Thanks  ","for"," all the help,"
"teamtechnology.co.uk","  paintings  ","for"," poster"
"teamtechnology.co.uk","  illustrator  ","for"," the work they"
"youclaim.co.uk","  favourite  ","for"," each. Tickle"
"blog.natbat.co.uk","the  reasons  ","for"," the war, the"
"blog.natbat.co.uk","  strategy  ","for"," ending it. """
"blog.natbat.co.uk","the  need  ","for"," not just the"
"blog.natbat.co.uk","that the  focus  ","for"," the anti-war"
"blog.natbat.co.uk","there is  space  ","for"," rational"
"birminghamfocus.org.uk","  something  ","for"," them too - from"
"birminghamfocus.org.uk",".  Something  ","for"," the ladies"
"the-stationery-office.co.uk","  treatment  ","for"," dysphonia? A"
"the-stationery-office.co.uk","  treatment  ","for"," dysphonia? A"
"the-stationery-office.co.uk","voice  therapy  ","for"," dysphonia."
"the-stationery-office.co.uk","  hoarseness  ","for"," at least two"
"the-stationery-office.co.uk","time  points  ","for"," the 70"
"the-stationery-office.co.uk","  effects  ","for"," these two"
"soup.co.uk","makes  case  ","for"," replacing CSA"
"soup.co.uk","crimes  trials  ","for"," Guantanamo"
"soup.co.uk","the new  target  ","for"," cuts in carbon"
"soup.co.uk","a  timetable  ","for"," Northern"
"soup.co.uk","the  deadline  ","for"," a"
"soup.co.uk","Democrat  MP  ","for"," Bermondsey,"
"soup.co.uk","year  strategy  ","for"," the visual"
"soup.co.uk","  school  ","for"," an"
"birds-eye-view.co.uk","  community  ","for"," me. (Link"
"birds-eye-view.co.uk","  plan  ","for"," a better"
"birds-eye-view.co.uk","really bad  day  ","for"," ages. Months."
"birds-eye-view.co.uk","is good  news  ","for"," SETI, as it"
"birds-eye-view.co.uk","[ ten  points  ","for"," the Emperor"
"birds-eye-view.co.uk","my  submission  ","for"," this week ''s"
"bioss.sari.ac.uk","  demand  ","for"," naval bases."
"bioss.sari.ac.uk","with  excuses  ","for"," bases and"
"lateralscience.co.uk","green  card  ","for"," 90 days"
"new.overseas-trade.co.uk","  procedure  ","for"," the"
"new.overseas-trade.co.uk","  time  ","for"," both patients"
"new.overseas-trade.co.uk","up to the  need  ","for"," a transplant"
"new.overseas-trade.co.uk","important  way  ","for"," people to take"
"new.overseas-trade.co.uk","of  life  ","for"," people who are"
"new.overseas-trade.co.uk","out of  life  ","for"," themselves."
"new.overseas-trade.co.uk","and  plans  ","for"," the future may"
"new.overseas-trade.co.uk","  message  ","for"," Diane Rayner"
"antibes.co.uk","local  people  ","for",", amongst"
"antibes.co.uk",". As  demand  ","for"," the water"
"antibes.co.uk","one  reason  ","for"," building the"
"antibes.co.uk","meeting  place  ","for"," local hunts."
"antibes.co.uk","during the  18C  ","for"," having a large"
"antibes.co.uk","meeting  place  ","for"," the directors"
"antibes.co.uk","  refreshment  ","for"," the? navvies ''"
"antibes.co.uk","resting  place  ","for"," those who used"
"antibes.co.uk","used the  canal  ","for"," work or"
"antibes.co.uk","a  need  ","for"," a more modern"
"antibes.co.uk","  refreshment  ","for"," visitors to"
"antibes.co.uk","meeting  place  ","for"," local"
"antibes.co.uk","- and a  fiver  ","for"," a couple of"
"bcss.org.uk","the  downloads  ","for"," Microsoft"
"bcss.org.uk","in  advance  ","for"," any hint,"
"bcss.org.uk","enough  memory  ","for"," the size of"
"sherlock-holmes.classic-literature.co.uk","Cup  website  ","for"," the Make"
"sherlock-holmes.classic-literature.co.uk","is a  website  ","for"," the Make"
"sherlock-holmes.classic-literature.co.uk","their  support  ","for"," action to"
"sherlock-holmes.classic-literature.co.uk","  ranking  ","for"," each country"
"sherlock-holmes.classic-literature.co.uk","  passion  ","for"," the beautiful"
"sherlock-holmes.classic-literature.co.uk","a strong  role  ","for"," 70 local"
"oldsite.bathspa.ac.uk","  Guildhall  ","for"," the? Welcome"
"oldsite.bathspa.ac.uk","that held  back  ","for"," the sake of"
"piperecords.co.uk","  safety  ","for"," you and your"
"piperecords.co.uk","a safe  refuge  ","for"," your pet at"
"piperecords.co.uk","  safety  ","for"," you and your"
"piperecords.co.uk","a safe  refuge  ","for"," your pet at"
"piperecords.co.uk","  safety  ","for"," you and your"
"piperecords.co.uk","a safe  refuge  ","for"," your pet at"
"piperecords.co.uk","  safety  ","for"," you and your"
"piperecords.co.uk","a safe  refuge  ","for"," your pet at"
"megagrip.co.uk","me in  plot  ","for"," quite a long"
"ardue.org.uk","a  reputation  ","for"," virtue than"
"ardue.org.uk","a great  thing  ","for"," a virtuous"
"ardue.org.uk","of this  kind  ","for"," seven years in"
"weddings.co.uk","  liability  ","for"," the resulting"
"weddings.co.uk","tanker  owner  ","for"," negligence by"
"weddings.co.uk","  liability  ","for"," the losses"
"weddings.co.uk","  liability  ","for"," the losses"
"weddings.co.uk","as  agent  ","for"," Borkan, so"
"weddings.co.uk","all  liability  ","for"," any loss of"
"drugscope.org.uk"," ","for"," enforcing"
"barbecue-online.co.uk","  applications  ","for"," this research"
"barbecue-online.co.uk","  pasture  ","for"," a few moments,"
"barbecue-online.co.uk","his  stars  ","for"," his teenage"
"barbecue-online.co.uk","might be  work  ","for"," him there and"
"barbecue-online.co.uk","his  shirt  ","for"," the gizmo"
"rostau.org.uk","GMC  standards  ","for"," good practice"
"rostau.org.uk","  structure  ","for"," Modernising"
"rostau.org.uk","medical  take  ","for"," many years to"
"rostau.org.uk","possible  uses  ","for"," academic"
"rostau.org.uk","the  sessions  ","for"," research, a"
"rostau.org.uk","on the  need  ","for"," well-rounded"
"sfx.co.uk","set an  agenda  ","for"," change. PRT is"
"sfx.co.uk","to:  press  ","for"," parity in"
"sfx.co.uk","  services  ","for"," people in"
"sfx.co.uk","  catalyst  ","for"," action by the"
"sle.sharp.co.uk","the  resources  ","for"," you including"
"sle.sharp.co.uk","of the  area  ","for"," walkwers and"
"recyclezone.org.uk","Models of  care  ","for"," the treatment"
"recyclezone.org.uk","of  care  ","for"," each client"
"recyclezone.org.uk","  programme  ","for"," the drug user"
"recyclezone.org.uk","of  treatment  ","for"," these clients"
"recyclezone.org.uk","  care  ","for"," clients who"
"recyclezone.org.uk","the  standards  ","for"," the category"
"recyclezone.org.uk","  skills  ","for"," activities of"
"recyclezone.org.uk","a  preference  ","for"," admission to"
"recyclezone.org.uk","in  treatment  ","for"," a critical"
"recyclezone.org.uk","  clients  ","for"," at least three"
"recyclezone.org.uk","  services  ","for"," the"
"recyclezone.org.uk","an  assessment  ","for"," eligibility."
"recyclezone.org.uk","  assessments  ","for"," eligibility."
"recyclezone.org.uk","  eligibility  ","for"," residential"
"recyclezone.org.uk","of  need  ","for"," residential"
"recyclezone.org.uk","  timescales  ","for"," response"
"recyclezone.org.uk","care  pathway  ","for"," residential"
"recyclezone.org.uk","  framework  ","for"," supported"
"recyclezone.org.uk"," ","for"," DATs and"
"recyclezone.org.uk","  individual  ","for"," departure and"
"recyclezone.org.uk","the  standards  ","for"," the category"
"recyclezone.org.uk","  standards  ","for"," Residential"
"recyclezone.org.uk","  standards  ","for"," alcohol and"
"recyclezone.org.uk","  standards  ","for"," drug and"
"recyclezone.org.uk",") (  Skills  ","for"," Health 2002)."
"recyclezone.org.uk","  indicators  ","For"," detailed"
"londonsociety-nls.org.uk","smart  choice  ","for"," English"
"londonsociety-nls.org.uk",". The  need  ","for"," clear and"
"londonsociety-nls.org.uk","  material  ","for"," which they"
"londonsociety-nls.org.uk","culture  shock  ","for"," new arrivals"
"motorbike-search-engine.co.uk","A wind  turbine  ","for"," your"
"motorbike-search-engine.co.uk","  Energy  ","for"," Homeowners 15"
"banksy.co.uk","on film and  TV  ","for"," both"
"fiso.co.uk",".  Apply  ","for"," a job at"
"homerefinanceloanintexas.westminstereaz.org.uk","PM run a  mile  ","for"," charity, meet"
"homerefinanceloanintexas.westminstereaz.org.uk","on  spending  ","for"," children ''s"
"homerefinanceloanintexas.westminstereaz.org.uk","of  funding  ","for"," palliative"
"primarycarecontracting.nhs.uk","  options  ","for"," Tour"
"primarycarecontracting.nhs.uk","(25 %  discount  ","for"," multiple"
"primarycarecontracting.nhs.uk","):  Click  ","for"," details We"
"primarycarecontracting.nhs.uk","be put on  line  ","for"," just £1.00"
"whisperingspirits.co.uk",". The  audience  ","for"," these three"
"whisperingspirits.co.uk","  framework  ","for"," his study of"
"whisperingspirits.co.uk",", with 17  pages  ","for"," documents,"
"whisperingspirits.co.uk","seven  pages  ","for"," a 189-item"
"whisperingspirits.co.uk","all the  basis  ","for"," hatred of the"
"whisperingspirits.co.uk",", the  task  ","for"," the historian"
"whisperingspirits.co.uk","  significance  ","for"," the"
"whisperingspirits.co.uk","paved the  way  ","for"," the Final"
"whisperingspirits.co.uk","same  thesis  ","for"," two thousand"
"whisperingspirits.co.uk","  candidate  ","for"," inclusion in"
"whisperingspirits.co.uk","'' is the  basis  ","for"," Finkelstein"
"whisperingspirits.co.uk","  scramble  ","for"," compensation"
"whisperingspirits.co.uk","  compensation  ","for"," survivors and"
"whisperingspirits.co.uk","a  model  ","for"," comparison,"
"whisperingspirits.co.uk",", and a  demand  ","for"," explication,"
"whisperingspirits.co.uk","  engine  ","for"," the"
"whisperingspirits.co.uk","  introduction  ","for"," students or"
"whisperingspirits.co.uk","a major  centre  ","for"," the study of"
"whisperingspirits.co.uk","  areas  ","for"," future"
"whisperingspirits.co.uk","fertile  field  ","for"," specialists"
"whisperingspirits.co.uk","  implications  ","for",""
"blog.ctrlbreak.co.uk","  themes  ","for"," the images on"
"blog.ctrlbreak.co.uk","global  market  ","for"," 24-karat gold"
"blog.ctrlbreak.co.uk","  market  ","for"," a 24-karat"
"blog.ctrlbreak.co.uk","bullion  coins  ","for"," both domestic"
"iris.chesterway.co.uk","calendar  page  ","for"," June from a"
"cityoflondon.gov.uk","find  backing  ","for"," this"
"cityoflondon.gov.uk","good  backing  ","for"," the"
"cityoflondon.gov.uk","the  data  ","for"," the accident"
"cmtr.co.uk","working  time  ","for"," work-life"
"cmtr.co.uk","  need  ","for"," improved"
"cmtr.co.uk","''  aims  ","for"," the work-life"
"cmtr.co.uk","of  choice  ","for"," new recruits"
"cmtr.co.uk","  arrangements  ","for"," carry over of"
"cmtr.co.uk","  operation  ","for"," a while, and"
"cmtr.co.uk","was no  reward  ","for"," helping in"
"cmtr.co.uk","was no  reward  ","for"," working"
"cmtr.co.uk"," ","for"," organising a"
"cmtr.co.uk","a  rota  ","for"," cover has been"
"turningtools.co.uk","great  buys  ","for"," PC notebook"
"thekeyboard.org.uk",":  briefing  ","for"," a Lords debate"
"thekeyboard.org.uk",".  Briefing  ","for"," the Lords"
"thekeyboard.org.uk","  Regulations  ","for"," access to"
"thekeyboard.org.uk","  requirements  ","for"," meetings to be"
"thekeyboard.org.uk",":  Briefing  ","for"," Report Stage"
"thekeyboard.org.uk","wide  offences  ","for"," the"
"thekeyboard.org.uk","  proposals  ","for"," access to"
"thekeyboard.org.uk",":  Briefing  ","for"," Committee"
"thekeyboard.org.uk","88  calling  ","for"," amendments to"
"sscs.bham.ac.uk","endemic  areas  ","for"," extended"
"sscs.bham.ac.uk","  risk  ","for"," Lyme disease"
"sscs.bham.ac.uk","daily  checks  ","for"," any attached"
"sscs.bham.ac.uk","their  skin  ","for"," any attached"
"schoolshistory.org.uk","  program  ","for"," a senior/"
"schoolshistory.org.uk","  programs  ","for"," phases 1, 2 and"
"schoolshistory.org.uk","  times  ","for"," main"
"schoolshistory.org.uk",",  preparation  ","for"," the main"
"schoolshistory.org.uk","  preparation  ","for"," next season"
"schoolshistory.org.uk","  performance  ","for"," the major"
"schoolshistory.org.uk","  page  ","for"," the"
"schoolshistory.org.uk","22.0  seconds  ","for"," the 200 metres"
"schoolshistory.org.uk","athlete ''s  tpb  ","for"," this coming"
"schoolshistory.org.uk","The  time  ","for"," the session"
"schoolshistory.org.uk","10 stride  test  ","for"," 100 metres and"
"schoolshistory.org.uk","  test  ","for"," 100 metres"
"schoolshistory.org.uk","  test  ","for"," 200 metres"
"schoolshistory.org.uk","  test  ","for"," 100 metres and"
"schoolshistory.org.uk","speed  test  ","for"," 100 metres and"
"schoolshistory.org.uk","VO2 max  test  ","for"," endurance"
"schoolshistory.org.uk","VO2 max  test  ","for"," endurance"
"schoolshistory.org.uk","speed  test  ","for"," 100 metres and"
"schoolshistory.org.uk","  times  ","for"," a sprint event"
"cclpublications.co.uk","  management  ","for"," the"
"ipaqrepair.co.uk","of  plans  ","for"," their"
"leyman.demon.co.uk","- Hot  news  ","for"," the Barclays"
"leyman.demon.co.uk","forward a  case  ","for"," a new Royal"
"leyman.demon.co.uk","of  experience  ","for"," those of us in"
"durhamcathedral.co.uk","''s  approval  ","for"," the mayor ''s"
"durhamcathedral.co.uk","  respect  ","for"," the well ''s"
"durhamcathedral.co.uk","of  prosperity  ","for"," more than a"
"punkoiuk.co.uk","  services  ","for"," research"
"punkoiuk.co.uk","  repository  ","for"," the Erpanet"
"punkoiuk.co.uk","as a  catalyst  ","for"," cultural"
"punkoiuk.co.uk","  content  ","for"," populating"
"punkoiuk.co.uk","of  strategies  ","for"," securing"
"punkoiuk.co.uk","  content  ","for"," the"
"punkoiuk.co.uk","major  concern  ","for"," authors, and"
"punkoiuk.co.uk","  checking  ","for"," this sort of"
"punkoiuk.co.uk","  statistics  ","for"," publications"
"punkoiuk.co.uk","if a  search  ","for"," their papers"
"punkoiuk.co.uk","Core  fields  ","for"," OAI-PMH (Open"
"glenfarclas.co.uk","  articles  ","for"," the technical"
"intersites.co.uk","  cartoon  ","for"," the fall of"
"intersites.co.uk","a massive  hit  ","for"," CBS, who, in"
"seered.co.uk","peace and  joy  ","for"," the festive"
"wwwolf.co.uk","a  studio  ","for"," a theatre"
"thisislondon.co.uk","been a  request  ","for"," discovery"
"thisislondon.co.uk","fresh  request  ","for"," discovery"
"thisislondon.co.uk","fresh  request  ","for"," discovery was"
"thisislondon.co.uk","the  request  ","for"," such"
"thisislondon.co.uk",":  Request  ","for"," disclosure"
"thisislondon.co.uk",".  Headings  ","for"," Digest entry ("
"duncancumming.co.uk","as a  model  ","for"," projects in"
"duncancumming.co.uk","  times  ","for"," the mixed race"
"philcollins.co.uk","  charges  ","for"," the different"
"philcollins.co.uk","nine  runes  ","for"," up to 3"
"philcollins.co.uk","By a  reading  ","for"," a friend, for"
"philcollins.co.uk","relevant  DOB  ","for"," you and those"
"philcollins.co.uk","  message  ","for"," them) - or"
"philcollins.co.uk","every  success  ","for"," all of her"
"countywedding.co.uk","the  potential  ","for"," quick and"
"countywedding.co.uk","  fly-fishing  ","for"," pike, I can put"
"countywedding.co.uk","the storm  flap  ","for"," the main zip,"
"countywedding.co.uk","zip,  ideal  ","for"," car keys or a"
"countywedding.co.uk","  pockets  ","for"," cold, wet"
"chart.ac.uk","the  prospects  ","for"," left unity and"
"chart.ac.uk","  leadership  ","for"," the Socialist"
"chart.ac.uk","to  campaign  ","for"," a? no '' in any"
"chart.ac.uk","on the  meeting  ","for"," supporters of"
"chart.ac.uk","  campaign  ","for"," a? no '' vote in a"
"chart.ac.uk","''s NC The  fight  ","for"," an SA paper"
"chart.ac.uk","  preparations  ","for"," the Socialist"
"chart.ac.uk","  Call  ","for"," SA paper May 2"
"mabels-tables.co.uk","the  standard  ","for"," the next"
"mabels-tables.co.uk","and the  label  ","for"," which you work"
"mabels-tables.co.uk","the right  band  ","for"," the market? -"
"mabels-tables.co.uk",".  Thanks  ","for"," all the"
"palimpsest.org.uk","Models of  care  ","for"," the treatment"
"palimpsest.org.uk","a  framework  ","for"," further UK"
"palimpsest.org.uk","substance  use  ","for"," the relief of"
"palimpsest.org.uk","between 14.7  %  ","for"," cannabis to"
"palimpsest.org.uk","to 42.7  %  ","for"," cocaine ("
"palimpsest.org.uk","  account  ","for"," the majority"
"palimpsest.org.uk",", and the  rates  ","for"," histrionic,"
"palimpsest.org.uk","  treatment  ","for",""
"palimpsest.org.uk","  programmes  ","for"," mental state"
"palimpsest.org.uk","  treatment  ","for"," patients with"
"palimpsest.org.uk","  treatment  ","for"," dually"
"palimpsest.org.uk","the two  groups  ","for"," ''lost to"
"palimpsest.org.uk","  evidence  ","for",""
"palimpsest.org.uk"," ","for",""
"palimpsest.org.uk"," ","for"," the care of the"
"palimpsest.org.uk","key  standards  ","for"," dual"
"palimpsest.org.uk","the  following  ","for"," the"
"palimpsest.org.uk","of  care  ","for"," those with"
"palimpsest.org.uk","  treatment  ","for"," their misuse"
"palimpsest.org.uk","  problem  ","for"," mental health"
"palimpsest.org.uk","  contract  ","for"," patients to"
"palimpsest.org.uk","  grounds  ","for"," suspecting"
"palimpsest.org.uk","to  detention  ","for"," treatment"
"palimpsest.org.uk","  systems  ","for"," the referral,"
"palimpsest.org.uk","  protocols  ","for"," those with"
"palimpsest.org.uk","  policies  ","for"," the follow-up"
"palimpsest.org.uk","  services  ","for"," older people"
"palimpsest.org.uk","the  need  ","for"," support and"
"inmac.co.uk","  meaning  ","for"," them. [ Note 1 ]"
"inmac.co.uk","  basis  ","for"," everyday"
"inmac.co.uk","such a  problem  ","for"," her (perhaps"
"inmac.co.uk","  information  ","for"," personal use"
"inmac.co.uk","the  material  ","for"," any other"
"warwickshire-wildlife-trust.org.uk","of  evidence  ","for"," the practise"
"warwickshire-wildlife-trust.org.uk","  everybody  ","for"," probably not"
"warwickshire-wildlife-trust.org.uk","give a  reason  ","for"," his murder but"
"warwickshire-wildlife-trust.org.uk","of  evidence  ","for"," the practise"
"warwickshire-wildlife-trust.org.uk","lain in a  bog  ","for"," 2000 years and"
"liverinfo.org.uk","match  pages  ","for"," the proteins"
"lse.co.uk","  information  ","for"," the"
"lse.co.uk","main  impetus  ","for"," engaging"
"lse.co.uk","  strategy  ","for"," action has"
"lse.co.uk","action  plan  ","for"," regional"
"lse.co.uk","lead  region  ","for"," watersports"
"lse.co.uk","  resource  ","for"," inland water"
"ncca.bournemouth.ac.uk","and  support  ","for"," the"
"ncca.bournemouth.ac.uk","A wind  turbine  ","for"," your"
"ncca.bournemouth.ac.uk","  Energy  ","for"," Homeowners 15"
"pasa.doh.gov.uk","with  sickness  ","for"," every man that"
"recklessgardener.co.uk","  service  ","for"," RHS"
"cyberselect.co.uk","of your  death  ","for"," this evening"
"cyberselect.co.uk","  computer  ","for"," your own"
"sedayne.co.uk","off a  log  ","for"," me. I know how"
"sedayne.co.uk","at a funky  time  ","for"," them. This way"
"sedayne.co.uk","''s in  store  ","for"," Bellick... WW"
"sedayne.co.uk","''s like a  sport  ","for"," Bellick. You"
"orange.co.uk","there is a  way  ","for"," me to fly,"
"orange.co.uk","on  planes  ","for"," obvious"
"orange.co.uk","  oxygen  ","for"," a service fee"
"orange.co.uk","  oxygen  ","for"," medical needs"
"orange.co.uk","  oxygen  ","for"," in-flight use"
"orange.co.uk","screening  fee  ","for"," each"
"orange.co.uk","the  need  ","for"," a portable"
"orange.co.uk","oxygen  tanks  ","for"," pax who need"
"orange.co.uk",". gov  search  ","for"," oxygen. First"
"education.leeds.ac.uk","be out of  touch  ","for"," too long. The"
"education.leeds.ac.uk","of  tourism  ","for"," the island, 15"
"education.leeds.ac.uk","of  hotels  ","for"," access by"
"education.leeds.ac.uk","the  network  ","for"," Internet"
"education.leeds.ac.uk","the  Internet  ","for"," browsing -"
"education.leeds.ac.uk"," ","for"," such"
"education.leeds.ac.uk","on the  island  ","for"," longer"
"education.leeds.ac.uk","Future  ideas  ","for"," developing"
"education.leeds.ac.uk","be the  basis  ","for"," more"
"women.timesonline.co.uk",": the  series  ","for"," paralegals"
"hysteria-lives.co.uk","  parameter  ","for"," each"
"hysteria-lives.co.uk","  distribution  ","for"," the survivor"
"hysteria-lives.co.uk","random  effect  ","for"," each patient"
"hysteria-lives.co.uk","  factor  ","for"," underlying"
"hysteria-lives.co.uk","  effects  ","for"," patients tau,"
"hysteria-lives.co.uk","  model  ","for"," kidney"
"hysteria-lives.co.uk","took 4  minutes  ","for"," 2500"
"varietyclub.org.uk","been this  way  ","for"," years,"
"varietyclub.org.uk","to an  outfit  ","for"," transport,"
"varietyclub.org.uk","their  request  ","for"," info. When"
"scottishweddingdirectory.co.uk","win the  battle  ","for"," social"
"hisc.co.uk","a  basis  ","for"," informal"
"hisc.co.uk","out  proposals  ","for"," protecting"
"backroadstouring.co.uk","an  affinity  ","for"," church"
"soundbeam.co.uk","  wildflowers  ","for"," Biodiversity"
"soundbeam.co.uk",". Heart  pump  ","for"," groin"
"soundbeam.co.uk","a new  record  ","for"," a commercial,"
"soundbeam.co.uk","in  return  ","for"," conservation"
"soundbeam.co.uk","  adviser  ","for"," Scotland has"
"ltu.mmu.ac.uk","  funds  ","for"," FAA:"
"ltu.mmu.ac.uk","Exploit  code  ","for"," Oracle hole"
"ltu.mmu.ac.uk","  resistance  ","for"," emergency"
"ltu.mmu.ac.uk","  teams  ","for"," deployment"
"ltu.mmu.ac.uk"," ","for"," missing"
"ltu.mmu.ac.uk","  deadlines  ","for"," developing a"
"ltu.mmu.ac.uk",")  networks  ","for"," critical"
"ltu.mmu.ac.uk","  funds  ","for"," FAA Source:"
"ltu.mmu.ac.uk","more  funds  ","for"," information"
"ltu.mmu.ac.uk","  computers  ","for"," use in a botnet"
"ltu.mmu.ac.uk","use in a  botnet  ","for"," identity"
"ltu.mmu.ac.uk","  deadline  ","for",""
"ltu.mmu.ac.uk","outside  firms  ","for"," help. http:/"
"ltu.mmu.ac.uk","  estimate  ","for"," a journalist."
"ltu.mmu.ac.uk","  algorithms  ","for"," iris"
"ltu.mmu.ac.uk","  cases  ","for"," RFID use are"
"ltu.mmu.ac.uk",": Exploit  code  ","for"," Oracle hole"
"ltu.mmu.ac.uk","patch  release  ","for"," October 2005"
"ltu.mmu.ac.uk","an  incentive  ","for"," creating"
"ltu.mmu.ac.uk"," ","for"," online"
"ltu.mmu.ac.uk","a good  choice  ","for"," increasing"
"ltu.mmu.ac.uk","  world  ","for"," years. http:/"
"ltu.mmu.ac.uk","of  books  ","for"," any purpose."
"ltu.mmu.ac.uk","their  demands  ","for"," exclusivity."
"ltu.mmu.ac.uk","  contract  ","for"," the BPO to"
"ltu.mmu.ac.uk","the  manuals  ","for"," these other"
"ltu.mmu.ac.uk","a  work-around  ","for",""
"ltu.mmu.ac.uk","  service  ","for"," copyrighted"
"ltu.mmu.ac.uk","and  referrals  ","for"," sources of"
"ltu.mmu.ac.uk","""  downloads  ","for"," $24.95 a month"
"ltu.mmu.ac.uk","  refunds  ","for"," customers who"
"ltu.mmu.ac.uk"," ","for"," any error or"
"squashsite.co.uk","  gain  ","for"," each family"
"squashsite.co.uk","each  family  ","for"," the above"
"squashsite.co.uk","your  reasons  ","for"," these"
"squashsite.co.uk","the  arguments  ","for"," changing the"
"ri.ac.uk","of  trustees  ","for"," people"
"harpercollins.co.uk","  wetsuit  ","for"," a scuba diving"
"harpercollins.co.uk","in the  country  ","for"," my age at the"
"cistercian-way.newport.ac.uk","  afflictions  ","for"," the growth of"
"platform-end.co.uk","a built in  need  ","for"," a father. I"
"platform-end.co.uk","think our  need  ","for"," a father is"
"platform-end.co.uk","greatest  need  ","for"," a father."
"platform-end.co.uk",". We have a  need  ","for"," a heavenly"
"platform-end.co.uk","driving  need  ","for"," a father so"
"platform-end.co.uk","gives the  sun  ","for"," light by day"
"platform-end.co.uk","moon and  stars  ","for"," light by night"
"skiclub.co.uk","A martial  art  ","for"," cowards? Not"
"skiclub.co.uk","  dormitories  ","for"," visiting"
"skiclub.co.uk","the  system  ","for"," its own sake."
"ch.cam.ac.uk","of the  baby  ","for"," a more"
"bcis.org.uk","  Metaphors  ","for",""
"bcis.org.uk","  metaphor  ","for",""
"bcis.org.uk","  metaphor  ","for"," that matter)"
"bcis.org.uk","  unit  ","for"," the exercise ("
"bcis.org.uk","as the  basis  ","for"," a new"
"bcis.org.uk","new  insights  ","for"," shaping"
"bcis.org.uk","  information  ","for"," personal use"
"bcis.org.uk","the  material  ","for"," any other"
"periodproperty.co.uk","and  readings  ","for"," children."
"periodproperty.co.uk","from  parents  ","for"," teaching and"
"periodproperty.co.uk","and  worship  ","for"," children in"
"j-sainsbury.co.uk","the  pool  ","for"," you to smear on"
"safeguardbarriers.co.uk","  explanation  ","for"," this link is"
"safeguardbarriers.co.uk","of 7.7  years  ","for"," death and"
"safeguardbarriers.co.uk","  figures  ","for"," deaths were 51"
"voice-online.co.uk","On  Democracy  ","for"," all, and"
"lonympics.co.uk","helping  hand  ","for"," 3G. Daily"
"lonympics.co.uk",". Click  link  ","for"," discount. www"
"lonympics.co.uk","coverage  maps  ","for"," all networks"
"lonympics.co.uk","  support  ","for"," a future in"
"lonympics.co.uk","  goodies  ","for"," download,"
"lonympics.co.uk","  database  ","for"," DSP products"
"lonympics.co.uk","  database  ","for"," RF products"
"connells.co.uk","gain  controls  ","for"," high and low"
"connells.co.uk","output  stages  ","for"," clipping and"
"connells.co.uk","and  output  ","for"," use with"
"troubleatwork.org.uk"," ","for"," commercial"
"troubleatwork.org.uk","  respect  ","for"," different"
"troubleatwork.org.uk","to  councils  ","for"," the"
"troubleatwork.org.uk","  explanation  ","for"," a process"
"troubleatwork.org.uk","as the  basis  ","for"," comparison"
"troubleatwork.org.uk","  procedure  ","for"," in-depth"
"troubleatwork.org.uk","  initiative  ","for"," less than one"
"troubleatwork.org.uk","  element  ","for"," those"
"troubleatwork.org.uk","  point  ","for"," sharing and"
"troubleatwork.org.uk","  consequences  ","for"," council"
"troubleatwork.org.uk","a good  medium  ","for"," improving"
"troubleatwork.org.uk","  potential  ","for"," community"
"troubleatwork.org.uk","a  platform  ","for",""
"troubleatwork.org.uk","  publicity  ","for"," councils, and"
"troubleatwork.org.uk","little  reason  ","for"," funding work"
"troubleatwork.org.uk","  support  ","for"," those"
"troubleatwork.org.uk","  implications  ","for"," their work in"
"troubleatwork.org.uk","and  support  ","for"," community"
"troubleatwork.org.uk","of the  need  ","for"," a forum from"
"troubleatwork.org.uk","the  community  ","for"," councils"
"troubleatwork.org.uk","  respect  ","for"," different"
"troubleatwork.org.uk","  respect  ","for"," cultural"
"troubleatwork.org.uk","  role  ","for"," the community"
"troubleatwork.org.uk","  agencies  ","for"," community"
"troubleatwork.org.uk"," ","for"," funding need"
"troubleatwork.org.uk","and  respect  ","for"," different"
"troubleatwork.org.uk","  support  ","for"," community"
"troubleatwork.org.uk","  funding  ","for"," three years,"
"troubleatwork.org.uk","of the  funding  ","for"," the programme"
"troubleatwork.org.uk"," ","for"," the programme"
"troubleatwork.org.uk","  respect  ","for"," the separate"
"troubleatwork.org.uk","  policy  ","for"," community"
"troubleatwork.org.uk","and  respect  ","for"," the different"
"troubleatwork.org.uk",",  education  ","for"," mutual"
"troubleatwork.org.uk","  respect  ","for"," the richness"
"troubleatwork.org.uk","a  forum  ","for"," community"
"troubleatwork.org.uk","''s  Strategy  ","for"," 1991-94)."
"troubleatwork.org.uk","  proposals  ","for"," action to"
"troubleatwork.org.uk","of  elections  ","for"," chairmen in"
"troubleatwork.org.uk","  respect  ","for"," different"
"troubleatwork.org.uk","75 % grant  aid  ","for"," the"
"troubleatwork.org.uk","  support  ","for"," appropriate"
"troubleatwork.org.uk","  relations  ","for"," them was the"
"troubleatwork.org.uk","  role  ","for"," a community"
"raintree-health.co.uk","class  project  ","for"," Spanish"
"raintree-health.co.uk","the  movement  ","For"," a South"
"raintree-health.co.uk","  Fight  ","for"," class"
"businessbureau-uk.co.uk","was the  man  ","for"," Peter"
"businessbureau-uk.co.uk","art of  cinema  ","for"," me today, and"
"businessbureau-uk.co.uk","measly  scenes  ","for"," Severus (I ''m"
"businessbureau-uk.co.uk","to the  cinema  ","for","? ! Yours"
"businessbureau-uk.co.uk","pang of  desire  ","for"," Grantchester"
"businessbureau-uk.co.uk","with my  habits  ","for"," nearly ten"
"businessbureau-uk.co.uk","my  submission  ","for"," this week ''s"
"businessbureau-uk.co.uk","my  desire  ","for",""
"businessbureau-uk.co.uk","no  interest  ","for"," me. Sometimes"
"businessbureau-uk.co.uk","of  treatments  ","for"," Alzheimer ''s"
"businessbureau-uk.co.uk",", "" the  name  ","for"," a type of fish"
"mysouthbank.co.uk","  Reception  ","for"," Britain ''s Top"
"mysouthbank.co.uk","Spelman (  MP  ","for"," Meriden) The"
"mysouthbank.co.uk","by the  SET  ","for"," Britain"
"mysouthbank.co.uk","Spelman,  MP  ","for"," his home town"
"canadapost.co.uk","I have no  time  ","for"," ordinary"
"canadapost.co.uk","to give  orders  ","for"," the wagon he"
"canadapost.co.uk"," ","for","? "" "" For"
"canadapost.co.uk","almost  word  ","for"," word what he"
"canadapost.co.uk","do  something  ","for"," a living, so I"
"canadapost.co.uk","do  something  ","for"," his living. "" """
"canadapost.co.uk","all the  credit  ","for"," unmasking the"
"star-www.st-and.ac.uk","of  upgrades  ","for"," Macintosh"
"star-www.st-and.ac.uk","/  repairs  ","for"," your old Mac or"
"star-www.st-and.ac.uk","We have  spares  ","for"," powerbook"
"star-www.st-and.ac.uk","email our  team  ","for"," details. We"
"star-www.st-and.ac.uk","and  repairs  ","for"," any machine"
"star-www.st-and.ac.uk","/  maintenance  ","for"," your office"
"star-www.st-and.ac.uk","  page  ","for"," more details."
"star-www.st-and.ac.uk","on the  links  ","for"," more"
"members.lycos.co.uk","the  military  ","for"," a minimum"
"members.lycos.co.uk","of  contents  ","for"," this Act is as >"
"members.lycos.co.uk","(d)  Selection  ","for"," Military"
"members.lycos.co.uk","  service  ","for"," a member of the"
"members.lycos.co.uk","surgical  care  ","for"," injury or >"
"members.lycos.co.uk","to  training  ","for"," any cause. > > ("
"members.lycos.co.uk","  service  ","for"," a > person"
"members.lycos.co.uk","  services  ","for"," a > period of at"
"members.lycos.co.uk","of  penalties  ","for"," failure to"
"members.lycos.co.uk","to >  inclusion  ","for",", or exemption"
"members.lycos.co.uk","and  benefits  ","for"," persons >"
"members.lycos.co.uk","  procedures  ","for"," registration"
"members.lycos.co.uk","to  induction  ","for"," national >"
"members.lycos.co.uk","  standards  ","for"," fitness for"
"members.lycos.co.uk","for  fitness  ","for"," military"
"members.lycos.co.uk","and >  fitness  ","for"," civilian"
"members.lycos.co.uk","of  persons  ","for"," military"
"members.lycos.co.uk","  service  ","for"," the period"
"windmill.co.uk","hours. 4  Look  ","for"," mites in their"
"windmill.co.uk","  houses  ","for"," birds"
"windmill.co.uk","cattle  wormer  ","for"," your birds, DO"
"windmill.co.uk","a dose of  1drop  ","for"," canaries 2"
"windmill.co.uk","2  drops  ","for"," larger birds."
"windmill.co.uk","in 2  weeks  ","for"," known"
"windmill.co.uk","2  Specific  ","for",""
"windmill.co.uk","  glands  ","for"," sustained"
"windmill.co.uk","of a  host  ","for"," up to six weeks"
"windmill.co.uk","on the  host  ","for"," 4-7 days, the"
"windmill.co.uk","the  potential  ","for"," development"
"alnwick-fair.co.uk","fetch  water  ","for"," their eyes '' ("
"alnwick-fair.co.uk","  points  ","for"," visitors to"
"alnwick-fair.co.uk","in  return  ","for"," bread and"
"alnwick-fair.co.uk","felt a  desire  ","for"," a more exalted"
"alnwick-fair.co.uk","valley  bottom  ","for"," this part of"
"alnwick-fair.co.uk","to be a  cure  ","for"," sore eyes,"
"partnershiptravel.co.uk","in  return  ","for"," their help in"
"partnershiptravel.co.uk","such as  pewter  ","for"," casting. It"
"partnershiptravel.co.uk","to see  pattern  ","for"," T-tunic Men"
"partnershiptravel.co.uk","  group  ","For"," children BBC"
"vads.ahds.ac.uk","form the  basis  ","for"," a moral"
"vads.ahds.ac.uk","  nominations  ","for"," National"
"journalism.cf.ac.uk","  implications  ","for"," other readers"
"e-f-t.co.uk","the  need  ","for"," a therapist."
"e-f-t.co.uk","  results  ","for"," a wide range of"
"bseinquiry.gov.uk",").  Headings  ","for"," Digest entry ("
"appletoninbloom.co.uk","of  affection  ","for"," the many small"
"bioinf.org.uk","of  nutrition  ","for"," healthy"
"bioinf.org.uk","will take  time  ","for"," them to lose"
"bioinf.org.uk","is the  brand  ","for"," products from"
"bioinf.org.uk","its own  manure  ","for"," the soil. All"
"portakabin.co.uk","or  interest  ","for"," the"
"portakabin.co.uk","top  priority  ","for"," the"
"portakabin.co.uk",". Great  trips  ","for"," supporters"
"portakabin.co.uk","of  results  ","for"," Gloucester at"
"portakabin.co.uk","added  tries  ","for"," Gloucester. A"
"portakabin.co.uk","a better  game  ","for"," Gloucester,"
"portakabin.co.uk","  afternoon  ","for"," the Cherry and"
"workingintheuk.gov.uk","sponsor a  race  ","for"," a minimum"
"workingintheuk.gov.uk","  prize  ","for"," each race. The"
"workingintheuk.gov.uk","Hold a  raffle  ","for"," sponsored"
"workingintheuk.gov.uk","  tickets  ","for"," different"
"ridley.cam.ac.uk","in  protection  ","for"," school"
"ridley.cam.ac.uk"," ","for"," which it had"
"vacant.org.uk","the  process  ","for"," ourselves as"
"vacant.org.uk","  transcripts  ","for"," patterns. We"
"vacant.org.uk","  metaphor  ","for"," two reasons."
"vacant.org.uk","  prepositions  ","for"," instance. The"
"vacant.org.uk","  information  ","for"," personal use"
"vacant.org.uk","the  material  ","for"," any other"
"swisscottagemarlow.co.uk","incident  IHD  ","for"," an average of"
"liverpoolmuseums.org.uk","and  tools  ","for",""
"liverpoolmuseums.org.uk","the new  duties  ","for"," providers of"
"liverpoolmuseums.org.uk","M, the  duties  ","for"," design teams"
"liverpoolmuseums.org.uk","  training  ","for"," those seeking"
"liverpoolmuseums.org.uk","  audit  ","for"," feedback and"
"liverpoolmuseums.org.uk","A new  service  ","for"," access"
"liverpoolmuseums.org.uk","  training  ","for"," occupational"
"liverpoolmuseums.org.uk","  programmes  ","for"," Building"
"liverpoolmuseums.org.uk","  suggestions  ","for"," improving"
"liverpoolmuseums.org.uk","and  Awareness  ","for"," Customer"
"liverpoolmuseums.org.uk"," ","for"," the actions"
"liverpoolmuseums.org.uk","and  planning  ","for"," alterations"
"liverpoolmuseums.org.uk","  implications  ","for"," making"
"liverpoolmuseums.org.uk","  adjustment  ","for"," planning"
"liverpoolmuseums.org.uk","  solutions  ","for"," access for"
"liverpoolmuseums.org.uk","for  access  ","for"," disabled"
"liverpoolmuseums.org.uk","  environment  ","for"," both pre and"
"liverpoolmuseums.org.uk","  guidance  ","for"," designers"
"liverpoolmuseums.org.uk","  grounding  ","for"," people who may"
"liverpoolmuseums.org.uk","at a daily  rate  ","for"," the trainer,"
"liverpoolmuseums.org.uk","the key  issues  ","for"," those"
"liverpoolmuseums.org.uk","&  knowledge  ","for"," making access"
"liverpoolmuseums.org.uk","the new  duties  ","for"," public"
"liverpoolmuseums.org.uk","SEN  framework  ","for"," disabled"
"liverpoolmuseums.org.uk","  environments  ","for"," everyone to"
"liverpoolmuseums.org.uk","  environment  ","for"," all users. The"
"liverpoolmuseums.org.uk","  research  ","for"," disability"
"liverpoolmuseums.org.uk","of  equipment  ","for"," people with"
"walltowall.co.uk","shrewd  eyes  ","for"," the main"
"walltowall.co.uk","is no  room  ","for"," buts, my lad, """
"walltowall.co.uk","a false  game  ","for"," months--that"
"walltowall.co.uk","high  treason  ","for"," anyone to be"
"walltowall.co.uk","the  diamonds  ","for"," a mere nothing"
"archive.official-documents.co.uk","we had  plans  ","for"," another day,"
"archive.official-documents.co.uk","The  copyright  ","for"," this article"
"greywall.demon.co.uk","have the  fever  ","for"," weeks or"
"greywall.demon.co.uk","are in  date  ","for"," it. Booster"
"greywall.demon.co.uk","  vaccine  ","for"," adults and"
"greywall.demon.co.uk","  adolescents  ","for"," routine use"
"greywall.demon.co.uk","A blood  test  ","for"," antibodies"
"greywall.demon.co.uk","of  excreta  ","for"," up to 6 weeks."
"greywall.demon.co.uk","are in  date  ","for"," polio"
"greywall.demon.co.uk","carrier  state  ","for"," hepatitis A."
"greywall.demon.co.uk","  cholera  ","for"," people"
"greywall.demon.co.uk","every 10  years  ","for"," travellers"
"greywall.demon.co.uk","or  months  ","for"," symptoms to"
"greywall.demon.co.uk","  place  ","for"," the illness to"
"greywall.demon.co.uk","urine  sample  ","for"," analysis to"
"greywall.demon.co.uk","boil  water  ","for"," 1 minute or"
"greywall.demon.co.uk","Boiling  water  ","for"," at least 1"
"greywall.demon.co.uk","a storage  tank  ","for"," at least 48"
"greywall.demon.co.uk","  hazard  ","for"," many people"
"greywall.demon.co.uk","  hazard  ","for"," campers or"
"greywall.demon.co.uk","in  semen  ","for"," up to three"
"greywall.demon.co.uk","  period  ","for"," Ebola HF"
"greywall.demon.co.uk","  treatment  ","for"," Ebola HF."
"greywall.demon.co.uk","animal  host  ","for"," Marburg virus"
"greywall.demon.co.uk","  treatment  ","for"," this disease"
"greywall.demon.co.uk",".  Measures  ","for"," prevention of"
"asab.icapb.ed.ac.uk","it makes  sense  ","for"," the two Groups"
"asab.icapb.ed.ac.uk","the  reasons  ","for"," women leaving"
"asab.icapb.ed.ac.uk","may be  scope  ","for"," the AWS to"
"armedforces.co.uk","QCA and  Skills  ","for"," Health said"
"armedforces.co.uk","of  competence  ","for"," all"
"armedforces.co.uk","show  support  ","for"," regulation of"
"armedforces.co.uk","single  source  ","for"," everyone to"
"armedforces.co.uk","show  support  ","for"," regulation."
"armedforces.co.uk","  structures  ","for"," the"
"armedforces.co.uk","  requirements  ","for"," the eventual"
"armedforces.co.uk","  application  ","for"," the"
"armedforces.co.uk","by  insurance  ","for"," aromatherapy"
"armedforces.co.uk","  protection  ","for"," the public at"
"armedforces.co.uk","your  support  ","for"," regulation."
"armedforces.co.uk","  structure  ","for"," aromatherapy"
"armedforces.co.uk","  body  ","for"," Aromatherapy"
"armedforces.co.uk","the  structure  ","for"," a Council"
"armedforces.co.uk","and  costings  ","for"," the eventual"
"nasuwt.org.uk",":  Strategies  ","for"," human mating,"
"nasuwt.org.uk","  base  ","for"," this area. ''"
"nasuwt.org.uk","the  desire  ","for"," chastity"
"nasuwt.org.uk","  support  ","for"," the"
"nasuwt.org.uk","as a  metaphor  ","for"," explaining"
"nasuwt.org.uk",", in  order  ","for"," us to be able to"
"nasuwt.org.uk","new  technique  ","for"," personality"
"nasuwt.org.uk","  permission  ","for"," use of his work"
"bplans.co.uk","a  wheelchair  ","for"," the greater"
"bplans.co.uk","the  Infirmary  ","for"," 8. I thought, """
"bplans.co.uk","  prescription  ","for"," antibiotics,"
"bplans.co.uk","on every  day  ","for"," three weeks. I"
"micromaterials.co.uk","  application  ","for"," the Treo"
"micromaterials.co.uk","! Full  support  ","for",""
"micromaterials.co.uk","birth  date  ","for"," any of your"
"micromaterials.co.uk","your  contacts  ","for"," a given month."
"micromaterials.co.uk","a free  upgrade  ","for"," registered"
"micromaterials.co.uk","to spend  £12  ","for"," a pack of 3?"
"micromaterials.co.uk","  resource  ","for"," all Windows"
"micromaterials.co.uk","100 %  discount  ","for"," the next three"
"micromaterials.co.uk","  minute  ","for"," the first"
"micromaterials.co.uk","beta  forums  ","for"," Quanto. User"
"micromaterials.co.uk","  competition  ","for"," the resources"
"micromaterials.co.uk","it.... ""  Works  ","for"," Windows"
"micromaterials.co.uk","locked  doors  ","for"," which you will"
"micromaterials.co.uk","  game  ","for"," Palm OS. Who"
"micromaterials.co.uk","to aid his  bid  ","for"," freedom."
"micromaterials.co.uk","Just in  time  ","for"," the World Cup"
"micromaterials.co.uk","soccer  game  ","for"," handheld"
"micromaterials.co.uk","AI  engine  ","for"," varied and"
"micromaterials.co.uk","red  card  ","for"," a ''bad '' foul)?"
"micromaterials.co.uk"," ","for"," the quickest"
"micromaterials.co.uk"," ","for"," unlawful"
"psy.gla.ac.uk","the  Campaign  ","for"," Freedom of"
"psy.gla.ac.uk","  information  ","for"," commercial"
"psy.gla.ac.uk","  explanation  ","for"," apparent"
"psy.gla.ac.uk","''s  proposals  ","for"," a Freedom of"
"psy.gla.ac.uk","  bill  ","for"," consultation"
"derek.henderson.btinternet.co.uk",".  Stories  ","for"," an Enchanted"
"practicalpc.co.uk","  colour  ","for"," a background"
"userfocus.co.uk","to raise  money  ","for"," No One Is"
"userfocus.co.uk","and  campaigns  ","for"," the right of"
"userfocus.co.uk","a  pamphlet  ","for"," trade"
"userfocus.co.uk","send a  cheque  ","for"," £2 made out to"
"gothicimage.co.uk","in  return  ","for"," their annual"
"blackheathrugby.co.uk",",  proposals  ","for"," new"
"blackheathrugby.co.uk",".  Procedures  ","for"," the approval"
"blackheathrugby.co.uk"," ","for",""
"blackheathrugby.co.uk","2  Procedure  ","for"," Approving New"
"blackheathrugby.co.uk","(PPI)  form  ","for"," all new"
"blackheathrugby.co.uk","  deadline  ","for"," submission of"
"blackheathrugby.co.uk","  timetable  ","for"," gaining"
"blackheathrugby.co.uk","to the  Faculty  ","for"," changes to"
"blackheathrugby.co.uk","  Process  ","For"," changes to"
"blackheathrugby.co.uk","  procedure  ","for"," seeking"
"mud.co.uk","as a  mediator  ","for"," the United"
"mud.co.uk","  forces  ","for"," mediation has"
"mud.co.uk","  groundwork  ","for",""
"mud.co.uk","of  success  ","for"," a mediator"
"mud.co.uk","their  job  ","for"," them. There is"
"mud.co.uk","  endeavour  ","for"," me. I know this"
"mud.co.uk",",  education  ","for"," change occurs"
"mud.co.uk","  points  ","for"," real"
"mud.co.uk","is  something  ","for"," the"
"mud.co.uk","a  resource  ","for"," that area."
"mud.co.uk","  resources  ","for"," conflict"
"ramagazine.org.uk","us with  beer  ","for"," tobacco. A 24"
"ramagazine.org.uk","soap or  water  ","for"," weeks, yet the"
"ramagazine.org.uk","  Thankyou  ","for"," the stories"
"ramagazine.org.uk","  silence  ","for"," the war dead I"
"ramagazine.org.uk","with a war  hero  ","for"," a dad and"
"ayrshirehistory.org.uk",":  Bioscience  ","for"," Society"
"ayrshirehistory.org.uk","  bioscience  ","for"," society"
"kavkaz.org.uk"," ","for"," commercial"
"kavkaz.org.uk","  staff  ","for"," their"
"kavkaz.org.uk","of the  study  ","for"," their"
"kavkaz.org.uk","  evidence  ","for"," the view ("
"kavkaz.org.uk","of?  Education  ","for"," Mutual"
"kavkaz.org.uk","  funds  ","for"," such schemes"
"kavkaz.org.uk","). The  outlook  ","for"," community"
"kavkaz.org.uk","  priorities  ","for"," action for the"
"kavkaz.org.uk","for  action  ","for"," the education"
"kavkaz.org.uk","build  respect  ","for",", and"
"kavkaz.org.uk",".  Education  ","for"," Mutual"
"kavkaz.org.uk","  curriculum  ","for"," youth work"
"kavkaz.org.uk","a  rationale  ","for"," the"
"kavkaz.org.uk","  opportunity  ","for"," themselves"
"kavkaz.org.uk","to pave the  way  ","for"," a formal"
"kavkaz.org.uk","  directions  ","for"," future"
"fanderson.org.uk","a  haven  ","for"," Londoners."
"fanderson.org.uk","to the  Goddess  ","for"," fertility."
"rousette.org.uk","  opportunity  ","for"," scribal"
"rousette.org.uk","an  occasion  ","for"," the"
"rousette.org.uk","the  occasion  ","for"," distraction"
"rousette.org.uk","the  reeds  ","for"," writing and"
"rousette.org.uk","constant  need  ","for"," re-inking is"
"rousette.org.uk","  opportunity  ","for"," distraction"
"rousette.org.uk","III.  Evidence  ","for"," Re-inking in"
"rousette.org.uk","  opportunity  ","for",""
"rousette.org.uk","  exemplar  ","for"," P. Oxy 657"
"rousette.org.uk","that the  pause  ","for"," re-inking"
"rousette.org.uk","  opportunity  ","for"," distraction,"
"rousette.org.uk","  opportunity  ","for"," scribal"
"rousette.org.uk","serve as  pens  ","for"," writing on"
"rousette.org.uk","and  stilus  ","for"," the children ''"
"rousette.org.uk","1,000  bundles  ","for"," 15 drachmae ];"
"rousette.org.uk","  epigram  ","for"," a certain"
"rousette.org.uk","), the  sponge  ","for"," wiping pens,"
"tripadvisor.co.uk","the home  page  ","for"," the people who"
"tripadvisor.co.uk","the  community  ","for"," an average of"
"tripadvisor.co.uk","off the  grid  ","for"," electricity"
"tripadvisor.co.uk",".  Shoes  ","for"," fingers. Via"
"tripadvisor.co.uk","in  person  ","for"," his"
"tripadvisor.co.uk"," ","for"," the troops at"
"tripadvisor.co.uk","  advertising  ","for"," a major"
"tripadvisor.co.uk","best  lighting  ","for"," the cans,"
"tripadvisor.co.uk","- donate  water  ","for"," free. '' The"
"tripadvisor.co.uk","to be a  recipe  ","for"," disaster. The"
"tripadvisor.co.uk","  service  ","for"," its partner"
"tripadvisor.co.uk","  initiatives  ","for"," marginalised"
"tripadvisor.co.uk","  suggestions  ","for"," organic slug"
"tripadvisor.co.uk","  glacier  ","for"," 5300 years,"
"tripadvisor.co.uk","  gallery  ","for"," children '' (of"
"tripadvisor.co.uk","item is  show  ","for"," 8 seconds. ''"
"tripadvisor.co.uk","wisdom.  Idea  ","for"," a web site:"
"shopping.excite.co.uk","farm  names  ","for",""
"shopping.excite.co.uk","were  baths  ","for"," ladies and for"
"shopping.excite.co.uk","royal  licence  ","for"," conduits"
"shopping.excite.co.uk","our  thanks  ","for"," very generous"
"cherryred.co.uk","] It ''s  time  ","for"," our dove. The"
"cherryred.co.uk","Phrack.  CALL  ","FOR"," PAPERS * CALL"
"cherryred.co.uk","PAPERS *  CALL  ","FOR"," PAPERS * CALL"
"cherryred.co.uk","PAPERS *  CALL  ","FOR"," PAPERS"
"mda.org.uk","PC  Networking  ","for"," OS 8 & 9 This is"
"vue.org.uk",". Some  wait  ","for"," life to make"
"vue.org.uk","  descendants  ","for"," over 400 years"
"vue.org.uk","God in  bondage  ","for"," hundreds of"
"vue.org.uk","in  suffering  ","for"," God to explain"
"vue.org.uk","in  agony  ","for"," the people to"
"vue.org.uk",". The  purpose  ","for"," his coming was"
"vue.org.uk","is  nothing  ","for"," you in the"
"vue.org.uk","  anticipation  ","for"," the coming of"
"maths.sussex.ac.uk","felt more  fit  ","for"," purpose as an"
"liverweb.org.uk","argument  list  ","for"," the"
"cedr.co.uk","  classes  ","for"," us. The most"
"cedr.co.uk","  figure  ","for"," the so-called"
"cedr.co.uk","are the  plans  ","for"," Ensemble"
"bexley.gov.uk"," ","for"," cycling"
"bexley.gov.uk","  Information  ","For"," further"
"les.man.ac.uk","  procedure  ","for"," all its degree"
"les.man.ac.uk","the right  fit  ","for"," you. Learn"
"education.bham.ac.uk","the  facility  ","for"," you to"
"thecornerhouse.org.uk","our  target  ","for"," the year of 2"
"thecornerhouse.org.uk","take our  word  ","for"," it: find out"
"thecornerhouse.org.uk","third  party  ","for"," any reason."
"thecornerhouse.org.uk","as the  basis  ","for"," links to"
"thecornerhouse.org.uk","as the  basis  ","for"," a link, a"
"rodge.force9.co.uk","  equipment  ","for"," a trip,"
"rodge.force9.co.uk",", or when  time  ","for"," natural"
"rodge.force9.co.uk","your  doctor  ","for"," a"
"francealacarte.org.uk","  supplier  ","for"," further"
"uncaged.co.uk","little  jobs  ","for"," farmers in"
"uncaged.co.uk"," ","for"," the paper,"
"uncaged.co.uk"," ","for"," half a dollar"
"uncaged.co.uk","  nothing  ","for"," it. Well, he"
"uncaged.co.uk","day ''s  work  ","for"," it. Then he"
"meps.org.uk","for a  pattern  ","for"," a ''Hornblower"
"victorianartinbritain.co.uk","  schools  ","for","? Do they give"
"victorianartinbritain.co.uk","on the  need  ","for"," children to"
"victorianartinbritain.co.uk","of  reasons  ","for"," this, some of"
"victorianartinbritain.co.uk","the  need  ","for"," integrated"
"victorianartinbritain.co.uk","the  support  ","for"," integration"
"victorianartinbritain.co.uk","form of  school  ","for"," their own and"
"victorianartinbritain.co.uk","no  salaries  ","for"," teachers."
"readers.penguin.co.uk","new  powers  ","for"," the carrying"
"readers.penguin.co.uk","  development  ","for",""
"readers.penguin.co.uk","  requirements  ","for"," scheduled"
"readers.penguin.co.uk","is  provision  ","for"," compensation"
"readers.penguin.co.uk","to  sites  ","for"," excavation"
"readers.penguin.co.uk","  candidates  ","for"," inclusion. '' 2"
"readers.penguin.co.uk","  interest  ","for"," historic,"
"readers.penguin.co.uk","make out a  case  ","for"," individual"
"readers.penguin.co.uk"," ","for"," repair and"
"dcs.warwick.ac.uk","  requirements  ","for"," a Consultant"
"dcs.warwick.ac.uk","  pack  ","for"," more details)"
"markboulton.co.uk","a top  priority  ","for"," us. TX: 14th"
"bllearning.co.uk","the  script  ","for"," Psycho. Peter"
"bllearning.co.uk","script  editor  ","for"," the first"
"bllearning.co.uk",". His  films  ","for"," Hammer"
"bllearning.co.uk","at  direting  ","for"," film or TV. His"
"bllearning.co.uk","  titles  ","for"," the series"
"bllearning.co.uk","  production  ","for"," the entire"
"bspd.co.uk","  aspirations  ","for"," the future may"
"bspd.co.uk","  strategies  ","for"," girls. An"
"bspd.co.uk","  provision  ","for"," disaffected"
"bspd.co.uk","and  care  ","for"," pregnant"
"bspd.co.uk"," ","for"," their support"
"bspd.co.uk","  concerns  ","for"," many girls."
"bspd.co.uk","  suggestions  ","for"," how they would"
"tertiary.consoleroom.btinternet.co.uk","  authority  ","for"," care and"
"tertiary.consoleroom.btinternet.co.uk","of  referral  ","for"," asylum"
"tertiary.consoleroom.btinternet.co.uk","  timetable  ","for"," the Oakington"
"tertiary.consoleroom.btinternet.co.uk",". Day 6:  Target  ","for"," decisions in"
"tertiary.consoleroom.btinternet.co.uk","Day 10:  Target  ","for"," decisions in"
"tertiary.consoleroom.btinternet.co.uk","  interviews  ","for"," caseworkers;"
"tertiary.consoleroom.btinternet.co.uk","  interviews  ","for"," asylum"
"tertiary.consoleroom.btinternet.co.uk","a  need  ","for"," protection in"
"www-micro.msb.le.ac.uk","were the  basis  ","for"," the amazing"
"www-micro.msb.le.ac.uk",". The next  step  ","for"," John and"
"www-micro.msb.le.ac.uk","the  process  ","for"," the ongoing"
"www-micro.msb.le.ac.uk","  people  ","for"," observable"
"www-micro.msb.le.ac.uk","  strategies  ","for"," access to"
"www-micro.msb.le.ac.uk","is a  process  ","for"," identifying"
"www-micro.msb.le.ac.uk","Our  purpose  ","for"," defining"
"www-micro.msb.le.ac.uk","Modify  model  ","for"," transferring"
"www-micro.msb.le.ac.uk","  not-knowing  ","for"," as long as"
"www-micro.msb.le.ac.uk","had a  method  ","for"," ''setting"
"www-micro.msb.le.ac.uk","a  conduit  ","for"," ''healing"
"www-micro.msb.le.ac.uk","nerk ''  state  ","for"," as long as"
"www-micro.msb.le.ac.uk","another  name  ","for"," learning) is"
"www-micro.msb.le.ac.uk","new  idea  ","for"," many people."
"www-micro.msb.le.ac.uk","  storyteller  ","for"," the benefit of"
"www-micro.msb.le.ac.uk","raw  material  ","for"," the Symbolic"
"www-micro.msb.le.ac.uk","raw  material  ","for"," Sensory"
"www-micro.msb.le.ac.uk","raw  material  ","for"," Conceptual"
"www-micro.msb.le.ac.uk","the  reasons  ","for"," our knowing."
"www-micro.msb.le.ac.uk","is the  problem  ","for"," the client."
"www-micro.msb.le.ac.uk","in  behaviour  ","for"," a common"
"www-micro.msb.le.ac.uk","from? 8  Asks  ","for"," source of"
"www-micro.msb.le.ac.uk","clip? 10  Asks  ","for"," attributes of"
"www-micro.msb.le.ac.uk","to do? 12  Asks  ","for"," desired"
"www-micro.msb.le.ac.uk","of  symbol  ","for"," the client in"
"www-micro.msb.le.ac.uk"," ","for"," the client are"
"www-micro.msb.le.ac.uk","final  warning  ","for"," his poor sales"
"www-micro.msb.le.ac.uk","  information  ","for"," personal use"
"www-micro.msb.le.ac.uk","the  material  ","for"," any other"
"bdga.org.uk","over a  link  ","for"," more detail"
"hitched.co.uk","Small  discs  ","for"," camcorders"
"hitched.co.uk","of the  discs  ","for"," gadgets like"
"mimas.ac.uk","paying  £200  ","for"," a pocket radio"
"mimas.ac.uk","on  train  ","for"," less than a"
"mimas.ac.uk","an MP3  player  ","for"," when on a"
"mimas.ac.uk","A nice  feature  ","for"," not wasting"
"mimas.ac.uk","  mode  ","for"," power switch"
"mimas.ac.uk","  software  ","for"," your PCs? and 2"
"mimas.ac.uk","a  cable  ","for"," the Moto and"
"mimas.ac.uk","the  maximum  ","for"," Li-Ion on the"
"mimas.ac.uk","Mains  adaptor  ","for"," the player is"
"imaginativeicing.demon.co.uk","  premises  ","for"," a few days"
"imaginativeicing.demon.co.uk","  antibodies  ","for"," each foreign"
"imaginativeicing.demon.co.uk","to the  rules  ","for"," eating and"
"imaginativeicing.demon.co.uk","the  need  ","for"," immunisation"
"imaginativeicing.demon.co.uk","  requirements  ","for"," travellers."
"imaginativeicing.demon.co.uk","  measure  ","for"," the receiving"
"imaginativeicing.demon.co.uk","  site  ","for"," patient"
"imaginativeicing.demon.co.uk","allows  time  ","for"," antibodies to"
"imaginativeicing.demon.co.uk","  travelers  ","for"," whom exposure"
"imaginativeicing.demon.co.uk",") the  need  ","for"," vaccination"
"imaginativeicing.demon.co.uk","when the  need  ","for"," vaccination"
"imaginativeicing.demon.co.uk","Fever  page  ","for"," more"
"imaginativeicing.demon.co.uk","  protection  ","for"," up to three"
"imaginativeicing.demon.co.uk","  course  ","for"," all three is"
"imaginativeicing.demon.co.uk","  vaccine  ","for"," adults and"
"imaginativeicing.demon.co.uk","  adolescents  ","for"," routine use"
"imaginativeicing.demon.co.uk","act as  vectors  ","for"," transmission"
"imaginativeicing.demon.co.uk","five  years  ","for"," adults and"
"imaginativeicing.demon.co.uk","risk  areas  ","for"," long periods"
"imaginativeicing.demon.co.uk",". The  need  ","for"," a booster is"
"imaginativeicing.demon.co.uk","  strategy  ","for"," every country"
"imaginativeicing.demon.co.uk","every  country  ","for"," the long-term"
"imaginativeicing.demon.co.uk","  cholera  ","for"," people"
"imaginativeicing.demon.co.uk","of 2  doses  ","for"," adults and"
"imaginativeicing.demon.co.uk","after 2  years  ","for"," adults and"
"imaginativeicing.demon.co.uk","after 6  months  ","for"," children aged"
"nbs.ntu.ac.uk","  programme  ","for"," people with"
"nbs.ntu.ac.uk"," ","for"," an additional"
"nbs.ntu.ac.uk","  Implications  ","for"," future"
"nbs.ntu.ac.uk","  programme  ","for"," people with"
"arts.ac.uk","  operators  ","for"," a dozen US"
"adeptscience.co.uk","reports?  Work  ","for"," durham21"
"adeptscience.co.uk","up  visibility  ","for"," your work. If"
"adeptscience.co.uk",": (  click  ","for"," more info)"
"adeptscience.co.uk","  look  ","for"," the site as a"
"bbcgovernors.co.uk"," ","for"," commercial"
"bbcgovernors.co.uk",".  Education  ","for"," Mutual"
"bbcgovernors.co.uk","the  pattern  ","for"," the majority"
"bbcgovernors.co.uk",")  option  ","for"," those parents"
"bbcgovernors.co.uk","  criteria  ","for"," the"
"bbcgovernors.co.uk","the  beginning  ","for"," a process"
"bbcgovernors.co.uk","to be a  focus  ","for"," the attention"
"bbcgovernors.co.uk","  stage  ","for"," all parties."
"bbcgovernors.co.uk","  competition  ","for"," dwindling"
"bbcgovernors.co.uk",", in  return  ","for"," financial"
"bbcgovernors.co.uk","  system  ","for"," the new state"
"bbcgovernors.co.uk","  funding  ","for"," the Catholic"
"bbcgovernors.co.uk","  support  ","for"," such views was"
"bbcgovernors.co.uk","  support  ","for"," the idea of"
"bbcgovernors.co.uk","of  support  ","for",""
"bbcgovernors.co.uk","formed a  basis  ","for"," continuing"
"bbcgovernors.co.uk","of  guidelines  ","for"," work in this"
"bbcgovernors.co.uk","  Education  ","for"," Mutual"
"bbcgovernors.co.uk","  communities  ","for"," over half a"
"bbcgovernors.co.uk","  procedures  ","for"," obtaining"
"bbcgovernors.co.uk"," ","for"," running costs"
"bbcgovernors.co.uk","  procedures  ","for"," approving and"
"bbcgovernors.co.uk","and less  need  ","for"," private"
"bbcgovernors.co.uk"," ","for"," integrated"
"bbcgovernors.co.uk","  support  ","for"," integrated"
"bbcgovernors.co.uk","other  sectors  ","for"," joint work and"
"bbcgovernors.co.uk"," ","for"," some of the"
"bbcgovernors.co.uk"," ","for"," establishing"
"bbcgovernors.co.uk","of a  role  ","for"," NICIE and the"
"bbcgovernors.co.uk","  structure  ","for"," integrated"
"bbcgovernors.co.uk","in the  area  ","for"," the"
"bbcgovernors.co.uk","  motivation  ","for",""
"bbcgovernors.co.uk","  incentives  ","for"," change,"
"bbcgovernors.co.uk","  school  ","for"," their child."
"bbcgovernors.co.uk","  facilities  ","for"," the wide range"
"bbcgovernors.co.uk","  interviews  ","for","? Breaking the"
"bbcgovernors.co.uk",". The  format  ","for"," these"
"bbcgovernors.co.uk","of  questions  ","for"," subsequent"
"bbcgovernors.co.uk",". The  format  ","for"," these"
"bbcgovernors.co.uk","  permission  ","for"," the Research"
"bbcgovernors.co.uk"," ","for"," liaising with"
"bbcgovernors.co.uk"," ","for"," the interview"
"bbcgovernors.co.uk","  courses  ","for"," newly"
"bbcgovernors.co.uk","  structure  ","for"," Catholic"
"bbcgovernors.co.uk"," ","for"," around 20,000"
"bbcgovernors.co.uk","at the  polls  ","for"," the Labour"
"bbcgovernors.co.uk","our  requests  ","for"," interviews on"
"bbcgovernors.co.uk","the  fieldwork  ","for","? Breaking the"
"bbcgovernors.co.uk","  application  ","for"," a judicial"
"bbcgovernors.co.uk","  significance  ","for"," the future of"
"bbcgovernors.co.uk","the  criteria  ","for","?"
"bbcgovernors.co.uk","or  scenarios  ","for"," the future"
"newtonproject.ic.ac.uk",", in  return  ","for"," which they"
"newtonproject.ic.ac.uk","  investment  ","for"," your future."
"newtonproject.ic.ac.uk","  duplicators  ","for"," key branches"
"newtonproject.ic.ac.uk","  security  ","for"," our newly"
"taxibus.org.uk","a  framework  ","for"," England ''s"
"taxibus.org.uk","  revenue  ","for"," English"
"taxibus.org.uk"," ","for"," a wide range of"
"taxibus.org.uk","the  framework  ","for"," accurate and"
"taxibus.org.uk","  standards  ","for"," the tourism"
"taxibus.org.uk","Easier  access  ","for"," tourism"
"taxibus.org.uk","here.  Files  ","for"," download The"
"taxibus.org.uk","their  plans  ","for"," future"
"taxibus.org.uk"," ","for"," updating the"
"taxibus.org.uk","  support  ","for"," their"
"greenpeace.org.uk","  opportunity  ","for"," left"
"greenpeace.org.uk","the  prospects  ","for"," Welsh"
"cronab.demon.co.uk","  requirements  ","for"," the insert"
"cronab.demon.co.uk","  requirements  ","for"," the"
"cronab.demon.co.uk","-  preparation  ","for"," delivery"
"cronab.demon.co.uk","  requirements  ","for"," the prime item"
"cronab.demon.co.uk",", (2) an  engine  ","for"," a vehicle, (3)"
"cronab.demon.co.uk",") a power  drive  ","for"," a rocket or"
"cronab.demon.co.uk","be the  basis  ","for",", and"
"cronab.demon.co.uk","  requirements  ","for"," each"
"cronab.demon.co.uk","  requirements  ","for"," reliability,"
"cronab.demon.co.uk",", and  access  ","for"," maintenance."
"cronab.demon.co.uk","  Requirements  ","for"," transport and"
"cronab.demon.co.uk","  requirements  ","for"," reliability"
"cronab.demon.co.uk","  requirements  ","for",""
"cronab.demon.co.uk","  requirements  ","for",""
"cronab.demon.co.uk","  criteria  ","for"," the selection"
"cronab.demon.co.uk","  requirements  ","for"," the use of"
"cronab.demon.co.uk","  parts  ","for"," which"
"cronab.demon.co.uk","  Requirements  ","for"," materials to"
"cronab.demon.co.uk","  requirements  ","for"," the material."
"cronab.demon.co.uk","  requirements  ","for"," nameplates,"
"cronab.demon.co.uk","  requirements  ","for"," development"
"cronab.demon.co.uk","  requirements  ","for"," manufacture"
"cronab.demon.co.uk","  requirements  ","for"," the prime item"
"cronab.demon.co.uk","the  plan  ","for"," prime item"
"cronab.demon.co.uk","  Requirements  ","for"," documenting"
"cronab.demon.co.uk","a  requirement  ","for"," procurement"
"cronab.demon.co.uk","  requirements  ","for"," new"
"cronab.demon.co.uk","be the  basis  ","for"," ultimate"
"cronab.demon.co.uk","  personnel  ","for"," each"
"cronab.demon.co.uk","  personnel  ","for"," each"
"cronab.demon.co.uk","  requirements  ","for",""
"cronab.demon.co.uk","  subparagraph  ","for"," each major"
"cronab.demon.co.uk","  requirements  ","for"," the various"
"cronab.demon.co.uk",",  location  ","for"," performance"
"cronab.demon.co.uk"," ","for"," inspection,"
"cronab.demon.co.uk"," ","for"," tests. This"
"cronab.demon.co.uk"," ","for"," performance"
"cronab.demon.co.uk"," ","for"," quality"
"cronab.demon.co.uk"," ","for"," testing shall"
"cronab.demon.co.uk","  requirements  ","for",""
"cronab.demon.co.uk","  evaluation  ","for"," selection of"
"cronab.demon.co.uk","logical  order  ","for"," sequential"
"cronab.demon.co.uk","5  PREPARATION  ","FOR"," DELIVERY This"
"cronab.demon.co.uk","  guidance  ","for"," the"
"cronab.demon.co.uk","the prime  item  ","for"," delivery."
"cronab.demon.co.uk","  documents  ","for"," convenience"
"unemployeddoctor.co.uk","  reasons  ","for"," justifying"
"unemployeddoctor.co.uk","his  mistress  ","for"," an hour. The"
"unemployeddoctor.co.uk","a  cigar  ","for"," him; mine made"
"unemployeddoctor.co.uk","  chocolate  ","for"," me, and wrote"
"kore.co.uk",".  Payments  ","for"," on call work"
"kore.co.uk",". A  proposal  ","for"," the new"
"kore.co.uk","next few  weeks  ","for"," all SAS"
"kore.co.uk","  time  ","for"," all of us to"
"kore.co.uk","  opportunity  ","for"," us to assess"
"kore.co.uk","  meeting  ","for"," the Regional"
"kore.co.uk","that a  slot  ","for"," a SAS"
"kore.co.uk","  initiatives  ","for"," the improving"
"kore.co.uk","a  slot  ","for"," a SAS doctor to"
"telematica.co.uk","with a  tool  ","for"," profound"
"telematica.co.uk","as the  context  ","for"," learning and"
"telematica.co.uk",": A  cheque  ","for"," £50 for 2 days,"
"telematica.co.uk","cheque for  £50  ","for"," 2 days, £100"
"telematica.co.uk","2 days,  £100  ","for"," 4 days or £150"
"telematica.co.uk","4 days or  £150  ","for"," 8 days, made"
"telematica.co.uk",") A  Framework  ","for"," Change with"
"telematica.co.uk","  tool  ","for"," modelling. At"
"telematica.co.uk","a  methodology  ","for"," working with"
"telematica.co.uk","  process  ","for"," identifying"
"telematica.co.uk",": The  Handbook  ","for"," Managers, HR"
"telematica.co.uk","  models  ","for"," exploring the"
"telematica.co.uk","  skill-set  ","for"," personal"
"telematica.co.uk","  landscape  ","for"," the world, it"
"telematica.co.uk","  shifts  ","for"," the better as a"
"telematica.co.uk","! "" See  reports  ","for"," more"
"telematica.co.uk","  information  ","for"," personal use"
"telematica.co.uk","the  material  ","for"," any other"
"tutorials.beginners.co.uk",". The  judge  ","for"," the 2004 short"
"tutorials.beginners.co.uk","really a  Place  ","for"," Reform? '' by"
"tutorials.beginners.co.uk",". The  judge  ","for"," the Article"
"tutorials.beginners.co.uk","  entries  ","for"," our 2003"
"tutorials.beginners.co.uk","third  prize  ","for"," ''Criminal"
"tutorials.beginners.co.uk","  ex-offender  ","for"," ''The Friends"
"bobsticks.co.uk"," ","for"," the"
"bobsticks.co.uk","case  notes  ","for",""
"bobsticks.co.uk","road.  Reasons  ","for"," the differing"
"bobsticks.co.uk",". A  guide  ","for"," local"
"bobsticks.co.uk","first  step  ","for"," managers"
"bobsticks.co.uk","  certainty  ","for"," promoting"
"bobsticks.co.uk","to promote  ICT  ","for"," economic"
"zen27196.zen.co.uk","my  search  ","for"," identity. My"
"zen27196.zen.co.uk","us your  story  ","for"," our"
"larrywheeler.co.uk","  decades  ","for"," Britain."
"larrywheeler.co.uk","  arguments  ","for"," reform. In"
"larrywheeler.co.uk","  consequences  ","for"," the text,"
"larrywheeler.co.uk","  attention  ","for"," the insights"
"larrywheeler.co.uk","total  figures  ","for"," the 1810s and"
"larrywheeler.co.uk",".  Figures  ","for"," the years 1830"
"larrywheeler.co.uk","my main  source  ","for"," examining the"
"larrywheeler.co.uk","and  tales  ","for"," youth. Moral?"
"larrywheeler.co.uk","; entry  number  ","for"," EN2. Notes of"
"larrywheeler.co.uk","few  resources  ","for"," felicity '' (v?"
"larrywheeler.co.uk",". The  need  ","for"," young ladies"
"larrywheeler.co.uk","her  stories  ","for"," female"
"larrywheeler.co.uk","  support  ","for"," a number of"
"larrywheeler.co.uk","''s  desire  ","for"," broad appeal."
"larrywheeler.co.uk","  identity  ","for"," female author"
"larrywheeler.co.uk","''s  preference  ","for"," country"
"larrywheeler.co.uk","about the  need  ","for"," all classes to"
"larrywheeler.co.uk","  mouthpieces  ","for"," the fictions"
"larrywheeler.co.uk","  claims  ","for"," Catholicism"
"larrywheeler.co.uk","  ''Apology  ","for"," Fiction '' (pp."
"verisign.co.uk","  event  ","for"," the future of"
"verisign.co.uk","  options  ","for"," the Park was"
"verisign.co.uk","  authorities  ","for"," ensuring that"
"verisign.co.uk",": More  funding  ","for"," National"
"verisign.co.uk","to  download  ","for"," dial-up"
"verisign.co.uk","training  base  ","for"," one of the"
"verisign.co.uk","critical  week  ","for"," London (and"
"villarana.freeserve.co.uk",". The  idea  ","for"," the label was"
"villarana.freeserve.co.uk","the  campaign  ","for"," economic and"
"villarana.freeserve.co.uk","  anthem  ","for"," St Pat ''s by"
"broxtowe.gov.uk","of the  need  ","for"," reform, and"
"broxtowe.gov.uk","  body  ","for"," the sport of"
"broxtowe.gov.uk","on  proposals  ","for"," SSSIs and SACs"
"broxtowe.gov.uk","to the  Angling  ","for"," Change (AfC)"
"broxtowe.gov.uk","AfC  proposals  ","for"," management"
"broxtowe.gov.uk","  aspirations  ","for"," new"
"broxtowe.gov.uk","  objective  ","for"," future"
"broxtowe.gov.uk","playing  field  ","for"," coarse"
"broxtowe.gov.uk","of the  need  ","for"," reform, and"
"broxtowe.gov.uk","as: - the  need  ","for"," effective"
"broxtowe.gov.uk","  fisheries  ","for"," potentially"
"broxtowe.gov.uk","  support  ","for"," the process of"
"broxtowe.gov.uk","in the  Angling  ","for"," Change"
"rushmoregolfclub.co.uk","  title  ","for"," a variety of"
"rushmoregolfclub.co.uk","the  voices  ","for"," Doctor Who ''s"
"rushmoregolfclub.co.uk","at the  time  ","for"," promoting"
"rushmoregolfclub.co.uk","new  make-over  ","for"," a new"
"theobamber.co.uk","the  theatre  ","for"," a handsome"
"theobamber.co.uk","End  producers  ","for"," British"
"theobamber.co.uk","''s  Design  ","For"," Living; and"
"theobamber.co.uk","staged  bingo  ","for"," three years."
"theobamber.co.uk","the  theatre  ","for"," £10,000 per"
"theobamber.co.uk","  purchase  ","for"," £250,000."
"theobamber.co.uk","in  readiness  ","for"," reopening in"
"theobamber.co.uk",". The  audience  ","for"," weekly"
"weblabs.org.uk","no  substitute  ","for"," practicing"
"weblabs.org.uk",". co.  uk  ","for"," details of"
"nevadaradio.co.uk","for a  while  ","for"," long term ad"
"nevadaradio.co.uk","waiting  list  ","for"," these"
"nevadaradio.co.uk","to get on a  list  ","for"," starters!"
"nevadaradio.co.uk","been on a  list  ","for"," such a hosp"
"nevadaradio.co.uk","). The w/  /l  ","for"," new appt at UCH"
"nevadaradio.co.uk",". Then 24  weeks  ","for"," treatment but"
"nevadaradio.co.uk","topic  list  ","for"," ideas that"
"nevadaradio.co.uk","waiting  time  ","for"," treatment can"
"cigarbuyer.co.uk","  services  ","for"," information."
"cigarbuyer.co.uk","  targets  ","for"," a fun day out."
"cigarbuyer.co.uk","  pictures  ","for"," early"
"richard.clark32.btinternet.co.uk","the  streets  ","for"," jubilee"
"richard.clark32.btinternet.co.uk","  manager  ","for"," the club and"
"richard.clark32.btinternet.co.uk","the  standards  ","for"," Garage DJ ''s"
"richard.clark32.btinternet.co.uk","launch  party  ","for"," the new"
"richard.clark32.btinternet.co.uk","the new  dance  ","for"," this summer,"
"direct.bl.uk","the  Campaign  ","for"," Freedom of"
"direct.bl.uk",", the  minister  ","for"," ''open"
"propertypro.co.uk","  remedies  ","for"," all types of"
"propertypro.co.uk","  oils  ","for"," use in"
"propertypro.co.uk","a  substitute  ","for"," the medical"
"royalpioneercorps.co.uk","  support  ","for"," asylum was"
"royalpioneercorps.co.uk","  areas  ","for"," processing ""."
"royalpioneercorps.co.uk","full  respect  ","for",""
"royalpioneercorps.co.uk","''s  Agenda  ","for"," Protection"
"royalpioneercorps.co.uk","One  criterion  ","for"," determining"
"royalpioneercorps.co.uk","  protection  ","for"," refugees. In"
"royalpioneercorps.co.uk","and the  Agenda  ","for"," protection,"
"forums.jolt.co.uk","the  music  ","for"," several West"
"forums.jolt.co.uk","  friends  ","for"," twenty years."
"forums.jolt.co.uk","Lane  theatre  ","for"," a number of"
"forums.jolt.co.uk","  sentence  ","for"," the misuse of"
"forums.jolt.co.uk","  work  ","for"," morale ''. He"
"forums.jolt.co.uk",",  playwright  ","for"," the theatre."
"forums.jolt.co.uk",",  playwright  ","for"," the theatre."
"forums.jolt.co.uk",",  lyricist  ","for"," film. Once a"
"forums.jolt.co.uk",",  playwright  ","for"," the theatre."
"forums.jolt.co.uk",",  playwright  ","for"," film."
"forums.jolt.co.uk","  playwright  ","for"," the theatre."
"forums.jolt.co.uk","  playwright  ","for"," the theatre."
"forums.jolt.co.uk","  playwright  ","for"," the theatre."
"forums.jolt.co.uk","  playwright  ","for"," the theatre."
"forums.jolt.co.uk",",  playwright  ","for"," film. Arc de"
"forums.jolt.co.uk","  playwright  ","for"," the theatre."
"forums.jolt.co.uk","  playwright  ","for"," the theatre."
"forums.jolt.co.uk","and  composer  ","for"," film. King ''s"
"forums.jolt.co.uk","  playwright  ","for"," the theatre."
"forums.jolt.co.uk","  playwright  ","for"," the theatre."
"forums.jolt.co.uk","many  songs  ","for"," revues and"
"forums.jolt.co.uk","that  evening  ","for"," the fact that"
"forums.jolt.co.uk",", and new  links  ","for"," this page to"
"turkeyrealestate.co.uk","  attendance  ","for"," your LPC is"
"turkeyrealestate.co.uk","  campaign  ","for"," change, and"
"turkeyrealestate.co.uk","  bill  ","for"," my foundation"
"turkeyrealestate.co.uk","  support  ","for"," Deaf Law"
"turkeyrealestate.co.uk","lifts.  Access  ","for"," Deaf people"
"turkeyrealestate.co.uk","out a  search  ","for"," interpreting"
"turkeyrealestate.co.uk","to  £80,000  ","for"," a one year full"
"thamesweb.co.uk","Models of  care  ","for"," the treatment"
"thamesweb.co.uk","is the  basis  ","for"," providing"
"thamesweb.co.uk"," ","for"," dependent"
"thamesweb.co.uk","  medication  ","for"," opioids."
"thamesweb.co.uk","a limited  role  ","for"," prescribing"
"thamesweb.co.uk"," ","for"," depressive"
"thamesweb.co.uk","  medication  ","for"," psychotic"
"thamesweb.co.uk","  programmes  ","for",""
"thamesweb.co.uk","  duration  ","for"," maintenance"
"thamesweb.co.uk","the  criteria  ","for"," entry are"
"thamesweb.co.uk","a  replacement  ","for"," the more"
"thamesweb.co.uk","the  need  ","for"," criminal"
"thamesweb.co.uk","  treatment  ","for"," drug-related"
"thamesweb.co.uk","  groups  ","for"," prescribing"
"thamesweb.co.uk","and  retention  ","for"," outpatient"
"thamesweb.co.uk","  treatment  ","for"," people on"
"thamesweb.co.uk","  Prescribing  ","for"," opiate"
"thamesweb.co.uk","  criteria  ","for"," prescribing"
"thamesweb.co.uk","  criteria  ","for"," injectable"
"thamesweb.co.uk","  regime  ","for"," a minority of"
"thamesweb.co.uk","  treatment  ","for"," a minority of"
"thamesweb.co.uk","  Prescribing  ","for"," primary"
"thamesweb.co.uk","be a  place  ","for"," amphetamine"
"thamesweb.co.uk","  evidence  ","for"," its efficacy."
"thamesweb.co.uk","of  choice  ","for"," stimulant"
"thamesweb.co.uk","no  indication  ","for"," the"
"thamesweb.co.uk","  evidence  ","for"," the clinical"
"thamesweb.co.uk"," ","for"," cocaine"
"thamesweb.co.uk","of  disulfiram  ","for"," treatment for"
"thamesweb.co.uk","for  treatment  ","for"," cocaine"
"thamesweb.co.uk"," ","for"," cocaine"
"thamesweb.co.uk","of  treatment  ","for"," stimulant"
"thamesweb.co.uk","  timescales  ","for"," response"
"thamesweb.co.uk","  eligibility  ","for"," admission."
"thamesweb.co.uk","a waiting  list  ","for"," routine"
"thamesweb.co.uk","  preparation  ","for"," admission"
"thamesweb.co.uk","  assessment  ","for"," funding for"
"thamesweb.co.uk","for  funding  ","for"," residential"
"thamesweb.co.uk","of  individual  ","for"," substitute"
"thamesweb.co.uk","  suitability  ","for",""
"thamesweb.co.uk","  episode  ","for"," service users"
"thamesweb.co.uk","  standards  ","for"," drug and"
"thamesweb.co.uk","  standards  ","for"," drug and"
"thamesweb.co.uk",") (  Skills  ","for"," Health 2002)."
"thamesweb.co.uk"," ","for"," prescribing"
"thamesweb.co.uk"," ","for"," the reduction"
"thamesweb.co.uk"," ","for"," methadone"
"thamesweb.co.uk","a  supply  ","for"," two weeks. UK"
"thamesweb.co.uk","  supervision  ","for"," a minimum of"
"thamesweb.co.uk","  monitoring  ","For"," detailed"
"politicalcartoon.co.uk","  status  ","for"," it in the"
"politicalcartoon.co.uk","  method  ","for"," Syngenta ''s"
"politicalcartoon.co.uk","  material  ","for",""
"politicalcartoon.co.uk","11 sweet  maize  ","for"," food use in May"
"politicalcartoon.co.uk","LL GM  maize  ","for"," Britain Dr."
"politicalcartoon.co.uk","  questions  ","for"," our"
"politicalcartoon.co.uk","under  fire  ","for"," being """
"americansc.org.uk","of  Events  ","for"," 2005 Youth"
"americansc.org.uk","  information  ","for"," Watton &"
"americansc.org.uk","be a real  force  ","for"," good in the"
"slough.gov.uk","  skills  ","for"," the conduct of"
"starfishproject.freeserve.co.uk","  options  ","for"," living for"
"starfishproject.freeserve.co.uk","1996  Building  ","for"," Everyone:"
"starfishproject.freeserve.co.uk","to you - a  guide  ","for"," service"
"starfishproject.freeserve.co.uk","to you - A  guide  ","for"," disabled"
"starfishproject.freeserve.co.uk","and  services  ","for"," disabled"
"starfishproject.freeserve.co.uk","and  services  ","for"," disabled"
"starfishproject.freeserve.co.uk","and  services  ","for"," disabled"
"starfishproject.freeserve.co.uk","and  services  ","for"," disabled"
"starfishproject.freeserve.co.uk","  buildings  ","for"," people with"
"starfishproject.freeserve.co.uk","''  Handbook  ","for"," Inclusive"
"starfishproject.freeserve.co.uk","''  Handbook  ","for"," Inclusive"
"starfishproject.freeserve.co.uk","''  Handbook  ","for"," Inclusive"
"starfishproject.freeserve.co.uk","  checklists  ","for"," appraising"
"starfishproject.freeserve.co.uk","of  buildings  ","for"," disabled"
"starfishproject.freeserve.co.uk","  guidance  ","for"," internal"
"starfishproject.freeserve.co.uk","  signs  ","for"," people with a"
"starfishproject.freeserve.co.uk","in  classroom  ","for"," hearing and"
"starfishproject.freeserve.co.uk","91:  Access  ","for"," Disabled"
"starfishproject.freeserve.co.uk","Act 1995  means  ","for"," Schools and"
"starfishproject.freeserve.co.uk","  services  ","for"," Disabled"
"starfishproject.freeserve.co.uk","- A  guide  ","for"," busy"
"starfishproject.freeserve.co.uk","  Concept  ","for",""
"ioewebserver.ioe.ac.uk","a perfect  spot  ","for"," the branch of"
"ioewebserver.ioe.ac.uk","  provisions  ","for"," themselves"
"ioewebserver.ioe.ac.uk","and  corn  ","for"," their horses"
"ioewebserver.ioe.ac.uk",", and some  eggs  ","for"," frying. There"
"ioewebserver.ioe.ac.uk","another  tip  ","for"," his pains. """
"ioewebserver.ioe.ac.uk","native  basket  ","for"," their"
"ioewebserver.ioe.ac.uk","  shilling  ","for"," you! "" The"
"wellingboroughtownfc.co.uk","stay on  track  ","for"," a healthier"
"wellingboroughtownfc.co.uk","of our  value  ","for"," money"
"wellingboroughtownfc.co.uk","local  site  ","for"," detailed"
"mcsarabia.co.uk","  information  ","for"," personal and"
"mcsarabia.co.uk","have  sections  ","for"," business"
"mcsarabia.co.uk","  information  ","for"," those looking"
"sais.gov.uk","  inspiration  ","for"," the novel,"
"medical-solutions.co.uk","the  need  ","for"," a review, and"
"medical-solutions.co.uk","  agendas  ","for"," regular"
"medical-solutions.co.uk","of the  need  ","for"," the review"
"medical-solutions.co.uk","of a  proposal  ","for"," a systematic"
"medical-solutions.co.uk","  need  ","for"," a review. This"
"medical-solutions.co.uk","  search  ","for"," existing"
"medical-solutions.co.uk","a clear  need  ","for"," a new review, a"
"medical-solutions.co.uk","6.6:  Reasons  ","for"," Having a"
"medical-solutions.co.uk"," ","for"," undertaking"
"medical-solutions.co.uk","and  reasons  ","for"," them given."
"medical-solutions.co.uk","?  Plans  ","for"," reporting and"
"medical-solutions.co.uk",". The  strategy  ","for"," putting"
"medical-solutions.co.uk",", a  search  ","for"," a systematic"
"medical-solutions.co.uk","  studies  ","for"," systematic"
"medical-solutions.co.uk","  studies  ","for"," systematic"
"medical-solutions.co.uk","cut-off  point  ","for"," a good quality"
"medical-solutions.co.uk","in a  matrix  ","for"," future use. In"
"medical-solutions.co.uk","  method  ","for"," pooling, or"
"medical-solutions.co.uk","  explanation  ","for"," an"
"medical-solutions.co.uk","  form  ","for"," your review?"
"medical-solutions.co.uk","  Statistics  ","for"," Binary Data ("
"medical-solutions.co.uk","6  Question  ","for"," Discussion: ("
"tclayton.demon.co.uk","  workers  ","for"," his new"
"tclayton.demon.co.uk","elected as  MP  ","for"," Tamworth. In"
"tpr.co.uk","gives  costs  ","for"," A4 and 6 x4"
"tpr.co.uk","the list  price  ","for"," a sheet of the"
"tpr.co.uk","per A4  print  ","for"," ink. or about"
"tpr.co.uk","the  need  ","for"," head cleaning"
"tpr.co.uk","Canon  printer  ","for"," quick proofs."
"tpr.co.uk","from my  R800  ","for"," $1.48 even"
"tpr.co.uk","per A4  print  ","for"," ink. or about"
"tpr.co.uk","40  sheets  ","for"," £10.56 - or 26p"
"tpr.co.uk","worth of  ink  ","for"," an estimated"
"tpr.co.uk","cost of  $1.48  ","for"," one 11""x8.5 ""."
"tpr.co.uk","40  sheets  ","for"," £10.56 - or 26p"
"tpr.co.uk","that the  costs  ","for"," an R800 print"
"tpr.co.uk","your  reasons  ","for"," turning it off"
"tpr.co.uk","(I use a  laser  ","for"," non-photo"
"skyscript.co.uk","''  preferences  ","for"," treatment for"
"skyscript.co.uk","for  treatment  ","for"," coronary"
"skyscript.co.uk","''  preferences  ","for"," the treatment"
"skyscript.co.uk","  preferences  ","for"," treatment"
"skyscript.co.uk","  reasons  ","for"," their"
"skyscript.co.uk","  technique  ","for"," eliciting the"
"skyscript.co.uk","group  reasons  ","for"," preferences"
"skyscript.co.uk","  preferences  ","for"," treatment to"
"skyscript.co.uk","  preferences  ","for"," alternatives"
"propertypro.co.uk","  Experience  ","for"," Learning"
"propertypro.co.uk","  euphoria  ","for"," lasting"
"propertypro.co.uk",";  processes  ","for"," planning,"
"propertypro.co.uk","a  preference  ","for"," reading the"
"propertypro.co.uk","and  guidance  ","for"," successful"
"propertypro.co.uk","  experiences  ","for"," all types of"
"propertypro.co.uk","reading  list  ","for"," far too long. I"
"propertypro.co.uk","  Experience  ","for"," Learning"
"propertypro.co.uk","  Experience  ","for"," Learning """
"propertypro.co.uk","  Experience  ","for"," Learning """
"propertypro.co.uk","Good  medicine  ","for"," anxious,"
"propertypro.co.uk","and a  tonic  ","for"," everyone else"
"propertypro.co.uk","  tool  ","for"," anyone in a"
"propertypro.co.uk",": A  Handbook  ","for"," People"
"propertypro.co.uk","Good  stuff  ","for"," novice and"
"propertypro.co.uk","  pessimists  ","for"," 25 years."
"propertypro.co.uk","  tests  ","for"," you and your"
"propertypro.co.uk","AI), a  process  ","for"," fostering"
"propertypro.co.uk","  designs  ","for"," various kinds"
"propertypro.co.uk",". The  need  ","for"," the Six Hats is"
"propertypro.co.uk","Amazon. co.  uk  ","For"," more books on"
"propertypro.co.uk",": A key  goal  ","for"," many of us is to"
"propertypro.co.uk","worth  buying  ","for"," the maps alone"
"propertypro.co.uk","of  scope  ","for"," the creative"
"propertypro.co.uk","powerful  tool  ","for"," reflection."
"propertypro.co.uk","map - at a  price  ","For"," more books on"
"propertypro.co.uk","  issue  ","for"," the transfer"
"propertypro.co.uk","generate  fun  ","for"," all by playing"
"propertypro.co.uk",".  Games  ","for"," Actors and"
"propertypro.co.uk","them. ""  Games  ","for"," Actors and"
"propertypro.co.uk","amazon. co.  uk  ","For"," more books on"
"propertypro.co.uk","of these  books  ","for"," advanced"
"propertypro.co.uk","(1993).  Ideal  ","for"," facilitators"
"propertypro.co.uk","the first  text  ","for"," a long while"
"propertypro.co.uk","it as a key  text  ","for"," our MA degree."
"propertypro.co.uk","  medium  ","for"," therapeutic"
"propertypro.co.uk","  techniques  ","for",""
"propertypro.co.uk","  venue  ","for"," learning,"
"propertypro.co.uk"," ","for"," learning"
"propertypro.co.uk","  Introduction  ","for"," the"
"propertypro.co.uk","  Introduction  ","for"," the"
"propertypro.co.uk",". His  targets  ","for"," criticism"
"ids.ac.uk","  search  ","for"," news from this"
"ids.ac.uk","  response  ","for"," diver with"
"ids.ac.uk","easier  route  ","for"," pedestrians"
"ids.ac.uk","  Signs  ","For"," Drivers On The"
"ids.ac.uk",": Call for  bids  ","for"," Connected"
"ids.ac.uk","the worst  year  ","for"," five years."
"ids.ac.uk","Help at  hand  ","for"," East of"
"ids.ac.uk","Help is at  hand  ","for"," farmers"
"ids.ac.uk","  significance  ","for"," armies such as"
"ids.ac.uk","  preparation  ","for"," future major"
"ids.ac.uk","extra  time  ","for"," their"
"ids.ac.uk","their  passion  ","for"," motorcycling"
"ids.ac.uk","for  outlets  ","for"," its new"
"ids.ac.uk","RAIL  SERVICES  ","FOR"," THE WEST"
"ids.ac.uk"," ","for"," the new West"
"musictech.org.uk","  competition  ","for"," a new cover for"
"musictech.org.uk","for a new  cover  ","for"," the School ''s"
"musictech.org.uk","is a £100  prize  ","for"," the winner."
"musictech.org.uk","of  projects  ","for"," funding by the"
"musictech.org.uk","  environment  ","for"," innovation"
"musictech.org.uk","  materials  ","for"," reading"
"musictech.org.uk","Total  funding  ","for"," these"
"musictech.org.uk","does a  model  ","for"," success exist"
"musictech.org.uk","a  forum  ","for"," open"
"musictech.org.uk","  application  ","for"," support from"
"musictech.org.uk","  address  ","for"," the new"
"musictech.org.uk","academic  year  ","for"," the Nash"
"musictech.org.uk","JISC  funding  ","for"," a project"
"musictech.org.uk","03/ 05  call  ","for"," proposals for"
"musictech.org.uk","for  proposals  ","for"," developing"
"musictech.org.uk","  repository  ","for"," a whole range"
"musictech.org.uk","small  grant  ","for"," a research"
"musictech.org.uk","in the  west  ","for"," the first"
"musictech.org.uk","per  annum  ","for"," the work of the"
"musictech.org.uk"," ","for"," the"
"musictech.org.uk","  candidates  ","for"," the Overseas"
"musictech.org.uk","  applications  ","for"," the 2005-06"
"musictech.org.uk","of  £7,431  ","for"," their Youth"
"musictech.org.uk","  relevance  ","for"," the new EU"
"musictech.org.uk","and  benefits  ","for"," the host and"
"musictech.org.uk","than  risks  ","for"," the old Member"
"musictech.org.uk","  propensity  ","for"," short or long"
"musictech.org.uk","first  prize  ","for"," his PhD thesis"
"musictech.org.uk","new  building  ","for"," UCL ''s School"
"musictech.org.uk",":  Strategies  ","for"," Poland in the"
"musictech.org.uk",". Though  plans  ","for"," this part of"
"musictech.org.uk"," ","for"," the"
"musictech.org.uk","  offices  ","for"," academic"
"musictech.org.uk","  drive  ","for"," enhancements"
"musictech.org.uk","launch  party  ","for"," the new volume"
"musictech.org.uk","a new  building  ","for"," SSEES. A"
"musictech.org.uk","Off  ceremony  ","for"," the new"
"musictech.org.uk","new  building  ","for"," the School of"
"musictech.org.uk","a  lecture  ","for"," the occasion"
"musictech.org.uk","the  demand  ","for"," the services"
"musictech.org.uk",". Her  hosts  ","for"," talks in"
"musictech.org.uk","best  wishes  ","for"," the trip!"
"stopurban4x4s.org.uk","  Predictions  ","for"," a week ahead."
"stopurban4x4s.org.uk","  maps  ","for"," walking,"
"stopurban4x4s.org.uk","  locations  ","for"," feature films"
"stopurban4x4s.org.uk","  portal  ","for"," the Gaelic"
"stopurban4x4s.org.uk","and  courses  ","for"," Gaelic"
"stopurban4x4s.org.uk","  location  ","for"," your next UK"
"stopurban4x4s.org.uk","The  gateway  ","for"," information"
"fodac.org.uk","  adjustment  ","for"," major"
"gleeson0.demon.co.uk","other ''s  eyes  ","for"," a few moments"
"clandonald.org.uk","the  Campaign  ","for"," Freedom of"
"clandonald.org.uk",""" The  Campaign  ","for"," Freedom of"
"clandonald.org.uk","the  Campaign  ","for"," Freedom of"
"clandonald.org.uk",", for  example  ","for"," public"
"clandonald.org.uk","single  figure  ","for"," the amount"
"clandonald.org.uk","  implications  ","for"," business of"
"clandonald.org.uk"," ","for"," various"
"clandonald.org.uk"," ","for"," a particular"
"clandonald.org.uk","  system  ","for"," classifying"
"clandonald.org.uk","  Implications  ","for"," Companies and"
"clandonald.org.uk","  figure  ","for"," the total cost"
"clandonald.org.uk","  figure  ","for"," all contracts"
"clandonald.org.uk","  headhunters  ","for"," helping to"
"dancecity.co.uk","  material  ","for"," comparative"
"dancecity.co.uk","common  scheme  ","for"," grammatical"
"paramedic.org.uk","a fixed  budget  ","for"," your French"
"paramedic.org.uk","week ''s  notice  ","for"," arranging"
"paramedic.org.uk","We use  Pop-Ups  ","for"," our property"
"paramedic.org.uk","your  browser  ","for"," this site. -"
"paramedic.org.uk","on this  page  ","for"," future"
"westyorkshire.police.uk","such a  regard  ","for"," accuracy that"
"westyorkshire.police.uk","a  difficulty  ","for"," films that"
"westyorkshire.police.uk","for  arguments  ","for"," ''nice ''"
"westyorkshire.police.uk","  soldiers  ","for"," the cause. It"
"westyorkshire.police.uk","of his  support  ","for"," the cause by"
"westyorkshire.police.uk","there  lessons  ","for"," Iraq? Well"
"westyorkshire.police.uk","  groundwork  ","for"," bloody civil"
"bristolfiesta.co.uk","on the  future  ","for"," Crystal"
"bristolfiesta.co.uk","a standard  fit  ","for"," a regional"
"bristolfiesta.co.uk","on a  future  ","for"," the Park. This"
"digidots.co.uk","and  fares  ","for"," the 2005"
"digidots.co.uk","ferry  £2.80  ","for"," adults £2.10"
"digidots.co.uk","Concession  £1  ","for"," children"
"digidots.co.uk","no set  times  ","for"," the ferry; if"
"hazlewood-castle.co.uk","and our  plans  ","for"," the future."
"hazlewood-castle.co.uk",") Gold  award  ","for"," payroll"
"hazlewood-castle.co.uk","HIV  treatment  ","for"," thousands"
"hazlewood-castle.co.uk","over  £100,000  ","for"," Book Aid"
"hazlewood-castle.co.uk","major  award  ","for"," its social,"
"hazlewood-castle.co.uk","young  people  ","for"," their peers in"
"taots.co.uk","a  base  ","for"," research and"
"taots.co.uk","  students  ","for"," accredited"
"taots.co.uk"," ","for",""
"taots.co.uk"," ","for",""
"taots.co.uk","  centre  ","for"," research on"
"taots.co.uk","of  excellence  ","for"," applied"
"taots.co.uk","and  support  ","for"," research"
"taots.co.uk","a  focus  ","for"," research on"
"taots.co.uk","  focus  ","for"," work in the"
"taots.co.uk","  reputation  ","for",""
"taots.co.uk","first  centres  ","for"," research in"
"taots.co.uk"," ","for",""
"taots.co.uk","is also a  forum  ","for",""
"taots.co.uk","  reputation  ","for"," scholarship"
"taots.co.uk","  programmes  ","for"," high quality"
"taots.co.uk","  programme  ","for"," the regional"
"taots.co.uk"," ","for"," the delivery"
"taots.co.uk","  plans  ","for"," the School"
"taots.co.uk","  devices  ","for"," drug delivery"
"taots.co.uk","in  readiness  ","for",""
"taots.co.uk","  centre  ","for"," the study of"
"taots.co.uk",".  Priorities  ","for"," the School"
"taots.co.uk","of  facilities  ","for"," academic and"
"taots.co.uk"," ","for"," our"
"taots.co.uk","  reputation  ","for"," high quality"
"taots.co.uk","? ?s  studies  ","for"," the BA degree"
"taots.co.uk","care  services  ","for"," victims of"
"ilook.fsnet.co.uk","  Arrangements  ","for"," assessing"
"ilook.fsnet.co.uk","and  policies  ","for"," relevance"
"ilook.fsnet.co.uk","  Arrangements  ","for"," monitoring"
"ilook.fsnet.co.uk","  Arrangements  ","for"," assessing and"
"ilook.fsnet.co.uk","  Arrangements  ","for"," publishing"
"ilook.fsnet.co.uk","  Arrangements  ","for"," training"
"ilook.fsnet.co.uk","  Arrangements  ","for"," assessing"
"ilook.fsnet.co.uk"," ","for"," the effective"
"ilook.fsnet.co.uk"," ","for"," carrying out"
"ilook.fsnet.co.uk","of  contact  ","for"," the Council in"
"ilook.fsnet.co.uk","The  timetable  ","for"," which is set"
"ilook.fsnet.co.uk","and  policies  ","for"," relevance."
"ilook.fsnet.co.uk","and  policies  ","for"," more detailed"
"ilook.fsnet.co.uk","and  policies  ","for"," relevance is"
"ilook.fsnet.co.uk","  level  ","for"," impact"
"ilook.fsnet.co.uk","  Arrangements  ","for"," monitoring"
"ilook.fsnet.co.uk","the  scope  ","for"," extending it."
