"corpus","ukwac"
"subcorpus","-"
"concordance size","1212146"
"query","Query:[lc=""from"" | lemma_lc=""from""];Positive filter (excluding KWIC):1 1 1 [tag=""Nc.*""];GDEX:100 "
"brmb.co.uk","sun is shining"," from","  dawn  till noon"
"englishmonarchs.co.uk",", some of them"," from","  anglers  or"
"victorianartinbritain.co.uk","risk of damage"," from","  cavitation  ."
"martininstitute.ox.ac.uk","with Tony"," from","  Reading  ."
"victorianartinbritain.co.uk","can be shifted"," from","  side  to side to"
"xibalba.demon.co.uk","transmitted"," from","  parent  to"
"haileybury.herts.sch.uk","be contacted."," From","  time  to time"
"journalism.cf.ac.uk","record."," From",""
"chichesterjazzclub.co.uk","income"," from","  government  or"
"bordercrossings.org.uk","to evolve away"," from","  batch"
"victorianartinbritain.co.uk","may differ"," from","  pump  to pump. A"
"accfinweb.account.strath.ac.uk","time step"," from","  ''auto  '' by"
"samoa.co.uk","'' series"," from","  Expansion"
"talyllyn.co.uk","process"," from","  clauses  21 and"
"exeter.ac.uk","If you are away"," from","  college  for"
"bordercrossings.org.uk","format"," from","  www  . isc. ac."
"samoa.co.uk","and that comes"," from","  someone  who"
"peteralan.co.uk","latrine come"," from","  lots  of"
"cheers-wine-merchants.co.uk","B. P. (1986). """," From","  rules  to"
"candlemaking.org.uk","inputs"," from","  agribusiness"
"mariners-l.co.uk","'' bedroom,"," from","  games  to drama"
"horseracingbets.co.uk","separate that"," from","  theory  . The"
"tonearm.co.uk","transferred"," from","  life  to death """
"cheers-wine-merchants.co.uk","the N. L."," from","  mainstream"
"englishmonarchs.co.uk","raising funds"," from","  anglers  in"
"medievalfreeco.org.uk","persecution"," from","  guerrilla  or"
"brmb.co.uk","home late"," from","  work  or"
"golgotha.org.uk","which comes"," from","  people  ''s"
"glasgowarchitecture.co.uk","retirement"," from","  research  in"
"englishmonarchs.co.uk","the contents"," from","  clubs  and"
"bordercrossings.org.uk","has benefited"," from","  interaction"
"accfinweb.account.strath.ac.uk","to be changed"," from","  ++  to +-. This"
"thinkroadsafety.gov.uk","resigned"," from","  office  . In"
"chichesterjazzclub.co.uk","sponsorship"," from","  charities  and"
"bronte.netfury.co.uk","lines! Here"," from","  todays  loving"
"martininstitute.ox.ac.uk","content"," from","  blogs  (penned"
"peteralan.co.uk",". They suffer"," from","  diarrhoea  ,"
"golgotha.org.uk","something"," from","  nothing  . Only"
"exeter.ac.uk","on anything"," from","  cinema"
"journalism.cf.ac.uk","privilege. "" -"," from","  ''The  Russian"
"medievalfreeco.org.uk","hard copy only"," from","  ****  '' and give"
"solid-edge.co.uk","of his money"," from","  property  and"
"rdmengineering.co.uk","the stumps"," from","  extra-cover"
"journalism.cf.ac.uk","Operator"," from","  Hell  . ''If you"
"bordercrossings.org.uk","East Africa."," From","  examination"
"horseracingbets.co.uk","moved it away"," from","  neutrality  ?"
"perse.co.uk","Notification"," from","  confirmation"
"horseracingbets.co.uk",", independent"," from","  architecture"
"martininstitute.ox.ac.uk","for referrals"," from","  agencies  who"
"englishmonarchs.co.uk","funding comes"," from","  game  fishing"
"englishmonarchs.co.uk","raised"," from","  anglers  must"
"brmb.co.uk","if you are far"," from","  home  or"
"peteralan.co.uk",", suffering"," from","  diarrhoea  ,"
"brigglife.co.uk","games"," from","  £40  to £30 -"
"brmb.co.uk","of wildlife"," from","  developers  by"
"cheers-wine-merchants.co.uk","that emerge"," from","  agent  ''s"
"hsc.uwe.ac.uk","totally free"," from","  affectation  ,"
"ageconcern.org.uk","access this"," from","  work  (during"
"blog.outofthebedroom.co.uk","devastation"," from","  flooding  that"
"martininstitute.ox.ac.uk",", aliens"," from","  space  etc). I"
"hsc.uwe.ac.uk","freedom"," from","  affectation  ."
"martininstitute.ox.ac.uk","? james s"," from","  newcastle  I am"
"englishmonarchs.co.uk","their income"," from","  fishing"
"the-morningstar.co.uk","disconnect"," from","  borough  of"
"martininstitute.ox.ac.uk","world suffer"," from","  language"
"brmb.co.uk","gather power"," from","  dawn  ; on each"
"medievalfreeco.org.uk","to misquoting"," from","  sources  , this"
"martininstitute.ox.ac.uk","with Tony"," from","  Reading  ; or"
"martininstitute.ox.ac.uk","? ) and school"," from","  escole  (a hard"
"exeter.ac.uk","usual option"," from","  college  is"
"brigglife.co.uk","the industry,"," from","  consumers  to"
"brmb.co.uk","we can move"," from","  summer  to"
"bordercrossings.org.uk","of programs"," from","  cards  to tapes"
"bobsticks.co.uk","of Chester"," from","  parts  beyond"
"cwn.org.uk","are separated"," from","  dialogue  , in"
"brmb.co.uk","and could move"," from","  dimension  to"
"journalism.cf.ac.uk","bright flares"," from","  Iridium"
"martininstitute.ox.ac.uk","as "". ."," from","  Reading  ? ? "" in"
"martininstitute.ox.ac.uk","help those"," from","  areas  that"
"medievalfreeco.org.uk","largely free"," from","  risk  for"
"brmb.co.uk","the water"," from","  dawn  until"
"dmag.org.uk","light emitted"," from","  premises  so as"
"brmb.co.uk","miniature one"," from","  clay  or on"
"medievalfreeco.org.uk","by CIPU"," from","  IAS  and others"
"nowt2do.co.uk","(with notes)"," from","  albums  that"
"skyscript.co.uk",". Peri Himal"," from","  campsite  at"
"bobsticks.co.uk","walk"," from","  end  to end,"
"dptac.gov.uk","into and"," from","  euro  as well as"
"monteclefe.somerset.sch.uk","are they free"," from","  crowds"
"bronte.netfury.co.uk","shot at NVR,"," from","  ''Jim  ''ll fix it"
"brmb.co.uk","member far"," from","  home  in a hotel"
"journalism.cf.ac.uk","are scooped up"," from","  streets  and"
"hazelden.org.uk","EO which costs"," from","  $900  in the US."
"brmb.co.uk","it is brewed"," from","  herbs  and"
"martininstitute.ox.ac.uk",". claire"," from","  london  The"
"birminghamfoe.org.uk","searched"," from","  head  to"
"martininstitute.ox.ac.uk","it originated"," from","  german  , like"
"pkf.co.uk","yards"," from","  point  to point"
"dancecity.co.uk","which comes"," from",""
"martininstitute.ox.ac.uk","to people"," from","  places  with"
"starfishproject.freeserve.co.uk","totally blind"," from","  birth  Sharon"
"starfishproject.freeserve.co.uk","","from","  start  to"
"hazlewood-castle.co.uk",". What fire"," from","  heaven  could"
"geologywales.co.uk",", everything"," from","  evening"
"thamesweb.co.uk","subscription"," from","  www  . variety."
"dodger.co.uk","creatures,"," from","  cats  and dogs"
"fodac.org.uk",", away"," from","  theology  ''s"
"fodac.org.uk","the universe"," from","  secular  or"
"fodac.org.uk","eliminate"," from",""
"epic.co.uk","blast of music"," from","  power  pop diva"
"missiedith.bentbacktulips.co.uk","â? ?Modernâ?"," from","  â  ? ?Modern"
"missiedith.bentbacktulips.co.uk","are available"," from","  employers  ."
"missiedith.bentbacktulips.co.uk","the workplace"," from","  day  one, it"
"masterfind.co.uk","... SAVE 10 %"," From","  £17.99  »more"
"wildfowling.co.uk","begun again"," from","  close  at hand,"
"valeriemason-john.co.uk","they are free"," from","  error  , nor"
"boardsonline.co.uk","be released"," from","  detention  and"
"boardsonline.co.uk","release Begum"," from","  detention  and"
"artangel.co.uk","was stripped"," from","  camera"
"ruslan.co.uk",". These range"," from","  schools  and"
"esbhhealth.nhs.uk","suspended"," from","  work  for """
"esbhhealth.nhs.uk","to £17,628"," from","  £17,000  while"
"esbhhealth.nhs.uk","five years, up"," from","  £24,843  ."
"esbhhealth.nhs.uk","to allow gains"," from","  trade  . This"
"creditplus.co.uk","To See Art"," From","  Utopia  At"
"fantasyfactory.co.uk","forms carved"," from","  wood  that are"
"fantasyfactory.co.uk","media ranging"," from","  printmaking"
"fantasyfactory.co.uk","well as saving"," from","  oblivion  a"
"skiptonweb.co.uk","David to Oslo,"," from","  pan-arabism"
"mountaineering-scotland.org.uk","my email"," from","  home  Web"
"elec.york.ac.uk","), cost"," from","  £2  to £10 ("
"elec.york.ac.uk","Hare Bar, and"," from","  ushers"
"hyperguide.co.uk","in them, apart"," from","  bath  ? If you"
"portfolio.brokencube.co.uk","getting to and"," from","  work  ! So now I"
"fie.org.uk","in function"," from","  customer"
"fie.org.uk","benefits"," from",""
"theedge.abelgratis.co.uk","again, remove"," from","  heat  and add"
"newburytheatre.co.uk","arising"," from",""
"newburytheatre.co.uk","perspectives"," from","  fields  such as"
"newburytheatre.co.uk","to feedback"," from","  participants"
"exclusive-fountains.co.uk","Comedy Drama)"," From","  director"
"spa.ex.ac.uk","options vary"," from","  £9.99  for 1"
"andrealevy.co.uk","vegetable oil"," from","  seeds  and"
"andrealevy.co.uk","oils derived"," from","  seeds  ,"
"alt.ac.uk","out. Away"," from","  trees  which"
"alt.ac.uk",". Away"," from","  areas  where"
"alt.ac.uk","distance away"," from","  vehicle"
"contemporaryart4all.co.uk","is derived"," from","  plants  and"
"ypressalient.co.uk","should be safe"," from","  demolition  ."
"galensgarden.co.uk","on the Website"," from","  time  to time. ?"
"galensgarden.co.uk","arising"," from","  inability  to"
"authorsonline.co.uk","participants"," from","  industry  ."
"authorsonline.co.uk","participants"," from","  industry  ."
"authorsonline.co.uk","data taken"," from","  databases"
"authorsonline.co.uk","Series"," From",""
"authorsonline.co.uk","II region"," from","  dog"
"laver.co.uk","RSS feeds"," from","  websites  you"
"laver.co.uk","be broken"," from","  time  to time."
"eastman.ucl.ac.uk","this box."," From","  time  to time we"
"swwater.co.uk",". Therefore,"," from","  discussions"
"daydreamnation.co.uk","Agreement "")."," From","  time  to time"
"daydreamnation.co.uk","be collected"," from","  customers  in"
"daydreamnation.co.uk","these terms"," from","  time  to time by"
"flycom.co.uk","and staff"," from","  drug"
"worldwar1.co.uk","race and jump"," from","  hole  to hole"
"fairtrade.org.uk","or accessed"," from","  servers  which"
"fairtrade.org.uk","you"," from","  marketing"
"langtrymanor.co.uk","protection"," from","  damage  and"
"wildfowling.co.uk","arising"," from","  use  of the web"
"wildfowling.co.uk","works"," from","  materials  ,"
"uhlc.org.uk","soundtracks"," from","  blockbuster"
"uhlc.org.uk","soundtrack"," from","  composer"
"sherlock-holmes.classic-literature.co.uk","crepe (","from","  Yiddish"
"sherlock-holmes.classic-literature.co.uk","worth bubkes (","from","  Yiddish"
"sherlock-holmes.classic-literature.co.uk",", effrontery (","from","  Yiddish"
"sherlock-holmes.classic-literature.co.uk","Gonef - thief (","from","  Yiddish  ganef"
"sherlock-holmes.classic-literature.co.uk","Goy - Gentile (","from","  Yiddish  goy,"
"sherlock-holmes.classic-literature.co.uk","(perhaps"," from","  Yiddish  klots"
"sherlock-holmes.classic-literature.co.uk","- complain (","from","  Yiddish"
"sherlock-holmes.classic-literature.co.uk","salmon (","from","  Yiddish  laks"
"sherlock-holmes.classic-literature.co.uk","- expert (","from","  Yiddish  meyvn"
"sherlock-holmes.classic-literature.co.uk","or discourse (","from","  Yiddish"
"sherlock-holmes.classic-literature.co.uk","human being (","from","  Yiddish"
"sherlock-holmes.classic-literature.co.uk","(","from","  Yiddish"
"sherlock-holmes.classic-literature.co.uk","meshugas,"," from","  meshuge"
"sherlock-holmes.classic-literature.co.uk","- hodgepodge (","from","  Yiddish"
"sherlock-holmes.classic-literature.co.uk","- family (","from","  Yiddish"
"sherlock-holmes.classic-literature.co.uk",") Nosh - snack (","from","  Yiddish  nashn"
"sherlock-holmes.classic-literature.co.uk","- Oh no! (","from","  Yiddish  gvald"
"sherlock-holmes.classic-literature.co.uk","I ''d plotz! "" (","from","  Yiddish"
"sherlock-holmes.classic-literature.co.uk","'' person (","from","  Yiddish  pots)"
"sherlock-holmes.classic-literature.co.uk","person (","from","  Yiddish"
"sherlock-holmes.classic-literature.co.uk","- penis (","from","  Yiddish"
"sherlock-holmes.classic-literature.co.uk","person (","from","  Yiddish  shmok"
"sherlock-holmes.classic-literature.co.uk","(possibly"," from","  Yiddish"
"sherlock-holmes.classic-literature.co.uk","- comic theme (","from","  Yiddish  shtik"
"sherlock-holmes.classic-literature.co.uk","lengthy talk (","from","  Yiddish  shpil"
"sherlock-holmes.classic-literature.co.uk","Shtum - quiet (","from","  Yiddish  shtum"
"sherlock-holmes.classic-literature.co.uk","sex, screw (","from","  Yiddish"
"sherlock-holmes.classic-literature.co.uk","(derog. ) (","from","  Yiddish"
"sherlock-holmes.classic-literature.co.uk","- rear end (","from","  Yiddish"
"sherlock-holmes.classic-literature.co.uk","- troubles (","from","  Yiddish"
"lums.lancs.ac.uk","I just started"," from","  nothing  and"
"stewardsschool.co.uk","documents,"," from","  press"
"gerbils.pwp.blueyonder.co.uk","they progress"," from","  infancy  to"
"sainsburysbank.co.uk","there came"," from","  time  to time"
"leyman.demon.co.uk","(source one"," from","  loads"
"musica.co.uk","un-subscribe"," from","  email  alerts?"
"musica.co.uk","un-subscribe"," from","  email  alerts?"
"samoa.co.uk","and quotes"," from","  schools  who"
"samoa.co.uk","of exclusion"," from","  school  and"
"samoa.co.uk","''s expulsion"," from","  school  for"
"crusaders.org.uk","of policy"," from","  Boards  are"
"crusaders.org.uk","EMU available"," from","  Boards  to"
"crusaders.org.uk","only emerge"," from","  discussion"
"crusaders.org.uk","commitment"," from","  individuals"
"italian.classic-literature.co.uk","old flowers"," from","  vases  , that"
"waysidecommunity.org.uk","and offers"," from","  time  to time"
"nhsplus.nhs.uk","been reduced"," from","  £384  to £189."
"nhsplus.nhs.uk","be available"," from","  NHS  dentists?"
"assemblage.group.shef.ac.uk","staff"," from","  www  ."
"thecornerhouse.org.uk",": Research"," from","  Activity"
"thecornerhouse.org.uk","of data"," from","  schools  and"
"biotopics.co.uk","files, apart"," from",""
"biotopics.co.uk","patient died"," from","  appendicitis"
"biotopics.co.uk","transferred"," from","  institutions"
"biotopics.co.uk","having died"," from","  disease  or"
"publicservice.co.uk","do not truant"," from","  school  ? (a)"
"cedr.co.uk","gifts of £2.5m"," from","  Dr  and Mrs Hans"
"cedr.co.uk","to the project"," from","  funds  made"
"robertbuchanan.mysite.wanadoo-members.co.uk",". "" - letter"," from","  mail  order"
"library.nhs.uk","released"," from","  prison  . ["
"library.nhs.uk","Fund claims"," from","  customers"
"ccruni.gov.uk","new short film"," from","  director"
"ggr-associates.co.uk","applicants"," from","  countries"
"ggr-associates.co.uk","Students"," from","  non-EEA"
"ggr-associates.co.uk","applicants"," from","  countries"
"monju.pwp.blueyonder.co.uk","partition"," from","  DOS  you can use"
"monju.pwp.blueyonder.co.uk","can access it"," from","  DOS  using the"
"wolftrust.org.uk","to and"," from","  clinic  if"
"wolftrust.org.uk","to and"," from","  clinic  can be"
"milesfaster.co.uk","arrive"," from","  river  and"
"milesfaster.co.uk","access points"," from","  ring  road (18K"
"iofilm.co.uk",". Most deaths"," from","  snake  bites"
"greenbuildingstore.co.uk","you return"," from","  holiday  . It"
"greenbuildingstore.co.uk","results come"," from","  trip  reports"
"commedia.org.uk","the house"," from","  room  to room"
"commedia.org.uk","time to walk"," from","  room  to room"
"geologywales.co.uk","a little hope"," from","  Sisyphus  Prev"
"geologywales.co.uk","a little hope"," from","  Sisyphus  For a"
"ukspa.org.uk","can be derived"," from","  models  which"
"ukspa.org.uk","be downloaded"," from","  http  ://www."
"ukspa.org.uk","transferred"," from","  trainer  to"
"ukspa.org.uk","of exclusion"," from","  trials  of"
"ukspa.org.uk","than support"," from","  GPs  for"
"ukspa.org.uk","evidence"," from","  good-quality"
"martialedge.co.uk","service"," from","  start  to"
"martialedge.co.uk",". Everything"," from","  venue  finding"
"martialedge.co.uk","and events."," From","  venue  finding"
"4minutes.co.uk","the arguments"," from","  wording  ,"
"stonyhurst.ac.uk","a few miles"," from","  north  to south"
"stonyhurst.ac.uk","(no i, no u)"," from","  top  to bottom."
"royalascot.co.uk","UK making yarn"," from","  flax  or hemp"
"advaita.org.uk","donations"," from","  individuals"
"dpawson.co.uk",", results vary"," from","  day  to day"
"dpawson.co.uk","he can,"," from","  television"
"masterfind.co.uk","do not learn"," from","  history  are"
"tuc.org.uk","die everyday"," from","  water  related"
"tuc.org.uk","die each day"," from","  water  related"
"tuc.org.uk","to retreat"," from","  water  service"
"childsafety.co.uk","made ranging"," from","  training"
"childsafety.co.uk","cyanide,"," from","  land  near"
"childsafety.co.uk","was prevented"," from","  publishing  by"
"dcs.gov.uk","of your stock"," from","  members  of the"
"derek-hasted.co.uk","data directly"," from","  ColdFusion"
"magic-spells.co.uk","under licence"," from","  broods  of"
"magic-spells.co.uk","to feed"," from","  platforms"
"durhamwriters.org.uk","accept files"," from","  software  that"
"mikosw.co.uk","may occur"," from","  system  to"
"mikosw.co.uk","the gains"," from","  trade  . All WTO"
"mikosw.co.uk","for all,"," from","  childhood  ,"
"mikosw.co.uk","rights"," from","  schemes  that"
"mikosw.co.uk","Executive"," from","  time  to time to"
"www2.netdoctor.co.uk","life -"," from","  birth  to death"
"assemblyrooms.org.uk","City A study"," from","  Parents  At"
"itgovernance.co.uk","you could do"," from","  home  . Carole T"
"itgovernance.co.uk","productive"," from","  home  , but it"
"gingerbeer.co.uk","story"," from","  start  to"
"admissions.ox.ac.uk","excluded"," from",""
"socialism.org.uk","are scooped up"," from","  streets  and"
"socialism.org.uk","protection"," from","  drug"
"atmedia2005.co.uk",", ''Deliver us"," from","  evil  . '' It felt"
"atmedia2005.co.uk","or person."," From","  time  to time"
"atmedia2005.co.uk","I will hear"," from","  heaven  , and"
"english-online.org.uk","arising"," from","  crime  scenes."
"english-online.org.uk","conference"," from","  9.30am  --"
"universalenergycentre.co.uk","in his plays -"," from","  start  to"
"universalenergycentre.co.uk","moving"," from","  play  to play,"
"natcorp.ox.ac.uk","run"," from","  replacement"
"ucml.org.uk","at the store"," from","  time  to time,"
"ucml.org.uk","the next album"," from","  ''Girls"
"ucml.org.uk",", ranging"," from","  songs  penned"
"ucml.org.uk","from Lyn"," from","  way  back in the"
"ucml.org.uk","they don''t"," from","  time  to time"
"nimr.mrc.ac.uk","available"," from","  units  that"
"nimr.mrc.ac.uk","available"," from","  units  that"
"nimr.mrc.ac.uk","positions"," from","  satellite"
"talyllyn.co.uk","to be reduced"," from","  time  to time to"
"lewisham.nhs.uk","actor painted"," from","  photographs"
"lewisham.nhs.uk","prop needs,"," from","  concept  to"
"gfwi.org.uk","illness"," from","  food  and water"
"gfwi.org.uk","will be far"," from","  help  . A"
"gfwi.org.uk","cream are made"," from","  milk  that has"
"gfwi.org.uk",", separation"," from","  family  ,"
"gfwi.org.uk","will be far"," from","  help  . First"
"gfwi.org.uk","differences"," from","  home  . This"
"staffshousing.org.uk","absolve you"," from","  stock  picking"
"forums.jolt.co.uk","and habitats"," from","  harm  , as well"
"forums.jolt.co.uk","resulting"," from","  noise  (air and"
"landforsale-investment.org.uk","on him. He goes"," from","  concern  for"
"landforsale-investment.org.uk","delivers"," from","  death  . """
"landforsale-investment.org.uk","that I speak"," from","  want  , for I"
"infopt.demon.co.uk","propagate"," from","  seeds  or"
"infopt.demon.co.uk","own plants"," from","  seeds  or"
"theobamber.co.uk","dose received"," from","  consuming  the"
"theobamber.co.uk","a UK resident"," from","  background"
"slough.gov.uk",", we sell meat"," from","  animals  which"
"weddingguide.co.uk","was descended"," from","  Huguenots  ."
"weddingguide.co.uk",", or descended"," from","  Huguenots  . A"
"weddingguide.co.uk","refuge"," from","  war  and"
"confetti.co.uk","party shop. >"," From","  balloon  to"
"confetti.co.uk","party shop."," From","  balloon  to"
"confetti.co.uk","to your door."," From","  invitations"
"confetti.co.uk","to your door."," From","  party  poppers"
"confetti.co.uk","party shop."," From","  invitations"
"golflinks.co.uk","is acquired"," from","  food  and"
"stopurban4x4s.org.uk","complaints"," from","  individuals"
"stopurban4x4s.org.uk","demoralised"," from","  time  to time"
"cleanersafergreener.gov.uk","of learning"," from","  experience  -"
"cleanersafergreener.gov.uk","'', ''learning"," from","  experience  '',"
"cleanersafergreener.gov.uk","can also learn"," from","  mistakes  and"
"path.cam.ac.uk","or even"," from","  voting  in"
"aeroflight.co.uk","part at least"," from","  ignorance  ."
"aeroflight.co.uk",". Whether"," from","  conviction  or"
"aeroflight.co.uk","provided"," from","  government  ,"
"littman.co.uk","everything"," from","  banking  and"
"omni.ac.uk","Publications"," from","  students  and"
"omni.ac.uk","Publications"," from","  students  and"
"whistler.arts.gla.ac.uk","."," From","  power  tongs,"
"fontoon.co.uk","statement"," from","  meeting  in"
"fontoon.co.uk","dream not far"," from","  reality  [ with"
"fontoon.co.uk","a little hope"," from","  Sisyphus  Next"
"westyorkshire.police.uk","ran away"," from","  home  """
"westyorkshire.police.uk","also ran away"," from","  home  and"
"westyorkshire.police.uk","herself"," from","  Skraelings"
"archaeology.co.uk","arising"," from","  use  , or loss of"
"cwn.org.uk","and fluff"," from","  upholstery  ,"
"cwn.org.uk","domestic pets"," from","  seed  beds,"
"rcpsglasg.ac.uk","is spread"," from","  person  to"
"rcpsglasg.ac.uk","be passed on"," from","  person  to"
"rcpsglasg.ac.uk","yourself"," from","  mosquito"
"rcpsglasg.ac.uk","protect you"," from","  mosquito"
"ookami.co.uk","year 10 pupils"," from","  schools  in"
"psalmody.co.uk","magnitudes"," from","  phase"
"psalmody.co.uk","applications"," from","  candidates"
"esbhhealth.nhs.uk","news feed"," from",""
"leyman.demon.co.uk",", is available"," from","  Reception"
"comp.glam.ac.uk","costumes?"," From","  experience  we"
"a-day-in-the-life.powys.org.uk","distinguish"," from","  reality  ."
"ml-consult.co.uk","been released"," from","  hospital"
"diydoctor.org.uk","troops"," from","  Afghans  in the"
"diydoctor.org.uk","and the French"," from","  Algerians  and"
"voice-online.co.uk","outcome"," from","  drug"
"voice-online.co.uk","on release"," from","  prison  full"
"freenetpages.co.uk","men returning"," from",""
"freenetpages.co.uk","soldiers were"," from","  units  without"
"freenetpages.co.uk","to desert."," From","  rolls  called"
"freenetpages.co.uk","were absent"," from","  parade  . Nor"
"freenetpages.co.uk","drafts away"," from","  dockers  at the"
"freenetpages.co.uk","''s release"," from","  custody  . The"
"darkstar1.co.uk",": "" Iron rusts"," from","  disuse  ,"
"waysidecommunity.org.uk","registries,"," from","  use  of OAI"
"waysidecommunity.org.uk","was support"," from","  delegates  for"
"beeinvited.co.uk","move working"," from","  home  working"
"persephonebooks.co.uk",", it autoruns"," from","  CD  , there is no"
"natcorp.ox.ac.uk","said today."," From","  today  , when an"
"nasuwt.org.uk","''s absence"," from","  school  . These"
"practicalpc.co.uk","recovering"," from","  illness  ,"
"practicalpc.co.uk","luxury away"," from","  draughts  and"
"practicalpc.co.uk","or suffering"," from","  arthritis  . It"
"practicalpc.co.uk","and fluff"," from","  upholstery  ,"
"practicalpc.co.uk",". Use away"," from","  dampness  or"
"bowness.demon.co.uk","are derived"," from","  animals  and"
"davidcheethamgardens.co.uk","overnight"," from","  10.00pm  to"
"davidcheethamgardens.co.uk","overnight"," from","  9.00pm  to"
"pocketgps.co.uk",", And leaping"," from","  bed  , he ''s been"
"pocketgps.co.uk","wise men come"," from","  afar  , with"
"pocketgps.co.uk","past down"," from","  crofter  to"
"pocketgps.co.uk","its head"," from","  side  to side. A"
"pocketgps.co.uk","heather ale"," from","  heather  and"
"pocketgps.co.uk","were stolen"," from","  crofters  ,"
"pocketgps.co.uk","a lot of crap"," from","  people  on and"
"ewradio.co.uk","suffered"," from","  bouts  of"
"ewradio.co.uk","range of music"," from","  symphonies  to"
"ewradio.co.uk","made"," from","  wood  , modern"
"furthermore.org.uk","suffering"," from","  epilepsy  or"
"ukia.co.uk","operates"," from","  offices  in"
"bcentral.co.uk","anonymous ftp"," from","  milne  . isc. ac"
"bcentral.co.uk","CMT events"," from","  ratios  method"
"bcentral.co.uk","small events"," from",""
"candlemaking.org.uk","to cure you"," from","  addiction  to"
"library.nhs.uk","are emitted"," from","  aircraft"
"haileybury.herts.sch.uk","marshalled"," from","  official  and"
"haileybury.herts.sch.uk","people work"," from","  home  in the 145"
"haileybury.herts.sch.uk","working"," from","  home  compares"
"haileybury.herts.sch.uk","to come"," from","  afar  . In"
"fastcart.co.uk","everything"," from","  drums  and"
"fastcart.co.uk","all products"," from","  Yamaha  Latest"
"ouabc.co.uk","Israel"," from","  slavery  in"
"bodystressrelease.co.uk","So we have gone"," from","  ''upload  what"
"xibalba.demon.co.uk","they used."," From","  chicken  , they"
"xibalba.demon.co.uk","Kennard 3rd"," from","  left  ; Bob"
"xibalba.demon.co.uk","Kennard 9th ="," from","  left  ) The"
"xibalba.demon.co.uk","a team effort -"," from","  farmers  , to"
"silverprint.co.uk","takes over"," from","  day  . As we"
"silverprint.co.uk","come home"," from","  gigs  to find"
"higherstate.co.uk","be prevented"," from","  voting  on"
"gleeson0.demon.co.uk","classics"," from","  artists  from"
"warpoetry.co.uk","weekly rates"," from","  £2  per kiddy,"
"warpoetry.co.uk","rates. Cost:"," From","  £6  per half day"
"warpoetry.co.uk",", varies"," from","  location  to"
"theseguys.co.uk","arising"," from","  ignorance"
"theseguys.co.uk","arising"," from","  habitat"
"homepages.gold.ac.uk","to derive it"," from","  quantum"
"homepages.gold.ac.uk","0405126."," From","  time  to time,"
"homepages.gold.ac.uk","freedom"," from",""
"homepages.gold.ac.uk","that freedom"," from",""
"homepages.gold.ac.uk","also arise"," from","  processes  in"
"homepages.gold.ac.uk","Duration"," from","  Present  Age: A"
"homepages.gold.ac.uk","was possible"," from","  measurements"
"re-skill.org.uk","Quote: "" Learn"," from","  yesterday  ,"
"uclan.ac.uk","be purchased"," from","  staff  at the"
"uclan.ac.uk","extracts"," from","  newspapers  ,"
"sle.sharp.co.uk","to guard them"," from","  harm  . ELDER A"
"ukcorporator.co.uk","could benefit"," from",""
"blueboxcomms.co.uk","and in part"," from","  revenue"
"blueboxcomms.co.uk","funding"," from","  government"
"blueboxcomms.co.uk","same benefits"," from","  tax  relief as"
"blueboxcomms.co.uk","revenue comes"," from","  income"
"blueboxcomms.co.uk","offices. We do"," from","  time  to time"
"blueboxcomms.co.uk","is available"," from","  www  ."
"northill.demon.co.uk","coming"," from","  care  Two West"
"northill.demon.co.uk","50 pupils"," from","  schools"
"northill.demon.co.uk","creates home"," from","  home  culture"
"psalmody.co.uk","the media and"," from","  members  of the"
"psalmody.co.uk","small sums"," from","  benefactors  -"
"psalmody.co.uk","of resentment"," from","  others  who are"
"ipaqrepair.co.uk","again,"," from","  scratch  , with"
"omayenin.com.mysite.wanadoo-members.co.uk",": Letters"," from","  Hell  (Stroud:"
"omayenin.com.mysite.wanadoo-members.co.uk","more recent"," From","  Hell  (2001)."
"omayenin.com.mysite.wanadoo-members.co.uk","to it"," from","  readers  who"
"omayenin.com.mysite.wanadoo-members.co.uk",": Letters"," from","  Hell  , Stewart"
"taylorbells.co.uk","","from","  bodies"
"burn-it.freeserve.co.uk","time! Reading"," from","  page  1 through"
"burn-it.freeserve.co.uk","were sourced"," from",""
"cheniesmanorhouse.co.uk","- dry produce"," from","  beans  to"
"cheniesmanorhouse.co.uk","RANGE -"," from","  cereals  to"
"smmgp.org.uk","all descended"," from","  people  who had"
"brucesfingers.co.uk","limitless;"," from","  liquid  ,"
"brucesfingers.co.uk","consistent"," from","  batch  to batch"
"vue.org.uk","to edit is read"," from","  stdin  ."
"vue.org.uk","be prevented"," from","  acci-  dently"
"vue.org.uk","a lot of help"," from","  others  . See "":"
"penrhosprivatedaynursery.co.uk","are starting"," from","  scratch  with"
"caroluk.co.uk","?"," from",""
"candlemaking.org.uk","Payment"," From","  income  tax"
"hawog.org.uk","four houses up"," from","  number  191 on"
"ggr-associates.co.uk",", he resigned"," from","  office  ."
"ggr-associates.co.uk","resigned"," from","  office  and"
"shocknet.org.uk","be genetic or"," from","  usage  and"
"battleoffulford.org.uk",", ranging"," from","  brochure"
"battleoffulford.org.uk","now benefit"," from","  guidance"
"torro.org.uk","computed"," from","  P  times alone,"
"torro.org.uk","computed"," from","  pP-P  times."
"torro.org.uk","","from","  agencies  in"
"torro.org.uk",", are scanned"," from","  bar  codes that"
"torro.org.uk","digital TV"," from","  time  to time to"
"ppsoftnet.co.uk","prices."," From","  students  to"
"ppsoftnet.co.uk","and services"," from","  installation"
"higherstate.co.uk","truth"," from","  myth  was first"
"rifi.soton.ac.uk","moving away"," from","  ''Satellite"
"rifi.soton.ac.uk","feedback"," from","  members  and"
"teamtechnology.co.uk","copyright"," from","  Illustrator  ."
"birds-eye-view.co.uk","PMT. My stuff"," from",""
"birds-eye-view.co.uk","''. My stuff"," from",""
"birds-eye-view.co.uk","''. My stuff"," from",""
"birds-eye-view.co.uk",". more"," from","  wisley  Posted"
"birds-eye-view.co.uk","Room Museum"," from","  today  , is from"
"lateralscience.co.uk","","from","  insurance"
"stevepsharpe.co.uk","this policy"," from","  time  to time."
"ardue.org.uk","virtuous"," from","  policy  ,"
"ardue.org.uk",", possibly"," from","  inclination  ."
"weddings.co.uk","exempt"," from","  liability"
"weddings.co.uk","the tugowner"," from","  liability  for"
"weddings.co.uk","Borkan exempt"," from","  liability  for"
"weddings.co.uk","they are free"," from","  error  , nor"
"drugscope.org.uk","that,"," from","  time  to time,"
"rostau.org.uk","was received"," from","  trainees  on"
"recyclezone.org.uk","input"," from","  consultant"
"londonsociety-nls.org.uk","clients range"," from","  Directors  to"
"londonsociety-nls.org.uk","use it changes"," from","  country  to"
"fiso.co.uk","online,"," from","  passports  and"
"primarycarecontracting.nhs.uk","of 3700 pages)"," From","  £10.00  per"
"whisperingspirits.co.uk","rescue of Jews"," from","  genocide  ,"
"cityoflondon.gov.uk","down the road"," from","  college  ) so I"
"cmtr.co.uk","days '' away"," from","  work  . Whilst"
"sscs.bham.ac.uk","and spread"," from","  person  to"
"sscs.bham.ac.uk","the infection"," from","  person  to"
"sscs.bham.ac.uk",", keep away"," from","  walls  when"
"durhamcathedral.co.uk","has been saved"," from","  extinction  . ''"
"punkoiuk.co.uk","to demands"," from","  authors  and"
"punkoiuk.co.uk","to be imported"," from","  publications"
"punkoiuk.co.uk","Service"," from","  scratch  . The"
"punkoiuk.co.uk","indications"," from","  departments"
"seered.co.uk","to be looked at"," from","  time  to time"
"duncancumming.co.uk","like to hear"," from","  people"
"philcollins.co.uk","by request)"," from","  £10  to £40 If"
"countywedding.co.uk","hindered them"," from","  opening  with"
"chart.ac.uk","Learn"," from","  mistakes"
"palimpsest.org.uk","withdrawal"," from","  substances"
"palimpsest.org.uk","","from","  services  had a"
"palimpsest.org.uk","of abstinence"," from","  substances  of"
"palimpsest.org.uk","information"," from","  relatives  ,"
"palimpsest.org.uk","","from","  services  . Due"
"palimpsest.org.uk","may vary"," from","  area  to area,"
"palimpsest.org.uk","or unplanned,"," from","  inpatient"
"warwickshire-wildlife-trust.org.uk","forward!"," from","  sammy  [ No"
"sedayne.co.uk","different"," from","  anything  you"
"varietyclub.org.uk",", To disengage"," from","  biking  , It"
"hisc.co.uk","the change"," from","  sterling  to"
"soundbeam.co.uk","jump 125m"," from","  target  ("
"ltu.mmu.ac.uk","of an attack"," from","  outside  is"
"squashsite.co.uk","income"," from","  better-off"
"ri.ac.uk","a week working"," from","  home  , and part"
"ri.ac.uk","to requests"," from","  individuals"
"skiclub.co.uk","retiring"," from","  challenge"
"periodproperty.co.uk","many requests"," from","  parents  for"
"connells.co.uk","the amplifier"," from","  clipping  . The"
"troubleatwork.org.uk","supervision"," from","  line  managers"
"troubleatwork.org.uk","and deputies"," from","  councillors"
"businessbureau-uk.co.uk",", presumably"," from","  someone  who ''s"
"businessbureau-uk.co.uk","was a flood"," from","  upstairs  . The"
"businessbureau-uk.co.uk","bunch of stuff"," from","  cinema"
"businessbureau-uk.co.uk","assumed it was"," from","  oregano  . ("
"canadapost.co.uk","butt opened"," from","  end  to end upon"
"canadapost.co.uk","divided hilt"," from","  sheath  , when"
"star-www.st-and.ac.uk","machines"," from","  Classics"
"members.lycos.co.uk","or deferment"," from","  induction"
"windmill.co.uk",". Available"," from","  http  ://www."
"windmill.co.uk","cycle can go"," from","  egg  to"
"windmill.co.uk","transmitted"," from","  bird  to bird by"
"alnwick-fair.co.uk","to make a cup"," from","  laurel  leaves"
"alnwick-fair.co.uk","descended"," from","  heaven  upon"
"alnwick-fair.co.uk","derived"," from","  holh  by"
"bseinquiry.gov.uk",", derived"," from","  sales  of"
"portakabin.co.uk","inside pass"," from","  winger  Sinbad"
"ridley.cam.ac.uk","with matters"," from","  guidance  on"
"liverpoolmuseums.org.uk","","from","  legislation"
"liverpoolmuseums.org.uk","environment"," from","  inception"
"walltowall.co.uk","secure you"," from","  notice  . "" "" Oh,"
"greywall.demon.co.uk","as 20 % may die"," from",""
"greywall.demon.co.uk","resulting"," from","  perforation"
"greywall.demon.co.uk","is spread"," from",""
"greywall.demon.co.uk","transmitted"," from",""
"greywall.demon.co.uk","each year"," from","  TB  , which is"
"greywall.demon.co.uk","fresh water"," from","  canals  ,"
"greywall.demon.co.uk","directly"," from","  canals  , lakes"
"greywall.demon.co.uk","is not spread"," from","  person  to"
"nasuwt.org.uk","or different"," from","  people  in"
"nasuwt.org.uk","they differed"," from","  culture  to"
"nasuwt.org.uk","also piling up"," from","  fields  such as"
"nasuwt.org.uk","hostility"," from","  quarters  of"
"micromaterials.co.uk","importing"," from","  memory  card"
"mud.co.uk","and groups"," from","  policy  makers"
"mud.co.uk","be an actor"," from","  outside  of the"
"mud.co.uk","Ireland"," from","  afar  and I do"
"ramagazine.org.uk","'' have come"," from","  wars  eg:"
"ramagazine.org.uk","clap picked up"," from","  ''a"
"ramagazine.org.uk",". Discharged"," from","  hospital  12"
"rousette.org.uk","differing"," from","  others  at a"
"rousette.org.uk","Oxy 657 result"," from","  ''a  simple"
"tripadvisor.co.uk","the text. ''"," From","  Images  of"
"tripadvisor.co.uk","Camera fished"," from","  pond  now takes"
"shopping.excite.co.uk","could derive"," from","  shewels  which"
"cherryred.co.uk","extractz"," from","  chapter  3,"
"cherryred.co.uk",", girls"," from","  southmead"
"vue.org.uk","school or away"," from","  home  , or to own"
"cedr.co.uk","pass them on"," from","  generation  to"
"cedr.co.uk","his music"," from","  tapes  . My wife"
"bexley.gov.uk",". Keep away"," from","  forestry"
"bexley.gov.uk","weekly rates"," from","  £2  per kiddy,"
"bexley.gov.uk","rates. Cost:"," From","  £6  per half day"
"rodge.force9.co.uk","suffering"," from","  hypothermia"
"bllearning.co.uk","the Monster"," from","  Hell  . Poor"
"bspd.co.uk","excluded"," from","  school  tell"
"bspd.co.uk","exclusions"," from","  school  has"
"bspd.co.uk","age, drawn"," from","  schools  and"
"bspd.co.uk","areas, drawn"," from","  education  ,"
"bspd.co.uk","year olds,"," from","  units"
"bspd.co.uk","mothers, and"," from","  staff  working"
"bspd.co.uk","are hidden"," from","  teachers  and"
"bspd.co.uk","of detachment"," from","  education  ."
"tertiary.consoleroom.btinternet.co.uk","taken"," from","  visa"
"tertiary.consoleroom.btinternet.co.uk","seekers"," from","  ports  of entry"
"tertiary.consoleroom.btinternet.co.uk","Croydon, and"," from","  police"
"www-micro.msb.le.ac.uk","go straight"," from",""
"www-micro.msb.le.ac.uk","Pribram, """," From","  Metaphors  to"
"hitched.co.uk","people"," from","  camcording"
"osj.org.uk","it ''s removed"," from","  law  as quickly"
"mimas.ac.uk",", 1:56pm Quote"," from","  hander  on Feb"
"imaginativeicing.demon.co.uk","to and"," from","  countries  at"
"nbs.ntu.ac.uk","were selected"," from","  referrals"
"nbs.ntu.ac.uk","2 July 2006,"," from","  http  ://www."
"bbcgovernors.co.uk","coming"," from","  government"
"bbcgovernors.co.uk","","from","  parish  level."
"bbcgovernors.co.uk","commitments"," from","  government  to"
"bbcgovernors.co.uk","education and"," from","  discussions"
"unemployeddoctor.co.uk","art to select"," from","  realities"
"unemployeddoctor.co.uk","seat beside me"," from","  preference  ,"
"bobsticks.co.uk","are diverted"," from",""
"biomed.abdn.ac.uk","the work I get"," from","  school  ) They"
"larrywheeler.co.uk","adversities,"," from","  bereavement"
"larrywheeler.co.uk","women writers"," from","  disapproval"
"larrywheeler.co.uk","converting"," from","  Judaism  or"
"larrywheeler.co.uk","removes her"," from","  domesticity  ."
"larrywheeler.co.uk","a conversion"," from","  Judaism  to"
"larrywheeler.co.uk","converts"," from",""
"larrywheeler.co.uk","is reformed"," from","  gaming  and"
"larrywheeler.co.uk","unbeaten"," from","  confinement  ."
"verisign.co.uk","Palace"," from","  th  view point"
"royalpioneercorps.co.uk","arrangements"," from","  source"
"forums.jolt.co.uk","reeling"," from","  competition"
"thamesweb.co.uk","acceptable"," from","  NHS  and other"
"thamesweb.co.uk",") withdrawal"," from","  substitution"
"thamesweb.co.uk",") withdrawal"," from","  opioids  with"
"thamesweb.co.uk","withdrawal"," from","  sedatives  ("
"thamesweb.co.uk","to give relief"," from","  withdrawal  ."
"thamesweb.co.uk","may benefit"," from","  inpatient"
"thamesweb.co.uk","may benefit"," from","  inpatient"
"thamesweb.co.uk","who suffer"," from","  depression"
"thamesweb.co.uk",". Abstinence"," from","  heroin  was"
"thamesweb.co.uk",") removal"," from","  programme  by"
"thamesweb.co.uk",") move away"," from","  GP  to"
"stonyhurst.ac.uk","''d love to hear"," from","  anyone  ,"
"politicalcartoon.co.uk","of seed away"," from","  farmers  Prof."
"starfishproject.freeserve.co.uk","be downloaded"," from","  www  . pisa."
"ioewebserver.ioe.ac.uk","and wife"," from","  time  to time,"
"ioewebserver.ioe.ac.uk","were far"," from","  welcome  . """
"ioewebserver.ioe.ac.uk","wants of all"," from","  time  to time,"
"wellingboroughtownfc.co.uk","may vary"," from","  site  to site."
"medical-solutions.co.uk","literature"," from",""
"tpr.co.uk","per A4 falling"," from","  $US1.72  to"
"tpr.co.uk","coverage (","from","  part  1), and"
"tpr.co.uk","of ink used (","from","  part  2). This"
"tpr.co.uk","per A4 falling"," from","  $US1.72  to"
"propertypro.co.uk","- learning"," from","  children  who"
"propertypro.co.uk","new and used"," from","  amazon  . co. uk"
"propertypro.co.uk","of learners,"," from","  grade  level"
"propertypro.co.uk","learning"," from","  experience  ?"
"propertypro.co.uk","How do we learn"," from","  experience  ?"
"propertypro.co.uk","not separate"," from","  experience  ;"
"propertypro.co.uk","of changing"," from","  pessimism  to"
"propertypro.co.uk","reviews"," from","  amazon  . com"
"ids.ac.uk","breaks"," from","  driving  . ..."
"ids.ac.uk","in profits"," from","  £96m  to £130m."
"musictech.org.uk","the award"," from","  Mrs  Rita"
"musictech.org.uk","With effect"," from","  today  , Monday"
"clandonald.org.uk","information"," from","  disclosure"
"clandonald.org.uk","requests"," from","  customers  ,"
"clandonald.org.uk","information"," from","  government  ,"
"westyorkshire.police.uk","of Ken Loach"," from","  people  who"
"digidots.co.uk","horse and cart"," from","  Inversnaid  to"
"hazlewood-castle.co.uk","ranging"," from","  image  and"
"taots.co.uk","ranging"," from","  enzyme"
"taots.co.uk","disciplines"," from","  epidemiology"
"badgirls.co.uk","has emerged"," from","  advances  in"
"codexbooks.co.uk",". (To change"," from","  inches  to"
"codexbooks.co.uk","your supplies"," from","  Viking  Direct"
"codexbooks.co.uk",". Available"," from","  Viking  Direct"
"codexbooks.co.uk","Direct and"," from","  specialist"
"eagle19.freeserve.co.uk","by demise"," from","  plaintiff  to"
"eagle19.freeserve.co.uk","they are free"," from","  error  , nor"
"englishmonarchs.co.uk","as I make my way"," from","  reception  to"
"englishmonarchs.co.uk","here"," from","  weapons  to"
"slickrock.co.uk","by backflow"," from","  swimming"
"slickrock.co.uk","came"," from","  disclosures"
"slickrock.co.uk","British MP has"," from","  ministers  in"
"libertas.demon.co.uk","mitigate risk"," from","  weapons  of"
"battleoffulford.org.uk","government."," From","  age  to age, the"
"fastcart.co.uk","learn new ones"," from","  everybody  you"
"fastcart.co.uk","that can annoy"," from","  time  to time,"
"golflinks.co.uk","escaped"," from","  imprisonment"
"teamtechnology.co.uk","have to be made"," from","  scratch  ."
"teamtechnology.co.uk","maps printed"," from","  copper  plates"
"twgraduates.co.uk","calls"," from","  consultants"
"goldsmiths.ac.uk","emissions"," from","  cement  kilns"
"goldsmiths.ac.uk","indirectly"," from","  electricity"
"jwnash.co.uk","only have come"," from","  someone  with"
"jwnash.co.uk",", botching"," from","  time  to time to"
"jwnash.co.uk",". Arguments"," from","  vocabulary"
"jwnash.co.uk","argument"," from","  silence  : he"
"jwnash.co.uk",". Its absence"," from","  &#8719  ; 45"
"jwnash.co.uk","abstention"," from","  blood  ) were in"
"jwnash.co.uk","to idols and"," from","  blood  and from"
"jwnash.co.uk","from blood and"," from","  unchastity  ."
"jwnash.co.uk","to idols and"," from","  blood  and from"
"jwnash.co.uk","from blood and"," from","  unchastity  ,"
"clientsuccess.org.uk","of suffering"," from","  shell-shock  ,"
"clientsuccess.org.uk","suffering"," from","  shell-shock  ."
"clientsuccess.org.uk","as suffering"," from","  neurasthenia"
"reflexologywithdawn.co.uk","companies"," from","  university"
"teamtechnology.co.uk","Ibiza. Prices"," from","  £1125  - £2125"
"teamtechnology.co.uk","expect a tip"," from","  box  no. 13/ 06"
"teamtechnology.co.uk",". 13 '' bought"," from","  petrol"
"mbdevelopments.co.uk","inane epistle"," from","  andy  offutt."
"mbdevelopments.co.uk","be rather far"," from","  things  for the"
"org.suw.org.uk","made"," from","  string  and"
"www-tus.csx.cam.ac.uk","GMT MTV turns"," from","  Urge  to iTunes"
"www-tus.csx.cam.ac.uk","your iPod"," from","  harm  Click to"
"zem.demon.co.uk","only"," from","  members  ."
"rumwoodnurseries.co.uk","hand, it has,"," from","  time  to time,"
"rumwoodnurseries.co.uk","very very far"," from","  simple  . They"
"rumwoodnurseries.co.uk","are what get us"," from","  moment  to"
"rumwoodnurseries.co.uk","mathematics"," from","  quantum  to"
"rumwoodnurseries.co.uk",", calculated"," from","  data  on page"
"rumwoodnurseries.co.uk","might result"," from","  varieties  of"
"rumwoodnurseries.co.uk","differ"," from","  textbook"
"rumwoodnurseries.co.uk","what we learn"," from","  others  ."
"rumwoodnurseries.co.uk","available"," from","  http  ://www."
"csm.uwe.ac.uk","resulted"," from","  land  which had"
"swaine.me.uk","soundtracks"," from","  blockbuster"
"swaine.me.uk","soundtrack"," from","  composer"
"tonearm.co.uk","breakers?"," from","  history  ,"
"tonearm.co.uk","that a move"," from","  ''training  '' to"
"tonearm.co.uk","in others -"," from","  management  to"
"scottishsweets.co.uk","to have arisen"," from",""
"scottishsweets.co.uk","now available"," from","  http  ://www."
"bodystressrelease.co.uk","I ''ve gotten"," from","  TV  shopping"
"geog.ox.ac.uk","missing apart"," from","  brain  cells"
"rifi.soton.ac.uk","all articles"," from","  issues  going"
"musicfor2.co.uk",", and the week"," from","  hell  Like"
"morrisminoroc.co.uk","''Title..."," from","  ref  . n. '' Where"
"morrisminoroc.co.uk","resulting"," from","  disability  ,"
"silverprint.co.uk","and services"," from","  companies"
"silverprint.co.uk","policy tools"," from","  governments  ,"
"tonearm.co.uk","Ryan, minutes"," from","  ferry  to"
"tonearm.co.uk","FREE. Prices"," from","  £66  (Chalet)"
"tonearm.co.uk","by the day"," from","  £75  . See our"
"tonearm.co.uk","FREE. Prices"," from","  £66.00  ("
"tonearm.co.uk","FREE. Prices"," from","  £40.00  ("
"tonearm.co.uk","by the day"," from","  £75  . See our"
"tonearm.co.uk","short breaks"," from","  £265  . Weekly"
"tonearm.co.uk","rates are"," from","  £530-£580  ."
"tonearm.co.uk","at rates"," from","  £730-£880  per"
"tonearm.co.uk","is reduced"," from","  £430  to just"
"tonearm.co.uk","starting"," from","  £400  for 7 day"
"tonearm.co.uk","guests a home"," from","  home  in the"
"tonearm.co.uk","guests a home"," from","  home  in the"
"tonearm.co.uk",", short breaks"," from","  £190  . See: www"
"tonearm.co.uk",". Prices"," from","  £300  per week."
"tonearm.co.uk",". A real ''home"," from","  home  '' with"
"tonearm.co.uk","by the day"," from","  £75  . See our"
"tonearm.co.uk","August,"," from","  £476-£574  per"
"tonearm.co.uk",". A real ''home"," from","  home  '' with"
"tonearm.co.uk","by the day"," from","  £75  . See our"
"tonearm.co.uk",". A real ''home"," from","  home  '' with"
"weddingdesignbyapril.co.uk","information"," from","  theft  or loss"
"dreamconstructionjobs.co.uk","segment"," from","  ''Democracy"
"dreamconstructionjobs.co.uk","service"," from","  lobby"
"dreamconstructionjobs.co.uk","the piece came"," from","  members  of the"
"zem.demon.co.uk","player game"," from","  start  to"
"scottishtorymeps.org.uk","cod suffer"," from","  parasite"
"go-newfocus.co.uk","starts"," from","  evening  of 21"
"atob.org.uk","stumbled home"," from","  work"
"hewett.norfolk.sch.uk","protecting"," from",""
"englishmonarchs.co.uk","provision"," from",""
"englishmonarchs.co.uk","worries"," from","  staff  over the"
"mbdevelopments.co.uk","- All day drive"," from","  Mkhuze"
"mbdevelopments.co.uk","our home away"," from","  home  . A"
"mbdevelopments.co.uk","birding"," from","  dirt  roads in"
"appiedaizepm.co.uk","of the watch"," from","  memory  over a"
"appiedaizepm.co.uk","one roof,"," from","  conception  to"
"appiedaizepm.co.uk","of the watch"," from","  memory  over a"
"turtlehead.co.uk","a decade ago."," From","  flood  to"
"chrishardy.co.uk",", as is clear"," from","  Article  3(2)"
"chrishardy.co.uk","It is apparent"," from","  section  73 of"
"masud.co.uk","you ''ve gone"," from","  60fps  to 50fps"
"masud.co.uk","generated"," from","  scratch  ,"
"masud.co.uk","artifact"," from","  aliasing  . It"
"birdtours.co.uk","bias we find"," from","  publication"
"meccsa.org.uk","searched"," from","  inception  to"
"meccsa.org.uk","excluded"," from","  heart"
"meccsa.org.uk","(range"," from","  £28,510  to"
"meccsa.org.uk","2 July 2006,"," from","  http  ://www."
"lists.aldigital.co.uk","travelled."," From","  time  to time,"
"avianbiotech.co.uk","of sampling"," from","  tv  and film"
"web.ukonline.co.uk","is free"," from","  racism  , far"
"web.ukonline.co.uk","£13.99 inc p&p"," from","  People  in"
"racoon.dircon.co.uk","protection"," from","  predators  ."
"racoon.dircon.co.uk","","from","  nitrogen  in"
"clarence.ndirect.co.uk","to get"," from","  prototype  to"
"clarence.ndirect.co.uk","experiences"," from","  companies"
"dh.gov.uk","riding home"," from","  work  on my"
"dh.gov.uk","compensation"," from","  Mrs  Volvo ''s"
"picturesofgateshead.co.uk","it has gone"," from","  strength"
"ninotchka.co.uk","of protest"," from","  business"
"ninotchka.co.uk","were absent"," from","  work  due to"
"ninotchka.co.uk","absence"," from","  work  , and to"
"ninotchka.co.uk","to recover"," from","  illness  while"
"ninotchka.co.uk","of visits"," from","  enforcements"
"ecb.co.uk","one shot being"," from","  close  at"
"addenbrookes.org.uk","deserves more"," from","  History  than"
"hypnos.co.uk","migration"," from","  packaging  was"
"hypnos.co.uk","may migrate"," from","  coatings  for"
"hypnos.co.uk","and"," from","  resin  beds"
"hypnos.co.uk","its migration"," from","  plastics  in"
"hypnos.co.uk","material made"," from","  styrene  . But"
"hypnos.co.uk","made"," from","  styrene  ."
"hypnos.co.uk","migration"," from","  food  contact"
"hypnos.co.uk","and styrene"," from","  thermoset"
"environment-agency.gov.uk","case, coming"," from","  parts  widely"
"saladltd.co.uk",". It can range"," from","  agent"
"chippendale.co.uk","and"," from","  input"
"forums3.jolt.co.uk","to hear"," from","  customers"
"tauntondeane.gov.uk","","from","  health"
"tauntondeane.gov.uk","basis funding"," from","  probation"
"tauntondeane.gov.uk",", support"," from","  careers"
"tauntondeane.gov.uk","support (","from","  housing"
"eprints.gla.ac.uk","a strategy"," from","  client  take on"
"creativematch.co.uk",", apart"," from","  Romanians  ,"
"sciencemadesimple.co.uk","a move"," from","  cover"
"sciencemadesimple.co.uk","poor response"," from","  employers"
"sciencemadesimple.co.uk","by GMB"," from","  table  5 of the"
"rainharvesting.co.uk","","from","  rose  hips,"
"rainharvesting.co.uk","and bloom"," from","  summer  to"
"evuk.co.uk","take a rest"," from","  diving  . The"
"richuish.ac.uk","will know that"," from","  time  to time a"
"lightbrigade.demon.co.uk","prevent you"," from","  music  in your"
"l-w-bks.co.uk","specificity"," from",""
"falconbury.co.uk","to sail there"," from","  den  Helder"
"falconbury.co.uk","his desk safe"," from","  children  . He"
"isi.salford.ac.uk","pour forth"," from","  taxis  and"
"isi.salford.ac.uk","the streets,"," from","  resentment"
"geog.cam.ac.uk","are invited"," from","  companies  for"
"faith.co.uk","John "" letters"," from","  home  . '' ''The"
"faith.co.uk",", many rescued"," from","  oblivion  in"
"faith.co.uk","restrict you"," from","  information  ,"
"overclockers.co.uk","of the comic"," from","  parody  [... ]"
"overclockers.co.uk","derives"," from",""
"overclockers.co.uk","'' as? sprung"," from","  night  and Hell"
"racoon.dircon.co.uk","on feedback"," from",""
"yealm-holidays.co.uk","to be deriving"," from","  something"
"yealm-holidays.co.uk","to derive"," from",""
"yealm-holidays.co.uk","","from","  scratch  . Here"
"asiaticpheasants.co.uk","19. (edited"," from","  notes"
"asiaticpheasants.co.uk",", likely"," from","  T-1  , (QII) Eye"
"asiaticpheasants.co.uk","observations"," from","  ground  and"
"asiaticpheasants.co.uk","information"," from","  space  . 5."
"christis.org.uk","a year die"," from","  head  injuries"
"christis.org.uk","dissimilar"," from","  legislation"
"chester.ac.uk","their way home"," from","  work  . Even"
"cs.cf.ac.uk","Engineering"," from","  year  2. It"
"asa-training.co.uk","Welsh hills"," from","  view  . They"
"asa-training.co.uk","hear evidence"," from","  community"
"compbio.dundee.ac.uk","cross design"," from","  center  to the"
"teachernet.gov.uk",": feedback"," from","  site  admin is"
"chrishardy.co.uk","to "" issue, and"," from","  time  to time"
"chrishardy.co.uk","to issue, and"," from","  time  to time"
"christianvoice.org.uk","''s profile"," from","  manufacturer"
"fatbirds.co.uk","contents vary"," from","  conreports  to"
"arsf.nerc.ac.uk","come to us"," from","  others"
"arsf.nerc.ac.uk","God ''s voice"," from","  others  . In the"
"dvla.gov.uk","swiftly away"," from","  anything  that"
"dvla.gov.uk","may be made"," from","  time  to time, ''"
"dvla.gov.uk","majority"," from","  ''a  majority of"
"vampiremovies.co.uk","east. Built"," from","  earth  and turf"
"untoldlondon.org.uk","ceremony,"," from","  habit  and not"
"untoldlondon.org.uk","hide? facts ''"," from","  people  ."
"untoldlondon.org.uk","separate"," from","  fertility  of"
"untoldlondon.org.uk","resignation"," from","  society  and"
"untoldlondon.org.uk","families"," from","  hunger  , and"
"untoldlondon.org.uk","man going home"," from","  work  . I asked"
"thepixelfarm.co.uk","cut it in half"," from","  top  to bottom)"
"thepixelfarm.co.uk","m 1.5 m depth"," from","  dome  to bottom"
"thepixelfarm.co.uk","that it was far"," from","  ideal  . We will"
"proweb.co.uk","and are run"," from","  homes  are not"
"cimhscaretrust.nhs.uk",". I quote"," from","  Metaphors  in"
"microsharp.co.uk","to carry goods"," from","  port  to port."
"microsharp.co.uk","they are free"," from","  error  , nor"
"crewecvs.org.uk","are his own;"," from","  ants  in"
"adtrader.co.uk","to hear"," from","  anyone  who has"
"ofsted.gov.uk","market,"," from","  insects  to"
"ofsted.gov.uk","examples come"," from","  literature"
"ofsted.gov.uk",". It is the move"," from","  two-player"
"ofsted.gov.uk","resources"," from","  subordinates"
"ofsted.gov.uk","by force"," from","  contacts  with"
"ofsted.gov.uk","support"," from","  subordinates"
"ofsted.gov.uk","by the females"," from","  juveniles"
"ofsted.gov.uk","in infants"," from","  juveniles  ."
"johnbuchansociety.co.uk","of a fresh"," from","  drama  school"
"johnbuchansociety.co.uk","benefitted"," from","  publicity  in"
"johnbuchansociety.co.uk","in a message"," from","  space  , begins"
"eng.bham.ac.uk","things change"," from","  day  to day. (IM"
"swiftmedical.co.uk","draw in others"," from","  afar  . Robert"
"swiftmedical.co.uk","more trains"," from","  victoria  to"
"swiftmedical.co.uk","more trains"," from","  dulwich  and"
"swiftmedical.co.uk","6/ 00 Letters"," from","  pupils  of"
"saferhealthcare.org.uk","to arise"," from","  change  in"
"travel.timesonline.co.uk","it has been far"," from","  unknown"
"travel.timesonline.co.uk",""" a poet quotes"," from","  memory  or from"
"travel.timesonline.co.uk","from memory or"," from","  prejudice  or"
"wasteonline.org.uk","be welcomed"," from","  anyone  who"
"wasteonline.org.uk","permission"," from","  www  ."
"wasteonline.org.uk","to be added to"," from","  information"
"manacad.co.uk","filter debris"," from","  water  (for"
"chrishardy.co.uk","","from","  others  . Trend"
"chrishardy.co.uk","the output"," from","  service  A as"
"chrishardy.co.uk",", for example"," from","  location  to"
"libertas.demon.co.uk","of OA"," from","  blood  , caused"
"libertas.demon.co.uk",". 18 Urine"," from","  nephropathy"
"libertas.demon.co.uk","calculated"," from","  occurrence"
"ilook.fsnet.co.uk","emails"," from","  ''nutcote  ."
"marquee.demon.co.uk","revelations"," from","  studies  that"
"marquee.demon.co.uk","case of cancer"," from","  gene  therapy"
"henleyrugbyclub.org.uk","keeping them"," from","  work  through"
"henleyrugbyclub.org.uk","are excluded"," from","  employment  ."
"henleyrugbyclub.org.uk","per cent come"," from","  minority"
"henleyrugbyclub.org.uk","the support"," from",""
"realgap.co.uk",")"," from","  notes"
"linuxformat.co.uk","is carved"," from","  rock  and is"
"formula.co.uk","downloadable"," from","  http  ://www."
"helios.bto.ed.ac.uk","will range"," from","  hernias  and"
"edinburgh-tattoo.co.uk","and landlady"," from","  Man  About The"
"st-edmunds.cam.ac.uk",". doll made"," from","  wood  and"
"recordsmanagement.ed.ac.uk","resentment"," from","  motorists"
"nfrc.co.uk","site starting"," from","  http  ://www."
"nfrc.co.uk","","from","  web  sites,"
"nfrc.co.uk","they computed"," from","  P  first"
"nfrc.co.uk","be retrieved"," from","  links  in the"
"nfrc.co.uk","). Also, data"," from","  research"
"friendsreunitedjobs.co.uk","era, but fell"," from","  favour"
"friendsreunitedjobs.co.uk","pastry made"," from","  cumin  seeds"
"qaa.ac.uk","has been lost"," from","  family  life,"
"qaa.ac.uk","gathered"," from","  hedgerows  or"
"qaa.ac.uk","be obtained"," from","  plants  you"
"qaa.ac.uk","pots or bought"," from","  garden"
"qaa.ac.uk","June 21 (or"," from","  dawn  if you are"
"sasi.group.shef.ac.uk","the neuraxis,"," from","  brain  to"
"cgsupport.nhs.uk","various areas"," from","  groups  and"
"lightsabre.co.uk","released"," from","  prison  ,"
"libdemsalter.org.uk","extort favors"," from","  people  with"
"libdemsalter.org.uk","much secure"," from","  bot  networks."
"hull.ac.uk","you get passed"," from","  pillar  to post"
"hull.ac.uk","I received"," from","  dolphin  and"
"hull.ac.uk","sets you aside"," from","  ''the  norm ''."
"hull.ac.uk","legislation"," from","  time  to time in"
"homepages.inf.ed.ac.uk","as a Baron"," from","  Hell  . His"
"lists.aldigital.co.uk","briefsâ? ?"," from","  television"
"techscribe.co.uk","market"," from","  imports  , and"
"techscribe.co.uk","sectors"," from","  tax  . Tariff A"
"tonykline.co.uk","one roof,"," from","  conception  to"
"tonykline.co.uk","one roof,"," from","  conception  to"
"rnib.org.uk",", drawings"," from","  work  (a"
"film.guardian.co.uk","our vote"," From","  words  to deeds"
"walsinghamanglican.org.uk","energy"," from","  everyone  and"
"macrobiotics.co.uk","insult"," from","  acid  and"
"macrobiotics.co.uk","protects them"," from","  stomach  acid:"
"macrobiotics.co.uk","difference"," from","  control  was"
"gfdl.marxists.org.uk","on food safety"," from","  farm  to fork,"
"gfdl.marxists.org.uk","''s length ''"," from","  Government"
"moog.co.uk","rooms start"," from","  £180  per night"
"moog.co.uk","lessons cost"," from","  £20  per person"
"moog.co.uk","start from"," from","  £20  . Find this"
"cpgb.org.uk","distilled"," from","  site  usage"
"cpgb.org.uk","competition"," from","  news  giants"
"durham21.co.uk","withdrawn"," from","  sale  and"
"durham21.co.uk","withdraw them"," from","  sale  and to"
"durham21.co.uk","are withdrawn"," from","  sale  and that"
"durham21.co.uk","not expected"," from","  tin  in the diet"
"durham21.co.uk","body of the can"," from","  corrosion  . In"
"durham21.co.uk","not expected"," from","  tin  in the diet"
"durham21.co.uk","storage (time"," from","  canning  and"
"durham21.co.uk","withdrawn"," from","  sale  . JFSSG"
"durham21.co.uk","withdraw them"," from","  sale  and to"
"durham21.co.uk","is produced"," from","  tomatoes  from"
"durham21.co.uk","withdrawn"," from","  sale  and"
"durham21.co.uk","","from","  sale  and that"
"durham21.co.uk","withdrawn"," from","  sale  and"
"racoon.dircon.co.uk","Owen, who died"," from","  bullet  wounds"
"racoon.dircon.co.uk","& his troops"," from","  Blighty  (1996"
"bl.uk","accept advice"," from","  others  Step 3:"
"caj.org.uk","'' or digitised"," from","  print  ."
"caj.org.uk","may differ"," from","  files"
"caj.org.uk","the outset,"," from","  institutions"
"caj.org.uk",". Response"," from","  libraries  has"
"caj.org.uk","is available"," from","  http  ://www."
"b.ali.btinternet.co.uk",""". Gil has,"," from","  time  to time,"
"hfstephens-museum.org.uk","its origin"," from","  emotion"
"hfstephens-museum.org.uk","trace a shift"," from","  lovesickness"
"hfstephens-museum.org.uk","and her escape"," from","  marriage  to"
"hfstephens-museum.org.uk","accusation,"," from","  prosperity"
"henryjames.org.uk","his lips or"," from","  anyone  else ''s"
"traveleditions.co.uk","for him, too (","from","  cancer  in 1991"
"eenet.org.uk","","from","  reprisals  and"
"chamberonline.co.uk","the benefit"," from","  colour  are"
"chamberonline.co.uk","pages follows"," from","  studies"
"chamberonline.co.uk","be obtained"," from","  ioo  sales."
"pda.skymarket.co.uk","! They weren''t"," from","  Braid  , nor"
"nln.ac.uk","to and"," from","  hospital  ,"
"waterfowl.org.uk","attention"," from","  start  to"
"nwbrown.co.uk","competition"," from","  hundreds  of"
"www2.bioch.ox.ac.uk","characters"," from","  Slovenia  ; one"
"traveleditions.co.uk","information"," from","  source  to"
"london.gov.uk","routes"," from","  source"
"london.gov.uk","clearly vary"," from","  region  to"
"woodlandsfarm.co.uk","information"," from","  member"
"landscapingpavingstone.co.uk","collections"," from","  Pluto  Press"
"landscapingpavingstone.co.uk","variations"," from","  food  and"
"landscapingpavingstone.co.uk","materials --"," from","  books  and"
"landscapingpavingstone.co.uk","the college or"," from","  home  . Back to"
"landscapingpavingstone.co.uk","'' records"," from","  censuses"
"landscapingpavingstone.co.uk","CO2 Emissions"," from","  Fuel"
"hyp.ac.uk","of subjects"," from","  information"
"severnprint.co.uk","","from","  law  firms and"
"www2.essex.ac.uk","and losers"," from","  television  ''s"
"spotlightministries.org.uk","these terms"," from","  time  to time in"
"spotlightministries.org.uk","statements"," from","  teachers  and"
"spotlightministries.org.uk","of learning"," from","  teachers  , let"
"fullspectrumhealing.co.uk","2 July 2006,"," from","  http  ://www."
"nationalgallery.org.uk","gains"," from","  energy"
"gssw.ac.uk",", it moves away"," from",""
"supportunit.co.uk","decisions"," from","  refs  and some"
"supportunit.co.uk","some bad dives"," from","  opponents  ,"
"medacs.co.uk","are"," from","  pollution"
"medacs.co.uk","(e. g. cadmium"," from","  phosphate"
"medacs.co.uk","to health"," from","  chemicals  in"
"medacs.co.uk","implications"," from","  aluminium  in"
"medacs.co.uk","originating"," from","  petrol  ) and"
"medacs.co.uk","of children"," from","  populations  ("
"medacs.co.uk","to health"," from","  mercury  in"
"medacs.co.uk","not expected"," from","  tin  in the diet"
"medacs.co.uk","body of the can"," from","  corrosion  . 49"
"medacs.co.uk","intake of zinc"," from","  food  and"
"medacs.co.uk","daily intake"," from","  food  and"
"medacs.co.uk","to consumers"," from","  arsenic  in"
"medacs.co.uk","to zinc"," from","  food  are more"
"medacs.co.uk","foods"," from","  aluminium"
"medacs.co.uk","exposure"," from","  fish"
"leaddiscovery.co.uk","be bought"," from","  someone  else"
"leaddiscovery.co.uk",", ranging"," from","  ''Dictators  ,"
"leaddiscovery.co.uk","thy foot"," from","  thy  neighbour"
"leaddiscovery.co.uk","the children"," from","  school  last"
"computerperformance.co.uk","in programs"," from","  school"
"computerperformance.co.uk","of two cases"," from","  Program  I:"
"computerperformance.co.uk","information"," from","  experiences"
"computerperformance.co.uk","gained"," from","  group  members"
"computerperformance.co.uk","membership"," from","  students  who"
"library.cant.ac.uk","vehicles"," from","  areas  such as"
"spot-on-sundials.co.uk","withdrawals"," from","  programmes  ("
"spot-on-sundials.co.uk","picture"," from","  pupils  was of a"
"spot-on-sundials.co.uk","expectations"," from","  government  ,"
"spot-on-sundials.co.uk","are concerns"," from",""
"spot-on-sundials.co.uk","agreements"," from","  Boards  that"
"spot-on-sundials.co.uk","relations"," from","  government"
"spot-on-sundials.co.uk","; 2. Training"," from","  Boards  for"
"spot-on-sundials.co.uk",": ii) Training"," from","  Boards  for"
"spot-on-sundials.co.uk","; ii) Training"," from","  Boards  for"
"northeastnocampaign.co.uk","might benefit"," from","  process"
"northeastnocampaign.co.uk","twice"," from","  school  due to"
"curve.org.uk","have suffered"," from","  terrorism  ;"
"robinkelly.btinternet.co.uk","up a system"," from","  bits  of"
"redsevenleisure.co.uk",", it is removed"," from","  play  along"
"nfms.org.uk","to benefit"," from","  hydrotherapy"
"cus.cam.ac.uk","Is that learnt"," from","  experience"
"tallclub.co.uk","and artefacts"," from","  changes  among"
"tallclub.co.uk","can be gleaned"," from","  station"
"tradamis.co.uk","in 1830"," from","  diamonds  and"
"salfordsoftware.co.uk","would benefit"," from","  treatment  for"
"salfordsoftware.co.uk","in transition"," from","  adolescence"
"salfordsoftware.co.uk","is expected"," from","  DATs  and joint"
"salfordsoftware.co.uk","in each region"," from","  autumn  2002."
"nln.ac.uk","received"," from","  participants"
"ppu.org.uk","outcast"," from","  society  . She"
"mayfairschool.co.uk","of great men,"," from","  prophets  to"
"spotlightministries.org.uk","like to hear"," from","  firms  who are"
"spotlightministries.org.uk","contact"," from","  law  students"
"network-theory.co.uk","seek support"," from","  peers  and"
"network-theory.co.uk","take orders"," from","  management  ."
"network-theory.co.uk","demands"," from","  customers  ."
"network-theory.co.uk","and learn"," from","  review  of the"
"sciencemuseum.org.uk","directions"," from","  prospectus  in"
"sciencemuseum.org.uk","directions"," from","  prospectus  in"
"www-embio.ch.cam.ac.uk","workers or"," from","  television  or"
"sasdaniels.co.uk","gain security"," from","  togetherness"
"sasdaniels.co.uk",") or"," from","  anonymity  or"
"sasdaniels.co.uk",". Available"," from","  www  ."
"sasdaniels.co.uk","protection"," from","  weather  , etc."
"fengshui-ci.co.uk","as a vicarage"," from","  c  . 1892, the"
"dailyreckoning.co.uk",", but"," from","  groups  that in"
"dailyreckoning.co.uk","refrain"," from","  protest  ... An"
"link2wales.co.uk","translations"," from",""
"highlandwoodenergy.co.uk","to guidance"," from","  Government"
"highlandwoodenergy.co.uk","and advice"," from","  employers  on"
"midrange.hotels-london.co.uk","iron we absorb"," from","  food  . Eating"
"surefish.co.uk","directly"," from","  xls  , dbf and"
"landscapingpavingstone.co.uk","retail up 50 %"," from","  £2.4billion"
"uknetguide.co.uk","will keep us"," from","  repentance  ."
"aelybryn.co.uk","a letter I got"," from","  somebody  at"
"aelybryn.co.uk","she switched"," from","  radio  to"
"washerhelp.co.uk","suffer"," from","  food"
"washerhelp.co.uk","","from","  aggressor  to"
"washerhelp.co.uk","* Ý Excerpts"," from","  communique  ["
"nomad-online.co.uk","are growing"," from","  year  to year."
"nomad-online.co.uk","more quickly"," from","  poverty  ? This"
"masud.co.uk","figures"," from","  politics  , the"
"masud.co.uk","Response time"," from","  section  to"
"socialistparty.org.uk","hidden"," from","  public  gaze"
"hfstephens-museum.org.uk","whisked away"," from","  ''the"
"hfstephens-museum.org.uk","we saw were not"," from","  farmers  . "" ''"
"hfstephens-museum.org.uk","launched"," from","  surface"
"hfstephens-museum.org.uk","Baathists"," from","  government  of"
"hfstephens-museum.org.uk","only emerge"," from","  study  of the"
"hwcp.org.uk","is a long way"," from","  consensus  on"
"hwcp.org.uk","of both"," from","  www  ."
"encorepersonnel.co.uk","drawings"," from","  artists  Andy"
"duncanamps.co.uk","evidence"," from","  carers  (and"
"duncanamps.co.uk","(and some"," from","  care"
"duncanamps.co.uk","2 July 2006,"," from","  http  ://www."
"naworth.co.uk","started"," from","  scratch  ."
"transport2000.org.uk","downloading"," from","  http  ://www."
"learning.north.londonmet.ac.uk","from fine cuts"," from","  beer  and grain"
"lmu.ac.uk","(E s = 0)"," from","  locations"
"jmc.ac.uk","colours vary"," from","  film  batch to"
"jmc.ac.uk","seen a post"," from","  someone  who ''s"
"jmc.ac.uk","colours"," from","  negs  is to"
"twistednerve.co.uk","often arise"," from","  problems  of"
"twistednerve.co.uk","can range"," from","  children"
"cumbriacc.gov.uk","was suffering"," from","  vertigo  on a"
"cumbriacc.gov.uk","that I can do"," from","  home  , but have"
"cumbriacc.gov.uk","stay away"," from","  surgery  ! ! It"
"transcomm.ox.ac.uk","tx will emerge"," from","  rx  . While this"
"transcomm.ox.ac.uk","these objects"," from","  anything"
"glassblockoutlet.co.uk","sport apart"," from","  rowing  where"
"dcs.qmul.ac.uk","or a visit"," from","  suppliers  of """
"undiscoveredscotland.co.uk","retired"," from","  office  in 1821"
"www-sedgwick.esc.cam.ac.uk","though,"," from","  everything  Iâ"
"clieuk.co.uk","discharged"," from","  hospital  you"
"chat.dailymail.co.uk","-... SAVE 10 %"," From","  £20.66  »more"
"cs.bham.ac.uk","the hearing"," from","  proceeding  ."
"bupa.co.uk","information"," from","  government"
"lentontimes.co.uk","be protected"," from","  exposure  is"
"lentontimes.co.uk","that comes"," from","  publication  ."
"bfi.org.uk:8080","B are excluded"," from","  power"
"ariadne.ac.uk","it these days"," from","  nu  metal bands"
"ariadne.ac.uk","I played demos"," from","  bands  like"
"socialistunitynetwork.co.uk","noise levels"," from","  convention"
"ics.leeds.ac.uk","everything"," from","  haggis  to"
"tate.org.uk",". Deviations"," from","  symmetry  will"
"tate.org.uk","them"," from","  cells  with a"
"phrases.org.uk","was protected"," from","  feeling  , and"
"phrases.org.uk","both recoiled"," from","  engagements  ,"
"poetrysociety.org.uk","managers"," from",""
"poetrysociety.org.uk","on its head."," From","  road  safety to"
"poetrysociety.org.uk","damage"," from","  climate"
"poetrysociety.org.uk","new energy"," from","  wind  turbines"
"untoldlondon.org.uk","ranging"," from","  start  your own"
"shef.ac.uk",". more I awake"," from","  dreams  about"
"shef.ac.uk","divide office"," from","  storage  space"
"mygen.co.uk","particularly"," from","  tier  2 and tier"
"mygen.co.uk","of commitment"," from","  drug  and"
"mygen.co.uk","is usually"," from","  tiers  2 or 3"
"mygen.co.uk","in transition"," from","  adolescence"
"vts.rdn.ac.uk","served basis,"," from","  09.00am  . To"
"vts.rdn.ac.uk","information"," from","  employers  ."
"headheritage.co.uk","13, 2003,"," from","  http  :/"
"spelthorne.gov.uk","reality. Far"," from","  preaching  ,"
"prospect-magazine.co.uk","comes"," from","  theory  or"
"prospect-magazine.co.uk","in emphasis"," from","  time  to time"
"prospect-magazine.co.uk","attract funds"," from","  government"
"prospect-magazine.co.uk","of people"," from","  academe  to"
"bfi.org.uk:8080","the findings"," from","  research"
"bfi.org.uk:8080","Learning"," from","  feedback  from"
"bfi.org.uk:8080","from feedback"," from","  others  in the"
"bfi.org.uk:8080","managers"," from","  industry  . She"
"casi.org.uk","of gratitude"," from","  writers  and"
"admin.cam.ac.uk","here are"," from","  ''chance"
"cru.uea.ac.uk","activities,"," from","  sailing  to"
"cpgb.org.uk","experts"," from","  research  ,"
"www-sedgwick.esc.cam.ac.uk","the period"," from","  graduation"
"bbk.ac.uk","Students"," from","  colleges  in"
"bbk.ac.uk","of falls"," from","  height  and the"
"bbk.ac.uk","of falls"," from","  height  . ..."
"bbk.ac.uk","of falls"," from","  height  . ..."
"bbk.ac.uk","to emerge"," from","  consultants"
"bbk.ac.uk","control"," from","  water"
"freedomministries.org.uk",". Papers"," from","  researchers"
"freedomministries.org.uk","that range"," from","  family"
"chox.org.uk","everyone"," from","  scientists  to"
"chox.org.uk","in topics"," from","  show  business"
"netribution.co.uk","of products"," from","  thousands  of"
"burnyourbonus.co.uk","recover"," from","  drug"
"spartacus.schoolnet.co.uk","wide spectrum"," from","  hardware"
"spartacus.schoolnet.co.uk","these outlets"," from","  tourists  and"
"spartacus.schoolnet.co.uk","simply work"," from","  home  - which"
"spartacus.schoolnet.co.uk",") that arises"," from","  projects"
"spartacus.schoolnet.co.uk","public input"," from","  members  of the"
"spartacus.schoolnet.co.uk","have resulted"," from","  gifts  of this"
"cnetwork.co.uk","and everyone"," from","  journalists"
"jr2.ox.ac.uk","get support"," from","  colleagues  to"
"history.ac.uk","them. We fire"," from","  £300  ..."
"history.ac.uk","UK and Ireland"," from","  £750  plus VAT."
"arts.guardian.co.uk","effects"," from","  measurement"
"arts.guardian.co.uk","variograms"," from","  rasters  see"
"arts.guardian.co.uk","interpolated"," from","  source"
"arts.guardian.co.uk","interpolated"," from","  contours  that"
"arts.guardian.co.uk","interpolated"," from","  contours  of"
"arts.guardian.co.uk","interpolated"," from","  contours  , all"
"arts.guardian.co.uk","converted"," from","  line  vectors"
"arts.guardian.co.uk","the distance"," from","  viewpoint  to"
"arts.guardian.co.uk","interpolated"," from","  contour  data"
"arts.guardian.co.uk","index ''"," from","  frequency"
"nationalschool.gov.uk","help recovery"," from","  injury  . The"
"users.ox.ac.uk","have made"," from","  processing"
"users.ox.ac.uk","they are free"," from","  error  , nor"
"baronage.co.uk","to remember"," from","  time  to time"
"broadcaster.org.uk","any money"," from","  anyone  and I am"
"broadcaster.org.uk","it would come"," from","  words  and not"
"broadcaster.org.uk","), some"," from","  artists  who"
"classic-literature.co.uk","was sourced"," from","  stock"
"keele.ac.uk","MPs be barred"," from","  voting  on"
"keele.ac.uk","errors kept"," from","  patients"
"admin.cam.ac.uk","miles"," from","  prisoners  ''"
"screenonline.org.uk","responses"," from","  people  who"
"screenonline.org.uk","applications"," from","  scientists  ("
"passiondiscs.co.uk",", which varies"," from","  country  to"
"passiondiscs.co.uk","students"," from","  kindergarten"
"passiondiscs.co.uk","and feedback"," from","  cluster  and"
"jr2.ox.ac.uk","to get relief"," from","  pain  . Is it"
"number-10.gov.uk","","from",""
"gfdl.marxists.org.uk","needed."," From","  start  to"
"gfdl.marxists.org.uk","to an article"," from","  start  to"
"hrionline.ac.uk","at lunchtimes"," from","  college  and go"
"hrionline.ac.uk","about my site"," from","  people  around"
"hrionline.ac.uk","6 months ago."," from","  time  to time we"
"hrionline.ac.uk","! I have a home ["," from","  home  ] web site"
"hrionline.ac.uk","(offers"," from","  kind  hearted"
"discuss.pressgazette.co.uk","support"," from","  Quakers  in"
"discuss.pressgazette.co.uk","of commitment"," from","  Principal  and"
"discuss.pressgazette.co.uk","all requests"," from","  schools  . The"
"brookes.ac.uk","trucks made"," from","  beer  cans and"
"brookes.ac.uk","and suitcases"," from","  tuna  cans ("
"brookes.ac.uk","moans"," from","  comics  . Via"
"brookes.ac.uk","travel went"," from","  science"
"lentontimes.co.uk","painful death"," from","  hunger  and"
"lentontimes.co.uk","their stock"," from","  predation  ."
"lentontimes.co.uk","a fox rescued"," from","  hounds  ."
"chester.ac.uk","a great deal"," from","  distress  and"
"eatwell.gov.uk","are excluded"," from","  access  . [ 22 ]"
"eatwell.gov.uk","to arise"," from","  disclosure"
"futurelab.org.uk","bars (","from","  cocoa  powder)"
"ff1600.co.uk","text. Going"," from","  country  to"
"cnetwork.co.uk","2 July 2006,"," from","  http  ://www."
"discuss.pressgazette.co.uk","research"," from","  hact  , and"
"discuss.pressgazette.co.uk","issues"," from","  community"
"fpp.co.uk","BN50 9FL."," From","  time  to time we"
"pocket-lint.co.uk","everything"," from","  computer"
"lse.ac.uk","his journey"," from","  penury  to"
"le.ac.uk","protected"," from","  storms  , while"
"greenparty.org.uk","animals,"," from","  budgies  and"
"snh.org.uk","who can cross"," from","  page  to stage."
"snh.org.uk","poetry scene"," from","  town  to gown"
"nzstamps.fsnet.co.uk","twelve areas -"," from","  aid  and debt"
"rcpbml.org.uk","Festival."," From","  comedy  to"
"rcpbml.org.uk","to drama and"," from","  documentary"
"rcpbml.org.uk","Festival."," From","  comedy  to"
"rcpbml.org.uk","to drama and"," from","  documentary"
"rcpbml.org.uk","Festival."," From","  comedy  to"
"rcpbml.org.uk","to drama and"," from","  documentary"
"cygnus-books.co.uk","in your area,"," from","  fashion  ,"
"history.ac.uk","be expected"," from","  Days  of Wonder"
"art-sx.co.uk","fishing away"," from","  home  was very"
"psigate.ac.uk","of food"," from","  field  to plate"
"psigate.ac.uk","harvested"," from","  cord  blood of"
"csae.ox.ac.uk",". Advice"," from","  lawyers"
"fortunecity.co.uk","","from","  authors  ,"
"ariadne.ac.uk","thirds suffer"," from","  depression  ."
"eprints.gla.ac.uk","running"," from","  top  to bottom,"
"growell.co.uk","suffering"," from","  bone  diseases"
"og.dti.gov.uk","borrowed"," from","  sign  language"
"og.dti.gov.uk","than arising"," from","  negligence  . I"
"eprints.gla.ac.uk","suffering"," from","  stress  . The"
"eprints.gla.ac.uk","ranging"," from","  feng  shui to"
"eprints.gla.ac.uk","working"," from","  home  for 1 or 2"
"iwar.org.uk","or away"," from","  motif  , rather"
"ics.leeds.ac.uk","to teach"," from","  novice  to"
"ics.leeds.ac.uk","to childrenl"," from","  age  7 upwards."
"ics.leeds.ac.uk","standards (","from","  plodders  to"
"ics.leeds.ac.uk","us because,"," from","  experience  ,"
"shef.ac.uk","found, apart"," from","  pottery"
"cnetwork.co.uk","April. '' Cards"," from","  kids  in"
"cnetwork.co.uk","and letters"," from","  children  in"
"cnetwork.co.uk","paintings"," from","  art  movements"
"big-brother.me.uk","varies in type"," from","  sites  which"
"big-brother.me.uk","also varies"," from","  web  site to web"
"big-brother.me.uk","... formed"," from","  amalgamation"
"big-brother.me.uk","ranging"," from","  heritage  to"
"paulflynnmp.co.uk","music system"," from","  ''also  have"
"fantasticfiction.co.uk","feedback"," from","  students  in a"
"fantasticfiction.co.uk","feedback"," from","  students  ."
"fantasticfiction.co.uk","received"," from","  students  to"
"fantasticfiction.co.uk","as well as"," from","  students  so"
"fantasticfiction.co.uk","arising"," from","  student"
"fantasticfiction.co.uk",". Information"," from","  student"
"fantasticfiction.co.uk","obtained"," from","  student"
"geos.ed.ac.uk","accordingly"," from","  table  , got"
"geos.ed.ac.uk","a man restored"," from","  death  ? there"
"lentontimes.co.uk","Taking its cue"," from","  Sanskrit"
"growell.co.uk",": The retreat"," from","  error  in young"
"growell.co.uk",": The retreat"," from","  error  in young"
"growell.co.uk","on your work"," from","  friends  and"
"growell.co.uk",". Details"," from","  Personnel  on"
"spartacus.schoolnet.co.uk","the glass"," from","  condensation"
"spartacus.schoolnet.co.uk","the glass"," from","  condensation"
"spartacus.schoolnet.co.uk","the glass"," from","  condensation"
"bjhc.co.uk","i know apart"," from","  ''Prince  ''... """
"incore.ulst.ac.uk",", num! read num"," from","  keyboard  IF ("
"history.ac.uk","the corner"," from","  mine  with"
"psigate.ac.uk","Caffe Mocha"," from","  £0.90  to £1.10"
"psigate.ac.uk","Crèche - Open"," from","  9.15am  to"
"gfdl.marxists.org.uk","was obtained"," from","  interviews"
"gfdl.marxists.org.uk","received"," from","  others  will be"
"icnewcastle.icnetwork.co.uk","LOL. Stay away"," from","  dentists  ,"
"big-brother.me.uk","can jump"," from","  map  to map -"
"classic-literature.co.uk","his mind leapt"," from","  ''goddess  '' to"
"classic-literature.co.uk",", grinning"," from","  ear  to ear. "" No"
"classic-literature.co.uk","some shelter"," from","  sun  or rain."
"classic-literature.co.uk","languages"," from","  time  to time,"
"radioandtelly.co.uk",", and changes"," from","  time  to time as"
"bupa.co.uk","like a fanzine"," from","  people  you"
"bupa.co.uk","as a fanzine"," from","  friends  you"
"bupa.co.uk","and divorced"," from","  fandom  . A pity"
"bubl.ac.uk",", move"," from","  page  to page on"
"pocket-lint.co.uk","registration"," from","  9.00am  when"
"pocket-lint.co.uk","Refreshments"," from","  9.00am  on the"
"english-heritage.org.uk","in demand"," from","  landowners"
"english-heritage.org.uk","is cast"," from","  side  to side at"
"english-heritage.org.uk","to be driven"," from","  cover  to"
"english-heritage.org.uk","drive foxes"," from","  cover  . Back to"
"penguinclassics.co.uk","many things,"," from","  food  to fridge"
"building-history.pwp.blueyonder.co.uk","extraction"," from","  rainwater"
"bl.uk","times of life"," from","  infancy  to"
"bl.uk","and"," from","  research"
"janus.lib.cam.ac.uk","returning"," from","  maternity"
"janus.lib.cam.ac.uk","impact"," from","  family"
"janus.lib.cam.ac.uk","returning"," from","  maternity"
"janus.lib.cam.ac.uk","defence"," from","  employers  was"
"hm-treasury.gov.uk","differed"," from","  chapbooks  in"
"hm-treasury.gov.uk","are known only"," from",""
"hm-treasury.gov.uk","resulted"," from","  transitions"
"hm-treasury.gov.uk",", Co. Cork), or"," from","  subscription"
"hm-treasury.gov.uk",", passageways"," from","  castles  to"
"hm-treasury.gov.uk","were distinct"," from","  novels  (Frank"
"hm-treasury.gov.uk","also evident"," from","  novels"
"uklug.co.uk","evidence"," from","  research  ? Can"
"uklug.co.uk","their answers"," from","  textbooks  and"
"uklug.co.uk","primarily"," from","  colleagues"
"untoldlondon.org.uk","a man watching"," from","  afar  reports,"
"thegoodwebguide.co.uk","to END IF"," from","  outside  IF"
"iwar.org.uk","notes are made"," from","  sheets  from"
"iwar.org.uk","are included"," from","  volume  1 of the"
"iwar.org.uk","to Ogilby; but"," from","  pl.40  are new"
"iwar.org.uk","varies"," from","  edition  to"
"essex.ac.uk","abilities,"," from","  beginners  to"
"essex.ac.uk","30-45 minutes"," from","  college  . A"
"essex.ac.uk","hour to reach"," from","  college  ."
"dresscircle.co.uk","been derived"," from","  ''DO-178B  ''"
"dresscircle.co.uk","may be a result"," from","  requirement"
"littleredboat.co.uk","changed"," from","  dairying  to"
"thestage.co.uk","prices vary"," from","  catalogue  to"
"www-jcsu.jesus.cam.ac.uk","","from","  database"
"www-jcsu.jesus.cam.ac.uk","and"," from","  time  to time"
"www-jcsu.jesus.cam.ac.uk","page. Links"," from","  search"
"birdtours.co.uk",". Made"," from","  material  that"
"foe.co.uk","learned"," from","  fiction  and"
"foe.co.uk","and detached"," from","  reality  ."
"le.ac.uk","good results"," from","  slides  than"
"le.ac.uk","locating mask"," from","  card  , make"
"rcpbml.org.uk","techniques"," from","  scale  doubles"
"rcpbml.org.uk","forge and beat"," from","  plate  steel"
"rcpbml.org.uk","noise"," from","  audience"
"classic-literature.co.uk","will benefit"," from","  access  to a"
"thegoodwebguide.co.uk","to END IF"," from","  outside  IF"
"cpgb.org.uk","detach head"," from","  body  "". But one"
"observer.guardian.co.uk","CO 2 emissions"," from","  transport  are"
"observer.guardian.co.uk","equal to those"," from","  homes  , a"
"edwards-language-school.co.uk","of quotes"," from","  individuals"
"edwards-language-school.co.uk","set to benefit"," from","  grants  . 27th"
"mailman-new.greennet.org.uk","of, drawn"," from","  research"
"greenwichcollege.co.uk","three missing"," from","  register"
"greenwichcollege.co.uk","service"," from","  inquests  -"
"greenwichcollege.co.uk","AND FINES"," From","  today  those"
"queens.ox.ac.uk","bit different"," from","  everybody"
"queens.ox.ac.uk","bit different"," from","  everybody"
"topfoto.co.uk","applications"," from","  people"
"caa.co.uk","graduates"," from","  course"
"caa.co.uk","recognition"," from","  employers  ."
"caa.co.uk","seek to profit"," from","  workers  ''"
"caa.co.uk","deductions"," from","  workers  ''"
"caa.co.uk","requests"," from","  employees"
"g8.gov.uk","learning"," from","  experience  ,"
"g8.gov.uk","- away"," from","  observers  ,"
"g8.gov.uk","gained"," from","  ''reviewing  IN"
"g8.gov.uk","to learn"," from","  experience"
"g8.gov.uk","real quotes"," from","  learners  to"
"hiroshige.org.uk","51 miles"," from","  home  , whilst"
"hiroshige.org.uk","54 miles"," from","  home  . The"
"hiroshige.org.uk","are excluded"," from","  protection"
"hiroshige.org.uk","mentally ill"," from","  prisons  to"
"farm.org.uk","Authority"," from","  time  to time;"
"farm.org.uk","may be amended"," from","  time  to time;"
"farm.org.uk",", as varied"," from","  time  to time,"
"farm.org.uk","as are set out"," from","  time  to time on"
"farm.org.uk","protected"," from","  claims  made on"
"farm.org.uk","arising"," from","  capital"
"farm.org.uk","to you"," from","  time  to time."
"farm.org.uk","our Rate Card"," from","  time  to time."
"farm.org.uk","as set out"," from","  time  to time on"
"farm.org.uk","Business Days"," from","  day  of deposit"
"farm.org.uk","current rate"," from","  time  to time as"
"farm.org.uk","rates set out"," from","  time  to time on"
"farm.org.uk","those set out"," from","  time  to time in"
"farm.org.uk","as set out"," from","  time  to time on"
"farm.org.uk","those set out"," from","  time  to time on"
"farm.org.uk","those set out"," from","  time  to time on"
"farm.org.uk","our customers"," from","  theft  and"
"farm.org.uk","rate set out"," from","  time  to time on"
"farm.org.uk","outstanding"," from","  time  to time"
"farm.org.uk","and cash"," from","  time  to time"
"farm.org.uk","and cash are"," from","  time  to time"
"farm.org.uk","such money may"," from","  time  to time be"
"farm.org.uk","and licensors"," from","  time  to time."
"farm.org.uk","produced by us"," from","  time  to time in"
"farm.org.uk","profit or loss"," from","  transactions"
"farm.org.uk","1992 (as may"," from","  time  to time be"
"farm.org.uk","1998 (as may"," from","  time  to time be"
"farm.org.uk","interest"," from","  tax  . 4.5 If an"
"farm.org.uk","charge set out"," from","  time  to time in"
"farm.org.uk","must be made"," from","  cash  held or"
"farm.org.uk","rate set out"," from","  time  to time on"
"farm.org.uk","exemptions"," from","  tax  cease from"
"farm.org.uk","of any reliefs"," from","  taxation  may"
"btp.police.uk","long way away"," from","  reality  . The"
"evuk.co.uk","comes in"," from","  work  , eats a"
"cs.le.ac.uk","straying far"," from","  home  . ''She"
"lccc.co.uk","daisy cutters"," from","  thousands  of"
"lccc.co.uk","missiles"," from","  hundreds  of"
"ml-consult.co.uk","laptop"," from","  hotel  phone?"
"bordercrossings.org.uk","as it rocked"," from","  side  to side. I"
"bordercrossings.org.uk",". It charges"," from","  0-60mph  in the"
"voice-online.co.uk","of couples"," from","  families"
"antiquefairs.co.uk","of report"," from","  researchers"
"huddersfield1.co.uk","conversion"," from","  close  to the"
"taylorbells.co.uk",", do not want,"," from","  life  ."
"taylorbells.co.uk","you do NOT want"," from","  life  . Then"
"oucc.org.uk","really differ"," from","  game  to game."
"wolftrust.org.uk","research."," From","  time  to time,"
"wolftrust.org.uk","good response"," from","  poster"
"wolftrust.org.uk","good response"," from","  presenters"
"varley9.freeserve.co.uk","of singing"," from","  tree  tops."
"codexbooks.co.uk","down, even"," from","  churches  ,"
"brucesfingers.co.uk","health check"," from","  vet  Sue"
"mud.co.uk","own mortality"," from","  childhood  ."
"mud.co.uk","suffered"," from","  depression  ,"
"frenchliving.co.uk","benefits"," from","  recycling  ,"
"frenchliving.co.uk","benefits"," from","  recycling  ,"
"mansfield.gov.uk","the girls safe"," from","  disease  and"
"mansfield.gov.uk",", and safe"," from","  pimps  . They"
"sohp.soton.ac.uk","of demand"," from","  cities  such as"
"thefword.org.uk","an arcing run"," from","  winger  James"
"cronab.demon.co.uk","2001, income"," from","  government"
"camden.gov.uk","nice to read"," from","  somebody  who"
"medinfo.co.uk","noise levels"," from","  convention"
"clwww.essex.ac.uk","& lamp were"," from","  www  ."
"littman.co.uk","visible fat"," from","  meat  ; skim off"
"littman.co.uk","the skin"," from","  chicken  and"
"scips.worc.ac.uk","; for requests"," from","  people  not"
"scips.worc.ac.uk","separately"," from","  contracts  ("
"pers-www.wlv.ac.uk","Earning Money"," from","  Books  in the"
"fairy-tales.classic-literature.co.uk","The landlord"," from","  hell  , Rupert"
"aria.co.uk","rushing home"," from","  school  to the"
"skyscript.co.uk","to hear"," from","  anyone  with an"
"age-exchange.org.uk","to rest up"," from","  Tournament"
"age-exchange.org.uk","with detail,"," from","  banners  on the"
"europarl.org.uk","Shopping"," from","  home  -"
"key-arts.co.uk",". We won votes"," from","  hindus  and"
"key-arts.co.uk","votes came"," from","  muslims  - and"
"thamesweb.co.uk","Excerpted"," from","  chapter  2 of """
"philobiblon.co.uk","behaviors"," from","  classroom"
"philobiblon.co.uk","in emphasis"," from","  transmission"
"philobiblon.co.uk","differ"," from","  novice"
"philobiblon.co.uk","behaviours"," from","  classroom"
"philobiblon.co.uk","as distinct"," from","  facts  and"
"philobiblon.co.uk","into 4 groups,"," from","  lowest-  to"
"philobiblon.co.uk",", stemmed"," from","  teachers"
"midleykent.fsnet.co.uk","information"," from","  patients  and"
"midleykent.fsnet.co.uk","of excellence"," from","  others  . How"
"asylumsupport.org.uk","gatherings,"," from","  economists  to"
"virgintrains.co.uk","convention"," from","  people  who ("
"panos.org.uk","and digitized"," from","  articles"
"panos.org.uk","texts"," from","  antiquity  ."
"panos.org.uk","lawsuits"," from","  bridge"
"panos.org.uk",", images"," from","  microscopes"
"panos.org.uk",", souvenirs"," from","  seaside  towns"
"panos.org.uk","are familiar"," from","  fairy-tales"
"biochem.ucl.ac.uk","it can derive"," from","  stock  meaning"
"biochem.ucl.ac.uk","cattle or"," from","  ''stoc  ''"
"magictricks.co.uk","benefit"," from","  pravastatin"
"blog.ctrlbreak.co.uk","caffeine"," from","  coffee  beans."
"ridley.cam.ac.uk","of ascension,"," from","  death  to birth"
"dcmt.cranfield.ac.uk","deriving"," from","  genomics"
"persephonebooks.co.uk","emancipation"," from","  oppression"
"stagebeat.co.uk","(including"," from","  take-aways  )"
"stagebeat.co.uk","of children"," from","  harm  . The"
"proquest.co.uk","; news"," from","  schools  and"
"proquest.co.uk",": results"," from","  races  , Indoor"
"marine.gov.uk","NLP"," from","  something"
"marine.gov.uk","themselves up"," from","  depression  ;"
"marine.gov.uk","information"," from","  patients  and"
"marine.gov.uk","for recovery"," from","  illness  , or"
"birdfinders.co.uk","a garden"," from","  scratch  or"
"easygates.co.uk","Applications"," from","  candidates"
"furthermore.org.uk","= Students"," from","  countries"
"birds-eye-view.co.uk","claiming to be"," from","  jez@jezuk  ."
"voice-online.co.uk","of tasks,"," from","  undergrowth"
"the-stationery-office.co.uk","be expected"," from","  members  of a"
"hrsu.mrc.ac.uk","already held"," from","  research"
"publicfinance.co.uk","daily reports"," from","  someof  the"
"ah.brookes.ac.uk","2 July 2006,"," from","  http  ://www."
"tuc.org.uk","? used letters"," from","  viewers  to"
"brucesfingers.co.uk","t... SAVE 10 %"," From","  £31.50  »more"
"moorlandschool.co.uk","registration"," from","  9.00am  when"
"moorlandschool.co.uk","Refreshments"," from","  9.00am  on the"
"accfinweb.account.strath.ac.uk","arise partly"," from","  policy  , but"
"accfinweb.account.strath.ac.uk","no benefits"," from",""
"mythofcreation.co.uk","were built"," from","  below-from"
"turkeyrealestate.co.uk","-- and heard"," from","  grassroots"
"pressbox.co.uk","findings"," from","  research  to"
"thefword.org.uk","we are moving"," from","  predictions"
"britishblogs.co.uk","also came"," from","  sources"
"britishblogs.co.uk","complaints"," from","  users  ."
"medical-acupuncture.co.uk","above posts"," from","  Personnel  on"
"gleeson0.demon.co.uk","comments"," from","  authors  , but"
"cottontimes.co.uk","fields?"," From","  hate  to crime?"
"cottontimes.co.uk","hate to crime?"," From","  self-denial"
"cottontimes.co.uk","destruction?"," From","  racism  to"
"archives.gla.ac.uk","to be in 2020?"," From","  welfare  to"
"archives.gla.ac.uk","care be?"," From","  welfare  to"
"archives.gla.ac.uk","impact"," from","  childcare"
"archives.gla.ac.uk","impact"," from","  childcare"
"archives.gla.ac.uk","impact"," from","  childcare"
"archives.gla.ac.uk","- Lessons"," from","  NHS  Dentistry"
"archives.gla.ac.uk","- Lessons"," from","  NHS"
"archives.gla.ac.uk","workers"," from","  cleaners  to"
"archives.gla.ac.uk","workers"," from","  cleaners  to"
"archives.gla.ac.uk","final report"," from","  ippr  ''s"
"foundationtv.co.uk","","from","  residents  ,"
"foundationtv.co.uk","are available"," from","  Guildhall"
"propertypro.co.uk",", ranging"," from","  refusal  to"
"propertypro.co.uk","with demand"," from","  customers  in"
"rousette.org.uk","who do work"," from","  home  say that"
"rousette.org.uk","them to and"," from","  school  and"
"rousette.org.uk","by working"," from","  home  - like not"
"rousette.org.uk","time working"," from","  home  . "" One"
"rousette.org.uk","working"," from","  home  and in"
"rousette.org.uk","working"," from","  home  for some"
"rousette.org.uk","who do work"," from","  home  insist"
"anglingdirect.co.uk",". "" The day runs"," from","  9.30am  to"
"disabilitynow.org.uk","truth"," from","  myth  was first"
"disabilitynow.org.uk","pictures"," from","  cameras"
"gerty.ncl.ac.uk","been deleted"," from","  distribution"
"rss.org.uk","can be removed"," from","  documents  so"
"cleanersafergreener.gov.uk","benefits"," from","  helmet"
"cleanersafergreener.gov.uk","being banned"," from","  cycling  to"
"cleanersafergreener.gov.uk","suffering"," from","  obesity"
"biblicalstudies.org.uk","that surface"," from","  time  to time"
"biblicalstudies.org.uk","we progressed"," from",""
"digitalspy.co.uk","falls"," from","  height  in the"
"digitalspy.co.uk","with falls"," from","  height  ,"
"digitalspy.co.uk","improvements"," from","  designers  who"
"digitalspy.co.uk","risks of falls"," from","  height  . In a"
"professorharbottle.co.uk","suffer"," from","  depression"
"digitalegypt.ucl.ac.uk","of battle"," from","  here-  what"
"redking.co.uk","prevented him"," from","  testing  , so"
"spuc.org.uk","different"," from","  anything  else"
"irmuk.co.uk","information"," from","  Mrs  Ann Hughes"
"hefce.ac.uk","many years"," from","  links  with the"
"hefce.ac.uk","we face"," from","  day  to day in"
"hefce.ac.uk","absent"," from","  school  , or who"
"hefce.ac.uk","far away"," from","  home  , at very"
"hefce.ac.uk","children"," from","  school  ("
"ah.brookes.ac.uk","he got"," from","  home  fans than"
"ah.brookes.ac.uk","worsening"," from","  minus  one to"
"essex.police.uk","sourced"," from","  wind  ,"
"propheticvision.org.uk","to edit is read"," from","  stdin  ."
"propheticvision.org.uk","be prevented"," from","  acci-  dently"
"propheticvision.org.uk","a lot of help"," from","  others  . See "":"
"sciencenet.org.uk","it was lost"," from","  sight  ."
"sciencenet.org.uk","disappearing"," from","  view  . Back in"
"sciencenet.org.uk","a few yards"," from","  shore  ,"
"sciencenet.org.uk","changed"," from","  mountains  to"
"sciencenet.org.uk",". Not far"," from","  town  we had"
"ccruni.gov.uk","be delivered"," from","  teleworking  ,"
"ccruni.gov.uk","approach"," from","  government  to"
"wolftrust.org.uk","protection"," from","  fleas  for one"
"wolftrust.org.uk","protection"," from","  fleas  for one"
"wolftrust.org.uk","protection"," from","  fleas  for your"
"wolftrust.org.uk","protection"," from","  fleas  for your"
"wolftrust.org.uk","your home"," from","  fleas  for up to"
"charles-darwin.classic-literature.co.uk","Imray Charts (","from","  C1  to C70)"
"gare.co.uk",", derived"," from","  generation"
"gare.co.uk","words"," from","  mediums  ,"
"gare.co.uk","","from","  others  is to"
"atomicdesign.co.uk",": move on"," from","  equality"
"atomicdesign.co.uk","to be"," from","  diva  Bette"
"atomicdesign.co.uk","reporting"," from","  news"
"congressfordemocracy.org.uk","remained free"," from","  prosecution"
"cftrust.org.uk","and editors"," from","  programmes"
"easterneyeuk.co.uk","world. Smoke"," from","  cigarettes"
"mythofcreation.co.uk","industry"," from","  ground"
"winspiration.co.uk","arising"," from","  falls  in Wales"
"thefword.org.uk","and surfering"," from","  cancer  that"
"thefword.org.uk","and"," from","  espana  , the"
"mybrightonandhove.org.uk","can expect"," from","  membership  ."
"mybrightonandhove.org.uk","with queries"," from","  funders  and"
"boredramblings.co.uk","case studies"," from","  businesses"
"blueboxcomms.co.uk","your freedom"," from","  liability  ."
"vetschool.bris.ac.uk","on subjects"," from","  crime  to"
"vetschool.bris.ac.uk","too far back"," from","  expertise  ("
"moneybasics.co.uk","discharged"," from","  accident  and"
"nyb.org.uk","on their PC,"," from","  conception"
"dolphinuk.co.uk","1 -- Answers"," from","  parents  about"
"dolphinuk.co.uk","the anxiety"," from","  parents"
"indigogroup.co.uk","teachings"," from","  ''Mentor  '', the"
"midleykent.fsnet.co.uk","? ?Neighbours"," from","  Hellâ  ? ? Read"
"andsoitbegins.co.uk","Qs&As come"," from","  users  of"
"andsoitbegins.co.uk","and feedback"," from","  people  with"
"andsoitbegins.co.uk","derive"," from","  users  of"
"andsoitbegins.co.uk","and feedback"," from","  users  . Policy"
"parentzonescotland.gov.uk","and growbags"," from","  home  which"
"parentzonescotland.gov.uk","kit"," from","  ebay  for the"
"childrens.uk-shoponline.co.uk","took to free us"," from","  sin  . Without"
"sarahfreelance.co.uk","reviews"," from","  critics  . It"
"professorharbottle.co.uk","resulting"," from","  interaction"
"ferl.becta.org.uk",". if you suffer"," from","  diabetes  Type"
"voicetraining.co.uk","of use of data"," from","  conference"
"voicetraining.co.uk","of trials"," from","  conference"
"voicetraining.co.uk","of trials"," from","  conference"
"voicetraining.co.uk","of data"," from","  abstracts  and"
"voicetraining.co.uk","of data"," from","  trials  that"
"voicetraining.co.uk","trial data"," from","  conference"
"voicetraining.co.uk","excluded"," from","  data"
"voicetraining.co.uk","trial data"," from","  conference"
"voicetraining.co.uk","2 July 2006,"," from","  http  ://www."
"dancing-times.co.uk","start"," from","  SMART-1  is the"
"iomnet.org.uk","of the work"," from","  home  . The"
"accountability.org.uk","on START MENU"," from","  desktop  Click"
"brunel.ac.uk","to return"," from","  maternity"
"shocknet.org.uk","visits"," from","  search  engine"
"universalenergycentre.co.uk","''."," From","  flight  to"
"universalenergycentre.co.uk","transition"," from","  adolescence"
"poetrymagazines.org.uk","caused a shift"," from","  provision  in"
"poetrymagazines.org.uk","with a shift"," from","  support"
"poetrymagazines.org.uk","might benefit"," from","  specialist"
"spri.cam.ac.uk","''s shooting"," from",""
"wrap.org.uk","were derived"," from","  figures"
"wrap.org.uk","2 July 2006,"," from","  http  ://www."
"dmflightsim.co.uk","arising"," from","  peer"
"uknetguide.co.uk",". Any wounds"," from","  events  in"
"gotravelinsurance.co.uk","awarded a rank"," from","  E  to A (A being"
"scottishweddingdirectory.co.uk","reaction"," from","  someone  on the"
"emagictricks.co.uk","complaints"," from","  tenants  that"
"emagictricks.co.uk","opposition"," from","  bands  of"
"emagictricks.co.uk","(1972) quotes"," from","  contracts  of"
"consensusmediation.co.uk","do not suffer"," from","  battle"
"trinitycollege.co.uk","may"," from","  time  to time"
"trinitycollege.co.uk","Website may"," from","  time  to time"
"trinitycollege.co.uk","Website may"," from","  time  to time"
"trinitycollege.co.uk","this Website"," from","  time  to time"
"cps.gov.uk","(chapters"," from","  books  ,"
"cps.gov.uk","to be obtained"," from","  publishers  ,"
"nasuwt.org.uk","money"," from","  friends  and"
"rms-gb.org.uk","up to 3 miles"," from","  baseline  or up"
"themagictouch.co.uk","getting away"," from","  t  ... Click"
"funk.co.uk","are different"," from","  Science"
"millcroftvets.co.uk","was grinning"," from","  ear  to ear."
"4minutes.co.uk","Cancers arise"," from","  failures  in"
"4minutes.co.uk","particularly"," from","  studies  into"
"4minutes.co.uk","6. Learning"," from","  fruit  flies"
"4minutes.co.uk","the food chain"," from","  crop"
"cottontimes.co.uk","that come"," from",""
"frca.co.uk","called Paul"," from","  birth  so far as"
"frca.co.uk","of confusion"," from","  officialdom"
"frca.co.uk","the plug-in"," from","  http  ://www."
"walltowall.co.uk",". The meal"," from","  hell  that I"
"jusnoctis.co.uk","burden of tax"," from","  economics"
"jusnoctis.co.uk","rural buses"," from","  £100  million"
"jusnoctis.co.uk","submissions"," from","  Friends  of the"
"go-betweens.org.uk","of it suffered"," from","  pockmarks  on"
"go-betweens.org.uk","and pottery"," from","  vessels  used"
"forcesreunited.org.uk","ranging"," from","  critiques  of"
"thekeyboard.org.uk","and Venezuela"," From","  http  ://www."
"thekeyboard.org.uk","ranging"," from","  homelessness"
"thekeyboard.org.uk","''s article"," from","  worldthreats"
"zx81.org.uk",", and"," from","  time  to time I"
"retirement-matters.co.uk","photos cut"," from","  papers  and"
"retirement-matters.co.uk","won''t suffer"," from","  culture  shock"
"retirement-matters.co.uk","like a refugee"," from","  Liberace"
"www-tus.csx.cam.ac.uk","months,"," from","  departments"
"www-tus.csx.cam.ac.uk","web pages"," from","  text  and image"
"www-tus.csx.cam.ac.uk","in SELLIC"," from","  creation  of"
"economie.co.uk","be obtained"," from","  PRT  . Prison"
"middle-ages.org.uk","top Statement"," from","  participants"
"careers.ed.ac.uk","this website"," from","  time  to time),"
"careers.ed.ac.uk","","from","  community"
"anorak.co.uk","next step on"," from","  tracks  from On"
"sais.gov.uk","19, 2005"," From","  cradle  to"
"gro-scotland.gov.uk","score a goal"," from","  twelve  yards"
"jcrwww.quns.cam.ac.uk","keywords"," from","  title  , artist"
"forums.jolt.co.uk","was a spin-off"," from","  Man  Of The"
"propheticvision.org.uk","courage"," from","  routine  . The"
"bobsticks.co.uk","in action."," From","  museum"
"bobsticks.co.uk","partners"," from","  rights  built"
"man.ac.uk","up 30 yards"," from","  goal  and tries"
"console-news.dcemu.co.uk","in food comes"," from","  animals  that"
"wen.org.uk","which suffers"," from","  none  of the"
"epic.co.uk","practice"," from","  medicine  to"
"gwilliams.org.uk","Charlotte"," from","  Sex  and the"
"backroadstouring.co.uk","for responses"," from","  performers"
"gammassl.co.uk","will march on"," from","  strength  to"
"rhul.ac.uk","tries his luck"," from","  distance  and"
"rhul.ac.uk","fans painted"," from","  head  to toe in"
"rhul.ac.uk","Asamoah Gyan"," from","  suspension  as"
"jardmail.co.uk","line kicking"," from","  hand  was again"
"hyperguide.co.uk",", as distinct"," from","  information  ,"
"hyperguide.co.uk","are available"," from","  departments"
"hyperguide.co.uk","to arise"," from","  disclosure"
"hyperguide.co.uk","arising"," from","  disclosure  is"
"hyperguide.co.uk","information"," from","  files  not in"
"taots.co.uk","gleaned"," from","  reference"
"cee.hw.ac.uk","taken"," from","  soils"
"cee.hw.ac.uk","information"," from","  studies  of"
"cee.hw.ac.uk","crabmeat"," from","  crabs  caught"
"cee.hw.ac.uk","in fish caught"," from","  waters"
"eng.bham.ac.uk",". Take advice"," from","  adults  in your"
"jmr.nmm.ac.uk","transition"," from","  artwork  , to"
"whom.co.uk","production,"," from","  microphones"
"whom.co.uk",". This shift"," from","  hardware  to"
"lusu.co.uk",", suffering"," from","  information"
"becta.org.uk","effects"," from","  concerts  ."
"topforge.co.uk","and one finger"," from","  side  to side as"
"comment.zdnet.co.uk","office"," from","  time  to time."
"pressbox.co.uk","itself or"," from","  substances"
"pressbox.co.uk","to have arisen"," from","  lead  in dust"
"eng.cam.ac.uk","graduating"," from","  college"
"eng.cam.ac.uk","create the job"," from","  scratch  . He"
"pearsoned.co.uk","ratios ranged"," from","  £3838-£5951  ,"
"pearsoned.co.uk","2 July 2006,"," from","  http  ://www."
"birminghamfocus.org.uk","to hear"," from","  anyone  else"
"the-philosopher.co.uk","credence away"," from","  breaks  . Shows"
"byhandsandfeet.co.uk","to life"," from","  imagination"
"partnerships.org.uk","disappeared"," from","  view  before"
"thenortheast.fsnet.co.uk","of protection"," from","  cattle  would"
"thenortheast.fsnet.co.uk","has suffered"," from","  damage  from"
"thenortheast.fsnet.co.uk","from damage"," from","  cattle  and"
"lonympics.co.uk","pollution"," from","  burning  coal,"
"surreydancemusic.co.uk","trie shis luck"," from","  distance  and"
"surreydancemusic.co.uk","''s effort"," from","  distance  does"
"sherlock-holmes.classic-literature.co.uk","varies"," from","  place  to place"
"sherlock-holmes.classic-literature.co.uk",". This varies"," from","  place  to place"
"sherlock-holmes.classic-literature.co.uk","which exist"," from","  congregation"
"sovereignty.org.uk","me, i write"," from","  experience  . i"
"birdfinders.co.uk","of conditions"," from","  eczema  ,"
"birdfinders.co.uk","companies or"," from","  home  ? Want to"
"divinity.cam.ac.uk",", "" turn away"," from","  sin  . "" He"
"divinity.cam.ac.uk","and a voice"," from","  heaven  boomed"
"portsmouthwater.co.uk","71 responses"," from","  universities"
"portsmouthwater.co.uk","and 18"," from","  institutes  of"
"garysturt.free-online.co.uk","competition"," from","  telecoms"
"swwater.co.uk","in results"," from","  year  to year."
"swwater.co.uk","estimated"," from","  results  less"
"cma.soton.ac.uk","have been away"," from","  education  for"
"officiallondontheatre.co.uk","originates"," from","  parts  of"
"cre.gov.uk",". (text taken"," from","  preface  ...)"
"cre.gov.uk","be read rather"," from","  choice  than"
"cre.gov.uk","have to be made"," from","  scratch  ."
"cre.gov.uk","","from","  sewing  cloth,"
"moggies.co.uk","the river was"," from","  snakes  and fry"
"john.pettigrew.org.uk","Westminster"," from","  twelve  to"
"corwm.org.uk","of subjects,"," from",""
"century.guardian.co.uk","directly"," from","  households  ,"
"century.guardian.co.uk","plastics"," from","  packaging"
"century.guardian.co.uk","and recycled"," from","  consumers  in"
"century.guardian.co.uk","of plastic"," from","  businesses  ."
"century.guardian.co.uk","and recycled"," from","  consumers  in"
"greenbuildingstore.co.uk","on the run"," from","  justice"
"thetablet.co.uk","disappearing"," from","  view  . In fact a"
"thetablet.co.uk","kilometres"," from","  camp  ."
"derek-hasted.co.uk","of findings"," from","  interview"
"karibuni.co.uk","people barred"," from","  yates  you"
"cmtr.co.uk","should be safe"," from","  line  and fly"
"shu.ac.uk","Debian"," from","  CD  , and you"
"borkowski.co.uk",", excluded"," from","  school  , are"
"skyscript.co.uk","schemes away"," from","  magistrates  ''"
"udsu.co.uk","more wealth"," from","  oil  . One"
"udsu.co.uk","Bani Yas move"," from","  interior  to"
"vetschool.bris.ac.uk","mostly good"," from","  universities"
"vetschool.bris.ac.uk","all alcohol"," from","  Wapping  after"
"www3.indymedia.org.uk","they are free"," from","  error  , nor"
"members.freezone.co.uk",": a history"," from","  sandals  to"
"woodforde.co.uk","change"," from","  time  to time,"
"woodforde.co.uk","our control."," From","  time  to time,"
"woodforde.co.uk","Abeceder. 7.4"," From","  time  to time,"
"woodforde.co.uk","prevailing"," from","  time  to time"
"synergy-health.co.uk","painting home"," from","  school  do they"
"synergy-health.co.uk",", and learn"," from","  successes"
"insight.zdnet.co.uk","make a living"," from","  transport  and"
"proquest.co.uk","and services,"," from","  self-help"
"hillside.co.uk","love to hear"," from","  anyone  in our"
"stories.the-times.co.uk","of an attack"," from","  outside  is"
"helo.co.uk",". ccs. neu. edu"," from","  directory  /"
"helo.co.uk","of licences;"," from","  £995  upwards."
"wellingboroughtownfc.co.uk","take time off"," from","  work  and go"
"wellingboroughtownfc.co.uk","cross-post"," from","  misc  . legal."
"invo.org.uk","many forms;"," from","  fear  of public"
"strath.ac.uk","","from","  clubs  such as"
"ace.abertay.ac.uk","advertised"," from","  time  to time."
"law.cam.ac.uk","the box away"," from","  her----  "" The"
"nezumi.demon.co.uk","not come free"," from","  attack  . Some"
"nezumi.demon.co.uk","excellence"," from",""
"thefword.org.uk","impatiently"," from","  foot  to foot"
"drivetech.co.uk",""" Do nothing"," from","  selfishness"
"drivetech.co.uk","we did nothing"," from","  selfishness"
"localhistory.scit.wlv.ac.uk","be accepted"," from","  persons  under"
"localhistory.scit.wlv.ac.uk","working days"," from","  payment"
"workingintheuk.gov.uk","their hooves"," from","  pockets  of"
"theisleofjura.co.uk","donations"," from","  anyone  able to"
"cottontimes.co.uk","has resulted"," from",""
"cottontimes.co.uk","amenities is,"," from","  today  ''s"
"dolphinuk.co.uk","- well away"," from","  tourist"
"dolphinuk.co.uk","and get quotes"," from","  providers  who"
"northill.demon.co.uk","cuts you off"," from","  everyone  . I"
"northill.demon.co.uk","you ''re moving"," from","  city  to city to"
"iris.chesterway.co.uk","benefited"," from","  services"
"iris.chesterway.co.uk","-- ranging"," from","  nought  per"
"soup.co.uk",", I wondered"," from","  time  to time"
"soup.co.uk","shelters."," From","  time  to time we"
"lowpay.gov.uk","support"," from","  trade  unions,"
"lowpay.gov.uk","reaction"," from","  employers"
"mostlylucid.co.uk","both worked on"," from","  ages  ago was it"
"mostlylucid.co.uk","to distract"," from",""
"silverprint.co.uk","the gun passes"," from","  hand  to hand,"
"silverprint.co.uk","as it takes us"," from","  level  to level"
"farm.org.uk","I ''ve retired"," from","  competition  ,"
"dcs.gov.uk","acceptable"," from","  applicants  or"
"professorharbottle.co.uk","feed itself"," from","  bits  of fish"
"financial-ombudsman.org.uk","of projects"," from","  inception"
"comment.zdnet.co.uk","the findings"," from","  studies  using"
"comment.zdnet.co.uk","2 July 2006,"," from","  http  ://www."
"ardue.org.uk","and methane"," from","  landfill  ; and"
"ardue.org.uk","emissions"," from","  coal  have"
"ardue.org.uk","1987, those"," from","  oil  have not."
"ardue.org.uk","have risen"," from","  nothing  half a"
"ardue.org.uk","of the switch"," from","  high-carbon"
"terramedia.co.uk","transition"," from","  home  to school"
"cssplay.co.uk","be free, apart"," from","  postage  and"
"wellingboroughtownfc.co.uk","free"," from","  fear  . It means"
"hefce.ac.uk","Minister."," From","  P  Flynn MP"
"divinity.cam.ac.uk","A fanfare"," from","  members  of the"
"aslan.demon.co.uk","of great women"," from","  history  , one a"
"worldwar1.co.uk","date someone"," from","  church  When"
"worldwar1.co.uk","will deter you"," from","  anything"
"theweddingnetwork.co.uk","wait of 31 days"," from","  referral  to"
"theweddingnetwork.co.uk","wait of 31 days"," from","  diagnosis  to"
"dcmt.cranfield.ac.uk","thing, apart"," from","  memory  , which"
"dcmt.cranfield.ac.uk","are loaded (","from","  config  . sys"
"caroluk.co.uk","for the vessel"," from","  vantage"
"theobamber.co.uk","a pattern"," from","  non-pattern  ,"
"theobamber.co.uk","pattern"," from","  non-pattern"
"theobamber.co.uk","they came"," from","  lines  of"
"raf.mod.uk",". Details"," from","  http  ://www."
"raf.mod.uk","are invited"," from","  staff  who are"
"euroinvestor.co.uk","prosperity"," from","  cloth  built"
"congressfordemocracy.org.uk","excluded"," from","  education  ("
"congressfordemocracy.org.uk",", L. (2003)"," From","  integration"
"clwww.essex.ac.uk","portable"," from","  bike  to bike,"
"blueboxcomms.co.uk","","from","  challenge  ,"
"blueboxcomms.co.uk","policies"," from","  criticism  ,"
"blueboxcomms.co.uk","itself"," from",""
"blueboxcomms.co.uk","exempted"," from","  access  could"
"blueboxcomms.co.uk","makers"," from","  challenge  ,"
"blueboxcomms.co.uk","policies"," from","  criticism  ,"
"whisperingspirits.co.uk","returns"," from","  service  in the"
"cwn.org.uk","online guides"," from","  CHE  . net (http"
"cwn.org.uk","or reports"," from","  expert"
"periodproperty.co.uk","to benefit"," from","  economies  of"
"periodproperty.co.uk","outbursts"," from","  time  to time,"
"periodproperty.co.uk","were deducted"," from","  source  , the"
"periodproperty.co.uk","Britain away"," from",""
"robertmoir.co.uk","a difference"," from","  control  , with"
"robertmoir.co.uk","index (change"," from","  baseline  ) was"
"robertmoir.co.uk","effort away"," from",""
"robertmoir.co.uk",": an example"," from","  acupuncture"
"mybrightonandhove.org.uk","Post subject:"," From","  memory  , there"
"qaa.ac.uk","staying away"," from","  computers  for"
"qaa.ac.uk",") HTTP headers"," from","  slashdot"
"qaa.ac.uk","HTTP headers"," from","  slashdot"
"qaa.ac.uk","lie. The range"," from","  600K  to 1.3M,"
"qaa.ac.uk","it out later"," from","  home  ..."
"lse.co.uk","% of which are"," from","  opponents  ."
"lse.co.uk","I receive"," from","  opponents"
"vads.ahds.ac.uk","protect them"," from","  claims  and"
"vads.ahds.ac.uk","are suffering"," from","  cancer  ."
"fie.org.uk","indentation"," from","  multi-line"
"dmag.org.uk","response"," from","  principals"
"dmag.org.uk","far away"," from","  schools  and"
"dmag.org.uk","training"," from","  institutions"
"dmag.org.uk","way to and"," from","  school  "" ("
"proquest.co.uk","may result"," from","  injury  or"
"compendia.co.uk","who work"," from","  home  - leaving"
"compendia.co.uk","had worked"," from","  home  during"
"ubu.org.uk","- choose"," from","  luxury  houses"
"ubu.org.uk","direct"," from","  owner  , with no"
"ubu.org.uk","rentals,"," from","  property"
"ubu.org.uk","direct"," from","  property"
"ubu.org.uk","directly"," from","  owners  of"
"nbtea.co.uk",","," from","  wall  murals to"
"nbtea.co.uk","to statues,"," from","  memorial"
"colour.leeds.ac.uk","be decoupled"," from","  production  ,"
"colour.leeds.ac.uk","be decoupled"," from","  production  ."
"wellingboroughtownfc.co.uk","debut album"," from","  pioneers  of"
"redking.co.uk","do, He keeps us"," from","  progress  ."
"redking.co.uk",". We know"," from","  nature  that"
"lccc.co.uk","leaping"," from","  life  to life,"
"library.stir.ac.uk","derived"," from","  changes  in"
"jcrwww.quns.cam.ac.uk","work mostly"," from","  home  (or"
"darknessandlight.co.uk","teaching"," from","  expert  staff A"
"sndc.demon.co.uk","entirely"," from","  society  ."
"www-ermm.cbcu.cam.ac.uk",","," from","  production"
"poetrymagazines.org.uk","me back"," from","  half-term"
"motorinsurance.co.uk","n''t get beer"," from","  maccyds"
"monkoptics.co.uk","is available"," from","  www  . niscc."
"monkoptics.co.uk","be downloaded"," from","  http  ://www."
"monkoptics.co.uk","metrics"," from","  time  to time."
"monkoptics.co.uk","may change"," from","  time  to time."
"monkoptics.co.uk","be downloaded"," from","  http  ://www."
"monkoptics.co.uk","metrics"," from","  time  to time."
"monkoptics.co.uk","may change"," from","  time  to time."
"buildingdesign.co.uk","energy you get"," from","  foods  with the"
"transgirl.co.uk",", has suffered"," from","  avalanches  in"
"sfx.co.uk","their news"," from","  television"
"sfx.co.uk","detachment"," from","  politics  has"
"birminghamfoe.org.uk","moping away"," from","  bikes  , even"
"paulcrawford.co.uk","himself"," from","  venture  to"
"paulcrawford.co.uk","","from","  place  to place"
"paulcrawford.co.uk","of humans"," from","  savages  to"
"paulcrawford.co.uk","energy"," from","  vacuum  ). My"
"paulcrawford.co.uk",", derived"," from","  managers  ,"
"paulcrawford.co.uk",", 8 Light"," from","  Darkness  : The"
"paulcrawford.co.uk","","from","  sewing  cloth,"
"paulcrawford.co.uk","today. Prices"," from","  £10-15.00  and"
"constipationadvice.co.uk","within 30 days"," from","  purchase  . If a"
"sunion.warwick.ac.uk","taken"," from","  people  who"
"sunion.warwick.ac.uk","; some of it"," from","  persons  who"
"thetablet.co.uk","2 July 2006,"," from","  http  ://www."
"congressfordemocracy.org.uk","had requests"," from","  agents  for"
"congressfordemocracy.org.uk","get an email"," from","  t  he UK"
"vare.org.uk","","from","  government"
"vare.org.uk","cost savings"," from","  compulsion  to"
"vare.org.uk","die every year"," from","  exposure  to"
"vare.org.uk","benefit"," from","  hours  change -"
"vare.org.uk","and working"," from","  home  . It also"
"vare.org.uk","falling"," from","  height  whist"
"vare.org.uk","of falling"," from","  height  ; six of"
"bordercrossings.org.uk","are held"," from","  home  and the"
"bordercrossings.org.uk",": "" Reports"," from","  Boards  of"
"bordercrossings.org.uk","jails far"," from","  home  and then"
"bordercrossings.org.uk","been expelled"," from","  school  ."
"women.timesonline.co.uk","has moved"," from","  http  ://www."
"orbitsw.co.uk","","from","  economics  ,"
"orbitsw.co.uk","participants"," from",""
"orbitsw.co.uk","of approaches"," from",""
"orbitsw.co.uk","encouraged"," from","  students  who"
"orbitsw.co.uk","for students"," from","  partner"
"orbitsw.co.uk","methodology,"," from","  ''beginners  ''"
"orbitsw.co.uk","Applications"," from","  colleagues"
"connells.co.uk","have flights"," from","  ONT  that"
"connells.co.uk","flies nonstop"," from","  ONT  to DEN or"
"compbio.dundee.ac.uk","are referred"," from","  practices  all"
"orgs.man.ac.uk","(Mount Potts)"," from","  yesterday  . It"
"orgs.man.ac.uk","invitation"," from","  tour  guide Ben"
"alternatetakes.co.uk","they are free"," from","  error  , nor"
"fuelwood.co.uk","dogs · Noise"," from","  intruder"
"fuelwood.co.uk","· Noise"," from","  DIY  · Noise"
"fuelwood.co.uk","sites · Noise"," from","  car  alarms ·"
"fuelwood.co.uk","of noise"," from","  aircraft  or"
"fuelwood.co.uk","with noise"," from","  neighbours  ."
"fuelwood.co.uk","disturbance"," from","  street"
"fuelwood.co.uk","complaints"," from","  shop  keepers"
"fuelwood.co.uk","loud music"," from","  houses  and"
"fuelwood.co.uk","prevents them"," from","  sleeping  . Try"
"fuelwood.co.uk",". Noise"," from","  intruder"
"fuelwood.co.uk","this. Noise"," from","  DIY  We often"
"fuelwood.co.uk","noise"," from","  construction"
"fuelwood.co.uk","stage. Noise"," from","  car  alarms Car"
"fuelwood.co.uk","owner. Noise"," from","  Businesses"
"fuelwood.co.uk","dogs · Noise"," from","  intruder"
"fuelwood.co.uk","· Noise"," from","  DIY  · Noise"
"fuelwood.co.uk","sites · Noise"," from","  car  alarms ·"
"fuelwood.co.uk","alarms · Noise"," from","  Businesses"
"emotionalprocessing.org.uk","discharged"," from","  hospital  :"
"emotionalprocessing.org.uk","discharged"," from","  hospital  :"
"emotionalprocessing.org.uk","discharged"," from","  hospital  ."
"emotionalprocessing.org.uk","home"," from","  hospital  ."
"walltowall.co.uk","ministers"," from","  criticism  , it"
"woodforde.co.uk","is packed"," from","  start  to"
"ipswich.gov.uk","unit turned"," from","  aluminium  bar"
"simplysports.co.uk","than detract"," from","  students  ''"
"dcs.gov.uk","a wrong turn"," from","  page1  "". The"
"nutrition.org.uk","or start"," from","  scratch  based"
"nutrition.org.uk","people away"," from","  habits  that"
"synergy-health.co.uk",". (text taken"," from","  preface  ...)"
"synergy-health.co.uk","be read rather"," from","  choice  than"
"seered.co.uk","no one, apart"," from","  ship  owners,"
"seered.co.uk","ports"," from","  attack  ,"
"seered.co.uk","abseiled down"," from","  helicopters"
"seered.co.uk","Salvia,"," from","  speedboats"
"seered.co.uk","containers"," from","  cargo  ships"
"pixeltechnology.co.uk","% drop out rate"," from","  school  , so"
"mkiobservatory.org.uk","deductible"," from","  damages"
"bad.org.uk","email"," from","  customers  at"
"bad.org.uk","does. [ link"," from","  blogjam  . ] 9/"
"bad.org.uk","out '' tactic"," from","  police  when"
"antiquefairs.co.uk","themselves"," from","  poverty  - and"
"scholarships.ed.ac.uk","of phone calls"," from","  people  asking"
"practicalpc.co.uk","and Results"," from","  Analysis"
"practicalpc.co.uk","and Results"," from","  Analysis"
"roymech.co.uk","some boy fresh"," from","  college"
"roymech.co.uk","a few copies"," from","  century  to"
"psnc.org.uk",", are exempt"," from","  duty  for one"
"psnc.org.uk",", are exempt"," from","  duty  ."
"psnc.org.uk",", or fuel, free"," from","  duty  . Persons"
"psnc.org.uk",", are exempt"," from","  duty  . Roman"
"psnc.org.uk",", are exempted"," from","  duty  ,"
"thecornerhouse.org.uk","destruction"," from","  storms  and"
"thecornerhouse.org.uk","emissions"," from","  city"
"thecornerhouse.org.uk","emissions"," from","  vehicles"
"bagpipeworld.co.uk",", ranging"," from","  air  and water"
"bagpipeworld.co.uk","transformed"," from","  countryside"
"moremusic.co.uk","- conical"," from","  ferrocement"
"gleeson0.demon.co.uk","suffer"," from","  depression"
"taylorbells.co.uk","vary"," from","  programme  to"
"taylorbells.co.uk","figures"," from","  Chaucer  to the"
"mda.org.uk","abusive email"," from","  someone  on"
"mda.org.uk","of the forums"," from","  day  to day."
"mda.org.uk","messages"," from","  someone  ,"
"mda.org.uk","abusive email"," from","  someone  on"
"fairtrade.org.uk","data"," from","  parents  was"
"borkowski.co.uk","everything"," from","  bread  to"
"borkowski.co.uk","list. "" I laugh"," from","  desperation"
"caledonian.ac.uk","about topics"," from","  aeronautics"
"caledonian.ac.uk","who traveled"," from","  farm  to farm."
"moneybasics.co.uk","new prints"," from","  bfi"
"localhistory.scit.wlv.ac.uk","somewhat less"," from","  unemployment"
"localhistory.scit.wlv.ac.uk","and suffering"," from","  unemployment"
"localhistory.scit.wlv.ac.uk","[ 10 ] However,"," from","  reports"
"localhistory.scit.wlv.ac.uk",", judging"," from","  stories  told"
"kenyabirds.org.uk","in learning"," from","  experience  ."
"soundbeam.co.uk","travellers"," from","  times  before"
"retirement-matters.co.uk","again,"," from","  scratch  , with"
"dcs.gov.uk","material runs"," from","  1970s  New York"
"wellchild.org.uk","view,"," from","  memory  , is"
"farm.org.uk","makes a change"," from","  hospital"
"farm.org.uk","performance"," from","  television"
"osj.org.uk","operates or"," from","  licence"
"prudential.co.uk","lighted"," from","  top  to bottom,"
"prudential.co.uk","when we rose"," from","  conference  ,"
"asylumsupport.org.uk","Standards"," from","  Year  to Year:"
"asylumsupport.org.uk","of lectures"," from","  experts  . Here"
"asylumsupport.org.uk","Standards"," from","  Year  to Year:"
"asylumsupport.org.uk","this standard"," from","  year  to year."
"integral.co.uk","remotely,"," from","  anywhere/"
"integral.co.uk","some support"," from","  experts  who"
"carcanet.co.uk","Server 2005"," from","  scratch"
"carcanet.co.uk","Server 2005"," from","  scratch  By"
"carcanet.co.uk","had requests"," from","  folks  who"
"backroadstouring.co.uk","deaths"," from","  starvation  ,"
"autorack.co.uk","coming"," from","  extremists"
"autorack.co.uk","itself"," from","  terrorism  and"
"autorack.co.uk","itself faced"," from","  extremists"
"historylearningsite.co.uk","to detail"," from","  conception  to"
"btp.police.uk","the wrong key"," from","  time  to time,"
"apinfo.co.uk","of Islam says"," from","  whatis"
"apinfo.co.uk","vary widely"," from","  country  to"
"apinfo.co.uk","clear"," from","  error  "". ("
"apinfo.co.uk","to meditate"," from","  time  to time in"
"apinfo.co.uk","by nature,"," from","  disruption  ,"
"robertbuchanan.mysite.wanadoo-members.co.uk","] issuing"," from","  firme  ground"
"robertbuchanan.mysite.wanadoo-members.co.uk","different"," from","  manie  other"
"smart.co.uk","2 July 2006,"," from","  http  ://www."
"new-agri.co.uk","''borrow £2bn"," from","  bank  of mum and"
"davidcheethamgardens.co.uk","also selected"," from","  nominations"
"davidcheethamgardens.co.uk","and minerals"," from","  supplements"
"sat.dundee.ac.uk","is to increase"," from","  £7,500  to"
"accountability.org.uk","a pure extract"," from","  catnip  plants"
"accountability.org.uk","herb strength"," from","  catnip  leaves"
"cablesystems.co.uk","banks vary"," from","  branch  to"
"partnershiptravel.co.uk","want to be away"," from","  home  any"
"partnershiptravel.co.uk","''d let me work"," from","  home  . They did"
"partnershiptravel.co.uk","''s a tickler"," from","  today  ''s"
"partnershiptravel.co.uk","being paroled"," from","  prison  in a"
"partnershiptravel.co.uk",", I leapt"," from","  bed  and went"
"saa.co.uk","the wrong key"," from","  time  to time,"
"literacytrust.org.uk","). PDF file of"," From","  micro  to macro"
"orcadian.co.uk","men returned"," from","  time  to time to"
"orcadian.co.uk","had come here"," from","  town  . No order"
"worldwar1.co.uk","moved in. Now"," from","  dawn  until"
"cistercian-way.newport.ac.uk","a 999 call"," from","  anglers"
"cistercian-way.newport.ac.uk","","from","  robbery  will"
"cistercian-way.newport.ac.uk","and Wales."," From","  today  , police"
"cistercian-way.newport.ac.uk","IN SOUTH WALES"," From","  today  , police"
"cistercian-way.newport.ac.uk","IN DYFED POWYS"," From","  today  , police"
"cistercian-way.newport.ac.uk","IN NORTH WALES"," From","  today  , police"
"ml-consult.co.uk","of emotions"," from","  joy  to"
"ml-consult.co.uk","relayed"," from","  thalamus  to"
"psnc.org.uk","made"," from","  algae  in"
"ids.ac.uk","Jon Cruddas MP"," from","  http  ://www."
"davidlammy.co.uk",". "" Extracts"," from","  statutes  and"
"eagle19.freeserve.co.uk","the kids up"," from","  school  and"
"moremusic.co.uk","the world,"," from","  forest  fires"
"moremusic.co.uk","flooded,"," from",""
"millcroftvets.co.uk","of arrows made"," from","  feathers  !"
"archaeology.co.uk","interest test"," from","  clause  13 to a"
"archaeology.co.uk","has been moved"," from","  clause  13 ("
"archaeology.co.uk","be removed"," from","  clause  34 ("
"codexbooks.co.uk","absent"," from","  school  ? and"
"biomed.abdn.ac.uk","or retrieved"," from","  cars  after the"
"comedycv.co.uk",") by Capital"," from","  time  to time."
"comedycv.co.uk","may change"," from","  Competition"
"cottontimes.co.uk","as they went"," from","  boyhood  to"
"cottontimes.co.uk","we did nothing"," from","  selfishness"
"acidsmile.co.uk","in learning"," from","  experience  ?"
"acidsmile.co.uk","transitions"," from","  ''warm-up  '' to"
"acidsmile.co.uk","too far away"," from","  events  in this"
"aeroflight.co.uk","the projects"," from","  concept"
"aeroflight.co.uk","be required"," from","  time  to time"
"aeroflight.co.uk","to see work"," from","  anyone  with a"
"wine-education-service.co.uk","reason, apart"," from","  cl.18  and"
"wine-education-service.co.uk","''s appeal"," from","  arbitrators"
"wine-education-service.co.uk","they are free"," from","  error  , nor"
"governornet.co.uk","around"," from","  colony  to"
"derek-hasted.co.uk","everything"," from","  TV  rooms and"
"npl.co.uk","hostility"," from","  motorists  ."
"taylorbells.co.uk","it to work"," from","  home  as well."
"queens.ox.ac.uk","we eat comes"," from","  foods  that"
"kenyabirds.org.uk","is available"," from","  www  . niscc."
"dcs.shef.ac.uk","unit is made"," from","  plastic  . On my"
"martynmission.cam.ac.uk","are defectors"," from","  parties"
"martynmission.cam.ac.uk","are drawn"," from","  community"
"scalibor.co.uk","information"," from","  boreholes  and"
"scalibor.co.uk","of ideas"," from","  ''Friends  ''"
"bectu.org.uk","reclaimed"," from","  flour  sacking"
"bectu.org.uk","development"," from","  conception  to"
"theatreguidelondon.co.uk","something"," from","  others  . If we"
"theatreguidelondon.co.uk","place away"," from","  others  . He is"
"garethjmsaunders.co.uk","surface,"," from","  floor  to"
"garethjmsaunders.co.uk",". Parking: 50m"," from","  reception"
"weddingguide.co.uk","atmosphere"," from","  heating"
"weddingguide.co.uk",". I also suffer"," from","  ''bargainitis"
"weddingguide.co.uk","grown"," from","  sets  . However"
"weddingguide.co.uk","with onion"," from","  seed  , I ''m"
"weddingguide.co.uk","grew last year"," from","  seed  , as we"
"weddingguide.co.uk","should be OK"," from","  stock  but I"
"lsbu.ac.uk",") correctly"," from","  cattle  aged"
"ch.cam.ac.uk","pick up Kate"," from","  school  ."
"propheticvision.org.uk","cookies"," from","  www  . maplin."
"propheticvision.org.uk","select ''Only"," from","  site  you"
"eternalnight.co.uk","a free kick"," from","  level  with the"
"eternalnight.co.uk","supporting"," from","  midfield  and"
"ipaqrepair.co.uk","","from","  his/  her"
"ipaqrepair.co.uk","accepted"," from","  his/  her peers"
"ipaqrepair.co.uk","it depends"," from","  case  to case"
"ipaqrepair.co.uk","themselves"," from","  people  with"
"ipaqrepair.co.uk","3), all coming"," from","  schools  where"
"new-agri.co.uk","en route"," from","  garden  stalls"
"udsu.co.uk","suffering"," from","  chest  pains"
"udsu.co.uk","sent home"," from","  hospital  with"
"udsu.co.uk","by deception"," from","  hospitals  ,"
"workdevcon.nhs.uk","it ''s head"," from","  side  to side."
"workdevcon.nhs.uk",", recording"," from","  close  to the"
"crusaders.org.uk","the public"," from","  danger  ,"
"crusaders.org.uk","likely harm"," from","  disclosure  or"
"ulscr.org.uk","ranging"," from","  food  safety to"
"fireservicecollege.ac.uk","of appeals"," from","  defendants"
"brucesfingers.co.uk","and to free me"," from","  lameness  was"
"nationalrail.co.uk","united call"," from","  Members  of all"
"fylde.demon.co.uk","be separate"," from","  housing"
"salters.co.uk","emerge"," from","  buds  formed"
"choiceforum.co.uk","protect them"," from","  bandits  and"
"literacytrust.org.uk","collected"," from","  voters"
"literacytrust.org.uk","itself"," from","  consumers  by"
"literacytrust.org.uk","identifiers"," from","  session  to"
"literacytrust.org.uk","obtained"," from","  government"
"thamesmatch.co.uk","was excluded"," from","  school  , and"
"glasgow.gov.uk",", ranging"," from","  sports  score"
"letsgogardening.co.uk","they are free"," from","  error  , nor"
"monju.pwp.blueyonder.co.uk","- 3-4 x 3-4 x 30m"," from","  blocks  or Game"
"monju.pwp.blueyonder.co.uk","- 3-4 x 3-4 x 30m"," from","  blocks  or Game"
"palimpsest.org.uk","2 July 2006,"," from","  http  ://www."
"flycom.co.uk","forms. May 18"," From","  today  please"
"ita.org.uk","Plus ''"," from",""
"ita.org.uk","is most at risk"," from","  scratches  , or"
"italian.classic-literature.co.uk",". I hunted"," from","  hunt  chairman"
"ukbusinesspark.co.uk","differently"," from","  credit  hire"
"spaced-out.org.uk","be excluded"," from","  meetings"
"karibuni.co.uk",", 1997). Apart"," from","  teachers  ''"
"karibuni.co.uk","recall"," from","  video  : Its use"
"sportabroad.co.uk","details taken"," from","  nature  into"
"sportabroad.co.uk","Forms mainly"," from","  V  & A Museum."
"sportabroad.co.uk","Largely taken"," from","  book"
"ccpr.org.uk","always come"," from","  friends  ,"
"ccpr.org.uk","up and see it ''s"," from","  someone  who I"
"ccpr.org.uk","headings"," from","  ''Welcome  to"
"ccpr.org.uk",", especially"," from","  people  who do"
"mandrake.demon.co.uk","is open daily"," from","  9am  ,"
"mandrake.demon.co.uk","of sizes"," from","  tea  caddies to"
"mandrake.demon.co.uk",", ranging"," from","  pens  and"
"mandrake.demon.co.uk","new titles,"," from","  cookery  to"
"mandrake.demon.co.uk","literature,"," from","  travel  to"
"leyman.demon.co.uk","all awards"," from","  Certificate"
"leeds-dat.org.uk","response"," from","  people  all"
"leeds-dat.org.uk","relief work"," from","  day  one, but"
"leeds-dat.org.uk","of shelter"," from","  blankets  and"
"spotonmarketing.co.uk","cells derived"," from","  kidney  cancer"
"spotonmarketing.co.uk","derived"," from","  breast  and"
"spotonmarketing.co.uk","signals"," from","  cancer  cells"
"spotonmarketing.co.uk","cells"," from","  patients  at"
"spotonmarketing.co.uk","2 July 2006,"," from","  http  ://www."
"recklessgardener.co.uk",") as he hopped"," from","  boardroom  to"
"members.freezone.co.uk","be available"," from","  NHS  dentists?"
"royagcol.ac.uk","facts"," from","  opinion  or"
"royagcol.ac.uk","affairs comes"," from",""
"theatreguidelondon.co.uk","the reader"," from","  page  to page"
"managers.org.uk","working away"," from","  home  I had an"
"medical-acupuncture.co.uk","appear to come"," from","  people  on"
"wrap.org.uk","be ordered"," from","  Ashgate  . A"
"wrap.org.uk","texts"," from","  court  and"
"liberty-human-rights.org.uk","be anything"," from","  utilities  to"
"streamcity.co.uk","is clearing"," from","  coast"
"pixeltechnology.co.uk","John Wilkes"," from","  prison  in 1769"
"silent-thunder.co.uk","- click here"," from","  thousands  of"
"christie.man.ac.uk","of two plots"," from","  allotments  in"
"new-agri.co.uk","on UN to learn"," from","  mistakes  (22"
"new-agri.co.uk","gap. "" Segment"," from","  panel"
"archive.official-documents.co.uk","of your site,"," from","  basics  such as"
"archive.official-documents.co.uk","to get the most"," from","  search"
"furthermore.org.uk","of cargo,"," from","  documents"
"publicservice.co.uk","and work songs"," from","  menhaden"
"poetrymagazines.org.uk","was saved"," from","  disaster  by"
"commedia.org.uk","many hurry to,"," from","  afar  To climb"
"commedia.org.uk","Interference"," from","  politics  ,"
"commedia.org.uk","mouths poking"," from","  chests  to eat"
"islamic-college.ac.uk",". Responses"," from","  school  staff"
"islamic-college.ac.uk","). Comments"," from","  students"
"jardmail.co.uk","a letter"," from","  VAT  office"
"jardmail.co.uk","]: end of file"," from","  server  ("
"lincs.police.uk","released"," from","  sites"
"lincs.police.uk","The help comes"," from","  hospitals  ,"
"bbcgovernors.co.uk","very much"," from","  lack  of water."
"bbcgovernors.co.uk","by others"," from","  No.  21. Some"
"chichesterjazzclub.co.uk",","," from","  presentation"
"chichesterjazzclub.co.uk","with anything"," from","  face  painting"
"fitz.cam.ac.uk","","from","  hospitals  out"
"uec.ac.uk","her away"," from","  prostitution"
"aimhigher.ac.uk",","," from","  computing  to"
"aimhigher.ac.uk","on offer"," from","  suppliers  ."
"aimhigher.ac.uk","convert users"," from","  visitors  into"
"aimhigher.ac.uk","of the agency:"," from","  clients"
"aimhigher.ac.uk","; ranging"," from","  banner"
"aimhigher.ac.uk","marketing,"," from","  advertising"
"aimhigher.ac.uk","marketing,"," from","  advertising"
"aimhigher.ac.uk","of everything"," from","  optimization"
"aimhigher.ac.uk","of briefs"," from","  clients"
"aimhigher.ac.uk",","," from","  computing  to"
"aimhigher.ac.uk","of briefs"," from","  clients"
"peakdistrict.gov.uk","people away"," from","  election"
"advaita.org.uk","three seconds"," from","  famine  ,"
"man.ac.uk","survey"," from","  members  of the"
"warwickshire-wildlife-trust.org.uk","not escaped"," from","  pressure  to"
"warwickshire-wildlife-trust.org.uk","and apart"," from","  pensioners"
"warwickshire-wildlife-trust.org.uk","support away"," from",""
"wellerassociates.co.uk","released"," from","  prison  in 1999"
"wellerassociates.co.uk","in prison were"," from","  minority"
"wellerassociates.co.uk","2002 was theft"," from","  shops  . Just"
"wellerassociates.co.uk","homes visits"," from","  families  are"
"italian.classic-literature.co.uk",") are exempt"," from","  capital  gains"
"bradburyac.mistral.co.uk","immunity"," from","  prosecution  ."
"bradburyac.mistral.co.uk","risk of falls"," from","  height"
"legendarydartmoor.co.uk","be modified"," from","  performance"
"sfeu.ac.uk","you work"," from","  home  , are on"
"biol.lancs.ac.uk",". Research"," from","  scientists  in"
"vetschool.bris.ac.uk","arises"," from","  circuitry  and"
"indigogroup.co.uk","intervention"," from","  research  team"
"indigogroup.co.uk","2 July 2006,"," from","  http  ://www."
"walltowall.co.uk","assistance"," from","  outside"
"laptopshop.co.uk",", biomass (","from","  forest  wastes"
"laptopshop.co.uk","benefited"," from",""
"laptopshop.co.uk","used comes"," from","  burning  wood."
"laptopshop.co.uk","a rapid change"," from","  coal  to gas for"
"raintree-health.co.uk","hand accounts"," from","  parents  and"
"weatheronline.co.uk","because chips"," from","  companies"
"scalibor.co.uk","you"," from","  drilling  into"
"buyimage.co.uk","saving you"," from","  spam  , the"
"socresonline.org.uk","the route"," from","  porn  to poesie"
"socresonline.org.uk","freely copied"," from","  things  seen in"
"socresonline.org.uk","scripts"," from",""
"socresonline.org.uk","borrowed"," from","  cameos  and"
"socresonline.org.uk","a text. Apart"," from","  anything  else"
"socresonline.org.uk","(borrowed"," from","  Boccaccio  )"
"philcollins.co.uk","borrowing"," from","  libraries  ,"
"compendia.co.uk","it ''s head"," from","  side  to side."
"compendia.co.uk",", recording"," from","  close  to the"
"lincolnshire.gov.uk","varies"," from","  stanza  to"
"wesparkle.co.uk","to tear"," from","  men"
"markwilson.co.uk","Welsh hymns."," From","  time  to time"
"markwilson.co.uk","straying"," from","  droves  had"
"markwilson.co.uk","cattle"," from","  afar  . Public"
"markwilson.co.uk","directly"," from","  farmers"
"thesmallholdingcentre.co.uk","for artist"," from","  junior  to"
"thesmallholdingcentre.co.uk","projects"," from","  conception  to"
"prochoiceforum.org.uk","data"," from","  countries"
"birdfinders.co.uk","mates scream"," from","  manchester  ! !"
"birdfinders.co.uk","im if i cud lol"," from","  manchester"
"fanderson.org.uk","few months ago"," from","  someone  who"
"colc.co.uk","quotes are"," from","  Africans  and"
"cilip.org.uk","animals made"," from","  cork  . Then"
"cilip.org.uk","Eden Project"," from","  £49  per person"
"sat.dundee.ac.uk","a petition"," from","  women"
"e-learningcentre.co.uk",". Separation"," from","  family  in an"
"e-learningcentre.co.uk","","from","  prison  staff"
"e-learningcentre.co.uk","who are far"," from","  home  ,"
"clinimed.co.uk","working"," from","  offices  in"
"thefword.org.uk","the projects"," from","  concept"
"thefword.org.uk","(6+ staff)"," from","  start  to"
"thefword.org.uk","of products"," from","  pre-"
"thefword.org.uk","for products"," from",""
"thefword.org.uk","projects"," from","  conception"
"thefword.org.uk","animation)"," from","  start  to"
"thefword.org.uk","games titles"," from","  conception  . -"
"thefword.org.uk","deliverables"," from","  outsource"
"4minutes.co.uk","to arise"," from","  developments"
"sunion.warwick.ac.uk","be shielded"," from","  scrutiny  . The"
"sunion.warwick.ac.uk","exempted"," from","  access  by an"
"palimpsest.org.uk","available"," from","  field  studies"
"palimpsest.org.uk","and noise"," from","  humans"
"palimpsest.org.uk","evidence"," from","  blood"
"palimpsest.org.uk","or suffered"," from","  ''capture"
"palimpsest.org.uk","analyses"," from","  game-keeper"
"palimpsest.org.uk","may suffer"," from","  capture"
"palimpsest.org.uk","to the time"," from","  collection  of"
"palimpsest.org.uk","to haem"," from","  haemoglobin"
"palimpsest.org.uk","evidence"," from","  studies"
"toysdirecttoyourdoor.co.uk","being removed"," from","  office  . In the"
"immediatefuture.co.uk","s; escape"," from","  input  state) x"
"immediatefuture.co.uk","cursor "" x p put"," from","  buffer  x "". nr"
"caledonian.ac.uk","be diverted"," from","  surface  water"
"caledonian.ac.uk","to obtain"," from","  re-refining"
"caledonian.ac.uk","higher bills"," from","  collectors  of"
"caledonian.ac.uk",". Costs vary"," from","  job  to job."
"caledonian.ac.uk","waste oil"," from","  businesses  ."
"northill.demon.co.uk","know how to get"," from","  ''I  want to do"
"princelyrics.co.uk","goat, jumping"," from","  ledge  to ledge"
"princelyrics.co.uk","liked to move"," from","  area  to area"
"pearsoned.co.uk","These can vary"," from","  graphics  to"
"pearsoned.co.uk","tools ranging"," from","  physics"
"bio.bris.ac.uk","begins"," from","  underground  ."
"bio.bris.ac.uk","John "" letters"," from","  home  . ''"
"bio.bris.ac.uk","hustler."," From","  prison"
"deni.gov.uk","have to be met"," from","  members  '' own"
"toppetshop.co.uk","be separated"," from","  advice  so as to"
"woodbridgeproductions.co.uk","their deaths"," from","  planes  was"
"fantasyfactory.co.uk","ones"," from",""
"vet.ed.ac.uk","management"," from","  leadership"
"cyberselect.co.uk","is bought"," from","  vendors  ,"
"cyberselect.co.uk","suffering"," from","  water  related"
"william-shakespeare.org.uk","extensions"," from","  files  . Perl"
"william-shakespeare.org.uk","is removed"," from","  @ARGV  and sets"
"william-shakespeare.org.uk","code written"," from","  scratch"
"william-shakespeare.org.uk","utf8 intuited"," from","  locale  are"
"marine.gov.uk","Shopping"," from","  home  -"
"liverpoolmuseums.org.uk","35 yards"," from","  goal  but Gomez"
"reading.ac.uk","a soul"," from","  damnation  ;"
"reading.ac.uk","preservation"," from","  decay  has"
"pixeltechnology.co.uk","of nuisance"," from","  odours  ;"
"pixeltechnology.co.uk","nuisance"," from","  sewage"
"michaelkelly.fsnet.co.uk","than doubling"," from","  £142m  in 2001/"
"michaelkelly.fsnet.co.uk","is on offer"," from","  services  in"
"michaelkelly.fsnet.co.uk","clear right"," from","  day  one that we"
"michaelkelly.fsnet.co.uk",", coming"," from","  providers  who"
"nulis.napier.ac.uk","everyday, and"," from","  children  not"
"royalpioneercorps.co.uk",", produced"," from",""
"brad.ac.uk","a network"," from","  attack  by"
"brucesfingers.co.uk","container"," from","  buckets  ,"
"brucesfingers.co.uk","were to be away"," from","  home  for a few"
"brucesfingers.co.uk","gutters made"," from","  palm  trees,"
"brucesfingers.co.uk","were made"," from","  bamboo  and the"
"brucesfingers.co.uk","and benefit"," from","  services  ,"
"rhul.ac.uk","are invited"," from","  nationals  of"
"artlab.org.uk","interest"," from","  business  in"
"house-cleaning-uk.co.uk","in emphasis"," from",""
"house-cleaning-uk.co.uk","","from","  others  ? ). To"
"house-cleaning-uk.co.uk",". Ask people"," from","  time  to time to"
"choiceforum.co.uk","backing comes"," from","  people  like"
"cpb.bio.ic.ac.uk","enquiries"," from","  anyone"
"mythofcreation.co.uk","varies"," from","  country  to"
"consensusmediation.co.uk","and refuse"," from","  land  and"
"electricstuff.co.uk","topics"," from","  evidence"
"thecornerhouse.org.uk","response"," from","  academics  led"
"rcsed.ac.uk","is derived,"," from","  fund  raising"
"raf.mod.uk","results"," from","  faults  with"
"raf.mod.uk","process,"," from","  ideas  and"
"raf.mod.uk",", we start"," from","  scratch  ."
"raf.mod.uk","gradients"," from","  ''banding  ''"
"raf.mod.uk","differently"," from","  job  to job,"
"compbio.dundee.ac.uk","change of use"," from","  offices  to"
"eagle19.freeserve.co.uk","consent"," from","  anybody  who is"
"winspiration.co.uk","to hear"," from","  clubs  ,"
"greenbuildingstore.co.uk","with queries"," from","  employers  who"
"greenbuildingstore.co.uk","","from","  employees"
"greenbuildingstore.co.uk","the basic rate"," from","  payments  , as"
"italian.classic-literature.co.uk","to be excused"," from","  jury  service."
"italian.classic-literature.co.uk","disqualified"," from","  jury  service."
"italian.classic-literature.co.uk","be a move away"," from","  plea  and"
"italian.classic-literature.co.uk",", the move away"," from","  plea  and"
"homepages.ed.ac.uk",","," from","  wigwams  to"
"geog.ox.ac.uk","earnings"," from","  overtime  work"
"cls.ioe.ac.uk","and PCBs"," from","  eels  for"
"cls.ioe.ac.uk","and PCBs"," from","  food  groups"
"cls.ioe.ac.uk","was obtained"," from","  analysis  of"
"cls.ioe.ac.uk","zero intakes"," from","  food  groups"
"cls.ioe.ac.uk","intakes"," from","  PCBs  are all"
"cls.ioe.ac.uk","than those"," from","  dioxins  . The"
"cls.ioe.ac.uk","was estimated"," from","  analysis  of"
"cls.ioe.ac.uk","collected"," from","  mothers  no"
"cls.ioe.ac.uk","were obtained"," from","  mothers"
"cls.ioe.ac.uk","of dioxins"," from","  breast  milk in"
"cls.ioe.ac.uk","will be"," from","  food  , 31 the"
"cls.ioe.ac.uk","and PCBs"," from","  eels  . The"
"cls.ioe.ac.uk","and PCBs"," from","  eels  without"
"cls.ioe.ac.uk","Daily Intake"," from","  food  of PCDDs"
"cls.ioe.ac.uk","planar PCBs"," from","  food  in the"
"bps.org.uk","information"," from","  government  at"
"qcanet.co.uk","my favourites"," from","  today  had to be"
"cleanersafergreener.gov.uk","as well as"," from","  law  , and so on."
"elizabethan-era.org.uk","behaviour"," from","  men  of"
"horseracingbets.co.uk","works solely"," from","  batteries  ,"
"culham.ac.uk","random links"," from","  yesterday  ,"
"well.ac.uk","be available"," from","  advice"
"indigogroup.co.uk","IT training"," from","  world"
"ch.ic.ac.uk","code listings"," from","  eighties"
"cer.org.uk","you can profit"," from","  values  £1.50 #"
"westdean.org.uk","arising"," from","  disclosure  is"
"westdean.org.uk","summarised"," from","  documents  ,"
"westdean.org.uk",", as distinct"," from","  information  ,"
"cyberselect.co.uk","fold or furrow"," from","  nostril  to jaw"
"thenortheast.fsnet.co.uk","and are drawn"," from","  industry  and"
"thenortheast.fsnet.co.uk","a course"," from","  scratch  . This"
"thenortheast.fsnet.co.uk","of Oxford and"," from","  industry  ."
"crbs.org.uk","a far lyric cry"," from",""
"biblicalstudies.org.uk","corpses swung"," from","  trees  and"
"hysteria-lives.co.uk","be obtained"," from","  http  ://www."
"railart.co.uk","complaints"," from","  airline"
"railart.co.uk","complaint"," from","  travelers  is"
"railart.co.uk","collected"," from","  individuals"
"railart.co.uk","obtained"," from","  government"
"insideoutpr.co.uk","be suffering"," from","  cramp  . 113"
"insideoutpr.co.uk","about 30 yards"," from","  goal  . With"
"insideoutpr.co.uk","over the bar"," from","  7-yards  . 56"
"cfcnet.co.uk",""" support """," from","  UFOs  , time"
"cfcnet.co.uk","Project"," from",""
"sherlock-holmes.classic-literature.co.uk","divide, ie"," from","  non-manual  to"
"sherlock-holmes.classic-literature.co.uk",": calculated"," from","  data  in Miller"
"sudokuz.co.uk","painting home"," from","  school  do they"
"sudokuz.co.uk","workers"," from","  things  like"
"bspd.co.uk","2 July 2006,"," from","  http  ://www."
"eternalnight.co.uk","and refrained"," from","  eating  ,"
"rdoc.org.uk","away"," from","  tennis  . Good"
"sovereignty.org.uk",", working"," from","  home  , stress"
"sovereignty.org.uk","examples"," from","  companies"
"sovereignty.org.uk","protection"," from",""
"sovereignty.org.uk","leave and pay"," from","  mothers  to"
"englishmonarchs.co.uk","fly-tipping"," from","  £20,000  to"
"education.bham.ac.uk",""" quotations"," from","  scripture  "" in"
"ccruni.gov.uk","to help you"," from","  room  to room."
"ccruni.gov.uk","a rapid shift"," from","  society  ''s"
"portcities.hartlepool.gov.uk","trav''ller far"," from","  home  , and with"
"bagpipeworld.co.uk","the future."," From","  highway"
"politicalcartoon.co.uk","better hide"," from","  Darkstorm  ("
"transgirl.co.uk","","from","  heroin  (27,28"
"transgirl.co.uk","to deaths"," from","  drug  misuse."
"transgirl.co.uk","withdrawing"," from",""
"duncancumming.co.uk","will shy away"," from","  anything  that"
"raf.mod.uk","is liberated"," from","  ownership  and"
"find-me-a-gift.co.uk","spot 30 yards"," from","  goal  which"
"find-me-a-gift.co.uk","tries his luck"," from","  distance"
"find-me-a-gift.co.uk","early effort"," from","  distance"
"find-me-a-gift.co.uk","shot on goal"," from","  distance  but"
"candlemaking.org.uk","information"," from","  philatelists"
"candlemaking.org.uk","frees baby"," from","  mother  ''s"
"brake.org.uk","come"," from","  academia  , the"
"petplanet.co.uk","proceeded"," from","  childlesse"
"ling.ed.ac.uk","your PC"," from","  power  surges"
"bradburyac.mistral.co.uk","cooking oil"," from","  catering"
"bradburyac.mistral.co.uk","articles made"," from","  food  contact"
"bradburyac.mistral.co.uk","","from","  food  intended"
"fairtrade.org.uk","Plan."," From","  T  day"
"webtag.org.uk","the focus"," from","  group"
"northill.demon.co.uk","quotes"," from","  experts  ."
"re-skill.org.uk","1846, retired"," from","  politics  ."
"emagictricks.co.uk","everything"," from","  TVs  to hi-fis"
"emagictricks.co.uk","prices"," from","  hundreds  of UK"
"portakabin.co.uk","range extends"," from","  budget"
"cleanersafergreener.gov.uk","papers"," from","  experts"
"woodbridgeproductions.co.uk","could vary"," from","  product  to"
"pacetelecom.co.uk","had support"," from","  delegates  to"
"pacetelecom.co.uk","","from","  family"
"tclt.org.uk","news"," from","  patients  who"
"tclt.org.uk","information"," from","  disclosure  ."
"tclt.org.uk","might result"," from","  disclosure  is"
"familiesonline.co.uk","and crying"," from","  hunger  . T: And"
"familiesonline.co.uk","and shaking"," from","  hunger  , is"
"familiesonline.co.uk","and shaking"," from","  hunger  ? P: I"
"crwth.org.uk",". Choose"," from","  textile  pens"
"comsys.co.uk","leaders (","from","  group  members"
"comsys.co.uk","of learning"," from","  experience  ! ["
"comsys.co.uk","learning"," from","  success  by"
"sohp.soton.ac.uk","maintained"," from","  project"
"newscast.co.uk","ranging"," from","  first-  to"
"marine.gov.uk","be obtained"," from","  www  ."
"sundog.clara.co.uk","disappeared"," from","  media  view,"
"sundog.clara.co.uk","Elections"," from","  Respect  is"
"robertmoir.co.uk","withdrawn"," from","  cultivation"
"robertmoir.co.uk","isolated"," from","  soil"
"robertmoir.co.uk","derived"," from","  cauliflower"
"robertmoir.co.uk","Int VI derived"," from","  maize  alcohol"
"livingonboats.co.uk","1940, apart"," from","  visits  to the"
"redking.co.uk","to rescue them"," from","  sickness  ,"
"assemblage.group.shef.ac.uk","raised away"," from","  group  at front"
"assemblage.group.shef.ac.uk","autographs"," from","  actors.  . and"
"assemblage.group.shef.ac.uk","to comment"," from","  audience"
"intellectbooks.co.uk","employees"," from","  minority"
"pushchairs.co.uk","dragging him"," from","  play  , he added"
"ayrshirehistory.org.uk","on the system"," from","  dangers"
"ayrshirehistory.org.uk","to health"," from","  exposure  to"
"ayrshirehistory.org.uk","may arise"," from","  activities"
"ayrshirehistory.org.uk","arises"," from","  work  on or near"
"ayrshirehistory.org.uk","arises"," from","  leisure  and"
"ayrshirehistory.org.uk","plant, or"," from","  equipment"
"fanderson.org.uk","inspiration"," from","  health"
"0-19.co.uk",": "" Evidence"," from","  members  of the"
"0-19.co.uk","are exempt"," from","  taxation"
"scholarships.ed.ac.uk",", who has died"," from","  cancer  at the"
"dh.gov.uk","I may obtain"," from","  anyone"
"jennifermackenzie.co.uk","for change"," from","  people  of"
"jennifermackenzie.co.uk","of issues,"," from","  tax  po... read"
"jennifermackenzie.co.uk","impact"," from","  childcare"
"jennifermackenzie.co.uk","to be in 2020?"," From","  welfare  to"
"jennifermackenzie.co.uk","care be?"," From","  welfare  to"
"jennifermackenzie.co.uk","emissions"," from","  aviation"
"dulwichcommunityhospital.nhs.uk",". Arabic is"," from","  right  to left"
"dulwichcommunityhospital.nhs.uk","Chinese are"," from","  top  to bottom."
"henry-moore-fdn.co.uk","of criticism"," from","  politicians"
"henry-moore-fdn.co.uk","and not at all"," from","  newspaper"
"birminghamfoe.org.uk","penalty"," from","  close  on"
"edinburghfestivals.co.uk","derived"," from","  language  and"
"edinburghfestivals.co.uk","scene with DNA"," from","  someone  else."
"gardenorganic.org.uk","of humans"," from","  savages  to"
"gardenorganic.org.uk","energy"," from","  vacuum  ). My"
"gardenorganic.org.uk","are taken"," from","  publications"
"gardenorganic.org.uk","Wood-carving"," from","  Antiquity  to"
"gardenorganic.org.uk","piece missing"," from","  top  of binding"
"gardenorganic.org.uk","Largely taken"," from","  book"
"setdanceteacher.co.uk","of coaching"," from","  coaches  and"
"transgirl.co.uk","find out more"," from","  staff  and"
"eastman.ucl.ac.uk","and retired"," from","  work  due to"
"practical-martial-arts.co.uk","and on release"," from","  prison  . Price"
"members.lycos.co.uk","of lugging it"," from","  home  . Cooking"
"search.reviews.ebay.co.uk","are excluded"," from","  work  on"
"search.reviews.ebay.co.uk","that a journey"," from","  home  to work is"
"search.reviews.ebay.co.uk","working"," from","  home  or"
"search.reviews.ebay.co.uk","work"," from","  home  ... There"
"search.reviews.ebay.co.uk","working"," from","  home  using ICT"
"search.reviews.ebay.co.uk",". .... or"," from","  telework"
"search.reviews.ebay.co.uk","to work"," from","  home  . ... even"
"search.reviews.ebay.co.uk","to work"," from","  home  . How ICT"
"search.reviews.ebay.co.uk","- whether"," from","  home  , site to"
"search.reviews.ebay.co.uk","is no escape"," from","  work  . Dealing"
"search.reviews.ebay.co.uk",""" excluded """," from","  work  by"
"sanctus1.co.uk","keen to hear"," from","  anyone  who can"
"sanctus1.co.uk","feedback"," from","  customers  and"
"borkowski.co.uk","transferring"," from","  child  and"
"borkowski.co.uk","benefit"," from","  art  therapy."
"borkowski.co.uk","young people"," from","  minority"
"borkowski.co.uk","were selected"," from","  year  6 and year"
"mookychick.co.uk","lifting water"," from","  streams  or"
"mookychick.co.uk","pumps made"," from","  cast  steel,"
"mookychick.co.uk","costs come"," from","  use  of fewer,"
"mookychick.co.uk","and"," from","  design"
"mookychick.co.uk","disconnected"," from","  anchorage  and"
"mag.org.uk","suffering"," from","  survey"
"bio.bris.ac.uk","will come"," from","  www  . pcmods."
"bio.bris.ac.uk","get anything"," from","  pcmods  . com"
"euroinvestor.co.uk","of students"," from","  families  with"
"euroinvestor.co.uk","that "" apart"," from","  distance  , the"
"euroinvestor.co.uk","changing"," from","  accounting  or"
"euroinvestor.co.uk","job loss"," from","  disability  ,"
"euroinvestor.co.uk",", it gains"," from","  teachers  who"
"euroinvestor.co.uk","moving"," from","  college  to"
"euroinvestor.co.uk","or more away"," from","  home  . School"
"euroinvestor.co.uk","teachers move"," from","  districts"
"euroinvestor.co.uk","investment"," from","  participants"
"euroinvestor.co.uk","to benefit"," from","  licensure"
"euroinvestor.co.uk","investment"," from","  teacher"
"euroinvestor.co.uk","of studies"," from","  states  with"
"euroinvestor.co.uk","output"," from","  teachers"
"euroinvestor.co.uk","gained"," from","  training  , q,"
"euroinvestor.co.uk",", k, they learn"," from","  practice"
"euroinvestor.co.uk","unit return"," from","  training  is"
"euroinvestor.co.uk","same amount"," from","  practice"
"euroinvestor.co.uk","same amount"," from","  practice"
"dcs.gov.uk","comeback"," from","  shoulder"
"thealbany.org.uk","in charge"," from","  war  crimes"
"thealbany.org.uk","spending"," from","  $75  million to"
"thealbany.org.uk","Iraqi troops"," from","  anthrax  after"
"thealbany.org.uk","Cockburn,"," from","  articles  that"
"thealbany.org.uk","(March 1991),"," from","  information"
"portsmouthfairtrade.org.uk","descent"," from","  colonists  of"
"portsmouthfairtrade.org.uk","West Africa,"," from","  time  to time"
"lowpay.gov.uk","anything"," from","  glitch"
"vacant.org.uk","they benefit"," from","  tourism  ? Also"
"vacant.org.uk","come"," from","  outside  of"
"assetprotections.co.uk","working"," from","  home  to be"
"assetprotections.co.uk","are working"," from","  home  , can"
"assetprotections.co.uk","this will vary"," from","  team  to team"
"artatwalsall.org.uk","information"," from","  advice  on how"
"artatwalsall.org.uk","to rent."," From","  student  flats"
"oudancesport.co.uk","shields her"," from","  harm  . Next to"
"oudancesport.co.uk",", reproduced"," from","  paintings  ,"
"oudancesport.co.uk","independent"," from","  politics  ,"
"oudancesport.co.uk","selections"," from","  work  done in"
"handicap-international.org.uk","","from",""
"handicap-international.org.uk","payments"," from","  Agenda  for"
"handicap-international.org.uk","resistance"," from","  rank  and file"
"adfam-parents.org.uk","is available"," from","  bookshops  , or"
"24hourmuseum.org.uk","applying"," from","  time  to time."
"careers.ed.ac.uk","with rats"," from","  sewers  under"
"careers.ed.ac.uk","ventilated"," from","  end  to end. The"
"lancashire.police.uk","transferred"," from","  primary  to"
"www3.indymedia.org.uk","information"," from","  sources  such"
"contours.co.uk",", questions"," from","  workers  in"
"littman.co.uk","","from","  friends  and"
"wwwfom.sk.med.ic.ac.uk","system,"," from","  barriers"
"ri.ac.uk","buy things (","from","  CDs  and DVDs to"
"beta.communities.msn.co.uk","of interest"," from","  trainees  . A"
"tonearm.co.uk","to drop it"," from","  time  to time"
"moremusic.co.uk","or working"," from","  home  is that"
"moremusic.co.uk",", send faxes"," from","  home  , take the"
"moremusic.co.uk","suffering"," from","  information"
"moremusic.co.uk","of your life -"," from","  work  to"
"stmarylebow.co.uk","the advice"," from","  officers"
"westyorkshire.police.uk","transition"," from","  capitalism  to"
"westyorkshire.police.uk",". The call"," from",""
"alternatetakes.co.uk","they are free"," from","  error  , nor"
"legendarydartmoor.co.uk","dropped dead"," from","  exhaustion  of"
"legendarydartmoor.co.uk","taken"," from","  diaries"
"thenewspaper.org.uk","is suffering"," from","  health"
"clandonald.org.uk","to earn"," from","  interest  by"
"new.overseas-trade.co.uk","of singles"," from","  marrieds  in"
"accomodata.co.uk","to conceal"," from","  others  ? - and"
"portakabin.co.uk","it develops"," from","  stage  to stage"
"portakabin.co.uk","we have had"," from","  time  to time,"
"bectu.org.uk","services,"," from","  awareness"
"tclt.org.uk",". We heard"," from","  others  who"
"portsmouthfairtrade.org.uk","are taken"," from","  sub-nodes  and"
"penninewaterways.co.uk","service"," from","  start  to"
"tibenham.fsnet.co.uk","may debar you"," from","  appointment  ."
"connectpa.co.uk","and available"," from","  amazon  . co. uk"
"j-sainsbury.co.uk",". phs output"," from","  shelxe  . >/"
"j-sainsbury.co.uk","of. phs file"," from","  shelxe  which"
"countrylife.co.uk","waves"," from","  ground  and"
"managers.org.uk","characters"," from","  books  and"
"arc-property.co.uk","and stronger"," from","  training  in"
"luxonline.org.uk","the emissions"," from","  burning  wood?"
"luxonline.org.uk","the emissions"," from","  burning  wood?"
"luxonline.org.uk","clean wood"," from","  forests  or"
"historyhouse.co.uk","and troughs,"," from","  ecstasy  to"
"historyhouse.co.uk","efforts"," from","  start  to"
"backroadstouring.co.uk","escape"," from","  conformity  , a"
"backroadstouring.co.uk","are detached"," from","  life  ,"
"digitaltoast.co.uk","are suffering"," from","  smoke"
"digitaltoast.co.uk","a nuisance"," from","  bonfire  smoke"
"swan.ac.uk","familiar,"," from","  projects  like"
"samoa.co.uk","of students"," from","  teacher"
"samoa.co.uk","the trapezium"," from","  scratch"
"samoa.co.uk","independence"," from","  teacher"
"samoa.co.uk",", P. (2000)."," From",""
"newburytheatre.co.uk","see some of you"," from","  time  to time at"
"antiquefairs.co.uk","industry away"," from","  commodities"
"star-www.st-and.ac.uk","you freedom"," from","  crowds  , clean"
"tru-thoughts.co.uk","to benefit"," from","  rules  that"
"integral.co.uk","to protect him"," from","  exposure  , he"
"integral.co.uk","they are free"," from","  error  , nor"
"carnegieuktrust.org.uk","yellow cards"," from","  referee  Dave"
"carnegieuktrust.org.uk","a pass to run in"," from","  close  to the"
"citizenshipfoundation.org.uk","Island Bakery"," from","  scratch  ,"
"birminghamfoe.org.uk","is exempt"," from","  requests  for"
"birminghamfoe.org.uk","has 20 days"," from","  receipt  of the"
"birminghamfoe.org.uk","work"," from","  academics  ,"
"halletts.co.uk","to disappear"," from","  sight  for"
"healthmatters.org.uk","resources"," from","  thousands  of"
"paulcrawford.co.uk","key people"," from","  government"
"paulcrawford.co.uk","studentships"," from","  students"
"glasgow.gov.uk","people move"," from","  Incapacity"
"stewardsschool.co.uk","best practice"," from","  communities"
"artifact.ac.uk","swinging"," from","  feast  to"
"frenchliving.co.uk","Applications"," from","  individuals"
"mda.org.uk","suffering"," from","  food"
"mda.org.uk","released"," from","  hospital  on"
"search.reviews.ebay.co.uk","the match fee"," from","  50p  to £1 for"
"search.reviews.ebay.co.uk","and reduce it"," from","  £1.50  to £1 for"
"bond.org.uk",", mainly"," from","  data"
"thisislondon.co.uk","page in error"," from","  www  ."
"selecthr.co.uk","Hebrides"," from","  Islay  to Coll &"
"stpauls.co.uk","we understand"," from","  locals  that"
"recyclezone.org.uk","forest litter"," from","  leaves  , twigs"
"recyclezone.org.uk","forests"," from","  destruction"
"recyclezone.org.uk","everything"," from","  lumber  for"
"payaway.co.uk","travel so far"," from","  home  that they"
"payaway.co.uk","they weave"," from","  grasses  and"
"payaway.co.uk","disturbances"," from","  industry  and"
"payaway.co.uk","and organized"," from","  nothing  , the"
"northill.demon.co.uk",", and hidden"," from","  view  when you"
"york.gov.uk","'' landraces"," from","  fields  in each"
"york.gov.uk","(T-nos)"," from",""
"bordercrossings.org.uk","1998 working"," from","  home  on a"
"lums.lancs.ac.uk","Council Tax -"," from","  Help  the Aged"
"phundria.org.uk","people move"," from","  Incapacity"
"orbitbooks.co.uk","on the move"," from","  client  sites"
"members.freezone.co.uk","that is"," from","  diversity"
"members.freezone.co.uk","can learn a lot"," from","  practice  ."
"omni.ac.uk","for a verdict"," from","  cabin  crew and"
"indigogroup.co.uk","ill adults,"," from","  land  they"
"exposure.co.uk","too, changing"," from","  level  to level"
"exposure.co.uk","theme"," from","  area  to area."
"isomatic.co.uk",") withdrawal"," from","  substitution"
"isomatic.co.uk",") withdrawal"," from","  opioids  using"
"isomatic.co.uk","withdrawal"," from",""
"isomatic.co.uk","withdrawal"," from",""
"isomatic.co.uk","withdrawal"," from","  stimulants  ("
"isomatic.co.uk","of withdrawal"," from","  stimulants  ."
"dancing-times.co.uk","","from","  S01  on both"
"dancing-times.co.uk","been received"," from","  satellite"
"andrewcrace.co.uk","will be taken"," from","  code  . co_name"
"andrewcrace.co.uk","name, derived"," from","  baseclasses  ("
"niftc.co.uk","documents"," from","  clients  and"
"the-morningstar.co.uk","of our details"," from","  listings"
"the-morningstar.co.uk","permission"," from","  powertime  . co"
"bseinquiry.gov.uk","truncated"," from","  slownesses"
"bseinquiry.gov.uk","of amplitudes"," from","  non-EIDC  for"
"bseinquiry.gov.uk","computed only"," from","  amplitudes"
"bseinquiry.gov.uk","computed only"," from","  amplitudes"
"bseinquiry.gov.uk","severe affect"," from","  truncation"
"becta.org.uk","will have died"," from","  diseases"
"sandstonevolunteers.nildram.co.uk","ii) Expulsion"," from","  Alsace  into"
"sandstonevolunteers.nildram.co.uk",", be gathered"," from","  references  in"
"theedge.abelgratis.co.uk","it will go"," from","  strength  to"
"archive.official-documents.co.uk","of injury time"," from","  referee  Steve"
"archive.official-documents.co.uk","effort away"," from","  home  but"
"adfam-parents.org.uk","of meat"," from","  animals  by a"
"adfam-parents.org.uk","two lamb chops"," from","  farm  to"
"adfam-parents.org.uk",", when buyers"," from","  supermarkets"
"adfam-parents.org.uk","pesticides"," from","  water  , for"
"adfam-parents.org.uk","; Income"," from","  farming  in"
"esds.ac.uk","emissions"," from","  government"
"esds.ac.uk","emissions"," from","  buildings  by"
"portset.co.uk","5 working days"," from","  notification"
"portset.co.uk","arising"," from","  non-delivery"
"portset.co.uk","arising"," from","  errors  in"
"portset.co.uk","arising"," from","  death  or"
"ayrshirehistory.org.uk","> > Turning"," from","  god  - young"
"ayrshirehistory.org.uk","the book"," from","  heaven  , and is"
"davidcheethamgardens.co.uk","my boss"," from",""
"rousette.org.uk","that, far"," from","  freedom  of"
"rousette.org.uk","ours, arise"," from","  election  from"
"rousette.org.uk","emerge"," from","  majorities  in"
"rousette.org.uk","freedom"," from","  freedom  of"
"rousette.org.uk","we excluded"," from","  disclosure  by"
"colc.co.uk","spends away"," from","  home  . But, as"
"hefce.ac.uk","all. And it is"," from","  something  as"
"teachingenglish.org.uk","''d like to hear"," from","  anyone  who has"
"vue.org.uk","and help"," from","  family  and"
"vue.org.uk","2 July 2006,"," from","  http  ://www."
"moggies.co.uk","can be ordered"," from","  info@jisc  . ac"
"moggies.co.uk","reports"," from","  research"
"moggies.co.uk","departments;"," from","  engineering"
"moggies.co.uk","to geology,"," from","  design  to"
"moggies.co.uk","benefiting"," from","  expert  advice"
"digitalliving.cnet.co.uk","in Cows '' Milk"," from","  farms  close to"
"digitalliving.cnet.co.uk","in Cows '' Milk"," from","  farms  close to"
"digitalliving.cnet.co.uk","of milk taken"," from","  farms  in 1993 1"
"digitalliving.cnet.co.uk","that milk"," from","  farms  in the"
"digitalliving.cnet.co.uk","samples taken"," from","  farms  in rural"
"digitalliving.cnet.co.uk","of milk taken"," from","  farms  in 1993"
"digitalliving.cnet.co.uk","taken in 1995"," from","  farms  in the"
"digitalliving.cnet.co.uk","in the milk"," from","  farms  sampled"
"digitalliving.cnet.co.uk","collected"," from","  cows  on farms"
"digitalliving.cnet.co.uk","of cows '' milk"," from","  farms  close to"
"digitalliving.cnet.co.uk","Daily Intake"," from","  food  of PCDDs"
"tqc.co.uk","Europe comes"," from","  opium  poppies"
"tqc.co.uk","Taliban fell"," from","  power  in 2001,"
"tqc.co.uk","year profits"," from","  drugs"
"tqc.co.uk","and pressures"," from","  warlords  and"
"thefword.org.uk","GM products"," from","  sale  . Other"
"havering.gov.uk","arising"," from","  work"
"havering.gov.uk","Council may"," from","  time  to time"
"cs.bris.ac.uk","items"," from","  parks  is"
"rss.org.uk","benefiting"," from","  development"
"compbio.dundee.ac.uk","obtained"," from","  hacker  sites"
"compbio.dundee.ac.uk","degradation"," from","  virus  and"
"compbio.dundee.ac.uk","the threat"," from","  cyber"
"intermusica.co.uk",""" Suffer"," from","  diarrhoea  . """
"dolphinuk.co.uk","of articles"," from","  journals  or"
"italian.classic-literature.co.uk","; either"," from","  paper  brief or"
"www-users.york.ac.uk",", working"," from","  home  and other"
"www-users.york.ac.uk","£1.9 billion"," from","  congestion"
"www-users.york.ac.uk","in working"," from","  studies  of"
"theanswerbank.co.uk","on its journey"," from","  rules  to"
"theanswerbank.co.uk","ranging"," from",""
"theanswerbank.co.uk","is moving"," from","  rules  to"
"alcs.group.shef.ac.uk","they are free"," from","  error  , nor"
"2step-garage.co.uk","of his works,"," from","  prints  to"
"2step-garage.co.uk","are scooped up"," from","  streets  and"
"2step-garage.co.uk","products"," from","  cigarettes"
"2step-garage.co.uk","moans"," from","  comics  . Via"
"pondprofessorpumps.co.uk","transcribed"," from","  screen  to page"
"pondprofessorpumps.co.uk","SAX events"," from","  scratch  - ie"
"pondprofessorpumps.co.uk",": Received:"," from","  user-1864  ."
"pondprofessorpumps.co.uk","speech bubble"," from","  c*unts  to"
"pondprofessorpumps.co.uk","it needed."," From","  memory  , no"
"richmondreview.co.uk","of models"," from","  spheres  ,"
"richmondreview.co.uk",", taken"," from","  data"
"emotionalprocessing.org.uk","been released"," from","  prison  . The"
"cyberselect.co.uk","- Lessons"," from","  NHS  Dentistry"
"cyberselect.co.uk","- Lessons"," from","  NHS"
"cyberselect.co.uk","and follows on"," from","  ippr  ''s work on"
"cyberselect.co.uk","workers"," from","  cleaners  to"
"cyberselect.co.uk","workers"," from","  cleaners  to"
"cyberselect.co.uk","final report"," from","  ippr  ''s"
"thenortheast.fsnet.co.uk","2 July 2006,"," from","  http  ://www."
"partnerships.org.uk",". This ranges"," from","  research"
"avreview.co.uk","is always"," from","  0°  to 180° E or"
"avreview.co.uk","as may"," from","  time  to time"
"avreview.co.uk","mean time"," from","  table  4 to zone"
"nicap.dabsol.co.uk","working"," from","  flexitime"
"staffshousing.org.uk","aspects Apart"," from","  areas  of basic"
"govergames.co.uk",", we lurched"," from","  crisis  to"
"ibogaine.co.uk","the tails are"," from","  dust  ,"
"armyoneverest.mod.uk","world, free"," from","  insecurity"
"armyoneverest.mod.uk","in peace free"," from",""
"abi.co.uk","is available"," from","  GP  surgeries,"
"boysstuff.co.uk",". It ranges"," from","  pamphlets  and"
"redking.co.uk",". They stem"," from","  newspaper"
"star-www.st-and.ac.uk","> > separately"," from","  http  ://www."
"star-www.st-and.ac.uk","XFree86"," from","  fink  which >"
"westdean.org.uk","being removed"," from","  hospital"
"westdean.org.uk","changed"," from","  ''need  to get"
"naldic.org.uk","of areas"," from",""
"womens-health.co.uk","on his way home"," from","  school  for the"
"womens-health.co.uk","versions or"," from","  reading  ("
"womens-health.co.uk","spare me"," from","  performance"
"womens-health.co.uk","Glasgow free"," from","  junkies  ..."
"artatwalsall.org.uk","excluded"," from",""
"artatwalsall.org.uk","","from","  groups  who"
"artatwalsall.org.uk","these diverge"," from","  astronomers  ''"
"shocknet.org.uk",") min:!"," from","  min  upward:"
"shocknet.org.uk","upward: max!"," from","  max  downward"
"shocknet.org.uk","control Exit"," from","  loop  with EXIT"
"tlc-direct.co.uk","with the land"," from","  prehistory  to"
"higherstate.co.uk","coinage."," From","  Tamil  . Cat"
"higherstate.co.uk","century (","from","  book  title)."
"olympics.org.uk","travelling"," from","  factory  to"
"monju.pwp.blueyonder.co.uk","to move away"," from","  fields  ."
"monju.pwp.blueyonder.co.uk","in occupation"," from","  coal  miner to"
"monju.pwp.blueyonder.co.uk","on a hare"," from","  hunting  . The"
"westyorkshire.police.uk","advantage"," from","  information  ,"
"turkeyrealestate.co.uk","production"," from","  fisheries  ."
"turkeyrealestate.co.uk","by-catch"," from","  dredge"
"hcd2.bupa.co.uk","a linocut made"," from","  linoleum  torn"
"premierhomesinternational.co.uk","that come"," from","  paper  and"
"mandrake.demon.co.uk","get a small sum"," from","  someone"
"greenwichcollege.co.uk","diseases"," from","  diabetes  to"
"greenwichcollege.co.uk","implement"," from","  midnight  on"
"greenwichcollege.co.uk","should rise"," from","  £145  to £1000."
"greenwichcollege.co.uk","for stamp duty"," from","  midnight"
"greenwichcollege.co.uk","more estates"," from","  inheritance"
"greenwichcollege.co.uk","inflation"," from","  £4,745  to"
"greenwichcollege.co.uk","benefit up"," from","  £11  in 1997 to"
"greenwichcollege.co.uk","per pupil"," from","  £2,500  to"
"greenwichcollege.co.uk","to benefit"," from","  school  . I can"
"greenwichcollege.co.uk","that I am,"," from","  today  ,"
"equinetourism.co.uk",". he stole that"," from","  guss  and sam,"
"equinetourism.co.uk",". he stole that"," from","  guss  and sam,"
"equinetourism.co.uk",". he stole that"," from","  guss  and sam,"
"cclpublications.co.uk","in Iraq fell"," from","  £23m  in 1921 to"
"thekeyboard.org.uk","only a little"," from","  half-tide"
"thekeyboard.org.uk","them"," from","  ocean  or river"
"newsoftheworld.co.uk",", children"," from","  schedule"
"newsoftheworld.co.uk","data gathered"," from","  official  ,"
"newsoftheworld.co.uk","that emerge"," from","  government  ''s"
"newsoftheworld.co.uk","arising"," from","  her/  his"
"newsoftheworld.co.uk","of benefits"," from","  development"
"newsoftheworld.co.uk","arising"," from","  difference  ."
"the-philosopher.co.uk","and training"," from","  government"
"risc.org.uk","ranging"," from","  attendance"
"risc.org.uk","gain trust"," from","  employees  ,"
"risc.org.uk","commitment"," from","  managers  at"
"risc.org.uk","advice"," from","  GPs  when"
"farm.org.uk","."," From","  day  one we set"
"farm.org.uk","at all levels"," from","  project"
"niftc.co.uk","transition"," from","  childhood  to"
"niftc.co.uk","wants more"," from","  life  and"
"onlineplayersassociation.co.uk","applications"," from","  transsexual"
"partnerships.org.uk","raw files"," from","  scans  , is it"
"partnerships.org.uk","raw file"," from","  vuescan  etc,"
"mandarina.co.uk","separate them"," from","  onlookers  who"
"mandarina.co.uk","are changed"," from","  time  to time"
"gardenadvice.co.uk",", are relieved"," from","  time  to time"
"nevadaradio.co.uk","all quotes"," from","  comrade"
"top50freebies.co.uk","made the shift"," from","  ion  to ion3."
"darknessandlight.co.uk","seekers (","from","  countries"
"go-newfocus.co.uk","to recover"," from","  illness  at"
"go-newfocus.co.uk","to learn"," from","  actions"
"go-newfocus.co.uk","is required"," from","  leaders  and"
"go-newfocus.co.uk",", apart"," from","  age  , were"
"go-newfocus.co.uk","is absent"," from","  work  for at"
"go-newfocus.co.uk","to the subject"," from","  management  ,"
"sndc.demon.co.uk",". We start"," from","  guesthouse  at"
"sndc.demon.co.uk","territory:"," from","  south  to north"
"fanderson.org.uk","in Cows '' Milk"," from","  farms  close to"
"fanderson.org.uk","in Cows '' Milk"," from","  farms  close to"
"fanderson.org.uk","in Cows '' Milk"," from","  farms  close to"
"fanderson.org.uk","in July 1997"," from","  farms  in the"
"fanderson.org.uk","milk samples"," from","  farms  in"
"fanderson.org.uk","of milk"," from","  farms  in the"
"fanderson.org.uk","collected"," from","  farms  in the"
"fanderson.org.uk","were taken"," from","  farm  bulk"
"fanderson.org.uk","milk samples"," from","  farms  in the"
"fanderson.org.uk","Daily Intake"," from","  food  of PCDDs"
"artlab.org.uk","to requests"," from","  employers  to"
"bagpipeworld.co.uk","taken so far"," from","  experts  in the"
"ilook.fsnet.co.uk","Hurrah! Back"," from","  holidays  on"
"isec2000.org.uk",": Letters"," from","  Hell  ) L. Perry"
"isec2000.org.uk",": Letters"," from","  Hell  ) Heather"
"simonmarsden.co.uk","waste arising"," from","  works  of"
"missiedith.bentbacktulips.co.uk","the messages"," from","  space  picked"
"missiedith.bentbacktulips.co.uk","of the message"," from","  space  . Notes:"
"missiedith.bentbacktulips.co.uk",": The threat"," from","  space  has now"
"alternatetakes.co.uk",". Findings"," from","  research  in"
"borkowski.co.uk","now taken over"," from","  lung  cancer as"
"borkowski.co.uk","helpline are"," from","  people  who are"
"uktsupport.co.uk",". This appears"," from",""
"intermusica.co.uk","was grinning"," from","  ear  to ear for"
"bmic.co.uk","of great women"," from","  history  , one a"
"the-faith.org.uk","observable"," from","  earth  . The"
"onevision.co.uk","design"," from","  antiquities"
"constipationadvice.co.uk","shifted"," from","  children  over"
"constipationadvice.co.uk","members drawn"," from","  health  ,"
"constipationadvice.co.uk",". uk Available"," from","  mid-February"
"crocus.co.uk","transition"," from","  asylum  seeker"
"crocus.co.uk","independence"," from","  state  benefit"
"crocus.co.uk","safer"," from","  harm  are the"
"assemblyrooms.org.uk","but note slope"," from","  gardens  ."
"compendia.co.uk","are invited"," from","  staff  in the"
"emotionalprocessing.org.uk","day. It varies"," from","  job  to job, but"
"emotionalprocessing.org.uk","on working"," from","  home  , but that"
"emotionalprocessing.org.uk","to work"," from","  home  as a quid"
"emotionalprocessing.org.uk","offices"," from","  providers"
"assetprotections.co.uk","","from","  people  around"
"jcrwww.quns.cam.ac.uk","and fallen"," from","  fashion  . In"
"jcrwww.quns.cam.ac.uk","of ills"," from","  constipation"
"scottishweddingdirectory.co.uk","weekly rates"," from","  £2  per kiddy,"
"scottishweddingdirectory.co.uk","rates. Cost:"," From","  £6  per half day"
"scottishweddingdirectory.co.uk",", varies"," from","  location  to"
"scottishweddingdirectory.co.uk","to enjoy away"," from","  roads  . There"
"insideoutpr.co.uk","notice """," from","  service"
"go-newfocus.co.uk","''s baton"," from","  tale  to tale. """
"go-newfocus.co.uk","). Rescued"," from","  history  by"
"stone.newton.cam.ac.uk","ranges"," from","  teaching  to"
"oxford-chiltern-bus-page.co.uk","benefits"," from","  biodiversity"
"theatremuseum.org.uk","of this fly,"," from","  white  to black"
"artlab.org.uk","; } More advice"," from","  www  . eatwell."
"essex.police.uk","of the shore"," from","  splitting  . As"
"essex.police.uk",". Plugs cut"," from","  sheet  lead are"
"essex.police.uk","discomfort"," from","  heat  . 22-46."
"pdsg.org.uk","of what is said"," from","  outsiders  . It"
"pdsg.org.uk",", to get"," from","  ''Hamsteads  ''"
"rdoc.org.uk",": \mozilla and"," from","  www  . mozilla."
"healthmatters.org.uk","$843 million"," from","  stock"
"healthmatters.org.uk","indefinitely"," from","  plans  to"
"healthmatters.org.uk","shied away"," from","  biotech  only"
"healthmatters.org.uk",", not only"," from","  gene  therapy,"
"healthmatters.org.uk","risks"," from","  toxicities  of"
"healthmatters.org.uk","insulin"," from","  animals  . The"
"healthmatters.org.uk","or any wheat"," from","  countries"
"healthmatters.org.uk",", meat and milk"," from","  animals  fed"
"healthmatters.org.uk","meat and eggs"," from","  animals  fed on"
"healthmatters.org.uk","test samples"," from","  grain  cargoes"
"dcs.warwick.ac.uk","is revealed"," from","  heaven"
"mythofcreation.co.uk","Birdwatch,"," from","  round  the"
"mythofcreation.co.uk","frequently."," From","  today  , its"
"rousette.org.uk","since gone"," from","  strength  to"
"artifact.ac.uk",". The time"," from","  delivery  to"
"eagle19.freeserve.co.uk","? (a) entries"," from","  day  to day of"
"eagle19.freeserve.co.uk","be excluded"," from",""
"eagle19.freeserve.co.uk","be excluded"," from",""
"eagle19.freeserve.co.uk","been received"," from","  branches  not"
"eagle19.freeserve.co.uk","been received"," from","  branches  not"
"rss.org.uk","agree that"," from","  posterity  ''s"
"whatsonbristol.co.uk","to divest"," from","  investment  in"
"whatsonbristol.co.uk","signatures"," from","  students  ,"
"cjemicros.co.uk",". . got a virus"," from","  something"
"link2exports.co.uk","production,"," from","  credit  titles"
"tibenham.fsnet.co.uk","could come"," from","  competition"
"tibenham.fsnet.co.uk","price fares"," from","  endpoint  to"
"tibenham.fsnet.co.uk","and a ticket"," from","  LAX-DFW  for"
"psnc.org.uk","word, derived"," from","  Norse  ,"
"psnc.org.uk","reclaimed"," from","  bog  . The"
"compendia.co.uk","on that day"," from","  noon  onwards"
"compendia.co.uk","bag"," from","  flight  KM180"
"compendia.co.uk","transit bags"," from","  flights  into"
"compendia.co.uk","show that a bag"," from","  flight  LH1071"
"amlwchdata.co.uk","victory"," from","  protest"
"lsbu.ac.uk","taking to/"," from","  school  , or"
"lsbu.ac.uk","Working"," from","  home  has many"
"lsbu.ac.uk","be undertaken"," from","  home  - usually"
"spazmonkey.co.uk","office is open"," from","  9am  to 5pm"
"spazmonkey.co.uk","office is open"," from","  9am  to 5pm"
"spazmonkey.co.uk","of working"," from","  home  but"
"ex-canaries.co.uk","a distraction"," from","  action  on"
"ex-canaries.co.uk","be released"," from","  her/  his other"
"ex-canaries.co.uk","be obtained"," from","  Personnel  on"
"fuk.co.uk","for a charge"," from","  reception  ,"
"p-jones.demon.co.uk","2 July 2006,"," from","  http  ://www."
"arc-property.co.uk","and run"," from","  home  . But,"
"gwilliams.org.uk","2005 I suffer"," from","  spasms  too and"
"gwilliams.org.uk","control it was"," from","  years  of poor"
"gwilliams.org.uk","it does vary"," from","  person  to"
"gwilliams.org.uk","I have had"," from","  doctors"
"persephonebooks.co.uk","be formed"," from","  classroom  and"
"persephonebooks.co.uk","April 26, 2002"," from","  www  ."
"persephonebooks.co.uk","of data"," from","  reports  to"
"harringtonmuseum.org.uk","tenders"," from",""
"harringtonmuseum.org.uk","of articles"," from","  periodicals"
"staffshousing.org.uk",", I speak"," from","  frontline"
"lhc.org.uk","food chain"," from","  ''farm  to fork ''"
"lhc.org.uk","need to do"," from","  day  to day has"
"mbdevelopments.co.uk","today comes"," from","  unsecure"
"mbdevelopments.co.uk","accept email"," from","  people  you"
"mbdevelopments.co.uk","spam spoofed"," from","  email"
"mbdevelopments.co.uk","to be"," from","  email"
"mbdevelopments.co.uk","fide email"," from","  people  I don''t"
"brass.cf.ac.uk","Text was taken"," from","  newspapers  ,"
"asab.icapb.ed.ac.uk","recovering"," from","  breast  cancer"
"thebigsheep.co.uk","to derive aims"," from","  values"
"bartsandthelondon.org.uk","officers"," from","  police  , fire"
"teachingenglish.org.uk","freedom"," from","  abuse  ,"
"orthodoxengland.btinternet.co.uk","and friends"," from","  ranges"
"blackheathrugby.co.uk",", has arrived"," from","  tid  , it place"
"colc.co.uk","''s ball was far"," from","  royal  A"
"colc.co.uk","of his journey"," from","  shame  to US TV"
"spacecentre.co.uk","to learn"," from","  reading  . ("
"spacecentre.co.uk","develops"," from","  birth  until"
"spacecentre.co.uk","gain meaning"," from","  print"
"spacecentre.co.uk","clear gains"," from","  baseline  to"
"spacecentre.co.uk","as well as"," from","  baseline  to"
"spacecentre.co.uk","differences"," from","  pre-test  to"
"spacecentre.co.uk",": Development"," from","  pre-readers"
"westyorkshire.police.uk","Hywel was back"," from","  illness"
"wightchurches.co.uk","what you want,"," from","  campanology"
"cs.ucl.ac.uk","on subjects"," from","  poker  to Mr"
"accountability.org.uk","which results"," from","  mating  within"
"accountability.org.uk","is passed"," from","  parent  to"
"orbitsw.co.uk","of over-work"," from","  air-traffic"
"age-exchange.org.uk","and fluff"," from","  upholstery  ,"
"andypreece.co.uk","relics"," from","  nature  ''s"
"andypreece.co.uk","Scanned pages"," from","  herbals"
"andypreece.co.uk",", choosing"," from","  nominations"
"bose.co.uk","than those"," from",""
"bose.co.uk","than those"," from",""
"bose.co.uk","inversion"," from","  waveforms  ."
"natcorp.ox.ac.uk","those"," from","  boundaries  ,"
"natcorp.ox.ac.uk","into those"," from","  targets  and"
"visitsouthwest.co.uk","sails around"," from","  place  to place"
"ethox.org.uk","and extracts"," from","  speeches  and"
"camden.gov.uk",", for example"," from","  medicine  and"
"camden.gov.uk","experience"," from","  ''Taster  ''"
"urbanforum.org.uk","this 3401"," from","  pcnextday  and"
"urbanforum.org.uk","a reply"," from","  staff  here who"
"e-f-t.co.uk","Windows code"," from","  prBOOM  and"
"davesrcflight.mysite.wanadoo-members.co.uk","it is secure"," from","  access  by"
"carnegiegreenaway.org.uk","of scenery"," from","  dungeon  to"
"historyhouse.co.uk","protection"," from","  water  , sand or"
"blog.ctrlbreak.co.uk","some distance"," from","  home  , and, to"
"blog.ctrlbreak.co.uk","chain, and run"," from","  home  like a"
"blog.ctrlbreak.co.uk",", and kept away"," from","  drink  . '' ''Ah! ''"
"poetrymagic.co.uk","findings"," from","  studies  that"
"poetrymagic.co.uk","needed"," from","  authors  of"
"nimh.org.uk","emerging"," from","  years  of"
"darknessandlight.co.uk","extravaganza"," from","  cartoon  metal"
"strath.ac.uk","coming"," from","  afar  , please"
"abarnett.demon.co.uk","this may range"," from","  camera  , sound"
"books.kelkoo.co.uk","opposition"," from","  scientists"
"books.kelkoo.co.uk","crossing"," from","  pig  to human"
"books.kelkoo.co.uk","arising"," from",""
"books.kelkoo.co.uk","arising"," from",""
"books.kelkoo.co.uk","have evolved"," from",""
"books.kelkoo.co.uk","have arisen"," from",""
"books.kelkoo.co.uk",", as does one"," from","  baboon  ,"
"books.kelkoo.co.uk","the virus"," from","  lysis  . CD46 is"
"books.kelkoo.co.uk","transmitted"," from",""
"books.kelkoo.co.uk","acquired"," from","  fruit  bats."
"books.kelkoo.co.uk","arising"," from",""
"books.kelkoo.co.uk","could benefit"," from","  heart"
"books.kelkoo.co.uk","(PAM)"," from","  pig  blood,"
"books.kelkoo.co.uk","tested were"," from","  patients"
"books.kelkoo.co.uk","species"," from",""
"books.kelkoo.co.uk","at risk"," from",""
"books.kelkoo.co.uk","donations"," from",""
"books.kelkoo.co.uk","that viruses"," from","  animals  used"
"books.kelkoo.co.uk","some animals"," from",""
"books.kelkoo.co.uk","arising"," from","  xenografts  It"
"books.kelkoo.co.uk","can be derived"," from","  stem  cells"
"books.kelkoo.co.uk",". Transplants"," from","  pigs  . Science"
"userfocus.co.uk","voices,"," from","  research  or"
"userfocus.co.uk","research or"," from","  policy  , it"
"userfocus.co.uk","was evidence"," from","  teachers  and"
"userfocus.co.uk",". The evidence"," from","  research  or"
"userfocus.co.uk","research or"," from","  policy  was not"
"userfocus.co.uk","information"," from","  teachers  ''"
"userfocus.co.uk","some refuge"," from","  media"
"userfocus.co.uk","than retreat"," from","  pedagogies"
"userfocus.co.uk","roles ''..."," from","  servants  of"
"userfocus.co.uk","want and need"," from","  research  and"
"userfocus.co.uk","formed here"," from","  practice  ,"
"userfocus.co.uk","learned"," from",""
"bures-online.co.uk","the Cinema"," from","  directors  , to"
"bures-online.co.uk","story of a film"," from","  script  to"
"bures-online.co.uk","? ranging"," from","  portraits  of"
"bures-online.co.uk","Dances"," from","  books  6-16. ("
"spri.cam.ac.uk","advisors"," from","  Connexions  ."
"emotionalprocessing.org.uk","be, to quote"," from","  Scrooge  , """
"emotionalprocessing.org.uk","has received"," from","  evangelicals"
"emotionalprocessing.org.uk","pressure"," from",""
"haileybury.herts.sch.uk","info that i got"," from","  ''action  for m."
"thebigsheep.co.uk","are exempt"," from","  VAT  for"
"halletts.co.uk","the gabion "" --"," from","  gabbione  , it"
"halletts.co.uk","also excised"," from","  tonight  ''s"
"olympics.org.uk","imply a link"," from","  b  to a. Here ''s"
"olympics.org.uk","a network"," from",""
"olympics.org.uk","> missing"," from","  input  line \ "" """
"olympics.org.uk","> missing"," from","  input  line \ "" """
"olympics.org.uk","> missing"," from","  input  line \ "" """
"theatremuseum.org.uk","be downloaded"," from","  micros  . oucs."
"smart.co.uk","is far"," from","  original  ,"
"smart.co.uk","who has to run"," from","  left  and right"
"dcs.warwick.ac.uk","truffles made"," from","  bath  oils"
"oudancesport.co.uk","only shown"," from","  waist  high"
"bottledbeer.co.uk","CO 2 estimated"," from","  height  and"
"bottledbeer.co.uk","CO 2 estimated"," from","  weight  only"
"satra.co.uk",", mostly"," from","  research  labs"
"cps.gov.uk","just racing"," from","  race  to race"
"eastman.ucl.ac.uk","perfect show"," from","  FireStorm  ."
"blackheathrugby.co.uk","suffering"," from","  depression"
"raf.mod.uk","they are free"," from","  error  , nor"
"compsoc.dur.ac.uk","Learning Zone"," from","  day  one, as"
"compsoc.dur.ac.uk","will benefit"," from","  â  ? ?added"
"rms-gb.org.uk",". The change"," from","  saloon  to MPV"
"cottontimes.co.uk","''s affairs,"," from","  meeting"
"britishdruidorder.co.uk","collected"," from","  adults  in a"
"britishdruidorder.co.uk","up two boys"," from","  school  at"
"cph.rcm.ac.uk",", with advice"," from","  expert"
"fire.org.uk","use to swing"," from","  level  to level"
"fire.org.uk","swings"," from","  monkey  bars,"
"fire.org.uk","and does vary"," from","  level  to level"
"re-skill.org.uk","of evidence"," from","  attempts  to"
"newstartmag.co.uk","calling moths"," from","  miles  , from"
"newstartmag.co.uk","from miles,"," from","  leagues  , from"
"newstartmag.co.uk","from leagues,"," from","  hundreds  of"
"ncca.bournemouth.ac.uk","legitimate)"," from",""
"wwwolf.co.uk",") dropped in"," from","  time  to time."
"srtl.co.uk","Learning Zone"," from","  day  one, as"
"srtl.co.uk","will benefit"," from","  â  ? ?added"
"users.netmatters.co.uk","may"," from","  time  to time"
"users.netmatters.co.uk","Website may"," from","  time  to time"
"users.netmatters.co.uk","Website may"," from","  time  to time"
"users.netmatters.co.uk","this Website"," from","  time  to time"
"directline-citybreaks.co.uk","Lehmann goes"," from","  hell  to heaven"
"sainsburysbank.co.uk",". A delicacy"," from","  time"
"woodbridgeproductions.co.uk","outcomes"," from","  projects  , but"
"garethjmsaunders.co.uk","a delegation"," from","  ippr"
"ex-canaries.co.uk","everything"," from","  chip  pans to"
"hitched.co.uk","out to be"," from","  outside  of"
"chinese-embassy.org.uk","is actually"," from","  wells  that"
"chinese-embassy.org.uk","getting money"," from","  anybody  ,"
"historyhouse.co.uk","be exempt"," from","  punishment  ,"
"scottishweddingdirectory.co.uk","withdrawal"," from","  government"
"broxtowe.gov.uk",""" to be had"," from","  freedom  of"
"ayrshirehistory.org.uk","available"," from","  reception  ."
"helo.co.uk","suffer"," from",""
"hawog.org.uk","6d. I received"," from","  ladies  and"
"hawog.org.uk",", and some of it"," from","  families  who"
"hawog.org.uk",". I received"," from","  ladies  and"
"readers.penguin.co.uk","statements"," from","  everyone  else"
"staffs.ac.uk",", he skipped"," from","  continent  to"
"staffs.ac.uk","a man not made"," from","  dust  ; one who"
"hibberts.co.uk","of them work"," from","  home  and, thus"
"btp.police.uk","of media,"," from","  sculpture  to"
"request.org.uk","was thinking."," From","  tail  wagging"
"jmr.nmm.ac.uk","was free"," from","  obligation"
"jmr.nmm.ac.uk","thus formed"," from","  posture  ,"
"jmr.nmm.ac.uk","and freedom"," from","  corruption"
"jmr.nmm.ac.uk","that freed men"," from","  indigence  and"
"mythofcreation.co.uk","coming"," from","  areas  ranging"
"mythofcreation.co.uk","areas ranging"," from","  biology  and"
"newtonproject.ic.ac.uk","to move"," from","  niche  to"
"newtonproject.ic.ac.uk","reconfigured"," from","  components  ."
"newtonproject.ic.ac.uk","a progression"," from","  database  ,"
"newtonproject.ic.ac.uk","requirement"," from","  curation  of"
"newtonproject.ic.ac.uk","redundancy"," from","  library"
"newtonproject.ic.ac.uk","may benefit"," from",""
"newtonproject.ic.ac.uk","being built"," from",""
"tuc.org.uk","of ''news '' is"," from","  shows  like"
"tuc.org.uk","death"," from","  anthrax  is"
"tuc.org.uk","the video"," from","  satellite"
"tuc.org.uk","was removed"," from","  government"
"tuc.org.uk","everything"," from","  nail  clippers"
"tuc.org.uk",", prohibited"," from","  standing  ,"
"jesus.org.uk","of chemicals"," from","  food"
"show.me.uk","deliver me"," from","  sin  . Jan 2006:"
"scottishsweets.co.uk","builds. get it"," from","  www  . winamp."
"mkheritage.co.uk","scientists"," from","  prisoner  of"
"optimumimpact.co.uk","email"," from","  lulu  . com, as"
"cph.rcm.ac.uk","of pressure"," from","  women  ''s"
"cph.rcm.ac.uk","websites"," from","  work"
"cph.rcm.ac.uk","of employees"," from","  snow  plough"
"whistler.arts.gla.ac.uk","of men"," from","  smoking"
"rmtours.co.uk","the shift"," from","  ''Middle  '' to"
"rmtours.co.uk",", etc.) rise"," from","  time  to time"
"rmtours.co.uk","came down"," from","  heaven  to"
"cmtr.co.uk","no support"," from","  anyone  . They"
"nyb.org.uk","machine,"," from","  postage"
"nyb.org.uk",". Some come"," from","  bulletin"
"frenchliving.co.uk","","from","  unions  around"
"conceptcar.co.uk","rhetoric"," from","  hiding  , even >"
"conceptcar.co.uk","the invasion"," from","  years  in US"
"americansc.org.uk","gathered"," from","  members  of the"
"nasuwt.org.uk","place away"," from","  trees  . At"
"itma.org.uk","), Cowling (","from","  c.1838  ),"
"cls.ioe.ac.uk","for two weeks"," from","  today  (2/ 04)"
"rosetti.co.uk","'' Handbook"," from","  TX  : 1st April"
"bayfordkarting.co.uk","this manna"," from","  heaven"
"bayfordkarting.co.uk","East country"," from","  bankruptcy  ."
"bayfordkarting.co.uk","far removed"," from","  reality  . (The"
"bayfordkarting.co.uk","performances"," from","  guest  turns in"
"portsmouthfairtrade.org.uk","data (often"," from","  sensors  ). A"
"wisa.org.uk","like to hear"," from","  anyone  who has"
"theatreguidelondon.co.uk","to be away"," from","  home  for more"
"strategies.co.uk","which results"," from","  population"
"penninewaterways.co.uk","(apart"," from","  fighters  and"
"vare.org.uk","set to benefit"," from","  research"
"vare.org.uk","contracts"," from","  industry  and"
"vare.org.uk","also benefit"," from","  research"
"bowness.demon.co.uk","- 21.04.2006"," From","  today  watch"
"sonypictures.co.uk",". Case studies"," from","  project  sites"
"toast-uk.org.uk","are refugees"," from","  fish  farms."
"toast-uk.org.uk","came also"," from","  aquaculture"
"toast-uk.org.uk","being moved"," from","  sources  other"
"toast-uk.org.uk","of trout"," from","  accidental"
"bettybookmark.co.uk","information"," from","  users  for any"
"acoustics.salford.ac.uk","Prescott,"," from","  workhorses"
"goddessalive.co.uk","slides added"," from","  meeting  held"
"goddessalive.co.uk","slides added"," from","  meeting  held"
"goddessalive.co.uk","","from","  pathfinder"
"samoa.co.uk","Buy online"," from","  duck  , huge"
"retirement-matters.co.uk","mostly"," from","  adult  to child"
"retirement-matters.co.uk","considerably"," from","  community  to"
"hep.phys.soton.ac.uk","can only move"," from","  shelter  to"
"insideoutpr.co.uk","noise levels"," from","  convention"
"esds.ac.uk","clear both"," from","  reactions"
"petrowilliamus.co.uk","patterns"," from","  reading"
"petrowilliamus.co.uk","ideas or"," from","  similes  Year 6"
"oxford-chiltern-bus-page.co.uk","funding"," from","  disaster"
"oxford-chiltern-bus-page.co.uk","communities"," from","  floods  ,"
"birminghamfoe.org.uk","those"," from","  backgrounds"
"btp.police.uk",", learning"," from","  blues  , gospel"
"btp.police.uk","relieved"," from","  guard  duty and"
"jedisparadise.co.uk","be harvested"," from","  library"
"exhilaration.co.uk","book flights"," from","  friday  to"
"blog.natbat.co.uk","bad news comes"," from","  vaccine"
"kneeling.co.uk","that emerge"," from","  research  ."
"fly.co.uk","chronic pain"," from","  diseases  such"
"orthodoxengland.btinternet.co.uk","and discharge"," from","  owners  to"
"orthodoxengland.btinternet.co.uk","they are free"," from","  error  , nor"
"stif.co.uk","","from",""
"stif.co.uk",", lists taken"," from","  parish"
"spa.ex.ac.uk",". Made"," from","  machine"
"spa.ex.ac.uk","recovery"," from","  illness  or"
"spa.ex.ac.uk","recovery"," from","  illness  or"
"ragsdale.co.uk","to grab text"," from","  webpages  ."
"ragsdale.co.uk",", possibly"," from","  home  if"
"tps.org.uk","such respect"," from","  inn-servants"
"tps.org.uk","roles, often"," from","  week  to week."
"jdhooker.org.uk","distraction"," from","  gameplay  ,"
"congressfordemocracy.org.uk","considerably"," from","  resource  to"
"dickgaughan.co.uk","disturbed"," from","  rest  , but the"
"spitfiresociety.demon.co.uk","one of its sons"," from","  today  with the"
"stewardsschool.co.uk","groups and"," from","  scientists"
"stewardsschool.co.uk","interest"," from","  biotech"
"stewardsschool.co.uk","now suffering"," from","  arthritis  ,"
"stewardsschool.co.uk","be isolated"," from","  patients"
"stewardsschool.co.uk","were obtained"," from","  bone  marrow. A"
"stewardsschool.co.uk","'' was isolated"," from","  adult  mouse"
"stewardsschool.co.uk","available"," from","  bone  marrow"
"stewardsschool.co.uk","marrow and"," from","  skin  and other"
"stewardsschool.co.uk","tissue types,"," from","  gut  to skin to"
"stewardsschool.co.uk","stem cells"," from","  bone  marrow"
"stewardsschool.co.uk",". All were free"," from","  lupus  since;"
"stewardsschool.co.uk","suffering"," from","  carcinoma  of"
"charles-darwin.classic-literature.co.uk","Coins Apart"," from","  coffee  and"
"hilton.org.uk","with barriers"," from","  others  surely"
"hilton.org.uk","were excluded"," from",""
"hilton.org.uk","liberated"," from","  colonialism  ,"
"talyllyn.co.uk",", away"," from","  drug  use and"
"raworths.co.uk","Moran"," from","  liability  to"
"raworths.co.uk","they are free"," from","  error  , nor"
"acidsmile.co.uk","to CENSOR me"," from","  scuba-L  with"
"lums.lancs.ac.uk","anonymous ftp"," from","  milne  . isc. ac"
"cclpublications.co.uk","Case £24.95"," from","  www  . porporta"
"topforge.co.uk","not far"," from","  admiration  in"
"periodproperty.co.uk","noise levels"," from","  convention"
"periodproperty.co.uk","an autograph"," from","  guests  that"
"bplans.co.uk","junk e-mail"," from","  marketers  and"
"healthscience.swansea.ac.uk","available"," from","  http  ://www."
"www7.open.ac.uk",". Support"," from","  alumni  , staff"
"jesushouse.org.uk","comback ''s"," from","  retirement"
"association-of-noise-consultants.co.uk","cost savings"," from","  reductions  in"
"association-of-noise-consultants.co.uk","savings"," from","  reductions  in"
"association-of-noise-consultants.co.uk","2 July 2006,"," from","  http  ://www."
"voicetraining.co.uk","of reports"," from","  pilots  of"
"lff.org.uk","? Exemption"," from","  registration"
"lff.org.uk","^ Exemption"," from","  registration"
"lff.org.uk","for exemption"," from","  registration"
"lff.org.uk",". Exemption"," from","  registration"
"phoenixs.co.uk","and gay person"," from","  history"
"parentzonescotland.gov.uk","losses"," from","  deer  damage"
"parentzonescotland.gov.uk","for relief"," from","  damage  and"
"asab.icapb.ed.ac.uk","pictures"," from","  aviation"
"pixeltechnology.co.uk","Freemasonry"," from","  wives  , family"
"pixeltechnology.co.uk","ritual"," from","  memory  , which"
"classicrally.org.uk","display range"," from","  examples  of"
"gothicimage.co.uk","applications"," from","  support"
"drugscope.org.uk","''s work"," from","  radio  sketch"
"word-on-the-web.co.uk",". We graduate"," from","  LEAD  as"
"cee.hw.ac.uk","information"," from","  family"
"philobiblon.co.uk","about them"," from","  time  to time -"
"philobiblon.co.uk","streams"," from","  events  other"
"philobiblon.co.uk","to disappear"," from","  view  and be"
"biblicalstudies.org.uk","Sounds > Sou n d"," from","  file  Then from"
"southtynesidetoday.co.uk","details taken"," from","  nature  into"
"southtynesidetoday.co.uk","Forms mainly"," from","  V  & A Museum."
"southtynesidetoday.co.uk","Largely taken"," from","  book"
"psnc.org.uk","incomes"," from","  employment  ,"
"psnc.org.uk","responses"," from","  households"
"psnc.org.uk","responses"," from","  groups  and"
"microscopy-uk.org.uk","of pressure"," from","  customers  or"
"microscopy-uk.org.uk","pressure"," from","  competitors"
"bhx.co.uk","","from","  insurers  or"
"theobamber.co.uk","Received:"," from","  web52112  ."
"dreamconstructionjobs.co.uk","they are free"," from","  error  , nor"
"diabetesdialogue.org.uk","was released"," from","  prison  he had"
"twgraduates.co.uk","a flight"," from","  vancouver  to"
"geologywales.co.uk","institutions"," from","  info@jisc  . ac"
"cambs.police.uk","received"," from","  eleven  ECDL"
"tonearm.co.uk","arising"," from","  research  with"
"tonearm.co.uk","arising"," from","  research  with"
"orbitsw.co.uk","suffered"," from","  divisions"
"orbitsw.co.uk",", but retired"," from","  politics"
"geog.ox.ac.uk","have suffered"," from",""
"geog.ox.ac.uk","streets safe"," from","  traffic"
"britishblogs.co.uk","are protected"," from","  fraud  . What ''s"
"taots.co.uk","delegates"," from","  universities"
"hcd2.bupa.co.uk","contribution"," from","  comrade  WT."
"hcd2.bupa.co.uk","itself"," from","  accusations"
"tvradiobits.co.uk","production"," from","  governments  ,"
"payaway.co.uk","price range"," from","  £60,000  to"
"payaway.co.uk","with pools are"," from","  £172,000  . The"
"unemployeddoctor.co.uk","and Zambia,"," from","  capital  city"
"esbhhealth.nhs.uk","consultation"," from","  experts  in the"
"surreypa.gov.uk","of such groups"," from",""
"gingerbeer.co.uk","Buy online"," from","  duck  , huge"
"projex.demon.co.uk","airports"," from","  government"
"bytestart.co.uk","resulting"," from","  corrosion  ."
"rapidsar.org.uk","","from","  time  to time."
"outdoormegastore.co.uk","come"," from","  employees  who"
"dartmouth.org.uk","you can do it"," from","  information"
"brass.cf.ac.uk","budget"," from","  use  for other"
"blog.ctrlbreak.co.uk","be obtained"," from","  Friends  of the"
"blog.ctrlbreak.co.uk","be obtained"," from","  Friends  of the"
"cedr.co.uk","of chemicals"," from","  food"
"cedr.co.uk","film, made"," from","  poly(vinyl"
"cedr.co.uk","film were made"," from",""
"rodge.force9.co.uk","and feedback"," from","  donors  and"
"readers.penguin.co.uk","departed"," from","  life  too early"
"uncaged.co.uk","as the passage"," from","  paragraph  443"
"exeter-airport.co.uk","seats (3rd row"," from","  front  just to"
"exeter-airport.co.uk","under her eyes"," from","  tiredness"
"sovereignty.org.uk","or indirectly"," from","  inaccuracies"
"britishdruidorder.co.uk","headquarters"," from","  enemy  attacks"
"ashmol.ox.ac.uk","- click here"," from","  thousands  of"
"integral.co.uk","up the Bean"," from","  nursery  on"
"gleeson0.demon.co.uk","with extracts"," from","  texts"
"gleeson0.demon.co.uk",": chapter"," from","  book  by Jane"
"hlst.heacademy.ac.uk","""? will change"," from","  time  to time,"
"hlst.heacademy.ac.uk","applications"," from","  people"
"tpr.co.uk","plot - apart"," from","  harvesting  a"
"geologywales.co.uk","provide news"," from","  countries  all"
"geologywales.co.uk","information"," from","  sources  such"
"geologywales.co.uk","the state"," from","  sources  such"
"geologywales.co.uk","human rights"," from","  countries  all"
"bitsnstuff.co.uk","activists"," from","  Voices  UK"
"andypreece.co.uk","on the way home"," from","  work  this"
"andypreece.co.uk","you can''t move"," from","  shuffle  to"
"andypreece.co.uk","on the way home"," from","  work  this"
"andypreece.co.uk","load anything"," from","  iTunes  onto it"
"mandrake.demon.co.uk","disappeared"," from","  view  , turning"
"rcsed.ac.uk","of shows"," from","  readers  who"
"ml-consult.co.uk","assistance"," from","  staff  ."
"magic-spells.co.uk","development"," from","  infancy  ,"
"wwwolf.co.uk","learning,"," from","  government  ,"
"wwwolf.co.uk","and enter data"," from",""
"thompsons.law.co.uk","the feedback"," from","  participants"
"thompsons.law.co.uk","infeed"," from","  students  ("
"cicerone.co.uk","of topics"," from","  engineering"
"talyllyn.co.uk","excusing them"," from","  work  ,"
"talyllyn.co.uk","history (","from","  royal  . gov. uk"
"talyllyn.co.uk","commutes"," from","  home  to East"
"cyberselect.co.uk","everything"," from","  beds  to toys."
"cheltenham.gov.uk","mammal cloned"," from","  adult  tissue."
"cheltenham.gov.uk","colleagues"," from","  universities"
"cheltenham.gov.uk","meet to learn"," from","  teacher"
"cheltenham.gov.uk","be obtained"," from","  Personnel  on"
"strategies.co.uk",", possibly"," from","  home  if"
"strategies.co.uk","image"," from","  database"
"ch.cam.ac.uk","them"," from","  document"
"ch.cam.ac.uk","be exempt"," from","  copyright"
"ch.cam.ac.uk","for exemption"," from","  copyright"
"scips.worc.ac.uk","workers"," from","  Zionism  ,"
"gostak.demon.co.uk","immunity"," from","  accident  . The"
"boschautoparts.co.uk",". more I awake"," from","  dreams  about"
"boschautoparts.co.uk","made"," from","  grass  : how"
"boschautoparts.co.uk","own society"," from","  scratch  . ..."
"arc-property.co.uk","his wife dying"," from","  cancer  , he had"
"nicap.dabsol.co.uk","attention"," from","  people"
"rapidsar.org.uk",". Apart"," from","  comment  lines"
"darknessandlight.co.uk","","from","  conservation"
"scri.sari.ac.uk","of recovery"," from","  peak  (T1/ 2)."
"scri.sari.ac.uk","and free"," from","  artefact  ,"
"scri.sari.ac.uk","2 July 2006,"," from","  http  ://www."
"musicbyarrangement.co.uk","four phrases,"," from","  ''that  never ''"
"maths.lancs.ac.uk","range"," from","  $209  to $851,"
"ibsecretarialservices.co.uk","with ''the path"," from","  studies  to"
"ibsecretarialservices.co.uk","October 2003,"," From","  research"
"buildingdesign.co.uk","produces maps"," from","  http  requests"
"uec.ac.uk","it will go"," from","  strength  to"
"localhistory.scit.wlv.ac.uk","","from","  academia  and"
"localhistory.scit.wlv.ac.uk","and recovery"," from","  attacks"
"localhistory.scit.wlv.ac.uk","experts"," from","  outside  of the"
"localhistory.scit.wlv.ac.uk","be selected"," from","  industry"
"btp.police.uk","to swop"," from","  summer  to"
"pdsg.org.uk","complaints"," from","  users  and"
"greenbuildingstore.co.uk","upgrading"," from","  v1.0  to v1.1 -"
"borinvanloon.co.uk","descended"," from","  father  to son"
"elsham.pwp.blueyonder.co.uk",", and shifts"," from","  commodity"
"kore.co.uk","been banned"," from","  use  in"
"kore.co.uk","they are free"," from","  nitrofurans  ,"
"kore.co.uk","should come"," from","  protein  . If"
"direct.gov.uk","are stripped"," from","  head  unless it"
"direct.gov.uk","head"," from","  tail  )."
"direct.gov.uk","(gotten"," from","  os  . listdir("
"literacytrust.org.uk","host visits"," from","  schools  and"
"literacytrust.org.uk",", especially"," from","  schools  and"
"literacytrust.org.uk","feedback"," from","  events  our"
"fylde.demon.co.uk","Tron is awoken"," from","  stasis  after a"
"malehealth.co.uk",", possibly"," from","  home  if"
"malehealth.co.uk","clarity"," from","  complexity  ."
"northill.demon.co.uk","livelihoods"," from","  scratch  . Our"
"northill.demon.co.uk","complaints"," from","  businesses"
"northill.demon.co.uk","abroad varies"," from","  region  to"
"hulltrains.co.uk","","from","  Members  of the"
"magonia.demon.co.uk","he resigned"," from","  office  ."
"teamsolutions.co.uk","like left meat"," from","  freezer  on"
"aspirations.english.cam.ac.uk","of extra water"," from","  rivers  ,"
"knowledge.co.uk","piece missing"," from","  top  of binding"
"knowledge.co.uk","discolored"," from","  age  . The first"
"skiptonweb.co.uk","and > 684 bp)"," from","  plasmid  and"
"betar.co.uk","''s character"," from","  night  shift"
"betar.co.uk",". aside"," from","  millions  of"
"amlwchdata.co.uk","messy) Pipe"," from","  pump  to Front"
"amlwchdata.co.uk","bearing) Pipe"," from","  pump  to top of"
"amlwchdata.co.uk","oil tank Pipe"," from","  pump  to bottom"
"darley.co.uk","are at risk"," from","  disease  . And"
"wakefield.gov.uk","for US flights"," from","  LGW  are"
"businessbureau-uk.co.uk","hospital, far"," from","  family  and"
"richardtaylor.org.uk",", all taken"," from","  today  ''s"
"richardtaylor.org.uk","future ties"," from","  hell  ? Kant"
"richardtaylor.org.uk","Kong changing"," from","  fear  and"
"worldtelemedia.co.uk","(50 kg) made"," from","  fibre"
"orcadian.co.uk","some loans"," from","  donors  had"
"mbdevelopments.co.uk","help himself"," from","  time  to time as"
"jedisparadise.co.uk","may range"," from","  amusement  to"
"jedisparadise.co.uk","","from","  groups  and"
"ukia.co.uk","10 years '' as"," from","  signature  ."
"ukia.co.uk","they are free"," from","  error  , nor"
"scotcourts.gov.uk","person worked"," from","  dawn  to dusk"
"scotcourts.gov.uk","that comes"," from",""
"sofeminine.co.uk","is derived"," from","  libc  5 ld. so"
"shocknet.org.uk","to suffer"," from","  muscle  aches,"
"shocknet.org.uk","to all of us"," from","  time  to time,"
"cronab.demon.co.uk","carried on"," from","  age  to age in"
"cronab.demon.co.uk","himself"," from","  home  on the"
"vet.ed.ac.uk","investigated"," from","  time  to time by"
"vet.ed.ac.uk","of food by PCP"," from","  food  contact"
"vet.ed.ac.uk",", the recovery"," from","  food  was"
"jokefile.co.uk","expenditure"," from","  £1,884  in"
"jokefile.co.uk",", and sang well"," from","  notes  . The"
"jokefile.co.uk","as to keep them"," from",""
"tqc.co.uk","technique"," from","  Brief  Therapy"
"tqc.co.uk","''learning"," from","  experience  '' -"
"chichesterjazzclub.co.uk","wasp emerges"," from","  hibernation"
"sovereignty.org.uk","monks"," from","  Gaul  and when"
"sovereignty.org.uk","well as loans"," from","  museums  and"
"selsdonbaptist.org.uk","to calls"," from","  people  who"
"selsdonbaptist.org.uk","vehicles"," from","  prosecution"
"selsdonbaptist.org.uk","commendation"," from","  ambulance"
"richard.clark32.btinternet.co.uk","now! FX: Cries"," from","  audience  for"
"richard.clark32.btinternet.co.uk","we had to start"," from","  scratch  . It"
"armyoneverest.mod.uk","car ''s details"," from","  paint  colour"
"btp.police.uk","on return"," from","  maternity"
"btp.police.uk","on return"," from","  maternity"
"2step-garage.co.uk","the plants"," from","  cutworms  ."
"orgs.man.ac.uk","company"," from","  animals"
"orgs.man.ac.uk",", been derived"," from","  studies  in"
"orgs.man.ac.uk","organisms."," From","  yeasts  came"
"orgs.man.ac.uk","in humans;"," from","  worms  came"
"thebigsheep.co.uk","by colleagues"," from","  professions"
"legendarydartmoor.co.uk","and those"," from","  minority"
"legendarydartmoor.co.uk","progression"," from","  hands  on"
"legendarydartmoor.co.uk","and those"," from","  minority"
"legendarydartmoor.co.uk","advice"," from","  lawyers  and"
"hewett.norfolk.sch.uk",", whether"," from","  land  or from"
"hewett.norfolk.sch.uk","from land or"," from","  plant  and"
"gleeson0.demon.co.uk","sound quality"," from","  input  to"
"gleeson0.demon.co.uk","for 12 months"," from","  date  of issue."
"familiesonline.co.uk","and blacker"," from","  day  to day, as"
"familiesonline.co.uk","should get on"," from","  day  to day. You"
"fly.co.uk","far removed"," from","  controversy"
"fly.co.uk","to ease back"," from","  injury  , and"
"fly.co.uk","'' attentions"," from","  pursuit  of an"
"flyinghaggis.co.uk","in the annexes"," from","  damage  ,"
"mybrightonandhove.org.uk","salvations"," from","  hanging  that"
"gerbils.pwp.blueyonder.co.uk","resulted"," from","  productivity"
"gerbils.pwp.blueyonder.co.uk",", including"," from","  home  , staff"
"gerbils.pwp.blueyonder.co.uk","are though,"," from","  experience  , a"
"gerbils.pwp.blueyonder.co.uk",". 6. Learn"," from","  others  : An"
"gerbils.pwp.blueyonder.co.uk","is available"," from","  vendors  ,"
"midleykent.fsnet.co.uk","of charging"," from","  alaptop  or PC"
"victoriasbeauty.co.uk","different"," from","  mine  . Stobie"
"soundbeam.co.uk","was designed"," from","  day  1 to be"
"soundbeam.co.uk","","from","  IL  to a general"
"ocv.org.uk","involved,"," from","  decision"
"marine.gov.uk","spanned here?"," from","  liturgies  and"
"gerald-massey.org.uk","in moving"," from","  loading  and"
"gerald-massey.org.uk","of shifting"," from","  anchorage  to"
"gerald-massey.org.uk","they are free"," from","  error  , nor"
"spaced-out.org.uk","after request"," from","  coalfield"
"spaced-out.org.uk","requests"," from","  reporters  are"
"spaced-out.org.uk","Passage cut"," from","  minutes"
"spaced-out.org.uk","get results"," from","  questions"
"englishmonarchs.co.uk","we, or an angel"," from","  heaven  ,"
"hep.phys.soton.ac.uk","get support"," from","  co-workers  or"
"hep.phys.soton.ac.uk","teleworking"," from","  home  in 1993,"
"hep.phys.soton.ac.uk","graduating"," from","  university  ."
"hep.phys.soton.ac.uk",". Working"," from","  home  was"
"irdp.co.uk","10 complaints"," from","  exporters  who"
"underoneroofexchange.co.uk","","from","  police  ,"
"newburytheatre.co.uk","East and buy"," from","  workshops"
"molar-iom.co.uk","direct costs"," from","  employment"
"peta.org.uk","","from","  business  , the"
"peta.org.uk","and working"," from","  home"
"peta.org.uk","has increased"," from","  £11.6bn  in the"
"blogigo.co.uk","arc running"," from","  north  to south"
"blogigo.co.uk",". Taken"," from","  north  to south"
"insideoutpr.co.uk",". Apart"," from","  call  centres"
"insideoutpr.co.uk","reduced"," from","  £6,500  to"
"insideoutpr.co.uk","result"," from","  efficiency"
"insideoutpr.co.uk","productivity"," from","  staff  being"
"insideoutpr.co.uk","to messages"," from","  colleagues  or"
"go-newfocus.co.uk","Nile Valley ''"," From","  sleeve  notes."
"lancashire.gov.uk","35 %) Used & New"," from","  £24.90  Also"
"naturalpetcare.co.uk","a farm passes"," from","  father  to son."
"scri.sari.ac.uk","extract core"," from","  cover  and to"
"scri.sari.ac.uk","fid lengths"," from","  extraction"
"scri.sari.ac.uk","size)"," from","  end  of line and"
"scri.sari.ac.uk","12-52)."," From","  R  , form a loop"
"scri.sari.ac.uk","fid lengths"," from","  point  X. THIS"
"scri.sari.ac.uk","of the cover"," from","  point  X to the"
"scri.sari.ac.uk","strands away"," from","  line  when"
"scri.sari.ac.uk","remove tape"," from","  end  of cover."
"scri.sari.ac.uk","is removed"," from","  cover  end."
"scri.sari.ac.uk","the cover."," From","  point  X on"
"scri.sari.ac.uk","into cover"," from","  point  T to"
"scri.sari.ac.uk","through"," from","  point  T to"
"scri.sari.ac.uk","to reach"," from","  point  T to"
"scri.sari.ac.uk","completely,"," from","  crossover  at"
"scri.sari.ac.uk","fid length"," from","  start  of"
"scri.sari.ac.uk","completely"," from","  crossover"
"scri.sari.ac.uk","core section"," from","  crossover"
"scri.sari.ac.uk",", smooth cover"," from","  point  T to"
"scri.sari.ac.uk","excess cover"," from","  point  R to"
"scri.sari.ac.uk","fid lengths)"," from","  end  of each"
"scri.sari.ac.uk","12-66)."," From","  point  R"
"scri.sari.ac.uk","fid lengths"," from","  point  X. If you"
"scri.sari.ac.uk","out of cover"," from","  point  X to the"
"scri.sari.ac.uk",". Remove tape"," from","  cover  end."
"scri.sari.ac.uk","into cover"," from","  point  T to"
"scri.sari.ac.uk","braid through"," from","  point  T to"
"scri.sari.ac.uk",". Remove tape"," from","  end  of cover."
"scri.sari.ac.uk","braid away"," from","  crossover  in"
"robertbuchanan.mysite.wanadoo-members.co.uk","prohibits,"," from","  adultery  to"
"orcadian.co.uk","2 July 2006,"," from","  http  ://www."
"railwaychildren.org.uk","soundtrack"," from","  composer"
"railwaychildren.org.uk","might expect"," from","  director"
"bures-online.co.uk","the blowback"," from","  siding  with"
"esrcsocietytoday.ac.uk","absence"," from","  comrade  Page"
"shocknet.org.uk","provision and"," from","  backgrounds"
"shocknet.org.uk",": Recovering"," from","  depression  Dr"
"contours.co.uk","a click away"," From","  Jobs  to events"
"contours.co.uk","services,"," from","  library"
"pondprofessorpumps.co.uk","and recover"," from","  stresses  and"
"pondprofessorpumps.co.uk","suffered"," from","  divisions  on"
"ukcorporator.co.uk","resulting"," from","  tying-in  grey"
"evuk.co.uk","one of its sons"," from","  today  with the"
"fireservicecollege.ac.uk","away"," from","  areas  where"
"spacecentre.co.uk","A car departs"," from","  ''A  '' at the same"
"spacecentre.co.uk","is father"," from","  ''A  '' when they"
"wolftrust.org.uk","it ourselves"," from","  scratch  . """
"wolftrust.org.uk","meals at home"," from","  scratch  , with"
"tuc.org.uk","will benefit"," from","  participants"
"elsham.pwp.blueyonder.co.uk",") The network"," from","  hell  (16 Dec"
"alternatetakes.co.uk","experts"," from","  research  ,"
"graysathletic.co.uk","the note"," from","  Mays  at Jack. """
"graysathletic.co.uk","to disappear"," from","  sight  . "" To"
"brake.org.uk","of artillery"," from","  stone  shot to"
"brake.org.uk","to shell and"," from","  rocket  to"
"millcroftvets.co.uk","a conversion"," from","  SDRs  . 4. Based"
"millcroftvets.co.uk","they are free"," from","  error  , nor"
"cph.rcm.ac.uk","","from","  future  to past"
"boostlpg.co.uk","synthase gene"," from","  tea  leaves."
"boostlpg.co.uk","'':"," from",""
"northill.demon.co.uk","read it"," from","  cover  to cover"
"epic.co.uk","Victoria died"," from",""
"petplanet.co.uk","be. We all know"," from","  supermarket"
"integral.co.uk","the glaciers"," from","  space  , using"
"integral.co.uk","of ice"," from","  snowfall  , the"
"dcs.gov.uk","Nov 1965 broke"," from","  Empire  with"
"dcs.gov.uk","Africa"," from","  minority"
"dcs.gov.uk","Mr Ian Smith"," from","  parliament  ."
"dcs.gov.uk","Land seizures"," from","  whites  that"
"dcs.gov.uk","the nation"," from","  scratch  ."
"webtag.org.uk",". I know this"," from","  experience  ."
"phundria.org.uk","analysis data"," from","  fields  that"
"external.swap.ac.uk",","," from","  trade  to"
"external.swap.ac.uk","by states"," from","  geography  and"
"itma.org.uk",". Random quote"," from","  sidebar"
"propheticvision.org.uk","This can range"," from","  protest"
"prm.ox.ac.uk","Room Museum"," from","  today  , is from"
"prm.ox.ac.uk","a room filled"," from","  wall  to wall"
"hinduism.fsnet.co.uk","two. I stop"," from","  weariness  ,"
"hinduism.fsnet.co.uk","this change"," from","  P  to F is the"
"partnerships.org.uk","experts"," from","  research  ,"
"partnerships.org.uk","devices"," from","  keyboards  ,"
"partnerships.org.uk","methods,"," from","  keyboards"
"culturalprofiles.org.uk","I am getting"," from","  hotm  ..."
"scottishweddingdirectory.co.uk","in form"," from","  narrative  to"
"scottishweddingdirectory.co.uk","produced"," from","  images"
"railart.co.uk","can last"," from","  millions  of"
"railart.co.uk","were planted"," from","  seed  in their"
"trin.cam.ac.uk","- click here"," from","  thousands  of"
"sphericalbowl.co.uk","about 24 hours"," from","  birth  and a"
"sphericalbowl.co.uk","satisfaction"," from","  mothers  . It"
"sphericalbowl.co.uk","2 July 2006,"," from","  http  ://www."
"healeyhero.co.uk",", but ''apart"," from","  language  , I am"
"healeyhero.co.uk","particularly"," from","  desire  , but"
"thamesmatch.co.uk","extracts"," from","  exchanges  on"
"aslan.demon.co.uk","will vary"," from","  case  to case,"
"aslan.demon.co.uk","requests"," from","  staff  may"
"aslan.demon.co.uk","may result"," from","  relocation"
"woodbridgerotary.org.uk","to report"," from","  location  to"
"woodbridgerotary.org.uk","or comments"," from","  peers  or"
"learndirect.co.uk","thiomersal"," from","  vaccines  will"
"learndirect.co.uk","contact with"," from","  birth  , which"
"teachingenglish.org.uk","the Guitar"," From","  Hell  . "" But"
"microscopy-uk.org.uk","entirely"," from","  distribution"
"microscopy-uk.org.uk","License"," from","  time  to time."
"ccruni.gov.uk","different"," from","  anything  else"
"nya.org.uk","is going"," from","  strength  to"
"nya.org.uk","''. Feedback"," from","  schools  who"
"yourdrivingyourbusiness.co.uk","n''t let us play"," from","  start  to"
"supertarot.co.uk","clean wood"," from","  forests  or"
"supertarot.co.uk","has been taken"," from","  salt  water."
"moremusic.co.uk","or download it"," from","  http  ://www."
"carcanet.co.uk","I make a profit"," from","  selling  ? Can I"
"archersdirect.co.uk","the scheme"," from","  time  to time."
"archersdirect.co.uk","can vary"," from","  class  to class"
"my-history.co.uk","time at home"," from","  tour  . â? -TJ"
"whisperingspirits.co.uk","downloadable"," from","  www  ."
"rbge.org.uk","be available"," from","  www  . revolts."
"rbge.org.uk","... comes not"," from","  terrorism  but"
"rbge.org.uk","terrorism but"," from","  laws  such as"
"tastyfanzine.org.uk","everything"," from","  nothing  ."
"tastyfanzine.org.uk","flash plug-in"," from","  H  : World"
"constipationadvice.co.uk","generous note"," from","  comrade  JS,"
"dcs.gov.uk","see catering"," from","  home  safely If"
"magonia.demon.co.uk","lights fade"," from","  colour  to"
"punk77.co.uk","readers"," from","  home  and"
"punk77.co.uk","government"," from","  mainland  , Mao"
"wasteawarenesswales.org.uk","noise levels"," from","  party"
"wasteawarenesswales.org.uk","criticism"," from","  hacks  and"
"fdsystems.co.uk","and release"," from",""
"fdsystems.co.uk","I learned"," from","  members  of"
"twoforjoy.btinternet.co.uk","buy a good meal"," from","  vendors  on"
"boredramblings.co.uk","a distraction"," from","  action  on"
"boredramblings.co.uk","be obtained"," from","  Personnel  on"
"boredramblings.co.uk","will vary"," from","  week  to week."
"workingintheuk.gov.uk","cap-IT is made"," from","  chicken  combs"
"fie.org.uk","TR, and £20"," from","  PH  . Thanks to"
"fie.org.uk","in addition"," from","  donations"
"universalenergycentre.co.uk","be more at risk"," from","  salmonella  ,"
"varietyclub.org.uk","run a business"," from","  parliament  -"
"samoa.co.uk","on the run"," from","  justice"
"dulwichpicturegallery.org.uk","pellets made"," from","  waste  wood are"
"dulwichpicturegallery.org.uk","''volatiles ''"," from","  burning  and"
"gwilliams.org.uk","taste of it"," from","  end  to end; or"
"walltowall.co.uk","? About ï¿½300"," from","  advertising"
"inclusive.co.uk","): print """," From","  print_time  "","
"inclusive.co.uk","","From","  print_time"
"lib.ox.ac.uk","coming"," from","  supermarkets"
"lib.ox.ac.uk","UK are as free"," from","  mycotoxins  as"
"lib.ox.ac.uk","coming"," from","  supermarkets"
"lib.ox.ac.uk","to aflatoxins"," from","  commodities"
"lib.ox.ac.uk","to consumers"," from","  aflatoxin"
"football.co.uk","manufactured"," from","  scratch  . The"
"lhc.org.uk","that flow"," from","  registration"
"rothwells.co.uk","(sighteeing"," from","  window  seat)"
"rothwells.co.uk","seat) and"," from","  calgary  , you"
"shaneglobal.co.uk","taking orders"," from","  women  , who run"
"varley9.freeserve.co.uk","''attachment ''"," from","  humans"
"scotcourts.gov.uk","suffer attack"," from","  heat  and soot"
"cjd.ed.ac.uk",", or culled"," from","  surveys  such"
"cjd.ed.ac.uk","benefited"," from","  pluralism  of"
"pgeconomics.co.uk","were barred"," from","  heaven  simply"
"ukspa.org.uk","to stay free"," from","  drugs  ."
"nervous.co.uk","November,"," from","  www  ."
"nervous.co.uk","liner notes"," from","  musicians"
"microscopy-uk.org.uk","and pieces"," from","  rehearsals"
"bagpipeworld.co.uk","free"," from","  government"
"portfolio.mvm.ed.ac.uk","PC I bought"," from","  PC  World. I"
"abtn.co.uk","to query"," from","  readiness"
"abtn.co.uk","to query"," from","  readiness"
"abtn.co.uk","be downloaded"," from","  http  ://www."
"bodystressrelease.co.uk","knowledge"," from","  teachers  , in"
"bodystressrelease.co.uk","are distant"," from","  teachers  ,"
"birminghamfoe.org.uk",". It was too far"," from","  home  . "" The new"
"wightchurches.co.uk","demand rocket"," from","  air  commuters"
"wightchurches.co.uk","it will go"," from","  strength  to"
"addictive247.co.uk","three seconds"," from","  famine  ,"
"addictive247.co.uk","rely on water"," from","  mountains  - in"
"addictive247.co.uk","with support"," from","  UNEP  and"
"addictive247.co.uk","making houses"," from","  palms  and"
"ggr-associates.co.uk",". ... SAVE 10 %"," From","  £15.29  »more"
"ggr-associates.co.uk","... SAVE 10 %"," From","  £20.65  »more"
"ggr-associates.co.uk","... SAVE 10 %"," From","  £17.96  »more"
"ggr-associates.co.uk","... SAVE 10 %"," From","  £21.56  »more"
"ggr-associates.co.uk","... SAVE 10 %"," From","  £17.99  »more"
"bobsticks.co.uk","artists"," from","  obscurity  ."
"ncadc.org.uk",", coming"," from","  soldiers  ''"
"ncadc.org.uk","- and even"," from","  soldiers"
"blog.ctrlbreak.co.uk","- click here"," from","  thousands  of"
"tutorials.beginners.co.uk","of leave"," from","  mothers  to"
"tutorials.beginners.co.uk","transferred"," from","  mothers  to"
"tutorials.beginners.co.uk","leave"," from","  mothers  to"
"tutorials.beginners.co.uk","suffered"," from","  ill-health"
"tutorials.beginners.co.uk","their staff"," from","  ear  splitting"
"tutorials.beginners.co.uk","co-operation"," from","  club  and bar"
"biomed.abdn.ac.uk","quotes"," from","  www  ."
"taylorbells.co.uk",". And how to get"," from","  fat  to fit"
"queens.ox.ac.uk","their child"," from","  moment  he was"
"queens.ox.ac.uk","of support"," from","  families"
"queens.ox.ac.uk","suffering"," from","  drug  abuse?"
"dh.gov.uk","of objects"," from","  whale  bones to"
"missiedith.bentbacktulips.co.uk","quickly. Tony"," from","  plot  4"
"colley.co.uk","by abstaining"," from","  sex  (and all"
"itgovernance.co.uk","command posts"," from","  echelons"
"itgovernance.co.uk","produced"," from","  combat"
"itgovernance.co.uk",", information"," from","  battlefield"
"itgovernance.co.uk","information"," from","  radar  ,"
"ita.org.uk","these details"," from","  tax  invoices"
"ita.org.uk","due may vary"," from","  scheme  to"
"ita.org.uk","by you"," from","  cash"
"ita.org.uk","& (2) identify"," from","  agency"
"ita.org.uk","& (2) identify"," from","  agency"
"politicalcartoon.co.uk","targets"," from","  billions  of"
"bfinance.co.uk","(about 700)"," from","  prisoners  ''"
"bfinance.co.uk","of collapse"," from","  hunger  and"
"bfinance.co.uk","to suffer"," from","  hundreds  of"
"bfinance.co.uk",", collapsing"," from","  hunger  ; among"
"bfinance.co.uk",". Dozens die"," from","  starvation  ."
"musicfor2.co.uk","Return"," from","  Tomorrow  (one"
"musicfor2.co.uk","everything"," from","  illness  and"
"ejcc.org.uk","human ESTs"," from","  dbEST  ;"
"ejcc.org.uk","human ESTs"," from","  dbEST  ;"
"mandrake.demon.co.uk","too far back"," from","  expertise  ("
"mandrake.demon.co.uk","on subjects"," from","  crime  to"
"magic-spells.co.uk","ranging"," from","  B&B  to Hotel."
"rdmengineering.co.uk","their child"," from","  moment  he was"
"rdmengineering.co.uk","of support"," from","  families"
"rdmengineering.co.uk","suffering"," from","  drug  abuse?"
"theisleofjura.co.uk","(1) £210-£260"," From","  £40m2  - - -"
"theisleofjura.co.uk","(2) £220-£270"," From","  £1800  From 7"
"theisleofjura.co.uk","(3) £30-£40 - -"," From","  £100  From 3"
"theisleofjura.co.uk","Approx. £15"," From","  £54  From 4"
"theisleofjura.co.uk","From 4 months"," From","  £10  From 8"
"publichealth.nice.org.uk","can be screwed"," from","  it-  are they."
"publichealth.nice.org.uk","sooty ''smoke ''"," from","  exhausts-"
"accountability.org.uk","have suffered"," from","  oppression"
"csm.uwe.ac.uk","coming"," from","  actors  of"
"csm.uwe.ac.uk","or government"," from","  eleven"
"csm.uwe.ac.uk","order to learn"," from","  others  ''"
"socialism.org.uk","meal."," From","  experience"
"businessbureau-uk.co.uk","me"," from","  history  ,"
"businessbureau-uk.co.uk","profits"," from","  sales  alone."
"liverpoolmuseums.org.uk","comes"," from","  observers  on"
"rapidsar.org.uk","people"," from","  goods  of an"
"rapidsar.org.uk","they are free"," from","  error  , nor"
"uutech.co.uk","was scratched"," from","  toe  to tail,"
"luxonline.org.uk","landscapes."," From","  mountain"
"luxonline.org.uk","providers"," from","  mountain"
"outdoormegastore.co.uk","more"," from","  companies  in"
"nimr.mrc.ac.uk","are available"," from","  practices  ."
"cod-crusaders.org.uk","the country"," from","  confusion  ,"
"cod-crusaders.org.uk","and monarchy"," from","  destruction  ."
"halletts.co.uk","goods seized"," from","  crime  gangs PM"
"halletts.co.uk","goods seized"," from","  crime  gangs 3"
"halletts.co.uk","make fortunes"," from","  drugs  , money"
"library.stir.ac.uk","arising"," from","  control"
"portcities.org.uk","applications"," from","  students  with"
"localhistory.scit.wlv.ac.uk","be able to work"," from","  home  flexibly"
"localhistory.scit.wlv.ac.uk","to work"," from","  home  with"
"artlab.org.uk","their habit."," From","  History  to Her"
"artlab.org.uk","who escaped"," from","  slavery  and"
"artlab.org.uk","they turn away"," from","  war  . I would"
"artlab.org.uk","of Contents"," From","  1960s  Reports"
"artlab.org.uk","has changed"," from","  memorial  to"
"artlab.org.uk","work has drawn"," from","  traditions  of"
"landforsale-investment.org.uk","have resulted"," from","  tri-sector"
"radicalroutes.org.uk","and follows on"," from","  ippr  ''s work on"
"radicalroutes.org.uk","disconnected"," from","  politics  ,"
"radicalroutes.org.uk","to benefit"," from","  offices  in"
"radicalroutes.org.uk","to benefit"," from","  offices  in"
"radicalroutes.org.uk","suffer most"," from","  pollution"
"radicalroutes.org.uk","suffer most"," from",""
"radicalroutes.org.uk","final report"," from","  ippr  ''s"
"bodystressrelease.co.uk","request"," from","  inmates  for"
"bodystressrelease.co.uk","broken away"," from","  furniture  in"
"battleoffulford.org.uk","the union"," from","  top  to bottom"
"anima.demon.co.uk","fist fight..."," From","  ''Chester  : A"
"lists.ucles.org.uk","we thought"," from","  time  to time -"
"biol.lancs.ac.uk","contract ''"," from","  factory  in the"
"biol.lancs.ac.uk","they are free"," from","  error  , nor"
"birminghamfocus.org.uk","when dialling"," from","  off-campus  ,"
"birminghamfocus.org.uk","when dialled"," from","  off-campus  ."
"mlfhs.org.uk","to benefit"," from","  funding"
"comment.zdnet.co.uk","ranging"," from","  county  level"
"fylde.demon.co.uk","needs to know"," from","  service  users"
"pressbox.co.uk",": bad reviews"," from","  others  ! A"
"missiedith.bentbacktulips.co.uk","start"," from","  £25  , incl all"
"missiedith.bentbacktulips.co.uk","equipment;"," from","  £30  for a"
"missiedith.bentbacktulips.co.uk","range"," from","  £45  for a 1 hour"
"literacytrust.org.uk","was retiring"," from","  cooking  in"
"discountlettingservicedirect.co.uk","nominations"," from","  Professors  ,"
"discountlettingservicedirect.co.uk","are invited"," from","  staff  who are"
"primarycarecontracting.nhs.uk","protected"," from","  chemicals  and"
"well.ac.uk","head cold back"," from","  holiday  , I was"
"well.ac.uk","up to save them"," from","  frost  but this"
"well.ac.uk","cucumbers"," from","  modules  to"
"well.ac.uk","framework"," from","  bits  of wood"
"well.ac.uk","changed"," from","  grey  to lovely"
"well.ac.uk","bean spares"," from","  modules  to"
"magic-spells.co.uk","of phone calls"," from","  farmers  who"
"african-angler.co.uk","and her pupils"," from","  school  while"
"african-angler.co.uk","recognition"," from","  parents  and"
"african-angler.co.uk","group"," from","  mainstream"
"african-angler.co.uk","moved"," from","  children  ''s"
"african-angler.co.uk","","from","  children"
"bio.bris.ac.uk","to and"," from","  stations"
"flyinghaggis.co.uk",", but as I move"," from","  side  to back"
"integral.co.uk","Package tours"," from","  £144  (Club"
"integral.co.uk","Package deals"," from","  £125  (Sunset,"
"integral.co.uk","of ferries"," from","  ports  across"
"integral.co.uk","prices start"," from","  £139  (Tour"
"integral.co.uk","start"," from","  £139  (Club"
"kno.org.uk",", banned"," from","  clubs  and his"
"portsmouthfairtrade.org.uk","that"," from","  militia  The"
"nmpft.org.uk",", she knew"," from","  checking  in an"
"nmpft.org.uk","his thoughts"," from","  somebody  else"
"assemblyrooms.org.uk","to orders"," from","  elders  and"
"assemblyrooms.org.uk","objects"," from","  museums  with"
"assemblyrooms.org.uk","converts"," from","  paganism  to"
"hiroshige.org.uk","me a new book,"," from","  England--The"
"bmb.leeds.ac.uk","as I can tell"," from","  reports  that"
"mph.ed.ac.uk","[... ] Flames"," from","  Yanks  0"
"stmarylebow.co.uk","of findings"," from","  interview"
"harringtonmuseum.org.uk","that """," from","  time  ... read"
"harringtonmuseum.org.uk","a delegation"," from","  ippr"
"lense.net.uk","if you suffer"," from","  motion"
"liverpoolmuseums.org.uk","were excluded"," from","  school  for not"
"fleafree.co.uk",". Data"," from","  patients"
"fleafree.co.uk","2 July 2006,"," from","  http  ://www."
"redking.co.uk","of himself"," from","  politicians"
"classicrally.org.uk","to protect it"," from","  vibrations"
"xstreamradio.co.uk","we get"," from","  books  and"
"davidcheethamgardens.co.uk","Workers"," from","  field  to"
"tertiary.consoleroom.btinternet.co.uk","poisoning"," from","  Listeria  is"
"tertiary.consoleroom.btinternet.co.uk","keep pets away"," from","  food  and food"
"tertiary.consoleroom.btinternet.co.uk","keep them away"," from","  school  or"
"tertiary.consoleroom.btinternet.co.uk","are suffering"," from","  food"
"broken-rainbow.org.uk","manufactured"," from","  waste"
"broken-rainbow.org.uk","products"," from","  sawmills  and"
"stone.newton.cam.ac.uk","tour de force"," from","  start  to"
"esrcsocietytoday.ac.uk","in England:"," from",""
"esrcsocietytoday.ac.uk","in England:"," from",""
"esrcsocietytoday.ac.uk","now available"," from","  Students  ''"
"pgeconomics.co.uk",", possibly"," from","  home  if"
"pointlessnostalgic.co.uk","- everything"," from","  soundtrack"
"dptac.gov.uk","and shops"," from","  closure  ;"
"bbcgovernors.co.uk","for patients"," from","  battalion  aid"
"bbcgovernors.co.uk","evacuation"," from","  units  in the"
"bbcgovernors.co.uk","ambulances"," from","  relay  points"
"bbcgovernors.co.uk","patients"," from","  battalion  aid"
"bbcgovernors.co.uk","BMSS issues"," from","  stocks  on hand"
"bbcgovernors.co.uk","to and"," from","  aid  stations."
"taxibus.org.uk","has risen"," from","  one-third  in"
"taxibus.org.uk","activities"," from","  exploration"
"taxibus.org.uk","production"," from","  fields  owned"
"birdinghawaii.co.uk",", remote"," from","  towns  . The"
"greenbuildingstore.co.uk","ranging"," from","  usability"
"greenbuildingstore.co.uk","to be excluded"," from","  design"
"lusu.co.uk","cost anything"," from","  £20  to £120,"
"tpr.co.uk","Park is far"," from","  secret  (as you"
"tpr.co.uk","wads of notes"," from","  newspaper  ,"
"qaa.ac.uk","time scales,"," from","  years  to"
"birminghamfocus.org.uk","and Aluminium"," from","  scrap  . The"
"birminghamfocus.org.uk",". Water is"," from","  boreholes"
"birminghamfocus.org.uk","making (","from","  car  tyres) and"
"birminghamfocus.org.uk","deminers move"," from","  job  to job) and"
"themostannoyingsiteintheworld.co.uk","saturated fat"," from","  foods  such as"
"themostannoyingsiteintheworld.co.uk","that come"," from","  plants  . There"
"themostannoyingsiteintheworld.co.uk",". These range"," from","  ciabatta  ,"
"gerty.ncl.ac.uk","pensions"," from","  time  to time,"
"cantrell.org.uk","'') was banned"," from","  television  in"
"cantrell.org.uk","independence"," from","  Government"
"inspectormorse.co.uk","Hussein"," from","  power  "". With"
"inspectormorse.co.uk","has changed"," from","  disarmament"
"inspectormorse.co.uk","risk of death"," from","  malnutrition"
"spuc.org.uk","ranging"," from","  novice  to"
"culham.ac.uk","range"," from","  Attila  the"
"cclpublications.co.uk","of his fame,"," from","  fan  mania and"
"phundria.org.uk","save the site"," from","  development  ,"
"phundria.org.uk","site was saved"," from","  housing"
"show.me.uk","move around"," from","  cave  to"
"eif.co.uk","need a break"," from","  reading  go to"
"eif.co.uk","one of its sons"," from","  today  with the"
"kno.org.uk","saturated fat"," from","  foods  such as"
"kno.org.uk","that come"," from","  plants  . There"
"kno.org.uk",". These range"," from","  ciabatta  ,"
"src.le.ac.uk","2 July 2006,"," from","  http  ://www."
"musica.co.uk","""/> People"," from","  communities"
"musica.co.uk","in pollution"," from","  growth  in"
"byhandsandfeet.co.uk","sharpness"," from","  voices  such as"
"cs.le.ac.uk","from a book and"," from","  proceedings"
"cs.le.ac.uk","parameters"," from","  laboratory"
"troubleatwork.org.uk","they are free"," from","  error  , nor"
"sanctus1.co.uk","or assistance"," from","  people"
"unitedrant.co.uk","of scales,"," from","  galaxy"
"jsh1949.co.uk","will benefit"," from","  reforms  Bill"
"digitalegypt.ucl.ac.uk","to come"," from","  people  with no"
"fleafree.co.uk","protected"," from",""
"fleafree.co.uk","applications"," from","  tenants  to"
"lincolnshire.gov.uk","download them"," from","  http  ://www."
"iserv.abertay.ac.uk",", many of them"," from","  viruses  and"
"iserv.abertay.ac.uk","you can get DNA"," from","  fossils  ."
"broken-rainbow.org.uk","itself"," from","  commitments"
"deni.gov.uk",". co. uk Plants"," from","  www  . crocus."
"deni.gov.uk","range"," from","  city"
"deni.gov.uk","are sourced"," from","  specialist"
"caroluk.co.uk","to a move away"," from","  economies"
"link2exports.co.uk","to us recently"," from","  colleges  and"
"link2exports.co.uk",") Equality:"," from","  theory  to"
"monju.pwp.blueyonder.co.uk",". Extract"," from","  notes  : -"
"monju.pwp.blueyonder.co.uk","only be heard"," from","  recordings  ."
"martininstitute.ox.ac.uk","suffering"," from","  depression"
"www-tus.csx.cam.ac.uk","suffering"," from","  dementia  ."
"www-tus.csx.cam.ac.uk",", protection"," from","  dementia  in"
"laptop-chargers.co.uk","acievement"," from","  epson  at this"
"laptop-chargers.co.uk","acievement"," from","  epson  at this"
"atmosphere.co.uk","systems"," from","  cyber  attack."
"atmosphere.co.uk","networks"," from","  attack  , and to"
"atmosphere.co.uk","''s cyberspace"," from","  attack  or"
"stonyhurst.ac.uk","and matron."," From","  end  to end of"
"qaa.ac.uk","is best gained"," from","  experience  ."
"whistler.arts.gla.ac.uk","koala: at risk"," from","  climate"
"whistler.arts.gla.ac.uk","At risk"," from","  climate"
"whistler.arts.gla.ac.uk","rates"," from","  transport  and"
"carcanet.co.uk","beg for"," from","  lecturers  ."
"carcanet.co.uk","days away"," from","  ''graduation  ''"
"moneybasics.co.uk","- click here"," from","  thousands  of"
"moneybasics.co.uk","complaints"," from","  TV  viewers and"
"dulwichcommunityhospital.nhs.uk","but it varies"," from","  area  to area."
"esbhhealth.nhs.uk","the Iraq war"," from","  bidding  on"
"philobiblon.co.uk","a move away"," from","  parents"
"hulltrains.co.uk","comes not"," from","  perseverance"
"hulltrains.co.uk","group, but"," from","  disloyalty  to"
"hulltrains.co.uk","suffer"," from",""
"hulltrains.co.uk","text switches"," from","  angel  of the"
"hulltrains.co.uk","pseudonymity"," from","  texts  which"
"buchanie.co.uk","is available"," from","  9:00am  till"
"ncca.bournemouth.ac.uk","note review"," from","  medium  and"
"ncca.bournemouth.ac.uk","evaluation"," from","  case  note"
"ncca.bournemouth.ac.uk","2 July 2006,"," from","  http  ://www."
"panos.org.uk","and"," from","  requests"
"youngresources.co.uk","the basic rate"," from","  £29,400  to"
"youngresources.co.uk","income"," from","  better-off  to"
"youngresources.co.uk","allowance"," from","  £4,535  to"
"youngresources.co.uk","the basic rate"," from","  £29,400  to"
"bmb.leeds.ac.uk","book suffers"," from","  limitations"
"bmb.leeds.ac.uk","insects"," from","  photographs"
"integral.co.uk","a world away"," from","  pick-up"
"drumnetwork.co.uk","enough, I know"," from","  experience"
"psnc.org.uk","benefit"," from","  training  . The"
"psnc.org.uk","to people"," from","  groups"
"psnc.org.uk","coming over"," from","  accession"
"psnc.org.uk","them immune"," from","  exploitation"
"psnc.org.uk","docking money"," from","  workers  ''"
"libertas.demon.co.uk","feedback"," from","  users  of its"
"isfp.co.uk","models"," from","  scenarios  ."
"managers.org.uk","the most"," from","  holidays  ,"
"vanunu.freeserve.co.uk","and quotes"," from","  clients  . And"
"newburytheatre.co.uk","it will go"," from","  strength  to"
"clwbmalucachu.co.uk","suggestions"," from","  teachers  in"
"clwbmalucachu.co.uk","(reproduced"," from","  Abowd  and"
"clwbmalucachu.co.uk","(adapted"," from","  Abowd  and"
"free-online-surveys.co.uk","working"," from","  home"
"free-online-surveys.co.uk","rowing events"," from","  time  to time."
"pcworld-books.co.uk","no nominees"," from","  research"
"kingkong.demon.co.uk","enquiries"," from","  enthusiasts"
"barking-dagenham.gov.uk","made"," from","  bone  and are"
"churchill-society-london.org.uk","who appears"," from","  time  to time in"
"museums.ox.ac.uk","water"," from","  taps  ,"
"museums.ox.ac.uk","it at home"," from","  time  to time,"
"buildingdesign.co.uk","you ''re away"," from","  home  and"
"skyscript.co.uk","have appeared"," from","  time  to time in"
"skyscript.co.uk","send a member"," from","  th  borough."
"gfwi.org.uk","for 10 months"," from","  date  of"
"medical-acupuncture.co.uk","and Results"," from","  Analysis"
"medical-acupuncture.co.uk","and Results"," from","  Analysis"
"medical-acupuncture.co.uk","are invited"," from","  staff  who are"
"medical-acupuncture.co.uk","this new role"," from","  staff  who are"
"teachers.org.uk","analysts"," from","  pressures"
"redflag.org.uk","resulting"," from","  business"
"qmir.dcs.qmul.ac.uk","provided to us"," from","  time  to time ("""
"golspie-golf-club.co.uk","workers"," from","  things  like"
"golspie-golf-club.co.uk","had a letter"," from","  someone"
"bures-online.co.uk","his recovery"," from","  knee  trouble"
"artatwalsall.org.uk","are sourced"," from","  customer"
"silverprint.co.uk","letters"," from","  children"
"ipaqrepair.co.uk","sector"," from","  £3.2  million"
"leadhillsrailway.co.uk","","from","  someone  you"
"the-stationery-office.co.uk","of 1992"," from","  pneumonia  ."
"rubberturnip.org.uk","range"," from","  schools  to"
"cwn.org.uk","staff working"," from","  home  , and"
"cwn.org.uk","home hazards"," from","  equipment"
"cwn.org.uk","by working"," from","  home  ,"
"cwn.org.uk","experience"," from","  traffic"
"cwn.org.uk","by working"," from","  home  . Issues"
"constipationadvice.co.uk","of material"," from","  specialist"
"constipationadvice.co.uk","posts"," from","  Personnel  on"
"orthodoxengland.btinternet.co.uk","for feedback"," from","  participants"
"bornfree.org.uk","others '' noses"," from","  time  to time. I"
"disabilitynow.org.uk","we have passed"," from","  death  to life,"
"in-the-spirit.co.uk","movement"," from","  sources"
"magonia.demon.co.uk","the energy"," from","  sunlight  to"
"garethjmsaunders.co.uk","pictures not"," from","  sketches  , as"
"ferl.becta.org.uk","which is far"," from","  ephemeral  and"
"walterscott.lib.ed.ac.uk","been moving"," from","  north  to south"
"walterscott.lib.ed.ac.uk",". Evidence"," from","  work  in"
"research.nottingham.ac.uk",", London,"," from","  Songs  of"
"oriel.ox.ac.uk","disclosure"," from","  employer  and"
"sndc.demon.co.uk","can benefit"," from","  policy"
"sndc.demon.co.uk","to benefit"," from","  offices  in"
"spencersteel.co.uk","year or two out"," from","  carnivals  , my"
"englishmonarchs.co.uk","is huge,"," from","  postage"
"nutrition.org.uk","costs are 4.3M"," from","  launch  to"
"thenewspaper.org.uk","forces"," from","  solo"
"worldwar1.co.uk","selections"," from",""
"assetprotections.co.uk","the messages"," from","  machine  to"
"assetprotections.co.uk","makes its way"," from","  machine  to"
"assetprotections.co.uk","mailbox. Mail"," from","  person  to"
"swwater.co.uk","principally"," from","  colleges  of U."
"go.reuters.co.uk",", stop buying"," from","  shops  in"
"studentcentral.co.uk","be purchased"," from","  www  . tso. co."
"whisperingspirits.co.uk","?"," from","  adult  values,"
"whisperingspirits.co.uk","blood samples"," from","  children  who"
"hilton.org.uk","pain"," from","  accidents  and"
"res.org.uk","resulting"," from","  delay  and"
"res.org.uk","they are free"," from","  error  , nor"
"jardmail.co.uk","my specify"," from","  time  to time."
"rostau.org.uk","A Humane Word"," from","  Satan"
"cistercian-way.newport.ac.uk","never depart"," from","  thine  house;"
"stewardsschool.co.uk",". Apart"," from","  security"
"bordercrossings.org.uk","now direct"," from","  www  . audible."
"flyinghaggis.co.uk","by requests"," from","  customers  ("
"glaucus.org.uk","come down"," from","  gabapentin"
"glaucus.org.uk","Pregab. I go"," from","  day  to day as I"
"glaucus.org.uk","withdrawal"," from","  gabapentin  . ("
"glaucus.org.uk","went straight"," from","  900mgs  to"
"glaucus.org.uk","patients over"," from","  gaba  to"
"glaucus.org.uk","how you switch"," from","  gaba  to"
"glaucus.org.uk","if you suffer"," from","  nerve  pain."
"glaucus.org.uk","it was the drug"," from","  hell  . I felt"
"glaucus.org.uk","was the drug"," from","  hell  for me. It"
"charles-darwin.classic-literature.co.uk","for 10 months"," from","  date  of"
"bushgear.co.uk","expenditure"," from","  c.1590  to 1626"
"bushgear.co.uk","and extracts"," from","  texts  Writing"
"cs.manchester.ac.uk","is that, apart"," from","  service  staff"
"carbonflo.co.uk","that comes"," from","  capsicum  ("
"ridley.cam.ac.uk","), inhibited"," from","  violence  by a"
"gro-scotland.gov.uk","articles"," from","  journals  ,"
"windowsproject.demon.co.uk","detachment"," from","  mortals  ; he"
"windowsproject.demon.co.uk","refrained"," from","  comment  ."
"windowsproject.demon.co.uk","a distance"," from","  government  ,"
"islaybushcraft.co.uk","he suffered"," from","  leg  pains,"
"kinnethmont.co.uk","treatment"," from","  expert  cancer"
"kinnethmont.co.uk","Ireland"," from","  stomach  and"
"kinnethmont.co.uk","be kept free"," from","  flags  and"
"kinnethmont.co.uk","chiefs"," from","  universities"
"kinnethmont.co.uk","with (","from","  left  ) David"
"kinnethmont.co.uk","of people"," from","  minority"
"kinnethmont.co.uk","management"," from","  tots  to teens"
"kinnethmont.co.uk","both created"," from","  physics"
"kinnethmont.co.uk","Jean Duncan,"," from","  ''a  pale yellow"
"francealacarte.org.uk","information"," from",""
"staffshousing.org.uk","more respect"," from","  councillors  ,"
"savoy.abel.co.uk","black America"," from","  poverty  and"
"landforsale-investment.org.uk","by the hounds"," from","  woodlands  to"
"selsdonbaptist.org.uk","a boat ride,"," from","  wildlife  and"
"bradburyac.mistral.co.uk","comes"," from","  experience"
"birdinghawaii.co.uk","Prussia)."," From","  time  to time"
"queens.ox.ac.uk","came home"," from","  kindergarten"
"medical-acupuncture.co.uk","treatment"," from","  OT  and NT"
"digidots.co.uk","Toklas trips"," from","  hashish  fudge"
"nbtea.co.uk","as distinct"," from","  blinding  . The"
"nbtea.co.uk","capsules"," from",""
"org.suw.org.uk","membership"," from","  postgraduate"
"cs.ucl.ac.uk","has won praise"," from","  computer"
"dh.gov.uk","protected"," from",""
"dh.gov.uk","be protected"," from",""
"topforge.co.uk","latest news"," from","  tesco  tree"
"topforge.co.uk","buildings"," from","  eviction  . »"
"uhlc.org.uk","noises"," from","  audience  )"
"cwn.org.uk","ways"," from","  person  to"
"cwn.org.uk","upon us"," from","  outside  ."
"cwn.org.uk","because"," from","  time  to time"
"rostau.org.uk","indications"," from","  press  reports"
"rostau.org.uk","","from","  areas"
"saa.co.uk","developed"," from","  research"
"saa.co.uk","materials"," from","  sorghum"
"saa.co.uk","the crop"," from","  attack  by stem"
"saa.co.uk","to attack"," from","  stem  borers,"
"alcs.group.shef.ac.uk","income - Gains"," from","  contracts  for"
"alcs.group.shef.ac.uk","'' income"," from","  estates  in"
"slopestar.co.uk","Work"," from","  home"
"mandarina.co.uk","registration"," from","  9.00am  when"
"mandarina.co.uk","Refreshments"," from","  9.00am  on the"
"ex-canaries.co.uk","amounts, sums"," from","  time  to time"
"htlc.hants.gov.uk","created"," from","  witness"
"carnegiegreenaway.org.uk",". He died"," from","  colon  cancer"
"waysidecommunity.org.uk","also run away"," from","  home  , and so"
"waysidecommunity.org.uk","are welcome."," From","  time-to-time"
"waysidecommunity.org.uk","Anderson."," From","  episode  seven"
"asab.icapb.ed.ac.uk","transition"," from","  ''experiment  ''"
"mill-wharf-training.co.uk","more sublime"," from","  strophe  to"
"mill-wharf-training.co.uk",", had noticed,"," from","  time  to time,"
"iwradio.co.uk","can be bought"," from","  high-street"
"setdanceteacher.co.uk","were made"," from","  fabric"
"setdanceteacher.co.uk","garments"," from","  export  to the"
"setdanceteacher.co.uk","of derogation"," from","  rules  of"
"setdanceteacher.co.uk","of derogation"," from","  rules  of"
"epsr-marx-lenin.co.uk","be that n comes"," from","  nothing  ,"
"epsr-marx-lenin.co.uk",", any argument"," from","  microfacts  to"
"epsr-marx-lenin.co.uk","are two routes"," from","  n  to m '', n ''"
"epsr-marx-lenin.co.uk","","from","  activity  by"
"epsr-marx-lenin.co.uk","different"," from",""
"epsr-marx-lenin.co.uk","the picture"," from",""
"epsr-marx-lenin.co.uk","as decisions"," from","  constraint  by"
"epsr-marx-lenin.co.uk","","from","  ''the"
"epsr-marx-lenin.co.uk",", as distinct"," from","  anything  else"
"epsr-marx-lenin.co.uk",", as distinct"," from","  anything  else"
"epsr-marx-lenin.co.uk","as distinct"," from","  content  , (pp."
"epsr-marx-lenin.co.uk","as distinct"," from","  content  ? An"
"epsr-marx-lenin.co.uk","the period"," from","  t1  to t2."
"longwalls.ncl.ac.uk","and discharge"," from","  owners  to"
"longwalls.ncl.ac.uk","they are free"," from","  error  , nor"
"maths.lancs.ac.uk","in the UK"," from","  groups  that"
"cronab.demon.co.uk","some support"," from","  others  ,"
"cronab.demon.co.uk","by a good push"," from","  inside  . This"
"lusu.co.uk","literature,"," from","  adventure"
"lusu.co.uk","man escapes"," from","  jail  and Smith"
"silverprint.co.uk","resulting"," from","  turbulence  ,"
"silverprint.co.uk","resulting"," from","  pressures  on"
"silverprint.co.uk",". Recovering"," from","  turns"
"medical-acupuncture.co.uk","is excluded"," from","  meetings  , the"
"helo.co.uk","generated"," from","  annuity  ,"
"anima.demon.co.uk","all have to do"," from","  time  to time."
"anima.demon.co.uk","the action"," from","  afar  , then the"
"anima.demon.co.uk","moving across"," from","  film  SLR"
"clientsuccess.org.uk","of calls were"," from","  individuals  ."
"clientsuccess.org.uk","to a lump sum"," from","  commutation"
"fleet-tutors.co.uk","kept walking"," from","  room  to room,"
"thepixiepit.co.uk","be protected"," from","  workplace"
"thepixiepit.co.uk","gets support"," from",""
"search.reviews.ebay.co.uk","- click here"," from","  thousands  of"
"search.reviews.ebay.co.uk","BILLIONS"," from","  consumers"
"nwsgc.ac.uk","everything"," from","  tax  advice,"
"uhlc.org.uk","English:"," from","  conversation"
"uhlc.org.uk","because"," from","  time  to time"
"g1gyc.demon.co.uk","key people"," from","  government"
"g1gyc.demon.co.uk","","from","  countries  in"
"g1gyc.demon.co.uk",". Full details"," from","  Mrs  C Hutton,"
"lums.lancs.ac.uk","is growing"," from","  propaganda"
"lums.lancs.ac.uk","originate"," from","  booty  . It is an"
"valeriemason-john.co.uk",", with help"," from","  colleagues  in"
"karibuni.co.uk","jobs he could,"," from","  salesman  to"
"karibuni.co.uk","","from","  prison  , seeks"
"e-asybudget.co.uk","are eyesores"," from","  coast  to coast"
"e-asybudget.co.uk","in Hampstead"," from","  housing"
"usenet.org.uk","No. 2 obtained"," from","  Merseyside"
"usenet.org.uk","donations"," from","  students  ."
"oxford.gov.uk",", not that far"," from","  things  like"
"andypreece.co.uk","about 45 miles"," from","  work  and used"
"missiedith.bentbacktulips.co.uk","obtained"," from","  milk  , other"
"missiedith.bentbacktulips.co.uk","resulting"," from","  coagulation  ;"
"saa.co.uk","homes as free"," from","  architecture"
"saa.co.uk","are nurtured"," from","  houses  , and"
"holidaylettings.co.uk","fluids made"," from","  water  of"
"ukcorporator.co.uk","benefit"," from","  thrombolysis"
"brmb.co.uk","being banned"," from","  search"
"brmb.co.uk","suffered"," from","  penalties  ,"
"fylde.demon.co.uk",") available"," from","  http  ://www."
"fylde.demon.co.uk","."," From",""
"edinburghfestivals.co.uk","vast profits"," from","  slave  labour"
"bordercrossings.org.uk","14 people died"," from","  falls  while"
"bordercrossings.org.uk","and recruited"," from","  groups  they"
"bordercrossings.org.uk","reassurances"," from","  Government"
"bordercrossings.org.uk","conclusion"," from","  research"
"meactionuk.org.uk","protection"," from","  predators  :"
"iankitching.me.uk","of his mind"," from","  patronymics"
"iankitching.me.uk","tell chances"," from","  results  , or"
"iankitching.me.uk",", or threats"," from","  verdicts  , to"
"iankitching.me.uk","of jokes"," from","  terrors  ? Mutz"
"thompsons.law.co.uk","mother"," from","  hell  in"
"memes.org.uk","Republic"," from","  business  plan"
"lionsclub.org.uk","... Reeling"," from","  events  , they"
"lionsclub.org.uk","home"," from","  Mrs  Buddy ''s"
"pinnacle-digital.co.uk","suffering"," from","  brain  tumours"
"peteralan.co.uk","league goes"," from","  strenth  to"
"peteralan.co.uk","The teams come"," from","  graduate"
"peteralan.co.uk","is keen to hear"," from","  people  who"
"peteralan.co.uk","for an evening"," from","  time  to time."
"directgov.gov.uk","include staff"," from","  purchasing  ,"
"betar.co.uk","of lovers:"," from","  barons  and"
"thecaravangallery.co.uk","range"," from","  £2,000  -"
"chem.qmul.ac.uk","tonal range (","from","  light  to dark)"
"chem.qmul.ac.uk","abruptly"," from","  dark  to light ("
"newsoftheworld.co.uk","to Public Whip"," from","  someone  who"
"newsoftheworld.co.uk","read news"," from","  lots  of"
"mypharmacy.co.uk","call or e-mail"," from","  activ8  , and"
"cafc.co.uk","report again"," from","  page  1, line 1,"
"portfolio.brokencube.co.uk","a great-coat"," from","  Michaelmas  to"
"portfolio.brokencube.co.uk","in rambling"," from","  shop  to shop,"
"portfolio.brokencube.co.uk","everything,"," from","  ghosts  to"
"portfolio.brokencube.co.uk","who strayed in"," from","  time  to time"
"indigogroup.co.uk","clients range"," from","  government"
"psi.org.uk","TOURS Apart"," from","  ''Morse  '' and"
"marine.gov.uk","12 months,"," from","  price  drops of"
"socialism.org.uk","abstinence"," from","  alcohol  is"
"socialism.org.uk","of abstinence"," from","  alcohol  , at"
"bettybookmark.co.uk","and masked"," from","  view  "": a music"
"the-sixteen.org.uk","of which were"," from","  caves  and"
"epilepsy.org.uk","2 July 2006,"," from","  http  ://www."
"ldu.leeds.ac.uk","disbelief"," from","  critics  and"
"gare.co.uk","derived"," from","  print"
"gare.co.uk","linker errors"," from","  time  to time."
"digitalradiotech.co.uk","they are free"," from","  error  , nor"
"camden.gov.uk","the most"," from","  climate"
"camden.gov.uk","impact comes"," from","  washing  . It is"
"camden.gov.uk","revenues are"," from","  cotton  ."
"milknbiscuits.co.uk","care - ranging"," from","  NHS  Direct to"
"milknbiscuits.co.uk",", for instance"," from","  GP  practices,"
"milknbiscuits.co.uk","cost of calls"," from","  mobiles  and"
"milknbiscuits.co.uk","care, ranging"," from","  road  traffic"
"milknbiscuits.co.uk","patients to or"," from","  hospitals  and"
"portset.co.uk","freedom"," from","  fear  , shame,"
"pers-www.wlv.ac.uk","to and"," from","  engagements  ."
"english-online.org.uk","systems"," from","  combat"
"clinimed.co.uk","importing"," from","  memory  card"
"atmedia2005.co.uk","East England"," From","  evening  of 7 to"
"fass.kingston.ac.uk","to be gained"," from",""
"thamesmatch.co.uk",", and"," from","  start  to"
"nimh.org.uk","suffering"," from","  dehydration"
"nimh.org.uk","suffering"," from","  stomach"
"nimh.org.uk","ousted Saddam"," from","  power  . Those"
"nimh.org.uk","to venture far"," from","  home  ,"
"newworknetwork.org.uk","are compiled"," from","  details"
"newworknetwork.org.uk","obtained"," from","  organisers  ,"
"newworknetwork.org.uk","organisers,"," from","  venues  , and"
"portsmouthwater.co.uk",", profits"," from","  business  ,"
"portsmouthwater.co.uk",", income"," from","  property  ,"
"divinity.cam.ac.uk","may occur,"," from","  use  of or"
"monteclefe.somerset.sch.uk","","from","  rape  . In the"
"pocketgps.co.uk","properties"," from","  consumers"
"exporteastofengland.org.uk","love to hear"," from","  NHS"
"taots.co.uk","to these Terms"," from","  time  to time"
"taots.co.uk","messages."," From","  time  to time,"
"taots.co.uk","results"," from","  negligence  ,"
"learndirect.co.uk","are starting"," from","  scratch  , it is"
"illumin.co.uk","that profits"," from","  calls  are"
"wolseyartgallery.org.uk","(letter"," from","  registrar  ,"
"wolseyartgallery.org.uk","'' candidates"," from","  stunt  groups"
"sheffield-collegiate-cc.org.uk",", but also a few"," from","  bridges  in the"
"journals.eecs.qub.ac.uk","be an author."," From","  k10k  . Q about"
"barnardos.org.uk",", high praise"," from","  critics  , and"
"barnardos.org.uk",", escaping"," from","  Fingerbone  ,"
"coffee-house.org.uk","target"," from","  politicians  ,"
"coffee-house.org.uk","at arms length"," from","  ministers  ,"
"coffee-house.org.uk",", detached"," from","  ministers  ,"
"coffee-house.org.uk","the passage"," from","  policy  to"
"coffee-house.org.uk",""", and"," from","  time  to time I"
"spacecentre.co.uk","advice"," from","  eBay  . Learn"
"g3pho.free-online.co.uk","drawn mainly"," from","  research"
"people.ex.ac.uk","give freedom"," from","  anxiety  by"
"people.ex.ac.uk","us, Are sent"," from","  heaven  above."
"people.ex.ac.uk","rarely free"," from","  poverty  . War"
"people.ex.ac.uk","''food parcels"," from","  heaven  . ''"
"javu.co.uk","receive files"," from","  people"
"spikemilligan.co.uk","""... look its"," from","  smiths  """
"dptac.gov.uk","so much money"," from","  motorists  it"
"talkingteaching.co.uk","business"," from","  home  . I ask"
"talkingteaching.co.uk","and hid him"," from","  Set  . So she"
"golspie-golf-club.co.uk","donations"," from","  individuals"
"cottontimes.co.uk","to be sought"," from","  suppliers  . -"
"portishead.co.uk","Socialist"," from","  way  back and"
"portishead.co.uk","transferred"," from","  state"
"portishead.co.uk","called back"," from","  retirement"
"portishead.co.uk",", was recalled"," from","  retirement"
"portishead.co.uk","be suffering"," from","  tuberculosis"
"flycom.co.uk","a permit"," from","  reception  on"
"mcbishop.co.uk","sheet music"," from","  www  ."
"mcbishop.co.uk","reader"," from","  www  . adobe."
"savethechildren.org.uk","entirely"," from","  scratch  and"
"mbdevelopments.co.uk",") withdrawal"," from","  substitution"
"mbdevelopments.co.uk",") withdrawal"," from","  opioids  using"
"mbdevelopments.co.uk","withdrawal"," from",""
"mbdevelopments.co.uk","is in place"," from","  community"
"mbdevelopments.co.uk","of support"," from","  family  or"
"mbdevelopments.co.uk","withdrawal"," from","  opioids  . A"
"mbdevelopments.co.uk","abstinent"," from","  opioids  for at"
"mbdevelopments.co.uk","abstinence"," from","  opioids  after"
"mbdevelopments.co.uk","of abstinence"," from","  opiates  ,"
"mbdevelopments.co.uk","abstinence"," from","  opiates  at one"
"go.reuters.co.uk","entries,"," from","  companies"
"barclayfarmhouse.co.uk","abusive email"," from","  someone  on"
"barclayfarmhouse.co.uk","of the forums"," from","  day  to day."
"barclayfarmhouse.co.uk","messages"," from","  someone  ,"
"barclayfarmhouse.co.uk","abusive email"," from","  someone  on"
"sovereignty.org.uk","so... Week"," from","  Hell  -"
"raworths.co.uk","of signatures"," from","  people  called"
"cs.nott.ac.uk","they are free"," from","  error  , nor"
"hlst.heacademy.ac.uk","the form of aid"," from","  governments"
"digidots.co.uk","feedback"," from","  team"
"digidots.co.uk","games"," from","  concept  to"
"digidots.co.uk",": Duties range"," from","  level  design,"
"digidots.co.uk","properties"," from","  companies"
"digidots.co.uk","properties"," from","  companies"
"digidots.co.uk","textures"," from","  scratch  *"
"digidots.co.uk","models"," from","  concept  art"
"digidots.co.uk","a mobile game"," from","  start  to"
"digidots.co.uk","MAX, working"," from","  design  specs,"
"digidots.co.uk","levels both"," from","  scratch  and"
"digidots.co.uk","ranging"," from","  characters  ,"
"digidots.co.uk","a mission"," from","  concept  to"
"digidots.co.uk","position,"," from","  level  design"
"digidots.co.uk","a game, either"," from",""
"digidots.co.uk","or"," from","  scratch  . -"
"deni.gov.uk","by findings"," from","  laboratory"
"accfinweb.account.strath.ac.uk",", studies"," from","  yeast  and"
"accfinweb.account.strath.ac.uk","derived"," from","  network"
"accfinweb.account.strath.ac.uk","isolated"," from","  brain  reveals"
"jlcomp.demon.co.uk","have pain"," from","  fibromyalgia"
"jlcomp.demon.co.uk","borrowed"," from","  friends  in"
"mwpickett.co.uk","learning"," from","  experience  ."
"mwpickett.co.uk","people -"," from","  shopping  to"
"safety.ngfl.gov.uk","kind of venue"," from","  hotels  ,"
"domesticfowl.co.uk","fire"," from","  inside  - saw"
"chapmancentral.demon.co.uk","going to come"," from","  people  who"
"chapmancentral.demon.co.uk","radio, as I do"," from","  time  to time."
"hazlewood-castle.co.uk","deal of e-mail"," from","  folks"
"hazlewood-castle.co.uk","them"," from","  prosecution  ."
"hazlewood-castle.co.uk",", it is usually"," from","  records  they"
"bures-online.co.uk","some distance"," from","  services  (e."
"bures-online.co.uk","who disengage"," from","  services"
"bures-online.co.uk","of the worker"," from","  management"
"compsoc.dur.ac.uk","with the help"," from","  family  and"
"birminghamfocus.org.uk","on the way home"," from","  work  this"
"birminghamfocus.org.uk","you can''t move"," from","  shuffle  to"
"birminghamfocus.org.uk","on the way home"," from","  work  this"
"birminghamfocus.org.uk","passed out"," from","  painkillers"
"kneeling.co.uk","fabric. Apart"," from","  offering"
"kneeling.co.uk",". Choose"," from","  navy  with"
"kneeling.co.uk","fabric. Apart"," from","  offering"
"kneeling.co.uk",". Choose"," from","  navy  with"
"freenetpages.co.uk","more showbiz"," from","  email  WIN"
"scientificmethod.co.uk","excluded"," from","  initiation  of"
"scientificmethod.co.uk","service apart"," from","  therapy  were"
"scientificmethod.co.uk","might benefit"," from",""
"scientificmethod.co.uk","excluded"," from",""
"starfishproject.freeserve.co.uk","to resign"," from","  office  ."
"anima.demon.co.uk","importantly"," from","  customers  in"
"anima.demon.co.uk","on UK release"," from","  blockbuster"
"moremusic.co.uk","wavelengths"," from","  gamma  ray to"
"moremusic.co.uk","that comes"," from","  space  . This is"
"oxford-chiltern-bus-page.co.uk","dollar offers"," from","  magazines  for"
"oxford-chiltern-bus-page.co.uk","strayed away"," from","  baby  monitors"
"elsham.pwp.blueyonder.co.uk","and retiring"," from","  business  . She"
"people.co.uk","emerged"," from","  studies"
"people.co.uk","arising"," from","  conversation"
"people.co.uk",""", available"," from","  http  ://www."
"geologywales.co.uk","2003) Reduced"," from","  £12.99  : £8.00"
"geologywales.co.uk","of music"," from","  destinations"
"gorleston-on-sea.co.uk","syndrome"," from","  lack  of"
"gorleston-on-sea.co.uk","late stages,"," from","  destruction"
"gorleston-on-sea.co.uk","questions"," from","  Members  : "" I"
"gorleston-on-sea.co.uk","to responses"," from","  members  over"
"gorleston-on-sea.co.uk","we go extracts"," from","  members"
"propertypro.co.uk","of people fall"," from","  bikes  every"
"propertypro.co.uk","head injuries"," from","  road"
"monju.pwp.blueyonder.co.uk","of feedback"," from","  visitors  and"
"busybeebasics.co.uk","information"," from","  research"
"ownersdirect.co.uk","as well as"," from",""
"ownersdirect.co.uk","purchased"," from","  supermarkets"
"cambs.police.uk","Apart"," from","  papers  in"
"iiss.org.uk","and medleys"," from","  disco  , dance,"
"prime50plus.co.uk","who are"," from","  time  to time"
"eurocomms.co.uk","A: Extract"," from","  summary  of"
"eurocomms.co.uk","information"," from","  data  subjects"
"eurocomms.co.uk","information"," from","  data  subjects"
"cigarbuyer.co.uk","%, +14.73 %"," from","  assembly"
"cs.nott.ac.uk","at all levels"," from","  government  to"
"cs.nott.ac.uk","to schools and"," from","  architects  to"
"alternatetakes.co.uk","then exempt"," from","  tolls  for"
"alternatetakes.co.uk","pay anything"," from","  £15.00  to"
"consensusmediation.co.uk","was at night -"," from","  11pm  until"
"consensusmediation.co.uk","poles issued"," from","  bins  at the"
"readgroup.biology.ed.ac.uk","music"," from","  gypsies  ,"
"easterneyeuk.co.uk","to each test"," from","  multinomial"
"poetrymagic.co.uk","list, either"," from","  position"
"poetrymagic.co.uk","arguments,"," from","  keyword"
"poetrymagic.co.uk","arguments, or"," from","  default"
"mwpickett.co.uk","see result"," from","  changes  in the"
"safety.ngfl.gov.uk","","from","  authors  to"
"safety.ngfl.gov.uk","quotations"," from","  reviews  . The"
"safety.ngfl.gov.uk","''s retirement"," from","  business  in"
"safety.ngfl.gov.uk",", revenue"," from","  advertising"
"safety.ngfl.gov.uk","in policy"," from","  newspapers  ''"
"birdinghawaii.co.uk","connections"," from","  Vodafone  in"
"monju.pwp.blueyonder.co.uk","."," From","  education  to"
"iwradio.co.uk","other mailing"," from","  Seniors"
"torro.org.uk","makers"," from","  rules  that"
"comedycv.co.uk","with extracts"," from","  texts"
"comedycv.co.uk","death: topics"," from","  court  life and"
"comedycv.co.uk","perspective"," from","  ''below  '';"
"numed.co.uk","far removed"," from","  river  fishing"
"numed.co.uk","on bass"," from","  beaches"
"lib.gla.ac.uk","was derived"," from","  research"
"lib.gla.ac.uk","grants"," from","  government  ,"
"lib.gla.ac.uk","unionists,"," from","  home  and"
"langtrymanor.co.uk","cairn built"," from","  stones"
"langtrymanor.co.uk","feet or more"," from","  tip  to tip of"
"queens.ox.ac.uk","are being cut"," from","  wreckage  ? ("
"findachurch.co.uk","world where,"," from","  time  to time,"
"findachurch.co.uk","ourselves"," from","  idolatry  ,"
"technology.timesonline.co.uk","will be safe"," from","  floods  ,"
"port.ac.uk","ranging"," from","  television  to"
"port.ac.uk","happy to hear"," from","  anyone"
"jamescowper.co.uk",". A journal"," from","  countryside"
"elingtidemill.wanadoo.co.uk","may occur"," from","  time  to time"
"geo.ed.ac.uk","and people"," from",""
"star.pst.qub.ac.uk","+) Great songs"," from","  start  to"
"ea.e-renfrew.sch.uk","was, apart"," from","  salt  , the main"
"ea.e-renfrew.sch.uk","is adapted"," from","  folk  magick,"
"ea.e-renfrew.sch.uk",", saying Wake"," from","  thy  winter"
"spl.org.uk","kept him away"," from","  school  on a"
"usedcartrader.co.uk","never saw him"," from","  week  ''s end to"
"christis.org.uk","vein"," From","  cabbard  limb."
"christis.org.uk","sprouting"," from","  chest  and"
"cimhscaretrust.nhs.uk","ranged"," from","  £40  to £300. In"
"austin-rover.co.uk","care services"," from","  purpose  built"
"pollick-lab.psy.gla.ac.uk","for costings"," from","  suppliers  . Go"
"pollick-lab.psy.gla.ac.uk","","from","  people  you"
"internationalbusinessawards.co.uk","response data"," from","  contingency"
"zooplus.co.uk","the Sites"," from","  time  to time;"
"zooplus.co.uk","Mirror,"," from","  companies  in"
"zooplus.co.uk","in writing"," from","  time  to time."
"zooplus.co.uk","Agreement"," from","  time  to time."
"zoo.cam.ac.uk","in price"," from","  £400  to"
"zoo.cam.ac.uk","everything"," from","  consumables"
"zoo.cam.ac.uk","enterprise -"," from","  network"
"operations.mod.uk","concerns"," from","  individuals  ,"
"yourcomputerdepartment.co.uk","items exempt"," from","  VAT  as long as"
"londonblackcabs.co.uk","they are free"," from","  error  , nor"
"tonykline.co.uk","C. McCall)"," From","  Peace  I to"
"pubs.socialistreviewindex.org.uk","exemption"," from","  off-world"
"pubs.socialistreviewindex.org.uk","to have read it"," from","  cover  to cover"
"pubs.socialistreviewindex.org.uk","? Read them all"," from",""
"pubs.socialistreviewindex.org.uk","stolen"," from","  people  such as"
"art-sx.co.uk","what they want"," from","  government  ."
"art-sx.co.uk","profits"," from","  £96m  to £130m."
"rbgkew.org.uk",", which ranges"," from","  centrists  to"
"desperateseller.co.uk",""" And if they go"," from","  home  , their"
"desperateseller.co.uk","after twelve -"," from","  twelve  to"
"lwtua.free-online.co.uk","collection"," from","  intervention"
"perriam.demon.co.uk","their agents"," from","  time  to time"
"shadowsonthewall.co.uk","funding"," from","  advertising"
"civiljusticecouncil.gov.uk","adjustments"," from","  hour  to hour. I"
"wasteonline.org.uk","and augmented"," from","  time  to time."
"animism.org.uk","of Gaelic"," from","  signage  can"
"animism.org.uk","have suffered"," from","  genocide  such"
"animism.org.uk",". Fines ranged"," from","  £2  to over £50."
"animism.org.uk","^ 4 Reports are"," from","  Eurolang  on"
"animism.org.uk","gathered"," from","  sources  in the"
"ilook.fsnet.co.uk","by Citywire"," from","  time  to time)"
"ilook.fsnet.co.uk","by Citywire"," from","  time  to time. """
"ilook.fsnet.co.uk","Charges"," from","  time  to time"
"ilook.fsnet.co.uk","Charges)"," from","  time  to time."
"ilook.fsnet.co.uk","these T. O. S."," from","  time  to time to"
"ilook.fsnet.co.uk","that Posts"," from","  individuals"
"star.pst.qub.ac.uk","examples"," from","  writing  , art,"
"star.pst.qub.ac.uk","by mail order"," from","  university  ."
"christianvoice.org.uk","suffering"," from","  chick  flick"
"medical-acupuncture.co.uk",", for example,"," from","  overdoses  ("
"shimu.co.uk","still be seen"," from","  time  to time,"
"hpa.org.uk","are extracted"," from","  data  held by"
"hpa.org.uk","evidence"," from","  police  forces"
"total.rowing.org.uk","funding"," from","  advertising"
"nfms.org.uk","extracts"," from","  interview"
"treehuggermums.co.uk","","from","  movie"
"heraldav.co.uk","moved away"," from","  matins  and"
"showmelearning.co.uk","to make money"," from","  property  in"
"showmelearning.co.uk","to make money"," from","  business  or"
"showmelearning.co.uk","do want to hear"," from","  people  who"
"showmelearning.co.uk","3 (a rejoinder"," from","  Ms  Abbott) Ms"
"showmelearning.co.uk","letters"," from","  Nigerians  ."
"showmelearning.co.uk","quote"," from","  moi  "" Another"
"showmelearning.co.uk","these videos"," from","  way  back"
"showmelearning.co.uk","keep me away"," from","  naija  news, so"
"showmelearning.co.uk","around, going"," from","  house  to house"
"wasteonline.org.uk","corpora:"," from","  correction  to"
"nnbtv.dircon.co.uk","they are free"," from","  error  , nor"
"care-solution.co.uk","can be grown"," from","  seed  ,"
"jasss.soc.surrey.ac.uk","in estimates"," from","  data  that is"
"abbeyghosthunters.co.uk","at prices"," from","  £89  (Greys ''"
"clinicalanswers.nhs.uk","forms"," from","  Personnel  on"
"europe.tiscali.co.uk","by falls"," from","  height  ;"
"geog.cam.ac.uk","suffering"," from","  brain  tumours"
"durham21.co.uk","policy"," from","  time  to time."
"www1.flatmateclick.co.uk",", ranging"," from","  users  unable"
"danorth.fsnet.co.uk","be an author."," From","  k10k  . Q about"
"danorth.fsnet.co.uk",", drawings"," from","  work  (a"
"fabulouskids.co.uk","suffered"," from","  bouts  of"
"fabulouskids.co.uk","Merlo died"," from","  lung  cancer in"
"scottishrefugeecouncil.org.uk","was promoted"," from","  rookie  cop to"
"nuj.org.uk","more opinions"," from","  competitors"
"intermusica.co.uk",", death rates"," from","  heart  disease"
"intermusica.co.uk","characters"," from","  television"
"caj.org.uk","miles"," from","  home  . Every"
"caj.org.uk","spared"," from","  death  in"
"caj.org.uk","follows on"," from","  news  of Fanny"
"weddingscollection.co.uk","or phone calls"," from","  events  in the"
"perriam.demon.co.uk","experienced."," From","  captivity  ,"
"perriam.demon.co.uk","not deliver us"," from","  life  , but"
"battleoffulford.org.uk","environment."," From","  time  to time in"
"psni.police.uk","coming"," from","  business  and"
"renux.dmed.ed.ac.uk","ranging"," from","  love  and"
"ricoh.co.uk","that arises"," from",""
"dreamnation.fsnet.co.uk","the pain is"," from","  facet  joints"
"risa.co.uk","bars pupils"," from","  exam  to boost"
"ukneqas.org.uk",". Everything"," from","  visas  and"
"ukneqas.org.uk","keep them away"," from","  danger  , and"
"ukneqas.org.uk","on everything"," from","  insurance  to"
"ukneqas.org.uk","everything"," from","  budgets  to"
"ecb.co.uk","''s Guardian"," from","  columnist"
"aut.org.uk","of a new album"," from","  Incognito  is"
"aut.org.uk","is quality"," from","  start  to"
"aut.org.uk","years moving"," from","  Jazz  into"
"arsf.nerc.ac.uk","are amended"," from","  time  to time"
"arsf.nerc.ac.uk","profit or loss"," from","  transactions"
"bletchleypark.org.uk","would come"," from","  arming  black"
"hypnos.co.uk","the proposals"," from","  health"
"hypnos.co.uk","plans;?"," from","  time  to time3,"
"ea.e-renfrew.sch.uk","field created"," from","  sky  frames"
"ea.e-renfrew.sch.uk","mode, e. g."," from","  recipe"
"ea.e-renfrew.sch.uk","map"," from","  frames  at the"
"ea.e-renfrew.sch.uk","mode, e. g."," from","  recipe"
"ea.e-renfrew.sch.uk","source"," from","  frames  nodded"
"ea.e-renfrew.sch.uk","map"," from","  frames  at the"
"topoftheshops.co.uk",", whether"," from","  battle  or"
"topoftheshops.co.uk","of their grief"," from","  brothers  and"
"topoftheshops.co.uk","I always shake"," from","  head  to foot"
"1-hydroponics.co.uk","straight"," from","  school  in 1946"
"1-hydroponics.co.uk",", having grown"," from",""
"niprisonservice.gov.uk","learning"," from","  experience  ."
"niprisonservice.gov.uk","is learning"," from","  experience  -"
"niprisonservice.gov.uk","you get more"," from","  work  , life and"
"niprisonservice.gov.uk","learning"," from","  experience"
"niprisonservice.gov.uk","of learning"," from","  experience"
"niprisonservice.gov.uk","learning"," from","  experience"
"niprisonservice.gov.uk","value gained"," from","  experiences"
"niprisonservice.gov.uk","can escape"," from","  tunnel  (or"
"niprisonservice.gov.uk","(or win"," from","  failure  ) and"
"niprisonservice.gov.uk","to learn"," from","  individual  or"
"srs.dl.ac.uk","fight or run"," from","  danger  . How"
"ukfoxx.co.uk","- apart"," from","  ''B  '' which just"
"cmt.org.uk","set"," from","  proofs  sent"
"cmt.org.uk","signature"," from","  No.  1 to No. 23,"
"rcseng.ac.uk","invitations."," From","  time  to time we"
"childline.org.uk","suffering"," from","  rheumatism  go"
"danorth.fsnet.co.uk","Pitt resigned"," from","  office  and was"
"man-v-horse.org.uk","a response"," from","  people  who do"
"cpgb.org.uk","interests"," from","  forestry  and"
"shop.scottish.parliament.uk","97 or obtained"," from","  Mrs  Bridget"
"holdthefrontpage.co.uk","were exempt"," from","  call-up"
"renux.dmed.ed.ac.uk","cost of calls"," from","  mobiles  and"
"headheritage.co.uk","action comes"," from",""
"headheritage.co.uk","as separate"," from","  nature  rather"
"snh.org.uk","permission"," from","  schools  to"
"snh.org.uk","Principals"," from","  schools  in"
"snh.org.uk","benefited"," from","  involvement"
"snh.org.uk","the cynical,"," from","  expectations"
"snh.org.uk","together away"," from","  home  over a"
"snh.org.uk","value derived"," from","  contact"
"snh.org.uk","to and"," from","  venues  . If"
"snh.org.uk","contact"," from","  parents  in"
"snh.org.uk","(h) Responses"," from","  parents"
"3g.co.uk","ranging"," from","  10kg  to a"
"danorth.fsnet.co.uk",". Feedback"," from","  listeners"
"danorth.fsnet.co.uk","has reported"," from","  disaster"
"lucas.ucs.ed.ac.uk","surplus cream"," from","  sales  of"
"lucas.ucs.ed.ac.uk","innovation"," from","  Mackies  - 100 %"
"lucas.ucs.ed.ac.uk",". A new treat"," from","  Mackies  for"
"headheritage.co.uk","I remembered"," from","  home  ec."
"cmt.org.uk","hearing"," from","  workers  as the"
"henniker.org.uk","set rusts"," from","  lack  of use."
"microsharp.co.uk","Available"," from","  book  shops,"
"users.dircon.co.uk","information"," from","  research"
"crawleycricket.co.uk","for everyone."," From","  business  to"
"southwestinvestmentgroup.co.uk","one of ''em..."," From","  k10k  . Stephen"
"southwestinvestmentgroup.co.uk","''s been banned"," from","  library  after"
"southwestinvestmentgroup.co.uk",", drawings"," from","  work  (a"
"comp.leeds.ac.uk","guests,"," from","  royalty  to"
"ltscotland.org.uk","reduce noise"," from","  aircraft  ."
"washerhelp.co.uk","","from","  epistemology"
"washerhelp.co.uk","is also remote"," from",""
"washerhelp.co.uk","wants range"," from","  inclinations"
"ccp14.ac.uk","angling comes"," from","  Acts  passed in"
"applebymanor.co.uk","to wake you up"," from","  sleep  . To cut"
"edu.projects.uwe.ac.uk","arising"," from","  business"
"edu.projects.uwe.ac.uk","can benefit"," from","  tax  savings"
"cam.ac.uk","Mon-Fri."," from","  9.00am  , these"
"users.tinyonline.co.uk","ethics, drawn"," from","  observation"
"washerhelp.co.uk","a flat"," from","  sky  frames Up:"
"washerhelp.co.uk","a flat"," from","  sky  frames Up:"
"parenting-forum.org.uk","protection"," from","  copyright"
"edu.projects.uwe.ac.uk","or fifty years"," from","  today  . It is"
"edu.projects.uwe.ac.uk","or fifty years"," from","  today  . It is"
"edu.projects.uwe.ac.uk","or fifty years"," from","  today  . It is"
"edu.projects.uwe.ac.uk","or fifty years"," from","  today  . It is"
"edu.projects.uwe.ac.uk","or fifty years"," from","  today  . It is"
"edu.projects.uwe.ac.uk","or fifty years"," from","  today  . It is"
"edu.projects.uwe.ac.uk","or fifty years"," from","  today  . It is"
"industrialnetworking.co.uk","resulting"," from","  negligence"
"offshoreradio.co.uk","''"," from","  ''Silence  '',"
"offshoreradio.co.uk","food chain,"," from","  farms  to shops"
"offshoreradio.co.uk","chain right"," from","  farm  to"
"offshoreradio.co.uk","the chain goes"," from","  farmer  to"
"mightyleeds.co.uk","(50 kg) made"," from","  fibre"
"lantra-awards.co.uk","industry -"," from","  farming  and"
"lantra-awards.co.uk",") correctly"," from","  cattle  aged"
"lantra-awards.co.uk","made"," from","  algae  in"
"msc.rl.ac.uk","memories"," from","  others  . So far"
"fabian-society.org.uk","withdrawn"," from","  circulation"
"garysdetecting.co.uk","","from","  time  to time if"
"stuffandnonsense.co.uk",", benefiting"," from",""
"stuffandnonsense.co.uk","creative work"," from","  production  in"
"chortle.co.uk","to quote"," from","  manuscript"
"chortle.co.uk","derive"," from","  narratives"
"menshealth.co.uk","watches"," from","  parts"
"newcollegechoir.co.uk","purposes."," From","  time  to time,"
"newcollegechoir.co.uk","may be varied"," from","  time  to time."
"walsinghamanglican.org.uk","bar codes"," from","  turnips  ."
"irishdemocrat.co.uk","thinkers"," from","  science  and"
"irishdemocrat.co.uk","","from","  literature  ,"
"cosmetics.yves-rocher.co.uk","music"," from","  jazz  and"
"cosmetics.yves-rocher.co.uk","the occasion."," From","  ballads  to"
"canalmuseum.org.uk","of our defence"," from","  set  pieces."
"competition-commission.org.uk","manufactured"," from","  steel  or"
"competition-commission.org.uk","pale heights"," from","  1.2m  to 3.6m."
"competition-commission.org.uk","is woven"," from","  steel  wire. It"
"competition-commission.org.uk","is received"," from","  websites  that"
"racoon.dircon.co.uk","and above."," From","  £69.00  per"
"spy.org.uk","Resulting"," from","  years  of"
"spy.org.uk","the amplifier"," from","  clipping  . The"
"pores.bbk.ac.uk","water"," from","  taps  ,"
"pores.bbk.ac.uk","it at home"," from","  time  to time,"
"qnecms.co.uk","and they tried"," from","  time  to time to"
"qnecms.co.uk","inseparable"," from","  Socialism  and"
"qnecms.co.uk","side - apart"," from","  sentiment  ,"
"rcr.ac.uk","clean hitting"," from","  opener  Sutton"
"rcr.ac.uk","to move on"," from","  page  one!"
"rcr.ac.uk","to move on"," from","  page  one!"
"cmis.brighton.ac.uk","and cracking"," from","  sun  , wind or"
"cmis.brighton.ac.uk","who suffer"," from","  psoriasis  ,"
"cmis.brighton.ac.uk","suffering"," from","  stress  or"
"rapid.co.uk","information"," from","  visitors  to"
"rapid.co.uk","information,"," from","  cookies  and"
"tasi.ac.uk","are protected"," from","  predators  ,"
"grumbletext.co.uk","go home early """," from","  combat  duty in"
"grumbletext.co.uk","take the field"," from","  teams  in the"
"ajb007.co.uk",". We know"," from","  experience  in"
"ajb007.co.uk","the function"," from","  start  to"
"ajb007.co.uk","single thread"," from","  start  to"
"torridonmountains.co.uk","journey back"," from","  oz  , still"
"torridonmountains.co.uk","Quote: "" Learn"," from","  yesterday  ,"
"rochdaleonline.co.uk","under attack"," from","  others  , but"
"rochdaleonline.co.uk",", not just"," from","  technique"
"fengshui-ci.co.uk","yet excluded"," from","  positions  as"
"lums.lancs.ac.uk","suggestions"," from","  participants"
"kahun.man.ac.uk","to a shift"," from","  structure  to"
"kahun.man.ac.uk",", and"," from","  organisation"
"kde.me.uk","inputs"," from","  agribusiness"
"ox.ac.uk",", deaths"," from","  cocaine"
"ox.ac.uk","","from",""
"ox.ac.uk",": Death"," from","  cocaine"
"ox.ac.uk","outcome"," from","  drug"
"rockterrace.demon.co.uk","yourself"," from","  internet"
"total.rowing.org.uk","as published"," from","  time  to time by"
"total.rowing.org.uk","both"," from","  inside  and"
"total.rowing.org.uk","University"," from","  time  to time;"
"socialistparty.org.uk","time away"," from","  home  . With"
"aitc.co.uk","a reply"," from","  none  other"
"isvr.soton.ac.uk","of our defence"," from","  set  pieces."
"pcmlp.socleg.ox.ac.uk","service"," from","  lobby"
"pcmlp.socleg.ox.ac.uk","or deferment"," from","  induction"
"open.ac.uk","10s 6d) range"," from","  £5  to 5s. Vol. 3"
"open.ac.uk","consequently"," from","  friends  and"
"inveresk.co.uk","to Dua Wahda"," from","  rally  (real"
"ull.ac.uk","''s portraits"," from","  classroom"
"somewhere.org.uk","they are free"," from","  error  , nor"
"classic-literature.co.uk","the ones"," from","  griener  and"
"screenonline.org.uk","conference"," from","  9.45AM  -"
"game.co.uk","title derived"," from","  ''Pocket"
"neptunepinkfloyd.co.uk","Fiction goes"," from","  strength  to"
"jr2.ox.ac.uk",": chapter"," from","  book  by Jane"
"jr2.ox.ac.uk","with extracts"," from","  texts"
"londonsalsa.co.uk",", who resigned"," from","  Respect  only a"
"londonsalsa.co.uk","has resigned"," from","  Respect  ."
"londonsalsa.co.uk",""" retires"," from","  politics  "" in"
"londonsalsa.co.uk","Reports"," from","  Respect"
"londonsalsa.co.uk","trying to run"," from","  debate  by not"
"londonsalsa.co.uk","Shane reports"," from","  Respect"
"londonsalsa.co.uk","reports"," from","  Respect"
"londonsalsa.co.uk","Shane reports"," from","  Respect  ''s May"
"londonsalsa.co.uk","statement"," from","  Respect"
"www-sedgwick.esc.cam.ac.uk","on Sweet Jesus"," from","  ''In  a Priest"
"www-sedgwick.esc.cam.ac.uk","Live Forever)"," from","  ''Hit  to Death"
"socialistunitynetwork.co.uk","Shopping"," from","  home  -"
"gfdl.marxists.org.uk","eclogites"," from","  crust  and"
"psigate.ac.uk","ranging"," from","  grunts  to"
"keele.ac.uk","those taken"," from","  individuals"
"keele.ac.uk","and"," from","  individuals"
"keele.ac.uk","Third Reich,"," from","  Jews  and"
"keele.ac.uk","","from","  assets"
"keele.ac.uk","were stolen"," from","  governments"
"unixhelp.ed.ac.uk","by excluding"," from",""
"unixhelp.ed.ac.uk","they are free"," from","  error  , nor"
"www2.thny.bbc.co.uk","information"," from","  Viking  Age"
"phrases.org.uk","brain suffers"," from","  haste  and"
"uklug.co.uk","","from","  funding"
"uklug.co.uk","with a shift"," from","  product"
"spartacus.schoolnet.co.uk","arising"," from","  consultation"
"dca.gov.uk","'' attention"," from","  language  to"
"dca.gov.uk","techniques"," from","  anthropology"
"dca.gov.uk","are drawn"," from","  case  study"
"greenparty.org.uk","are corrected"," from","  study  of the"
"greenparty.org.uk",", sailing"," from","  rendezvous  to"
"physiol.ox.ac.uk","etc is free"," from","  copyright  as"
"ukresistance.co.uk","","from","  abuse  Abuse"
"kingston.gov.uk","of conduct"," from","  participants"
"kwintessential.co.uk","drivers"," from","  epson  . co. uk ("
"gfdl.marxists.org.uk","unavailable"," from","  stock  or has"
"gfdl.marxists.org.uk","seven (7) days"," from","  date  of"
"gfdl.marxists.org.uk","the amount due"," from","  time  to time to"
"bl.uk","to Sunday,"," from","  17.00hrs  till"
"cnetwork.co.uk","we all do"," from","  time  to time."
"discuss.pressgazette.co.uk","can escape"," from","  life  ''s"
"uklug.co.uk","they are free"," from","  error  , nor"
"cnetwork.co.uk","life in Tehran"," from","  ages  six to"
"cnetwork.co.uk","they weave"," from","  grasses  and"
"cnetwork.co.uk","late one night"," from","  work  was"
"cnetwork.co.uk","images"," from","  caves  all over"
"humanism.org.uk","fuel ash"," from","  power"
"dca.gov.uk","is obtainable"," from","  security"
"dca.gov.uk","get a receipt"," from","  Accounts  . You"
"dca.gov.uk","Fridays only"," from","  9:30am  to"
"justkampers.co.uk","be switched"," from","  quantity  to"
"lentontimes.co.uk","- outcomes"," from","  research"
"lentontimes.co.uk","- summaries"," from","  conferences"
"history.ac.uk","were to be cast"," from","  guns  captured"
"ics.leeds.ac.uk","is"," from","  peer  reviewed"
"classic-literature.co.uk","nutrition"," from","  plants  ."
"www-sedgwick.esc.cam.ac.uk","not suffering"," from","  shellshock  ,"
"www-sedgwick.esc.cam.ac.uk","came to light"," from","  detail"
"penguinclassics.co.uk","seen it grow"," from","  strength  to"
"penguinclassics.co.uk","solicitors"," from","  minority"
"socialistunitynetwork.co.uk","","from","  drug  and"
"socialistunitynetwork.co.uk","disengages"," from","  treatment  due"
"number-10.gov.uk","! '' Viktor came"," from","  intuition  ."
"blogs.guardian.co.uk","stares"," from","  passers  by of"
"city.ac.uk","withdrawing"," from","  faith  into"
"city.ac.uk",", painted"," from","  books  and not"
"city.ac.uk","books and not"," from","  life  . '' He did"
"dca.gov.uk","hazards"," from","  tanks  in their"
"baronage.co.uk","office or"," from","  home  . The"
"baronage.co.uk",". No income (","from","  sales  , fees,"
"ics.leeds.ac.uk","gain support"," from","  people"
"ics.leeds.ac.uk","moving"," from","  top  to bottom."
"rafmarham.co.uk","are served"," from","  zeus  , so very"
"hrionline.ac.uk","(for example,"," from","  requirements"
"hrionline.ac.uk","such as design"," from","  code  ),"
"hrionline.ac.uk","results"," from","  project"
"cnetwork.co.uk","of exhibits"," from","  midget"
"phrases.org.uk","which result"," from","  research  in"
"phrases.org.uk","''discovery ''"," from","  coast  to"
"chox.org.uk","progressing"," from",""
"chox.org.uk","benefit"," from","  blood"
"chox.org.uk","2 July 2006,"," from","  http  ://www."
"fantasticfiction.co.uk","is different"," from","  Confessions  ."
"www-sedgwick.esc.cam.ac.uk","quarry in Kent"," from","  quarry  to"
"penguinclassics.co.uk","assistance"," from","  blog  visitors"
"penguinclassics.co.uk","phone calls"," from","  people  I"
"observer.guardian.co.uk","had received"," from","  headquarters"
"observer.guardian.co.uk","shut off"," from",""
"big-brother.me.uk","been immune"," from","  bombings  and"
"big-brother.me.uk","greatly"," from","  IRA  bombing"
"big-brother.me.uk",". Officers"," from",""
"growell.co.uk","NGOs moved"," from","  camera  to"
"phrases.org.uk","of learners,"," from","  grade  level"
"phrases.org.uk","new and used"," from","  amazon  . co. uk"
"phrases.org.uk","available"," from","  amazon  . co. uk"
"phrases.org.uk",". uk) Learning"," from","  Experience  :"
"phrases.org.uk","learning"," from","  experience  ?"
"phrases.org.uk","How do we learn"," from","  experience  ?"
"phrases.org.uk","not separate"," from","  experience  ;"
"eta.co.uk","transition"," from","  occupation  to"
"allotment.org.uk","and protected"," from","  elimination"
"hm-treasury.gov.uk","citizens"," from","  poverty  and"
"hm-treasury.gov.uk","derived"," from","  thinkers  from"
"spartacus.schoolnet.co.uk","much support"," from","  contributors"
"spartacus.schoolnet.co.uk","","from","  mySpace  ."
"spartacus.schoolnet.co.uk","one of its sons"," from","  today  with the"
"poetrysociety.org.uk","individuals"," from","  minority"
"poetrysociety.org.uk","of attrition"," from","  treatment  on"
"poetrysociety.org.uk","","from","  services  can"
"poetrysociety.org.uk","and resulting"," from",""
"og.dti.gov.uk","complaints"," from","  farmers  , by"
"og.dti.gov.uk","to disqualify"," from","  affiliation"
"og.dti.gov.uk",", or are they"," from","  people  within"
"og.dti.gov.uk","observers, or"," from","  cases  where"
"og.dti.gov.uk","to complaints"," from","  anyone  , and we"
"og.dti.gov.uk",", then I think"," from","  farmers  there"
"og.dti.gov.uk","advice"," from","  dozens  of"
"og.dti.gov.uk","interference"," from","  opponents  to"
"og.dti.gov.uk","lot of letters"," from","  people  who are"
"og.dti.gov.uk","of hounds"," from","  puppies  to"
"socialistunitynetwork.co.uk","ranged"," from","  concern  to"
"baronage.co.uk","figures come"," from","  lines  57,58"
"baronage.co.uk","stock is taken"," from","  lines  77 and 78"
"journalonline.co.uk","ever been away"," from","  home  before in"
"jncc.gov.uk","mainly"," from","  advertising  ,"
"jncc.gov.uk","collected"," from","  users  in a"
"incore.ulst.ac.uk","Terms of Use"," from","  time  to time"
"incore.ulst.ac.uk","the Site"," from","  time  to time"
"number-10.gov.uk","ranging"," from","  community"
"wdm.org.uk","Sheet Music"," from","  films  as well"
"wdm.org.uk","Sheet Music"," from","  films  as well"
"youngminds.org.uk","shown to arise"," from",""
"youngminds.org.uk","evidence"," from","  contexts  as"
"youngminds.org.uk","and exclusion"," from","  power  ,"
"youngminds.org.uk","this ranged"," from","  situations"
"youngminds.org.uk","assistance"," from","  members  to"
"youngminds.org.uk","holiday"," from","  household"
"youngminds.org.uk","mud-hut talks"," from","  missionaries"
"youngminds.org.uk","be excluded"," from","  groups  like"
"youngminds.org.uk","and a reading"," from","  scripture  ,"
"youngminds.org.uk",". In Freedom"," from","  Fear  :"
"youngminds.org.uk","","from","  charities"
"youngminds.org.uk","in concerns"," from","  gravity  to"
"youngminds.org.uk","existed."," From","  interviews"
"youngminds.org.uk","home visits"," from","  members  ; the"
"youngminds.org.uk","recruit"," from","  women  who are"
"youngminds.org.uk","derive"," from","  volunteer"
"youngminds.org.uk","took time away"," from","  parish  work"
"youngminds.org.uk","to superiors (","from","  husbands  to"
"youngminds.org.uk","are excluded"," from",""
"youngminds.org.uk","woman who"," from","  time  to time"
"youngminds.org.uk","a society free"," from","  violence  ."
"youngminds.org.uk","middle class"," from",""
"youngminds.org.uk","), Freedom"," from","  Fear  :"
"fpp.co.uk","be an author."," From","  k10k  . NYPL"
"starlink.rl.ac.uk","and running it"," from","  scripts  that"
"kent.ac.uk","response"," from","  organisers"
"kent.ac.uk","enquiries"," from","  group"
"gfdl.marxists.org.uk","new content"," from","  developments"
"gfdl.marxists.org.uk",". [ 9 ] The shift"," from","  publishers  ''"
"gfdl.marxists.org.uk","values"," from","  Romanticism  ,"
"gfdl.marxists.org.uk","the shift"," from","  publishers  ''"
"gfdl.marxists.org.uk",", survives"," from","  age  to age;"
"number-10.gov.uk",", 5 is best) PID"," from","  eGallery  ("
"birdtours.co.uk","funding"," from","  agencies  in"
"refer.nhs.uk",", changes sex"," from","  male  to female"
"bl.uk","little to gain"," from","  talks  in trade"
"chester.ac.uk","the threat"," from","  terrorism  ."
"chester.ac.uk","the threat"," from","  terrorism  ."
