"corpus","ukwac"
"subcorpus","-"
"concordance size","167386"
"query","Query:[lc=""has"" | lemma_lc=""has""];Positive filter (excluding KWIC):1 1 1 [tag=""Nc.*""];GDEX:100 "
"mud.co.uk","for mediation"," has","  problems  of"
"advaita.org.uk","also usually"," has",""
"nottinghillhousing.org.uk",", bd, now"," has","  information"
"victorianartinbritain.co.uk","pump"," has","  oil  bubbles"
"socialism.org.uk","archive"," has","  hundreds  of"
"galensgarden.co.uk","the Website"," has","  links  ."
"samoa.co.uk",". This song"," has","  echoes  of the"
"ilook.fsnet.co.uk","Team"," has","  authority"
"orbitsw.co.uk",", and already"," has","  thousands  of"
"martininstitute.ox.ac.uk",") and usually"," has","  ''upper  '' and"
"gfwi.org.uk",". If your child"," has","  vomiting  or"
"pocketgps.co.uk","is the ivy. It"," has","  nothing  to do"
"shopping.excite.co.uk","a trough which"," has","  steps  leading"
"mud.co.uk","the army also"," has","  access  to the"
"raworths.co.uk","F. Everybody"," has","  beauty  . Apart"
"ukspa.org.uk","use, but this"," has","  resource  and"
"martininstitute.ox.ac.uk","the former"," has","  words  that are"
"tonearm.co.uk",": Mill Cottage"," has",""
"readers.penguin.co.uk","funds and"," has","  information"
"businessbureau-uk.co.uk","in. Mr Muchly"," has","  tears  in his"
"psalmody.co.uk","attention. It"," has","  nothing  to do"
"hlst.heacademy.ac.uk","the employer"," has","  difficulty"
"hazlewood-castle.co.uk","By what decree"," has","  salt  been sown"
"lums.lancs.ac.uk","is because it"," has","  information"
"www-micro.msb.le.ac.uk","which"," has","  information"
"bcentral.co.uk","and"," has","  experience"
"skiclub.co.uk",""". The school"," has","  dormitories"
"ouabc.co.uk","generation"," has","  mountains  to"
"confetti.co.uk",". The Spa"," has","  lots  of Health"
"wellerassociates.co.uk","This section"," has","  information"
"thecornerhouse.org.uk",". The block"," has","  security"
"thepixelfarm.co.uk","Rugby Club."," Has","  player"
"liverpoolmuseums.org.uk","the UK. JMU"," has","  offices  in"
"mybrightonandhove.org.uk","the Community"," has","  member"
"thecornerhouse.org.uk",". He"," has","  interests  in"
"martininstitute.ox.ac.uk","Eastbourne"," Has","  anybody"
"insideoutpr.co.uk","(UKCEED) and"," has","  partners  from"
"wellingboroughtownfc.co.uk","Connection"," has","  everything"
"recyclezone.org.uk","service user"," has","  housing  needs"
"fitz.cam.ac.uk","and also"," has","  things  in it"
"richard.clark32.btinternet.co.uk","club and also"," has","  residencies"
"selectideas.co.uk","thinker"," has","  time  for the"
"landforsale-investment.org.uk",", The Summons"," has","  greed  and the"
"vue.org.uk","vi "". This only"," has","  effect  when"
"connells.co.uk","all worlds. It"," has","  agility  ,"
"stonyhurst.ac.uk","intervals. It"," has",""
"talyllyn.co.uk",", and that it"," has","  functions"
"robertbuchanan.mysite.wanadoo-members.co.uk","Council also"," has","  powers  to make"
"peteralan.co.uk","population"," has","  access  to"
"key-arts.co.uk",", 11:52 PM"," has","  anyone"
"carbonflo.co.uk","... because it"," has","  everything"
"ardue.org.uk","at ardor; he"," has","  talent  , and he"
"martininstitute.ox.ac.uk","is this: why"," has","  everyone"
"nimr.mrc.ac.uk",". This unit"," has","  features  and"
"nimr.mrc.ac.uk",". This unit"," has","  features  and"
"scottishtorymeps.org.uk","and Graig Farm"," has","  access  to some"
"tonearm.co.uk","pulpit: "" Who"," has","  knowledge  of a"
"nevadaradio.co.uk",". com"," Has","  anyone  here"
"earthscan.co.uk","or: shock: it"," has","  scenes  of"
"earthscan.co.uk","or: shock: it"," has","  scenes  of"
"earthscan.co.uk","or: shock: it"," has","  scenes  of"
"stonyhurst.ac.uk",", 1788,"," has","  latitude  and"
"friendsreunitedjobs.co.uk","project"," has","  tons  of info on"
"ardue.org.uk",". She"," has","  principles  ,"
"alba.org.uk","to control who"," has","  access  to the"
"ardue.org.uk","; he"," has","  grace  and"
"britishblogs.co.uk","Secondly, KBR"," has","  experience  of"
"authorsonline.co.uk","years old and"," has","  mutation  data"
"socialism.org.uk",". ''Kimono site"," has","  info  on"
"newburytheatre.co.uk","artists"," has","  experience  of"
"micromaterials.co.uk","as though it"," has","  potential-  """
"tonearm.co.uk","apartment"," has","  everything"
"intermusica.co.uk","so that def"," has",""
"sedayne.co.uk","Nigel Slater"," has","  research"
"starfishproject.freeserve.co.uk","years,"," has","  silver  , gold"
"ukspa.org.uk",", which"," has","  implications"
"exeter.ac.uk","as books, it"," has","  lots  of wood in"
"taots.co.uk","medicine and"," has","  expertise  in"
"mabels-tables.co.uk","! Roadrunner"," has","  things"
"ace.abertay.ac.uk","authority"," has",""
"stonyhurst.ac.uk","an early map"," has","  lat  and long"
"jwnash.co.uk",", for example D"," has","  osa  mh"
"ucml.org.uk","Me Back ''"," has","  echoes  of the"
"italian.classic-literature.co.uk","shop that"," has","  jars  of"
"insideoutpr.co.uk","the public"," has","  access  to"
"fastcart.co.uk","musician"," has","  plenty  of"
"martininstitute.ox.ac.uk","Is it just me or"," has","  anyone  else"
"ewradio.co.uk","catalogue now"," has","  sheet  music"
"accfinweb.account.strath.ac.uk","Wife """," has","  bow  , arrows,"
"overclockers.co.uk",". Besides, she"," has","  tears  , sighs,"
"cherryred.co.uk",". km: my box"," has","  b33n  hacked"
"glasgowarchitecture.co.uk","medicinally,"," has","  re-emerged"
"eagle19.freeserve.co.uk","the High Court"," has","  admiralty"
"armedforces.co.uk","the public"," has","  confidence"
"homepages.gold.ac.uk","and therefore"," has","  thousands  of"
"classicmarine.co.uk","etc which"," has",""
"martininstitute.ox.ac.uk","or debate "" and"," has","  nothing  to do"
"masterfind.co.uk","speed Music"," has","  charms  to"
"xibalba.demon.co.uk","that it"," has","  vigour  to"
"persephonebooks.co.uk","ideology,"," has","  nothing  to do"
"yealm-holidays.co.uk","our class"," has","  features  that"
"asa-training.co.uk","anyone who"," has","  information"
"cmf.org.uk","Century page (","has","  pictures  of a"
"chrishardy.co.uk",", which"," has",""
"chrishardy.co.uk","Services Team"," has",""
"classic-literature.co.uk","that"," has","  nothing  to do"
"thepixelfarm.co.uk","technique"," has","  promise  ."
"i-sis.org.uk",". Malta diving"," has","  something  to"
"crewecvs.org.uk","in principle"," has","  choice  ."
"showmelearning.co.uk","Society also"," has","  specialist"
"swiftmedical.co.uk","is because it"," has","  lots  of space"
"wasteonline.org.uk","who knows or"," has","  access  to any"
"techscribe.co.uk","in Geneva. It"," has",""
"tonykline.co.uk","in orange."," Has","  orange"
"william-shakespeare.classic-literature.co.uk","we understand"," has","  confirmation"
"macrobiotics.co.uk",". The stomach"," has","  cells  which"
"macrobiotics.co.uk","population"," has","  heartburn  at"
"cpgb.org.uk","that everyone"," has","  access  to"
"treehuggermums.co.uk","South West?"," Has","  anyone  gone"
"woodlandsfarm.co.uk","making."," Has","  links  with"
"landscapingpavingstone.co.uk","collection"," has","  application"
"careersabroad.co.uk","ensemble that"," has","  pl  ... more"
"spot-on-sundials.co.uk",". progression"," has","  implications"
"spot-on-sundials.co.uk","Branch"," has",""
"northeastnocampaign.co.uk","a boy who"," has","  ADHD  , and has"
"northeastnocampaign.co.uk","Health, who"," has",""
"fabian-society.org.uk","wanted to ask"," has","  anyone  used a"
"fabian-society.org.uk",") and the seat"," has","  cross  legs a"
"fabian-society.org.uk","how the seat"," has","  cross  legs"
"nln.ac.uk","of what"," has","  jut  happened"
"sasdaniels.co.uk","'' often"," has","  overtones  of"
"sasdaniels.co.uk",", but also"," has","  gaps  . These"
"sasdaniels.co.uk","and"," has","  seeds  . It can"
"mysteriousbritain.co.uk",", which"," has","  lift  access,"
"mysteriousbritain.co.uk","of the IHR"," has",""
"cafod.org.uk","of Scotland)"," has","  registers"
"washerhelp.co.uk","Rumsfield."," Has","  anyone  noted"
"hfstephens-museum.org.uk","''. And he"," has","  hope  in the"
"transcomm.ox.ac.uk","Windows Forms"," has","  thread"
"clieuk.co.uk",". It also"," has","  tips  on"
"bfi.org.uk:8080","Ireland"," has","  lead  , to an"
"bfi.org.uk:8080",". Canada"," has","  class  ,"
"bfi.org.uk:8080","society"," has","  nothing  to do"
"shef.ac.uk","copy"," has","  *not*  been"
"mygen.co.uk","and therefore"," has","  relevance  for"
"headheritage.co.uk","peer group,"," has","  difficulties"
"prospect-magazine.co.uk","Ireland"," has","  lead  , to an"
"rhs.org.uk","app. It"," has","  pros  and cons"
"hud.ac.uk","frame"," has","  thresholds"
"freedomministries.org.uk","paths?"," Has","  retrenchment"
"broadcaster.org.uk","community"," has","  weapons"
"big-brother.me.uk",");? He who"," has","  ears  to hear,"
"phrases.org.uk","Ireland"," has","  experience  of"
"jr2.ox.ac.uk","Secretariat."," has","  anyone  ever"
"number-10.gov.uk","ultimately"," has","  choices  and"
"number-10.gov.uk","will always"," has","  something  to"
"greenparty.org.uk","word '' long and"," has","  kind  value 2,"
"paramedic.org.uk","). It"," has","  eleven"
"wessexscene.co.uk","Marathon man?"," has","  typewriter  ,"
"psigate.ac.uk",", and"," has","  patents  for"
"fortunecity.co.uk","Station, and"," has","  facilities"
"ippr.org.uk","of mine who"," has","  trouble"
"kwintessential.co.uk",". Each sport"," has","  details  of"
"big-brother.me.uk","site"," has","  news  about new"
"big-brother.me.uk","This site"," has","  links  to over"
"lentontimes.co.uk","mean that one"," has","  knowledge  of"
"iwar.org.uk","i will end up!"," Has","  anyone  else"
"gfdl.marxists.org.uk",". He"," has","  command  of a"
"icnewcastle.icnetwork.co.uk","after."," Has","  anyone  had the"
"fortunecity.co.uk",". An African"," has","  duties  to"
"defra.gov.uk","stature. It"," has","  character  and"
"defra.gov.uk","stature. It"," has","  character  and"
"defra.gov.uk","stature. It"," has","  character  and"
"defra.gov.uk","stature. It"," has","  character  and"
"www-sedgwick.esc.cam.ac.uk","of a person who"," has","  eye  disease or"
"le.ac.uk","scan also"," has","  options  to"
"rcpbml.org.uk","in decades now"," has",""
"indigogroup.co.uk","Trust"," has","  cherry  picked"
"queens.ox.ac.uk","it also"," has","  card  outer box"
"queens.ox.ac.uk","resistance."," Has","  uni"
"evuk.co.uk","that everyone"," has","  problems  , it"
"cjemicros.co.uk","Director. She"," has","  teaching  and"
"medinfo.co.uk","''s not that she"," has","  anything  to"
"clwww.essex.ac.uk","we have."," has","  anyone  else"
"clwww.essex.ac.uk","this? and"," has","  anybody  tried"
"scips.worc.ac.uk","who"," has",""
"skyscript.co.uk","of this area."," Has","  anyone  heard"
"age-exchange.org.uk","guy in front,"," has","  mines  laid all"
"age-exchange.org.uk","Wipeout still"," has","  plenty  of"
"eoc.org.uk",". It"," has","  swivel  lugs to"
"persephonebooks.co.uk","that everyone"," has","  impairments"
"persephonebooks.co.uk","each person"," has","  value  and"
"pressbox.co.uk","who only"," has","  GCSEs  , is more"
"visitsouthwest.co.uk","authority"," has",""
"ling.ed.ac.uk",", it seems,"," has","  support  acts"
"rousette.org.uk","model that"," has","  nothing  to do"
"gerty.ncl.ac.uk","player if it"," has","  multi-region"
"smoothhound.co.uk",". If he"," has","  something"
"propheticvision.org.uk","vi "". This only"," has","  effect  when"
"hlst.heacademy.ac.uk","District"," has","  everything"
"lateralscience.co.uk",", meanwhile,"," has","  copies  of a 35"
"emco.co.uk","Daggers. It"," has","  moments  of"
"insurgentdesire.org.uk","map now"," has","  plate  number"
"insurgentdesire.org.uk","map now"," has","  plate  number"
"garethjmsaunders.co.uk","occasionally"," has","  news  items of"
"liberty-human-rights.org.uk",". The firm"," has","  experience  in"
"professorharbottle.co.uk","Seth Godin"," has","  something  of a"
"marine.gov.uk","my hon. Friend"," has","  access  to that"
"brunel.ac.uk","leave,"," has","  effect  only in"
"cwn.org.uk","footer, and"," has","  attributes"
"partypants.co.uk","when it"," has","  anything  to do"
"mimas.ac.uk","logo. It"," has","  stop  seconds"
"mimas.ac.uk","the rotor. It"," has","  stop  seconds"
"mimas.ac.uk","logo. It"," has","  stop  seconds"
"mimas.ac.uk","logo. It"," has","  stop  seconds"
"retirement-matters.co.uk","in four years"," has","  nothing  to do"
"retirement-matters.co.uk","terrace, and"," has","  bags  of"
"sais.gov.uk","than us! ! ! She"," has","  loads  of"
"jcrwww.quns.cam.ac.uk","department"," has","  access  to the"
"age-exchange.org.uk","? and she"," has","  plans  for Jeff"
"langtrymanor.co.uk","to have. It"," has","  support  for"
"zem.demon.co.uk","mins: Garcia"," has","  acres  of space"
"zem.demon.co.uk","him, but he"," has","  time  to"
"borinvanloon.co.uk","and"," has","  hearing  loops"
"birminghamfocus.org.uk",". I wonder if it"," has","  something  to"
"smws.co.uk",". Each one"," has","  powers  of a"
"smws.co.uk","up. This game"," has","  everything"
"poetrymagazines.org.uk","officer"," has",""
"cre.gov.uk","the atom"," has","  parts  ,"
"century.guardian.co.uk","Their web site"," has","  information"
"century.guardian.co.uk","BPF website"," has","  information"
"materials.ac.uk","point "" which"," has","  facilities"
"helo.co.uk","beneficial."," Has","  interfaces  to"
"equinetourism.co.uk","agenda that"," has","  nothing  to do"
"frenchconnections.co.uk",": Al Temyat"," has","  acres  of space"
"drivetech.co.uk",", even Paul"," has","  trouble  in his"
"worldwar1.co.uk","family owns"," has","  chrome  wheels"
"dcmt.cranfield.ac.uk","off. Windows"," has","  command  line"
"william-shakespeare.org.uk","room. This"," has","  state  of the"
"ubu.org.uk","decorated and"," has","  everything"
"shipit.co.uk","obviously"," has","  nothing  to do"
"redking.co.uk","man. Not only"," has","  man  committed"
"sndc.demon.co.uk","now and then"," has","  reasons  for"
"brad.ac.uk","Jewell only"," has","  eyes  for"
"monkoptics.co.uk","(FIRST) and"," has","  contacts  with"
"adfam-parents.org.uk","station yard"," has","  picnic  tables"
"ccruni.gov.uk","Target Area"," has",""
"paulcrawford.co.uk","the atom"," has","  parts  ,"
"paulcrawford.co.uk","Going ahead it"," has","  sections  of"
"ind.homeoffice.gov.uk","to Christ"," has","  nothing  to do"
"realclassic.co.uk","web address"," has","  ''uk  '' in it -"
"connells.co.uk","of ONT, and IND"," has","  fares  as low as"
"compbio.dundee.ac.uk","days a week and"," has","  staff  on site"
"safeguardbarriers.co.uk","the poor man"," has","  nothing  on"
"woodforde.co.uk","Each building"," has","  plenty  of"
"proquest.co.uk",". The Saturday"," has","  competitions"
"src.le.ac.uk","in a season,"," has","  anybody  else?"
"usdaw.org.uk","time- spec"," has","  nanosecond"
"usdaw.org.uk",") to see when it"," has","  input  . */"
"moneybasics.co.uk","prints bfi"," has","  brand  new"
"localhistory.scit.wlv.ac.uk","Times"," has","  pictures  of"
"fie.org.uk","The little one"," has","  face  paint on,"
"carcanet.co.uk","the new blog"," has","  none  , my"
"nervous.co.uk","of Scotland"," Has","  anyone  had any"
"aeroflight.co.uk","at all times -"," Has","  knowledge  of"
"aeroflight.co.uk","languages and"," has","  experience  of"
"aeroflight.co.uk","one and"," has","  scope  for"
"taylorbells.co.uk",". St. Luke ''s"," has","  plenty  of"
"kenyabirds.org.uk","(FIRST) and"," has","  contacts  with"
"weddingguide.co.uk","new extension"," has","  windows  with"
"templerecords.co.uk","Winner still"," has","  questions  to"
"templerecords.co.uk","but still"," has","  work  to do to"
"mystical-www.co.uk","diocese"," has","  details  of all"
"rya.org.uk",", as the case"," has","  space  for two"
"hysteria-lives.co.uk","The glossary"," has","  definitions"
"streamcity.co.uk","Lee of Bath"," has","  ideas  about"
"islamic-college.ac.uk",". The increase"," has","  resource  and"
"jardmail.co.uk","which coffee"," has","  cult  status, """
"mythofcreation.co.uk","in life that"," has","  kingdom"
"aimhigher.ac.uk","the job holder"," has","  freedom  to act"
"idler.co.uk","exact paper,"," has","  anyone  found a"
"warwickshire-wildlife-trust.org.uk","hospital"," has","  experience  of"
"raintree-health.co.uk","This book"," has","  advice  in how"
"digitalspy.co.uk","of tools and"," has","  familiarity"
"welhat.gov.uk","a subsidiary"," has","  subsidiaries"
"thefword.org.uk","Manager, who"," has","  skills  in"
"books.kelkoo.co.uk","Agency also"," has",""
"caledonian.ac.uk","Agency site"," has","  advice  on"
"william-shakespeare.org.uk","like a regex (","has","  non-letters  )"
"william-shakespeare.org.uk","set. Perl also"," has","  environment"
"reading.ac.uk",". This last"," has","  photographs"
"brucesfingers.co.uk","who"," has","  access  to, and"
"brucesfingers.co.uk","to, and who"," has","  control  over,"
"brucesfingers.co.uk","and this"," has","  implications"
"inspectormorse.co.uk","and thus"," has","  research"
"cls.ioe.ac.uk","approach"," has","  limitations"
"bps.org.uk","Court"," has","  jurisdiction"
"qcanet.co.uk","! I know he"," has","  talent  , and"
"well.ac.uk",". co. uk"," has","  lists  of UK"
"ecotravel.org.uk","a work that"," has","  problems"
"ecotravel.org.uk","in that film"," has","  elements"
"bmb.leeds.ac.uk","what.... but"," has","  anyone  here"
"theedge.abelgratis.co.uk","the Bible"," has","  something  to"
"insideoutpr.co.uk","mins: Miguel"," has","  bags  of space"
"englishmonarchs.co.uk","Agency"," has","  evidence  that"
"gare.co.uk","of all kinds it"," has","  sections  on"
"find-me-a-gift.co.uk","mins: Emerton"," has","  time  and space"
"familiesonline.co.uk",". CASE 6 A man"," has","  trouble"
"comsys.co.uk","in the group"," has","  something"
"assemblage.group.shef.ac.uk","'', yeah?"," Has","  everyone  seen"
"assemblage.group.shef.ac.uk","Rocket."," Has","  anyone  here"
"assemblage.group.shef.ac.uk","Rocket? Ooh."," Has","  anyone  here"
"jennifermackenzie.co.uk","phase in what"," has","  mo  ... read"
"jennifermackenzie.co.uk","(ippr)"," has","  expertise  ."
"jennifermackenzie.co.uk",", the ippr,"," has","  wel  ... read"
"henry-moore-fdn.co.uk","then, the BBC"," has","  plenty  of"
"practical-martial-arts.co.uk","regimes, and"," has","  sections  on"
"members.lycos.co.uk","Cambridge"," has","  thousands  of"
"search.reviews.ebay.co.uk",". This"," has","  knock-on"
"search.reviews.ebay.co.uk","relative also"," has","  children"
"westyorkshire.police.uk","that"," has","  nothing  to do"
"payaway.co.uk",". The site"," has","  induction"
"v-e-t-s.co.uk",". The fishfarm"," has","  protection"
"cistercian-way.newport.ac.uk","1976. The DCMS"," has",""
"assetprotections.co.uk",", deciding who"," has",""
"longwalls.ncl.ac.uk","dog harness"," has","  straps  that"
"careers.ed.ac.uk","the room, and"," has","  zinc  flues at"
"tonearm.co.uk","which it still"," has","  today  and has"
"connectpa.co.uk","codes"," has","  dimensions"
"p-jones.demon.co.uk","numbers"," has","  length  2, then"
"parentzonescotland.gov.uk","a therapist?"," Has","  anything"
"ias.org.uk","of this kind"," has","  shortcomings"
"poetrymagazines.org.uk","traveller"," has","  everything"
"tuc.org.uk","Sheriff! Bob"," has","  backing"
"healthmatters.org.uk","This site"," has","  information  ,"
"stewardsschool.co.uk",". It"," has","  hundreds  of"
"bond.org.uk","usage still"," has","  room  to grow."
"borkowski.co.uk",") to see when it"," has","  input  . */"
"northill.demon.co.uk",". The garden"," has","  appeal  for all"
"kenyabirds.org.uk","show which"," has","  flashes  of"
"kensington-unitarians.org.uk",". The library"," has","  material  that"
"htlc.hants.gov.uk","screen, so it"," has","  nothing  to do"
"cs.bris.ac.uk","to NYC, MAS"," has","  specials  from"
"compbio.dundee.ac.uk","and agency"," has","  information"
"savoy.abel.co.uk","magazine"," has","  details  of the"
"monju.pwp.blueyonder.co.uk","huntsman who"," has","  control  of the"
"hazelden.org.uk","wisdom"," has","  socialists"
"geologywales.co.uk","well. It also"," has","  articles  on"
"foundationtv.co.uk","product also"," has","  applications"
"greenwichcollege.co.uk","year, Britain"," has","  today  the best"
"greenwichcollege.co.uk","school pupil"," has","  enterprise"
"equinetourism.co.uk",". HAHAHA"," has","  anyone  heard"
"equinetourism.co.uk",". HAHAHA"," has","  anyone  heard"
"equinetourism.co.uk",". HAHAHA"," has","  anyone  heard"
"equinetourism.co.uk",". HAHAHA"," has","  anyone  heard"
"equinetourism.co.uk",". HAHAHA"," has","  anyone  heard"
"eng.cam.ac.uk","after May 19."," Has","  experience"
"farm.org.uk","organisation"," has","  executives  of"
"pondprofessorpumps.co.uk",". For example,"," has","  language  been"
"mandarina.co.uk","plants and"," has","  contacts  with"
"nevadaradio.co.uk","authority. It"," has","  nothing  to do"
"nuts.co.uk",", which"," has","  nutrition"
"ilook.fsnet.co.uk","''s Speech that"," has","  confirmation"
"connells.co.uk",". ac. uk/ ]"," has","  information"
"constipationadvice.co.uk",", and which"," has","  members  drawn"
"family-ancestry.co.uk","in mind Sy now"," has","  employment"
"family-ancestry.co.uk","in mind Sy now"," has","  employment"
"poetrymagic.co.uk","Sussex group"," has","  experience  in"
"pdsg.org.uk","cant, which"," has","  nothing  to do"
"rousette.org.uk",", Matthew,"," has","  bough  a cheap,"
"rousette.org.uk","Marsham"," has","  money  of"
"rousette.org.uk","police, but"," has","  proof  of his"
"geologywales.co.uk",". Elizabeth"," has",""
"congressfordemocracy.org.uk",". "" All that"," has","  nothing  to do"
"spitfiresociety.demon.co.uk","Agency also"," has",""
"eagle19.freeserve.co.uk",") This section"," has","  effect"
"tibenham.fsnet.co.uk","ticket. It"," has","  nothing  to do"
"lsbu.ac.uk","holidays. It"," has","  benefits  for"
"universalenergycentre.co.uk","individual"," has","  views  that"
"universalenergycentre.co.uk","activists. It"," has","  chapters  on"
"p-jones.demon.co.uk",". That"," has","  implications"
"emotionalprocessing.org.uk","business that"," has","  budget  ,"
"pixeltechnology.co.uk","cohesion"," has","  plenty  of"
"rockmine.music.co.uk",". It also"," has","  information"
"teachingenglish.org.uk","''s Framework"," has",""
"dreamconstructionjobs.co.uk","someone who"," has","  experience  of"
"jdhooker.org.uk",". Clever Klose"," has","  sights  on goal"
"camden.gov.uk",". He"," has","  interests  in"
"urbanforum.org.uk","soon."," Has","  anyone  else"
"theatreguidelondon.co.uk","which"," has","  information"
"carnegiegreenaway.org.uk","The Minish Cap"," has","  everything"
"crusaders.org.uk","in music "": one"," has","  time  , the"
"bures-online.co.uk",", each film"," has","  details  of"
"halletts.co.uk",". "" Hang on."," Has","  nobody  told"
"buildingdesign.co.uk","document"," has","  everything"
"britishdruidorder.co.uk","Officer,"," has","  details  of the"
"fire.org.uk","was, Kim"," has","  plenty  of"
"sd-commission.org.uk","same time if it"," has","  access  to a"
"chinese-embassy.org.uk","I think the US"," has","  designs  not"
"historyhouse.co.uk","Prosecutor"," has","  pleas  based on"
"historyhouse.co.uk","Court (which"," has","  jurisdiction"
"publications.oxfam.org.uk","contacts page"," has","  links  to most"
"hibberts.co.uk",". Mailbase"," has","  funding  for a"
"tuc.org.uk","Comedy)"," Has","  anyone  else"
"tuc.org.uk","in the media?"," Has","  anyone  seen"
"scottishsweets.co.uk",", yes its"," has","  years  of"
"scottishsweets.co.uk","% stable and"," has","  bugs  all over"
"nasuwt.org.uk","have died, and"," has","  berries  that"
"retirement-matters.co.uk",", as"," has","  teacher"
"stewardsschool.co.uk","cloning that"," has","  nothing  to do"
"charles-darwin.classic-literature.co.uk",", Colombia"," has","  resources  of"
"cee.hw.ac.uk","This section"," has","  information"
"optimumimpact.co.uk","Service"," has","  offices  in"
"britishblogs.co.uk","it states it"," has","  box  and"
"uncaged.co.uk","of the Court"," has","  p.27  been"
"missiedith.bentbacktulips.co.uk","out of a hole."," Has","  research  made"
"geologywales.co.uk",". The website"," has","  links  to"
"geologywales.co.uk",". Website also"," has","  links  to"
"geologywales.co.uk","website also"," has","  links  to"
"geologywales.co.uk","organization"," has","  links  to its"
"geologywales.co.uk",", and"," has","  links  to"
"geologywales.co.uk","website also"," has","  links  to"
"geologywales.co.uk",". The website"," has","  links  to all"
"geologywales.co.uk","IHF. Website"," has","  links  to the"
"geologywales.co.uk",". Website"," has","  links  to the"
"rcsed.ac.uk","section"," has","  news  and"
"bond.org.uk","for 7 years."," has","  anyone  else"
"cyberselect.co.uk","definitely"," has","  benefits  . One"
"ch.cam.ac.uk","Patent Office"," has","  web  pages with"
"ch.cam.ac.uk","Patent Office"," has","  web  pages with"
"darknessandlight.co.uk","Forum (ESF)"," has",""
"jollyfarmer.co.uk","The UK"," has",""
"kore.co.uk","don''t know if"," HAs","  cause  cancer"
"darley.co.uk",". This page"," has","  prayers  that"
"trin.cam.ac.uk","I suppose he"," has","  nothing  else"
"trin.cam.ac.uk",". "" I suppose he"," has","  nothing  to"
"pumasoft.co.uk","kit"," has","  everything"
"careers.ed.ac.uk","wonder if this"," has","  anything  to do"
"richard.clark32.btinternet.co.uk","of stuff that"," has","  clips  , movies"
"graysathletic.co.uk",". And Sarah"," has","  reason  to be"
"graysathletic.co.uk","in Furness. He"," has","  plans  for"
"graysathletic.co.uk",", Sarah Danby"," has","  in-law"
"twyfordbowlingclub.org.uk","people. It"," has","  information"
"alternatetakes.co.uk",". This"," has","  implications"
"ragsdale.co.uk","publicity"," has","  worked(which"
"ragsdale.co.uk","reps. 4."," Has","  anyone  else"
"graysathletic.co.uk","option. "" "" It"," has","  nothing  to do"
"theweddingnetwork.co.uk",". Soup"," has","  healing"
"hinduism.fsnet.co.uk","literature"," has","  anything  to do"
"varietyclub.org.uk","Ireland"," has","  experience  of"
"culturalprofiles.org.uk","that person"," has","  ch  ... birgul"
"healeyhero.co.uk","for that she"," has","  intuition  ,"
"childrens.uk-shoponline.co.uk",") 135kb,"," has","  implications"
"my-history.co.uk","this one just"," has","  hits  . The"
"punk77.co.uk","Office"," has","  information"
"fie.org.uk","Party"," has","  stalls  in many"
"horniman.ac.uk","former of whom"," has","  two-thirds  ,"
"bagpipeworld.co.uk",", Qatar"," has","  ambitions  to"
"missiedith.bentbacktulips.co.uk",", which still"," has","  leeks  in the"
"missiedith.bentbacktulips.co.uk","The coldframe"," has","  brassica  and"
"itgovernance.co.uk","commander"," has","  laser  range"
"itgovernance.co.uk",", which"," has","  priority  of"
"musicfor2.co.uk","view, but each"," has","  something"
"walterscott.lib.ed.ac.uk","genre. It"," has","  links  to"
"gfwi.org.uk","Bradley never"," has","  anything  good"
"radicalroutes.org.uk","Government"," has","  identi  ..."
"radicalroutes.org.uk","more. The sky"," has","  limits"
"radicalroutes.org.uk","more. The sky"," has","  limits"
"daydreamnation.co.uk","comment that"," has","  nothing  to do"
"literacytrust.org.uk",". But she"," has","  children  and"
"llandrillo.ac.uk",", bd, now"," has","  information"
"redking.co.uk","of companies"," has","  tentacles"
"ypressalient.co.uk",". The company"," has","  operations  in"
"bbcgovernors.co.uk",". This element"," has","  personnel"
"bbcgovernors.co.uk","cases. It also"," has",""
"taxibus.org.uk","2002. "" It"," has","  nothing  to do"
"stonyhurst.ac.uk","This actually"," has","  flavor  . And it"
"inspectormorse.co.uk","''s will which"," has","  authority  ."
"economie.co.uk","Services"," has","  work  at £6 per"
"phundria.org.uk",", which also"," has","  wheel  chair"
"eif.co.uk","this comment."," Has","  anyone"
"eif.co.uk","this comment."," Has","  anyone  read ''I"
"frenchconnections.co.uk","the School"," has","  expertise  in a"
"iserv.abertay.ac.uk","up, the bubble"," has","  burst  . The"
"fpa.org.uk",", because it"," has","  funding"
"fpa.org.uk","Government"," has",""
"fpa.org.uk","but it also"," has",""
"f1comp.co.uk","approach that"," has","  nothing  to do"
"howitis.org.uk","which"," has","  translation"
"safeguardbarriers.co.uk","and abbey"," has","  photos  and a"
"middle-ages.org.uk","How many times"," has","  Dr  Who faced"
"vanunu.freeserve.co.uk",", but the site"," has","  links  to Taiko"
"medical-acupuncture.co.uk","logbook which"," has","  currency  in"
"wildfowling.co.uk","thinking Pip"," has","  herpes  ! The"
"bornfree.org.uk","decade. He"," has","  passion  and is"
"education.leeds.ac.uk","In this case it"," has","  nothing  to do"
"missinglinkclassichorror.co.uk","that"," has","  applications"
"walterscott.lib.ed.ac.uk","Leeds,"," has","  plans  in place"
"crusaders.org.uk","*) EBS also"," has","  input  into the"
"naldic.org.uk",", and"," has","  thousands  of"
"glaucus.org.uk","migraines."," Has","  anyone  come"
"glaucus.org.uk","a question?"," Has","  anyone  had an"
"francealacarte.org.uk","when the enemy"," has","  air"
"francealacarte.org.uk","normally"," has","  priority  over"
"rapnews.co.uk","grimace. "" He"," has","  silver  in his"
"jdhooker.org.uk","factors that"," has","  researchers"
"artifact.ac.uk","that person"," has","  something"
"lateralscience.co.uk","Everyone of us"," has","  memories  but"
"uhlc.org.uk","of Leaves ''."," Has","  anyone  here"
"saa.co.uk","research team"," has","  experience"
"astroman.fsnet.co.uk","so obviously?"," Has","  someone  ,"
"epsr-marx-lenin.co.uk","reflection,"," has","  application"
"epsr-marx-lenin.co.uk","which the will"," has","  something  to"
"thepixiepit.co.uk","councillor"," has","  cause  outrage"
"uhlc.org.uk","of language"," has","  English"
"karibuni.co.uk","spot also"," has","  rain  and rally"
"e-asybudget.co.uk","released."," Has","  anybody"
"missiedith.bentbacktulips.co.uk","country which"," has","  legislation"
"dcs.gov.uk",", 1695,"," has","  latitude  and"
"fylde.demon.co.uk",". CPSC"," has","  reports  of two"
"fylde.demon.co.uk",". CPSC also"," has","  reports  of"
"moneybasics.co.uk","Add to basket"," Has","  someone  made"
"kno.org.uk",". Cambridge"," has","  restaurants"
"psi.org.uk",": Oxford"," has","  buildings"
"gare.co.uk","clearly"," has","  something  to"
"nimh.org.uk","the moment. He"," has","  vomiting  ,"
"barnardos.org.uk","that ''this"," has","  nothing  to do"
"barnardos.org.uk",". This voice"," has","  things  so"
"coffee-house.org.uk","the draft Bill"," has","  twenty-two"
"scientificmethod.co.uk","believes he"," has","  players  "" able"
"www4.rhbnc.ac.uk","the person"," has","  freedom  of"
"chapmancentral.demon.co.uk","with a CD which"," has","  tracks  from 10"
"compsoc.dur.ac.uk",""" my husband"," has","  pancreatitis"
"kneeling.co.uk","VERY comfy. It"," has","  style  and"
"moremusic.co.uk","launched and"," has","  on-board  four"
"gorleston-on-sea.co.uk","side effects!"," Has","  anyone  else"
"helo.co.uk","Add to basket"," Has","  someone  made"
"englishmonarchs.co.uk","forum; it also"," has","  articles  ,"
"englishmonarchs.co.uk","), it also"," has","  links  to"
"numed.co.uk",", but"," has","  plenty  of"
"wwwfom.sk.med.ic.ac.uk","parking, it"," has","  everything"
"jamescowper.co.uk",". ''I guess it"," has","  alot  to do with"
"jamescowper.co.uk","Conqueror and"," has","  connections"
"operations.mod.uk","the EU, yet it"," has","  areas  of"
"lwtua.free-online.co.uk","parking. Flat"," has","  gas  central"
"civiljusticecouncil.gov.uk","to feel bad."," Has","  anyone  else"
"animism.org.uk","language"," has","  value  and"
"star.pst.qub.ac.uk","This book"," has",""
"abbeyghosthunters.co.uk","club which"," has","  access  to many"
"nuj.org.uk","of that, he"," has",""
"nuj.org.uk","last year). It"," has","  momentum  and"
"britslash.co.uk","as I am that he"," has","  something  of"
"intermusica.co.uk","original work"," has","  relevance  for"
"caj.org.uk","but the letter"," has","  nothing  to do"
"caj.org.uk","the novel. He"," has","  nothing  in"
"dreamnation.fsnet.co.uk","unbearable."," Has","  anyone  else"
"childline.org.uk","for the type of"," has","  substrata"
"fpp.co.uk",". ac. uk who"," has","  registration"
"microsharp.co.uk","theology"," has","  answers  as"
"washerhelp.co.uk","general sense"," has","  concepts  and"
"washerhelp.co.uk","the story"," has","  something  to"
"washerhelp.co.uk","the first"," has","  nothing  in it"
"revolutionary-history.co.uk","children he"," has","  fads  ,"
"parenting-forum.org.uk","Office. She"," has","  experience  as"
"applebymanor.co.uk","is 333 metres."," Has","  mint"
"applebymanor.co.uk","hand ends."," Has","  date  window at"
"washerhelp.co.uk","frame"," has","  thresholds"
"chyps.co.uk","world; the UK"," has","  access  to this"
"chyps.co.uk","The UK"," has","  access  to the"
"industrialnetworking.co.uk","of the Company"," has","  authority  to"
"irishdemocrat.co.uk","and"," has","  pages"
"firedog-design.co.uk",". Each one of us"," has","  ministry  to do"
"spy.org.uk","all worlds. It"," has","  agility  ,"
"rcr.ac.uk","of June 2006"," Has","  anyone  seen a"
"rcr.ac.uk","or email on"," Has","  anyone  seen a"
"cmis.brighton.ac.uk","the green tea"," has","  anti-oxidant"
"ajb007.co.uk","even though it"," has","  space  to show"
"open.ac.uk",", destitute,"," has","  notion  of"
"open.ac.uk","(12611. c.27)"," has","  book  plate of"
"doc.ic.ac.uk","organisation"," has","  access  to"
"londonsalsa.co.uk",", Respect"," has","  nothing  to say"
"jncc.gov.uk",". Block"," has","  security"
"futurelab.org.uk","Sukhanov"," has","  everything  a"
"bjhc.co.uk","markers. It"," has","  screw  down"
"bjhc.co.uk","markers. It"," has","  screw  down"
"bjhc.co.uk",". This bezel"," has","  numbers  zero"
"bjhc.co.uk","it. It"," has","  screw  down"
"bjhc.co.uk","chronograph."," Has","  mint  dial and"
"bjhc.co.uk","outer bezel"," has","  marks  to it"
"bjhc.co.uk","diving. It"," has","  tritium"
"physiol.ox.ac.uk","be made still"," has","  copyright  for"
"gfdl.marxists.org.uk","policy"," has","  bee  agreed by"
"shef.ac.uk","plugged. "" He"," has","  nothing  upon"
"shef.ac.uk","that he"," has","  nothing  about"
"cnetwork.co.uk","but the site"," has","  pictures  !"
"fortunecity.co.uk","though brief,"," has","  charm  ;"
"number-10.gov.uk","in Egypt also"," has","  resonances"
"city.ac.uk","''s poetry that"," has","  something  to"
"rafmarham.co.uk","(currently"," has","  hardware"
"dailymail.co.uk","news magazine"," has","  articles  on"
"penguinclassics.co.uk","council that"," has","  recycling"
"big-brother.me.uk","injury, but it"," has","  discretion  to"
"big-brother.me.uk",". The ICPC"," has","  power  , in the"
"spartacus.schoolnet.co.uk",", MySpace now"," has","  competition  ."
"poetrysociety.org.uk",". This"," has","  training"
"youngminds.org.uk","all, this"," has","  nothing  to do"
"hm-treasury.gov.uk","? near phone?"," has","  bt  socket?"
"nzstamps.fsnet.co.uk","inexpensive,"," has","  GRAS  ("
"incore.ulst.ac.uk","like yourself"," has","  kidney"
"guilfest.co.uk","in F stops and"," has","  click"
"bubl.ac.uk","frame"," has","  thresholds"
"ysbl.york.ac.uk",":? she"," has","  taste  without"
"positivenation.co.uk","Thames Water"," has","  contracts  in"
"ebi.ac.uk",". Hi everybody"," Has","  anyone  else"
"allotment.org.uk","findings? How"," has","  knowledge  or"
"allotment.org.uk","? How well"," has","  diversity  of"
"allotment.org.uk","? How well"," has","  detail  , depth"
"ess.uwe.ac.uk","first. It"," has","  everything"
"uklug.co.uk","it and also"," has","  socklen_t  ."
"hmrc.gov.uk","model Windows"," has","  today  by the"
"thegoodwebguide.co.uk","Montigny, it"," has","  lots  of"
"periodproperty.co.uk","because she"," has","  standing  of"
"scalibor.co.uk","incidentally"," has","  anyone  ever"
"crbs.org.uk","(RAEE)"," has","  expertise  in"
"ntu.ac.uk","because he"," has","  diabetes  ."
"rapidsar.org.uk","local Library"," has","  information"
"pdsg.org.uk","of Examiners"," has","  discretion  to"
"britishdruidorder.co.uk","maintenance"," has","  nothing  to do"
"financial-ombudsman.org.uk","length which"," has","  barbels  with a"
"voice-online.co.uk","the opponent"," has","  licensees  in"
"armyoneverest.mod.uk",". The town also"," has","  associations"
"caledonian.ac.uk","! I know he"," has","  talent  , and"
"evuk.co.uk","everyone"," has","  freedom  of"
"goddessalive.co.uk","the HIVE often"," has","  discounts"
"daydreamnation.co.uk",". Our website"," has","  information"
"cs.bris.ac.uk","system, which"," has","  failure"
"npl.co.uk","yearning"," has","  nothing  at all"
"princelyrics.co.uk","individuals"," has","  nothing  to do"
"princelyrics.co.uk","paper says it"," has","  tape"
"americansc.org.uk","boss robot"," has","  access  to"
"parentzonescotland.gov.uk","this book"," has","  originality  ?"
"philobiblon.co.uk",". The bean book"," has","  bean  around"
"gc-database.co.uk",", this website"," has","  information"
"equinetourism.co.uk","St Martins"," has","  end  of year"
"nowt2do.co.uk","the person"," has","  access  to"
"scotcourts.gov.uk","the group who"," has","  anything  to"
"congressfordemocracy.org.uk","human spirit"," has","  power  over men"
"geologywales.co.uk","35mm type that"," has","  nothing  more"
"esbhhealth.nhs.uk",", which"," has","  length"
"esbhhealth.nhs.uk","except that it"," has","  return  values"
"cleanersafergreener.gov.uk","came, she"," has","  breeding  , heâ"
"belfasttelegraph.co.uk","equipment now"," has","  access  to five"
"hibberts.co.uk","the system"," has","  nothing"
"teachingenglish.org.uk",". Begbroke"," has","  expertise  in"
"taylorbells.co.uk","name probably"," has","  nothing  to do"
"ramagazine.org.uk","suggest Iraq"," has","  smallpox  ,"
"geog.ox.ac.uk","York. The firm"," has","  expertise  in"
"geog.ox.ac.uk",". H&B"," has","  offices  in"
"equinetourism.co.uk","and the UK also"," has",""
"voa.gov.uk","good, lol"," has","  anyone  been"
"rmd.dft.gov.uk","culture and"," has","  members  in"
"medinfo.co.uk","back. It"," has","  screw  in crown"
"medinfo.co.uk","back. It"," has","  screw  in crown"
"wpbschoolhouse.btinternet.co.uk","Marathon man?"," has","  typewriter  ,"
"rbge.org.uk","is correct, it"," has","  implications"
"rbge.org.uk","years:"," has","  anyone  told"
"2175atc.co.uk","(Oh - and - Mr BW"," has","  reservations"
"colour.leeds.ac.uk","input element"," has","  id  attribute"
"universalenergycentre.co.uk","of integer I"," has","  value  1."
"jcrwww.quns.cam.ac.uk","WANTED"," Has","  anyone  a video"
"bitsnstuff.co.uk","Grand Atlas"," has","  title  page,"
"ability.org.uk","Neuberg. He"," has","  experience  in"
"ability.org.uk","future, and"," has","  plans  for"
"worldwar1.co.uk","Taylor. Nick"," has","  bee  ... read"
"worldwar1.co.uk","(ippr)"," has","  expertise  ."
"whisperingspirits.co.uk",", 11:20 AM"," has","  anyone  else"
"whisperingspirits.co.uk",", 11:25 AM"," has","  anyone  else"
"whisperingspirits.co.uk",", 11:44 AM"," has","  anyone  else"
"whisperingspirits.co.uk",", 05:34 PM"," has","  anyone  else"
"htlc.hants.gov.uk","(ippr)"," has","  expertise  ."
"youngresources.co.uk","The group also"," has","  connections"
"churchill-society-london.org.uk","UK sometimes"," has","  difficulty"
"jardmail.co.uk","coaching that"," has","  sup  plied a"
"lda.gov.uk",". (This"," has","  nothing  to do"
"whistler.arts.gla.ac.uk","team"," has","  access  to a"
"propertypro.co.uk","page which"," has","  soil"
"raintree-health.co.uk","Jodie Foster"," has","  anything  to"
"raintree-health.co.uk","help. The film"," has","  plenty  of"
"comment.zdnet.co.uk","to anyone who"," has","  knowledge  of"
"panos.org.uk",", if the child"," has","  conditions  to"
"businessbureau-uk.co.uk","UK Cement also"," has",""
"publicservice.co.uk","* Everyone"," has","  access  to the"
"millcroftvets.co.uk","Ticket to Ride"," has","  trains  ,"
"bowness.demon.co.uk","India Office"," has","  archives  of"
"bowness.demon.co.uk","of Canada"," has","  Books  of"
"bowness.demon.co.uk","usually"," has","  thousands  of"
"triumphdolomite.co.uk",". He also"," has","  experience  of"
"westdean.org.uk","balloon"," has","  flights  every"
"admissions.ox.ac.uk",") This section"," has","  effect"
"admissions.ox.ac.uk",") This section"," has","  effect"
"nof.co.uk","on action"," has","  limitations  :"
"artscentral.co.uk",", funny and"," has","  music  too!"
"irmuk.co.uk","words ISpeak"," has","  difficulty"
"blackpig.co.uk","on a man who"," has","  aspirations"
"bond.org.uk","official who"," has","  experience  of"
"recklessgardener.co.uk","that this"," has","  nothing  to do"
"cer.org.uk","- his site"," has","  students  with"
"horniman.ac.uk","the Son of Man"," has","  authority  on"
"famousquotes.me.uk",". INCORE also"," has","  internship"
"ouabc.co.uk",", Eyenetwork"," has","  facilities"
"newtonproject.ic.ac.uk","and whether it"," has","  relevance  for"
"buildingdesign.co.uk","designed and"," has","  loads  of good"
"politicalcartoon.co.uk","wet or dry and"," has","  air  , that is."
"rousette.org.uk","language even"," has","  terms  for the"
"thenewspaper.org.uk","Your browser"," has","  JavaScript"
"cls.ioe.ac.uk","Larsson. He"," has","  plenty  of"
"raintree-health.co.uk","which"," has",""
"raintree-health.co.uk","Committee"," has",""
"show.me.uk","(T), it"," has","  uracil  (U),"
"jcrwww.quns.cam.ac.uk","logbook which"," has","  currency  in"
"warpoetry.co.uk","of staff that"," has","  access  to the"
"pensionsworld.co.uk","legislation"," has","  exemptions  ,"
"pensionsworld.co.uk","agreement. It"," has","  nothing  to do"
"erieri.co.uk",". A hero"," has","  flaws  , to be"
"silverprint.co.uk","and my wife"," has","  difficulties"
"silverprint.co.uk","on-board food"," has","  problems  ; I"
"phundria.org.uk","is small, it"," has","  vitality  . A"
"youngresources.co.uk","was wondering"," has","  anybody  had"
"youngresources.co.uk","of question."," Has","  anyone  had"
"handicap-international.org.uk","issue,"," has","  problems"
"sat.dundee.ac.uk","The NTA"," has","  vacancies"
"diabetesdialogue.org.uk",". BRu ENC copy"," has","  list  of errata"
"diabetesdialogue.org.uk","unn. ). Vol. 1"," has","  printer  ''s"
"diabetesdialogue.org.uk",". '' Vol. 1"," has","  printer  ''s"
"diabetesdialogue.org.uk","? 12 ''. Vol. 1"," has","  printer  ''s"
"diabetesdialogue.org.uk","Strand; vol. 2"," has","  printer  ''s"
"diabetesdialogue.org.uk","Yard; vol. 3"," has","  printer  ''s"
"diabetesdialogue.org.uk","Street; vol. 2"," has","  printer  ''s"
"the-shipman-inquiry.org.uk","Britain. That"," has","  something  to"
"gleeson0.demon.co.uk","will tell."," Has","  anyone  tried"
"gleeson0.demon.co.uk","condition. """," Has","  anyone  been"
"gleeson0.demon.co.uk","UK 10/ 11/ 2005"," Has","  anyone  used"
"gleeson0.demon.co.uk","I need now."," Has","  anyone  had an"
"gleeson0.demon.co.uk","really itchy."," Has","  anyone  else"
"propheticvision.org.uk","now"," has","  permission  to"
"practicalpc.co.uk","everybody"," has","  loads  of fun"
"miketaylor.org.uk","Service also"," has","  contracts"
"people.co.uk","project"," has","  documents  for"
"oceanvillageholidays.co.uk","The Institute"," has","  links  to"
"oceanvillageholidays.co.uk","updated and"," has","  contact"
"maths.leeds.ac.uk","for a decade,"," has","  time  dulled"
"jdl.co.uk","pace, plus"," has","  modes  such as"
"btp.police.uk","Nails site"," has","  content  and a"
"btp.police.uk","''s pram which"," has","  warning"
"sudokuz.co.uk","Sasa Ilic who"," has","  plenty  of time"
"law.cam.ac.uk",". The former"," has","  £30  , and the"
"london-culture.co.uk","Abrahams"," has","  lunch  at home"
"literacytrust.org.uk","* Everyone"," has","  access  to the"
"e-learningcentre.co.uk","or not he"," has","  evidence  that"
"e-learningcentre.co.uk","Hussein"," has","  weapons  of"
"whistler.arts.gla.ac.uk","my skin, it"," has","  something  to"
"key-arts.co.uk",". The block"," has","  security"
"bectu.org.uk","of companies"," has","  tentacles"
"orbitbooks.co.uk","individual"," has","  risk  factors,"
"2step-garage.co.uk","who"," has","  contact  with"
"aeroflight.co.uk","''s ''Moorhen ''"," has","  ''All  its eggs"
"ch.ic.ac.uk","Hayden"," has","  pipedreams  of"
"ch.ic.ac.uk","tinted, its"," has","  Technicolor"
"far-eastern-heroes.org.uk","below"," has","  access  to the"
"a-day-in-the-life.powys.org.uk","that one"," has","  needs  as well"
"dh.gov.uk",", Missouri, it"," has","  everything  we"
"dh.gov.uk",", Missouri, it"," has","  everything  we"
"rbge.org.uk","game Sabreman"," has","  none  of these"
"console-news.dcemu.co.uk","''s black and it"," has","  nothing  to do"
"console-news.dcemu.co.uk","thesis. Ricks"," has","  nothing  to say"
"fuelwood.co.uk","and"," has","  information"
"irdp.co.uk","news reports,"," has","  everything  to"
"cyberselect.co.uk","now this"," has","  happend  :"
"uktvfood.co.uk","catalogue and"," has","  input  from the"
"uktvfood.co.uk","know when a set"," has","  quality  ,"
"baileyshorsefeeds.co.uk",". This manual"," has","  lots  of tips"
"csp.org.uk","? Who(ever)"," has","  information"
"csp.org.uk","ML"," has","  laboratory"
"michaelkelly.fsnet.co.uk","For God """," has","  loads  of fine"
"yourcounty.co.uk","a softball and"," has","  sensors  for"
"webtag.org.uk","also"," has","  support  from a"
"archives.gla.ac.uk","on it and it"," has","  something"
"rmd.dft.gov.uk","and"," has","  precision"
"beingmrkenny.co.uk","consensus"," has","  connotations"
"ch.cam.ac.uk",". The site"," has","  no-strings"
"ch.cam.ac.uk","Institute"," has","  lots  of"
"mbdevelopments.co.uk",". It"," has","  offices"
"garysturt.free-online.co.uk","are of any use."," Has","  anyone  used"
"esrcsocietytoday.ac.uk","zone"," has","  programmes  on"
"ageconcern.org.uk","[ 12 ]. Sweden"," has","  thousands  of"
"the-shipman-inquiry.org.uk","some people"," has","  undertones  of"
"urbanforum.org.uk","skill"," has","  value  , save"
"sle.sharp.co.uk","you. Also, it"," has","  bits  in that"
"allspirit.co.uk","? The X930"," has","  plenty  going"
"chem.leeds.ac.uk","or repeal"," Has","  anybody  seen"
"famousquotes.me.uk","which"," has","  applications"
"busybeebasics.co.uk","system"," has","  BMP  software"
"monju.pwp.blueyonder.co.uk","as one who"," has","  authority  ."
"monju.pwp.blueyonder.co.uk","as one who"," has","  authority"
"wolftrust.org.uk","am terrified!"," Has","  anyone  had"
"richard.clark32.btinternet.co.uk","This book"," has","  advice  in how"
"web-marketing-secrets.co.uk","above"," has","  roadside"
"silverprint.co.uk","and the venue"," has","  facilities"
"dcmt.cranfield.ac.uk","sometimes"," has","  difficulty"
"ukdf.org.uk","- this game"," has","  everything  !"
"csm.uwe.ac.uk","which already"," has","  traffic"
"csm.uwe.ac.uk","but Chester"," has","  others  of"
"csm.uwe.ac.uk","everyone who"," has","  concerns"
"mara.org.uk","straps and"," has","  velcro  strips"
"mara.org.uk","travel rug"," has","  water"
"localhistory.scit.wlv.ac.uk",". The Grant lab"," has","  interactions"
"babyworld.co.uk",". Your company"," has","  people  to do"
"shop.dataip.co.uk","researcher"," has","  control  over ("
"shop.dataip.co.uk","in which Eric"," has","  difficulty"
"olympics.org.uk",". Block"," has","  security"
"theobamber.co.uk","is nice, and it"," has","  ADSL  at the"
"ownersdirect.co.uk","30 years and"," has","  something  for"
"britishdruidorder.co.uk","which one"," has","  switch  and"
"bordercrossings.org.uk","n''t suppose it"," has","  anything  to do"
"bordercrossings.org.uk","that this"," has","  anything  to do"
"bordercrossings.org.uk","to one that it"," has","  nothing  to do"
"gtj.org.uk","and still"," has","  time  to see"
"gtj.org.uk","practice. He"," has","  expertise  in"
"threader.ecs.soton.ac.uk","and"," has","  retirement"
"glaucus.org.uk","institutions"," has","  fa  ... read"
"glaucus.org.uk","(ippr)"," has","  expertise  ."
"varley9.freeserve.co.uk","by taxi. "" He"," has","  nothing  now,"
"britishdruidorder.co.uk","with others he"," has","  difficulty  in"
"crazyk.co.uk","therefore"," has","  targets  to"
"mookychick.co.uk","searches)."," Has","  anyone  else"
"leeds-dat.org.uk","matters and"," has","  influence  in"
"ukbap.org.uk","TREE THAT"," HAS","  FRUIT  IN IT. """
"prm.ox.ac.uk","GeoSciences"," has","  buildings  at"
"hazelden.org.uk","the person"," has","  ascites  ."
"sherlock-holmes.classic-literature.co.uk","housekeeper """," has","  keeper"
"sherlock-holmes.classic-literature.co.uk",". If the regexp"," has","  groupings  ,"
"mimas.ac.uk","reader still"," has","  access  to the"
"andypreece.co.uk","further. It"," has","  limitations  ;"
"pantaneto.co.uk",". maybe jk"," has","  writer  ''s"
"esbhhealth.nhs.uk","that airline"," has","  problems  with"
"fie.org.uk","the case, it"," has","  nothing  to do"
"fie.org.uk","the case, it"," has","  nothing  to do"
"cognex.co.uk",". The phrase"," has","  something  in"
"macclesfield.gov.uk","well made, it"," has","  oodles  of"
"fvi.org.uk","a Mother:"," has","  anything"
"railwaychildren.org.uk","that the SSP"," has","  demands  for"
"bronte.netfury.co.uk","meet usually"," has","  something"
"microscopy-uk.org.uk","your browser"," has","  difficulty"
"thebigsheep.co.uk","for the man who"," has","  everything  ?"
"ramagazine.org.uk","lovedâ? ? . It"," has","  areas  to touch"
"qaa.ac.uk","is that Iraq"," has","  weapons  of"
"bps.org.uk","homes. FOCUS"," has","  plenty  of"
"evuk.co.uk","''. The Council"," has","  ''power  to take"
"armyoneverest.mod.uk","that Iraq"," has","  weapons  it was"
"bobsticks.co.uk","a screen that"," has","  sections  for"
"roymech.co.uk","Harry ''s Place"," has","  commentary  on"
"roymech.co.uk","councillor"," has","  cause  outrage"
"thenortheast.fsnet.co.uk","the child who"," has","  difficulties"
"thenortheast.fsnet.co.uk","the child who"," has","  difficulties"
"healeyhero.co.uk","over. David"," has","  experience  of"
"bristolcyclingcampaign.org.uk","The prototype"," has","  cameras  ,"
"family-ancestry.co.uk","indirectly)"," has","  control  , or (b"
"family-ancestry.co.uk","indirectly)"," has","  control  . Top"
"emotionalprocessing.org.uk","exercise. It"," has","  feeling  ,"
"monju.pwp.blueyonder.co.uk","project, and"," has","  gardens  and an"
"biop.ox.ac.uk","feet as I chat."," Has","  anyone  ever"
"medinfo.co.uk","Sunday Mail"," has","  everything"
"risc.org.uk","Director Bob"," has",""
"viva.org.uk",". The network"," has","  links  with"
"bronte.netfury.co.uk","Place, K also"," has","  plans  to set up"
"btp.police.uk","and yet each"," has","  continuity  ."
"association-of-noise-consultants.co.uk",". Why then"," has","  comrade"
"blogigo.co.uk","a short time"," has","  health"
"retirement-matters.co.uk","sections"," has","  one-page"
"family-ancestry.co.uk","no tremors."," Has","  anyone  else"
"kneeling.co.uk","example, she"," has","  ''apple  '' in her"
"sovereignty.org.uk","data deluge"," has","  implications"
"artlab.org.uk",". Form 10 only"," has","  room  for two"
"hsc.uwe.ac.uk","Saddam ''s son)"," has","  authority  to"
"westdean.org.uk","better. 1)"," Has","  anyone  heard"
"westdean.org.uk","fusion. 2)"," Has","  anyone"
"westdean.org.uk","). And"," has","  anyone  found"
"fleet-tutors.co.uk","76 page book."," Has","  hundreds  of"
"templerecords.co.uk","that I think it"," has","  today  . I ''m"
"templerecords.co.uk","character who"," has","  nothing  to do,"
"kenyabirds.org.uk","and this one"," has","  tv  out."
"nwsgc.ac.uk",", UK, TRAFFIC"," has","  offices"
"alcs.group.shef.ac.uk","North America"," has","  impacts  on the"
"irdp.co.uk","tunnel so it"," has","  time  to work."
"charleswells.co.uk","and local? How"," has","  discussion  of"
"drivetech.co.uk","it, so that it"," has","  nothing  to do"
"birdinghawaii.co.uk","of jihad:"," has","  Qutbism  been"
"birdinghawaii.co.uk",". Not only"," has","  part  of their"
"birdinghawaii.co.uk","? Sunnism"," has","  nothing"
"association-of-noise-consultants.co.uk","a Norfolk farm"," has",""
"staffs.ac.uk","Play"," has","  information"
"digidots.co.uk","on a beach that"," has","  lifeguards"
"tqc.co.uk","change"," has","  implications"
"nervous.co.uk","a mirage Villa"," has","  answer  to the"
"synergy-health.co.uk",". The port"," has","  jurisdiction"
"wildfowling.co.uk","library also"," has","  expect(  ) and"
"youthjusticescotland.gov.uk",". This country"," has","  bent  over"
"wwwolf.co.uk",". Nor"," has","  research  into"
"royalsoced.org.uk","'' buckets an ''"," has","  th  '' ol '' chapel"
"stmarylebow.co.uk","highest point"," has","  community"
"persephonebooks.co.uk","Book Trust"," Has","  information"
"key-arts.co.uk","their parent"," has","  confidence  in"
"key-arts.co.uk","if that child"," has","  nothing  to"
"4minutes.co.uk","!"," has","  links  to over"
"turkeyrealestate.co.uk",". ac. uk who"," has","  registration"
"transgirl.co.uk",". The group"," has","  £200  , and"
"boostlpg.co.uk",". "" Hell, NASA"," has","  people  who"
"laptopsdirect.co.uk","Tyrone; who"," has","  access  to it;"
"laptopsdirect.co.uk","Home Office"," has",""
"laptopsdirect.co.uk","Tyrone; who"," has","  access  to it;"
"urbanforum.org.uk","husband as he"," has","  mobility"
"african-angler.co.uk","who"," has","  problems  in"
"nmpft.org.uk","the nation. It"," has","  power  to"
"nmpft.org.uk","Deer The Trust"," has","  experience  of"
"comsys.co.uk","PC models, it"," has","  something"
"businessmatch.org.uk","of the report"," has","  nothing  to do"
"englishmonarchs.co.uk",". The Monitor"," has","  model"
"englishmonarchs.co.uk","''This section"," has","  stories"
"martialedge.co.uk","in Berkeley,"," has","  branches  in"
"weddingguide.co.uk","Society team"," has","  con  ... read"
"weddingguide.co.uk","whose time"," has","  comeIn  the"
"serendipityhotel.co.uk","pilots union"," has","  people"
"users.netmatters.co.uk","Where a worker"," has","  information"
"vinylrecords.co.uk","that person"," has","  access  to"
"languagesabroad.co.uk","Garner also"," has","  ties  , a"
"voicetraining.co.uk",", Mark Hughes"," has","  pedigree  ."
"passionatemedia.co.uk","and he"," has","  everyone  rapt"
"userfocus.co.uk",", the other"," has","  letters"
"contours.co.uk","create. It"," has","  something  to"
"contours.co.uk","with light. It"," has","  something  to"
"childrens.uk-shoponline.co.uk","Revenue"," has","  powers  to"
"starnow.co.uk",", which she"," has","  difficulty"
"armyoneverest.mod.uk","me wonder."," Has","  anyone  tried"
"top50freebies.co.uk","the Fairest '',"," has","  something  for"
"pixeltechnology.co.uk","the UK and"," has","  pensioners  ''"
"pcworld-books.co.uk","though Spivak"," has","  reason  to know"
"bodystressrelease.co.uk","a leader who"," has","  weapons  of"
"clientsuccess.org.uk",". ? At no time"," has","  anyone"
"transgirl.co.uk","that he"," has","  cause  of anger"
"winton.org.uk","drum, which"," has","  cable  wound on"
"rhul.ac.uk","operand"," has","  type  long"
"rhul.ac.uk","operand"," has","  type  double,"
"rhul.ac.uk","operand"," has","  type  float,"
"rhul.ac.uk","operand"," has","  type  unsigned"
"rhul.ac.uk","if one operand"," has","  type  long int"
"rhul.ac.uk","and the other"," has","  type  unsigned"
"rhul.ac.uk","operand"," has","  type  long int,"
"rhul.ac.uk","operand"," has","  type  unsigned"
"congressfordemocracy.org.uk","that this"," has","  nothing  to do"
"lib.gla.ac.uk","that everyone"," has","  expertise"
"african-angler.co.uk","that the room"," has","  medikits  and"
"african-angler.co.uk","Fizzdude"," has","  talent  , or at"
"makemyvotecount.org.uk","'' Association"," has","  branches  in"
"makemyvotecount.org.uk","'' Association"," has","  Branches  in"
"nutrition.org.uk","The developer"," has","  access  to CAD"
"nutrition.org.uk",". The Council"," has","  powers  to deal"
"topfoto.co.uk","This page"," has","  links  to all of"
"artshole.co.uk",", I mean--who"," has","  industry  and"
"omayenin.com.mysite.wanadoo-members.co.uk","The flat"," has","  access  to a"
"omayenin.com.mysite.wanadoo-members.co.uk","The flat"," has","  access  to a"
"omayenin.com.mysite.wanadoo-members.co.uk","The flat"," has","  access  to a"
"omayenin.com.mysite.wanadoo-members.co.uk","The flat"," has","  access  to a"
"omayenin.com.mysite.wanadoo-members.co.uk","The flat"," has","  access  to a"
"omayenin.com.mysite.wanadoo-members.co.uk","The flat"," has","  access  to a"
"omayenin.com.mysite.wanadoo-members.co.uk","The flat"," has","  access  to a"
"omayenin.com.mysite.wanadoo-members.co.uk","The flat"," has","  access  to a"
"omayenin.com.mysite.wanadoo-members.co.uk","The flat"," has","  access  to a"
"omayenin.com.mysite.wanadoo-members.co.uk","etc. which"," has","  access  to a"
"desistuff.co.uk","where it still"," has","  lots  of other"
"amlwchdata.co.uk","). It"," has","  everything  !"
"amlwchdata.co.uk","if the web site"," has","  pages  or"
"midleykent.fsnet.co.uk","and"," has","  Rovers"
"preachtheword.co.uk",". Each"," has","  benefits  and"
"exeter.gov.uk","also"," has","  intros  to"
"exeter.gov.uk","texts Ecole"," has","  texts  up to"
"dh.gov.uk",", but it"," has","  something  for"
"lionsclub.org.uk","question,"," has","  religion"
"ipaqrepair.co.uk",", in itself,"," has","  implication  ."
"ipaqrepair.co.uk","every person"," has","  access  to the"
"derek-hasted.co.uk","of Malcolm X"," has","  everything"
"usitt.ecs.soton.ac.uk","enough. It"," has","  charms  which"
"assemblage.group.shef.ac.uk","Campaign site"," has","  information"
"gc-database.co.uk","anyone who"," has","  experience  in"
"adriandenning.co.uk","of"," has","  beens  , never"
"monju.pwp.blueyonder.co.uk",". "" Mrs. Bold"," has","  twelve"
"geologywales.co.uk","he is sick and"," has","  heart"
"newstartmag.co.uk","Wigan, who"," has","  dyslexia  ,"
"penninewaterways.co.uk","up, the bubble"," has","  burst  . The"
"blog.outofthebedroom.co.uk","on Beacon Hill"," has","  guards"
"workdevcon.nhs.uk","months. Iraq"," has","  nothing  to"
"mochdrecc.freeserve.co.uk","website"," has","  links  to"
"politicalcartoon.co.uk",") that"," has","  insider"
"silkpainters-guild.co.uk",". The beach"," has","  umbrellas  ,"
"bbsonline.cup.cam.ac.uk","on earth that"," has","  money  , or"
"actorsmeanbusiness.co.uk",". It also"," has","  contact"
"wellerassociates.co.uk","my pain spec"," has","  exercises  on"
"ecotravel.org.uk","France Pianos"," has","  lots  of"
"penninewaterways.co.uk",", that really"," has","  nothing  to do"
"whitedragon.org.uk",". AR 710-2"," has","  guidance  on"
"whitedragon.org.uk",". AR 710-2"," has","  guidance  for"
"whitedragon.org.uk","The brigade S4"," has","  staff"
"whitedragon.org.uk","plan. The ACR"," has","  aircraft  that"
"whitedragon.org.uk",". Each point"," has","  personnel  who"
"italian.classic-literature.co.uk","just like Java"," has","  bytecode"
"essexwt.org.uk","but your child"," has",""
"signcharity.org.uk","future, as it"," has","  applications"
"oceanvillageholidays.co.uk","The bull never"," has","  access  to the"
"oceanvillageholidays.co.uk","too? ! Hell!"," Has","  Earth  been"
"fashionunited.co.uk",". The CLA"," has","  members  who"
"raworths.co.uk","-- and"," has","  influence"
"easyweb.easynet.co.uk","who"," has","  queries"
"pondprofessorpumps.co.uk","! l? The CPB..."," has","  relations"
"anima.demon.co.uk","taxpayer. It"," has","  reservations"
"tripadvisor.co.uk",", is this so,"," has","  anyone  used"
"tripadvisor.co.uk","injections"," has","  anyone  out"
"cleanersafergreener.gov.uk",": "" But see, he"," has","  something"
"cleanersafergreener.gov.uk","kid, if she"," has","  money  , the"
"ipa.co.uk","control. It"," has","  buttons  which"
"simonmarsden.co.uk","that Neptune"," has",""
"path.cam.ac.uk","DNG Converter"," has","  nothing  to"
"path.cam.ac.uk","file format"," has","  nothing"
"premierhomesinternational.co.uk","believes he"," has","  nothing  for"
"ideasociety.co.uk","library"," has","  holdings  that"
"simonmarsden.co.uk","anyone who"," has","  information"
"simonmarsden.co.uk","such nuances,"," has","  anyone  come"
"planning.ed.ac.uk","Warriors Page"," has","  lots  more"
"planning.ed.ac.uk","Middle Ages"," has","  information"
"crewecvs.org.uk","relevant if it"," has","  implications"
"animism.org.uk","Mapp and Lucia"," has","  anything  at"
"tappins.co.uk",". mountain"," has","  cassowary  cap"
"showmelearning.co.uk",". Also"," has","  news  of"
"bandwagon.co.uk","for. I think he"," has","  everything"
"bandwagon.co.uk","for. I think he"," has","  everything"
"strathclyde.police.uk","speaker"," has","  intuitions  ("
"strathclyde.police.uk","speaker"," has","  intuitions"
"strathclyde.police.uk","Ll acquirer"," has","  access  to the"
"strathclyde.police.uk","position: it"," has","  statehood  and"
"strathclyde.police.uk","a non-native"," has","  advantages  ."
"chester.ac.uk",". Amazon"," has","  data  ,"
"chester.ac.uk",". Everyone"," has","  data  . There is"
"jamescowper.co.uk","Pa. Alexandra"," has",""
"hagstrom.org.uk","development"," has","  street  nurses"
"eprints.gla.ac.uk","available"," has","  implications"
"eprints.gla.ac.uk","conceivably"," has","  access  ."
"bolton.org.uk","Sticky mess"," Has","  anyone  else"
"majesticcrystal.co.uk","Department"," has",""
"family-ancestry.co.uk",". Action Signs"," has","  access  to the"
"crewecvs.org.uk",", surprise,"," has","  proof  , which"
"helios.bto.ed.ac.uk","The UK"," has",""
"star.pst.qub.ac.uk","Iraqi Shia who"," has","  family  in"
"zzap64.co.uk","without sex?"," Has","  anyone  else"
"clarence.ndirect.co.uk","Manager, who"," has","  skills  in"
"lamp.ac.uk",", a factor that"," has","  application"
"musiconmypc.co.uk","person. Who"," has","  authority  to"
"musiconmypc.co.uk","who owns or"," has","  authority  to"
"longleat.co.uk","off too soon."," Has","  anyone  else"
"longleat.co.uk","to my pain."," Has","  anyone  here"
"longleat.co.uk","the sufferer"," has","  pain  , do not"
"longleat.co.uk","sick, but"," has","  anybody  else"
"ling.ed.ac.uk","I think Oxide"," has","  talent  though"
"nationalstonecentre.org.uk","Union (EU). It"," has","  powers  in a"
"swwater.co.uk","the 1980s - it"," has","  plenty  of"
"richuish.ac.uk","changes, or"," has","  concerns"
"vso.org.uk",". St Winifred"," has","  wells  at"
"phrases.org.uk","and which he"," has","  reason  to"
"phrases.org.uk","which he"," has","  reason  to"
"royalsoc.ac.uk","at all times -"," Has","  knowledge  of"
"users.dircon.co.uk","currently"," has","  programmes  in"
"microsharp.co.uk","popular,"," has","  seating  for"
"untoldlondon.org.uk","the spring"," has","  associations"
"walsinghamanglican.org.uk","peer protocol"," has","  buffer  space"
"spotlightministries.org.uk","mesh fence"," has","  tread-in"
"hw.ac.uk",", when it"," has","  lots  of pixels"
"casino-avenue.co.uk",", he"," has","  hay  on his horn"
"flyingfish.org.uk","tritium. It"," has","  screw  down"
"croydon-tramlink.co.uk","a NIP customer"," has","  difficulty"
"manpower.co.uk","your dream"," has","  meanings  on"
"manpower.co.uk","page book that"," has","  info  on all"
"manpower.co.uk","sure Samantha"," has","  plenty  of"
"kellywishart.co.uk","catalogue now"," has","  sheet  music"
"cornishwebservices.co.uk","Group) and"," has","  members  drawn"
"blogistan.co.uk","health,"," has","  healing"
"ox.ac.uk","the court only"," has","  jurisdiction"
"greekisland.co.uk","an individual"," has","  difficulty"
"glastonburyfestivals.co.uk",". The block"," has","  security"
"blokesonly.co.uk","Department"," has",""
"newcollegechoir.co.uk","bamboo, which"," has",""
"treehuggermums.co.uk","). This in turn"," has","  implications"
"treehuggermums.co.uk","Also this work"," has","  implications"
"treehuggermums.co.uk","this not only"," has","  implications"
"b.ali.btinternet.co.uk","740 9 Aug 05"," Has","  anyone"
"st-andrews.ac.uk",". > If anyone"," has","  answers  to"
"st-andrews.ac.uk",", if anyone"," has","  answers  or"
"therapyquestionmark.co.uk","Over the Hedge"," has","  quality"
"kented.org.uk","syntax of expr"," has","  nothing  to do"
"kented.org.uk","the shell, it"," has","  access  to"
"kented.org.uk",". If unset, ` %n"," has","  %a  %l from %m. ''"
"kented.org.uk","is used, or ` %n"," has","  %a  %l. '' on"
"turning-point.co.uk","Group"," has","  experience"
"waterfowl.org.uk","when the elder"," has","  intellect  ,"
"mclc.org.uk","final payment"," has","  bee  received"
"greenparty.org.uk","clubzine --"," has","  text  of an"
"greenparty.org.uk","in French."," Has","  fiction  , so"
"chester.ac.uk","particular,"," has","  anyone"
"megalithic.co.uk","European left"," has","  Call  of the"
"chox.org.uk",". This section"," has","  information"
"chox.org.uk","their web site"," has","  contact"
"taxfreegold.co.uk","strong and"," has","  connections"
"brookes.ac.uk","watch still"," has","  luminosity  on"
"undiscoveredscotland.co.uk","authority"," has","  power  to"
"shef.ac.uk","that"," has","  nothing  to do"
"fortunecity.co.uk","Theatre"," has","  something  to"
"vts.rdn.ac.uk","as it"," has","  issues  for"
"brad.ac.uk","briskly. "" "" So"," has","  mine  , "" said"
"ics.leeds.ac.uk",". One sheetlet"," has","  close-ups  of"
"www-jcsu.jesus.cam.ac.uk","pair. BL copy"," has","  author  ''s"
"eprints.gla.ac.uk","authority"," has","  power  to"
"classic-literature.co.uk","Epiphanius,"," has","  features  that"
"ukfitnesssupplies.co.uk","2000 This film"," has","  everything  ?"
"defra.gov.uk","catalogue now"," has","  sheet  music"
"greenparty.org.uk","History"," has","  descriptions"
"building-history.pwp.blueyonder.co.uk","that it also"," has","  problems  with"
"fortunecity.co.uk","freedom, and"," has","  access  to a"
"sanger.ac.uk","), or mfiles"," has","  permission"
"i-sis.org.uk",". Not only"," has","  lozenge  """
"rafmarham.co.uk","the packing?"," Has","  anyone  got a"
"nottingham.ac.uk","and therefore"," has","  relevance  for"
"nmm.ac.uk",". She"," has","  qualities"
"hm-treasury.gov.uk","the state"," has","  laws  in place"
"overclock.co.uk","in orange."," Has","  orange"
"unixhelp.ed.ac.uk",", etc. It also"," has","  con  reports"
"unixhelp.ed.ac.uk","at times. 65"," has","  material  by"
"cain.ulst.ac.uk",", which"," has","  happiness  at"
"futurelab.org.uk","corona hen"," has","  masses  of body"
"nwda.co.uk","that"," has","  access  to the"
"socialistunitynetwork.co.uk","paste packet"," has","  instructions"
"lse.ac.uk","unable to eat."," Has","  anyone  else"
"futurelab.org.uk",". That chap"," has","  none  , unless"
"stainer.co.uk","Association"," has","  tickets"
"huddersfield1.co.uk","Murder Park"," has","  similarities"
"britishblogs.co.uk","making."," Has","  links  with"
"insideoutpr.co.uk","scheme also"," has","  benefits  for"
"ibogaine.co.uk","which"," has",""
"redking.co.uk",". co. uk which"," has","  links  to"
"hysteria-lives.co.uk","Ballesteros"," has","  nightmare"
"hysteria-lives.co.uk",". Ballesteros"," has","  nightmare"
"hysteria-lives.co.uk",". Ballesteros"," has","  nightmare"
"thetrousers.co.uk","the public"," has","  confidence  ,"
"age-net.co.uk","or"," has","  funding  for it"
"periodproperty.co.uk","and oxen. It"," has","  designs  for"
"thamesweb.co.uk",". This one"," has","  tritium  vials"
"thamesweb.co.uk",". It"," has","  tritium  vials"
"thamesweb.co.uk","talk about? So"," has","  plenty  of"
"thamesweb.co.uk","age. It still"," has","  tritium"
"thamesweb.co.uk",". The watch"," has","  spring  bars"
"evuk.co.uk","Factory. It"," has","  information"
"schoolshistory.org.uk",", which"," has","  ambitions  for"
"bhx.co.uk","it certainly"," has","  elements  of a"
"jamescowper.co.uk","functions. He"," has","  experience  in"
"wolftrust.org.uk","new unit also"," has",""
"crassh.cam.ac.uk","that"," has","  currency"
"blog.outofthebedroom.co.uk",". My wife also"," has","  plans  for more"
"cssplay.co.uk","the world. It"," has","  pedigree  , is"
"cssplay.co.uk","titanium and"," has","  quartz  driven"
"cssplay.co.uk","the year, and"," has","  signs  of use to"
"cssplay.co.uk","the world. It"," has","  pedigree  , is"
"cssplay.co.uk","that"," has","  everything"
"cssplay.co.uk","the world. It"," has","  pedigree  , is"
"horniman.ac.uk","Catholic! Who"," has","  time  for hate?"
"practical-martial-arts.co.uk","the student"," has","  evidence  that"
"taylorbells.co.uk","which"," has","  applications"
"fitz.cam.ac.uk","that anyone"," has","  time  to look at"
"lux.org.uk","? It"," has","  everything  to"
"borkowski.co.uk","school"," has",""
"compendia.co.uk",", Zombies! ! !"," has","  loads  of â?"
"obv.org.uk",". Gentleman"," has","  nothing"
"hysteria-lives.co.uk","Iran that"," has","  echoes  of the"
"hysteria-lives.co.uk","(MEK), which"," has","  bases  in"
"hysteria-lives.co.uk","Gulf2000. It"," has","  academics  ,"
"governornet.co.uk",". S4S 4J1, Can."," Has","  anyone  got a"
"gare.co.uk","Group,"," has","  paintings"
"lux.org.uk","on-campus and"," has","  classes  at the"
"aria.co.uk",". ACAS"," has",""
"tclt.org.uk","the UK. N: B..."," Has","  anybody  ever"
"admissions.ox.ac.uk","where he"," has","  ''conn  ''d the"
"ocv.org.uk","below Defra"," has","  policy"
"4rfv.co.uk","host family"," has","  care  of two"
"daydreamnation.co.uk","(RAEE)"," has","  expertise  in"
"newbury-racecourse.co.uk","? If anyone"," has","  answers  to"
"newbury-racecourse.co.uk",", if anyone"," has","  answers  or"
"lux.org.uk","for things - it"," has","  status  . When"
"lux.org.uk","concern. This"," has","  resonance  in"
"lux.org.uk","crucial. This"," has","  implications"
"gradsoc.jesus.cam.ac.uk","'' set also"," has","  allies  themed"
"whisperingspirits.co.uk","them. It"," has","  affinities"
"whisperingspirits.co.uk","projectiles"," has","  implications"
"talyllyn.co.uk","also"," has","  ''Son  '' at its"
"businessweekly.co.uk","the court only"," has","  jurisdiction"
"martynmission.cam.ac.uk","helpdesk also"," has","  phones  and a"
"www-tus.csx.cam.ac.uk","know. That one"," has","  something  to"
"theatreguidelondon.co.uk","of sense and"," has","  plenty  of"
"synergy-health.co.uk","frame, that"," has","  spokes  that,"
"hollies.co.uk",", so that it"," has","  uses  beyond"
"staffshousing.org.uk","Law Society"," has","  duties  under"
"staffshousing.org.uk","profession"," has","  duties  under"
"businessbureau-uk.co.uk",". The Bill"," has","  defects  and"
"bordercrossings.org.uk",". Each one"," has","  instructions"
"fitz.cam.ac.uk","Body Art work"," has","  meaning  by"
"cambs.police.uk","his sibling"," has","  ''spun  out of"
"wpbschoolhouse.btinternet.co.uk","industry. He"," has","  links  with the"
"wpbschoolhouse.btinternet.co.uk","of Oxford. He"," has","  research"
"assetprotections.co.uk","Clever Klose"," has","  sights  on goal"
"assetprotections.co.uk",". Clever Klose"," has","  sights  on goal"
"gatsby.ucl.ac.uk",", here it is,"," has","  anybody  any"
"cjemicros.co.uk","Marathon man?"," has","  typewriter  ,"
"mailman.greennet.org.uk","to the seed"," has","  something  to"
"mailman.greennet.org.uk","is a life that"," has",""
"news.cheapflights.co.uk","that Iraq"," has","  ''weapons  of"
"news.cheapflights.co.uk","KNOW Saddam"," has","  weapons  then"
"news.cheapflights.co.uk","that that"," has","  something  to"
"news.cheapflights.co.uk","because it"," has","  weapons  of"
"news.cheapflights.co.uk","course that he"," has","  weapons  of"
"whistler.arts.gla.ac.uk",", surprise,"," has","  proof  , which"
"bradburyac.mistral.co.uk","stature. It"," has","  character  and"
"bradburyac.mistral.co.uk","stature. It"," has","  character  and"
"bradburyac.mistral.co.uk","stature. It"," has","  character  and"
"bradburyac.mistral.co.uk","stature. It"," has","  character  and"
"epic.co.uk","is, but she"," has","  plenty  of"
"scalibor.co.uk","and the team"," has","  fun  in the"
"zyra.org.uk","have worked on"," has","  anything  at"
"esds.ac.uk","failed me."," Has","  anyone  else"
"sundog.clara.co.uk","''s Department"," has",""
"sundog.clara.co.uk",". Our web site"," has","  pages"
"gammassl.co.uk","one-dayers."," Has","  performance"
"hcd2.bupa.co.uk","Planck. The UK"," has","  expertise  in"
"milesfaster.co.uk","choosing life"," has","  nothing  to do"
"milesfaster.co.uk","order. It"," has","  nothing  to do"
"warpoetry.co.uk","and often"," has","  features"
"lewisham.nhs.uk","about that?"," Has","  somebody"
"niassembly.gov.uk","thinks he"," has","  precedence  ,"
"aeroflight.co.uk",", and so"," has","  child  obesity"
"robertmoir.co.uk","but still"," has","  work  to do to"
"rcpsglasg.ac.uk",", Issue 103"," has","  articles  on"
"rcpsglasg.ac.uk","support it. It"," has","  news  and views"
"asp.wlv.ac.uk",". If anyone"," has","  anything"
"learningtechnologies.co.uk","'' it"," has","  undergone-"
"durhamcathedral.co.uk","party"," has","  hope  of"
"es.ucl.ac.uk",": State Of War"," has","  wireless"
"625.org.uk","to Kish, and"," has","  aspirations"
"forum.cantstopthesignal.co.uk","my research"," has","  brough  to the"
"ocv.org.uk","poster, so she"," has","  prob  already"
"scarborough.gov.uk",". None of us"," has","  time  to become"
"divinity.cam.ac.uk","a comedy which"," has","  opinion"
"scottishtorymeps.org.uk","permanent."," Has","  anyone  else"
"gleeson0.demon.co.uk",", angry,"," has","  mood  swings,"
"payaway.co.uk","first which"," has","  county  maps."
"payaway.co.uk","sculp. This"," has","  text  pages"
"payaway.co.uk",". This edition"," has","  maps  by John"
"in-the-spirit.co.uk","potentially"," has","  market  appeal"
"threader.ecs.soton.ac.uk","as it new"," has","  screw  in links"
"william-shakespeare.org.uk","else on earth"," has","  nature  ''s"
"rss.org.uk","Duncan Grisby"," has","  photos  of the"
"hlst.heacademy.ac.uk","many people,"," has","  seats  and seat"
"dcs.shef.ac.uk","! My city!"," Has","  anyone  since"
"pgeconomics.co.uk","a watch that"," has","  scours  on the"
"association-of-noise-consultants.co.uk","that ''this"," has","  nothing  to do"
"association-of-noise-consultants.co.uk",". This voice"," has","  things  so"
"socresonline.org.uk",". The script"," has","  fun  with this."
"wesparkle.co.uk",". Our worship"," has","  nothing  to do"
"wesparkle.co.uk","but it"," has","  everything  to"
"viva.org.uk","Amoah who"," has","  time  to turn"
"hartjournals.co.uk",". This chapter"," has","  something  in"
"questors.org.uk","it. '' Colin"," has","  copies  of"
"karibuni.co.uk","of light."," Has","  numbers  which"
"karibuni.co.uk","of light."," Has","  numbers  on the"
"karibuni.co.uk","of light."," Has","  numbers  which"
"inspectormorse.co.uk","a course which"," has","  ''teamwork  ''"
"mansfield.gov.uk","Even"," Has","  Targets  on"
"derek-hasted.co.uk","department"," has","  computers  ,"
"mlfhs.org.uk","before it"," has","  time  to be"
"irdp.co.uk","Harry ''s Place"," has","  commentary  on"
"armyoneverest.mod.uk",". of course he"," has","  flaws  , mainly"
"wellingboroughtownfc.co.uk","me that he"," has","  copies  of ''The"
"bhx.co.uk","mail provider"," has","  web  interface"
"jennifermackenzie.co.uk",", the game"," has","  players"
"italian.classic-literature.co.uk","programme"," has","  schemes  to"
"durhamcathedral.co.uk",", Fratton"," has","  reason  to"
"durhamcathedral.co.uk","Doctor Wilmer"," has","  dreams  of"
"mfy.org.uk","Christianity"," has","  traditions  of"
"word-on-the-web.co.uk","PC or Mac. It"," has","  line  level"
"word-on-the-web.co.uk","PC or Mac. It"," has","  line  level"
"britishhighcommission.gov.uk","unknown)"," has","  information"
"philobiblon.co.uk","fan attached -"," has","  anyone  tried"
"portakabin.co.uk","NICIE clearly"," has","  links  with all"
"thompsons.law.co.uk",". Sadly, it"," has","  none  . The"
"baileyshorsefeeds.co.uk","To be fathered"," has","  nothing  to do"
"ucreative.ac.uk",", which"," has",""
"hibberts.co.uk","Altissima)"," has","  roots  that"
"top50freebies.co.uk",", Southwest"," has","  packages  with"
"culturalprofiles.org.uk","? It certainly"," has","  looks  as if it"
"historylearningsite.co.uk","the country"," has","  electricity  ("
"iserv.abertay.ac.uk","internet. It"," has","  millions  of"
"teachingenglish.org.uk","Act 1890. This"," has","  drawbacks  ."
"holidaylettings.co.uk",", for example,"," has",""
"ilook.fsnet.co.uk","18, 2006 He"," has","  phone  but no"
"tradefair.co.uk","whether Iraq"," has","  weapons  of"
"pumasoft.co.uk","for which he"," has",""
"footy4kids.co.uk","g. a room which"," has","  reasons  to be"
"kensington-unitarians.org.uk",", that a person"," has","  tools  to"
"ch.cam.ac.uk","that the game"," has","  mechanics"
"prowlerdirect.co.uk","by a model who"," has","  years  of"
"kneeling.co.uk","scene. Bill"," has","  visitors  from"
"kneeling.co.uk","River Blues"," has","  nothing  to be"
"railwaychildren.org.uk","Links Unit"," has","  funds  to"
"retirement-matters.co.uk","Executive"," has","  ''powers  to"
"retirement-matters.co.uk","Executive"," has","  control  over"
"yorkracecourse.co.uk","). warn """," has","  nondigits  "" if"
"carnegiegreenaway.org.uk",""" He is. He also"," has","  aspirations"
"digitalegypt.ucl.ac.uk","method!"," Has","  anybody  got"
"digitalegypt.ucl.ac.uk","Thanks..."," has","  anybody  got"
"huddersfield1.co.uk","mode). This"," has","  advantages"
"huddersfield1.co.uk","97 }. Perl only"," has","  string  and"
"huddersfield1.co.uk","session. It"," has","  nothing  to do"
"thisislondon.co.uk",", the user"," has","  access  to"
"compsoc.dur.ac.uk","n characters"," has","  index  n, for"
"whistler.arts.gla.ac.uk","! The house"," has","  gas  central"
"mlfhs.org.uk",", who"," has",""
"teamsolutions.co.uk","Doran. This"," has","  essays  by a"
"wen.org.uk","''"," has","  connotations"
"woodforde.co.uk","man and he"," has","  time  to turn on"
"bcss.org.uk",","," has","  applications"
"cedr.co.uk","Hood ''s Well"," has","  anything  to do"
"fisheries.co.uk","one and"," has","  scope  for"
"fisheries.co.uk","who"," has","  experience  of"
"ati.surrey.ac.uk","the bubble"," has","  burst  ,"
"trichotillomania.co.uk","consumption"," has","  food  ever been"
"clandonald.org.uk","site also"," has","  training  and"
"comsys.co.uk","something"," has","  tradition  ,"
"mfy.org.uk","languages and"," has","  experience  of"
"mfy.org.uk","Our client"," has","  studios  in"
"mfy.org.uk","games company"," has","  offices  all"
"robertmoir.co.uk",". oh yes Witchy"," has","  fleets  of cars"
"samoa.co.uk","a home that"," has","  oil  central"
"oucc.org.uk","though she"," has","  rem  ... [ more ]"
"jennifermackenzie.co.uk","municipal law"," has","  priority  , and"
"qaa.ac.uk","10. The B list"," has","  names  such as"
"easyweb.easynet.co.uk","that America"," has","  anything  to"
"re-skill.org.uk",". ''This site"," has","  information"
"bradleycvs.co.uk",": A sign that"," has",""
"machinery.co.uk","Street"," has","  lift  access"
"machinery.co.uk","The GRCH"," has","  toilets  ("
"birminghamfoe.org.uk",". Quartz 2D"," has","  everything"
"bristolfiesta.co.uk","; nobody"," has","  time  to clean."
"pumasoft.co.uk","who obviously"," has","  something  to"
"britishdruidorder.co.uk","us that the US"," has","  nothing  to"
"britishdruidorder.co.uk","FOR WAR * US"," has","  plan  to kill"
"britishdruidorder.co.uk","that Iraq"," has","  access  , or is"
"britishdruidorder.co.uk","exists that he"," has","  weapons  of"
"liverpoolwomenshospital.nhs.uk","control. It"," has","  buttons  which"
"hisc.co.uk","German Reich"," has","  nothing  more"
"ramagazine.org.uk","to 12. This"," has","  nothing  to do"
"thenortheast.fsnet.co.uk","''all too much ''"," has","  marriage  ,"
"thenortheast.fsnet.co.uk","The client now"," has","  information"
"thenortheast.fsnet.co.uk","''Importance ''"," has","  associations"
"daydreamnation.co.uk","the atom"," has","  parts  ,"
"smart.co.uk","www. sumhc. tk"," Has","  anyone  had"
"exeter.ac.uk","you only if he"," has","  confidence  in"
"moremusic.co.uk","does nothing,"," has","  nothing  , is"
"psi.org.uk",". Perhaps this"," has","  relevance  to"
"thebigsheep.co.uk","individual"," has","  information"
"thebigsheep.co.uk",". The IGIS"," has","  access  to all"
"robertmoir.co.uk","Minister"," has",""
"cpb.bio.ic.ac.uk","flower show"," has","  everything"
"thenewspaper.org.uk",". This screw"," has","  part  of its"
"4minutes.co.uk","? The work"," has","  relevance  to"
"durhamwriters.org.uk","government"," has","  nothing  more"
"scotclimb.org.uk",", this"," has","  nothing  to do"
"bseinquiry.gov.uk","injectables"," has","  costs  ("
"ace.abertay.ac.uk","its budgets,"," has","  elections"
"railart.co.uk","to locate it."," Has","  anyone  any"
"dh.gov.uk",", as long as it"," has","  alcohol  , but"
"oudancesport.co.uk",". No one who"," has","  faith  in me"
"oudancesport.co.uk","! Everyone who"," has","  faith  in me"
"brannanshop.co.uk","crier, "" Tulke"," has","  reason  to"
"ncadc.org.uk","limited plot"," has","  something  to"
"codexbooks.co.uk",", his argument"," has","  something  in"
"nurse-prescriber.co.uk","which"," has","  planning"
"northill.demon.co.uk","a single party"," has","  majority"
"northill.demon.co.uk","to clarify who"," has",""
"the-philosopher.co.uk","Aika & Aine but"," has","  none  of the"
"fairy-tales.classic-literature.co.uk","said or did"," has","  value  for us"
"partnerships.org.uk","and more, as it"," has","  depth  to my"
"armyoneverest.mod.uk","a nearby plot"," has","  problems  that"
"chester.gov.uk","). She also"," has","  budget"
"port.nmm.ac.uk","research also"," has","  relevance  for"
"port.nmm.ac.uk","? ?"," has","  significance"
"winspiration.co.uk","Film Themes 2"," has","  tracks  from"
"disabilitynow.org.uk",". It"," has","  clarity  ,"
"dcs.gov.uk","technology"," has","  advance  over"
"culture.gov.uk","the public"," has","  trust  in the"
"orthodoxengland.btinternet.co.uk","Commissioner"," has",""
"wildfowling.co.uk","Is it me or"," has","  memory  prices"
"ymss.org.uk","This approach"," has","  limitations"
"naldic.org.uk","certainly"," has","  moments  of"
"liverweb.org.uk","at the GLA she"," has",""
"sudokuz.co.uk",". It reputedly"," has","  something  to"
"ownersdirect.co.uk","''s kidnap"," has","  implications"
"theisleofjura.co.uk","but also"," has","  assets  to"
"hysteria-lives.co.uk",", this player"," has","  none  of the"
"reading.ac.uk","website also"," has","  links  to many"
"reading.ac.uk","Kosovo. Also"," has","  links  to news"
"reading.ac.uk",". Website also"," has","  links  to press"
"reading.ac.uk",". Website"," has","  links  to the"
"reading.ac.uk",". Website"," has","  links  to"
"reading.ac.uk",". Website also"," has","  links  to"
"reading.ac.uk",". The website"," has","  links  to"
"the-fan.co.uk","this category"," has","  something  of a"
"furthermore.org.uk","bear? It"," has","  lavender  in it"
"furthermore.org.uk","of heat,"," has","  anyone  had"
"naldic.org.uk","honest man who"," has","  nothing  in his"
"artatwalsall.org.uk","Kolvin says he"," has","  sympathy  for"
"spacecentre.co.uk","century font"," has","  symbols  of the"
"pfc.org.uk","the public"," has","  access  to the"
"wwwolf.co.uk","area who"," has","  someone  in"
"greenleaf.demon.co.uk","... mountain"," has","  cassowary  cap"
"phundria.org.uk","and the BGS"," has","  links  with"
"lonympics.co.uk","reckless if he"," has","  friends  his"
"montrose-society.org.uk","the vessel and"," has","  access"
"classicrally.org.uk","blood and it"," has","  pressure  ."
"classicrally.org.uk",". I ''ve a pal who"," has","  contacts"
"beeinvited.co.uk","and"," has","  input  from"
"cistercian-way.newport.ac.uk",", which"," has","  delegates"
"lux.org.uk","which"," has","  coverage  of"
"voiceoftheslug.org.uk","Army. The site"," has","  information"
"c2c-guide.co.uk","(ippr)"," has","  expertise  ."
"cancerhelp.org.uk","a bailiff"," has","  jurisdiction"
"oudancesport.co.uk","big duets also"," has","  Nero"
"ipa.co.uk","Water now"," has","  boreholes  and"
"users.netmatters.co.uk","- the novel"," has","  charm  and the"
"samoa.co.uk","that data"," has","  value  . In"
"sed.manchester.ac.uk","Guasare that"," has","  plans  for"
"halletts.co.uk","everyone who"," has","  pain  who comes"
"cjd.ed.ac.uk","a work that"," has","  problems"
"cjd.ed.ac.uk","in that film"," has","  elements"
"ubu.org.uk",") This section"," has","  effect  where"
"fantasyfactory.co.uk","want to use. It"," has","  MPEG  movie HQX"
"usitt.ecs.soton.ac.uk","I expect?"," Has","  anyone  come"
"gwilliams.org.uk",", this Act"," has","  effect  as if"
"abi.co.uk","if the holder"," has","  nothing  to say"
"smoothhound.co.uk","body. The body"," has","  thousands  of"
"ggr-associates.co.uk","and more. It"," has","  feature  of its"
"hilton.org.uk","stage people"," has","  names  they"
"met.rdg.ac.uk","Department"," has","  recognition"
"bagpipeworld.co.uk",", Selfridges"," has","  discounts  of"
"strategies.co.uk",", I know that he"," has","  property  in"
"strategies.co.uk","to ensure he"," has","  funds  to aid in"
"hinduism.fsnet.co.uk","Bandit barely"," has","  time  to draw"
"ventris.org.uk","and"," has","  memory"
"vanunu.freeserve.co.uk","application"," has","  claims  which"
"robertbuchanan.mysite.wanadoo-members.co.uk",", this one"," has","  channels  for"
"preachtheword.co.uk","; this work"," has","  relevance  to"
"accfinweb.account.strath.ac.uk","know that it"," has","  anything  to do"
"talkingteaching.co.uk","stream"," has","  data  rates on"
"blackpresence.co.uk","if the land"," has","  lots  of cover,"
"blackpresence.co.uk","coursing also"," has","  rules  , the"
"milesfaster.co.uk",". But this"," has","  nothing  to do"
"mybrightonandhove.org.uk","Harry ''s Place"," has","  commentary  on"
"mariners-l.co.uk",". Website"," has","  links  to press"
"mariners-l.co.uk",". The website"," has","  links  to the EC"
"mariners-l.co.uk","of law. Also"," has","  links  to"
"mariners-l.co.uk",", and"," has","  links  to the UN"
"mariners-l.co.uk",". Website also"," has","  links  to"
"mariners-l.co.uk",". The website"," has","  links  to"
"hcd2.bupa.co.uk","told you. Plep"," has","  forgotton"
"pearsoned.co.uk","one season and"," has","  guest  starred"
"musica.co.uk",". Anyone who"," has","  pre-school"
"musicbyarrangement.co.uk","everybody"," has","  access  to the"
"swwater.co.uk",", LEERG"," has","  research"
"premierhomesinternational.co.uk","'' sake ©"," has","  experience  ,"
"zyra.org.uk","that Stansted"," has","  today  versus"
"economics.heacademy.ac.uk","emphasis and"," has","  links  with"
"apinfo.co.uk","the company"," has","  policies  in"
"apinfo.co.uk","issues. This"," has","  implications"
"medical-acupuncture.co.uk","publication"," has","  designs  on"
"redflag.org.uk","and so it"," has","  nothing  to"
"redflag.org.uk","that Saddam"," has","  nukes  -- and"
"redflag.org.uk","into enclaves"," has","  nothing  to do"
"bobsticks.co.uk",". Fulbrook"," has","  sympathy  not"
"congressfordemocracy.org.uk","because none"," has","  experiences"
"jazzscript.co.uk",". But then he"," has","  imagination"
"jazzscript.co.uk",", so that he"," has","  time  for other"
"wesparkle.co.uk","text"," has","  force  of law"
"wesparkle.co.uk","text"," has","  force  of law"
"wesparkle.co.uk","text"," has","  force  of law In"
"wesparkle.co.uk","text"," has","  force  of law In"
"wesparkle.co.uk","text"," has","  force  of law If"
"wesparkle.co.uk","text"," has","  force  of law If"
"wesparkle.co.uk","text"," has","  force  of law If"
"wesparkle.co.uk","text"," has","  force  of law"
"wesparkle.co.uk","text"," has","  force  of law"
"wesparkle.co.uk","text"," has","  force  of law If"
"wesparkle.co.uk","text"," has","  force  of law If"
"wesparkle.co.uk","text"," has","  force  of law If"
"wesparkle.co.uk","text"," has","  force  of law"
"wesparkle.co.uk","text"," has","  force  of law If"
"wesparkle.co.uk","text"," has","  force  of law If"
"odpm.gov.uk","that usually"," has","  nothing  to do"
"relate.org.uk","pain free."," Has","  anyone  heard"
"optimumimpact.co.uk",". Phil also"," has",""
"optimumimpact.co.uk","The North West"," has","  something  of a"
"freewheelers.co.uk","to an employee"," has","  effect  as a"
"freewheelers.co.uk",") This section"," has","  effect"
"ukjournalism.co.uk","whose fate"," has","  implications"
"setdanceteacher.co.uk","out than it"," has","  drugs  and"
"setdanceteacher.co.uk","hardly anyone"," has","  time  for"
"skyscript.co.uk","the pre-1991"," HAS","  visits  may see"
"abi.co.uk","; the school"," has","  ''staff"
"ita.org.uk","Sullivan. Sam"," has","  quadriplegia"
"colley.co.uk","the variation"," has","  effect  at law,"
"colley.co.uk","the variation"," has","  effect  at law,"
"colley.co.uk","the variation"," has","  effect  at law"
"armyoneverest.mod.uk","â? ? who just"," has","  something"
"physicalmaps.co.uk","back rehab and"," has","  oodles  of"
"stopurban4x4s.org.uk","plot the film"," has","  concerns  a"
"eevl.ac.uk","person who"," has","  doubts  about"
"eevl.ac.uk","a velma moment"," has","  anyone  seen my"
"eevl.ac.uk","status,"," has","  access  to the"
"christian.org.uk",", who"," has","  bulemia  or"
"pers-www.wlv.ac.uk",". The problem"," has","  nothing  to do"
"fvi.org.uk","legislation"," has","  loopholes"
"bowness.demon.co.uk","anyone who"," has","  something  to"
"robertbuchanan.mysite.wanadoo-members.co.uk","if anyone who"," has","  details  of a"
"essc.org.uk","prioritised."," Has","  anything"
"sciencenet.org.uk",". If anyone"," has","  anything  to"
"bures-online.co.uk","supermarket"," has","  doors  either"
"edinburgh-tattoo.co.uk","still"," has","  protections"
"zx81.org.uk","Now I ''m 64 "". It"," has","  nothing  to do"
"portset.co.uk",". Each arena"," has","  areas  of"
"portset.co.uk","and each Boss"," has","  times  when"
"nicap.dabsol.co.uk",", if accepted,"," has","  implications"
"classicrally.org.uk",". What part"," has","  ICT  in the"
"essc.org.uk","brigade"," has","  maneuver"
"essc.org.uk","HHC/ HHT"," has","  food  service,"
"essc.org.uk","battery"," has","  battalion"
"essc.org.uk","the FA battery"," has","  maintenance"
"essc.org.uk","company"," has","  food  , supply,"
"essc.org.uk",". The battery"," has",""
"essc.org.uk",". It also"," has","  unit"
"dancecity.co.uk","background"," has","  nothing  to do"
"englandsquashmasters.co.uk","repeats. It"," has","  specificity"
"diamondhunt.co.uk","individually"," has","  insights  into"
"diamondhunt.co.uk","of Engineers"," has","  authority"
"cistercian-way.newport.ac.uk","of kids"," has","  doctors  ,"
"magic-spells.co.uk","and logistics"," Has","  anyone  here"
"magic-spells.co.uk","is a problem."," Has","  anyone  flown"
"poetrymagazines.org.uk","my weight"," has","  plateau  ''d and"
"mfy.org.uk","the new blog"," has","  none  , my"
"24hourmuseum.org.uk",". The hunt"," has","  licenses  from"
"redbridge.gov.uk","professional"," has","  expectations"
"worldwar1.co.uk","Rise scene"," has","  vats  of this"
"talkmagic.co.uk",". The articles"," has","  links  on"
"huli.group.shef.ac.uk","Directorate"," has","  access  to"
"growingbusiness.co.uk","your customer"," has","  LCP  approval,"
"mybrightonandhove.org.uk","battalion"," has","  terrain"
"mybrightonandhove.org.uk","The brigade S3"," has","  staff"
"mybrightonandhove.org.uk","commander"," has",""
"mybrightonandhove.org.uk",". FM 24-1"," has","  details  . The"
"orangebikes.co.uk",". Each player"," has","  control  of"
"hyperguide.co.uk","Centre"," has","  courses  for"
"jdl.co.uk","Plan."," Has","  anyone  gone"
"dancing-times.co.uk","burst."," Has","  anyone  else"
"the-fan.co.uk",", and it"," has","  homologies  to"
"fleafree.co.uk","Animal Centre"," has","  purpose  built"
"exclusive-fountains.co.uk","Sanctuary"," has","  animals  in"
"exclusive-fountains.co.uk","a green and"," has","  art  and craft"
"olympics.org.uk","right also"," has","  alignment"
"olympics.org.uk","bar at the top"," has","  lots  of fine"
"century.guardian.co.uk","Museum"," has","  nothing  on its"
"fitz.cam.ac.uk","whose time"," has","  comeIn  the"
"colerainebc.gov.uk",""" sleeper """," has","  nothing  to do"
"man.ac.uk","plant we eat"," has","  X  mg of product"
"churchill-society-london.org.uk","elements"," has","  benefit  for"
"wolftrust.org.uk",". This Act"," has","  effect"
"compbio.dundee.ac.uk",", the disease"," has","  nothing  to do"
"nbtea.co.uk","all joy"," has","  limitations  ."
"wwwfom.sk.med.ic.ac.uk","couple"," has","  sex  three"
"bristolfiesta.co.uk","institutions"," has","  fa  ... read"
"bristolfiesta.co.uk","Taylor. Nick"," has","  bee  ... read"
"bristolfiesta.co.uk","(ippr)"," has","  expertise  ."
"swan.ac.uk",". If a company"," has","  earnings  per"
"tonearm.co.uk","that everyone"," has","  something  to"
"abtn.co.uk","then, the BBC"," has","  plenty  of"
"queens.ox.ac.uk",". c.? Gospel?"," has","  origin  in"
"spacekraft.co.uk","on the ticket."," Has","  anyone  had"
"cleanersafergreener.gov.uk","The guide"," has","  information"
"geog.ox.ac.uk","31 August"," has","  bee  set for a"
"earthscan.co.uk",", which"," has",""
"gerty.ncl.ac.uk","and"," has","  offices  in"
"xibalba.demon.co.uk","a person"," has","  similarities"
"congressfordemocracy.org.uk",". Cornwall"," has","  plenty  of"
"congressfordemocracy.org.uk","Cornwall"," has","  something  for"
"turkeyrealestate.co.uk","development"," has","  nothing  to do"
"the-shipman-inquiry.org.uk",". PDA"," has","  staff"
"kenyabirds.org.uk","Ticket to Ride"," has","  trains  ,"
"swmaritime.org.uk","and so"," has","  INTENT(OUT  )."
"swmaritime.org.uk","also"," has","  access  to the"
"socialistworker.co.uk","catalogue now"," has","  sheet  music"
"hpa.org.uk",". lpo. fr"," has","  lots  of"
"hpa.org.uk",", Hampshire"," has","  lots  of Osprey"
"ilford.org.uk","). DECT also"," has","  applications"
"ilford.org.uk","by "" e- "", which"," has","  nothing  to do"
"medical-acupuncture.co.uk",". CIBR also"," has","  links  with the"
"alternative-finance.org.uk","at Cwm George"," has","  links  with the"
"christian-ecology.org.uk","out there who"," has","  photos  of any"
"socialistunitynetwork.co.uk","[ 13 ]. This"," has","  implications"
"walsinghamanglican.org.uk","know -) 9."," Has","  anyone  in the"
"clieuk.co.uk","website. It"," has","  fun  fact"
"sandaigprimary.co.uk","wisest mind"," has","  something  yet"
"rcplondon.ac.uk","com. Knowhere"," has","  info  on over"
"rcplondon.ac.uk","! Knowhere"," has","  info  on over"
"jritson.demon.co.uk","Management"," has","  obligations"
"www3.hants.gov.uk","or Ajax and"," has","  experience  in"
"kami.demon.co.uk",")"," has","  effect  ."
"kami.demon.co.uk","(a) the person"," has","  notice  that"
"kami.demon.co.uk","change of name"," has","  effect  from"
"hsrc.ac.uk","organisation"," has","  committees  in"
"hsrc.ac.uk","each article"," has","  paragraphs"
"geog.cam.ac.uk","to grow on you."," Has","  anybody  ever"
"tof.co.uk","the sheep"," has","  arthritis  ."
"adviceguide.org.uk","en route. This"," has","  photogaphs  of"
"christianchat.co.uk","College, and"," has","  folk  from many"
"christianchat.co.uk","performance"," has","  funding"
"ukincorp.co.uk","with whom he"," has","  dealings  , and"
"lochindaal.dcs.st-and.ac.uk",". Jeanette"," has","  experience  of"
"omlet.co.uk","''s new album"," has","  recordings  of"
"fashion.arts.ac.uk","(NDA)"," has",""
"fashion.arts.ac.uk","(Hons)) and he"," has","  experience  at"
"offthekerb.co.uk",": the project"," has","  xeroxes  of"
"ironmountain.co.uk",", this unit"," has","  features  and"
"rochdaleonline.co.uk","the one who"," has","  beliefs  has a"
"perfect.co.uk","puppy bone"," has","  goodie"
"glasgowwestend.co.uk","above) now"," has","  copies  of most"
"waterfowl.org.uk","thread"," has","  priority"
"newsfromnowhere.org.uk","addition, APU"," has","  links  with"
"icwales.icnetwork.co.uk","Belfast"," has",""
"icwales.icnetwork.co.uk","scale-level"," has","  implications"
"icwales.icnetwork.co.uk","the largest"," has","  eleven  . In"
"icwales.icnetwork.co.uk","index"," has","  consequences"
"icwales.icnetwork.co.uk","latest census"," has","  problems  ,"
"2hearts.org.uk",", Essex)"," has","  copies  of"
"eastlothian.gov.uk","an animal and"," has","  powers  either"
"lantra-awards.co.uk","often"," has","  variants"
"herts.police.uk","naming tool"," has","  thousands  of"
"officeronline.co.uk",". Its website"," has","  information"
"officeronline.co.uk",") The site"," has","  information"
"officeronline.co.uk","BBA website"," has","  answers  to"
"officeronline.co.uk","Kingdom. It"," has",""
"officeronline.co.uk",". The website"," has","  information"
"officeronline.co.uk","site"," has","  advice  on how"
"officeronline.co.uk","Website"," has","  information"
"officeronline.co.uk","and"," has","  advice  if you"
"officeronline.co.uk",". The website"," has","  advice  and"
"officeronline.co.uk","''s website"," has","  information"
"officeronline.co.uk",". The website"," has","  advice  on what"
"officeronline.co.uk","people and"," has","  information"
"officeronline.co.uk",". The SRA also"," has",""
"officeronline.co.uk",". The website"," has","  information"
"cbr900rrt.co.uk","land. András"," has","  X-ray  eyes and"
"ppcmag.co.uk","non-fiction."," Has","  Anyone  Here"
"woodlandsfarm.co.uk",", and"," has","  approval  as a"
"fashion.arts.ac.uk",". LCD"," has",""
"fashion.arts.ac.uk","Families LCD"," has",""
"jcdecaux.co.uk","the door. This"," has","  something  to"
"observer.guardian.co.uk","from us, he"," has","  something  to"
"brookes.ac.uk","."," Has","  anyone  out"
"stephthornton.co.uk","it often"," has","  queues  coming"
"thestage.co.uk","the military"," has","  tools  that the"
"geos.ed.ac.uk","pictures; MGA"," has","  everything"
"jr2.ox.ac.uk","today, and it"," has","  nothing  to do"
"jr2.ox.ac.uk","''s owner who"," has","  custody  or"
"foe.co.uk","on top of lugs."," Has","  screw  on case"
"phrases.org.uk","once again"," has","  thousands  of"
"aim25.ac.uk","Branson"," has","  plans  to"
"www-sedgwick.esc.cam.ac.uk","Movement"," has","  copies  of"
"londonfashionweek.co.uk","matrix"," has","  lots  of"
"londonfashionweek.co.uk","matrix which"," has",""
"hacan.org.uk","and if Jane"," has","  problems"
"patp3.webbler.co.uk","research that"," has","  impact"
"phrases.org.uk","families"," has",""
"netdoctor.co.uk",". The section"," has","  sequences  on:"
"classic-literature.co.uk",", that it"," has","  nothing  to do"
"cnetwork.co.uk","polish, as it"," has","  plenty  of that"
"psigate.ac.uk","collection"," has","  application"
"spartacus.schoolnet.co.uk",", which"," has","  length"
"spartacus.schoolnet.co.uk","except that it"," has","  return  values"
"socialistunitynetwork.co.uk","Secretary"," has","  today  ("
"snh.org.uk","Institution"," has",""
"netdoctor.co.uk","also"," has","  facilities"
"netdoctor.co.uk","Iran that"," has","  echoes  of the"
"netdoctor.co.uk","(MEK), which"," has","  bases  in"
"netdoctor.co.uk","Gulf2000. It"," has","  academics  ,"
"ess.uwe.ac.uk",", XSLT2 also"," has","  xsl  :"
"og.dti.gov.uk","happy with it."," Has","  anyone  ever"
"jncc.gov.uk","information"," has",""
"jncc.gov.uk",". One person"," has","  duplicates  of"
"iwar.org.uk","corner which"," has","  links  to the"
"building-history.pwp.blueyonder.co.uk","who himself"," has","  power  and"
"www-sedgwick.esc.cam.ac.uk","and"," has","  suspicions"
"greenparty.org.uk","indirectly)"," has","  control  ; or(b"
"greenparty.org.uk","indirectly)"," has","  control  ; and """
"greenparty.org.uk","detriment)"," has","  effect  only in"
"greenparty.org.uk","dismissal)"," has","  effect  only in"
"greenparty.org.uk","2) An employee"," has",""
"theweekly.co.uk","and now"," has","  twelve  MEPs."
"wessexscene.co.uk","disc, that"," has","  background"
"nzstamps.fsnet.co.uk","now"," has","  government"
"phrases.org.uk","Indiana Jones"," has","  nothing  on"
"number-10.gov.uk","hand, How fast"," has","  brother"
"number-10.gov.uk","of Yarrow ''"," has","  associations"
"spamfo.co.uk","like Raine ''s,"," has","  trouble"
"futurelab.org.uk","Maxwell"," has","  experience  of"
"foe.co.uk","but still"," has","  plenty  of"
"bl.uk",", everybody"," has","  gifts  and I"
"brookes.ac.uk","Practice"," has","  papers  on"
"city.ac.uk","When somebody"," has","  ammunition  to"
"city.ac.uk","a stick, he"," has","  nothing  else."
"seniorsnetwork.co.uk","- the RVC"," has","  students  from"
"iwar.org.uk",". But he"," has","  promise  , Iâ?"
"bized.ac.uk","portal. This"," has","  implications"
"soulwalking.co.uk",". Your hero"," has","  combination"
"soulwalking.co.uk",". The game also"," has","  enemies  that"
"ics.leeds.ac.uk","world. ACRES"," has","  bi-monthly"
"casi.org.uk","of science"," has","  nothing"
"casi.org.uk","that he or she"," has","  results  that"
"gfdl.marxists.org.uk","not an opiate."," Has","  anyone  else"
"psigate.ac.uk","Corporation,"," has","  one-seventh"
"psigate.ac.uk","I believe this"," has","  consequences"
"eng.warwick.ac.uk","Investment"," has",""
"sfc.ac.uk","and Things ''"," has","  keyboards  ,"
"psigate.ac.uk","inclusion"," has","  impacts  on"
"nottingham.ac.uk",", etc., that"," has","  structure  ("
"futurelab.org.uk",". need we say,"," has","  nothing  to do"
"futurelab.org.uk","be true but"," has","  nothing  to do"
"futurelab.org.uk",", have had. It"," has","  none  left to"
"futurelab.org.uk","that"," has","  pretensions"
"wessexscene.co.uk","; she still"," has","  visions  of"
"wessexscene.co.uk","is needed, and"," has","  pledges  for"
"shef.ac.uk","and moor,"," has","  something  for"
"wdm.org.uk","organisation"," has","  facilities"
"wdm.org.uk","project. It"," has","  structures"
"defra.gov.uk","The older name"," has","  priority  ."
"defra.gov.uk","although it"," has","  priority  of"
"defra.gov.uk","R. hirta"," has","  priority  , it"
"lentontimes.co.uk","disc, that"," has","  background"
"classic-literature.co.uk","frame"," has","  thresholds"
"sanger.ac.uk","a ballot), nor"," has","  anyone"
"fortunecity.co.uk","''s team"," has","  experience  of"
"ioe.ac.uk","with me."," Has","  anyone  had to"
"clieuk.co.uk","Restaurant"," has","  TV  monitors on"
"chester.ac.uk","the Son of Man"," has","  authority  on"
"warwithoutend.co.uk","Incredible!"," Has","  nobody  made"
"refer.nhs.uk","more Orange"," has","  today"
"thegoodwebguide.co.uk","us that the US"," has","  nothing  to"
"thegoodwebguide.co.uk","FOR WAR * Ý US"," has","  plan  to kill"
"thegoodwebguide.co.uk","that Iraq"," has","  access  , or is"
"thegoodwebguide.co.uk","exists that he"," has","  weapons  of"
"observer.guardian.co.uk","spat """," has","  nothing  to do"
"sanger.ac.uk",". NFS Rivals"," has","  wireless"
"spartacus.schoolnet.co.uk","Marathon man?"," has","  typewriter  ,"
"rvc.ac.uk",", and that she"," has","  relatives  in"
"janus.lib.cam.ac.uk",". RW"," has","  cheques  for"
"janus.lib.cam.ac.uk","Federation"," has","  difficulties"
"positivenation.co.uk","have, if she"," has","  nothing"
"tate.org.uk","this"," has",""
"international-brigades.org.uk","game it still"," has","  value  right? ,"
"untoldlondon.org.uk","News, which"," has","  interviews"
"unixhelp.ed.ac.uk","magazine. It"," has","  information  ,"
"bandsman.co.uk","of your party"," has","  clothes"
"bbc.co.uk","Open), so gcc"," has","  issues  with"
"bbc.co.uk","Open), so gcc"," has","  issues  with"
"positivenation.co.uk","written"," has","  value  , and"
"sanger.ac.uk","detail that"," has","  nothing  to do"
"poetrysociety.org.uk",", UK. He"," has","  degrees  in"
"eprints.gla.ac.uk","apparently"," has","  difficulty  in"
"bl.uk","Woods also"," has","  wireless"
"discuss.pressgazette.co.uk","when the file"," has","  holes  . ) The"
"mirror.co.uk","is that Cas"," has","  given-up"
"city.ac.uk",". Its Web site"," has","  details  of"
"allotment.org.uk",", this site"," has","  maps  , as well"
"opsi.gov.uk","room. Mounir"," has","  family  in the"
"starlink.rl.ac.uk","which"," has","  nothing  to do"
"starlink.rl.ac.uk","needs, but"," has","  everything  to"
"soulwalking.co.uk","- and then one"," has","  time  to"
"history.ac.uk",". But it also"," has","  escape"
"cain.ulst.ac.uk","damned river"," has","  burst  into"
"clieuk.co.uk","and every room"," has","  TV  , self-dial"
"burnyourbonus.co.uk","the College"," has","  property  ."
"baronage.co.uk","full PS. THis"," has","  post  scan"
"fantasticfiction.co.uk","that"," has","  teaching  and"
"ariadne.ac.uk","unveiled - she"," has","  nothing  to"
"english-heritage.org.uk","as someone who"," has","  reading  and"
"english-heritage.org.uk","son who also"," has","  learning"
"snh.org.uk",". But he"," has","  promise  , Iâ?"
"discuss.pressgazette.co.uk","now"," has","  links  to over a"
"cpgb.org.uk","the Committee"," has","  authority  to"
"kwintessential.co.uk","the property"," has",""
"number-10.gov.uk",". Mackie ''s"," has","  eleven"
"iwar.org.uk","conditions."," Has","  anyone  been on"
"iwar.org.uk","date."," Has","  anyone  done"
"burnyourbonus.co.uk",", the CPU"," has","  nothing  more"
"bjhc.co.uk",". The block"," has","  security"
"iwar.org.uk","intakes"," has","  implications"
"manchestereveningnews.co.uk","the website"," has","  product"
"somewhere.org.uk","dresses well,"," has","  taste  ; gives"
"bitc.org.uk","Christian,"," has","  nothing  in"
"jncc.gov.uk","power on earth"," has","  authority  to"
"phrases.org.uk","land [ 2 ]. FOE"," has","  evidence  that"
"cain.ulst.ac.uk","(GLSEN)"," has","  materials  ("
"bubl.ac.uk","girl who"," has","  difficulty  in"
"spamfo.co.uk","? e. g.,"," has","  freedom  of"
"cpgb.org.uk","Venezuela"," has","  nothing  to do"
"soulwalking.co.uk","the rough, he"," has","  touches  of the"
"bbc.co.uk","and that"," has","  impacts  for us"
"futuremovies.co.uk","Israel lobby"," has","  influence"
"birdtours.co.uk",", Zombies! ! !"," has","  loads  of â?"
"cpgb.org.uk","Fairfield"," has","  designs  on"
"cpgb.org.uk","of "" Crash """," has","  resonances"
"cygnus-books.co.uk","anyone who"," has","  expertise  in"
"spamfo.co.uk","gas caps."," Has","  anyone  heard"
"spamfo.co.uk","EPIC"," has","  theme  park"
"durham21.co.uk","and find out."," Has","  email"
"ess.uwe.ac.uk","Fremund, who"," has","  nothing"
"moviemail-online.co.uk","company that"," has","  information"
"cpgb.org.uk","been there. It"," has","  lots  of names:"
"cpgb.org.uk","the opiates."," Has","  anyone  else"
"holdthefrontpage.co.uk","a music which"," has","  humanity  and"
"megalithic.co.uk","Collins, who"," has","  visions  of a """
"richmond.ac.uk",", p. 65 ], still"," has","  ash  trees"
"spartacus.schoolnet.co.uk","AVAILABLE NOW"," Has","  anyone  ever"
"irr.org.uk","Cruz, who"," has","  contacts  . Mr"
"ariadne.ac.uk","story that"," has","  everyone  at"
"archive.food.gov.uk","them the Lord"," has","  need  of it, he"
"neptunepinkfloyd.co.uk",", this code"," has","  nothing  to say"
"somewhere.org.uk","of our faith,"," has","  authority"
"manchestereveningnews.co.uk","The Dome"," has","  theatre  style"
"skuds.co.uk","aware that it"," has","  something  to"
"richmond.ac.uk","feels safe and"," has","  measures  in"
"passiondiscs.co.uk","feeling, yet"," has","  difficulty"
"projects.ex.ac.uk","approach that"," has","  risks  above"
"projects.ex.ac.uk","only the DoD"," has","  trouble  with"
"janus.lib.cam.ac.uk","stated that he"," has","  problems  in"
"rejesus.co.uk","''s souls"," has","  nothing  to do"
"dooyoo.co.uk",". Maher now"," has","  evidence  that"
"dooyoo.co.uk","she still"," has","  feelings  for"
"number-10.gov.uk","(the man"," has","  nothing  to be"
"defra.gov.uk","myself, when"," has","  life  ever"
"eduserv.org.uk",". The library"," has",""
"televisionheaven.co.uk","Avery range"," has","  sheets  of"
"televisionheaven.co.uk","and sometimes"," has","  problems  with"
"rejesus.co.uk",". (Linux libc5"," has","  Z  with this"
"shef.ac.uk","enough and so"," has","  naïve"
"eduserv.org.uk","integer still"," has","  meaning  for"
"irr.org.uk","like it. ) This"," has","  implications"
"cnetwork.co.uk","States now"," has","  sanctions  in"
"i-sis.org.uk",""" This section"," has","  details  of"
"paulflynnmp.co.uk",". And that"," has","  nothing  to do"
"rejesus.co.uk","Avon Cycleway"," has","  links  to"
"thisistravel.co.uk","believe she"," has","  anything  to"
"phrases.org.uk","area who"," has","  someone  in"
"classic-literature.co.uk","Logger. It"," has","  Bluetooth  as"
"forum.anothersite.co.uk","......."," has","  anyone  tried"
"somewhere.org.uk","institutions"," has","  fa  ... read"
"news.zdnet.co.uk","10 years. She"," has","  lots  of"
"chester.ac.uk",". I hope he"," has","  life"
"paulflynnmp.co.uk","not asked: why"," has","  lesbian"
"casi.org.uk","government,"," has","  nothing  to do"
"nationalschool.gov.uk","also"," has","  Platform  for"
"futuremovies.co.uk","n''t mind if it"," has","  raisins  in it"
"futuremovies.co.uk","Old Jamaica"," has","  raisins  in it."
"ff1600.co.uk","The exploiter"," has","  nothing  or"
"cf.ac.uk","post-holder"," has","  multi-media"
"defra.gov.uk","the left; she"," has","  bluebells  in"
"phrases.org.uk","(AIT)"," has","  hearing"
"phrases.org.uk","Agency also"," has",""
"futuremovies.co.uk","(and as her mum"," has","  carpel  tunnel"
"projects.ex.ac.uk","The catalogue"," has","  details  of the"
"foe.co.uk","languages and"," has","  experience  of"
"sitcom.co.uk",". ac. uk who"," has","  registration"
"sitcom.co.uk",". ac. uk who"," has","  registration"
"ciao.co.uk","currently"," has",""
"ciao.co.uk","Their website"," has","  information"
"qub.ac.uk","a debate that"," has","  importance"
"moviemail-online.co.uk",", the case"," has","  room  for a"
"le.ac.uk","idea of how it"," has","  been/  is being"
"bjhc.co.uk",". com"," has","  example"
"bjhc.co.uk",". Their site"," has","  details  of her"
"bjhc.co.uk",". Their site"," has","  details  of"
"bjhc.co.uk","org [ Focusing"," has","  areas  of"
"youngminds.org.uk","if the woman"," has","  children  ,"
"spamfo.co.uk","of rights who"," has","  claims  on"
"spamfo.co.uk","system that"," has","  legislation  ,"
"news.zdnet.co.uk","state. This"," has","  nothing  to do"
"allotment.org.uk",". However he"," has","  trouble  with"
"cain.ulst.ac.uk","years ago. She"," has","  relatives  in"
"cheng.cam.ac.uk",". * The snow"," has","  dreams  it does"
"otherlandtoys.co.uk",". But when Bain"," has","  something"
"netdoctor.co.uk","Street"," has","  lift  access"
"netdoctor.co.uk","The GRCH"," has","  toilets  ("
"catholic-ew.org.uk","do, my school"," has","  lack  of team"
"admin.cam.ac.uk","that it"," has","  something  the"
"city.ac.uk","gains, and HSE"," has","  evidence  to"
"brad.ac.uk","(''outres '')"," has","  members  from"
"burnyourbonus.co.uk","Committee"," has","  copies  of a"
"cygnus-books.co.uk","theory group"," has","  links  on"
"cygnus-books.co.uk","section"," has","  programmes  of"
"photo-i.co.uk","either party"," has","  grounds  for"
"nationalschool.gov.uk","that the CIRA"," has","  links  with"
"nationalschool.gov.uk","Parliament"," has",""
"nationalschool.gov.uk","party which"," has","  links  to the"
"nationalschool.gov.uk","that RSF"," has","  links  with the"
"ff1600.co.uk",". Neil Hallett"," has","  guest  starred"
"ff1600.co.uk","- but he also"," has","  credits  in may"
"number-10.gov.uk","News premesis"," has","  permission  to"
"news.zdnet.co.uk","that it"," has","  lessons  to"
"jr2.ox.ac.uk","and Sally, who"," has","  skills  and"
"pocket-lint.co.uk","of form ''?"," Has","  love  combined"
"dooyoo.co.uk","Cambridge"," has","  branches  for"
"kierenmccarthy.co.uk","countries"," has","  access  to only"
"kierenmccarthy.co.uk","die. WaterAid"," has","  people  out"
"jr2.ox.ac.uk","). UNHCR"," has","  observer"
"jr2.ox.ac.uk","), which"," has","  programmes  in"
"cygnus-books.co.uk","not everyone"," has","  access  to"
"cabe.org.uk","Yorkshire"," has","  plenty  of"
"sundaymail.co.uk","the defendant"," has","  brothers  , the"
"cf.ac.uk",". Anyone who"," has","  capacity  to do"
"cf.ac.uk","a person"," has","  capacity  to"
"defra.gov.uk","is not Welsh. """," Has","  anyone  ever"
"personalfinance.iii.co.uk","School"," has","  funding"
"domino.lancs.ac.uk",""" power "" as: "" A"," has","  power  over B to"
"spartacus.schoolnet.co.uk","company,"," has","  tak  ... More"
"spartacus.schoolnet.co.uk","Jane Davidson"," has","  today  that six"
"painsupport.co.uk",". com which"," has","  walks  on"
"painsupport.co.uk","areas"," has","  abundance  of"
"psigate.ac.uk","Centre"," has","  wheelchair"
"projects.ex.ac.uk","''s bath water"," has","  something"
"wdm.org.uk","Authority"," has","  enforcement"
"york.ac.uk",", this amoeba"," has","  genes  that"
"wessexscene.co.uk",", Rawdon, who"," has","  ''prospects  '',"
"ess.uwe.ac.uk","membership."," Has","  anyone  else"
"birdtours.co.uk","'', which"," has","  implications"
"ff1600.co.uk","''s pram which"," has","  warning"
"undiscoveredscotland.co.uk","Minister"," has","  nothing  to"
"fantasticfiction.co.uk",": being jewish"," has","  something  to"
"athelstane.co.uk",": Calendar"," has","  safety"
"observer.guardian.co.uk","] # Dogger"," has","  cancer  In the"
"arts.guardian.co.uk","my hon. Friend"," has","  evidence  from"
"jr2.ox.ac.uk",", South Korea,"," has","  one-quarter"
"jr2.ox.ac.uk",". Marina also"," has","  access  to"
"ff1600.co.uk",". This society"," has","  members"
"admin.cam.ac.uk","if the Osprey"," has","  something"
"acegamez.co.uk",". The site also"," has","  lots  of"
"acegamez.co.uk","Online"," has","  everything"
"bbc.co.uk","Mountain View"," has","  rivals  but no"
"history.ac.uk",": NJAC SE"," has","  contacts  with"
"qub.ac.uk",". ED Pubs"," has","  information"
"society.guardian.co.uk","in Texas, it"," has","  attitude  and"
"painsupport.co.uk","Square and who"," has","  grain  stored"
"netdoctor.co.uk","of space and"," has","  plenty  of"
"wessexscene.co.uk","chateau and"," has","  farmers"
"news.zdnet.co.uk","thinks that he"," has","  everything"
"news.zdnet.co.uk","the person who"," has","  everything  is"
"news.zdnet.co.uk","has Jesus. He"," has","  happiness  and"
"news.zdnet.co.uk","the person who"," has","  everything  in"
"cain.ulst.ac.uk","''s plate 30"," has","  cherubs"
"cain.ulst.ac.uk","''s road book"," has","  cherubs"
"cain.ulst.ac.uk","''s road book"," has","  cherubs"
"spamfo.co.uk","somewhere"," has","  photo  ''s that"
"le.ac.uk","with AMEC,"," has","  experience  of"
"rhs.org.uk","Ombudsman who"," has","  power  to"
"thegoodwebguide.co.uk","'' buckets an ''"," has","  th  '' ol '' chapel"
"rhs.org.uk",". This object"," has","  methods  that"
"pocket-lint.co.uk","Class - and"," has","  nothing  to do"
"bnp.org.uk","200-203;"," has","  sections  on"
"history.ac.uk",". The block"," has","  security"
"patp3.webbler.co.uk","Book Trust"," Has","  information"
"computerarts.co.uk","manager who"," has",""
"tech.plym.ac.uk","of these tests"," has","  primacy  for"
"tech.plym.ac.uk","1 (everyone"," has","  outcome  with"
"tech.plym.ac.uk",") to -1 (no-one"," has","  outcome  with"
"futuremovies.co.uk","side, a woman"," has","  pieces  of"
"projects.ex.ac.uk",""" I assume this"," has","  something  to"
"history.ac.uk","safe house, he"," has","  ''no  notion of"
"andrewduffmep.org.uk","AHDS already"," has","  guides  to good"
"paulflynnmp.co.uk","This book"," has","  plenty  of"
"qub.ac.uk","action"," has","  value  only if"
"filmfocus.co.uk",". The company"," has","  interests  in a"
"arts.guardian.co.uk","series, he"," has","  plenty  of"
"arts.guardian.co.uk","Dangerous"," has","  action  and"
"bfi.org.uk:8080","if anyone"," has","  evidence  for"
"bfi.org.uk:8080","if anyone"," has","  evidence  for"
"phrases.org.uk",". Venezuela"," has","  everything  a"
"shef.ac.uk","equipment now"," has","  access  to five"
"admin.cam.ac.uk","is that he"," has","  intergrity-"
"scienceandsociety.co.uk","Road. It"," has","  everything  I"
"unixhelp.ed.ac.uk","? This clearly"," has","  implications"
"skuds.co.uk","440 though,"," has","  anyone  else"
"stalbans.gov.uk","South Africa"," has","  lessons  to"
"mirror.co.uk","films. Each"," has","  something  to"
"phrases.org.uk","institutions"," has","  fa  ... read"
"customs.hmrc.gov.uk","Page Site"," has","  sections  on"
"customs.hmrc.gov.uk","research ''. It"," has","  sections  on"
"visitsouthwest.co.uk","more. The sky"," has","  limits"
"visitsouthwest.co.uk","more. The sky"," has","  limits"
"dumgal.gov.uk","! I know he"," has","  talent  , and"
"dumgal.gov.uk","website. It"," has","  details  of"
"dumgal.gov.uk","Infobase [ 3 ]"," has","  links  to"
"dumgal.gov.uk","company now"," has","  interests  and"
"sport.guardian.co.uk","successful."," Has","  anyone  else"
"soulwalking.co.uk","fludarabine"," has","  implications"
"wateraid.org.uk","(shown here)"," has","  ''gone  '', which"
"projects.ex.ac.uk","committed. As"," has","  beensaid  in"
"psigate.ac.uk","function that"," has","  access  to your"
"cnetwork.co.uk",", the bishop"," has","  means  by which"
"netdoctor.co.uk","Schiehallion"," has","  grid"
"cpgb.org.uk","ever for me, It"," has","  takena  long"
"chm.org.uk","guide"," has","  film  reviews"
"rhs.org.uk","government"," has","  weapons  of"
"rhs.org.uk",". Britain"," has","  weapons  of"
"spartacus.schoolnet.co.uk",", Arafat"," has","  bent  over"
"acegamez.co.uk",", and thus"," has","  nothing  to do"
"acegamez.co.uk","or statutes"," has","  ''few  if any"
"lse.ac.uk","that"," has","  nothing  to do"
"futurelab.org.uk","said. â? This"," has","  implications"
"fishandfly.co.uk","This website"," has","  information"
"wdm.org.uk","Hughes? who"," has",""
"wdm.org.uk","up to which"," has","  rigour  ."
"ess.uwe.ac.uk","is in nebido"," has","  something"
"nwda.co.uk","the tattoo."," has","  anything  ever"
"nwda.co.uk","a fire drill."," has","  anyone  you"
"projects.ex.ac.uk","and Israel"," has","  time  to decide"
"casi.org.uk","but none"," has","  jurisdiction"
"mailonsunday.co.uk","to this site."," Has","  anyone  got any"
"mailonsunday.co.uk","that"," has","  containers  to"
"eatwell.gov.uk","Group. Also"," has","  links  to"
"burnyourbonus.co.uk","beach, Derry"," has","  something  to"
"iq.lycos.co.uk","experience"," has","  everything  to"
"casi.org.uk","this of course"," has","  implications"
"casi.org.uk","a university"," has","  access  to ILL."
"archive.food.gov.uk",". But she"," has","  children  and"
"york.ac.uk",". The site"," has","  details  of"
"chm.org.uk","he"," has","  something  in"
"chm.org.uk","disobeyed he"," has","  recourse  ,"
"acegamez.co.uk","- the music"," has","  everything  : a"
"transglobal-aerospace.co.uk","- like Frankie"," has","  trouble  with"
"bjhc.co.uk","Spain Info"," has","  everything"
"bjhc.co.uk",", Barcelona"," has","  something  for"
"student-direct.co.uk","of"," has","  beens  , never"
"ess.uwe.ac.uk",", the company"," has","  offices  both"
"futuremovies.co.uk","good phone. It"," has","  software"
"videoforums.co.uk","Genomics,"," has","  patents  on"
"poole.gov.uk",". The web"," has","  plenty  of free"
"ff1600.co.uk",", it really"," has","  nothing  to do"
"jr2.ox.ac.uk","Epiphanius,"," has","  features  that"
"dur.ac.uk","The South West"," has","  facilities"
"holdthefrontpage.co.uk","dont care if it"," has","  ash  in it it is"
"futurelab.org.uk","bad behaviour"," has","  victims  ."
"admin.cam.ac.uk","on its own."," Has","  anyone  done a"
"painsupport.co.uk","news reports,"," has","  everything  to"
"ff1600.co.uk","online. Also"," has","  information"
"ff1600.co.uk","Bulletin"," has","  links  to"
"bized.ac.uk","every Yeshiva"," has","  copies  of"
"foe.co.uk","fall in love,"," has","  everything  a"
"foe.co.uk","film, which"," has","  everything  a"
"cygnus-books.co.uk",". ? IL-13"," has","  biol  ."
"socialistunitynetwork.co.uk","Learning)"," has","  links  to 25"
"number-10.gov.uk","","has","  nothing  to"
"number-10.gov.uk","that the US"," has","  willingness"
"number-10.gov.uk",". DPRK, too,"," has","  option"
"spamfo.co.uk","Act 2004 also"," has","  provisions"
"allotment.org.uk","products and"," has","  outlets  in"
"ucisa.ac.uk","Learning)"," has","  links  to 25"
"justkampers.co.uk","that"," has","  implications"
"netdoctor.co.uk","that a person"," has","  prostate"
"netdoctor.co.uk","or not a person"," has","  prostate"
"huntinginquiry.gov.uk",". As such he"," has","  command  and"
"wdm.org.uk","PMS currently"," has",""
"netribution.co.uk","of applause"," has","  anybody  heard"
"thegoodwebguide.co.uk","branch"," has",""
"le.ac.uk","Group"," has","  expertise  in a"
"futurelab.org.uk","printed if it"," has","  non-zero"
"videoforums.co.uk",". It really"," has","  character  ,"
"videoforums.co.uk","in the country"," has","  cars  parked"
"allotment.org.uk","If any user"," has","  information"
"starlink.rl.ac.uk",". The Agency"," has",""
"developments.org.uk","this"," has","  freshness  and"
"business.guardian.co.uk","and the MMC"," has","  control  over"
"business.guardian.co.uk",". FM 1-513"," has","  techniques"
"business.guardian.co.uk","companies"," has","  platoons  and"
"business.guardian.co.uk","officer"," has","  work  order"
"cs.bham.ac.uk",", which"," has","  sports"
"history.ac.uk","22-year-old"," has","  substance  as"
"history.ac.uk","Curbishley"," has","  plans  only to"
"rvc.ac.uk","as the text, it"," has","  maps  and ("
"chm.org.uk","indirectly)"," has","  control  ; or (b"
"chm.org.uk","indirectly)"," has","  control  ; and """
"chm.org.uk","detriment)"," has","  effect  only in"
"chm.org.uk","dismissal)"," has","  effect  only in"
"patent.gov.uk",". This work"," has","  relevance  to"
"tate.org.uk","advisers. It"," has","  powers  to"
"untoldlondon.org.uk",", this book"," has","  something  for"
"visitsouthwest.co.uk","someone that"," has","  problems"
"painsupport.co.uk","who already"," has","  flu  comes into"
"painsupport.co.uk","a new virus."," Has","  flu  been"
"burnyourbonus.co.uk","fashion this"," has","  nothing  to do"
"pcanswers.co.uk","Vermeer,"," has","  director"
"visitsouthwest.co.uk",". It"," has","  attitude  , a"
"jr2.ox.ac.uk","way. It"," has","  personaility"
"wdm.org.uk","the treasurer"," has","  nothing  to"
"ioe.ac.uk","Government"," has","  identi  ..."
"ioe.ac.uk","(ippr)"," has","  expertise  ."
"psigate.ac.uk","in Germany,"," has",""
"manchesteronline.co.uk","is a room which"," has","  signs  on the"
"undiscoveredscotland.co.uk",", that"," has","  classes  as its"
"acca.co.uk",""" my husband"," has","  pancreatitis"
"videoforums.co.uk","Borgetti"," has","  point  to prove"
"news.zdnet.co.uk",". The Board"," has","  concerns  over"
"photo-i.co.uk",". It also"," has","  information"
"shop.highlander.co.uk","Olympus BLM-1"," has","  nothing  extra"
"publications.parliament.uk",". This level"," has","  lots  of nice"
"publications.parliament.uk","too. The level"," has","  lots  of good"
"socialistunitynetwork.co.uk","child. '' If God"," has","  ''put  away '' our"
"qub.ac.uk","pet carrier"," has","  mesh  front and"
"bfi.org.uk:8080","Your browser"," has","  JavaScript"
"wdm.org.uk","Museum"," has",""
"wdm.org.uk","This site also"," has","  pages  giving"
"untoldlondon.org.uk","Court"," has","  jurisdiction"
"spamfo.co.uk","disk that"," has","  data  on it to a"
"business.guardian.co.uk","etc. Only 90"," has","  data  parallel"
"richmond.ac.uk","collapse"," has","  something  to"
"personalfinance.iii.co.uk","and therefore"," has","  stool"
"personalfinance.iii.co.uk","your baby"," has","  gluten"
"lse.ac.uk",", the book"," has","  merit  in"
"londonfashionweek.co.uk",". Jersey Post"," has",""
"cygnus-books.co.uk","the UK, CIPFA"," has",""
"radioandtelly.co.uk","? > > If anyone"," has","  answers  to"
"radioandtelly.co.uk",", if anyone"," has","  answers  or"
"rcpbml.org.uk","At present, it"," has","  something  to"
"bfi.org.uk:8080","- This website"," has","  something  for"
"bfi.org.uk:8080",". It also"," has","  details  on the"
"bfi.org.uk:8080","a website that"," has","  information"
"englit.ed.ac.uk","stature. It"," has","  character  and"
"thegoodwebguide.co.uk","that Gaelic"," has","  relevance"
"kingston.gov.uk","Sports Centre"," has","  purpose  built"
"classic-literature.co.uk","stature. It"," has","  character  and"
"headheritage.co.uk","","has","  priority"
"cs.bham.ac.uk","Marathon man?"," has","  typewriter  ,"
"www-jcsu.jesus.cam.ac.uk","tutor"," has","  access  to the"
"visitsouthwest.co.uk","that one"," has","  9½  stamped on"
"wessexscene.co.uk","already"," has","  plans  for a"
"fantasticfiction.co.uk","the hard disk"," has","  problems"
"ess.uwe.ac.uk","album"," has","  something  of"
"ess.uwe.ac.uk","the flip"," has","  echoes  of the"
"ess.uwe.ac.uk","that this year"," has","  ''quality  ''"
"pocket-lint.co.uk","Kirk? '' and"," has","  ''Soldier  ,"
"pocket-lint.co.uk",". The end wall"," has","  vinyl  albums,"
"baronage.co.uk","and he"," has","  fishing  on the"
"bized.ac.uk",". Each one"," has","  instructions"
"cnetwork.co.uk","if anyone"," has",""
"baronage.co.uk","Empire"," has","  stll  not"
"clieuk.co.uk","Price: £22.50"," Has","  anyone  used a"
"number-10.gov.uk",", each of whom"," has",""
"number-10.gov.uk","currently"," has",""
"number-10.gov.uk","Registry also"," has",""
"journalonline.co.uk","has a copy of or"," has","  access  to the"
"iwar.org.uk","Microsoft"," has","  sort  of led the"
"doc.ic.ac.uk","sure everyone"," has","  offerings  ("
"doc.ic.ac.uk","of the land and"," has",""
"aber.ac.uk",", go do it, that"," has","  value  . People"
"classic-literature.co.uk","website also"," has","  information"
"gimbo.org.uk","as though it"," has","  potential-  """
"www-jcsu.jesus.cam.ac.uk","in the band"," has","  crowds"
"refer.nhs.uk","and often"," has","  nothing  to say"
"cabe.org.uk","margin"," has","  silhouettes"
"www-jcsu.jesus.cam.ac.uk","a purchase and"," has","  quality"
"www-jcsu.jesus.cam.ac.uk",". That label"," has","  quality"
"moviemail-online.co.uk","it "", then"," has","  nothing  to"
"moviemail-online.co.uk","love of the sun"," has","  something  to"
"patp3.webbler.co.uk","proposal"," has","  coherence  ,"
"patp3.webbler.co.uk","9.1 The School"," has","  research"
"positivenation.co.uk","Manchester"," has","  lots  to offer"
"foe.co.uk",". "" The Army"," has","  lots  of Baath"
"lse.ac.uk",". The block"," has","  security"
"lorien.ncl.ac.uk","Gift Wish List"," Has","  someone  sent"
"rhs.org.uk","and the keeper"," has","  none  at all to"
"number-10.gov.uk",". and neither"," has","  anyone  on my"
"number-10.gov.uk","- and neither"," has","  anyone  on my"
"number-10.gov.uk","and neither"," has","  anyone  been on"
"number-10.gov.uk",", and neither"," has","  anybody  on my"
"number-10.gov.uk","and neither"," has","  anyone  on my"
"casi.org.uk",""": the level"," has","  lots  of big"
"cygnus-books.co.uk","already"," has","  guides  on over"
"televisionheaven.co.uk","he readily"," has","  access  ? (3)"
"televisionheaven.co.uk","or agent) who"," has","  control  of"
"gnn.gov.uk","and"," has","  members  from"
"cygnus-books.co.uk",", Frank"," has","  data  to"
"classic-literature.co.uk","Act 1890. This"," has","  drawbacks  ."
"centrica.co.uk","item)"," has","  publication  ("
"dooyoo.co.uk","discomfort."," Has","  anyone  been"
"futurelab.org.uk",": each book"," has","  prologue  ("
"futurelab.org.uk",". Bohemia"," has","  nothing  and"
"ess.uwe.ac.uk","the Guide also"," has","  plenty  of "" Fan"
"tandf.co.uk","Funding BBSRC"," has",""
"capita.co.uk","printer still"," has","  paper  . This"
"watford3r-pct.nhs.uk",". Bracelet"," has","  flight  suit"
"watford3r-pct.nhs.uk",". Bracelet"," has","  flight  suit"
"watford3r-pct.nhs.uk","time. Also"," has","  lap  time and"
"watford3r-pct.nhs.uk","distance. It"," has",""
"watford3r-pct.nhs.uk","time. Also"," has","  lap  time and"
"watford3r-pct.nhs.uk","distance. It"," has",""
"watford3r-pct.nhs.uk","time. Also"," has","  lap  time and"
"watford3r-pct.nhs.uk","distance. It"," has",""
"watford3r-pct.nhs.uk","distance. It"," has",""
"watford3r-pct.nhs.uk","distance. It"," has",""
"watford3r-pct.nhs.uk","distance. It"," has",""
"watford3r-pct.nhs.uk","distance. It"," has",""
"watford3r-pct.nhs.uk","distance. It"," has",""
"watford3r-pct.nhs.uk","purposes. It"," has",""
"watford3r-pct.nhs.uk","distance. It"," has",""
"watford3r-pct.nhs.uk","distance. It"," has",""
"eduserv.org.uk","timetable"," has","  room  for only a"
"socialistunitynetwork.co.uk","etc. but"," has","  problems  with"
"guardian.co.uk","that he"," has","  ties  to"
"psigate.ac.uk","- which"," has","  plenty  of"
"tandf.co.uk","in US than EU -"," has","  implications"
"forum.digitalspy.co.uk","that"," has","  links  with"
"socialistunitynetwork.co.uk","? Again, yes."," Has","  everything"
"phrases.org.uk","that Iraq"," has","  weapons  of"
"gimbo.org.uk","H pylori"," has","  evidence  of a"
"gimbo.org.uk","A This option"," has","  NPT  for H"
"gimbo.org.uk","option also"," has","  NPT  for H"
"gimbo.org.uk","A This option"," has","  NPT  for H"
"gimbo.org.uk","option also"," has","  NPT  for H"
"rvc.ac.uk","phase in what"," has","  mo  ... read"
"rvc.ac.uk","institutions"," has","  fa  ... read"
"rvc.ac.uk","more. The sky"," has","  limits"
"rvc.ac.uk","more. The sky"," has","  limits"
"rvc.ac.uk","Government"," has","  n  ... read more"
"irr.org.uk","with the"," HAS","  standards  in"
"neptunepinkfloyd.co.uk","Witchy who"," has","  spelling"
"irr.org.uk","that"," has","  f00k  all to do"
"qub.ac.uk","? Every Lodge"," has","  members  who,"
"passiondiscs.co.uk","Casey ''s Blog"," Has","  somebody"
"clieuk.co.uk","Da Vinci Code"," has","  nothing  to do"
"patent.gov.uk","and still"," has","  nightmares  ."
"eatwell.gov.uk","£6.00 Art-SX"," has","  links  with"
"rvc.ac.uk","that Godefroy"," has","  inhibitions"
"rvc.ac.uk","discipline"," has","  nothing  to do"
"ariadne.ac.uk",". His work"," has","  echoes  of"
"visitsouthwest.co.uk","secluded and"," has","  houses  around"
"visitsouthwest.co.uk","where he"," has","  onions  with a"
"visitsouthwest.co.uk",". Outside he"," has","  parsnips  and"
"ears.dmu.ac.uk",". It also"," has","  centre  sweep"
"ears.dmu.ac.uk","again. It also"," has","  centre  sweep"
"ears.dmu.ac.uk","again. It also"," has","  centre  sweep"
"soulwalking.co.uk","collection"," has","  application"
"cain.ulst.ac.uk",". If a person"," has","  savings  in"
"news.zdnet.co.uk","about, it"," has","  showers  to old"
"eprints.gla.ac.uk","University,"," has","  re  ... New hope"
"headheritage.co.uk","The Website"," has","  links  to third"
"cpgb.org.uk","in this study"," has","  origins  in the"
"kwintessential.co.uk","Board which"," has","  bee  replaced"
"opsi.gov.uk","Book Trust"," Has","  information"
"iwar.org.uk","in this form"," has","  parallels  in"
"nmm.ac.uk","and poverty,"," has","  elements"
"kwintessential.co.uk","race which"," has","  nothing  to do"
"qub.ac.uk","; or, Every One"," Has","  Errors  . In"
"qub.ac.uk","? ]. Summers"," has","  publisher  as"
"news.zdnet.co.uk","a finding that"," has","  implications"
"tate.org.uk","that the game"," has","  mechanics"
"casi.org.uk","a walk '' page"," has","  information"
"rvc.ac.uk","wonder if this"," has","  anything  to do"
"cambridge.gov.uk","of men"," Has","  oftner  left me"
"cambridge.gov.uk","Wordsworth"," has","  consequences"
"cambridge.gov.uk","''s edition"," has","  implications"
"heacademy.ac.uk","b and c, as b"," has","  shape  (/8,7/)"
"heacademy.ac.uk","with d, as d"," has","  shape  (/8,9/)"
"cnetwork.co.uk","and colour. It"," has","  squash  courts"
"cnetwork.co.uk","a Scot,"," has","  residency  . So"
"socialistunitynetwork.co.uk","? Clearly this"," has","  welfare"
"cs.bham.ac.uk","even though it"," has","  space  to show"
"ff1600.co.uk","Page Site"," has","  sections  on"
"ears.dmu.ac.uk","Marathon man?"," has","  typewriter  ,"
"hm-treasury.gov.uk","frame"," has","  thresholds"
"users.ox.ac.uk","Trust (GCT)"," has","  evidence  of"
"holdthefrontpage.co.uk","... nope, Bolt"," has","  Tokobots  -"
"roadrunnerrecords.co.uk",", she also"," has","  something  in"
"ariadne.ac.uk","or something."," Has","  anyone  who has"
"ariadne.ac.uk","I think my neck"," has","  something  to"
"socialistunitynetwork.co.uk","much but"," has","  difficulty  in"
"pparc.ac.uk","Marathon man?"," has","  typewriter  ,"
"cpgb.org.uk","centre and"," has","  connections"
"cpgb.org.uk","church also"," has","  links  with"
"psigate.ac.uk","or not it"," has","  anything  to do"
"youngminds.org.uk",". Anyone who"," has","  connections"
"wateraid.org.uk","in the group"," has","  something"
"brookes.ac.uk","that the earth"," has","  rivers  of"
"sitcom.co.uk","not work. NLP"," has","  techniques"
"thegoodwebguide.co.uk","or 11P above or"," has","  claims  to"
"jncc.gov.uk","one. But OCLC"," has","  problems  with"
"ess.uwe.ac.uk","pvmd ''"," has","  host  number 0"
"observer.guardian.co.uk",", it"," has","  everything"
"cain.ulst.ac.uk","Department"," has","  data  on the"
"cain.ulst.ac.uk","also"," has","  access  to"
"ariadne.ac.uk","to Kish, and"," has","  aspirations"
"physiol.ox.ac.uk",". No doubt she"," has","  experience  of"
"physiol.ox.ac.uk","The new clause"," has","  nothing  to do"
"rejesus.co.uk","the NHS but"," has","  relevance  as"
"burnyourbonus.co.uk","Theatre"," has","  something  of a"
"eduserv.org.uk","We know that he"," has","  stockpiles  of"
"dailymail.co.uk",", Yu-Gi-Oh!"," has","  players"
"bubl.ac.uk",". When someone"," has","  no-one"
"soulwalking.co.uk","Larry Bud..."," Has","  anyone  EVER"
"watford3r-pct.nhs.uk","voting"," has","  nothing  to do"
"dca.gov.uk",", the level"," has","  planty  of"
"poetrysociety.org.uk","7 October"," has","  something  for"
"sitcom.co.uk","passport"," has","  nothing  to do"
"ariadne.ac.uk","Act 1990;"," has","  works  done to"
"english-heritage.org.uk","we perceive"," has","  implications"
"spartacus.schoolnet.co.uk",", Yu-Gi-Oh!"," has","  players"
"projects.ex.ac.uk","Measures:"," Has","  labour"
"projects.ex.ac.uk","Measures:"," Has","  labour"
"sundaymail.co.uk","the landlord"," has","  tenants  who"
"incore.ulst.ac.uk","FRIEND"," Has","  anyone"
"incore.ulst.ac.uk","she writes. """," Has","  anyone  ever"
"arts.guardian.co.uk","Sciences"," has","  access  to"
"leeds.gov.uk",". He"," has","  autism  and his"
"ess.uwe.ac.uk","but none"," has","  jurisdiction"
"hmrc.gov.uk",". The Treasury"," has",""
"hm-treasury.gov.uk","sentences"," has","  nothing  to do"
"dailymail.co.uk","ways we know it"," has","  significance"
"irr.org.uk","] Cereality"," has","  patents"
"irr.org.uk","... I guess she"," has","  family  get"
"ears.dmu.ac.uk",", the study"," has",""
"incore.ulst.ac.uk","whereas ML"," has","  laboratory"
"number-10.gov.uk",". Drumglass"," has","  paving  stones"
"ucl.ac.uk","Host Marriott"," has","  revenues  of"
"televisionheaven.co.uk","Swedes Rio"," has","  faith  in"
"shop.earthscan.co.uk","that your CV"," has","  something  on"
"shop.earthscan.co.uk","a cv"," has","  gaps  (not"
"cabe.org.uk","Chancellor"," has",""
"cabe.org.uk","Commissioner"," has","  powers  of"
"socialistunitynetwork.co.uk",". Each hunt"," has","  pedigree"
"foe.co.uk","Russian, but"," has","  links  to"
"psigate.ac.uk","wonder if this"," has","  anything  to do"
"brianmac.demon.co.uk","research ''. It"," has","  sections  on"
"fortunecity.co.uk","folklore"," has","  nothing  to say"
"shop.earthscan.co.uk","aware or"," has","  reason  to"
"shop.earthscan.co.uk","the donor"," has","  assets  to"
"manchesteronline.co.uk","so he"," has","  pedigree  . 2"
"psigate.ac.uk","over who"," has","  jurisdiction"
"fortunecity.co.uk","you. He/ she:"," Has","  something  to"
"pocket-lint.co.uk","half drunk and"," has","  sex  a lot."
"andrewduffmep.org.uk","black range"," has","  ''soft  touch ''"
"burnyourbonus.co.uk","anybody who"," has","  ideas  about"
"futurelab.org.uk","salsa, but she"," has","  babies  now &"
"somewhere.org.uk","venue that"," has","  anything  of"
"somewhere.org.uk","venue that"," has","  anything  of"
"watford3r-pct.nhs.uk","corporation"," has","  locations  in"
"mfiles.co.uk",": Borgetti"," has","  time  and space"
"foe.co.uk","cans. The next"," has","  magazines  ,"
"foe.co.uk",", the next"," has","  chip  board:"
"cf.ac.uk","pet carrier"," has","  mesh  front and"
"mfiles.co.uk","to him -"," has","  something  to"
"wdm.org.uk","Lord Black"," has","  re-emerged  in"
"sport.guardian.co.uk","(SEEBA),"," has","  workshops  on"
"foe.co.uk",". The block"," has","  security"
"tate.org.uk","full-time and"," has","  nothing  wrong"
"tate.org.uk","in the form."," Has","  anyone  else"
"tate.org.uk",". My friend who"," has","  MS  was"
"forum.digitalspy.co.uk","and a title,"," has","  scenes  linked"
"darlington.gov.uk","places and"," has","  maps  to show"
"headheritage.co.uk",". Pokémon Ruby"," has","  something  to"
"number-10.gov.uk","therefore,"," has","  nothing  to"
"justkampers.co.uk","the Committee"," has","  power  to"
"admin.cam.ac.uk",". It ''s fun, it"," has","  strategy  but"
"ess.uwe.ac.uk","the equation"," has","  flashes  of"
"ess.uwe.ac.uk",". "" But he also"," has","  lots  of"
"projects.ex.ac.uk","Circus '' '' and"," has","  nothing  to do"
"bfi.org.uk:8080","the pepper ''s"," has","  delusions  of"
"i-sis.org.uk","department"," has","  funding  for,"
"spamfo.co.uk",". ac. uk who"," has","  registration"
"spamfo.co.uk","currently"," has","  vacancies  ("
"pparc.ac.uk","the problem"," has","  nothing  to do"
"ticketmaster.co.uk","teachers"," has","  worries  about"
"ticketmaster.co.uk","a child who"," has","  behaviour"
"nwda.co.uk","parking, it"," has","  everything"
"gnn.gov.uk","''s son) who"," has","  supervision"
"theregister.co.uk","context; how"," has","  teacher"
"theregister.co.uk","a disability"," has","  access  to free"
"theregister.co.uk","a teacher who"," has","  desire  to take"
"theregister.co.uk","capacity,"," has","  leadership"
"theregister.co.uk","education"," has","  implications"
"paulflynnmp.co.uk","only the first"," has","  texturing  and"
"neptunepinkfloyd.co.uk","an x-ray yet."," Has","  anyone  elase"
"uklug.co.uk","the company"," has","  offices  in"
"thisistravel.co.uk","to assist."," has","  anybody  got"
"thisistravel.co.uk",". Anyone who"," has","  issues  with"
"dca.gov.uk","ACTIVITIES"," has","  hundreds  of"
"darlington.gov.uk","which also"," has",""
"futuremovies.co.uk","How low"," has","  serum  uric"
"manchesteronline.co.uk","The Helix"," has","  car  parking"
"ariadne.ac.uk","Bookshop"," has","  lots  ) or"
"birdtours.co.uk","been told he"," has",""
"birdtours.co.uk","I know who"," has","  osteo"
"classic-literature.co.uk",": "" Yes, she"," has","  vision  and"
"qub.ac.uk","and gentle."," Has","  anyone  tried"
"computerarts.co.uk","industry and"," has","  offices  in"
"computerarts.co.uk","30 years and"," has","  offices  all"
"patp3.webbler.co.uk","that ICANN"," has","  authority"
"patp3.webbler.co.uk","and VeriSign"," has","  dotnet  until"
"patent.gov.uk","say meekly, """," Has","  nobody  been up"
"customs.hmrc.gov.uk","Billy who"," has","  autism  ). She"
"customs.hmrc.gov.uk","brother who"," has","  autism  happy"
"customs.hmrc.gov.uk","at a time. She"," has","  lots  of bad"
"customs.hmrc.gov.uk","Jackie, who"," has","  mobility"
"projects.ex.ac.uk","or guest who"," has","  mobility"
"paramedic.org.uk","this gift"," Has","  someone  made"
"history.ac.uk","","has","  implication"
"socialistunitynetwork.co.uk","that no-one"," has","  time  to read"
"bjhc.co.uk","my hotel"," has","  flags"
"visitsouthwest.co.uk","Heath and"," has","  access  to"
"bjhc.co.uk","limiting."," Has","  anyone  had"
"bjhc.co.uk","night and it"," has","  loads  of"
"inminds.co.uk","granted. She"," has","  crystal  clear"
"spartacus.schoolnet.co.uk","the EC and"," has","  members"
"netribution.co.uk",", the bird"," has","  connotations"
"lse.ac.uk","now only ever"," has","  contact  with"
"number-10.gov.uk","study"," has","  nothing  to do"
"wdm.org.uk","'' Convention"," has","  evidence  that"
"painsupport.co.uk","? Betfair"," has","  markets  on"
"transglobal-aerospace.co.uk","I beleive this"," has","  something  to"
"transglobal-aerospace.co.uk","heavy sweats,"," has","  anyone"
"catholic-ew.org.uk",". This"," has","  implications"
"sundaymail.co.uk","way when one"," has","  anything  to do"
"fortunecity.co.uk","data and who"," has","  access  to it."
"futurelab.org.uk","and"," has","  service"
"british-history.ac.uk",": Musica Viva"," has","  lots  of Sheet"
"fortunecity.co.uk",". That is"," has","  nothing  to do"
"fortunecity.co.uk","armies. That"," has","  effects  . We"
"darlington.gov.uk","Internet user"," has","  access  to a"
"bized.ac.uk","that time, and"," has","  allusions  to"
"netribution.co.uk","individual"," has","  rights  by"
"netribution.co.uk","it only"," has","  relevance  to"
"netribution.co.uk","individual"," has","  rights  by"
"acegamez.co.uk","Ltd, which"," has","  access  to"
"qub.ac.uk",". "" Murray"," has","  time  on his"
"hants.gov.uk","that a thing"," has","  haeccitas  or """
"essex.ac.uk","weed"," has","  roots  that go"
"hants.gov.uk","years old and"," has","  mutation  data"
"hants.gov.uk","(32 %). PTEN"," has","  mutations"
"bfi.org.uk:8080","also"," has","  trouble"
"spartacus.schoolnet.co.uk","Victoria"," has","  chloroform"
"classic-literature.co.uk","park likewise"," has","  spaces  for"
"holdthefrontpage.co.uk","Southwest"," has","  something"
"nationalschool.gov.uk",". Everyone"," has","  areas  of risk"
"southbucks.gov.uk","games company"," has","  offices  all"
"southbucks.gov.uk","languages and"," has","  experience  of"
"southbucks.gov.uk","Our client"," has","  studios  in"
"bubl.ac.uk","), the capital"," has","  two-thirds  of"
"bubl.ac.uk","into the UK,"," has","  pro-rata  , the"
"catholic-ew.org.uk","University"," has","  set-up  a"
"dca.gov.uk",". The game deck"," has","  battery  power"
"skuds.co.uk","to clarify who"," has",""
"kwintessential.co.uk","her husband"," has","  TB  . "" My"
"poetrysociety.org.uk","). It"," has","  information"
"railscot.co.uk","constitution"," has","  none  of the"
"soulwalking.co.uk",". The bank"," has","  plans  to boost"
"eduserv.org.uk","Butler also"," has","  reservation"
"tate.org.uk","good disk that"," has","  everything  a"
"defra.gov.uk","this forum"," has","  anything  as"
"photo-i.co.uk","and Industry"," has",""
"photo-i.co.uk","Home Office"," has",""
"birdtours.co.uk","","has","  system  failed"
"oneguyfrombarlick.co.uk","TJM website"," has","  links  to all"
"ysbl.york.ac.uk","argument, it"," has","  something  to"
"ioe.ac.uk",". Dulwich Park"," has","  woods  , a"
"ioe.ac.uk","200-acre park"," has","  lakes  ,"
"eatwell.gov.uk",", which"," has","  jurisdiction"
"developments.org.uk",", which now"," has","  clients  on"
"kwintessential.co.uk","if a resident"," has","  sharps  , but no"
"ff1600.co.uk","done - and he"," has","  plenty  of"
"ff1600.co.uk","America,"," has","  something  to"
"penguinclassics.co.uk","I ''m stressed."," Has","  anyone  else"
"penguinclassics.co.uk","accepted it."," Has","  anyone  heard"
"rhs.org.uk",", it certainly"," has","  nothing  to do"
"news.bbc.co.uk",". History"," has","  everyone  by"
"ioe.ac.uk","Disorders"," has","  applications"
"ich.ucl.ac.uk",". He also"," has",""
"taxfreegold.co.uk","Chew bone"," has","  round  and"
"eatwell.gov.uk","currently"," has","  investments"
"acegamez.co.uk","system also"," has","  benefits  in"
"centrica.co.uk","computers and"," has","  loads  of nifty"
"shop.highlander.co.uk","your library"," has","  access  to it)"
"televisionheaven.co.uk","signal"," has","  priority  over"
"city.ac.uk",". Obviously he"," has","  relations  in"
"skuds.co.uk","This station"," has","  approaches"
"somewhatmuchly.co.uk","Pakistan. LPP"," has","  basis  in all"
"somewhatmuchly.co.uk",". LPP"," has","  elements  from"
"city.ac.uk","sector, Bill"," has","  business"
"heacademy.ac.uk","beat her "". He"," has","  doubts  about"
"taxfreegold.co.uk","training"," has","  impact  . But"
"customs.hmrc.gov.uk","conditions it"," has","  had/  not had"
"inminds.co.uk","has endured,"," has","  nothing  to do"
"hm-treasury.gov.uk","to help) who"," has","  access  to"
"fortunecity.co.uk","of Tours,"," has","  charms  for"
"tdwaterhouse.co.uk","shock);"," Has","  nothing  in"
"bized.ac.uk","lot of data. SP"," has","  contact"
"bized.ac.uk","proact. com LG"," has","  copy  of the"
"ucisa.ac.uk","for Scotland,"," has",""
"ucisa.ac.uk","Ireland"," has",""
"ucisa.ac.uk","Office"," has",""
"ucisa.ac.uk","for Wales,"," has",""
"passiondiscs.co.uk",", and even"," has","  links  to world"
"passiondiscs.co.uk",". Website also"," has","  links  to the"
"passiondiscs.co.uk","the web. Also"," has","  links  to sites"
"passiondiscs.co.uk",". The website"," has","  links  to"
"passiondiscs.co.uk",". The website"," has","  links  to"
"passiondiscs.co.uk",". Also"," has","  links  to"
"passiondiscs.co.uk",". Website also"," has","  links  to the"
"passiondiscs.co.uk","(AHC)"," Has","  links  to the"
"passiondiscs.co.uk",". Website also"," has","  links  to"
"passiondiscs.co.uk",". Website also"," has","  links  to"
"passiondiscs.co.uk",". The website"," has","  links  to"
"refer.nhs.uk",". But the scene"," has","  none  of the"
"phgu.org.uk","and national,"," has","  attractions"
"phgu.org.uk","if someone"," has","  reservations"
"heacademy.ac.uk","For his cast he"," has","  nothing  but"
"hmrc.gov.uk",". Website"," has","  links  to"
"hmrc.gov.uk","). Also"," has","  links  to"
"hmrc.gov.uk",". It also"," has","  links  to all of"
"hmrc.gov.uk",". Website also"," has","  links  to"
"hmrc.gov.uk","Bosnia. Also"," has","  links  to these"
"hmrc.gov.uk",". The website"," has","  links  to the EC"
"hmrc.gov.uk",". Website"," has","  links  to the"
"hmrc.gov.uk","reform. Also"," has","  links  to the"
"hmrc.gov.uk",". Website"," has","  links  to the"
"hmrc.gov.uk",". Website also"," has","  links  to"
"i-sis.org.uk",". Finally, it"," has","  someone  in"
"hants.gov.uk","of the right"," has",""
"allotment.org.uk","is earlier and"," has","  clerestory"
"radioandtelly.co.uk","to be free."," Has","  anyone  ever"
"radioandtelly.co.uk","topic."," Has","  anyone  used"
"radioandtelly.co.uk","the free one?"," Has","  anyone  here"
"youngminds.org.uk",". Each of these"," has","  information"
"rhs.org.uk","Run 2006"," has","  something  for"
"ess.uwe.ac.uk","Corporation,"," has","  one-seventh"
"ess.uwe.ac.uk","I believe this"," has","  consequences"
"athelstane.co.uk","currently"," has","  access  to the"
"athelstane.co.uk","servants"," has","  implications"
"athelstane.co.uk","the PAC only"," has","  time  to"
"roadrunnerrecords.co.uk","to an employee"," has","  effect  as a"
"roadrunnerrecords.co.uk",") This section"," has","  effect"
"acegamez.co.uk","community"," has","  victories  to"
"qub.ac.uk","... Moscow now"," has","  signs  in"
"eatwell.gov.uk","Heritage"," has","  power  to"
"eatwell.gov.uk","of State"," has","  power  to"
"sanger.ac.uk",", I know that he"," has","  property  in"
"sanger.ac.uk","to ensure he"," has","  funds  to aid in"
"holdthefrontpage.co.uk","he probably"," has","  something  we"
"poetrysociety.org.uk","1920s. The BBC"," has","  millions  of"
"computerarts.co.uk","Strategy and"," has","  line"
"pocket-lint.co.uk","I was 18. It"," has","  nothing  to do"
"cs.bham.ac.uk","Luckily, Juka"," has","  plenty  of"
"holdthefrontpage.co.uk","'', and thus"," has","  affinities"
"tandf.co.uk","he saw today."," Has","  anyone  else"
"dolphinmusic.co.uk","worldwide and"," has","  sales  offices"
"lse.ac.uk","in. The tent"," has","  loads  of"
"dvdtimes.co.uk","? NIPC also"," has","  contractors"
"archive.food.gov.uk","down - for he"," has","  reservations"
"cs.bham.ac.uk","papers and"," has","  contact"
"cs.bham.ac.uk","website"," has","  guidance"
"business.guardian.co.uk","Government"," has","  identi  ..."
"business.guardian.co.uk","more. The sky"," has","  limits"
"business.guardian.co.uk","more. The sky"," has","  limits"
"business.guardian.co.uk","whose time"," has","  comeIn  the"
"business.guardian.co.uk","Government"," has","  n  ... read more"
"ncl.ac.uk","2004: Susie"," has","  cancer  19/ 02/"
"bjhc.co.uk","style: ''He who"," has","  nothing  to"
"bjhc.co.uk","none: he who"," has","  something  to"
"rhs.org.uk","movement"," has","  everything  to"
"computerarts.co.uk","that the pope"," has","  information"
"number-10.gov.uk",". One sort"," has","  titles  like"
"cain.ulst.ac.uk","woman, she"," has","  fourteen"
"futuremovies.co.uk",". "" The 3rd Army"," has","  experience  of"
"futuremovies.co.uk","states Iraq"," has","  trade"
"ariadne.ac.uk","by U. S. forces"," has","  anything  to do"
"bfi.org.uk:8080","worker,"," has",""
"huntinginquiry.gov.uk","holidays. It"," has","  benefits  for"
"netdoctor.co.uk","Kirk? '' and"," has","  ''Soldier  ,"
"classic-literature.co.uk","carer. This"," has","  implications"
"socialistunitynetwork.co.uk","Measures:"," Has","  labour"
"socialistunitynetwork.co.uk","Measures:"," Has","  labour"
"prospect-magazine.co.uk","and trust, who"," has","  transport  and"
"kwintessential.co.uk",". None of us"," has","  time  to become"
"big-brother.me.uk","is my stuff &"," has","  nothing  to do"
"gfdl.marxists.org.uk","In his life, he"," has","  tens  of wives"
"chox.org.uk",". This"," has","  nothing  to do"
"shop.earthscan.co.uk","the INA, which"," has","  ex-Baathists"
"gopetition.co.uk","who"," has","  rights  to"
"number-10.gov.uk","Question,"," has","  sections  on"
"irr.org.uk","already"," has","  everything  ."
"bfi.org.uk:8080",". The site"," has","  details  of"
"chinacraft.co.uk","other, which"," has","  priority  ."
"bristol-city.gov.uk",". He now"," has","  hopes  and"
"www-jcsu.jesus.cam.ac.uk","paper which"," has","  details  more"
"britishempire.co.uk","year It [... ]"," has","  nothing"
"britishempire.co.uk","wife in public"," has","  anything  to do"
"britishempire.co.uk","to person. 6"," Has","  bird  flu been"
"pparc.ac.uk","provided one"," has","  access  to the"
"socialistunitynetwork.co.uk","? so-and-so"," has","  bottom  ? ."
"catholic-ew.org.uk","model"," has","  alot  of"
"starlink.rl.ac.uk","in the country"," has","  cars  parked"
"unixhelp.ed.ac.uk","the Group"," has","  operations  in"
"visitsouthwest.co.uk","HSS, the S2/ S3"," has","  input  in the"
"visitsouthwest.co.uk","section also"," has",""
"sussex.ac.uk","art paper. She"," has","  twins  and is"
"nationalschool.gov.uk",". He"," has","  support  well"
"nationalschool.gov.uk","brigade"," has","  teams"
"nationalschool.gov.uk","light force"," has","  equipment"
"nationalschool.gov.uk",". FM 10-63"," has","  procedures"
"nmm.ac.uk",". The hotel"," has","  family  and"
"spamfo.co.uk",". It"," has","  lots  of"
"spamfo.co.uk",". com It"," has","  areas  in it ''s"
"shop.earthscan.co.uk",". And OS X still"," has",""
"psigate.ac.uk",". ? That"," has","  nothing  to do"
"ess.uwe.ac.uk","for which DCA"," has",""
"psigate.ac.uk","but the letter"," has","  nothing  to do"
"psigate.ac.uk","the novel. He"," has","  nothing  in"
"burnyourbonus.co.uk","your lips and"," has","  nothing  to do"
"railscot.co.uk","heat......."," has","  anyone  else"
"cru.uea.ac.uk",". This model"," has","  slots  for 3"
"darlington.gov.uk","Harry ''s Place"," has","  commentary  on"
"hacan.org.uk","case which"," has","  space  for one"
"bl.uk",", which"," has","  specialist"
"athelstane.co.uk","already"," has","  everything  ."
"brookes.ac.uk",", and hunger"," has","  nothing  to do"
"history.ac.uk","book that"," has","  trouble  with"
"rvc.ac.uk",") BCB also"," has",""
"bubl.ac.uk","Deuteronomy"," has","  vindication"
"wessexscene.co.uk","","has","  something  for"
"wessexscene.co.uk",". Scotland"," has","  thousands  of"
"lse.ac.uk",". It"," has","  everything"
"bitc.org.uk","public"," has","  access  to"
"clieuk.co.uk","Section"," has",""
"forum.digitalspy.co.uk","everyone who"," has","  something"
"cygnus-books.co.uk","Saddington"," has","  today  (May 11)"
"ballet.co.uk","Government"," has","  n  ... read more"
"radioandtelly.co.uk","Each twin also"," has","  access  to"
"hm-treasury.gov.uk","so, > I give up."," Has","  anyone  heard"
"ioe.ac.uk","; (b) Part II"," has","  effect  for"
"ioe.ac.uk","(c) Part III"," has","  effect  for"
"ioe.ac.uk","authority"," has","  duty  to house)"
"ioe.ac.uk","","has","  sub-let  a part"
"ioe.ac.uk","1 to this Act"," has","  effect  in"
"headheritage.co.uk","Policy (which"," has","  explanations"
"headheritage.co.uk","(which"," has","  details  of all"
"headheritage.co.uk","that"," has","  lines  and"
"poole.gov.uk","partnership"," has","  members  from"
"cain.ulst.ac.uk","Policy (which"," has","  explanations"
"dca.gov.uk",". Everyone"," has","  room  for"
"headheritage.co.uk","and that"," has","  nothing  in"
"netdoctor.co.uk","rate risk"," has","  implications"
"hacan.org.uk","couple"," has","  resources"
"eduserv.org.uk","HAP ''s Board"," has","  advisors  from"
"allotment.org.uk","(CWAAS)"," has","  listing  of its"
"allotment.org.uk","Westmorland ]"," has","  facsimiles  of"
"casi.org.uk","this page"," has","  someone"
"casi.org.uk","this page"," has","  someone  who"
"g-soft.co.uk","on campus and"," has","  membership  at"
"shef.ac.uk","supplier"," has","  ''acquired  ''"
"shef.ac.uk","plant"," has","  title  to the"
"shef.ac.uk","plant"," has","  title  to the"
"shef.ac.uk",") Schedule 2"," has","  effect  and,"
"shef.ac.uk","Authority"," has","  information"
"shef.ac.uk","Paragraph (1)"," has","  effect"
"ariadne.ac.uk","and also"," has","  pages  on"
"patent.gov.uk","in its self it"," has","  spiral"
"lse.ac.uk","that"," has","  applications"
"irr.org.uk","surgery. This"," has","  benefits  of"
"ff1600.co.uk","Panel"," has",""
"fortunecity.co.uk",". This"," has","  implications"
"fortunecity.co.uk","this, in turn,"," has","  implications"
"ysbl.york.ac.uk","and we know he"," has","  trouble"
"opsi.gov.uk","''s chair"," has","  arms  . Some of"
"eduserv.org.uk",". "" The book"," has","  chapters  on"
"starlink.rl.ac.uk","world. He"," has",""
"wdm.org.uk","striker"," has","  plenty  of"
"socialistunitynetwork.co.uk","least. Now,"," has","  someone  asked"
"socialistunitynetwork.co.uk",". No, that"," has","  nothing  to do"
"socialistunitynetwork.co.uk","to say, it"," has","  nothing  to do"
"manchestereveningnews.co.uk",", the school"," has","  pockets  of"
"jr2.ox.ac.uk","education and"," has","  input  from the"
"jr2.ox.ac.uk",". The block"," has","  security"
"jr2.ox.ac.uk","the games he"," has","  work  on all the"
"york.ac.uk","- This site"," has","  information  ,"
"cain.ulst.ac.uk","play. The Jedi"," has","  force  on his"
"janus.lib.cam.ac.uk","to date, no one"," has","  _ever_  asked"
"vts.rdn.ac.uk","3. This"," has","  implications"
"headheritage.co.uk","more. Bremer"," has","  veto  power"
"dailymail.co.uk","witness index"," has","  entries  for"
"dailymail.co.uk","Melton Online"," has","  descriptions"
"dailymail.co.uk","by county, and"," has","  links  to"
"seniorsnetwork.co.uk","Commissioner"," has","  powers  of"
"poole.gov.uk","in general"," has","  reason  to be"
"mailman-new.greennet.org.uk","the Fairest '',"," has","  something  for"
"mailonsunday.co.uk","Hunt)"," has","  news  for Derek"
"bjhc.co.uk","Uni ver sity"," has","  investments"
"bjhc.co.uk","("" the Board "")"," has","  knowledge  of"
"kwintessential.co.uk","Starbucks"," has","  outlets  in"
"number-10.gov.uk","and"," has","  attitude  ,"
"sanger.ac.uk","? it also"," has","  mother  of"
"bbk.ac.uk","10 years. She"," has","  lots  of"
"dca.gov.uk","attitudinal)"," has","  something  to"
"cygnus-books.co.uk","phrase that"," has","  overtones  of"
"somewhere.org.uk",". She"," has","  research"
"number-10.gov.uk","lecturer now"," has","  plenty  of"
"poole.gov.uk","Church that it"," has","  nothing  to do"
"shef.ac.uk","if everyone"," has","  access  to the"
"shef.ac.uk","than it"," has","  lines"
"watford3r-pct.nhs.uk","the Nelsons)."," Has","  Anybody  Seen"
"dca.gov.uk","aureus"," has","  ''learnt  '' to"
"developments.org.uk","''s population"," has","  access  to a"
"developments.org.uk","The group also"," has","  connections"
"enm.bris.ac.uk","which"," has","  links  to huge"
"manchesteronline.co.uk","change"," has","  something  to"
"socialistunitynetwork.co.uk","the Internet"," has","  links  to"
"bay-c.co.uk","really"," has","  nothing  left"
"bl.uk","related to who"," has","  power  and how"
"cpgb.org.uk","and esteem. It"," has","  specificity"
"undiscoveredscotland.co.uk","Fullerton who"," has","  work"
"pocket-lint.co.uk","), which"," has","  entries"
"stalbans.gov.uk","which"," has","  control  on the"
"stalbans.gov.uk","the splinters"," has","  militia  gangs"
"physiol.ox.ac.uk",". Only here"," has","  capitalism"
"dur.ac.uk","developing?"," Has","  progress"
"bbc.co.uk",". Steve Bulman"," has","  photos  of"
"hm-treasury.gov.uk","she sometimes"," has","  sex  with a"
"burnyourbonus.co.uk","that the user"," has","  permission  to"
"burnyourbonus.co.uk","that the user"," has","  permission  to"
"burnyourbonus.co.uk",". Lsof"," has","  trouble"
"burnyourbonus.co.uk","lsof only"," has","  device"
"burnyourbonus.co.uk","group (if any)"," has","  access  per-"
"www3.imperial.ac.uk","in towns"," has","  beds  in them."
"discuss.pressgazette.co.uk",". Online play"," has","  voice"
"opsi.gov.uk",". As such, it"," has","  nothing  to"
"fantasticfiction.co.uk","of Edinburgh"," has","  everything  ."
"eprints.gla.ac.uk","currently"," has","  agreements"
"londonsalsa.co.uk","any place that"," has","  weapons  of"
"riversidestudios.co.uk","who"," has","  authority"
"riversidestudios.co.uk","not him that"," has","  need  of a"
"bl.uk",", the site"," has","  sections  on"
"dooyoo.co.uk","file usually"," has","  entries  which"
"eprints.gla.ac.uk",""" Stone Face "","," has","  guest  stars"
"eprints.gla.ac.uk","''s hands"," has","  something"
"eprints.gla.ac.uk",": Garnett"," has","  reason  to"
"eprints.gla.ac.uk",": Delaney"," has","  reasons  to"
"chester.ac.uk","Its commander"," has","  functions  ,"
"cabe.org.uk","its campaign"," has","  backing  and"
"nmm.ac.uk","Museum also"," has","  touch  screen"
"wdm.org.uk","unless it"," has","  allies"
"shef.ac.uk","End, where he"," has","  friends  . At £5"
"jr2.ox.ac.uk","... There"," has","  *never*  been a"
"dur.ac.uk",", which"," has","  lots  of pace on"
"opsi.gov.uk","Radio section"," has","  information"
"jr2.ox.ac.uk","End, where he"," has","  friends  . At £5"
"futuremovies.co.uk","who already"," has","  flu  comes into"
"futuremovies.co.uk","a new virus."," Has","  flu  been"
"refer.nhs.uk","UCL now"," has","  access  to"
"refer.nhs.uk",". UCL"," has","  access  to the"
"poole.gov.uk","itself"," has","  trees  planted"
"rcpbml.org.uk","example, AIS"," has","  research"
"parliament.the-stationery-office.co.uk","that nothing"," has","  implications"
"casi.org.uk",", 09:28 btw,"," has","  anyone"
"pocket-lint.co.uk",". The Ponds"," has","  loads  of them,"
"imperial.ac.uk",", each of whom"," has",""
"imperial.ac.uk","currently"," has",""
"bized.ac.uk","contour line"," has","  tick  marks"
"bized.ac.uk","of the cut and"," has","  tick  marks"
"bized.ac.uk","area and"," has","  tick  marks"
"ariadne.ac.uk","a day) either:"," Has","  anybody"
"essex.ac.uk","area. It"," has","  colonies  of"
"untoldlondon.org.uk","B which"," has","  anti-tumor"
"undiscoveredscotland.co.uk",", none of this"," has","  anything  to do"
"jncc.gov.uk",", the NFBG"," has","  evidence  that"
"jncc.gov.uk",", the NFBG"," has","  evidence  that"
"pcanswers.co.uk","food chain and"," has","  implications"
"defra.gov.uk","website. It"," has","  details  of"
"users.ox.ac.uk","? Anyone who"," has","  difficulty  in"
"fortunecity.co.uk",". The NIO also"," has",""
"fortunecity.co.uk","Office, which"," has","  offices  in"
"radioandtelly.co.uk",". "" Ingleside"," has","  space  for 10"
"futuremovies.co.uk",", still"," has","  crystal  clear"
"rhs.org.uk","government"," has","  trouble"
"rhs.org.uk","the person"," has","  something  to"
"lists.grok.org.uk",") This section"," has","  effect"
"lists.grok.org.uk",") This section"," has","  effect"
"lists.grok.org.uk","inspection)"," has","  effect  . No"
"seniorsnetwork.co.uk",", the course"," has","  relevance  for"
"durham21.co.uk","- which"," has",""
"netribution.co.uk","for 21 yrs. ,"," has","  f/  t day"
"headheritage.co.uk","can clog -- VWX"," has","  traffic  jams"
"sussex.ac.uk","new proposal"," has","  nothing  to do"
"youngminds.org.uk","conductor"," has","  discretion"
"youngminds.org.uk","The Upton site"," has","  planning"
"youngminds.org.uk","Chester"," has","  ''lost  ''"
"youngminds.org.uk",". I believe she"," has","  arthritis  and"
"kwintessential.co.uk","Dreamcast"," has","  nothin  shen"
"wdm.org.uk",") This section"," has","  effect"
"chester.ac.uk",", and"," has","  links  with the"
"soulwalking.co.uk","website also"," has","  information"
"classic-literature.co.uk","Group"," has","  access  to"
"archive.food.gov.uk",": Tearoom"," has","  level  access."
"ariadne.ac.uk","and"," has","  pride  in it, it"
"heacademy.ac.uk","the Director"," has","  access  to"
"paulflynnmp.co.uk","the line"," has","  interest  for"
"fortunecity.co.uk","). The front"," has","  hand-warmer"
"socialistunitynetwork.co.uk","Tribune"," has","  something  to"
"irr.org.uk","order after it"," has","  ben  placed. ["
"fantasticfiction.co.uk","","HAS","  Scores"
"ioe.ac.uk",", says he now"," has","  nets  for all"
"moviemail-online.co.uk","Iran already"," has","  gas"
"sundaymail.co.uk","*The position"," has",""
"holdthefrontpage.co.uk","where the LEA"," has",""
"bized.ac.uk","process that"," has","  legitimacy  in"
"refer.nhs.uk","that the ASM"," has","  nothing  to do"
"wdm.org.uk","subject which"," has","  religion  for a"
"opsi.gov.uk","n''t know: 0 Q:"," Has",""
"blogs.guardian.co.uk","Rights Centre"," has","  information"
"netribution.co.uk","(EAT)"," has","  power  to make a"
"foe.co.uk","as his sister"," has","  kids  , Stu ca"
"foe.co.uk","like Jimmy"," has","  sleeping"
"number-10.gov.uk",", for example,"," has","  expectations"
"number-10.gov.uk",". Every parent"," has","  doubts  ,"
"sfc.ac.uk","and so one"," has","  everything  ."
"casi.org.uk",". The service"," has","  links  with the"
"allotment.org.uk","'', ''Luteus '')"," has","  blooms  that"
"cf.ac.uk","Also if anyone"," has","  access  to bibs"
"seniorsnetwork.co.uk","when the file"," has","  holes  . ) The"
"sundaymail.co.uk","corridor """," has","  nothing  to do"
"headheritage.co.uk","on television"," has","  shakespeare"
"photo-i.co.uk",", Vistive also"," has","  transgenes"
"inminds.co.uk","no longer"," has","  mastery  over"
"i-sis.org.uk","their stride."," Has","  someone"
"nwda.co.uk","or interests,"," has","  something"
"bbc.co.uk",", if anyone"," has","  access  to"
"projects.ex.ac.uk","States,"," has","  relations"
"sundaymail.co.uk","? ?s Library"," has","  copies  dating"
"eatwell.gov.uk","loves owls and"," has","  ornaments  of"
"psigate.ac.uk","; (b) it"," has","  effect  for a"
"archive.food.gov.uk","already"," has","  experience  of"
"archive.food.gov.uk","Ocean, the UK"," has","  wave  power"
"archive.food.gov.uk","Mersey. It now"," has","  plans  for a"
"bitc.org.uk","already"," has","  experience  of"
"bitc.org.uk","Ocean, the UK"," has","  wave  power"
"bitc.org.uk","Mersey. It now"," has","  plans  for a"
"chester.ac.uk",". This"," has","  consequences"
"jr2.ox.ac.uk",") the QWGA"," has","  links  to the"
"taxfreegold.co.uk","the air as if it"," has","  aspirations"
"number-10.gov.uk","The Centre"," has","  interests  in"
"tandf.co.uk","which"," has",""
"southbucks.gov.uk","is the one who"," has","  sense  enough"
"foe.co.uk","sections"," has","  details  about"
"fortunecity.co.uk","class, it"," has","  access  to all"
"cpgb.org.uk",". Although it"," has","  lots  of things"
"paulflynnmp.co.uk","Kingdom"," has","  eleven  ) of"
"paulflynnmp.co.uk","Machine also"," has","  collections"
"paulflynnmp.co.uk","Teacher,"," has","  notes  for"
"paulflynnmp.co.uk",": This website"," has","  sections  on"
"paulflynnmp.co.uk",". The website"," has","  hundreds  of"
"acegamez.co.uk","his work still"," has","  relevance  to"
"city.ac.uk","students,"," has","  campuses  in"
"city.ac.uk","of Kent"," has","  sites  at"
"domino.lancs.ac.uk","Sneezy bloke"," has","  nothing  on"
"domino.lancs.ac.uk","2005 5:34 am It"," has","  o  be the knock"
"ears.dmu.ac.uk",", the Xbox one"," has","  nothing  new as"
"bbc.co.uk","baby monitor"," has","  plenty  of more"
"futurelab.org.uk","","has","  CPD  at its"
"bjhc.co.uk","also"," has","  information"
"defra.gov.uk","sector."," Has",""
"cygnus-books.co.uk",". Please"," has","  anyone  got any"
"le.ac.uk","Galloway. It"," has","  contact  names"
"cpgb.org.uk","- one which"," has","  resonance  for"
"undiscoveredscotland.co.uk","systems"," has","  affinities"
"athelstane.co.uk","Brazil Brazil"," has","  bags  of"
"athelstane.co.uk","fact is Brazil"," has","  plenty  of"
"soulwalking.co.uk","(and why oh why"," has","  nobody  seemed"
"youngminds.org.uk","drama. Torque"," has","  flashbacks  to"
"classic-literature.co.uk",", lifestyle"," has","  something  to"
"wessexscene.co.uk","No science lab"," has","  mystery  like a"
"mailman.ic.ac.uk",". This clearly"," has","  implications"
"durham21.co.uk","as that. He"," has","  something"
"fortunecity.co.uk",". All of this"," has","  implications"
"poetrysociety.org.uk","boy shows he"," has","  abilities"
"patp3.webbler.co.uk","Corps), he"," has","  experience  of"
"birdtours.co.uk",". The driver"," has","  brightness"
"headheritage.co.uk","the Bible also"," has","  themes  of"
"headheritage.co.uk","the Bible also"," has","  themes  of"
"wessexscene.co.uk","Winner still"," has","  questions  to"
"wessexscene.co.uk","but still"," has","  work  to do to"
"leeds.gov.uk","veg each day"," has","  lots  of health"
"burnyourbonus.co.uk","and everybody"," has","  trouble  with"
"geos.ed.ac.uk","of the leaflet"," has","  space  been"
"hm-treasury.gov.uk","it is now? ? ?"," Has","  texting"
"netribution.co.uk","2004. She"," has","  plans  to"
"thegoodwebguide.co.uk","Springfield"," has","  success  . In"
"penguinclassics.co.uk","of the vote and"," has","  twelve  out of"
"big-brother.me.uk","idea, which"," has","  support  in the"
"cnetwork.co.uk",". Mister Drake"," Has","  Visitors  TX:"
"televisionheaven.co.uk","it causes, and"," has","  nothing  to do"
"cpgb.org.uk","of 15 already"," has","  experience  of"
"cpgb.org.uk","this category"," has","  something  of a"
"undiscoveredscotland.co.uk","Archbishop"," has","  charisma  . It"
"undiscoveredscotland.co.uk",". Mr Blair"," has","  none  . He taps"
"undiscoveredscotland.co.uk","that he"," has","  nothing  to"
"ncl.ac.uk",", and I think it"," has","  something"
"archive.food.gov.uk",". By the way,"," has","  anybody  seen"
"guardian.co.uk","of Italy but"," has","  speakers  in"
"mailman-new.greennet.org.uk","and neither"," has","  anyone  on my"
"history.ac.uk","McTitbit"," has","  branches  in"
"projects.ex.ac.uk","another party"," has","  access  to"
"cain.ulst.ac.uk",""". "" The party"," has","  members  from"
"manchesteronline.co.uk",", whose regime"," has","  ties  to"
"york.ac.uk","that one"," has","  rights  so long"
"history.ac.uk","area and"," has","  connections"
"earthfirst.org.uk","regimental S4"," has","  staff"
"earthfirst.org.uk","a soldier who"," has","  knowledge  of"
"earthfirst.org.uk","designate who"," has","  authority  to"
"earthfirst.org.uk","regimental S4"," has","  staff"
"hud.ac.uk",". The assay"," has","  sensitivity"
"uklug.co.uk","to view. why"," has","  Cyclops  been"
"uklug.co.uk","[ spoiler]why"," has","  Cyclops  been"
"birdtours.co.uk","the line"," has","  interest  for"
"netribution.co.uk","If APS film"," has","  perforations"
"allotment.org.uk",". It"," has","  methods  that"
"cpgb.org.uk","Equality"," has","  powers  of"
"shop.earthscan.co.uk",". cinnamomeum"," has","  leaves  with"
"brianmac.demon.co.uk","This location"," has","  call  waiting"
"otherlandtoys.co.uk","the enemy"," has","  time  to"
"nwda.co.uk","this site"," has","  bio  , booking"
"mailman-new.greennet.org.uk","Black"," has","  everything"
"history.ac.uk",", this site"," has","  something  to"
"televisionheaven.co.uk","Griffith"," has","  everything"
"ariadne.ac.uk",". Kappa (or k)"," has","  values"
"ebi.ac.uk","had, and it"," has","  nothing  to do"
"chester.ac.uk","one of her sons"," has","  ADHD  and"
"pocket-lint.co.uk","institution"," has","  problems  with"
"jr2.ox.ac.uk",", th '' Union"," has","  ways  and means"
"jr2.ox.ac.uk","next looms"," has","  orders  not to"
"skuds.co.uk",". The Council"," has","  alternatives"
"cabe.org.uk","and the Hunt"," has","  permission  to"
"capita.co.uk","the door, she"," has","  dominance"
"uklug.co.uk",", uniform and"," has","  value  for"
"irr.org.uk","SportaPolis"," has","  members  who"
"brianmac.demon.co.uk","is cheaper and"," has","  batch"
"transglobal-aerospace.co.uk","media player"," has","  plenty  of"
"penguinclassics.co.uk",", which"," has","  powers  over"
"i-sis.org.uk",", Windows XP"," has","  dozens  of"
"bbk.ac.uk","'' ''Violetta ''"," has","  flowerheads"
"classic-literature.co.uk",". To be fair, it"," has","  everything"
"ioe.ac.uk","individual"," has","  permission  to"
"abeceder.co.uk","bollworm. It"," has","  promoter"
"hm-treasury.gov.uk","not everybody"," has","  access  to the"
"hm-treasury.gov.uk","''s commander"," has","  difficulty"
"andrewduffmep.org.uk",", and (ii)"," has","  access  to the"
"andrewduffmep.org.uk","his employees"," has","  access  to any"
"shef.ac.uk","union which"," has","  members  in"
"customs.hmrc.gov.uk","and white AND"," has","  subtitles  ? ! ?"
"customs.hmrc.gov.uk","age or that it"," has","  subs  . ------"
"customs.hmrc.gov.uk","age or that it"," has","  subs  . J. O Seth"
"news.zdnet.co.uk","YM (the YMCA"," has","  premises  in"
"bjhc.co.uk","this info.."," Has","  anyone  ever"
"squaremeal.co.uk","us "" the heart"," has","  reasons  that"
"pocket-lint.co.uk","that Iraq"," has","  something  to"
"painsupport.co.uk","unbiased and"," has","  moments  where"
"painsupport.co.uk","of which-"," has","  anyone  seen"
"painsupport.co.uk","of which-"," has","  anyone  seen"
"socialistunitynetwork.co.uk","price. This"," has","  nothing  to do"
"netribution.co.uk",". ''Cristata ''"," has","  pinnae  and"
"big-brother.me.uk","Deep End, she"," has","  parts  in"
"soulwalking.co.uk",", but China"," has","  arsenic"
"mfiles.co.uk","technology"," has","  applications"
"ess.uwe.ac.uk","and"," has","  ambitions  to"
"fortunecity.co.uk","Goodship also"," has","  plans  to build"
"guardian.co.uk","that"," has","  teaching  and"
"dolphinmusic.co.uk",", that she"," has","  friends  she"
"defra.gov.uk","cyclists."," Has","  cycling  ''s"
"seniorsnetwork.co.uk","lover who"," has","  everything  ,"
"youngminds.org.uk","he probably"," has","  something  we"
"patent.gov.uk","a river which"," has","  grayling  ,"
"patent.gov.uk",". It"," has","  something  of a"
"news.zdnet.co.uk","contour line"," has","  tick  marks"
"news.zdnet.co.uk","of the cut and"," has","  tick  marks"
"news.zdnet.co.uk","area and"," has","  tick  marks"
"cain.ulst.ac.uk","ZLauncher. It"," has","  PowerRun  like"
"dur.ac.uk","the service"," has","  something  to"
"centrica.co.uk","the campaign"," has","  support  of"
"theregister.co.uk","that"," has",""
"bl.uk","of care."," Has","  information"
"bl.uk","4 - Education"," Has","  information"
"bl.uk","area, but"," has","  information"
"bl.uk","Home This site"," has","  information  ,"
"bl.uk","makers."," Has","  links  to"
"bl.uk","."," Has","  information"
"bl.uk","Netmums"," has","  sections  on"
"bl.uk","Mental Health"," Has","  information"
"bl.uk","Trust"," Has","  information"
"bl.uk","."," Has","  information"
"bl.uk","For Wellbeing"," Has","  information"
"kent.ac.uk","his work still"," has","  relevance  to"
"brianmac.demon.co.uk","to the lake"," has","  safety"
"cnetwork.co.uk","''re at it? ;)"," Has","  anyone"
"seniorsnetwork.co.uk","for progress."," Has","  respect  done"
"seniorsnetwork.co.uk","that RESPECT"," has","  something  to"
"televisionheaven.co.uk",". The Faculty"," has","  affiliation"
"cf.ac.uk","there. "" Rose"," has","  plenty  of"
"cygnus-books.co.uk","company"," has","  Brussels"
"transglobal-aerospace.co.uk",", and"," has","  information"
"i-sis.org.uk","composite"," has","  fibres"
"history.ac.uk",", and"," has","  outcome"
"bjhc.co.uk","a meal no one"," has","  anything  to"
"tandf.co.uk","officer, who"," has","  integration  ,"
"tandf.co.uk","officer, who"," has","  integration  ,"
"wessexscene.co.uk","back. ` And"," has","  thou  slain the"
"gnn.gov.uk","FM receiver"," has","  RDS  which"
"hm-treasury.gov.uk",", he says, """," has","  nothing  to"
"ncl.ac.uk","Reserve"," has","  authority  to"
"ciao.co.uk",". It already"," has","  access  to"
"paulflynnmp.co.uk","many goals but"," has","  everything"
"phgu.org.uk","website which"," has","  nothing  to do"
"dca.gov.uk",". Whilst SSS"," has","  none  of the"
"foe.co.uk",". Such a view"," has","  consequences"
"chester.ac.uk","'' therefore"," has",""
"business.guardian.co.uk","realise he"," has",""
"archive.food.gov.uk","The FSA Chair"," has",""
"justkampers.co.uk","of the Region"," has","  lots  of"
"soulwalking.co.uk","site"," has","  one-click"
"developments.org.uk","where one"," has","  discretion"
"eatwell.gov.uk","if the athlete"," has","  access  to"
"ariadne.ac.uk","currently"," has","  members"
"allotment.org.uk","my conviction"," has","  nothing  to do"
"phpfreenews.co.uk","Arts main page"," has","  fourteen  main"
"phpfreenews.co.uk",". The site also"," has","  ideas  on how to"
"bfi.org.uk:8080","as long as he"," has","  causes  to"
"business.guardian.co.uk","team"," has","  players  that"
"fantasticfiction.co.uk","to. So one"," has","  obligations"
"fantasticfiction.co.uk",". '' A child"," has","  obligations"
"le.ac.uk","mathematics"," has","  implications"
"shef.ac.uk","see when she"," has","  fun  to her"
"wdm.org.uk","England and"," has","  postgraduate"
"number-10.gov.uk","to exist. This"," has","  nothing  to do"
"essex.ac.uk","to think that"," has","  nothing"
"netribution.co.uk","site"," has","  re-emerged  as"
"andrewduffmep.org.uk","me tell you it"," has","  everything  to"
"andrewduffmep.org.uk","The power rack"," has","  safety  pins"
"ucl.ac.uk","Woodpeckers (","has","  anyone  seen"
"durham21.co.uk","that heaven"," has","  nothing"
"huntinginquiry.gov.uk","the reviewer"," has","  something"
"qub.ac.uk","'' Convention"," has","  evidence  that"
"developments.org.uk",". If your child"," has","  school"
"allotment.org.uk","UK, however,"," has","  nothing  quite"
"admin.cam.ac.uk","Baath Party,"," has","  hundreds  of"
"admin.cam.ac.uk","that Iraq"," has","  something  to"
"socialistunitynetwork.co.uk","many ways. It"," has","  men  and women,"
"socialistunitynetwork.co.uk","and poor; it"," has","  houses  , and"
"newswales.co.uk","."," Has","  anyone  any"
"psigate.ac.uk","is nothing. He"," has","  nothing  . I beg"
"robert-louis-stevenson.classic-literature.co.uk","Red Cottage"," has","  deeds  dating"
"robert-louis-stevenson.classic-literature.co.uk",". The interior"," has","  marble  floors"
"myweb.lsbu.ac.uk","Group"," has","  hundreds  of"
"myweb.lsbu.ac.uk","Group"," has","  hundreds  of"
"myweb.lsbu.ac.uk","Group"," has","  hundreds  ..."
"myweb.lsbu.ac.uk","Group"," has","  hundreds  of"
"myweb.lsbu.ac.uk","Group"," has","  hundreds  of"
"myweb.lsbu.ac.uk","Group"," has","  hundreds  of"
"myweb.lsbu.ac.uk","Group"," has","  hundreds  of"
"myweb.lsbu.ac.uk","Group"," has","  hundreds  of"
"myweb.lsbu.ac.uk","Group"," has","  hundreds  of"
"myweb.lsbu.ac.uk","Group"," has","  hundreds  of"
"myweb.lsbu.ac.uk","Group"," has","  hundreds  of"
"myweb.lsbu.ac.uk","GROUP"," HAS","  HUNDREDS  OF"
"myweb.lsbu.ac.uk","Group"," has","  hundreds  of"
"cpgb.org.uk","for which DTI"," has",""
"news.bbc.co.uk","because he"," has","  debts  of $30"
"rvc.ac.uk",", it"," has","  plenty  of"
"i-sis.org.uk","in five adults"," has","  skill  levels"
"overclock.co.uk","are -- who"," has","  credentials"
"www3.open.ac.uk","the parties)"," has","  effect  as an"
"www3.open.ac.uk",") This section"," has","  effect"
"www3.open.ac.uk",", this section"," has","  effect"
"ncl.ac.uk",", because he"," has","  everything"
"ncl.ac.uk","importantly -"," has","  bags  of pace. â"
"spamfo.co.uk","> market that"," has","  web  browsers"
"photo-i.co.uk","that"," has","  existence  ?"
"ucisa.ac.uk","which ''side ''"," has","  ''won  '' - who has"
"defra.gov.uk",". It also"," has","  resistance  to"
"burnyourbonus.co.uk","more. "" Yep,"," has","  fits  , "" the man"
"shop.earthscan.co.uk",". Hutchinson"," has","  work  to do;"
"developments.org.uk","is farmed and"," has","  caravan  park"
"patent.gov.uk","the person who"," has","  everything  ."
"socialistunitynetwork.co.uk","Services"," has","  anthrax  tips"
"socialistunitynetwork.co.uk","response? Who"," has","  authority  to"
"visitsouthwest.co.uk","aspect. The UN"," has","  experience  in"
"visitsouthwest.co.uk","Department"," has","  doubts  , "" he"
"jr2.ox.ac.uk","in Iran and"," has","  offices  in"
"brianmac.demon.co.uk","population"," has","  access  to safe"
"mtv.co.uk","already"," has","  access  to the"
"incore.ulst.ac.uk",". If the room"," has","  windows  , tilt"
"projects.ex.ac.uk","culture shock"," has","  stages  and all"
"manchesteronline.co.uk","community"," has","  access  to a"
"ff1600.co.uk",". Where one"," has","  footpaths  ,"
"brianmac.demon.co.uk","being. Nor"," has","  anyone  been"
"hmrc.gov.uk",". uk). Our Reg"," has","  nothing  to say"
"bupa.co.uk","Hussein"," has","  weapons  of"
"history.ac.uk",", p6). Laird"," has","  fingers  in a"
"televisionheaven.co.uk",", as such,"," has","  nothing  to do"
"bitc.org.uk",". It also"," has","  conference"
"undiscoveredscotland.co.uk",": The FISTV"," has",""
"projects.ex.ac.uk","carefully"," Has","  anyone  notice"
"presentationhelper.co.uk",". Even if it"," has","  nothing  , the"
"presentationhelper.co.uk","denied that it"," has","  anything  . It"
"presentationhelper.co.uk","because it"," has",""
"i-sis.org.uk",", I said,?"," Has","  anyone  seen"
"i-sis.org.uk","as I looked. ?"," Has","  anyone  seen"
"i-sis.org.uk","organization"," has","  nothing  to do"
"netlawman.co.uk","Sceptred Isle"," has","  millions  of"
"bized.ac.uk","ever, but it"," has","  lots  of useful"
"mailman.ic.ac.uk","posts? My Post"," has","  words"
"mailman.ic.ac.uk","to top My Post"," has","  words"
"mailonsunday.co.uk","believes he"," has","  nothing  for"
"netdoctor.co.uk","Museum"," has","  something  to"
"otherlandtoys.co.uk","The Institute"," has","  links  to"
"theregister.co.uk","employed and"," has","  relevance  in"
"tate.org.uk","facility"," has","  plenty  of room"
"cabe.org.uk","Fashion Show"," has","  something  for"
"cabe.org.uk",", not everyone"," has","  access  to a"
"englit.ed.ac.uk","one. He also"," has","  plenty  of"
"golftoday.co.uk","Iraqi Shia who"," has","  family  in"
"londonfashionweek.co.uk","standards."," Has","  esperience  in"
"gimbo.org.uk","institutions"," has","  fa  ... read"
"gimbo.org.uk","Taylor. Nick"," has","  bee  ... read"
"cabe.org.uk","and"," has","  premonitions"
"eduserv.org.uk","(ippr)"," has","  expertise  ."
"eduserv.org.uk","Government"," has","  n  ... read more"
"eduserv.org.uk",", the ippr,"," has","  wel  ... read"
"conted.ox.ac.uk",". Also"," has","  facilities"
"chat.dailymail.co.uk","idea. The idea"," has","  pedigree  . The"
"incore.ulst.ac.uk","in the world"," has","  access  to a"
"physiol.ox.ac.uk","Hammer blow"," has","  Jol  grinding"
"radioandtelly.co.uk",". Doc"," has","  hover  shoes"
"radioandtelly.co.uk",". Each beast"," has","  strengths  and"
"burnyourbonus.co.uk","stones."," Has","  photos  of"
"ariadne.ac.uk","training"," has","  impact  . But"
"bandsman.co.uk","Service"," has","  contact"
"spartacus.schoolnet.co.uk","particularly"," has","  access  to"
"brookes.ac.uk","of this law"," has","  anything  to do"
"dur.ac.uk","in Hong Kong"," has","  live-in  maids"
"newhumanist.org.uk","more. Bremer"," has","  veto  power"
"patent.gov.uk","role"," has","  nothing  to do"
"heacademy.ac.uk","to talk to me."," Has","  anyone  taken"
"tate.org.uk","2001, 15:15"," Has","  anyone  here"
"cabe.org.uk","Council"," has",""
"bl.uk","side"," has","  showers  . If he"
"og.dti.gov.uk","and rarely"," has","  land  or"
"nzstamps.fsnet.co.uk","used, she then"," has","  chapters"
"cnetwork.co.uk",". It also"," has","  songs  which"
"greyparrots.co.uk","that the tool"," has","  vacuum"
"cpgb.org.uk","study, which"," has","  lots  of light"
"sanger.ac.uk","that he"," has","  nothing"
"iwar.org.uk","be given to who"," has",""
"history.ac.uk",". The team"," has","  experience"
"dur.ac.uk","in which he"," has","  expertise  . He"
"stephthornton.co.uk","'', but ours"," has","  lots  of"
"stephthornton.co.uk","this method"," has","  access  to"
"sport.guardian.co.uk","Airbus still"," has","  time  to change"
"newswales.co.uk","of violence"," has","  nothing  to do"
"wessexscene.co.uk","his garage. He"," has","  planning"
"radioandtelly.co.uk","Record Office"," has","  branches  at"
"televisionheaven.co.uk","? and she"," has","  plans  for Jeff"
"ucisa.ac.uk",". It therefore"," has","  methods  for"
"ucisa.ac.uk","that itself"," has","  bounds  and"
"cancerbackup.org.uk","version"," has","  notes  about"
"headheritage.co.uk","the argument"," has","  resonance  and"
"guardian.co.uk","court"," has","  power  to"
"thegoodwebguide.co.uk","church also"," has","  examples  of"
"thegoodwebguide.co.uk","the Earth and"," has","  fossils  ,"
"history.ac.uk","technique"," has","  selection"
"cs.bham.ac.uk",", since she"," has","  friends  both"
"spelthorne.gov.uk","character"," has","  strengths  and"
"netdoctor.co.uk","Every library"," has","  books  to"
"defra.gov.uk","Maths group"," has","  strengths  in"
"defra.gov.uk","Anlysis group"," has","  strengths  in"
"defra.gov.uk","Group"," has","  strengths  in"
"positivenation.co.uk",". ac. uk who"," has","  registration"
"fool.co.uk","Ancestor site"," has","  maps  from the"
"fool.co.uk","Homepage"," has","  information"
"fool.co.uk","the ages."," Has","  images  to"
"mailonsunday.co.uk","being ancient"," has","  advantages  )"
"mailonsunday.co.uk","being ancient"," has","  advantages  )"
"phgu.org.uk","anyone"," has","  information"
"burnyourbonus.co.uk",": "" My partner"," has","  difficulty  in"
"burnyourbonus.co.uk","ex-prisoners"," has","  cost  people"
"observer.guardian.co.uk",". While the UK"," has","  sites  known as"
"observer.guardian.co.uk","of the site"," has","  links  to the"
"warwithoutend.co.uk","work and"," has","  earnings  at a"
"warwithoutend.co.uk","and"," has","  profits  in"
"untoldlondon.org.uk","activity, and"," has","  features  on"
"londonsalsa.co.uk","know Howard"," has","  stage  fright"
"eta.co.uk","- athlete"," has","  freedom  to"
"wateraid.org.uk","the Fairest '',"," has","  something  for"
"gnn.gov.uk","? If she"," has","  access  to a"
"gnn.gov.uk","searched"," has","  nothing  to do"
"hm-treasury.gov.uk",". The work"," has","  relevance  in"
"spartacus.schoolnet.co.uk","Jesus or"," has","  access  to old"
"otherlandtoys.co.uk","? Balian"," has","  everything  to"
"otherlandtoys.co.uk","play for, but"," has","  nothing  to"
"opsi.gov.uk","movement that"," has","  life  in it. It"
"rcpbml.org.uk","The SAR domain"," has","  examples  of"
"eprints.gla.ac.uk","said and done,"," has","  nothing  to do"
"eprints.gla.ac.uk","a body that"," has","  nothing  wrong"
"eprints.gla.ac.uk","about you,"," has","  nothing  to do"
"domino.lancs.ac.uk",""" Sarah Hata"," has","  scars  of"
"domino.lancs.ac.uk",""" Sarah Hata"," has","  scars  of"
"gnn.gov.uk","right. '' That"," has","  nothing  to do"
"londonsalsa.co.uk",", and even"," has","  support  for"
"londonsalsa.co.uk","of the box, IIS"," has","  support  for"
"capita.co.uk","room, it"," has","  space  for at"
"hm-treasury.gov.uk","vet staff(and"," has","  disclaimers"
"number-10.gov.uk",". It also"," has","  links  to other"
"cabe.org.uk","funny, and he"," has","  something  to"
"eatwell.gov.uk","about others"," has","  something  to"
"ucisa.ac.uk","06 Touchy Tony"," has","  beef  with"
"untoldlondon.org.uk","because it"," has","  aspirations"
"untoldlondon.org.uk","it up and then"," has","  access  to all"
"nwda.co.uk","that argument"," has","  nothing  in it."
"iwar.org.uk","work alone and"," has","  difficulty"
"headheritage.co.uk","is work that"," has","  nothing  to do"
"gnn.gov.uk","the town, and"," has","  moorings"
"dca.gov.uk","the island"," has","  electricity  ."
"dca.gov.uk","that now"," has","  internet"
"jr2.ox.ac.uk",""", but it"," has","  nothing  to do"
"railscot.co.uk",", mean that X2"," has","  elements  of"
"headheritage.co.uk","related note,"," has","  anyone  ever"
"pcanswers.co.uk","forget it"," has","  things  like an"
"visitsouthwest.co.uk",". "" So why"," has","  cash  not been"
"forum.digitalspy.co.uk","before one"," has","  machine"
"rvc.ac.uk",". The site also"," has","  lots  of other"
"manchestereveningnews.co.uk","boiler house"," has","  space  for"
"defra.gov.uk","Vision"," has","  today  (25"
"bubl.ac.uk","room where AA"," has","  people  to"
"bubl.ac.uk","out one"," has","  access  to"
"classic-literature.co.uk","if anyone"," has","  experiences"
"soulwalking.co.uk","Abraham"," has","  faith  he"
"rvc.ac.uk","the way of it."," Has","  everybody"
"shop.earthscan.co.uk","University"," has","  state  of the"
"shop.earthscan.co.uk","and"," has","  specialist"
"sanger.ac.uk","Act 1998)"," has","  effect  ."
"dur.ac.uk","agents, etc? ?"," Has","  anyone  booked"
"uklug.co.uk","in the notice"," has","  effect  only"
"wdm.org.uk","goal. The DfES"," has","  long-since"
"physiol.ox.ac.uk","which"," has","  functions  in"
"refer.nhs.uk",". If anyone"," has","  problems  with"
"www2.thny.bbc.co.uk",". Someone else"," has","  cancer  and we"
"users.ox.ac.uk","newsletter"," has","  details  of all"
"bjhc.co.uk",". The service"," has","  difficulties"
"theregister.co.uk","authority"," has",""
"foe.co.uk","Department"," has","  contacts  . A"
"gopetition.co.uk","recent work"," has","  been/  is being"
"jncc.gov.uk","region. She"," has","  family  links"
"stalbans.gov.uk","and"," has",""
"rhs.org.uk","a music gene? ''"," Has","  music  evolved"
"shef.ac.uk","department"," has","  specialists"
"undiscoveredscotland.co.uk","g where rice"," has","  none  . It also"
"opsi.gov.uk","before the gas"," has","  time  to"
"gnn.gov.uk",". The Colossus"," has","  clubs  for"
"justkampers.co.uk","government"," has",""
"sport.guardian.co.uk",". Poor Kitty"," has","  anger  for"
"blogs.warwick.ac.uk","scale"," has","  divisions"
"blogs.warwick.ac.uk","or chart that"," has","  latitude  and"
"sitcom.co.uk","history '' this"," has","  information"
"cpgb.org.uk","kit"," has","  everything"
"bfi.org.uk:8080","I lift never"," has","  clothes  to"
"poetrysociety.org.uk","library which"," has","  access  to"
"developments.org.uk","river and"," has","  lots  of birds."
"athelstane.co.uk","group. She"," has","  experience  in"
"defra.gov.uk",". Defra also"," has",""
"developments.org.uk",", 18:18 if any1"," has","  winXP  out"
"developments.org.uk","if any1"," has","  winXP  out"
"spelthorne.gov.uk","Cancer Relief"," has","  leaflets  on"
"spelthorne.gov.uk","when an adult"," has","  cancer  ."
"futuremovies.co.uk",". As such, it"," has","  nothing  to"
"history.ac.uk","appropriate,"," has","  pictures  ."
"pocket-lint.co.uk","sprinters. It"," has","  views  from the"
"number-10.gov.uk","Governor"," has","  jurisdiction"
"somewhere.org.uk","space. It"," has","  provision  for"
"urchin.co.uk","at MHS"," HAS","  training"
"bitc.org.uk","group that"," has","  nothing  to do"
"gopetition.co.uk","Council now"," has","  control  over"
"gopetition.co.uk",". France"," has","  troops  in a"
"rejesus.co.uk",", one"," has","  concerns"
"hm-treasury.gov.uk","Archives"," has","  details  of"
"bl.uk","","has",""
"bl.uk","Chancellor"," has","  power  to"
"bl.uk","Chancellor"," has","  power  under"
"bl.uk","Chancellor"," has","  power  under"
"bl.uk","Tribunal also"," has","  jurisdiction"
"dur.ac.uk",", which it"," has","  plans  to"
"brookes.ac.uk","that it?"," has","  nothing  to do"
"brad.ac.uk","Ancestor site"," has","  maps  from the"
"brad.ac.uk","Homepage"," has","  information"
"brad.ac.uk","the ages."," Has","  images  to"
"i-sis.org.uk","to person. 6"," Has","  bird  flu been"
"observer.guardian.co.uk","Taylor. Linda"," has","  experience  of"
"www2.thny.bbc.co.uk","clearly"," has","  echoes  in the"
"futurelab.org.uk","chaotic, it"," has","  properties"
"essex.ac.uk","research ''. It"," has","  sections  on"
"bubl.ac.uk","fortress and"," has","  gardens"
"bubl.ac.uk",". '' '' Petraeus"," has","  experience"
"wdm.org.uk","Unit"," has","  policy"
"burnyourbonus.co.uk","the region. It"," has","  offices  in"
"uklug.co.uk","Thinking"," has","  power  when it"
"uklug.co.uk",", this person"," has","  people  in his"
"uklug.co.uk","anything that"," has","  appeal  . The"
"developments.org.uk","60 years,"," has","  nothing  to do"
"developments.org.uk","Base in Turkey"," has","  nothing  to do"
"paulflynnmp.co.uk","now"," has","  dreams  of"
"thisistravel.co.uk",". It even"," has","  th  ... More"
"le.ac.uk","as I am that he"," has","  something  of"
"le.ac.uk","Union now"," has","  class"
"eduserv.org.uk","glazing"," has","  bolts  that"
"visitsouthwest.co.uk","city of Rome"," has","  been/  was the"
"i-sis.org.uk","pleasing (he"," has","  homes  in"
"watford3r-pct.nhs.uk",". htm"," has","  lists  on"
"watford3r-pct.nhs.uk","for England"," has","  fingers  in"
"watford3r-pct.nhs.uk","Ireland, and"," has","  links  to other"
"earthfirst.org.uk","(c.1985) What"," has","  management"
"phrases.org.uk",". htm"," has","  lists  on"
"phrases.org.uk","for England"," has","  fingers  in"
"phrases.org.uk","Ireland, and"," has","  links  to other"
"netdoctor.co.uk","as listed."," Has","  anyone  any"
"clieuk.co.uk","my possession"," has","  popinjay  as"
"starlink.rl.ac.uk","stress?"," Has","  work  become a"
"bbk.ac.uk","for a guy that"," has","  aways"
"guardian.co.uk","tag tag. It"," has","  preference"
"netribution.co.uk","Services also"," has","  interest  for"
"darlington.gov.uk","play. The play"," has","  excitement  ,"
"cygnus-books.co.uk","also"," has","  information"
"archive.food.gov.uk",". Be clear who"," has","  authority  to"
"english-heritage.org.uk",". : >). Lehman"," has","  consistency  ,"
"tate.org.uk","vilmoriniana"," has","  leaves  that"
"visitsouthwest.co.uk","University"," has","  knowledge"
"visitsouthwest.co.uk","Scheme and"," has","  experience  of"
"ebi.ac.uk","that exists"," has","  nothing  to do"
"londonfashionweek.co.uk",". The website"," has","  sections  on"
"futurelab.org.uk","that supplier"," has","  processes  and"
"dur.ac.uk","to decide who"," has","  priority  and"
"ariadne.ac.uk",", of course,"," has","  ears  . Even the"
"ariadne.ac.uk","the monitor"," has","  ears  . What"
"darlington.gov.uk","itself, which"," has","  influences"
"railscot.co.uk",". And"," has","  bagging"
"railscot.co.uk",". This surely"," has","  nothing  to do"
"railscot.co.uk","for me, it"," has","  notes  on the"
"classic-literature.co.uk","that even"," has","  inserts  in the"
"ippr.org.uk",". It"," has","  extensions  to"
"ippr.org.uk",". It"," has","  extensions  to"
"brianmac.demon.co.uk","local museum"," has","  holdings  , but"
"photo-i.co.uk",", Shabbat also"," has","  features  of"
"bbk.ac.uk","us whether she"," has","  plans  to"
"netribution.co.uk","The Authority"," has",""
"bubl.ac.uk","raise one who"," has","  faith  in the"
"cygnus-books.co.uk","who"," has","  areas  marked"
"manchestereveningnews.co.uk","is whether she"," has","  time  to"
"policyhub.gov.uk","into Europe,"," has","  details  on how"
"policyhub.gov.uk",". The website"," has","  tutors"
"policyhub.gov.uk","This site also"," has","  information"
"policyhub.gov.uk","newsletter"," has","  route"
"policyhub.gov.uk","of this site"," has","  advice  on how"
"jncc.gov.uk","it causes, and"," has","  nothing  to do"
"cnetwork.co.uk","of us TW2004"," has","  options"
"sussex.ac.uk","a species that"," has","  everything  ,"
"number-10.gov.uk",". Janet even"," has","  cable  . And,"
"bupa.co.uk",", seeing it"," has","  wheels  ,"
"presentationhelper.co.uk",", which"," has","  backing  from"
"phrases.org.uk","group. The RUC"," has","  problems  at"
"phrases.org.uk",". That the RUC"," has","  problems  with"
"cs.bham.ac.uk","air base"," has","  plenty  of good"
"kwintessential.co.uk","Iraqi Shia who"," has","  family  in"
"sitcom.co.uk",", who I know"," has","  honour  and"
"futurelab.org.uk","any sound, it"," has","  power  ."
"excite.co.uk","local library"," has","  lists  of"
"gimbo.org.uk","and one of them"," has","  acupuncture  ,"
"irr.org.uk","system"," has","  soliton"
"nationalschool.gov.uk","a country that"," has","  commitments"
"pcanswers.co.uk","officer who"," has",""
"pcanswers.co.uk",". And why"," has","  someone"
"youngminds.org.uk","way a company"," has","  knowledge  of"
"refer.nhs.uk","Chancellor"," has",""
"essex.ac.uk","? This section"," has","  links  to"
"physiol.ox.ac.uk","''cool '', but"," has","  meaning  ."
"business.guardian.co.uk","chapter, this"," has","  resonance"
"ariadne.ac.uk","your Apache"," has","  mod_rewrite  ,"
"darlington.gov.uk","that Britain"," has","  stocks  of"
"holdthefrontpage.co.uk","certainly"," has","  nerve  gas and"
"mfiles.co.uk",". It"," has","  chandeliers  ,"
"earthfirst.org.uk","Howl ''s castle"," has","  legs  and"
"earthfirst.org.uk","realises she"," has","  nothing  to"
"projects.ex.ac.uk",". Not only"," has","  attendance"
"casi.org.uk","Barnardo ''s"," has","  standards  for"
"brookes.ac.uk","regimental S4"," has",""
"brookes.ac.uk","personnel. He"," has","  staff"
"brookes.ac.uk","the staff. He"," has","  access  to the"
"phgu.org.uk","anyone who"," has","  access  to it"
"soulwalking.co.uk","said Britain"," has","  influence"
"soulwalking.co.uk","to an Iraqi war"," has","  problems  on"
"soulwalking.co.uk","ago. If he"," has","  nothing  to"
"number-10.gov.uk","wrote:"," Has","  anyone  used"
"chester.ac.uk","movie star"," has","  plans  to"
"warwithoutend.co.uk","oranges and"," has","  matches  for"
"chester.ac.uk","here. And that"," has","  nothing  to do"
"computerarts.co.uk","Catholics"," has","  something  to"
"wdm.org.uk","(b) who"," has","  control  of the"
"defra.gov.uk","Pyrenees. It"," has","  leaders  ,"
"mailman-new.greennet.org.uk","tribunal (ET)"," has","  power  to award"
"mailonsunday.co.uk","year ''s review"," has","  eleven"
"sport.guardian.co.uk","charged, he"," has","  lawyers  and he"
"headheritage.co.uk","a campaign"," has","  anything  to do"
"paulflynnmp.co.uk","a context that"," has","  relevance  for"
"youngminds.org.uk","in 1864. It"," has",""
"bdo.co.uk","bits of kit."," Has","  anyone  ever"
"chester.ac.uk","Sciences"," has","  state  of the"
"tandf.co.uk",". The gunplay"," has","  nothing  to it;"
"physiol.ox.ac.uk","translator"," has","  years  of"
"moviemail-online.co.uk","? What"," has","  management"
"moviemail-online.co.uk","? What"," has","  management"
"moviemail-online.co.uk","manner? What"," has","  management"
"netribution.co.uk","already"," has","  information"
"le.ac.uk","which"," has","  jurisdiction"
"bubl.ac.uk","whole series"," has","  something  of a"
"bjhc.co.uk","2006 Sony"," has",""
"seniorsnetwork.co.uk",". It"," has","  material  and"
"seniorsnetwork.co.uk",". The project"," has","  websites  in"
"photo-i.co.uk","this Tarmac"," has","  clout  on"
"darlington.gov.uk","each go, which"," has","  loads  of nasty"
"eprints.gla.ac.uk","Abroad Office"," has","  plenty  of"
"photo-i.co.uk",", one that"," has","  nothing  to do"
"netribution.co.uk","the service"," has","  structures  in"
"ff1600.co.uk","Answer: My mum"," has","  asbestos  hand"
"cs.bham.ac.uk","the website"," has","  sections  on"
"refer.nhs.uk","person"," has","  difficulty"
"clieuk.co.uk",", K. Annan,"," has","  nothing  to"
"clieuk.co.uk","silos ""."," Has","  anyone  heard"
"spartacus.schoolnet.co.uk","records and"," has","  information"
"spartacus.schoolnet.co.uk","of Scotland"," has","  photocopies"
"spartacus.schoolnet.co.uk",""" The database"," has","  details  of"
"hm-treasury.gov.uk","from and she"," has","  lots  of family"
"history.ac.uk","and old (it"," has",""
"athelstane.co.uk","Solo II "" also"," has","  meaning  ."
"starlink.rl.ac.uk","told CNN Iraq"," has","  plenty  of"
"bized.ac.uk",") apparently"," has","  difficulty"
"irr.org.uk",". If anyone"," has","  ideas  on how we"
"visitsouthwest.co.uk","them. Defra"," has","  policies  in"
"cd.ciao.co.uk","scot free"," has","  nothing  to do"
"kwintessential.co.uk","media player"," has","  plenty  of"
"athelstane.co.uk","Moscow, which"," has","  reservations"
"ucl.ac.uk","feeding and"," has","  plenty  of"
"cpgb.org.uk","â? ? now"," has","  premises  to"
"number-10.gov.uk","a union which"," has","  partnership"
"york.ac.uk","more rarely"," has","  television"
"bbk.ac.uk","certainly"," has","  rarity  on its"
"bbk.ac.uk","control"," has","  ''soft"
"filmfocus.co.uk",", "" the heart"," has","  reasons  that"
"undiscoveredscotland.co.uk","aims. The NAW"," has","  membership"
"essex.ac.uk","collection"," has","  material  from"
"essex.ac.uk","collection"," has","  work  by"
"acegamez.co.uk","Weeping ash '',"," has","  branches  that"
"thegoodwebguide.co.uk","school"," has","  links  with"
"birdtours.co.uk","sosig. ac. uk ]"," has","  links  to many"
"phrases.org.uk","of care."," Has","  information"
"i-sis.org.uk",", DC, USA and"," has","  thousands  of"
"huntinginquiry.gov.uk","a year? How"," has","  withholding"
"spartacus.schoolnet.co.uk","The Grange"," has","  nothing"
"spartacus.schoolnet.co.uk","group also"," has","  photographs"
"sport.guardian.co.uk","one person"," has","  access  to your"
"classic-literature.co.uk","books; but he"," has","  hopes  for the"
"bfi.org.uk:8080",". If anyone"," has","  copies  or"
"roadrunnerrecords.co.uk","Standards"," Has",""
"seniorsnetwork.co.uk","), which"," has",""
"cain.ulst.ac.uk","pride"," has","  something  to"
"mirror.co.uk","hungry nor"," has","  cubs  ... I"
"psigate.ac.uk","hands, who"," has","  hands  to spare"
"dooyoo.co.uk","fs/ en ]"," has","  details  of the"
"allotment.org.uk",". However, it"," has","  limitations"
"uklug.co.uk","School. He"," has","  everything  ; a"
"business.guardian.co.uk","upgrade if it"," has","  region  coding"
"business.guardian.co.uk","upgrade if it"," has","  region  coding"
"seniorsnetwork.co.uk",". Its Web site"," has","  details  of"
"tandf.co.uk","(WADA) now"," has",""
"society.guardian.co.uk","mission. It"," has","  links  to"
"durham21.co.uk","organisation"," has","  links  with,"
"transglobal-aerospace.co.uk","the size issue"," has","  anyone  tried"
"transglobal-aerospace.co.uk","the size issue"," has","  anyone  tried"
"le.ac.uk","question here"," has","  reference  to"
"sanger.ac.uk","part of me that"," has","  fear  ; that I"
"jncc.gov.uk",". Jim also"," has","  experience  in"
"jncc.gov.uk","Prichard Neil"," has","  experience  of"
"jncc.gov.uk","campuses."," Has","  experience  of"
"jncc.gov.uk",". Stephen"," has","  experience  in"
"jncc.gov.uk",". He"," has","  experience  in"
"jncc.gov.uk","and he"," has","  experience  in"
"jncc.gov.uk","issues."," Has","  knowledge  of"
"spartacus.schoolnet.co.uk","","has","  award  winners"
"defra.gov.uk",". She"," has","  children  in"
"acegamez.co.uk","what he wrote"," has","  value  , but"
"acegamez.co.uk",", while it"," has","  limitations  ,"
"crystal.dircon.co.uk","only"," has","  plans  to"
"crystal.dircon.co.uk","that Samsung"," has","  plans  to bring"
"number-10.gov.uk","''s guide"," has","  listings  of"
"number-10.gov.uk","The glossary"," has","  definitions"
"i-sis.org.uk",". Russia also"," has","  relations"
"hm-treasury.gov.uk","''s Britain and"," has","  features  in"
"hm-treasury.gov.uk","past, but it"," has","  nothing  in"
"undiscoveredscotland.co.uk","website also"," has","  information"
"theregister.co.uk","findings, nor"," has","  anyone  else."
"jncc.gov.uk","Emirates."," Has","  anyone  even"
"leeds.gov.uk","). G0 always"," has","  size  94 and"
"phrases.org.uk","- that it"," has","  information"
"phrases.org.uk","at least now"," has","  access  to"
"bristol-city.gov.uk","its Charter,"," has","  jurisdiction"
"seniorsnetwork.co.uk","and so"," has","  lea  and she is"
"cain.ulst.ac.uk","your alleyway"," has","  gates  the"
"cgi.ebay.co.uk",". The site"," has","  pages  related"
"athelstane.co.uk",", and"," has","  letters"
"poetrysociety.org.uk",". Driver CD rom"," has","  drivers  for"
"acegamez.co.uk",". This itself"," has","  knock-on"
"cabe.org.uk","his tenancy"," has","  effect"
"cabe.org.uk","what term it"," has","  effect  (or, if"
"cabe.org.uk","''s tenancy"," has","  effect  and"
"bristol-city.gov.uk",". (Linux libc5"," has","  Z  with this"
"brianmac.demon.co.uk",". AR 25-50"," has","  instructions"
"allotment.org.uk","bombers. It"," has","  support  in"
"cabe.org.uk",", AR 735-5"," has","  information"
"dca.gov.uk","all, life"," has","  something"
"socialistunitynetwork.co.uk","While the herd"," has","  access  to"
"bl.uk","of a button. It"," has","  plenty  of"
"crystal.dircon.co.uk",", however,"," has","  discretion  in"
"phgu.org.uk","military"," has","  positions  at a"
"phgu.org.uk","SCIRI and"," has","  reservations"
"phgu.org.uk","that "" this"," has","  nothing  to do"
"phgu.org.uk","that this war"," has","  anything  to do"
"phgu.org.uk","unless Iraq"," has","  weapons  of"
"richmond.ac.uk","that it"," has","  something  to"
"admin.cam.ac.uk","the speaker"," has","  something  to"
"bitc.org.uk","In Asia, which"," has","  two-thirds  of"
"casi.org.uk","the lounge"," has","  views  of the"
"casi.org.uk",", and a"," has","  power  shower."
"theregister.co.uk","a foxhound"," has","  fox  sense. My"
"theregister.co.uk",". I need to ask,"," has","  anybody  tried"
"theregister.co.uk",":"," Has","  anybody  tried"
"theregister.co.uk","bloodhounds"," has",""
"excite.co.uk","father, and"," has","  problems  of"
"excite.co.uk",") which"," has","  nothing  to do"
"physiol.ox.ac.uk","used. AHF"," has","  years  of"
"physiol.ox.ac.uk",". AHF"," has","  experience"
"foe.co.uk","and currently"," has","  surplus  funds"
"shop.highlander.co.uk","Simpson doll"," has","  pride  of place"
"shop.highlander.co.uk","and Cleo"," has","  everything"
"geog.port.ac.uk","Not everyone"," has","  access  to a"
"geos.ed.ac.uk","the sender"," has","  proof  of"
"shop.highlander.co.uk","the bubble"," has","  burst  , it is"
"birdtours.co.uk","''s beak. It"," has","  nothing  to do"
"skuds.co.uk","Gala. [ 5 ]. It"," has","  ben  revealed"
"arts.guardian.co.uk","Pro815"," has","  everything"
"futuremovies.co.uk",", this site"," has","  something  to"
"developments.org.uk","me because he"," has","  someone  else -"
"hmrc.gov.uk",", if he"," has","  someone  to"
"shop.highlander.co.uk","weapons and"," has","  four-digit"
"shop.highlander.co.uk","instrument"," has","  laser  filters"
"futuremovies.co.uk","Cookery, also"," has","  tips  and"
"shop.earthscan.co.uk",". If the U. S."," has","  plans  to"
"shop.earthscan.co.uk","is safe. It"," has","  side-effects"
"untoldlondon.org.uk","bits of kit."," Has","  anyone  ever"
"untoldlondon.org.uk","but the new one"," has","  lots  of wide"
"york.ac.uk","''"," has","  landscapes  of"
"english-heritage.org.uk","legislation"," has","  effect  , or is"
"kwintessential.co.uk","If any user"," has","  information"
"sport.guardian.co.uk","(ippr)"," has","  expertise  ."
"huntinginquiry.gov.uk","if the US"," has","  control  of all"
"defra.gov.uk",") rarely"," has","  time  to talk"
"number-10.gov.uk",", but she"," has","  nothing  but"
"newswales.co.uk","already"," has","  everything  . £"
"bubl.ac.uk","Shand, who"," has","  canc  ... [ more"
"socialistunitynetwork.co.uk","embargo. He"," has","  trouble"
"futuremovies.co.uk","the tribunal"," has","  jurisdiction"
"reviewing.co.uk","problems. It"," has","  implications"
"reviewing.co.uk","Commission"," has","  rights  of"
"kent.ac.uk","correctly."," Has","  anyone  ever"
"ff1600.co.uk","swoons: ''She"," has","  gravitas  ! As a"
"news.cnet.co.uk","their child"," has","  problems  ."
"sport.guardian.co.uk",". This usually"," has","  nothing  to do"
"politics.guardian.co.uk",". The world"," has","  communism  ,"
"politics.guardian.co.uk","war, a man who"," has","  nothing  but"
"moviemail-online.co.uk","Lee), who now"," has","  control  over"
"history.ac.uk","Ancestor site"," has","  maps  from the"
"history.ac.uk","Homepage"," has","  information"
"history.ac.uk","the ages."," Has","  images  to"
"bnp.org.uk",". In essence it"," has","  similarities"
"newswales.co.uk","that PE3"," has","  colour  curves"
"projects.ex.ac.uk","presence"," has","  something  to"
"greenparty.org.uk","Readline"," has","  variables"
"photo-i.co.uk","which"," has",""
"futurelab.org.uk","'' section"," has","  ideas  and"
"warwithoutend.co.uk","training"," has","  impact  . But"
"warwithoutend.co.uk","a course which"," has","  ''teamwork  ''"
"netlawman.co.uk","on cotton, and"," has","  questions"
"entsweb.co.uk","large numbers"," has","  lessons  to"
"ioe.ac.uk","problem, but"," has","  anyone  else"
"cnetwork.co.uk","and each"," has","  game  types"
"teentoday.co.uk","Add to basket"," Has","  someone  just"
"acegamez.co.uk","Again Jack"," has","  everything"
"incore.ulst.ac.uk","background"," has","  implications"
"thisistravel.co.uk","maintenance"," has","  hunting  in"
"hm-treasury.gov.uk","The group also"," has","  members"
"birdtours.co.uk","that everyone"," has","  access  to the"
"forum.anothersite.co.uk","its Charter,"," has","  jurisdiction"
"spamfo.co.uk",". The site"," has",""
"spamfo.co.uk",", and it also"," has","  links  to"
"qub.ac.uk","business"," has","  trading  links"
"sanger.ac.uk","# Search Help"," has","  tips  and links"
"rcpbml.org.uk","in the palace"," has","  significance"
"lse.ac.uk","currently"," has","  RSE  as a"
"richmond.ac.uk","Foundation"," has","  assets  of"
"richmond.ac.uk","Foundation,"," has","  assets  of"
"clieuk.co.uk","you ask,"," has","  nothing  to do"
"transglobal-aerospace.co.uk",". Block"," has","  security"
"netribution.co.uk","i was saying it"," has","  nothing  to do"
"i-sis.org.uk","only that he"," has","  time  to"
"headheritage.co.uk","vi "". This only"," has","  effect  when"
"eprints.gla.ac.uk","of expression"," has","  limitations"
"kent.ac.uk","This film"," has","  nothing  to"
"www2.thny.bbc.co.uk","also. He"," has","  power  and"
"netdoctor.co.uk","Ireland"," has","  twelve  seats,"
"iwar.org.uk",". John"," has","  power  to enjoy"
"iwar.org.uk","whether he"," has","  liability"
"iwar.org.uk","Sheet IR301"," has","  instructions"
"iwar.org.uk","Sheet IR301"," has","  details  ."
"iwar.org.uk","","has","  specialist"
"theweekly.co.uk","trials. """," Has","  devolution  of"
"tyndale.cam.ac.uk","and kettle. It"," has","  phone  and"
"futurelab.org.uk","asked "" what"," has","  bike  theft got"
"politics.guardian.co.uk",". As such, it"," has","  nothing  to"
"publications.parliament.uk","and what"," has","  lawmakers"
"bl.uk",""" or "" no longer"," has","  means  of"
"netdoctor.co.uk","","has","  squads  of"
"city.ac.uk","and Fred, who"," has",""
"ess.uwe.ac.uk","The Ti plasmid"," has","  virulence"
"janus.lib.cam.ac.uk","Travel Guide """," has","  details  of"
"janus.lib.cam.ac.uk","Ancestor site"," has","  maps  from the"
"janus.lib.cam.ac.uk","Homepage"," has","  information"
"janus.lib.cam.ac.uk","the ages."," Has","  images  to"
"janus.lib.cam.ac.uk","History -"," has","  links  to many"
"rvc.ac.uk","easy to use and"," has","  on-screen"
"sanger.ac.uk","and"," has","  research"
"phrases.org.uk","Ruth Edwards"," has","  information"
"phrases.org.uk",", Ross still"," has","  doubts  . When"
"history.ac.uk","reckless if he"," has","  friends  his"
"rcpbml.org.uk",", who, say"," has","  money"
"rcpbml.org.uk","that he"," has","  access  to all"
"rcpbml.org.uk","and"," has","  money"
"rcpbml.org.uk","piece) and who"," has","  access  to the"
"vts.rdn.ac.uk","8750 printer."," Has","  anybody  else"
"vts.rdn.ac.uk","problem and"," has","  anyone"
"ess.uwe.ac.uk",". The team"," has","  emergency"
"casi.org.uk","look like - she"," has","  hots  for you"
"britishempire.co.uk","regime that"," has","  ties  to"
"spartacus.schoolnet.co.uk","the Board"," has","  something"
"kingston.gov.uk",". The MoD"," has",""
"allotment.org.uk","clavuligerus"," has","  ornithine"
"bandsman.co.uk","LETTERS NCIS"," has","  hundreds  of"
"bandsman.co.uk","(FIRST) and"," has","  contacts  with"
"bfi.org.uk:8080","''s Department"," has","  ''justice  '' as"
"ff1600.co.uk","remake, but it"," has","  charms  of its"
"patp3.webbler.co.uk","that it"," has","  everything  in"
"blogs.warwick.ac.uk",", the SDLP"," has","  status  and"
"blogs.warwick.ac.uk","politics. He"," has","  ''no  time for"
"blogs.warwick.ac.uk","Troubles,"," has","  elements"
"rcpbml.org.uk",". at"," has","  heaps  of links"
"opsi.gov.uk","added: "" She"," has","  nothing  , in"
"psigate.ac.uk","variable"," has","  acquire(  ) and"
"i-sis.org.uk",". The PLGR"," has","  fifty-two  map"
"mailman.ic.ac.uk",". The academy"," has","  planning"
"socialistunitynetwork.co.uk","been agreed?"," Has","  anyone  given"
"qub.ac.uk","? *A person who"," has","  history  of"
"squaremeal.co.uk","FRU website"," has","  details  about"
"netribution.co.uk","effects, EPA"," has","  none  and is"
"filmfocus.co.uk","the UK, CIPFA"," has",""
"history.ac.uk","clearly"," has","  nothing  to do"
"refer.nhs.uk","that hate only"," has","  power  when it"
"dur.ac.uk","goal. The DfES"," has","  long-since"
"dur.ac.uk","Project"," has","  lots  of"
"classic-literature.co.uk","of person she"," has","  time  for. One"
"classic-literature.co.uk","Boar, as he"," has","  connections"
"uklug.co.uk","Southampton"," has","  today  (10"
"netribution.co.uk","lot. Everyone"," has","  moods  , don''t"
"dur.ac.uk","colleague"," has","  contacts"
"visitsouthwest.co.uk","section which"," has","  items  i ''ve got"
"english-heritage.org.uk","country, that"," has","  nothing  to do"
"english-heritage.org.uk","","has","  nothing  to do"
"futurelab.org.uk","website"," has","  information"
"news.bbc.co.uk",". The Colossus"," has","  clubs  for"
"bristol-city.gov.uk","the authority"," has","  power  to"
"bristol-city.gov.uk","the authority"," has","  power  to"
"bristol-city.gov.uk","the authority"," has","  power  to"
"bristol-city.gov.uk","the authority"," has","  power  to"
"history.ac.uk","that the ET"," has","  power  to"
"uklug.co.uk","certainly"," has","  alot  to do with"
"visitsouthwest.co.uk","a question!"," Has","  anyone  ever"
"visitsouthwest.co.uk","the entity who"," has","  dominion  over"
"jr2.ox.ac.uk","7 (repeals)"," has","  effect  ."
"cygnus-books.co.uk","which"," has","  material  from"
"admin.cam.ac.uk","programme he"," has","  difficulties"
"gnn.gov.uk","Border also"," has","  foliage  which"
"cpgb.org.uk","''s poetry that"," has","  something  to"
"og.dti.gov.uk","'' Conference"," has",""
"durham21.co.uk",". But Blair"," has","  knowledge"
"burnyourbonus.co.uk","News premesis"," has","  permission  to"
"heacademy.ac.uk","of writing,"," has","  permission  to"
"spartacus.schoolnet.co.uk",". Natural DNA"," has","  billions  of"
"theregister.co.uk","2005, the form"," has","  tick  boxes for"
"jncc.gov.uk","Archives"," has","  details  of"
"jncc.gov.uk",", 1974."," Has","  sections  on; -"
"cygnus-books.co.uk",". The ET"," has","  discretion  to"
"history.ac.uk",", which"," has","  implications"
"eduserv.org.uk",", another"," has","  cheeks  like a"
"casi.org.uk","whose beauty"," has","  nothing  to do"
"arts.guardian.co.uk","remake, but it"," has","  charms  of its"
"shef.ac.uk","- whose plane"," has","  hi-jackers"
"neptunepinkfloyd.co.uk","work. He also"," has","  concerns"
"number-10.gov.uk","our work"," has","  applications"
"number-10.gov.uk",", our work"," has","  impact  on"
"birdtours.co.uk","imbalanced,"," has","  neuroses  and"
"birdtours.co.uk",", and"," has","  none  of the"
"birdtours.co.uk","Buñuel, and"," has","  everything"
"news.bbc.co.uk",", this scheme"," has","  nothing  to do"
"news.bbc.co.uk","clearly"," has","  access  to"
"news.bbc.co.uk","mustn''t it?"," Has","  anyone"
"news.bbc.co.uk","worth a read It"," has","  humour  ,"
"news.bbc.co.uk","clearly"," has","  access  to"
"news.bbc.co.uk","the site yet?"," Has","  money  been"
"news.bbc.co.uk","let us know?"," Has","  someone  in"
"news.bbc.co.uk","roads."," Has","  anyone  in the"
"eduserv.org.uk",". This time, it"," has","  consequences"
"hm-treasury.gov.uk","and Skills"," has","  information"
"number-10.gov.uk","'' we heard yous"," has","  bin  givin '' him"
"users.ox.ac.uk","parties. This"," has","  consequences"
"manchesteronline.co.uk","'' we heard yous"," has","  bin  givin '' him"
"art-sx.co.uk","upon you, and"," has","  sympathy  with"
"richmond.ac.uk","takeovers and"," has","  banking"
"vts.rdn.ac.uk","or if the user"," has","  graphics"
"leeds.gov.uk",". The miner"," has","  none  of these."
"cnetwork.co.uk","blind Mole"," has","  run--ha  !"
"centrica.co.uk","''s - birth,"," has","  something  of"
"lists.grok.org.uk","that she"," has","  issues  about"
"lists.grok.org.uk","as though she"," has","  issues  and is"
"durham21.co.uk","bases). It"," has","  funding  from"
"forum.anothersite.co.uk","centres. It"," has","  funding  from"
"discuss.pressgazette.co.uk","and"," has","  titles  in two"
"pparc.ac.uk","8 December, he"," has","  weapons  of"
"pparc.ac.uk","n''t believe he"," has","  weapons  of"
"pparc.ac.uk","that he"," has","  weapons  of"
"pparc.ac.uk","is because he"," has","  weapons  of"
"thehistorychannel.co.uk","of cookery. It"," has","  recipes  and"
"spartacus.schoolnet.co.uk",", ICI Paints"," has","  openings  in"
"phgu.org.uk","same time she"," has","  moments  , and"
"allotment.org.uk","algebra"," has","  difficulty"
"dfid.gov.uk","Primorac"," has","  degrees  from"
"newswales.co.uk","Centre"," has","  resources  for"
"mygen.co.uk","but it"," has","  consequences"
"cf.ac.uk","that his idol"," has","  feet  of clay."
"netlawman.co.uk","concepts"," has","  relevance"
"janus.lib.cam.ac.uk","and"," has","  banking"
"patent.gov.uk","completely"," has","  truth  at last"
"dur.ac.uk","whom everyone"," has","  sympathy  ,"
"domino.lancs.ac.uk","in the country"," has","  cars  parked"
"leeds.gov.uk","in Wyoming. He"," has","  access  to over"
"justkampers.co.uk","Three wheeler"," has","  tilt  at the big"
"justkampers.co.uk","Three wheeler"," has","  tilt  at the big"
"hants.gov.uk","''s day? Boots"," has","  everything"
"birdtours.co.uk",". It also"," has","  relevance  for"
"birdtours.co.uk","Mulcahy which"," has","  layers  of"
"soi.city.ac.uk",". This TV"," has","  per-input"
"soi.city.ac.uk",""" setting -"," has","  colours  that"
"jr2.ox.ac.uk","facility"," has","  equipment  to"
"heacademy.ac.uk","CSA now"," has","  coverage"
"thegoodwebguide.co.uk","that the novel"," has","  attributes"
"wessexscene.co.uk","Post subject:"," Has","  anyone  had"
"dooyoo.co.uk","the employee"," has",""
"socialistunitynetwork.co.uk","of £4000. It"," has","  room  for about"
"dooyoo.co.uk","website also"," has","  pages  for"
"geos.ed.ac.uk","be minimal."," Has","  anyone  ever"
"archive.food.gov.uk",", if he really"," has","  anything  to do"
"bitc.org.uk",". This finding"," has","  implications"
"sundaymail.co.uk","which it"," has","  policy  on. It"
"bucksfreepress.co.uk","chemicals and"," has","  manganese  and"
"bbc.co.uk","long as Africa"," has","  nothing  but"
"ess.uwe.ac.uk","patient who"," has",""
"domino.lancs.ac.uk","the morning,"," has","  kalaloo  and"
"bized.ac.uk","Airforce base"," has","  runways  still"
"tate.org.uk",". The site also"," has","  tips  on how to"
"policyhub.gov.uk",". It also"," has","  risks  - the"
"lse.ac.uk",", Missouri, it"," has","  everything  we"
"lse.ac.uk",", Missouri, it"," has","  everything  we"
"photo-i.co.uk","cats, but that"," has","  nothing  to do,"
"spartacus.schoolnet.co.uk","of the issues."," Has","  anyone  taken"
"wateraid.org.uk","Workers Party"," has","  bases  in Iraq."
"wateraid.org.uk","United States"," has","  troops"
"tate.org.uk","Telford. He"," has","  problems"
"tate.org.uk",". And this one"," has","  plenty  of"
"hm-treasury.gov.uk",". She"," has","  experience"
"watford3r-pct.nhs.uk","historically"," has","  â  ? ?turned its"
"english-heritage.org.uk","the farm still"," has","  cattle  , the"
"english-heritage.org.uk","and now"," has","  areas  of"
"netlawman.co.uk","glass roof but"," has","  trouble"
"history.ac.uk","Ministers"," has",""
"patent.gov.uk","main page"," has","  twenty-one"
"cain.ulst.ac.uk",", etc. It also"," has","  material  on"
"cain.ulst.ac.uk","that A"," has",""
"cain.ulst.ac.uk","if the boss"," has","  reasons  to"
"cain.ulst.ac.uk","the keyboard"," has","  features  or"
"burnyourbonus.co.uk","''Chilcombe ''"," has","  lavender  blue"
"ysbl.york.ac.uk","","has",""
"ysbl.york.ac.uk","Chancellor"," has","  power  under"
"ysbl.york.ac.uk","Chancellor"," has","  power  under"
"cs.bham.ac.uk","the Committee"," has","  access  to all"
"number-10.gov.uk","now. In PS 7,"," has","  anyone  had a"
"tate.org.uk",". He also"," has","  use  of a £2.1"
"sanger.ac.uk","about the OFT)"," has","  effect  . (4) In"
"sanger.ac.uk","the Tribunal)"," has","  effect  . The"
"sanger.ac.uk","the Service)"," has","  effect  ."
"sanger.ac.uk",") This section"," has","  effect"
"sanger.ac.uk","enforcement)"," has","  effect  . Top"
"sanger.ac.uk","the rules)"," has","  effect  , but"
"sanger.ac.uk","the Tribunal)"," has","  effect  . PART 3"
"cabe.org.uk",". Music Notes"," has","  soundtrack"
"cabe.org.uk","on the Web"," has","  lots  of CD"
"passiondiscs.co.uk","patient who"," has",""
"fortunecity.co.uk","website also"," has","  summaries  of"
"fortunecity.co.uk","probably"," has","  something  to"
"televisionheaven.co.uk","of God, who"," has","  authority"
"defra.gov.uk","Mortgage spam"," has","  finance  laws."
"defra.gov.uk","laws. Porn"," has","  obscenity"
"cheng.cam.ac.uk","say Saddam"," has","  weapons  of"
"bucksfreepress.co.uk","of York"," has",""
"casi.org.uk",". Berethor"," has","  sword  skills"
"casi.org.uk","warrior also"," has","  melee  attacks"
"cnetwork.co.uk",". The site"," has","  information"
"cnetwork.co.uk","style that"," has","  audiences  of"
"cygnus-books.co.uk","until he"," has","  inspectors  on"
"mhra.org.uk",". uk). The lab"," has","  interactions"
"unixhelp.ed.ac.uk","as Fevvers who"," has","  wings  and"
"unixhelp.ed.ac.uk","and every line"," has","  meaning  . It is"
"teentoday.co.uk","film, Besson"," has","  everything"
"excite.co.uk","the manual?"," Has","  anyone"
"excite.co.uk","reminds me,"," has","  anyone  else"
"excite.co.uk","! This machine"," has","  trouble"
"sundaymail.co.uk","one as Boucher"," has","  th  '' Union to"
"athelstane.co.uk","university"," has","  class  this"
"ff1600.co.uk","the tropics or"," has","  access  to the"
"pcanswers.co.uk",". This"," has","  implications"
"southbucks.gov.uk","disease also"," has","  effects  on"
"users.ox.ac.uk",". Site also"," has","  ecards  ,"
"spartacus.schoolnet.co.uk","two patients"," has","  pain  at the"
"penguinclassics.co.uk",". She"," has",""
"irr.org.uk",", the Society"," has","  contact  with"
"cpgb.org.uk","help you, and"," has","  nothing  to do"
"ariadne.ac.uk",". Sitepoint"," has","  sections  on"
"casi.org.uk","community"," has","  weapons"
"asd.co.uk","living being"," has","  wishes  ,"
"classic-literature.co.uk","firm that"," has","  agreements  to"
"shop.earthscan.co.uk","as Fevvers who"," has","  wings  and"
"shop.earthscan.co.uk","and every line"," has","  meaning  . It is"
"tiscali.co.uk",", and"," has","  plenty  of"
"inminds.co.uk","here. And that"," has","  nothing  to do"
"i-sis.org.uk",". carpathicum"," has","  yellow  tipped"
"seniorsnetwork.co.uk","hearts; but it"," has","  burst  like"
"soi.city.ac.uk",". The parser"," has","  callbacks  for"
"ff1600.co.uk","website also"," has","  details  of"
"union.ic.ac.uk",". UKRO also"," has","  offices  in"
"union.ic.ac.uk","States, COS"," has","  customers  in"
"cpgb.org.uk","the SWP"," has","  nothing  to say"
"irr.org.uk","? Each section"," has","  explanations"
"socialistunitynetwork.co.uk","in London and"," has","  lots  of useful"
"cygnus-books.co.uk","each option?"," Has","  sensitivity"
"socialistunitynetwork.co.uk","workforce. It"," has","  alot  of"
"www2.thny.bbc.co.uk","else; now it"," has","  chain  stories"
"bnp.org.uk","this year,"," has","  information"
"bnp.org.uk",". Once Saddam"," has","  weapons  of"
"pocket-lint.co.uk",". Hot Lingo"," has","  applet"
"pocket-lint.co.uk","other hand,"," has","  nothing  to"
"pocket-lint.co.uk","thumbnails it"," has","  today  . In 2002"
"domino.lancs.ac.uk","that everyone"," has","  access  to the"
"passiondiscs.co.uk","Party)"," has","  thousands  of"
"passiondiscs.co.uk","agreement"," has","  nothing  to do"
"domino.lancs.ac.uk","Paris"," has","  something  for"
"moviemail-online.co.uk","Fawcett still"," has","  concerns  that"
"socialistunitynetwork.co.uk","Act"," has","  restrictions"
"vts.rdn.ac.uk","this category"," has","  something  of a"
"classic-literature.co.uk",", your life"," has","  nothing  to do"
"classic-literature.co.uk",". And your life"," has","  nothing  to do"
"classic-literature.co.uk","that your life"," has","  nothing  to do"
"irr.org.uk","that Iraq"," has","  something  to"
"big-brother.me.uk","and feel? How"," has","  pattern  been"
"domino.lancs.ac.uk",", The Sun)"," has","  interests"
"bl.uk","SAT maths. It"," has","  soe  basic"
"inminds.co.uk","to read, it"," has","  tears  and"
"inminds.co.uk",", as he"," has","  reason  to"
"inminds.co.uk","Year 7"," Has","  anyone  had the"
"inminds.co.uk","is great as it"," has","  fantasy  ,"
"inminds.co.uk",". It also"," has","  something  in"
"nottingham.ac.uk",". (Although it"," has","  answers  for"
"janus.lib.cam.ac.uk","Route 1"," has",""
"poole.gov.uk","sense the term"," has","  similarities"
"poole.gov.uk","work earlier"," has","  nothing  to do"
"poole.gov.uk","than one that"," has","  anything  to do"
"chem.ox.ac.uk","Moscow, which"," has","  veto  power in"
"chem.ox.ac.uk","paper says it"," has",""
"classic-literature.co.uk","days someone"," has","  pain  is large."
"defra.gov.uk","pride"," has","  something  to"
"defra.gov.uk",". It also"," has","  links  to"
"bitc.org.uk","ploy, which"," has","  nothing  to do"
"discuss.pressgazette.co.uk","Explorer now"," has","  add-on"
"projects.ex.ac.uk","and"," has","  access  to"
"fortunecity.co.uk",". Its website"," has","  information"
"i-sis.org.uk","system, but"," has","  links  to other"
"tech.plym.ac.uk",". Each walk"," has","  points  of"
"allotment.org.uk","(Spain"," has","  seven-member"
"allotment.org.uk",", Finland"," has",""
"defra.gov.uk",""" one of them"," has","  difficulty"
"gnn.gov.uk","from and she"," has","  lots  of family"
"sport.guardian.co.uk","site is fun,"," has","  reviews  of a"
"domino.lancs.ac.uk",""" aspect"," has","  nothing  to do"
"soulwalking.co.uk","expedition."," Has","  nose  the same"
"pcanswers.co.uk",""", "" it"," has","  people  in it"
"discuss.pressgazette.co.uk","the filter."," Has","  anybody  else"
"classic-literature.co.uk",". No one"," has","  time  to be"
"observer.guardian.co.uk","TopUp TV and"," has","  EPG  Hard Disk:"
"bjhc.co.uk","at 900MHz,"," has","  512MB  of"
"capita.co.uk","hardware and"," has","  OS  ,"
"chat.dailymail.co.uk",". be/"," has","  links  to"
"netdoctor.co.uk",", Saddam now"," has","  everything"
"number-10.gov.uk",". This"," has","  importance"
"news.zdnet.co.uk","scale"," has","  divisions"
"news.zdnet.co.uk","or chart that"," has","  latitude  and"
"theregister.co.uk","we know that"," has","  weapons  of"
"skuds.co.uk","of 86,000"," has","  bank  deposits"
"spartacus.schoolnet.co.uk","Ireland,"," has","  plenty  of"
"sport.guardian.co.uk","span now"," has","  access  to very"
"sport.guardian.co.uk",": not everyone"," has","  highband"
"bjhc.co.uk","before hand."," Has","  anybody  tried"
"socialistunitynetwork.co.uk","the 1990s. It"," has","  planning"
"janus.lib.cam.ac.uk",", the Brit"," has","  freedom  or"
"number-10.gov.uk","people, but"," has","  ambitions  to"
"skuds.co.uk","(Danio rerio)"," has","  blood  , kidney"
"hud.ac.uk","and what it"," has","  cost  , the"
"undiscoveredscotland.co.uk","of film that"," has","  cult  classic"
"visitsouthwest.co.uk","which"," has","  ru  ... Dame"
"business.guardian.co.uk","), '' which"," has","  samples  from"
"cygnus-books.co.uk","then China"," has","  factories  of"
"cygnus-books.co.uk","of scale that"," has","  nothing  to do"
"ess.uwe.ac.uk","''s new album"," has","  recordings  of"
"users.ox.ac.uk",". Appendix B"," has","  shop  layout"
"athelstane.co.uk","days to tell."," Has","  anyone  else"
"athelstane.co.uk","- hope it"," has","  bluetooth  ,"
"spartacus.schoolnet.co.uk",", the music"," has","  touches  of"
"iwar.org.uk","in Broadway"," has","  inglenook"
"iwar.org.uk","in Broadway"," has","  inglenook"
"televisionheaven.co.uk","foot). This"," has","  implications"
"nwda.co.uk","on top of it all"," has","  quiche  ready"
"nwda.co.uk","good and evil."," Has","  santa  been"
"history.ac.uk","of the issue"," has","  features  on"
"riversidestudios.co.uk","Plan."," Has","  anyone  gone"
"riversidestudios.co.uk","this route?"," Has","  anyone  the"
"heacademy.ac.uk","sure the room"," has","  everything"
"holdthefrontpage.co.uk","and already"," has","  street  cred."
"computerarts.co.uk",", I thought, it"," has","  nothing  to do"
"psigate.ac.uk","small bowel"," has","  ''villi  '',"
"forum.digitalspy.co.uk","to be asked -"," has","  imperialism"
"visitsouthwest.co.uk",""" once again"," has","  resonance  ."
"netribution.co.uk","has grown."," Has","  imperialism"
"publications.parliament.uk","of thought"," has","  merit  ,"
"spamfo.co.uk","on this chart"," has","  promontories"
"holdthefrontpage.co.uk","like the BBC"," has","  EastEnders  we"
"tandf.co.uk","line. This"," has","  glycogen"
"rhs.org.uk","Commission"," has","  members  all"
"projects.ex.ac.uk",": Doug"," has","  trouble  with"
"projects.ex.ac.uk","Andrew)"," has","  trouble  with"
"projects.ex.ac.uk","boys; Adrian"," has","  trouble  with a"
"jr2.ox.ac.uk","everyone"," has","  access  to safe"
"jr2.ox.ac.uk","everyone"," has","  access  to safe"
"cd.ciao.co.uk","since culture"," has","  direction  ,"
"janus.lib.cam.ac.uk","column,"," has","  problems  of"
"janus.lib.cam.ac.uk","only Compact"," has","  actress"
"janus.lib.cam.ac.uk","hands. Mike"," has","  problems  also"
"fishandfly.co.uk","every ward"," has","  access  to"
"bnp.org.uk","posts? My Post"," has","  words"
"bnp.org.uk","to top My Post"," has","  words"
"transglobal-aerospace.co.uk",". Unmovic"," has","  information"
"transglobal-aerospace.co.uk",". North Korea"," has","  hundreds  of"
"shop.earthscan.co.uk","Which not only"," has","  nothing  to do"
"shop.earthscan.co.uk",". The set"," has","  pieces"
"york.ac.uk","DVD which"," has","  loads  of"
"mfiles.co.uk","inevitably it"," has","  implications"
"eoc-law.org.uk",". Or if anyone"," has","  suggestions  ,"
"bized.ac.uk","property. He"," has","  experience  in"
"business.guardian.co.uk","The CBI"," has","  today  ("
"wdm.org.uk","for anyone who"," has","  pain  of any"
"cpgb.org.uk","courseware"," has",""
"hants.gov.uk","of your work"," has","  value  , you can"
"eoc-law.org.uk","GFM"," has",""
"tech.plym.ac.uk","Jewels site"," has","  material  for"
"kierenmccarthy.co.uk","our socialism"," has","  nothing  in"
"essex.ac.uk","AM Rachel"," Has","  anyone  read"
"wessexscene.co.uk","intro Billy"," has","  ''the  sporting"
"dur.ac.uk","disabled unit"," has","  wheelchair"
"bupa.co.uk","the person who"," has","  everything  ."
"shop.earthscan.co.uk",", i think it"," has","  something  to"
"projects.ex.ac.uk","that the thing"," has","  shape  . A great"
"union.ic.ac.uk","once noted, it"," has","  nothing  to do"
"mtv.co.uk",""". Jan also"," has","  pages  for"
"casi.org.uk","of newspaper"," has","  anything  to do"
"english-heritage.org.uk",". com only"," has","  eyes  for"
"casi.org.uk","Unix client"," has","  entries  in its"
"netribution.co.uk","debt. This"," has","  nothing  to do"
"brianmac.demon.co.uk",". This fight"," has","  nothing  to do"
"chester.ac.uk","? ? London"," has","  things  like"
"orangeprize.co.uk","site - it"," has","  ratings  and"
"televisionheaven.co.uk","University"," has","  on-campus"
"ariadne.ac.uk","who already"," has","  flu  is comes"
"painsupport.co.uk",". If file"," has","  extension  ."
"english-heritage.org.uk",") A good leader"," has","  followers  ."
"projects.ex.ac.uk",", I believe it"," has","  elements  of or"
"pcanswers.co.uk","this category"," has","  something  of a"
"richmond.ac.uk",". The unit also"," has","  hardware"
"seniorsnetwork.co.uk","The link below"," has","  details  of the"
"earthfirst.org.uk","arises God"," has","  wisdom  to"
"qub.ac.uk","that this"," has","  advantages"
"bubl.ac.uk","everyone"," has","  access  to"
"bjhc.co.uk","fire, that he"," has","  thunderbolts"
"bjhc.co.uk","","has","  access  to all"
"birdtours.co.uk","undoubtably"," has","  charisma  and"
"food.gov.uk","If your school"," has","  speed  issues,"
"psigate.ac.uk",", romantic: it"," has","  everything"
"bjhc.co.uk","South Bucks"," has","  twelve"
"physiol.ox.ac.uk","the Nikon 7600"," has","  plenty  of"
"business.guardian.co.uk","to which it"," has","  title  . 14."
"ff1600.co.uk","? Well, Salon"," has","  feature  on the"
"eatwell.gov.uk",". None of them"," has","  email"
"eatwell.gov.uk","Derbyshire UK"," has","  descriptions"
"eatwell.gov.uk","Ancestor site"," has","  maps  from the"
"eatwell.gov.uk","Homepage"," has","  information"
"eatwell.gov.uk","the ages."," Has","  images  to"
"undiscoveredscotland.co.uk",". "" He already"," has","  missiles"
"photo-i.co.uk",", the INM"," has","  access  to ten"
"ff1600.co.uk","word maitri"," has","  roots  in the"
"ff1600.co.uk",". If your love"," has","  attachment  ,"
"radioandtelly.co.uk","This US site"," has","  masses  of"
"televisionheaven.co.uk","year. Parents"," has","  articles  and"
"imperial.ac.uk","), each recipe"," has","  reviews  and"
"spartacus.schoolnet.co.uk","rev range and"," has","  plenty  of"
"ess.uwe.ac.uk","Civic Centre"," has","  interview"
"visitsouthwest.co.uk",". Never"," has","  equality  been"
"cf.ac.uk","get them and"," has","  facilities"
"brianmac.demon.co.uk","This language"," has","  features  used"
"developments.org.uk","221-day epic (","has","  anyone  ever"
"nationalschool.gov.uk","But his speech"," has","  power  and even"
"netribution.co.uk","format also"," has","  issues  , such"
"forums.ebay.co.uk","Ukaturaka. He"," has","  crocodile"
"acca.co.uk","and paid for"," has","  implications"
"socialistunitynetwork.co.uk","records,"," has","  examples  of"
"netdoctor.co.uk","this role? How"," has","  support  grown"
"cheng.cam.ac.uk","it no longer"," has","  control  of"
"lists.grok.org.uk","Ireland. It"," has","  links  to"
"kwintessential.co.uk","Road, which"," has","  plans  to"
"kwintessential.co.uk","crashed. Nor"," has",""
"ucl.ac.uk",". This work"," has","  implications"
"undiscoveredscotland.co.uk","Zire, the 72,"," has","  features  to"
"undiscoveredscotland.co.uk","if Panasonic"," has","  anything  to"
"fishandfly.co.uk","alike. Each"," has","  something"
"seachest.co.uk","gametes,"," has","  implications"
"burnyourbonus.co.uk",", esp. when it"," has","  beeome"
"visitsouthwest.co.uk","in the review"," has","  function"
"acegamez.co.uk",". The group"," has","  attendees"
"acegamez.co.uk",", which"," has","  offices  in"
"conted.ox.ac.uk","Vasco Da Gama"," has","  vaseline  and"
"conted.ox.ac.uk","Heyerdaal"," has","  nothing  named"
"roadrunnerrecords.co.uk",", though it"," has","  elements  of"
"videoforums.co.uk","knows that he"," has","  charm  , but at"
"casi.org.uk","fantasy that"," has","  Sleeping"
"holdthefrontpage.co.uk","'' that Baghdad"," has","  links  with Al"
"presentationhelper.co.uk","England. This"," has","  similarities"
"richmond.gov.uk","a mother that"," has","  faults  . She is"
"soulwalking.co.uk","couples today"," has","  difficulty  in"
"futurelab.org.uk",", which"," has","  jurisdiction"
"tech.plym.ac.uk","the CSOP"," has","  control  and"
"tech.plym.ac.uk","one of the two"," has","  control  of the"
"tech.plym.ac.uk","and the scheme"," has","  Revenue"
"forum.anothersite.co.uk","couples today"," has","  difficulty  in"
"ippr.org.uk","the public"," has","  confidence  ."
"computerarts.co.uk","and one of them"," has","  acupuncture  ,"
"brad.ac.uk","room now"," has","  poems  and"
"burnyourbonus.co.uk","H ome Page; he"," has","  access  to"
"greenparty.org.uk","it, but rather"," has","  properties"
"mailman.ic.ac.uk","which also"," has","  support  in"
"dur.ac.uk","a legacy which"," has","  long-since"
"casi.org.uk","campism only"," has","  meaning  if you"
"action-tv.org.uk",", which"," has","  offices  in 109"
"netribution.co.uk","there, Jack"," has","  lots  of"
"bfi.org.uk:8080",". Stalagmite"," has","  climate"
"business.guardian.co.uk","Path which"," has","  nothing  sexy"
"darlington.gov.uk",". DCMS"," has","  policy"
"uklug.co.uk","that the Xbox"," has","  drope  in price"
"www2.thny.bbc.co.uk","new proposal"," has","  nothing  to do"
"taxfreegold.co.uk","Vision"," has","  today  (25"
"thegoodwebguide.co.uk",", '' she said,?"," has","  nothing  to do"
"tech.plym.ac.uk","that he still"," has","  faith  in that"
"observer.guardian.co.uk","Email Systems"," has","  offices  in the"
"kwintessential.co.uk","etc, so"," has","  anyone  got any"
"patp3.webbler.co.uk","Seven Thomas"," has","  guest  starred"
"incore.ulst.ac.uk","everyone"," has","  concern  , and"
"pocket-lint.co.uk","Branagh,"," has","  epilepsy  and"
"iwar.org.uk","things up; he"," has","  plenty  of"
"iwar.org.uk","character,"," has","  lots  of points"
"refer.nhs.uk","! I know he"," has","  talent  , and"
"bjhc.co.uk",". It"," has",""
"bjhc.co.uk","issues,"," has","  power  to call"
"history.ac.uk","Satin, which"," has","  product"
"nmm.ac.uk","proceedings)"," has","  effect  . (2)"
"inminds.co.uk",". NHS Direct"," has","  maps  ,"
"dvdtimes.co.uk","Julie Mayer"," has","  guest  starred"
"rhs.org.uk","Gosney also"," has","  titles"
"rhs.org.uk","centre"," has","  rest  room"
"pressies4princesses.co.uk","Furneaux"," has","  something  to"
"pressies4princesses.co.uk","Cressida, who"," has","  plans  for his"
"foe.co.uk",". If the host"," has","  children  take"
"news.zdnet.co.uk","nylon which"," has","  memory  . If you"
"durham21.co.uk",". I ''m sure it"," has","  something  to"
"cpgb.org.uk","to undertake"," HAS","  training  was"
"cpgb.org.uk","1996. The"," HAS","  training"
"cpgb.org.uk","programmes of"," HAS","  training"
"cpgb.org.uk","a specific"," HAS","  training"
"cpgb.org.uk","are achieving"," HAS","  scores  of more"
"cpgb.org.uk","at the recent"," HAS","  training"
"cpgb.org.uk","low"," HAS","  scores  One of"
"cpgb.org.uk","part of the OVS"," HAS","  training"
"youngminds.org.uk","that Sustrans"," has","  vandalised-"
"qub.ac.uk",". As such, it"," has","  nothing  to"
"passiondiscs.co.uk","you there and"," has","  something  for"
"guardian.co.uk","her very own:"," Has","  Anybody  Here"
"cgi.ebay.co.uk","Archives"," has","  details  of"
"penguinclassics.co.uk",", and he"," has","  links  to the"
"enm.bris.ac.uk","Four"," has","  plenty  of bits"
"kingston.gov.uk","New Scientist"," has","  lots  of good"
"tdwaterhouse.co.uk",". (Linux libc5"," has","  Z  with this"
"netlawman.co.uk","a two day"," HAS","  training"
"gimbo.org.uk","! ! ! This book"," has","  everything  in"
"brad.ac.uk","or a captain he"," has","  nothing"
"defra.gov.uk","each player"," has","  preferences"
"defra.gov.uk","and"," has","  relevance  to"
"ncl.ac.uk","Ming said: "" He"," has","  warmth  and a"
"lse.ac.uk","Course Tutor"," has",""
"poole.gov.uk",". While the UK"," has","  sites  known as"
"crystal.dircon.co.uk","the liquid"," has","  sort  of become"
"crystal.dircon.co.uk","the ocean. It"," has","  everything  in"
"rvc.ac.uk","and through,"," has","  ships"
"wdm.org.uk","& Ride site"," has","  planning"
"lse.ac.uk","","has","  car  problems"
"bubl.ac.uk","QRMP system"," has","  map  size (24 """
"cpgb.org.uk","whose wife"," has","  dementia  , to"
"visitsouthwest.co.uk","kit"," has","  everything"
"greenparty.org.uk",". Branson"," has","  plans  to"
"chat.dailymail.co.uk",""" or one who"," has","  authority  in"
"spartacus.schoolnet.co.uk",", Symantec"," has","  operations  in"
"shop.earthscan.co.uk",". Chester"," has","  miles  and"
"shop.earthscan.co.uk",". Chester"," has","  miles  and"
"shop.earthscan.co.uk","railway"," has","  nothing  to do"
"pparc.ac.uk","the other side"," has","  rights  too. So"
"wateraid.org.uk","its budgets,"," has","  elections"
"cygnus-books.co.uk","Ian Johnson:"," Has","  city  ''s"
"cygnus-books.co.uk","government"," has","  rubber"
"cygnus-books.co.uk","","has","  asthma  (in the"
"nmm.ac.uk",", DFID"," has","  rights  and"
"forums.multiplay.co.uk","series. It"," has","  pace  and wit,"
"genuki.org.uk",", and the city"," has","  cane"
"developments.org.uk","of Lords that"," has","  people  drawn"
"newswales.co.uk","Networks"," has","  offices  in"
"ff1600.co.uk","that Judaism"," has","  problems  (of a"
"ff1600.co.uk","worse). This"," has","  nothing  to do"
"socialistunitynetwork.co.uk",". The port"," has","  facilities"
"orangeprize.co.uk",". ac. uk who"," has","  registration"
"cygnus-books.co.uk","). This book"," has","  advice  on"
"sundaymail.co.uk","same flat but"," has","  number  "" 54 "" on"
"ruralgateway.org.uk","range, it"," has",""
"brad.ac.uk","hit. It also"," has","  target"
"prospect-magazine.co.uk","room already"," has","  air  bricks"
"stalbans.gov.uk","your problem"," has","  anything  with"
"reviewing.co.uk","region. It"," has","  leaves  in"
"brianmac.demon.co.uk","anyone who"," has","  access  to a"
"guardian.co.uk","region"," has","  temperatures"
"guardian.co.uk","The Guban area"," has","  broadleaf"
"projects.ex.ac.uk","machine still"," has","  water  left in"
"penguinclassics.co.uk","Almanac still"," has","  972m  ; the new"
"york.ac.uk","by: jolidoo"," Has","  anybody"
"york.ac.uk","by: jolidoo"," Has","  anybody"
"york.ac.uk","do it for me."," Has","  anyone  ever"
"southbucks.gov.uk","division that"," has",""
"mtv.co.uk","site"," has","  details  and"
"phrases.org.uk","not everyone"," has","  access  to"
"cheng.cam.ac.uk",", the Circle"," has","  part  funded"
"neptunepinkfloyd.co.uk",". Each weapon"," has","  stats"
"mqmagazine.co.uk",". The website"," has","  sections  on"
"i-sis.org.uk","world. ELSIN"," has","  delegates  who"
"number-10.gov.uk","the horse"," has","  sense  enough"
"number-10.gov.uk","doubtless she"," has","  friends  . ''"
"action-tv.org.uk",". This clearly"," has","  relationship"
"rhs.org.uk",". The team"," has","  strength  in"
"nhs.uk","is going on?"," Has","  integration"
"cnetwork.co.uk","department"," has",""
"cnetwork.co.uk","also"," has","  functions  in"
"ich.ucl.ac.uk","that John now"," has","  self-doubt"
"eoc-law.org.uk","authorities,"," has","  implications"
"acegamez.co.uk","on. Maybe it"," has","  something  to"
"acegamez.co.uk","nicely and"," has","  pace  ,"
"seniorsnetwork.co.uk","of a bridge"," has","  amnesia  , and"
"seniorsnetwork.co.uk","everyone"," has","  everything"
"manchesteronline.co.uk","history"," has","  approval  to"
"kierenmccarthy.co.uk","is whether PXS"," has","  anything  of"
"psigate.ac.uk","This site also"," has","  practice"
"neptunepinkfloyd.co.uk","("" Capita "")"," has","  today  (15"
"chester.ac.uk","history and"," has","  articles  on"
"netribution.co.uk","the Minister"," has","  time  when he"
"nwda.co.uk",". The UK still"," has","  plenty  of coal"
"jr2.ox.ac.uk","work that"," has","  nothing  to do"
"spamfo.co.uk","stuff, but"," has","  anyone  else"
"cain.ulst.ac.uk","by ramps and"," has","  seats  along"
"gtce.org.uk","the Council"," has","  powers  , or"
"rafmarham.co.uk",". Raytheon"," has","  thousands  of"
"passiondiscs.co.uk",", but it"," has","  nothing  to do"
"business.guardian.co.uk","a month). This"," has",""
"news.cnet.co.uk","may be, it"," has","  implications"
"cain.ulst.ac.uk","and Albion"," has","  hills  and"
"bjhc.co.uk","website"," has","  information"
"www-jcsu.jesus.cam.ac.uk","''Purple Stem ''"," has","  purple-pink"
"publications.parliament.uk","operator"," has","  operands  of"
"bay-c.co.uk","immensely and"," has","  palaces  and"
"ariadne.ac.uk","problem"," has","  nothing  to do"
"futurelab.org.uk",", I thought, it"," has","  nothing  to do"
"ariadne.ac.uk","everyone"," has","  access  to safe"
"brianmac.demon.co.uk",", but"," has","  experience  of"
"cain.ulst.ac.uk","always is,"," has","  everything"
"ucisa.ac.uk","business"," has","  insurance"
"netlawman.co.uk",". The ICTY"," has","  jurisdiction"
"cain.ulst.ac.uk","an employee"," has","  share  options"
"rhs.org.uk","historically"," has","  â  ? ?turned its"
"burnyourbonus.co.uk","armed forces"," has","  s/  he used the"
"cpgb.org.uk","her age. So why"," has","  pianist  ,"
"fantasticfiction.co.uk","of oil prices"," has","  analysts  and"
"city.ac.uk","a Commander"," has","  authority  and"
"newswales.co.uk","everyone"," has","  access  to"
"justkampers.co.uk","Lector"," has","  nothing  on"
"cygnus-books.co.uk","spring. It"," has","  clusters  of"
"cygnus-books.co.uk","'' AGM"," has","  leaves  with"
"defra.gov.uk","his forties,"," has","  diabetes  and"
"defra.gov.uk","an excuse -- he"," has","  diabetes  so he"
"undiscoveredscotland.co.uk","computers and"," has","  loads  of nifty"
"moviemail-online.co.uk","no one here who"," has","  reverence  for"
"wdm.org.uk","office? ..."," has",""
"somethingjewish.co.uk","a BNP council"," has","  control  of"
"skuds.co.uk","that"," has",""
"cf.ac.uk","already"," has","  support"
"cf.ac.uk",". Now the group"," has","  funding  from"
"bl.uk","a thought that"," has","  ''I  , '' ''me, '' or"
"durham21.co.uk","everyone"," has","  access  to safe"
"mfiles.co.uk",", the AHDS"," has","  mechanisms  in"
"femalefirst.co.uk","NBS websites"," has","  sections"
"cpgb.org.uk",". David Nooney"," has",""
"cpgb.org.uk","Group"," has","  access  to"
"heacademy.ac.uk","which"," has","  nothing  to do"
"ess.uwe.ac.uk","and whether he"," has","  plans  to amend"
"eatwell.gov.uk","may be 29, but"," has","  bags  of"
"bearskinrug.co.uk","persona. He"," has","  charisma  and"
"nta.nhs.uk","under Saddam"," has","  blood  on his"
"kwintessential.co.uk","Swedes Rio"," has","  faith  in"
"i-sis.org.uk","show that Iraq"," has","  links  with"
"televisionheaven.co.uk","director, who"," has","  problems  with"
"snow-line.co.uk",", a person"," has","  notice  of the"
"snow-line.co.uk",", a person"," has","  notice  of the"
"snow-line.co.uk","if he"," has","  notice-  (a) of"
"snow-line.co.uk",", a person"," has","  notice  of the"
"snow-line.co.uk","if he"," has","  notice-  (a) of"
"snow-line.co.uk","time, a person"," has","  notice  of the"
"snow-line.co.uk","if he"," has","  notice-  (a)"
"snow-line.co.uk","), a person"," has","  notice  of the"
"snow-line.co.uk","if he"," has","  notice-  (a) of"
"snow-line.co.uk",", a person"," has","  notice  of the"
"snow-line.co.uk",", a person"," has","  notice  of the"
"snow-line.co.uk","if he"," has","  notice-  (a) of"
"snow-line.co.uk",", a person"," has","  notice  of the"
"snow-line.co.uk","if he"," has","  notice-  (a) of"
"snow-line.co.uk","time, a person"," has","  notice  of the"
"snow-line.co.uk","if he"," has","  notice-  (a)"
"rhs.org.uk","that Judaism"," has","  something  to"
"number-10.gov.uk","asylum seeker"," has","  throat  cut 1"
"netdoctor.co.uk","phones in Iraq"," has","  nothing  to do"
"patent.gov.uk","points Torque"," has","  flashbacks  ,"
"dfid.gov.uk",". This site"," has","  information"
"dfid.gov.uk",". Reading-Now"," has","  resources  for"
"dfid.gov.uk",". The site"," has","  links  to"
"dfid.gov.uk",". Hot Lingo"," has","  applet"
"inminds.co.uk",", DC, USA and"," has","  thousands  of"
"ucisa.ac.uk","the desert. It"," has","  none  of the"
"wdm.org.uk","March, and"," has","  support  from"
"mqmagazine.co.uk","really help."," Has","  anyone  seen a"
"paulflynnmp.co.uk","whether he"," has","  permission  or"
"sitcom.co.uk","as a Nun aside,"," has","  anyone  ever"
"defra.gov.uk","level the S4"," has","  staff"
"defra.gov.uk","level the S4"," has","  staff"
"le.ac.uk","* Rumsfeld"," has","  doubts  about"
"fantasticfiction.co.uk","the map, but it"," has","  links  to"
"fantasticfiction.co.uk","Pioneers"," has","  accounts  of"
"futuremovies.co.uk","Scotland."," Has","  everybody"
"spartacus.schoolnet.co.uk","printer"," has","  print  speeds"
"nmm.ac.uk","website also"," has","  summaries  of a"
"futuremovies.co.uk","B? rse prize"," has","  something  to"
"futuremovies.co.uk","prize"," has","  something  to"
"developments.org.uk","which"," has","  effect  in"
"developments.org.uk","which"," has","  effect  only in"
"euro.gov.uk","you. If he"," has","  knowledge  of"
"users.ox.ac.uk",", Mr Logan"," has","  plenty  of"
"users.ox.ac.uk",", Mr Logan"," has","  plenty  of"
"rejesus.co.uk","University"," has","  schemes  of"
"euro.gov.uk",", which in turn"," has",""
"euro.gov.uk",", but if it"," has","  suspicions"
"pcanswers.co.uk","Yet, each also"," has","  stories  of"
"undiscoveredscotland.co.uk",". It also"," has",""
"casi.org.uk",". The subject"," has","  something  of"
"casi.org.uk","present bill"," has","  intimations"
"undiscoveredscotland.co.uk","he still"," has","  connections"
"undiscoveredscotland.co.uk",". The congress"," has","  operatives"
"undiscoveredscotland.co.uk","My little girl"," has","  leukemia  , """
"eatwell.gov.uk","of ''he who"," has","  ears  , let him"
"mqmagazine.co.uk","bus company,"," has","  bargain"
"eatwell.gov.uk","approach"," has","  implications"
"developments.org.uk",". Never"," has","  eccentricity"
"patent.gov.uk","but neither"," has","  anyone  else."
"essex.ac.uk",", or if it"," has","  file  : as its"
"crystal.dircon.co.uk","man and that he"," has","  weapons  of"
"mark-twain.classic-literature.co.uk","genuinely"," has","  access  to the"
"ariadne.ac.uk","this category"," has","  something  of a"
"tate.org.uk","Friend"," has","  plans  to"
"gimbo.org.uk",". It already"," has","  seats  and it"
"fishandfly.co.uk",", nothing"," has","  consequence  ,"
"televisionheaven.co.uk","an athlete"," has","  self"
"bitc.org.uk","concerned"," has","  reason  to"
"projects.ex.ac.uk",". The text"," has","  cross-links"
"kwintessential.co.uk","sector which"," has","  access  to"
"doc.ic.ac.uk","","has","  bee  adopted to"
"ears.dmu.ac.uk","This Site"," has","  security"
"thegoodwebguide.co.uk","''s kidnap"," has","  implications"
"bucksfreepress.co.uk","a student"," has","  difficulties"
"headheritage.co.uk",", who now"," has","  water  close to"
"headheritage.co.uk","everyone"," has","  access  to"
"classic-literature.co.uk","gets married,"," has","  children  or"
"brianmac.demon.co.uk","training, and"," has","  respect  for"
"shop.earthscan.co.uk","so, > I give up."," Has","  anyone  heard"
"chm.org.uk","world and"," has","  funding  of"
"hm-treasury.gov.uk","the currently"," has","  government"
"ncl.ac.uk","in a video game"," has","  results  in a"
"bized.ac.uk","park. Bromley"," has","  plans  for"
"hmrc.gov.uk","be awesome."," Has","  anyone  done"
"newswales.co.uk","Theatre"," has","  guest"
"cpgb.org.uk",". This notice"," has","  Updates  which"
"bubl.ac.uk","). PHB"," has","  properties"
"ariadne.ac.uk","as a cat"," has","  kittens  . Her"
"futurelab.org.uk","Executive"," has",""
"futurelab.org.uk","France (EDF)"," has","  plans  to build"
"spartacus.schoolnet.co.uk","THE TREATY"," HAS","  PROVISIONS  -"
"spartacus.schoolnet.co.uk","AFFIRM THAT HE"," HAS","  SOME  , IF BUT"
"nta.nhs.uk",", as long as it"," has","  maple  at the"
"headheritage.co.uk","where it"," has","  feeder  teams"
"bitc.org.uk",", that"," has","  nothing  to do"
"passiondiscs.co.uk","a regime that"," has","  time  and again"
"dca.gov.uk","battery still"," has","  plenty  of"
"fishandfly.co.uk",", and the VCR"," has","  nothing  fed to"
"patent.gov.uk","hardware and"," has","  OS  ,"
"eprints.gla.ac.uk","long as i did he"," has","  nothing  to"
"eoc-law.org.uk","projects. She"," has","  business"
"manchesteronline.co.uk","activities (","has","  no-one  told"
"politics.co.uk","project - it"," has","  lots  on"
"photo-i.co.uk","Returns"," has","  anything  like"
"photo-i.co.uk","the captain"," has","  reason  to"
"web.ukonline.co.uk","already"," has","  stocks  of"
"web.ukonline.co.uk",", and it still"," has","  supporters  in"
"wdm.org.uk",". If something"," has","  utility  in"
"wdm.org.uk","why the left"," has","  space  in the"
"inminds.co.uk","successful. """," Has","  anyone"
"inminds.co.uk","exchange ""."," Has","  anyone  else"
"bitc.org.uk","coir mat which"," has","  pile  [ Mathai"
"arts.guardian.co.uk","a script that"," has","  plot  holes big"
"patent.gov.uk","gone again?"," Has","  someone"
"patent.gov.uk","Ohhhh whaten"," has","  hapepern  to"
"food.gov.uk","worlds"," has","  everything  ."
"jisc.ac.uk","as WaterAid"," has","  projects  in"
"televisionheaven.co.uk",", each table"," has","  rules"
"televisionheaven.co.uk",". This table"," has","  loads  of"
"televisionheaven.co.uk","table and"," has","  lots  of"
"mark-twain.classic-literature.co.uk","any person who"," has","  knowledge"
"mark-twain.classic-literature.co.uk","deems that it"," has","  jurisdiction"
"mark-twain.classic-literature.co.uk","cases where it"," has","  reason  to"
"earlymodernweb.org.uk",". Section one"," has","  reflections"
"nmm.ac.uk","knee which"," has","  pins  inserted"
"euro.gov.uk",", who now"," has","  water  close to"
"euro.gov.uk","everyone"," has","  access  to"
"food.gov.uk","evaluation"," has","  inaccuracies"
"www3.open.ac.uk","one of them"," has","  someone"
"i-sis.org.uk",", and"," has","  interest  in"
"i-sis.org.uk",", and"," has","  interest  in"
"headheritage.co.uk","of this Act"," has","  effect  in"
"headheritage.co.uk","to it as it"," has","  effect  in"
"headheritage.co.uk","1(1) above"," has","  effect"
"headheritage.co.uk",", this Part"," has","  effect  in"
"headheritage.co.uk","to it as it"," has","  effect  in"
"headheritage.co.uk","of this Act"," has","  effect  in"
"headheritage.co.uk","to it as it"," has","  effect  in"
"headheritage.co.uk","1(1) above"," has","  effect"
"headheritage.co.uk",", this Part"," has","  effect  in"
"headheritage.co.uk","to it as it"," has","  effect  in"
"soton.ac.uk","War? When he"," has","  missiles"
"thegoodwebguide.co.uk","visit. "" Iran"," has","  times  and"
"cf.ac.uk","before. He now"," has","  age  ,"
"seniorsnetwork.co.uk","I do, but that"," has","  nothing  to"
"seniorsnetwork.co.uk","do-- "" "" Sir? It"," has","  everything  to"
"acegamez.co.uk","with a CD which"," has","  tracks  from 10"
"poole.gov.uk","authority"," has",""
"jr2.ox.ac.uk","and he"," has","  everyone  rapt"
"futurelab.org.uk","Shultz also"," has","  interests  in"
"mark-twain.classic-literature.co.uk","in 1888, one"," has","  grounds  to"
"parkinsons.org.uk","Kingdom that"," has","  mist  an"
"kierenmccarthy.co.uk","1985 -95, it"," has","  plenty  of"
"kierenmccarthy.co.uk","government"," has","  nothing  to"
"rhs.org.uk","(PHD)"," has",""
"earthfirst.org.uk","better when he"," has","  fun  with the"
"news.bbc.co.uk","the Queen. He"," has","  allies  - all"
"bfi.org.uk:8080","sweetheart or"," has","  society"
"cpgb.org.uk",". It also"," has","  expertise  in"
"unixhelp.ed.ac.uk","that Zionism"," has","  anything  to do"
"foe.co.uk","of Pop really"," has","  nothing  to"
"cygnus-books.co.uk","bus company,"," has","  bargain"
"orangeprize.co.uk","); however, he"," has","  reason  to"
"orangeprize.co.uk","firing unit"," has","  corrections"
"onlinedmc.co.uk","room. Maybe it"," has","  something  to"
"seniorsnetwork.co.uk","(Johnny Wade)"," has","  trouble  in the"
"seniorsnetwork.co.uk",": Gussie"," has","  clashes  , both"
"publications.parliament.uk","of Hypnosis"," has","  information"
"action-tv.org.uk","of that, it"," has","  side  effects."
"soulwalking.co.uk","this argument"," has","  traction  with"
"sundaymail.co.uk","Colditz which"," has","  talk  of being"
"sundaymail.co.uk","on cable TV"," has","  programs"
"crystal.dircon.co.uk","Solutions"," has","  openings  at"
"publications.parliament.uk","), but now it"," has","  plenty  of"
"hmrc.gov.uk","''endurance ''"," has","  application"
"admin.cam.ac.uk","history and"," has","  lots  to offer"
"somethingjewish.co.uk","years, and"," has","  thoughts  of"
"qub.ac.uk","skin. Bob..."," Has","  anyone  asked"
"dvdtimes.co.uk","cattle food,"," has","  character  at"
"richmond.ac.uk","system that"," has","  solutions"
"cs.bham.ac.uk","the damsel fly"," has","  priority"
"chem.ox.ac.uk","situation"," has","  nothing  to do"
"burnyourbonus.co.uk","found * Russia"," has","  reasons  to"
"policyhub.gov.uk","that his job"," has","  anything  to do"
"poole.gov.uk","programme"," has","  over-run  . I"
"poole.gov.uk","because it"," has","  trains  in it"
"rhs.org.uk","where it"," has","  support  . As"
"fishandfly.co.uk",". But the one"," has","  nothing  to"
"fishandfly.co.uk",", and the other"," has","  nothing  to"
"thegoodwebguide.co.uk","on the PC"," has","  everything  to"
"ioe.ac.uk","film he merely"," has","  moments  with"
"headheritage.co.uk","and/ or"," has","  utilization"
"publications.parliament.uk","national park"," has","  drawbacks"
"earthfirst.org.uk","initiative"," has","  information"
"www3.open.ac.uk","knocked on"," has","  someone"
"web.ukonline.co.uk",", Richards"," has","  contract"
"burnyourbonus.co.uk","speak? And how"," has","  exposure  to"
"lrb.co.uk","in the palace"," has","  significance"
"myweb.lsbu.ac.uk","terrorism"," has","  something  to"
"myweb.lsbu.ac.uk","also"," has",""
"eduserv.org.uk","to driving"," has","  increases"
"eduserv.org.uk",""". Chester"," has","  plenty  of"
"patp3.webbler.co.uk","academic who"," has","  research"
"ariadne.ac.uk",". Applegate"," has","  information"
"cpgb.org.uk",". The site"," has","  burial"
"cpgb.org.uk","nation"," has","  monsters  ."
"jncc.gov.uk","a 3lb bream in"," has","  catch  of 1.640"
"cain.ulst.ac.uk",". It also"," has","  nothing  to do"
"le.ac.uk","powered and"," has","  compost"
"action-tv.org.uk",", the court"," has","  power  to fix"
"irr.org.uk",". The facility"," has","  workshop"
"futurelab.org.uk","of waste that"," has","  plastic"
"eduserv.org.uk","This office"," has","  systems  which"
"soi.city.ac.uk","2002 --"," Has","  Anyone  Here"
"english-heritage.org.uk","American or"," has","  ties  with"
"mailman.ic.ac.uk","and if the hype"," has","  anything  to do"
"thisistravel.co.uk","speed and"," has",""
"patent.gov.uk","information"," has","  NHS  approval"
"cs.bham.ac.uk","platforms, so"," has","  something  to"
"cs.bham.ac.uk","racing fan who"," has","  everything  ? A"
"allotment.org.uk","Human Rights"," has","  nothing  to go"
"futuremovies.co.uk","Ancestor site"," has","  maps  from the"
"futuremovies.co.uk","Homepage"," has","  information"
"futuremovies.co.uk","the ages."," Has","  images  to"
"news.cnet.co.uk","block"," has","  murals"
"paulflynnmp.co.uk","has left, so"," has","  Honduras  and"
"physiol.ox.ac.uk","the project"," has","  value  in terms"
"action-tv.org.uk",", which alone"," has","  power  to curb"
"kierenmccarthy.co.uk",""" she said. "" It"," has","  something  to"
"rejesus.co.uk",", and"," has","  maps  to"
"thegoodwebguide.co.uk","! Each city"," has","  tons  of events"
"sitcom.co.uk","University"," has","  requirements"
"bitc.org.uk","dramas on TV?"," Has","  TV  fiction"
"entsweb.co.uk","Department"," has","  laboratories"
"peterhead.org.uk","a job. Who"," has","  rights  and"
"peterhead.org.uk",". Who"," has",""
"peterhead.org.uk","Heritage"," has","  information"
"admin.cam.ac.uk","but it"," has","  filters  to"
"nutcote.demon.co.uk","other states"," has","  something  of"
"poetrysociety.org.uk","or twice. "" """," Has","  anybody  been"
"tate.org.uk","(DSEP)"," has",""
"gnn.gov.uk","out because he"," has","  support"
"nutcote.demon.co.uk","which"," has","  nothing  to do"
"cs.bham.ac.uk","periods, also"," has","  sections  for"
"richmond.ac.uk","tourists, but"," has","  history"
"heacademy.ac.uk",". So this one"," has","  nothing"
"hants.gov.uk","everyone"," has","  concern  , and"
"bbsrc.ac.uk","This probably"," has","  something  to"
"pandemonium.me.uk","section"," has","  suggestions"
"ess.uwe.ac.uk",". Mr Harper"," has","  access  to the"
"news.bbc.co.uk","portal types"," has","  priority  ."
"holdthefrontpage.co.uk","line parsed"," has","  space"
"eduserv.org.uk",". It"," has","  thousands  of"
"rafmarham.co.uk",". If someone"," has","  trouble"
"brianmac.demon.co.uk","Trust. Dr. Lee"," has","  set-up"
"mfiles.co.uk","the name,"," has","  personality  ,"
"rafmarham.co.uk","future which"," has","  benefits  for"
"news.zdnet.co.uk","form P45. It"," has","  pay  , tax, week"
"news.zdnet.co.uk","form P45. It"," has","  pay  , tax, week"
"hm-treasury.gov.uk","this person"," has","  access  to an"
"dvdtimes.co.uk","this person"," has","  access  to an"
"videoforums.co.uk","over who"," has","  authority"
"sitcom.co.uk",", and it"," has","  document"
"littleredboat.co.uk","charity,"," has","  factsheets"
"socialistunitynetwork.co.uk","Lancaster"," has","  record"
"skuds.co.uk","Kinnear) who"," has","  designs  on"
"undiscoveredscotland.co.uk","detail. It"," has","  elements  of"
"pocket-lint.co.uk",". This book"," has","  nothing  to"
"dur.ac.uk","website. It"," has","  details  of"
"uklug.co.uk","economics"," has","  nothing  to do"
"brianmac.demon.co.uk","in the area"," has","  access  ."
"brianmac.demon.co.uk","that this"," has","  implications"
"burnyourbonus.co.uk","a sandbar that"," has","  cottonwoods"
"mfiles.co.uk",". Each page"," has","  text  and"
"sport.guardian.co.uk",", where it"," has",""
"tate.org.uk",""" cookie "" who"," has","  brains  as well"
"kierenmccarthy.co.uk","that nothing"," has","  implications"
"pocket-lint.co.uk","? What role"," has","  copy  number"
"cain.ulst.ac.uk","Jews. It even"," has","  leisure"
"classic-literature.co.uk","this argument"," has","  weight  ,"
"cnetwork.co.uk","? I beleive it"," has","  something  to"
"bbc.co.uk","website. It"," has","  details  of"
"bbc.co.uk","everyone"," has","  concern  , and"
"dailymail.co.uk","that it now"," has","  state"
"doc.ic.ac.uk",". Origin This"," has","  nothing  to do"
"uklug.co.uk","someone who"," has","  difficulties"
"uklug.co.uk","someone who"," has","  difficulty  in"
"mailman.ic.ac.uk",". HM Treasury"," has","  policy"
"mailman.ic.ac.uk","and Industry"," has","  policy"
"mygen.co.uk","Hilton. Never"," has","  swimwear"
"bearskinrug.co.uk",". The Group"," has","  authority  to"
"tech.plym.ac.uk","Officer,"," has","  details  of the"
"tech.plym.ac.uk",". The Register"," has","  funding  from"
"mfiles.co.uk","Eve. It"," has","  intrigue  and"
"dur.ac.uk","and Granite"," has","  something  for"
"spartacus.schoolnet.co.uk","English, who"," has","  restaurants"
"refer.nhs.uk","advanced. He"," has","  children  of"
"darlington.gov.uk",") 1923)"," has","  effect  . We are"
"archive.food.gov.uk","the Canons."," Has","  anyone  ever"
"bupa.co.uk",". ''This"," has","  nothing"
"pandemonium.me.uk","that it"," has","  something  to"
"pandemonium.me.uk","piece which"," has","  lots  of"
"alnwick.gov.uk","greyhounds,"," has","  nothing  at all"
"netlawman.co.uk","? I think it"," has","  plusses  and"
"news.cnet.co.uk","-inum n File"," has","  inode  number"
"news.cnet.co.uk",". -links n File"," has","  n  links."
"cnetwork.co.uk","good. The rod"," has","  plenty  of"
"stalbans.gov.uk","that"," has","  nothing  to do"
"psigate.ac.uk","Does anyone or"," has","  anyone  booked"
"incore.ulst.ac.uk","(RMBPC-2)"," has","  genes  added"
"entsweb.co.uk","? Birmingham"," has","  loads  of"
"sciencecityyork.org.uk",". He"," has","  expertise  in"
"sciencecityyork.org.uk","woodlands. He"," has","  specialist"
"stalbans.gov.uk","wildlife. It"," has","  everything  to"
"ff1600.co.uk","2. My mother"," has","  throat  cancer"
"ff1600.co.uk","5. My father"," has","  cancer  . I have"
"ff1600.co.uk","juice that"," has","  healing"
"huntinginquiry.gov.uk",", which also"," has","  links  to the"
"bnp.org.uk","of May 2006 and"," has","  £11k  budget"
"bubl.ac.uk","and so no one"," has",""
"fantasticfiction.co.uk","and"," has",""
"forums.multiplay.co.uk",". Also"," has","  information"
"forums.multiplay.co.uk","site that"," has","  lots  of useful"
"myweb.lsbu.ac.uk","Job 2003"," has","  characters"
"lse.ac.uk","trail. This"," has","  implications"
"hants.gov.uk",". (Linux libc5"," has","  Z  with this"
"sanger.ac.uk","couch already"," has","  wheels  ! ! /me"
"fishandfly.co.uk",". the council"," has","  reason  to"
"undiscoveredscotland.co.uk",", which"," has","  access  to the"
"undiscoveredscotland.co.uk","probably"," has","  nothing  to do"
"fantasticfiction.co.uk","Shows. it"," has","  songs  from the"
"classic-literature.co.uk","environment?"," Has","  anyone  heard"
"cabe.org.uk","of lists:"," Has","  exchange  of"
"soulwalking.co.uk","student"," has","  room  to rent in"
"wessexscene.co.uk","but it"," has","  comedy  and joy"
"taxfreegold.co.uk","hours. Poetry"," has","  command  of the"
"entsweb.co.uk","event"," Has","  anyone  you"
"ariadne.ac.uk","? ?s issues and"," has","  sessions  on"
"ariadne.ac.uk","? ?s issues and"," has","  sessions  on"
"futuremovies.co.uk",", Lucier"," has","  confidence"
"bristol-city.gov.uk","to which it"," has","  effect  ."
"iwar.org.uk",". '' She also"," has","  advice  for"
"reviewing.co.uk",". Newsletter"," has","  links  to"
"entsweb.co.uk","taxation"," has","  fa  ... Bangor"
"huntinginquiry.gov.uk",". "" Michael"," has","  time  to take us"
"history.ac.uk","is aware of and"," has","  access  to"
"acegamez.co.uk","which"," has",""
"holdthefrontpage.co.uk",". Each method"," has","  consequences"
"holdthefrontpage.co.uk",", but each"," has","  limitations  ."
"greenparty.org.uk","actually only"," has","  access  to 2"
"cygnus-books.co.uk","individuals"," has","  nothing  to do"
"cygnus-books.co.uk","paper says it"," has","  tape"
"hants.gov.uk",". Each case"," has","  catchwords"
"pocket-lint.co.uk","wrote:"," Has","  anybody  else"
"janus.lib.cam.ac.uk","including us,"," has","  access  to your"
"acegamez.co.uk","Department"," has","  plans  which"
"wateraid.org.uk","but the new one"," has","  lots  of wide"
"euro.gov.uk","for. I think he"," has","  everything"
"sundaymail.co.uk","This site also"," has","  practice"
"mailonsunday.co.uk","University,"," has",""
"mailonsunday.co.uk","Guide"," has","  timelines  ,"
"mailonsunday.co.uk",". It also"," has","  information"
"mailonsunday.co.uk","website. It"," has","  material  on"
"mailonsunday.co.uk",", Beaumaris"," has","  twelve"
"dfid.gov.uk","anyone that"," has","  anything  to do"
"excite.co.uk","Kent at Medway"," has","  designs  on"
"cain.ulst.ac.uk",". Russell also"," has","  fun  with"
"ariadne.ac.uk",". This"," has","  nothing  to do"
"iq.lycos.co.uk",". "" The company"," has","  partnerships"
"brianmac.demon.co.uk","house """," has","  evidence  to"
"athelstane.co.uk","syntax of expr"," has","  nothing  to do"
"athelstane.co.uk","the shell, it"," has","  access  to"
"athelstane.co.uk",". If unset, ` %n"," has","  %a  %l from %m. ''"
"athelstane.co.uk","is used, or ` %n"," has","  %a  %l. '' on"
"mfiles.co.uk","which the AHDS"," has","  data  exchange"
"passiondiscs.co.uk","everyone"," has","  concern  , and"
"action-tv.org.uk","structure"," has","  nothing  to do"
"pcanswers.co.uk","2002. "" It"," has","  nothing  to do"
"hm-treasury.gov.uk","voters. Judy"," has","  lots  of"
"cpgb.org.uk","sign that it"," has","  anything"
"onlinedmc.co.uk","free. It"," has","  burst  out of"
"darlington.gov.uk",". Vodafone"," has","  equity"
"wdm.org.uk","an island that"," has","  trout  on it. It"
"wdm.org.uk","on this island"," has","  trout  . And we"
"lrb.co.uk",") My mum"," has","  asbestos  hand"
"kingston.gov.uk","Government"," has","  jurisdiction"
"poetrysociety.org.uk","company"," has","  everything  to"
"vts.rdn.ac.uk","are each"," has","  fields  of"
"mailonsunday.co.uk",", the country"," has","  lots  to offer"
"huntinginquiry.gov.uk","a new list and"," has","  links  to user"
"entsweb.co.uk","the employee"," has","  time  and space"
"netribution.co.uk","Airport"," has","  flights  to"
"brianmac.demon.co.uk",". It"," has","  members  from"
"rhs.org.uk","website. It"," has","  case  studies,"
"publications.parliament.uk","everyone that"," has","  anything  to do"
"bay-c.co.uk",". Maybe it"," has","  something  to"
"fishandfly.co.uk",", but also"," has","  fans  from all"
"otherlandtoys.co.uk","is aware of and"," has","  access  to each"
"acegamez.co.uk","? Beggs '' work"," has","  size  and scale"
"acegamez.co.uk","better if it"," has","  rhythm  . The"
"reviewing.co.uk","Society"," has","  members  all"
"casi.org.uk","Shell Group"," has","  nothing  to"
"bjhc.co.uk",", Beaumaris"," has","  twelve"
"pocket-lint.co.uk","new service"," has","  stakeholders"
"pocket-lint.co.uk","Watch itself"," has","  plans  for 2004"
"brianmac.demon.co.uk","Faraj -"," has","  citizenship"
"chester.ac.uk","''Unique '' AGM"," has","  flowers  in"
"tdwaterhouse.co.uk",": Darren"," has","  asthma  and"
"cf.ac.uk","population"," has","  access  to safe"
"shef.ac.uk","the new ones;"," has","  anyone  been"
"headheritage.co.uk","consumption"," has","  food  ever been"
"orangeprize.co.uk","the public"," has","  access  is"
"sciencecityyork.org.uk",". It also"," has","  information"
"sciencecityyork.org.uk","website. It"," has","  material  on"
"richmond.ac.uk","with whom it"," has","  contact  , to"
"inminds.co.uk",": everyone"," has","  access  to safe"
"sundaymail.co.uk","section"," has","  guidance  on"
"sundaymail.co.uk","section"," has",""
"sundaymail.co.uk","website also"," has","  question"
"phrases.org.uk","that your life"," has","  meaning  ? In"
"physiol.ox.ac.uk","member who"," has","  access  to a"
"i-sis.org.uk","afraid honour"," has","  nothing  to do"
"britishempire.co.uk","Socrates"," has","  philosophy  so"
"holdthefrontpage.co.uk","the rod. It"," has","  nothing  to do"
"lrb.co.uk","that it"," has",""
"bubl.ac.uk","someone who"," has","  nothing  to do"
"bubl.ac.uk","that this"," has","  nothing  to do"
"bubl.ac.uk","humanity)"," has","  nothing  to do"
"televisionheaven.co.uk",". Besides, it"," has","  nothing  to do"
"televisionheaven.co.uk","because he"," has","  labour  to sell"
"televisionheaven.co.uk","Egos"," has","  dependants"
"gnn.gov.uk",". However, RAW"," has","  something"
"blogs.guardian.co.uk","PALTROW"," has","  preparations"
"reviewing.co.uk","Newspapers"," has","  copies  of all"
"euro.gov.uk","roll and also"," has","  movements  ."
"euro.gov.uk","the price). It"," has","  shift  and tilt"
"defra.gov.uk","machine that"," has","  lots  of old"
"wessexscene.co.uk","movie"," has","  lots  of"
"mqmagazine.co.uk",", which"," has","  links  to his"
"cygnus-books.co.uk",". It"," has","  chandeliers  ,"
"undiscoveredscotland.co.uk",", Beaumaris"," has","  twelve"
"undiscoveredscotland.co.uk",". The site"," has","  plenty  of"
"eoc-law.org.uk",". However, he"," has","  reservations"
"kwintessential.co.uk","when everyone"," has","  CDs  at home"
"kwintessential.co.uk","when everyone"," has","  CDs  at home"
"kwintessential.co.uk","moment the PS3"," has","  problems  and"
"kwintessential.co.uk","moment the PS3"," has","  problems  and"
"uklug.co.uk","). The board"," has",""
"patent.gov.uk","proved that he"," has","  weapons  of"
"patent.gov.uk",". He"," has","  Scuds  and"
"thegoodwebguide.co.uk","that"," has","  lunch  in a"
"spartacus.schoolnet.co.uk",", which"," has","  risen10  per"
"mqmagazine.co.uk","of York and"," has","  offices  and"
"mqmagazine.co.uk",". The city"," has","  cinemas  ,"
"poole.gov.uk","diagnosis, it"," has","  applications"
"britishempire.co.uk","currently"," has",""
"myweb.lsbu.ac.uk","one. Robby"," has","  rockin  '' bass"
"paulflynnmp.co.uk",": Everybody"," has","  questions  . In"
"ess.uwe.ac.uk","(7) Schedule 5"," has","  effect  in"
"ess.uwe.ac.uk","(1) unless he"," has","  received-  (a)"
"ess.uwe.ac.uk",", section 7"," has","  effect"
"ess.uwe.ac.uk","(1)"," has","  effect  , a"
"iwar.org.uk",". Sitepoint"," has","  sections  on"
"soulwalking.co.uk","say politics"," has","  nothing  to do"
"nwda.co.uk",""" in which it"," has","  products  , but"
"entsweb.co.uk",". South Park"," has","  lots  to offer"
"teentoday.co.uk","At any rate, he"," has","  property"
"teentoday.co.uk",". "" Why he"," has","  tenants  , and"
"burnyourbonus.co.uk","that he"," has","  elements  on"
"news.bbc.co.uk","association"," has","  power  because"
"abeceder.co.uk","while Diwali"," has","  nothing  . When"
"lists.grok.org.uk","as Fevvers who"," has","  wings  and"
"lists.grok.org.uk","and every line"," has","  meaning  . It is"
"darlington.gov.uk",". p. s."," has","  anyone  sent"
"ess.uwe.ac.uk","acid, but also"," has","  transgenes"
"untoldlondon.org.uk","or Wales. This"," has","  nothing  to do"
"untoldlondon.org.uk","under Tito,"," has","  re-emerged"
"doc.ic.ac.uk","partner who"," has","  everything  ,"
"developments.org.uk","systems"," has",""
"developments.org.uk",". The hardware"," has","  limitations"
"developments.org.uk","situation."," Has","  access  to many"
"bubl.ac.uk",". Violence"," has","  fantasy  and"
"seniorsnetwork.co.uk","a sprinter"," has","  plenty  of"
"bjhc.co.uk","the i900."," Has","  anyone  used an"
"bjhc.co.uk","for film (it"," has","  ICE  for prints"
"kingston.gov.uk","now closed. It"," has","  details  of"
"stalbans.gov.uk","in 1974 which"," has","  links  to"
"brianmac.demon.co.uk",", still"," has","  nightmares"
"cygnus-books.co.uk","Music"," has","  waltzes  and"
"bized.ac.uk","as it"," has","  effect  from"
"somewhatmuchly.co.uk","who"," has","  consent  to"
"news.bbc.co.uk","approach that"," has","  memory  -"
"bubl.ac.uk",". The site"," has","  data  from lens"
"onlinedmc.co.uk",". The site"," has","  data  on the"
"jr2.ox.ac.uk","that bin Laden"," has","  access  to"
"richmond.gov.uk","18 % of teeth"," has","  sealants"
"number-10.gov.uk","? which"," has","  consequences"
"teentoday.co.uk","capacity,"," has","  plenty  of"
"huntinginquiry.gov.uk",". All this"," has","  implications"
"stalbans.gov.uk","Russes"," has","  material  in it"
"poole.gov.uk","regime"," has","  folk  music"
"shef.ac.uk","research. How"," has","  patient  ,"
"railscot.co.uk",", and"," has","  data  pending,"
"patent.gov.uk",""", which"," has","  nothing  at all"
"lewes.gov.uk",", which"," has","  resources"
"kwintessential.co.uk","Indiana Jones"," has","  nothing  on"
"wdm.org.uk","Guasare that"," has","  plans  for"
"richmond.ac.uk",". Reading-Now"," has","  resources  for"
"genuki.org.uk","skiing. Nick"," has","  problems"
"poole.gov.uk","beginning why"," has","  public"
"poole.gov.uk","somebody who"," has",""
"poole.gov.uk","is not --"," has","  nothing"
"poole.gov.uk","question is,"," has","  anybody"
"poole.gov.uk","over the USIA."," Has","  anybody  just"
"tandf.co.uk",". This notice"," has","  Updates  which"
"holdthefrontpage.co.uk","ECOMOG) which"," has",""
"somewhere.org.uk","] rail line"," has","  links  to"
"somewhere.org.uk","Iraq rail line"," has","  links  to"
"brad.ac.uk",", she"," has","  experience  of"
"acegamez.co.uk","Mini Series"," has","  similarities"
"bay-c.co.uk","of a track that"," has","  everyone  who"
"durham21.co.uk","already"," has","  production"
"i-sis.org.uk","who already"," has","  everything  ."
"catholic-ew.org.uk","committee"," has",""
"spamfo.co.uk","Indiana Jones"," has","  nothing  on"
"chem.ox.ac.uk","which only"," has","  text"
"transglobal-aerospace.co.uk","set which"," has","  corrections"
"capita.co.uk","in theory"," has","  ration  cards,"
"cs.bham.ac.uk","now"," has","  access  to safe"
"inminds.co.uk","Indiana Jones"," has","  nothing  on"
"refer.nhs.uk",". The Speaker"," has","  discretion  as"
"refer.nhs.uk","the Speaker"," has","  discretion  as"
"televisionheaven.co.uk","the library"," has","  access  . This"
"eatwell.gov.uk","QRMP system"," has","  map  size (24-"
"myweb.lsbu.ac.uk","Indiana Jones"," has","  nothing  on"
"spamfo.co.uk",". The website"," has","  activities"
"ukwhitegoods.co.uk","his company"," has","  contracts"
"ukwhitegoods.co.uk","","has","  rights  to"
"classic-literature.co.uk","! ). This issue"," has","  eleven"
"nhs.uk",", WWF"," has","  plans  to build"
"cpgb.org.uk","the Trust"," has","  water  on the"
"cpgb.org.uk",", it seems,"," has","  principles  ."
"cpgb.org.uk",". The Trust"," has","  principles"
"eatwell.gov.uk",", and"," has","  members"
"archive.food.gov.uk","regulation"," has","  effect  as if"
"soulwalking.co.uk",", the website"," has","  sections  for"
"soulwalking.co.uk",". Each section"," has","  interviews"
"soulwalking.co.uk","(how"," has","  life  for"
"earlymodernweb.org.uk","and currently"," has",""
"earlymodernweb.org.uk","and currently"," has",""
"mirror.co.uk","which already"," has","  experience  in"
"consumerdirect.gov.uk","Racing 2"," has","  replay  value"
"amazon.co.uk","and"," has","  offices  in the"
"amazon.co.uk","Conn already"," has","  plans  in place"
"manchestereveningnews.co.uk","''s director"," has","  trouble"
"manchestereveningnews.co.uk","industry"," has","  dev  ..."
"rvc.ac.uk",". Everyone"," has","  room  for"
"photo-i.co.uk","- this"," has","  answers  to"
"phrases.org.uk","United States"," has",""
"irr.org.uk","BODC, as well,"," has","  inventories"
"brianmac.demon.co.uk",", which"," has","  forces  based"
"birdtours.co.uk","a biennial. It"," has","  rosettes  of"
"leeds.gov.uk","country that"," has","  weapons  of"
"leeds.gov.uk","Hussein"," has","  nothing  left"
"leeds.gov.uk","movie and"," has","  nothing  to do"
"leeds.gov.uk",". Israel..."," has","  weapons  of"
"leeds.gov.uk",", this war"," has","  nothing  to do"
"amazon.co.uk","Emirates."," Has","  anyone  even"
"business.guardian.co.uk","based and"," has","  chicken  , lamb"
"imperial.ac.uk","find, it also"," has","  lots  of"
"ncl.ac.uk","This cultivar"," has","  clumps  of"
"ess.uwe.ac.uk","DVD Times"," has","  security"
"bgsnet.org.uk","market that"," has","  web  browsers"
"bitc.org.uk","of Oscar Wilde"," has","  today  ? '' "" """
"nwda.co.uk","achieve. It"," has","  everything  to"
"nta.nhs.uk","the debate"," has","  roots  and a"
"babycentre.co.uk","which already"," has","  planning"
"euro.gov.uk","to me. But what"," has","  Zionism  to"
"ucisa.ac.uk","on a list that"," has","  crime  ,"
"rvc.ac.uk","Wessex Scene"," has","  rooms  set"
"onlinedmc.co.uk","or not Iraq"," has","  weapons  of"
"onlinedmc.co.uk","''. George Bush"," has","  support  from a"
"york.ac.uk","its nose and it"," has","  stamina  ."
"bized.ac.uk",", which"," has","  implications"
"heacademy.ac.uk","Cheese site"," has","  cheese"
"bubl.ac.uk","Stuart Rose"," has","  something  to"
"bnp.org.uk","Festival"," has","  something  for"
"cpgb.org.uk","United States"," has","  evidence"
"cpgb.org.uk",". "" Garner"," has","  experience"
"televisionheaven.co.uk",", which"," has","  lots  of ''em ("
"dca.gov.uk","] * Russia"," has","  reasons  to"
"earlymodernweb.org.uk","the lady"," has","  pitchfork"
"parkinsons.org.uk","150 people and"," has","  facilities  to"
"cain.ulst.ac.uk","McIver still"," has","  changes  in"
"football.guardian.co.uk",","," has","  nothing  but"
"pcpro.co.uk","(5000ft). It"," has","  twigs  covered"
"onlinedmc.co.uk",". America"," has","  partners  ."
"nationalschool.gov.uk","David; Stan"," has","  trouble  over a"
"nta.nhs.uk","and yet each"," has","  continuity  ."
"futuremovies.co.uk","E, or (ii)"," has","  rights"
"oneguyfrombarlick.co.uk",": Eminem"," has","  lots  of very"
"fantasticfiction.co.uk","says Saddam"," has","  weapons  of"
"fantasticfiction.co.uk","see this area"," has","  needs  , "" said"
"pparc.ac.uk",", so someone"," has","  confidence  in"
"cf.ac.uk","system, as it"," has","  similarity  to"
"cf.ac.uk",", and"," has",""
"ess.uwe.ac.uk",""" one: if it"," has","  power  , it''ll"
"entsweb.co.uk","Government"," has","  today"
"hm-treasury.gov.uk","Lauder also"," has","  interests  in"
"sitcom.co.uk","signs that it"," has","  links  with"
"sitcom.co.uk","parties, as"," has","  beenfound  in"
"somewhere.org.uk","ministry that"," has","  control  over"
"poetrysociety.org.uk","of plate 97"," has","  erasures  and"
"watford3r-pct.nhs.uk","sure the room"," has","  everything"
"somethingjewish.co.uk",". Each fund"," has","  eligibility"
"bbsrc.ac.uk","our manifesto"," has","  nothing  to do"
"bbsrc.ac.uk","socialism"," has","  nothing  to do"
"web.ukonline.co.uk","out there"," has","  something"
"bnp.org.uk","(£2.50)"," has","  articles"
"ioe.ac.uk","This of course"," has","  implications"
"jncc.gov.uk","potentially"," has","  characters"
"iglookids.co.uk","S. spies * Iraq"," has","  powder  that"
"iglookids.co.uk","name Aerosil,"," has","  particles  so"
"iglookids.co.uk","whether Iraq"," has","  weapons  that"
"guilfest.co.uk","question, why"," has","  money"
"entsweb.co.uk","Council that"," has","  power  , "" said"
"futuremovies.co.uk","cold; he still"," has","  stuff  lying"
"bbc.co.uk","Museum"," has","  hands  on"
"mqmagazine.co.uk",","," has","  somebody"
"bgsnet.org.uk","who"," has","  experience  of"
"entsweb.co.uk","she now"," has","  â  ? ? sheâ? ?s in"
"birdtours.co.uk","). The text"," has","  links  to a"
"rhs.org.uk","website"," has","  information"
"rhs.org.uk","children and"," has","  projects  that"
"news.zdnet.co.uk","sadly and that"," has","  hundreds  ."
"uclh.nhs.uk",". Hello all--"," Has","  anyone  had"
"fortunecity.co.uk","): How much"," has","  information"
"games.moria.org.uk","chairman, and"," has","  none  the less"
"dvdtimes.co.uk",", the site also"," has","  reviews  of"
"jr2.ox.ac.uk","bin Laden"," has","  appeal  in the"
"leisureconnection.co.uk",". That it"," has","  nothing  to do"
"leisureconnection.co.uk",". But when it"," has","  thousands  of"
"news.bbc.co.uk","(USASMDC)"," has",""
"rvc.ac.uk","sizeable and"," has","  RODE  in large"
"manchesteronline.co.uk",". If he really"," has","  nothing  to"
"televisionheaven.co.uk","in a few weeks."," Has","  anyone  been"
"ucl.ac.uk","review model"," has","  shortcomings"
"consumerdirect.gov.uk","as silica sol,"," has","  particles  so"
"ioe.ac.uk","rIRA probably"," has","  access  to a few"
"nwda.co.uk","topic also"," has","  assessment"
"athelstane.co.uk","Office"," has","  details  of"
"stalbans.gov.uk","Your landlord"," has","  rights  to"
"consumerdirect.gov.uk","of Commons"," has","  nothing  to say"
"casi.org.uk","Your landlord"," has","  rights  to"
"sitcom.co.uk","regulation"," has","  effect  as if"
"taxfreegold.co.uk","diplomat who"," has","  contacts  with"
"skuds.co.uk","April 2003 it"," has","  income  of £30"
"skuds.co.uk","is an SME. It"," has","  investment"
"skuds.co.uk","June 2003. It"," has","  losses"
"skuds.co.uk",") The Treasury"," has","  powers  by"
"skuds.co.uk","19 FA 2000 and"," has","  effect  from"
"tdwaterhouse.co.uk",", make sure it"," has","  air"
"mqmagazine.co.uk",", the S3"," has",""
"mqmagazine.co.uk",". The HHT"," has","  vehicle"
"chem.ox.ac.uk","as amazing. It"," has","  everything"
"society.guardian.co.uk","new location"," has","  access  to both"
"bitc.org.uk","don''t think it"," has","  anything  to do"
"nutcote.demon.co.uk",". As such, he"," has","  authority"
"heacademy.ac.uk","inexpensive,"," has","  GRAS  ("
"taxfreegold.co.uk","if the user"," has","  image  loading"
"manchesteronline.co.uk","company which"," has","  control  of it;"
"manchesteronline.co.uk","company which"," has","  control  of it ("
"manchesteronline.co.uk","company which"," has","  control  of it."
"crystal.dircon.co.uk","8.18a"," has","  nothing  to say"
"richmond.ac.uk","countries."," Has","  anyone  ever"
"ff1600.co.uk","autonomy. It"," has","  teams  of"
"greatwriting.co.uk","the keel board"," has","  chunks  of"
"greatwriting.co.uk","Larder resin."," Has","  anyone  used a"
"graigfarm.co.uk","here. And that"," has","  nothing  to do"
"southmanchesterreporter.co.uk","revealed he"," has","  plans  for new"
"rvc.ac.uk","publication."," Has","  stories  ,"
"wateraid.org.uk","* ''Saddam"," has","  blood  cancer,"
"wateraid.org.uk","Saddam"," has","  blood  cancer"
"pandemonium.me.uk",". Although it"," has","  failings  , it"
"i-sis.org.uk",". When someone"," has",""
"kevala.co.uk",". The site"," has","  data  from lens"
"fortunecity.co.uk",". Yet this"," has","  nothing  much"
"youngfoundation.org.uk","i`m sure my mum"," has","  loads  of old"
"seniorsnetwork.co.uk","the lady who"," has","  everything  ."
"reviewing.co.uk","that Israel"," has","  nothing  to"
"reviewing.co.uk","that the US"," has","  everything  to"
"somethingjewish.co.uk","Newburgh. It"," has","  cross  country"
"ucl.ac.uk",". The S4"," has","  staff"
"ucl.ac.uk",". The G3 or S3"," has","  staff"
"ucl.ac.uk","the enemy"," has","  radio"
"bfi.org.uk:8080","Designer who"," has","  experience"
"huntinginquiry.gov.uk","Leader, which"," has","  editions  for"
"poetrysociety.org.uk",". If he"," has","  information"
"chm.org.uk","design"," has","  measurements"
"cpgb.org.uk","projects and"," has","  experience  of"
"nabd.org.uk","* ''Saddam"," has","  blood  cancer,"
"nabd.org.uk","made clear it"," has","  problems  with"
"pandemonium.me.uk","his status"," has","  anything  to do"
"inminds.co.uk","- though it"," has","  plenty  of both"
"robert-louis-stevenson.classic-literature.co.uk",". Creation"," has","  value  in"
"robert-louis-stevenson.classic-literature.co.uk","''. Creation"," has","  value  because"
"robert-louis-stevenson.classic-literature.co.uk","is only God who"," has","  sovereignty"
"1st-for-french-property.co.uk","Life '' feature"," has","  profiles  of"
"dca.gov.uk","the IT bubble"," has","  burst  and a"
"bfi.org.uk:8080","in. Mr Muchly"," has","  tears  in his"
"geos.ed.ac.uk","this scheme"," has","  outline"
"classic-literature.co.uk","an individual"," has","  savings"
"netribution.co.uk","'' she said. ''He"," has","  leukaemia  ."
"netribution.co.uk",""" that Saddam"," has","  weapons  of"
"customs.hmrc.gov.uk","city clerk"," has","  ambitions  of"
"rvc.ac.uk","period. The UK"," has",""
"manchesteronline.co.uk","Collections"," has",""
"number-10.gov.uk","and"," has","  ties  to"
"number-10.gov.uk",". Iraq"," has","  nothing  to"
"casi.org.uk",". The MMC"," has","  corps  highway"
"manchester.gov.uk","no more than it"," has","  proof  that he"
"manchester.gov.uk","proof that he"," has","  weapons  of"
"cpgb.org.uk","time now. But"," has","  anyone  heard"
"forums.multiplay.co.uk",". "" The board"," has","  visibility  ,"
"forums.multiplay.co.uk","in power and"," has","  access  to"
"forums.multiplay.co.uk","case that Iraq"," has","  weapons  of"
"forums.multiplay.co.uk","said Iraq"," has","  stockpiles  of"
"forums.multiplay.co.uk","the president"," has","  authority"
"forums.multiplay.co.uk","the president"," has","  authority"
"richmond.ac.uk",", which"," has","  information"
"observer.guardian.co.uk",". need we say,"," has","  nothing  to do"
"observer.guardian.co.uk","be true but"," has","  nothing  to do"
"cygnus-books.co.uk","financed? How"," has","  trade  union"
"nta.nhs.uk",", so long as he"," has","  stamina"
"chester.ac.uk","out if anyone"," has","  anything"
"sanger.ac.uk","''s neon facade"," has","  pride  of place"
"aiai.ed.ac.uk","Show all What"," has","  keys  but does"
"spartacus.schoolnet.co.uk","armed forces?"," Has","  s/  he used the"
"cpgb.org.uk",", lets face it,"," has","  anyone  made a"
"mfiles.co.uk","Field Guide"," has","  plates  and"
"durham21.co.uk","(the band even"," has","  security"
"wdm.org.uk",", who also"," has","  plenty  of"
"ff1600.co.uk",", he even"," has","  penguin  porn."
"spartacus.schoolnet.co.uk","Secretary"," has","  power  to order"
"untoldlondon.org.uk",". Outlaw Golf"," has","  nothing  on"
"brad.ac.uk","no country"," has","  veto  power,"
"rhs.org.uk",", because he"," has","  difficulty"
"abeceder.co.uk","Masked This"," has","  sources"
"abeceder.co.uk","directory and"," has","  history"
"ncl.ac.uk","and it also"," has","  floodlights  ."
"sitcom.co.uk",""" market "" that"," has","  nothing  to do"
"sitcom.co.uk",", because it"," has","  nothing  to do"
"futuremovies.co.uk","anyone who"," has","  memories  of,"
"personalfinance.iii.co.uk","Chalabi"," has","  links  with"
"kwintessential.co.uk","population"," has","  access  to"
"squaremeal.co.uk",", this"," has","  nothing  to do"
"hmrc.gov.uk","function"," has","  purposes  >"
"cygnus-books.co.uk","is going on?"," Has","  integration"
"cygnus-books.co.uk","is going on?"," Has","  integration"
"eef.org.uk","then. KOTOR"," has","  everything"
"ears.dmu.ac.uk","can limit who"," has","  access  to"
"mailman.ic.ac.uk",", Bangor,"," has","  collections"
"qub.ac.uk","Sailing"," has","  live-aboard"
"refer.nhs.uk","in Leeds and"," has","  links  to"
"developments.org.uk","remains green"," Has","  anyone  had a"
"televisionheaven.co.uk",", each of which"," has",""
"fishandfly.co.uk","the public"," has","  access  to"
"big-brother.me.uk","this thread"," has","  nothing  to do"
"refer.nhs.uk","room where AA"," has","  people  to"
"refer.nhs.uk","out one"," has","  access  to"
"mfiles.co.uk","internet. It"," has","  access  to"
"burnyourbonus.co.uk","ought to do as"," has","  charge  of a"
"burnyourbonus.co.uk","; and the man"," has","  air  pumped"
"www3.imperial.ac.uk","and"," has","  broadband"
"blogs.guardian.co.uk","of the brain"," has","  implications"
"kwintessential.co.uk","Civil Service"," has","  strengths"
"sundaymail.co.uk","it to be a deed"," has","  effect  , upon"
"casi.org.uk","addition, he"," has","  interests  in"
"conted.ox.ac.uk","unless one"," has","  access  to"
"conted.ox.ac.uk","narrative"," has","  time  for. What"
"birdtours.co.uk","already"," has","  teams  inside"
"kent.ac.uk","that Britain"," has","  weapons  of"
"televisionheaven.co.uk","Hussain"," has","  links  with"
"bized.ac.uk","","has","  £1.3bn  of"
"earthfirst.org.uk","Hayden"," has","  pipedreams  of"
"earthfirst.org.uk","tinted, its"," has","  Technicolor"
"netlawman.co.uk",". Richard"," has",""
"ff1600.co.uk","rights and"," has","  sympathy  for"
"eduserv.org.uk","Festival Hall"," has","  copies  of"
"vts.rdn.ac.uk","things, this"," has","  something  to"
"vts.rdn.ac.uk",". That even"," has","  something  to"
"blogs.warwick.ac.uk","Alta Vista now"," has","  oodles  of cash"
"cpgb.org.uk","institution"," has","  problems  >"
"cd.ciao.co.uk","black stuff"," has","  world  order"
"gimbo.org.uk",". It"," has","  details  about"
"jisc.ac.uk","assure you. It"," has","  nothing  to do"
"number-10.gov.uk","viruses [ 2 ]."," Has","  anyone"
"hants.gov.uk","things that"," has","  nothin  to do"
"darlington.gov.uk","coal? Britain"," has","  loads  of coal,"
"fortunecity.co.uk","Milosevic"," has","  designs  on the"
"acegamez.co.uk",". This"," has","  books  and"
"ruralgateway.org.uk","(the Agency)"," has",""
"euro.gov.uk","this planet"," has","  people"
"ucisa.ac.uk","component"," has","  plenty  of"
"ucisa.ac.uk","of the time. It"," has","  plenty  of"
"fortunecity.co.uk","for which it"," has","  relevance  . In"
"defra.gov.uk","is ideal. It"," has",""
"sussex.ac.uk",": kodak"," has",""
"photo-i.co.uk","Ford Festival"," has","  things  going"
"photo-i.co.uk","he"," has","  team  mate"
"richmond.ac.uk",". The Service"," has","  advisors"
"number-10.gov.uk","theory. Mark"," has","  teaching"
"stalbans.gov.uk",", see. Sinead"," has","  iron  stomach"
"oneguyfrombarlick.co.uk",", Scotland,"," has","  links  to short"
"bubl.ac.uk","Court also"," has","  powers  to"
"phgu.org.uk",". If anyone"," has","  details  on"
"mtv.co.uk",". com"," has","  details  of"
"brad.ac.uk","that everyone"," has","  access  to"
"cs.bham.ac.uk","Railroad"," has","  service  at"
"dca.gov.uk","has endured,"," has","  nothing  to do"
"socialistunitynetwork.co.uk","story, which"," has","  nothing  to do"
"rvc.ac.uk","the queen he"," has","  reservations"
"teentoday.co.uk","says he"," has","  faith  but does"
"bubl.ac.uk","importantly"," has","  lots  of sun. I"
"cd.ciao.co.uk","third week he"," has","  night  work. He"
"manchesteronline.co.uk",", David"," has","  something"
"bubl.ac.uk","capacity"," has","  room  for more"
"bay-c.co.uk","housing) and"," has","  interviews"
"futurelab.org.uk","a touch harsh?"," Has","  anyone  come"
"ucisa.ac.uk",", which"," has","  support  from"
"rhs.org.uk","the Tribunal"," has","  jurisdiction"
"cheng.cam.ac.uk","Programme"," has","  funds"
"cheng.cam.ac.uk","Supervisor"," has","  funds"
"cheng.cam.ac.uk","the School"," has","  competitions"
"cheng.cam.ac.uk","Supervisor"," has","  funds"
"spamfo.co.uk","julie leahy"," has","  anyone"
"spamfo.co.uk","costa (... Jan"," Has","  anyone"
"kwintessential.co.uk","century, and"," has","  nothing  to do"
"kwintessential.co.uk","2391b. This"," has","  readings"
"dresscircle.co.uk","toward Iraq"," has",""
"forums.multiplay.co.uk","which also"," has","  database  with"
"cain.ulst.ac.uk","of ours"," has","  friends  at"
"futurelab.org.uk","at present. He"," has","  homes  in"
"cain.ulst.ac.uk","of Italy that"," has","  frost  and snow"
"spartacus.schoolnet.co.uk","Heptinstall"," has","  ways  to get you"
"littleredboat.co.uk",", the council"," has","  records  of"
"classic-literature.co.uk","120 people and"," has","  offices  in"
"watford3r-pct.nhs.uk","- the LGBTA"," has",""
"moviemail-online.co.uk","of neutrino"," has","  non-zero  mass"
"moviemail-online.co.uk",". The site"," has","  descriptions"
"wdm.org.uk",", the book"," has","  gaps  in its"
"netdoctor.co.uk","· New man"," has","  track  record"
"rvc.ac.uk","unit, who"," has","  access  to"
"cygnus-books.co.uk","Hutchinson"," has","  experience"
"thegoodwebguide.co.uk",", Chile"," has","  Peru  at its"
"nta.nhs.uk","- which"," has","  artists  such"
"greenparty.org.uk","fashion? As he"," has","  self"
"greenparty.org.uk","I was as clever"," has","  Anasrubripes"
"catholic-ew.org.uk","black pudding"," has","  â  ? ? it was too"
"neptunepinkfloyd.co.uk","''s NPfIT"," has","  everything"
"lrb.co.uk",", which"," has","  value  that is"
"lrb.co.uk","old daughter"," has","  copyright  in"
"lrb.co.uk","your employer"," has","  copyright  in"
"www3.imperial.ac.uk","Government"," has","  plans  to"
"i-sis.org.uk","All HSBC banks"," has","  ATMs  where you"
"neptunepinkfloyd.co.uk","overseas and"," has","  partnership"
"qub.ac.uk","complex"," has","  space-plane  ?"
"kwintessential.co.uk","for anyone who"," has","  anything  to do"
"neptunepinkfloyd.co.uk",". Elizabeth"," has","  nothing  but"
"birdtours.co.uk","evidence. How"," has","  state  control"
"dca.gov.uk","''. And he"," has","  hope  in the"
"mailman.ic.ac.uk","it"," has","  operations  on"
"photo-i.co.uk",", every street"," has","  memories  or"
"gnn.gov.uk","White says,"," has","  hair  like a"
"eatwell.gov.uk","when it"," has","  relevance  to"
"ff1600.co.uk","Art section"," has","  Art  in London"
"bjhc.co.uk","population"," has","  access  to"
"bearskinrug.co.uk",": Ballesteros"," has","  nightmare"
"jncc.gov.uk",". What"," has","  history"
"mailonsunday.co.uk","or hotels."," Has","  anyone  gone"
"tiscali.co.uk","definition"," has","  implications"
"soulwalking.co.uk","Bandolier"," has","  problems  with"
"neptunepinkfloyd.co.uk",". The School"," has","  links  with a"
"youngminds.org.uk","rich or poor -"," has","  time  to give."
"youngminds.org.uk","this country"," has","  something  to"
"huntinginquiry.gov.uk","Canada"," has","  citizens  with"
"projects.ex.ac.uk","Someone else"," has","  permission  to"
"somethingjewish.co.uk","and seals that"," has","  nothing  to do"
"somethingjewish.co.uk",", and lava rock"," has","  nothing  to do"
"poole.gov.uk","clearly"," has",""
"capita.co.uk",": Ballesteros"," has","  nightmare"
"www3.open.ac.uk","cross body..."," Has","  anyone  come"
"paulflynnmp.co.uk","that Saddam"," has","  plans  to try to"
"photo-i.co.uk","newsletter"," has","  something  for"
"eatwell.gov.uk","an actor that"," has","  something"
"shop.earthscan.co.uk",". If anyone"," has","  suggestions"
"soulwalking.co.uk",", but seldom"," has","  anyone  ''s"
"ess.uwe.ac.uk","hardly dated."," Has","  information"
"onlinedmc.co.uk","competitor"," has","  someone  to"
"poetrysociety.org.uk","People '' and"," has","  funding  of £25"
"consumerdirect.gov.uk","who"," has","  recoveries"
"le.ac.uk",". But the one"," has","  nothing  to"
"le.ac.uk",", and the other"," has","  nothing  to"
"blogs.warwick.ac.uk","says"," has","  links  to al"
"blogs.warwick.ac.uk","say Ansar also"," has","  ties  to Iraqi"
"blogs.warwick.ac.uk","said: "" The US"," has","  forces  close"
"blogs.warwick.ac.uk",", which"," has","  sources  in"
"lrb.co.uk","operates or"," has","  shares  in some"
"bbc.co.uk","tea, but he"," has","  none  . Outside"
"developments.org.uk",", that it"," has","  nothing  to do"
"paulflynnmp.co.uk","English grad"," has","  nothing  to do"
"kwintessential.co.uk",", although it"," has","  connections"
"kwintessential.co.uk","speech. It"," has","  connotations"
"gimbo.org.uk","preservation"," has","  anything  to do"
"psigate.ac.uk","Clyde, who"," has",""
"psigate.ac.uk",". TNA"," has","  targets  to"
"rafmarham.co.uk","everyone in it"," has","  knowledge  of"
"paulflynnmp.co.uk","because he"," has","  impertinence"
"hm-treasury.gov.uk","which"," has","  shape  and"
"hm-treasury.gov.uk",", and so"," has","  attendance  ."
"bized.ac.uk","four children"," has","  parents  who"
"hmrc.gov.uk","any male who"," has","  suspicion  of"
"archive.food.gov.uk","because it"," has","  nothing  to"
"filmfocus.co.uk",", the site"," has","  links  ,"
"filmfocus.co.uk",", the site"," has","  links  ,"
"bupa.co.uk","cameras that"," has","  historians"
"mackies.co.uk","32A which"," has","  effect  at the"
"mackies.co.uk","(3)"," has","  effect"
"mackies.co.uk","(3)(a)"," has","  effect"
"mackies.co.uk","which- (a)"," has","  effect  ,"
"eprints.gla.ac.uk","again, Seaton"," has","  access  to the"
"eprints.gla.ac.uk","television"," has","  limitations"
"iwar.org.uk",", so the print"," has","  dirt  and is not"
"overclock.co.uk","steadily - as"," has","  usage  , with"
"overclock.co.uk","that everyone"," has","  access  to IT"
"news.zdnet.co.uk","any Site which"," has",""
"gimbo.org.uk","in this review"," has","  implications"
"ess.uwe.ac.uk","campus"," has","  shops  , banks"
"thegoodwebguide.co.uk","chapter ten,"," has",""
"britishempire.co.uk","shock horror)"," has","  nothing  to do"
"irr.org.uk","ago My son"," has","  bow  legs"
"irr.org.uk","for my mum who"," has","  arthritis  ?"
"fishandfly.co.uk","anyone who"," has","  recordings  of"
"skuds.co.uk","of the Spirit"," has","  power  to"
"somethingjewish.co.uk","US Centcom"," has",""
"bearskinrug.co.uk","also"," has","  concerns  over"
"alnwick.gov.uk","fact that it"," has","  elements  that"
"lewes.gov.uk",". The county"," has","  dozens  of"
"eoc-law.org.uk",", this set"," has","  rarity  value"
"televisionheaven.co.uk","the public"," has","  confidence  ."
"cf.ac.uk","community who"," has","  experience  of"
"visitsouthwest.co.uk","? What if she"," has","  children  ?"
"huntinginquiry.gov.uk","8. The nation"," has","  jurisdiction"
"socialistunitynetwork.co.uk","the public"," has","  confidence  in"
"socialistunitynetwork.co.uk","Force, and"," has",""
"cf.ac.uk","Jonathan who"," has",""
"jr2.ox.ac.uk","chimneys ""."," Has","  anyone  come"
"teentoday.co.uk","Community. He"," has",""
"untoldlondon.org.uk","which even"," has","  pretensions"
"ucisa.ac.uk","settings. It"," has","  implications"
"kwintessential.co.uk",", but"," has","  anyone"
"projects.ex.ac.uk","area"," has","  lots  of"
"mailman.ic.ac.uk","which clearly"," has","  life  , and"
"mailman.ic.ac.uk","mountain pool"," has","  life  , as"
"mailman.ic.ac.uk",""", and"," has","  nothing  in"
"mailman.ic.ac.uk","as organic?"," has","  thousands  of"
"mailman.ic.ac.uk","out, which"," has","  implications"
"mailman.ic.ac.uk","being; it"," has","  impact  on the"
"ioe.ac.uk","The Institute"," has","  links  with"
"casi.org.uk","like each rule"," has","  exceptions  ."
"transglobal-aerospace.co.uk","head hardly"," has","  time  to emerge"
"transglobal-aerospace.co.uk","but only earth"," has","  life  , as far as"
"spelthorne.gov.uk",": EBSCO"," has","  teams  of"
"cain.ulst.ac.uk",". This latter"," has","  purpose  in"
"gnn.gov.uk",", or anyone who"," has","  experience  of"
"ncl.ac.uk","that it"," has","  something  for"
"developments.org.uk","TV channel"," has","  listings  on it"
"tiscali.co.uk","/2. Because it"," has","  spin  , it also"
"projects.ex.ac.uk","as a party that"," has","  nothing  to do"
"projects.ex.ac.uk",", "" Boyd"," has","  nothing  to add"
"shef.ac.uk","that this"," has","  nothing  to do"
"burnyourbonus.co.uk","of Grace,"," has","  anyone  made us"
"chem.ox.ac.uk","gov. uk/) site"," has","  teaching"
"chem.ox.ac.uk",". org. uk/)"," has","  resources"
"bbk.ac.uk","). The site"," has","  details  of"
"forums.ebay.co.uk",") and hence"," has","  access  to"
"forums.ebay.co.uk","believe Iraq"," has","  weapons  of"
"ioe.ac.uk",", he"," has","  £70,000  in"
"ioe.ac.uk",", yet he"," has","  none  : "" Don''t"
"consumerdirect.gov.uk","If your BT line"," has","  caller  ID"
"bnp.org.uk",". Each user"," has","  access  to two"
"futurelab.org.uk","literature)."," Has","  anybody  else"
"shop.highlander.co.uk","while Bernard"," has","  problems  Mr"
"shop.earthscan.co.uk",", that TCM"," has","  thousands  of"
"seniorsnetwork.co.uk","Carri Swann"," has","  today  (11 May)"
"projects.ex.ac.uk","to get around,"," has","  anyone  had any"
"bubl.ac.uk","say London. He"," has","  manner  and"
"robert-louis-stevenson.classic-literature.co.uk","which"," has","  power  to do"
"radioandtelly.co.uk","to date"," has","  implications"
"brookes.ac.uk","itself"," has","  significance"
"pcanswers.co.uk",""". This"," has","  link  to useful"
"televisionheaven.co.uk","Centre"," has","  materials"
"televisionheaven.co.uk","'' that"," has","  sections"
"ioe.ac.uk",". But if he"," has","  weapons  of"
"casi.org.uk","factory which"," has","  difficulty"
"birdtours.co.uk","- this site"," has","  articles  ,"
"archive.food.gov.uk","added. "" The US"," has","  orders  for a"
"paulflynnmp.co.uk","TV,"," has","  auto-tune  and"
"food.gov.uk","United States"," has","  plans  for a"
"food.gov.uk",". It also"," has",""
"seniorsnetwork.co.uk","with him, he"," has","  nothing  to"
"undiscoveredscotland.co.uk","ELTU website"," has","  pages  of"
"robert-louis-stevenson.classic-literature.co.uk","there.. Eliat"," has","  dive  sites,"
"headheritage.co.uk","Havel, who"," has","  access  to"
"brianmac.demon.co.uk","To what extent"," has","  religion  ''s"
"physiol.ox.ac.uk","that Saddam"," has","  weapons  of"
"classic-literature.co.uk",". The team"," has",""
"stalbans.gov.uk","that she or he"," has","  something"
"developments.org.uk","a visit. It"," has","  information"
"socialistunitynetwork.co.uk","self no longer"," has","  singularity  ''"
"consumerdirect.gov.uk","lasted - or"," has","  treatment"
"somewhatmuchly.co.uk",". Hussein"," has","  plenty  of that"
"foe.co.uk","Dear says he"," has","  ''no  doubt that"
"maplin.co.uk","manufacturer"," has","  knowledge  . If"
"ioe.ac.uk",". judy Aircrew"," has","  radar  or"
"pocket-lint.co.uk","Christchurch"," has","  offers"
"customs.hmrc.gov.uk","and now only"," has","  45cm  which is"
"jr2.ox.ac.uk","the class who"," has","  difficulties"
"jr2.ox.ac.uk","exam room but"," has","  limitations"
"pandemonium.me.uk","Chancellor"," has",""
"pandemonium.me.uk","Chancellor"," has",""
"kingston.gov.uk","20 years, but"," has","  burst  through"
"onlinedmc.co.uk","said: "" Des"," has","  wit  , charm and"
"ariadne.ac.uk","restaurant"," has","  hummingbird"
"cnetwork.co.uk","for kick-off"," has","  nothing  to do"
"earlymodernweb.org.uk","procedure"," has","  weaknesses"
"stalbans.gov.uk","Museum also"," has","  holdings"
"skuds.co.uk",". This table"," has","  settings"
"onlinedmc.co.uk","My daugher"," has","  milk"
"headheritage.co.uk","Swedes Rio"," has","  faith  in"
"football.guardian.co.uk","in London"," has","  things  that"
"moviemail-online.co.uk",", and neither"," has","  anyone  been on"
"sanger.ac.uk","or the Council"," has","  reason  to take"
"enm.bris.ac.uk","end - always"," has","  priority  ."
"chem.ox.ac.uk",". Berdych"," has","  talent  to"
"wateraid.org.uk","if the browser"," has","  ''stuck  '' and if"
"chem.ox.ac.uk","Council"," has","  something  to"
"socialistunitynetwork.co.uk","months that it"," has","  nothing  left"
"socialistunitynetwork.co.uk","it still"," has","  weapons  of"
"football.guardian.co.uk","). Like body"," has","  spirit  , body"
"bwpics.co.uk","owned and"," has","  trout  in a"
"bwpics.co.uk","of N. Uist"," has","  lochs  on the"
"casi.org.uk","a job. Madame"," has","  sorrows  of her"
"casi.org.uk","them that she"," has","  cancer  ? it ''s"
"femalefirst.co.uk",". Okay it"," has","  route  maps,"
"users.ox.ac.uk","The technique"," has","  advantages"
"users.ox.ac.uk",", the OH-58D KW"," has","  limitations"
"action-tv.org.uk","America that"," has","  consequences"
"myweb.lsbu.ac.uk",". When someone"," has",""
"robert-louis-stevenson.classic-literature.co.uk","l * TALABANI"," HAS","  PUT  THE SOUTH"
"robert-louis-stevenson.classic-literature.co.uk",", the PKK"," has","  camps  at"
"janus.lib.cam.ac.uk","miner also"," has","  footprint  in"
"kwintessential.co.uk","in which it"," has","  power  ("
"bwpics.co.uk",". One man"," has","  trouble"
"birdtours.co.uk","carbohydrate"," Has","  anyone  come up"
"socialistunitynetwork.co.uk","in need"," has","  access  to high"
"bbc.co.uk","on some oil"," has","  lawmakers"
"imperial.ac.uk","framework"," has","  cordons  about"
"action-tv.org.uk","labour"," has","  pros  and cons."
"casi.org.uk","(perhaps it"," has","  something  to"
"acegamez.co.uk","troupe"," has","  breakfast"
"ucisa.ac.uk","yoke. Britain"," has","  nothing  left"
"ucisa.ac.uk","feed the world"," Has","  anybody"
"ucisa.ac.uk","per barrel?"," Has","  anybody"
"ucisa.ac.uk","that"," has","  something  to"
"burnyourbonus.co.uk","water/ crud."," Has","  anyone  had any"
"transglobal-aerospace.co.uk","exploded, so"," has","  phpMyAdmin  ,"
"wateraid.org.uk","w very well and"," has","  user"
"cygnus-books.co.uk",""" share) which"," has","  rights  to all"
"acegamez.co.uk",". The aircraft"," has","  day  , night,"
"news.zdnet.co.uk","porch, which"," has","  glazing"
"domino.lancs.ac.uk","if a company"," has","  losses"
"richmond.ac.uk","and also"," has","  reserve"
"neptunepinkfloyd.co.uk",", that Roisin"," has","  nothing  to"
"presentationhelper.co.uk","the way of it."," Has","  everybody"
"bbc.co.uk","km2. Turkey"," has","  land  borders"
"crotchet.co.uk","is it? Pipe"," has","  winners  there"
"thegoodwebguide.co.uk","surprisingly"," has","  room  to bloom,"
"cain.ulst.ac.uk","of the public"," has","  access  to them"
"cain.ulst.ac.uk","of the public"," has","  access  ,"
"mqmagazine.co.uk","huge animal"," has","  time  to fall,"
"bl.uk",". His work"," has","  value  for"
"netribution.co.uk",""". This"," has","  lessons  for"
"bjhc.co.uk","nobody yet"," has","  answers  to a"
"cygnus-books.co.uk","that"," has","  difficulty"
"kingston.gov.uk",", deny this"," has","  anything  to do"
"youngminds.org.uk","Daurada now"," has","  plenty  of"
"myweb.lsbu.ac.uk","someone else"," has","  access  to site"
"dailymail.co.uk","because he"," has","  nothing  to"
"dailymail.co.uk",", because he"," has","  nothing  to"
"dailymail.co.uk","for months,"," has","  meetings"
"unixhelp.ed.ac.uk",". The hotel"," has","  parking"
"sundaymail.co.uk","much if it"," has","  wings  and a gun"
"mqmagazine.co.uk","is pretty. She"," has","  brains  . She"
"cpgb.org.uk",". When a child"," has","  fun  in sports,"
"bfi.org.uk:8080","tree,"," has","  alpha  2"
"psigate.ac.uk","Trends that"," has","  summary  data"
"cpgb.org.uk",". The IMF"," has","  knowledge  and"
"cnetwork.co.uk","here. > >"," Has","  anyone  seen an"
"manchesteronline.co.uk",", Sachatamia"," has","  hummingbird"
"televisionheaven.co.uk","website also"," has","  information"
"bearskinrug.co.uk","Nature"," has","  powers  ,"
"rhs.org.uk","speaker who"," has","  trouble  in his"
"wateraid.org.uk","now that she"," has","  access  to safe"
"lse.ac.uk",". It"," has","  sections  on"
"soulwalking.co.uk","). When a baby"," has","  cows  '' milk"
"defra.gov.uk","all types, and"," has","  viewing  rooms"
"defra.gov.uk","on a wall. Each"," has","  pros  and cons,"
"wdm.org.uk","of months"," has","  lef  ..."
"undiscoveredscotland.co.uk","a person who"," has","  passion  for"
"undiscoveredscotland.co.uk","in Broadway"," has","  inglenook"
"news.cnet.co.uk","year round &"," has","  parking"
"iq.lycos.co.uk","the meeting"," has","  access  to the"
"acegamez.co.uk","basis, and"," has","  nothing  to do"
"chester.ac.uk","? If the child"," has","  trouble"
"chester.ac.uk","a child"," has","  asthma  or not?"
"televisionheaven.co.uk",". Must Have"," Has","  experience  in"
"visitsouthwest.co.uk","and"," has",""
"paulflynnmp.co.uk","says. It"," has","  dancers  in it,"
"nwda.co.uk","mathematical"," has","  £20  , with a"
"observer.guardian.co.uk","feels like she"," has","  nothing  to"
"southbucks.gov.uk","the Sneaker"," has","  bombs  to stun"
"holdthefrontpage.co.uk","notary public"," has","  authority  to"
"eduserv.org.uk",". 3. The UK"," has","  experience"
"developments.org.uk",". The interior"," has","  room  settings"
"patent.gov.uk","Sailing"," has","  live-aboard"
"ariadne.ac.uk","delivers. It"," has","  dozens  of"
"tandf.co.uk","retrospect,"," has","  history  been"
"undiscoveredscotland.co.uk","Great Britain"," has","  jurisdiction"
"futuremovies.co.uk","The commander"," has","  staff"
"futuremovies.co.uk",". The G4 or S4"," has","  staff"
"futuremovies.co.uk",". The G3 or S3"," has","  staff"
"futuremovies.co.uk",". FM 12-6"," has","  details  on"
"patp3.webbler.co.uk",", SuperCosmos"," has","  applications"
"inminds.co.uk","campus,"," has","  dystrophy  ."
"burnyourbonus.co.uk",") and"," has","  links  with"
"bupa.co.uk","website"," has","  everything"
"crystal.dircon.co.uk","at St. Rollox"," has",""
"crystal.dircon.co.uk","of guild, who"," has","  power  to"
"crystal.dircon.co.uk",", of £1500; it"," has",""
"cgi.ebay.co.uk","and now he"," has","  wrist  watches"
"irr.org.uk","it did. """," Has","  anything  gone"
"bupa.co.uk","that"," has","  authority"
"dca.gov.uk","This website"," has","  dozens  of"
"incore.ulst.ac.uk","at night if one"," has","  trouble"
"news.bbc.co.uk","that wildlife"," has","  time  to escape"
"food.gov.uk","; she"," has","  charm  and"
"birdtours.co.uk",". It"," has","  topics  on law,"
"birdtours.co.uk","cover. It even"," has","  places  to rock"
"qub.ac.uk","Trial, which"," has","  implications"
"rafmarham.co.uk","a fellow"," has","  rooms  in this"
"moviemail-online.co.uk","on-line? who"," has","  authority  for"
"ff1600.co.uk",", and"," has","  plenty  of"
"sciencecityyork.org.uk","the person who"," has","  everything  ."
"bupa.co.uk","he himself"," has","  doubts  . "" As"
"photo-i.co.uk","and"," has","  lots  of"
"poetrysociety.org.uk","or anyone who"," has","  difficulty"
"entsweb.co.uk",". Zinda"," has","  none  of that,"
"www3.open.ac.uk","sector"," has","  capital  at"
"blogs.guardian.co.uk","lamp (which"," has","  lines  of known"
"kwintessential.co.uk","that the war"," has","  nothing  to do"
"mqmagazine.co.uk","the bay. It"," has","  lots  of reed"
"i-sis.org.uk","60 workers and"," has","  offices"
"news.cnet.co.uk","for Kosovo"," has","  allies  ''"
"nmm.ac.uk","federation"," has","  people  within"
"nmm.ac.uk","Oil Council"," has","  control  over"
"richmond.gov.uk",", but he"," has","  bonhomie  ,"
"futurelab.org.uk","each section"," has","  explanations"
"televisionheaven.co.uk",". The court"," has","  discretion  to"
"televisionheaven.co.uk","use of escrow"," has","  advantages"
"televisionheaven.co.uk","but to date it"," has","  year  on year"
"british-history.ac.uk",". It also"," has","  links  to"
"rejesus.co.uk","here. This"," has","  food  . It is not"
"i-sis.org.uk","incident."," Has","  anyone  heard"
"i-sis.org.uk","all together"," has","  nothing  to do"
"i-sis.org.uk","years ago. It"," has","  everything  to"
"televisionheaven.co.uk","currently"," has","  positions"
"action-tv.org.uk","? Because it"," has","  character  and"
"radioandtelly.co.uk",", OK - with us it"," HAS","  something"
"cygnus-books.co.uk",") { print """," has","  array"
"cygnus-books.co.uk",") { print """," has","  hash"
"fantasticfiction.co.uk","characters"," has","  type"
"cs.bham.ac.uk","because he"," has","  everything  he"
"big-brother.me.uk",", "" What"," has","  climate"
"nwda.co.uk","it already"," has",""
"ess.uwe.ac.uk",", of course,"," has","  nothing  to do"
"ess.uwe.ac.uk","account. It"," has","  everything  to"
"action-tv.org.uk","Office"," has","  today  also"
"pcanswers.co.uk","to five days."," Has","  anyone  tried"
"cnetwork.co.uk",",? he never"," has","  forgiveness  ''"
"archinet.co.uk","each approach"," has","  merits  and"
"bay-c.co.uk","background,"," has","  access  to the"
"richmond.ac.uk","and the PC"," has","  advantages"
"cf.ac.uk","the moment. He"," has","  vomiting  ,"
"bjhc.co.uk","towards Iraq"," has","  nothing  in"
"projects.ex.ac.uk",". He"," has","  p  ... more #"
"uklug.co.uk","UK and as such"," has",""
"eprints.gla.ac.uk","Centre"," has","  level  access"
"stores.ebay.co.uk",". One of us"," has","  doubts  It is"
"cnetwork.co.uk",". The author"," has","  faith  in the"
"ucisa.ac.uk",", Wayne"," has","  experience  in"
"transglobal-aerospace.co.uk","active and"," has","  videos  of the"
"cambridge.gov.uk","on the floor"," Has","  mischief  and"
"irr.org.uk","rest; a dream"," has","  power  to"
"cpgb.org.uk","''s, which also"," has","  links  with"
"cpgb.org.uk","QUBIS Ltd"," has","  re-invested"
"cf.ac.uk","Events team"," has","  years  of"
"filmfocus.co.uk","research that"," has","  impact"
"iii.co.uk","; alas, Hain"," has","  plenty  of"
"iii.co.uk","weeks. The boy"," has","  cancer  and the"
"iii.co.uk","of Iraqis"," has","  money  to spend"
"televisionheaven.co.uk","Adobe eBook"," has","  bookmarks  at"
"parishmouse.co.uk","form of poetry"," has","  burst  the"
"britishempire.co.uk",", Santa"," has","  Th  . of a second"
"inminds.co.uk","area, DAB"," has","  advantages  ,"
"bized.ac.uk","Office"," has","  information"
"bized.ac.uk","Funds Service"," has","  details  about"
"wdm.org.uk",", Faltermeyer"," has","  credits  for"
"projects.ex.ac.uk","platform"," has","  legs  '' Page: 1 2"
"televisionheaven.co.uk","Services"," has","  something  for"
"nwda.co.uk","Everest, he"," has","  nothing  to"
"dca.gov.uk","of year. One"," has","  reason  to"
"developments.org.uk","everyone"," has","  access  to safe"
"tate.org.uk",": Ballesteros"," has","  nightmare"
"doc.ic.ac.uk","Darlington"," has","  levels  of"
"chester.ac.uk","preserve"," has","  plenty  of park"
"nta.nhs.uk","I guess it"," has","  momentum  ),"
"holdthefrontpage.co.uk","already"," has","  plans  for the"
"warwithoutend.co.uk","succinct. Who"," has","  time  to read"
"eduserv.org.uk","can answer:"," has","  anyone  ever"
"chester.ac.uk","who"," has",""
"chester.ac.uk","authority who"," has",""
"filmfocus.co.uk","Thailand"," has","  temples  ,"
"publications.parliament.uk",", 335KB). It"," has","  details  of"
"rejesus.co.uk","for 10 metres."," Has","  anyone  ever"
"acegamez.co.uk","the food, who"," has","  access  to"
"acegamez.co.uk","it, and who"," has","  purchasing"
"cs.bham.ac.uk",", 42, who"," has","  offices  in"
"cpgb.org.uk","system that"," has","  rates  from 40"
"presentationhelper.co.uk","Government"," has","  today  also"
"dfid.gov.uk",". STINASU"," has","  plans  to built"
"holdthefrontpage.co.uk","University"," has","  agents"
"holdthefrontpage.co.uk","of Leicester"," has","  agreements"
"holdthefrontpage.co.uk","University"," has","  agents"
"pandemonium.me.uk","in Europe"," has","  history  ,"
"pandemonium.me.uk","in Europe"," has","  history  ,"
"wdm.org.uk","arts that"," has","  something  to"
"bay-c.co.uk","household"," has","  access  to a"
"cnetwork.co.uk","Group, which"," has","  dozens  of"
"brianmac.demon.co.uk","not only"," has","  information"
"thegoodwebguide.co.uk","Greek capital"," has","  plenty  of"
"thegoodwebguide.co.uk","French city"," has","  history  ,"
"hmrc.gov.uk","of France"," has","  masses  of"
"cain.ulst.ac.uk","Green Party"," has",""
"geos.ed.ac.uk","and Trp. > 1)"," Has","  anybody  come"
"greenparty.org.uk","green party"," has","  affinity"
"consumerdirect.gov.uk","responding to"," has","  demarcation"
"eduserv.org.uk","the patient"," has","  sinusitis  ."
"society.guardian.co.uk","when someone"," has","  surgery  to"
"acegamez.co.uk","Crudgington"," has","  today  (May 11)"
"manchester.gov.uk","the camera"," has","  auto  or manual"
"defra.gov.uk","Each route"," has","  pathway"
"nwda.co.uk",", for example,"," has","  loading  bars"
"mygen.co.uk","angle -"," has","  anyone  ever"
"cain.ulst.ac.uk",". And not only"," has","  money  been"
"bl.uk",". He"," has","  experience  in"
"eatwell.gov.uk","while no one"," has","  control  over"
"eatwell.gov.uk","refugee who"," has","  access  to the"
"arts.guardian.co.uk","foliage,"," has","  flowers  ,"
"earthfirst.org.uk","Hussein"," has","  weapons  of"
"politics.co.uk","fat molecule"," has","  space  for one"
"arts.guardian.co.uk","should, it"," has","  something  for"
"somethingjewish.co.uk","to settle and"," has","  trouble"
"somethingjewish.co.uk","friends and"," has","  trouble"
"somethingjewish.co.uk","at why Paul"," has","  trouble"
"blogs.guardian.co.uk","the Iraqi army"," has","  artillery  and"
"filmfocus.co.uk","department"," has","  expertise  in"
"cygnus-books.co.uk","my cable tv but"," has","  anything"
"cygnus-books.co.uk","my cable tv but"," has","  anything"
"mark-twain.classic-literature.co.uk",", but when he"," has","  ladies  to"
"seniorsnetwork.co.uk","). This valve"," has","  orifice  plug 1"
"seniorsnetwork.co.uk","A, the valve"," has","  poppet  1"
"casi.org.uk","knows what. He"," has","  groups  of"
"ciao.co.uk","work that"," has","  originality"
"publications.parliament.uk","a helmet"," has","  nothing  up"
"pcpro.co.uk","ruler of china"," has","  balls  the size"
"cf.ac.uk","and that"," has","  nothing  to do"
"jr2.ox.ac.uk",". istc. org"," has","  information  ."
"rafmarham.co.uk","each country"," has","  advantages  of"
"socialistunitynetwork.co.uk","safe to do so."," Has","  anyone  else"
"arts.guardian.co.uk","products"," has","  biotech"
"cs.bham.ac.uk","the staff as he"," has","  lots  and lots"
"food.gov.uk","Louis Pasteur"," has","  sections"
"action-tv.org.uk","it. Boldness"," has","  genius  and"
"bathnes.gov.uk","currently"," has",""
"bathnes.gov.uk","currently"," has",""
"photo-i.co.uk","3.21 DCA"," has",""
"lists.grok.org.uk","Where a person"," has","  dependants  ,"
"lists.grok.org.uk","May 1992 (as it"," has","  effect  from"
"qub.ac.uk",". This book"," has","  nothing  to"
"acca.co.uk",", which"," has","  equipment"
"mark-twain.classic-literature.co.uk","Agency also"," has",""
"web.ukonline.co.uk","well and now"," has","  forty-eight"
"chem.ox.ac.uk","example, if"," has","  shape  nx by ny"
"developments.org.uk",", books, and"," has","  links  to"
"publications.parliament.uk","organisation"," has","  gro  ... see"
"ucl.ac.uk","","has","  license"
"greatwriting.co.uk","status quo or"," has","  confidence  in"
"spelthorne.gov.uk",". Each"," has","  years  of"
"dca.gov.uk","the public"," has","  confidence  in"
"futuremovies.co.uk","that the BNP"," has","  nothing  to"
"eprints.gla.ac.uk","Lexus GS450h"," has","  plenty  of"
"mark-twain.classic-literature.co.uk","; (b) it"," has","  effect  for a"
"photo-i.co.uk","midlands it"," has","  stacks  of"
"televisionheaven.co.uk",". AudioPlayer"," has","  option  to play"
"undiscoveredscotland.co.uk","meh because it"," has","  everything"
"undiscoveredscotland.co.uk","in a book. It"," has","  comedy  , drama"
"bgsnet.org.uk","front tactic"," has","  nothing  to do"
"allotment.org.uk",". But she"," has","  evidence  that"
"filmfocus.co.uk","the JISC side"," has",""
"i-sis.org.uk","it states it"," has","  box  and"
"ariadne.ac.uk",", each of whom"," has",""
"ariadne.ac.uk","Court Service"," has","  access  to the"
"taxfreegold.co.uk","itself"," has","  options  which"
"uklug.co.uk",". It certainly"," has","  nothing  to do"
"rvc.ac.uk","one; but this"," has","  nothing  to do"
"business.guardian.co.uk","1970s. It now"," has","  effects  which"
"business.guardian.co.uk",") nor Artous"," has","  things  to say"
"ioe.ac.uk","acquisitions"," has","  burst  into"
"catalystmagazine.org.uk","ITV already"," has","  defect  to"
"hants.gov.uk","That at Buxton"," has","  room  for about"
"capita.co.uk","a relative who"," has","  cancer  and I"
"mailonsunday.co.uk","process"," has","  views  on the"
"spelthorne.gov.uk","or not Iraq"," has","  weapons  of"
"spelthorne.gov.uk",". Bulgaria"," has","  agreements"
"arts.guardian.co.uk",". It also"," has","  display"
"burnyourbonus.co.uk","because Texas"," has","  thousands  of"
"incore.ulst.ac.uk",". com) * Opec"," has","  world  running"
"incore.ulst.ac.uk","that Saddam"," has","  cancer  , but"
"photo-i.co.uk","account. That"," has","  nothing  to do"
"thegoodwebguide.co.uk","area, London"," has","  today  a"
"undiscoveredscotland.co.uk",": "" Labour"," has","  nothing  to say"
"i-sis.org.uk","although she"," has","  nothing"
"rvc.ac.uk","AIM stock. It"," has","  plans  to"
"bay-c.co.uk","Rural Affairs"," has",""
"i-sis.org.uk","place. Capita"," has","  experience  of"
"youngminds.org.uk",", and this air"," has","  weight  . This"
"jisc.ac.uk",". Southall"," has","  plenty  of"
"enm.bris.ac.uk","BBC ''s Webwise"," has","  info  on"
"admin.cam.ac.uk","technique"," has","  roots  in"
"cs.bham.ac.uk","ensures it"," has","  blanket"
"cheng.cam.ac.uk","WaterAid"," has","  programmes  ,"
"thegoodwebguide.co.uk","to know who"," has","  access  to"
"hants.gov.uk","(whose son"," has","  ITP  ). Since"
"chem.ox.ac.uk","economic unit"," has","  implications"
"cabe.org.uk","approach also"," has","  weaknesses"
"ess.uwe.ac.uk","), the EU"," has","  sovereignty"
"edirectory.co.uk",". It"," has","  bits"
"sfca.co.uk","dies?"," Has","  Satan  won?"
"foe.co.uk","The Times also"," has","  law  reports in"
"web.ukonline.co.uk","upstart who"," has","  nothing"
"presentationhelper.co.uk","of the website"," has","  sections  on"
"kwintessential.co.uk","a card or not."," Has","  anybody  taken"
"genuki.org.uk","(Freeview"," HAS","  modulator  )"
"genuki.org.uk","each model"," has","  differences  ,"
"socialistunitynetwork.co.uk","Arabia, which"," has","  reserves  of"
"inminds.co.uk","and producer,"," has","  covere  ... S4C"
"phrases.org.uk","upstart who"," has","  nothing"
"reviewing.co.uk","uniform still"," has","  power  as a"
"poetrysociety.org.uk",". Never"," has","  life  in the"
"leeds.gov.uk","that"," has","  vision  and"
"leeds.gov.uk",", DEFRA"," has",""
"leeds.gov.uk","know, Ofwat"," has",""
"leeds.gov.uk","targets and"," has","  powers  to deal"
"thegoodwebguide.co.uk",". Bat Shalom"," has","  delegations"
"qub.ac.uk","Sullivan. Sam"," has","  quadriplegia"
"qub.ac.uk",", which"," has","  information"
"qub.ac.uk","05, 12:00 AM -"," Has","  anybody  seen"
"qub.ac.uk","05, 12:00 AM -"," Has","  anybody  seen"
"qub.ac.uk","05, 12:00 AM -"," Has","  anybody  seen"
"orangeprize.co.uk","- which"," has","  capacity  to"
"consumerdirect.gov.uk","market. This"," has","  implications"
"poetrysociety.org.uk","Service (NJAC"," has","  contact  )"
"eatwell.gov.uk","polished and"," has","  input  from"
"hants.gov.uk","small church"," has","  work  of many"
"refer.nhs.uk","rarely"," has","  access  to the"
"refer.nhs.uk",", one of which"," has","  difficulty"
"bgsnet.org.uk","motivation"," has","  nothing  to do"
"bearskinrug.co.uk","that SBI"," has","  access  to the"
"cf.ac.uk","SEHD"," has","  contracts"
"cf.ac.uk",". SEHD"," has","  contracts"
"cf.ac.uk","subject group"," has","  subjects  in"
"cf.ac.uk","The SEHD"," has","  contracts"
"southbucks.gov.uk","G. Bt corn"," has","  ahigher"
"sitcom.co.uk","currently"," has","  twenty-one"
"heacademy.ac.uk","went out:"," has","  anyone  ever"
"reviewing.co.uk",". Kirsten"," has","  degrees  from"
"burnyourbonus.co.uk","radio unit. It"," has","  sections  for"
"megalithic.co.uk","? ? ? Shame"," has","  nothing  to do"
"soi.city.ac.uk",", the company"," has","  programme  to"
"jr2.ox.ac.uk","FFord, but it"," has",""
"ess.uwe.ac.uk",", Aberdeen"," has","  none  . SLAB:"
"cabe.org.uk","famous who"," has","  peace  of mind"
"thegoodwebguide.co.uk","The Hizbollah"," has","  nothing  on"
"thegoodwebguide.co.uk",". It also"," has","  branches  in"
"littleredboat.co.uk","website also"," has","  information"
"bupa.co.uk","He ''s So Sweet!"," Has","  Anybody  Seen"
"onlinedmc.co.uk","for Europe"," has","  expertise"
"onlinedmc.co.uk",") group, which"," has","  variety  of"
"crystal.dircon.co.uk","Unions and"," has","  unions  within"
"soton.ac.uk","School also"," has","  exchange"
"chem.ox.ac.uk","makes or"," has","  plans  to make a"
"chm.org.uk","as I ''ve got."," Has","  anyone  got any"
"forums.multiplay.co.uk","himself. He"," has","  families  left"
"forums.multiplay.co.uk","your point."," Has","  anyone  else"
"forums.multiplay.co.uk","% believe oil"," has","  nothing  to do"
"forums.multiplay.co.uk","are so high?"," Has","  anyone  else"
"jncc.gov.uk","that your body"," has","  time  to"
"politics.co.uk","you know,"," has","  workhouse"
"burnyourbonus.co.uk","if window also"," has","  property"
"kingston.gov.uk","the girl that"," has","  everything"
"action-tv.org.uk","of Europe"," has","  room  for"
"nhs.uk","area that he"," has","  permission  to"
"pressies4princesses.co.uk","apply"," has","  been-  (a) the"
"pparc.ac.uk","of Rugby"," has","  displays"
"dailymail.co.uk","the argument"," has","  type"
"netdoctor.co.uk","1050 and his av"," has","  something  to"
"undiscoveredscotland.co.uk","Christianity"," has","  nothing  to do"
"forums.multiplay.co.uk","if the company"," has",""
"forums.multiplay.co.uk","''s affairs"," has","  information"
"forums.multiplay.co.uk","). This"," has","  implications"
"mfiles.co.uk","The UNIDO"," has","  policies  ,"
"mfiles.co.uk","This link"," has","  press"
"mfiles.co.uk","This site"," has","  news  briefs"
"mfiles.co.uk","The UNIDO"," has","  policies  ,"
"durham21.co.uk","or DinB) that"," has","  homologues  in"
"phrases.org.uk",". Perhaps this"," has","  something  to"
"futurelab.org.uk","company"," has","  factories  in"
"geog.port.ac.uk","SIA already"," has","  access  . It is"
"geog.port.ac.uk","the tenant"," has","  time  to seek"
"fantasticfiction.co.uk","Minister who"," has","  power  to make"
"fantasticfiction.co.uk","a court which"," has","  power  to award"
"cheng.cam.ac.uk",". not much"," has","  changes  with"
"jncc.gov.uk","the girl that"," has","  everything  !"
"manchester.gov.uk","Hall... It"," has","  nothing  to do"
"mark-twain.classic-literature.co.uk","Ireland"," has","  equality  of"
"mark-twain.classic-literature.co.uk",". The CIRA"," has","  supporters  in"
"mark-twain.classic-literature.co.uk","CIRA probably"," has","  access  to a few"
"futurelab.org.uk","scrutiny."," Has","  anyone  else"
"ff1600.co.uk","mission. It"," has","  links  to"
"tdwaterhouse.co.uk","camera crew"," has","  gone/  In that"
"cygnus-books.co.uk","curve. It"," has","  plenty  of"
"phrases.org.uk","up and Listen!"," has","  something  for"
"entsweb.co.uk","who"," has","  min  of 3 years"
"patent.gov.uk",". Also"," has","  details  of"
"patent.gov.uk","cancers;"," Has","  involvement"
"le.ac.uk","the level that"," has","  engagement"
"transglobal-aerospace.co.uk","other. This"," has","  relevance  for"
"transglobal-aerospace.co.uk","or a group"," has","  part  only of"
"transglobal-aerospace.co.uk","(2)(a). ) If he"," has","  associates"
"manchesteronline.co.uk","is very fast,"," has","  jump  jets that"
"computerarts.co.uk","forces) but"," has","  anyone  done"
"tate.org.uk","S. spies * Iraq"," has","  powder  that"
"number-10.gov.uk","and also"," has",""
"customs.hmrc.gov.uk",". Each parish"," has","  power  to send"
"refer.nhs.uk","when the file"," has","  holes  . ) The"
"dumgal.gov.uk","theme, i ask """," has","  football"
"shop.earthscan.co.uk","important and"," has","  implications"
"rhs.org.uk",". Its pink face"," has","  dials  in"
"dooyoo.co.uk","I`ll Find You 6"," Has","  Anybody  Seen"
"moviemail-online.co.uk","this is"," has","  trout  . I have"
"manchestereveningnews.co.uk","to the idea she"," has","  depression"
"richmond.ac.uk","your eyes."," Has","  exam  revision"
"tdwaterhouse.co.uk","claims he"," has","  evidence  that"
"tdwaterhouse.co.uk","ban that"," has","  exceptions  to"
"mtv.co.uk","1992, the Act"," has","  effect  on the"
"cnetwork.co.uk","Justin"," has","  something  to"
"cnetwork.co.uk","the Caribbean"," has","  place  names"
"cnetwork.co.uk","Shop, which"," has","  offices  at"
"cnetwork.co.uk","Justin"," has","  something  to"
"leeds.gov.uk","Government"," has","  Opposition"
"brianmac.demon.co.uk","poppycock. It"," has","  plenty  of"
"foe.co.uk","dietitian who"," has","  experience"
"heacademy.ac.uk","legend - and it"," has","  nothing  at all"
"bl.uk","is disabled or"," has","  health"
"bl.uk","is disabled or"," has","  health"
"wessexscene.co.uk","The Protocol"," has","  provisions"
"britishempire.co.uk","said: "" He"," has","  everything  ."
"britishempire.co.uk","said: "" He"," has","  everything  ."
"visitsouthwest.co.uk","that everyone"," has","  transport  to"
"spamfo.co.uk","receives them"," has",""
"cgi.ebay.co.uk","in which it"," has","  investments  ."
"tate.org.uk","surprise."," Has","  anyone"
"aiai.ed.ac.uk","that Israel"," has","  nothing  to"
"aiai.ed.ac.uk","that the US"," has","  everything  to"
"orangeprize.co.uk","when the enemy"," has","  plenty  , in the"
"socialistunitynetwork.co.uk","it been like?"," Has","  anyone  in it"
"jr2.ox.ac.uk",", advertising"," has","  nothing  to do"
"somethingjewish.co.uk",". He"," has",""
"ariadne.ac.uk","1 A business"," has","  sales  , net of"
"shop.earthscan.co.uk","just 170 foxes"," has","  anything  to do"
"megalithic.co.uk","an employer"," has","  employees  who"
"customs.hmrc.gov.uk","the court"," has","  power  to"
"customs.hmrc.gov.uk","which court"," has","  jurisdiction"
"customs.hmrc.gov.uk","member states"," has","  jurisdiction"
"customs.hmrc.gov.uk","first seised"," has","  jurisdiction"
"customs.hmrc.gov.uk","the latter"," has","  jurisdiction"
"customs.hmrc.gov.uk","the Community"," has","  rules  of"
"customs.hmrc.gov.uk","whether it"," has","  jurisdiction"
"futurelab.org.uk","prudential."," Has","  deterrence  of"
"presentationhelper.co.uk","how he"," has","  â  ?"
"undiscoveredscotland.co.uk","indirectly,"," has","  control  , or"
"undiscoveredscotland.co.uk","indirectly,"," has","  control  . How"
"socialistunitynetwork.co.uk","DIVISION"," has","  Sales"
"burnyourbonus.co.uk",". html ] Which"," has","  links  to"
"burnyourbonus.co.uk","your library"," has","  access  to:"
"inminds.co.uk","to escape"," has","  father  and the"
"ess.uwe.ac.uk","Library now"," has","  access  to the"
"ess.uwe.ac.uk","Library now"," has","  access  to"
"ess.uwe.ac.uk","Library now"," has","  access  to"
"shop.earthscan.co.uk","''s success"," has","  nothing  to do"
"southbucks.gov.uk","armed forces?"," Has","  s/  he used the"
"patent.gov.uk","? I guess it"," has","  something  to"
"bnp.org.uk",","," has","  applications"
"cnetwork.co.uk","market also"," has","  knock-on"
"squaremeal.co.uk","the Agency and"," has",""
"somethingjewish.co.uk","times and so"," has","  rap  star"
"action-tv.org.uk","interested in"," has","  meaning  and"
"gnn.gov.uk","website"," has","  information"
"rhs.org.uk","languages and"," has","  licenses  in"
"geos.ed.ac.uk","course, this"," has","  nothing  to do"
"ariadne.ac.uk","evidence Iraq"," has","  weapons  of"
"mqmagazine.co.uk",". The panel"," has","  expertise  in"
"developments.org.uk","your website"," has","  authority"
"ukwhitegoods.co.uk","University"," has","  student"
"ukwhitegoods.co.uk","Brookes"," has","  exchange"
"spartacus.schoolnet.co.uk",","," has","  anyone  so far"
"dca.gov.uk",". "" Joey, 18,"," has","  parents  who"
"jr2.ox.ac.uk","Hayden"," has","  pipedreams  of"
"jr2.ox.ac.uk","tinted, its"," has","  Technicolor"
"jncc.gov.uk",", and a man who"," has","  centuries"
"hm-treasury.gov.uk","version"," has","  reviews  of 4"
"bupa.co.uk","so glad that he"," has","  plenty  of work"
"bathnes.gov.uk","), but she"," has","  problems  of"
"ess.uwe.ac.uk","Mina! She"," has","  man  ''s brain, a"
"huntinginquiry.gov.uk","R. battle, he"," has","  none  the less"
"psigate.ac.uk","that"," has","  none  of its"
"otherlandtoys.co.uk","box... the box"," has","  wear  but is"
"seniorsnetwork.co.uk","about... What"," has","  roots  as"
"crystal.dircon.co.uk",". This"," has","  athletes"
"english-heritage.org.uk","What machine?"," Has","  Mrs  Crivens"
"wdm.org.uk","Scotland, and"," has","  fourteen"
"mqmagazine.co.uk","Thus company B"," has","  access  to the"
"mqmagazine.co.uk","e. that EU law"," has","  effect  ,"
"bnp.org.uk","their stride."," Has","  someone"
"seniorsnetwork.co.uk","else. It"," has","  everything"
"clieuk.co.uk","term. 3G also"," has","  time  on it side"
"kent.ac.uk","Danish media"," has","  nothing  to do"
"manchesteronline.co.uk","NCW. NEC only"," has","  value  when set"
"genuki.org.uk","clearly"," has","  aspirations"
"manchester.gov.uk","before him. He"," has","  plenty  of"
"archive.food.gov.uk","Germany still"," has","  volume  but it"
"classic-literature.co.uk","Arthritis ''"," has","  information"
"televisionheaven.co.uk","section of MAB"," has","  reservations"
"projects.ex.ac.uk","? this"," has","  answers  to"
"poetrysociety.org.uk",", someone who"," has","  aiwys  thought"
"bjhc.co.uk","their stride."," Has","  someone"
"huntinginquiry.gov.uk","3 software, it"," has","  everything"
"kierenmccarthy.co.uk","PHARMACIST"," has","  experience  in"
"kierenmccarthy.co.uk","PHARMACIST"," has","  experience  in"
"kierenmccarthy.co.uk","PHARMACIST"," has","  experience  in"
"kierenmccarthy.co.uk","PHARMACIST"," has","  experience  in"
"kierenmccarthy.co.uk","PHARMACIST"," has","  experience  in"
"computerarts.co.uk","group that"," has",""
"bl.uk",". 11.5 Council"," has",""
"otherlandtoys.co.uk","trials. """," Has","  devolution  of"
"greenparty.org.uk","a system that"," has","  lots  of checks"
"jncc.gov.uk","somewhere who"," has","  access  to a"
"ucisa.ac.uk",". "" He"," has","  plenty  of"
"ucisa.ac.uk","sure he still"," has","  something  to"
"eduserv.org.uk","of which"," has","  £15  per annum,"
"consumerdirect.gov.uk","'' but this"," has","  music  which I"
"fishandfly.co.uk","but also"," has","  projects"
"eatwell.gov.uk","And if all this"," has","  connection"
"brianmac.demon.co.uk","now finding it"," has",""
"mfiles.co.uk","still"," has","  alot  of"
"mark-twain.classic-literature.co.uk","means the body"," has","  time  to deal"
"inminds.co.uk","at present; it"," has","  facility  of"
"inminds.co.uk",". This place"," has","  claims  to a"
"shop.earthscan.co.uk","ill today. He"," has","  phlebitis  ,"
"shop.earthscan.co.uk",". He therefore"," has","  charge  of 25 to"
"inminds.co.uk","the bubble"," has","  burst  , it is"
"projects.ex.ac.uk","couple"," has","  children  . God"
"ears.dmu.ac.uk","of a group"," has","  access  to,"
"ears.dmu.ac.uk","a thread"," has","  http  :/"
"socialistunitynetwork.co.uk","United States"," has","  plenty  of coal"
"icteesside.icnetwork.co.uk","retreat"," has","  designer"
"icteesside.icnetwork.co.uk","of lovers also"," has","  plenty  to keep"
"paulflynnmp.co.uk","constituency"," has","  lots  of"
"futuremovies.co.uk","The Pope"," has","  blood  on his"
"jr2.ox.ac.uk","then Brazil"," has","  plenty  ."
"hants.gov.uk","paper"," has","  guidelines  to"
"hants.gov.uk","paper"," has","  advice  on a"
"reviewing.co.uk","22-year-old"," has","  substance  as"
"dca.gov.uk","gateway"," has","  charm  - and"
"dca.gov.uk",", Barcelona"," has","  something  for"
"action-tv.org.uk","the reader"," has","  experience  of"
"business.guardian.co.uk","Council"," has","  something  for"
"business.guardian.co.uk",""", which"," has","  nothing  at all"
"pcanswers.co.uk","Riviera"," has","  everything"
"televisionheaven.co.uk","Gerrard"," has","  style  and"
"wessexscene.co.uk",", if anyone"," has","  access  to"
"tate.org.uk",". All this"," has","  nothing  to do"
"customs.hmrc.gov.uk",", surely it"," has","  nothing  to do"
"spartacus.schoolnet.co.uk","that"," has","  elements  of"
"spartacus.schoolnet.co.uk",", she hardly"," has","  anything  to do"
"spartacus.schoolnet.co.uk","Joanna Lumley"," has","  lots  of fun as"
"ff1600.co.uk","Ericsson"," has","  plenty  of"
"cain.ulst.ac.uk","department"," has","  access  to"
"myweb.lsbu.ac.uk","designed and"," has","  lots  of good"
"inminds.co.uk",". He also"," has","  something  of"
"business.guardian.co.uk","because it"," has","  sugar  in it."
"netribution.co.uk","this person"," has","  wealth  . Not at"
"socialistunitynetwork.co.uk","society that"," has","  access  to the"
"greenparty.org.uk","and that it"," has","  access  to the"
"brianmac.demon.co.uk","and"," has","  expertise  in"
"tech.plym.ac.uk","our client now"," has","  ambitions  to"
"tech.plym.ac.uk","person who"," has","  experience"
"bized.ac.uk","cartoons and"," has","  charts  to"
"rafmarham.co.uk","of Poetry"," has","  tenure  , Tony"
"classic-literature.co.uk","original fit"," has","  regions  where"
"photo-i.co.uk","new trails. It"," has","  places  that a"
"lists.grok.org.uk","fiction"," has","  everything  I"
"burnyourbonus.co.uk","a rash, and it"," has","  nothing  to do"
"rhs.org.uk","How long"," has","  Diabetes  been"
"stalbans.gov.uk","of the weblog"," has","  links  to the"
"tech.plym.ac.uk","that"," has","  power  and"
"taxfreegold.co.uk","Eisenberg"," has","  found(36  )"
"english-heritage.org.uk","SPI ''s website"," has","  links  to an"
"publications.parliament.uk","-- London"," has","  everything"
"cain.ulst.ac.uk","paid worker"," has","  investment"
"cs.bham.ac.uk",". Mitrovica"," has","  witnesses  a"
"bgsnet.org.uk","doctors,"," has","  guidelines"
"bdo.co.uk","Kirk? '' and"," has","  ''Soldier  ,"
"spartacus.schoolnet.co.uk","the ground and"," has","  shampoo"
"number-10.gov.uk","Posts: 159"," Has","  anyone  seen"
"fishandfly.co.uk","- back home who"," has","  anything"
"personalfinance.iii.co.uk","living soul"," has","  wings  , and"
"holdthefrontpage.co.uk",". Cozumel"," has","  -a  lot- of"
"euro.gov.uk","of learning"," has","  researchers"
"acegamez.co.uk","not. Ultralab"," has","  experience  of"
"foe.co.uk","at present. He"," has","  homes  in"
"wdm.org.uk","which already"," has","  biogas"
"youngminds.org.uk","university"," has","  plans  at this"
"greenparty.org.uk","Office"," has","  details  of"
"greenparty.org.uk","? Richmond"," has","  alumni  living"
"cpgb.org.uk","United States"," has","  diabetes  or"
"foe.co.uk","War, Nadhim"," has","  plenty  of"
"publications.parliament.uk","the bill"," has","  nothing  to do"
"wessexscene.co.uk","politics that"," has","  part  of the"
"wessexscene.co.uk","politics that"," has","  part  of the"
"skuds.co.uk","SPI ''s website"," has","  links  to an"
"soton.ac.uk","if the woman"," has","  someone  she"
"dvdtimes.co.uk",", the sale"," has","  restrictions"
"holdthefrontpage.co.uk","have worked on"," has","  anything  at"
"shop.earthscan.co.uk","evangelical"," has","  connotations"
"ucisa.ac.uk","website also"," has","  information"
"paramedic.org.uk","Woods still"," has","  lessons  to"
"watford3r-pct.nhs.uk","it still"," has","  support  in key"
"mqmagazine.co.uk","children, but"," has","  adults  tuning"
"poole.gov.uk",". David"," has",""
"britishempire.co.uk","Hoddle"," has","  respect  in the"
"cheng.cam.ac.uk","films. Each"," has","  something  to"
"ukwhitegoods.co.uk","use and"," has","  teacher"
"number-10.gov.uk","with oil. This"," has","  nothing  to do"
"socialistunitynetwork.co.uk","opposition"," has","  respect  . But"
"cs.bham.ac.uk",". I ask if he"," has","  regrets  about"
"cs.bham.ac.uk","something he"," has","  plans  for? ''Oh"
"spamfo.co.uk","ask what right"," has","  anyone  ? to"
"bubl.ac.uk","that"," has","  relevance  to"
"uklug.co.uk",". AudioPlayer"," has","  option  to play"
"eatwell.gov.uk","licence"," has","  effect  until"
"refer.nhs.uk","by planting,"," has","  space  for 180"
"lrb.co.uk","say Scotland"," has","  nothing  in"
"lrb.co.uk",", England"," has","  nothing  in"
"futuremovies.co.uk","the IT bubble"," has","  burst  and a"
"euro.gov.uk","of any kind"," has",""
"tandf.co.uk","which"," has","  practice  , the"
"parishmouse.co.uk","already"," has","  experience  of"
"nutcote.demon.co.uk","Fire '', which"," has","  orange-red"
"nutcote.demon.co.uk","flowering. It"," has",""
"cnetwork.co.uk",": Ballesteros"," has","  nightmare"
"action-tv.org.uk","sure everyone"," has","  access  to the"
"kwintessential.co.uk","up This stage"," has","  nothing"
"soulwalking.co.uk","as though he"," has","  bats"
"crystal.dircon.co.uk","Iraq still"," has","  weapons  of"
"users.ox.ac.uk","born in Norway"," has","  information"
"users.ox.ac.uk","registry also"," has","  information"
"classic-literature.co.uk","and"," has","  banking"
"bearskinrug.co.uk","This site also"," has","  practice"
"onlinedmc.co.uk","of water. It"," has","  boats  for hire"
"policyhub.gov.uk","Bandolier"," has","  time  for here,"
"ioe.ac.uk","), this"," has","  nothing  to do"
"eduserv.org.uk",". Each person"," has","  value  ; has"
"teentoday.co.uk","ERDIP"," has","  relevance  for"
"cf.ac.uk","with the US"," has","  nothing  to do"
"cf.ac.uk","is a man who"," has","  disdain  for"
"nationalschool.gov.uk","). Lesley Hall"," has","  fun"
"ess.uwe.ac.uk",", now my accent"," has","  employers  and"
"food.gov.uk","service"," has","  interests"
"rvc.ac.uk",". net. NavLink"," has","  offices  in the"
"paulflynnmp.co.uk","community who"," has","  experience  of"
"bay-c.co.uk","of decline"," has","  implications"
"ariadne.ac.uk","that"," has",""
"action-tv.org.uk","phenomenon"," has","  nothing  to do"
"televisionheaven.co.uk",". Since theory"," has","  difficulty  in"
"refer.nhs.uk","of. But it"," has","  delicacy  too."
"pocket-lint.co.uk","pop news group"," has","  nothing  to do"
"pocket-lint.co.uk",". lang. pop"," has","  nothing  to do"
"pocket-lint.co.uk",". ] Pop-11 also"," has","  pattern"
"stalbans.gov.uk",". This story"," has","  value  as a look"
"aiai.ed.ac.uk","Green"," has","  said--for  he"
"aiai.ed.ac.uk","said--for he"," has","  ''let  the cat"
"thisistravel.co.uk","paper also"," has","  information"
"observer.guardian.co.uk","university"," has","  lists  of"
"dailymail.co.uk",". The site"," has","  details  of"
"dailymail.co.uk","structures ''"," has","  data  on"
"mtv.co.uk","Joe Sacco, it"," has","  something  to"
"ariadne.ac.uk","University"," has","  campuses  in"
"consumerdirect.gov.uk","This site also"," has","  practice"
"casi.org.uk","he probably"," has","  something  to"
"paulflynnmp.co.uk","UK and Ireland"," has","  information"
"jncc.gov.uk","help in that he"," has","  guests  on his"
"customs.hmrc.gov.uk",", every street"," has","  memories  or"
"mqmagazine.co.uk",". It is silver,"," has","  starbucks  on"
"amazon.co.uk","May 1992 (as it"," has","  effect  from"
"acegamez.co.uk","the person"," has","  freedom  of"
"warwithoutend.co.uk","or other,"," has","  rights"
"skuds.co.uk",", or sleep. She"," has","  something"
"news.zdnet.co.uk","it feels it"," has","  carte  blanche"
"bnp.org.uk","but also"," has","  numbers  of"
"kwintessential.co.uk",", the show"," has","  audiences  on"
"fortunecity.co.uk","storms) and"," has","  material  for"
"headheritage.co.uk","already"," has","  plantations"
"headheritage.co.uk","also"," has","  plans  to"
"headheritage.co.uk","the industry"," has","  plans  of"
"leeds.gov.uk","by a model who"," has","  years  of"
"ears.dmu.ac.uk","Perhaps the US"," has","  problems  in"
"chem.ox.ac.uk","years that it"," has","  run  has"
"neptunepinkfloyd.co.uk","for class use,"," has",""
"ariadne.ac.uk","Where a person"," has","  dependants  ,"
"ariadne.ac.uk","(1) above as it"," has","  effect  in"
"holdthefrontpage.co.uk","08 The BFWG"," has","  awards  for"
"customs.hmrc.gov.uk","group, which"," has",""
"irr.org.uk","steadily - as"," has","  usage  , with"
"irr.org.uk","that everyone"," has","  access  to IT"
"number-10.gov.uk",". The page also"," has","  links  to a"
"eprints.gla.ac.uk","in Norwich"," has","  heather  and"
"kierenmccarthy.co.uk","war planning"," has","  none  of the """
"kierenmccarthy.co.uk","and"," has","  veto  power in"
"kierenmccarthy.co.uk","evidence he"," has","  things  he is"
"kierenmccarthy.co.uk","the bureau"," has","  jurisdiction"
"kierenmccarthy.co.uk",". The FBI"," has","  jurisdiction"
"moviemail-online.co.uk","stop until he"," has","  control  of all"
"developments.org.uk","Barbados, and"," has","  estates  there"
"classic-literature.co.uk","a life one"," has","  reason  to"
"computerarts.co.uk","Vanslyperken"," has","  Nothing  but"
"hmrc.gov.uk","and"," has","  meaning  . It"
"thestage.co.uk","''s excitement"," has","  nothing  to do"
"rhs.org.uk","so long as he"," has","  patience  with"
"cygnus-books.co.uk","claims that it"," has","  nothing  to do"
"cygnus-books.co.uk","body or the DoC"," has","  control  over"
"cygnus-books.co.uk","DoC accept it"," has","  control  over"
"bnp.org.uk","[ 12 ]. Sweden"," has","  thousands  of"
"developments.org.uk","C. Dr. Vickers"," has","  research"
"classic-literature.co.uk",", may, if he"," has","  reason  to"
"classic-literature.co.uk","which he"," has","  reason  to"
"classic-literature.co.uk",", and, if he"," has","  reason  to"
"classic-literature.co.uk","which be"," has","  reason  to"
"undiscoveredscotland.co.uk",". It"," has","  details  about"
"archive.food.gov.uk","platforms, so"," has","  something  to"
"jncc.gov.uk","/broadcaster"," has","  policies  ,"
"wdm.org.uk","the Community"," has","  ''competence  ''"
"wdm.org.uk","the Community"," has","  authority"
"somethingjewish.co.uk",", that it"," has","  oil  , water and"
"somethingjewish.co.uk","warned that he"," has","  information"
"bized.ac.uk","now probably"," has","  hundreds  of"
"bized.ac.uk","Iraq already"," has","  hundreds  of"
"bized.ac.uk",""" and"," has","  ties  with"
"bearskinrug.co.uk","11th. Heat two"," has","  ''heat  of death"
"shef.ac.uk",". The county"," has","  dozens  of"
"mqmagazine.co.uk","people and"," has","  information"
"business.guardian.co.uk","system, and it"," has","  meaning"
"parkinsons.org.uk","and whether it"," has","  anything"
"parkinsons.org.uk","everyone"," has","  access  to a"
"ukwhitegoods.co.uk","My husband"," has","  dementia  and"
"ukwhitegoods.co.uk","My daughter"," has","  problems  with"
"cpgb.org.uk","England. Now"," has","  contributors"
"2ndchancepc.co.uk",". This"," has",""
"cheng.cam.ac.uk","my son who"," has","  chicken  pox be"
"myweb.lsbu.ac.uk","This"," has","  nothing  to do"
"cheng.cam.ac.uk","of careers"," has","  links  to"
"shef.ac.uk","approach"," has","  nothing  in"
"ariadne.ac.uk","software"," has","  software  from"
"gnn.gov.uk","I ask Redfern,"," has","  photography"
"bdo.co.uk",", which"," has",""
"number-10.gov.uk","Office"," has",""
"ruralgateway.org.uk","to workflow"," has","  improvements"
"ruralgateway.org.uk","community who"," has","  experience  of"
"futuremovies.co.uk",". This verse"," has","  something  to"
"futuremovies.co.uk","] All this"," has","  something  to"
"i-sis.org.uk","company that"," has","  links  with"
"televisionheaven.co.uk","new extension"," has","  windows  with"
"nta.nhs.uk","). -s File"," has","  nonzero  size ("
"ucl.ac.uk","that I believe"," has","  lessons"
"birdtours.co.uk","Fox. Iraq"," has","  flight  tested"
"birdtours.co.uk","leader"," has","  cancer  , but"
"birdtours.co.uk",". The new panel"," has","  members  from"
"bwpics.co.uk","offended God"," has","  grace  for vile"
"gimbo.org.uk",". "" If the judge"," has","  time  to read"
"euro.gov.uk","My son"," has","  diabetes  and"
"euro.gov.uk","? My father"," has","  diabetes  - am I"
"euro.gov.uk","? My father"," has","  diabetes  - can"
"i-sis.org.uk",". His face"," has","  none  of the"
"peterhead.org.uk",". Although he"," has","  confidence  in"
"peterhead.org.uk","that he"," has","  cancer  and"
"peterhead.org.uk","Hugo Chávez"," has","  charm  ,"
"poetrysociety.org.uk","young person"," has","  education  or"
"brianmac.demon.co.uk",". This Paper"," has","  proposals  for"
"games.moria.org.uk","learning this"," has","  significance"
"personalfinance.iii.co.uk",", as"," has","  support  for an"
"personalfinance.iii.co.uk","Iraq. Kuwait"," has","  defence  pacts"
"riversidestudios.co.uk","there a God? 2."," Has","  man  a soul? 3."
"riversidestudios.co.uk","v. Hume. 9."," Has","  life  a purpose"
"presentationhelper.co.uk",". Every field"," has","  hundreds  of"
"huntinginquiry.gov.uk",", which"," has","  operations  in"
"socialistunitynetwork.co.uk","''s terror"," has","  something  to"
"rhs.org.uk","of the Pillar"," has","  affinities"
"presentationhelper.co.uk",". Kidman too"," has","  presence  , but"
"richmond.gov.uk","? If someone"," has","  access  to"
"nwda.co.uk",", Israel today"," has","  interest"
"spamfo.co.uk",", she"," has","  time  to get to"
"customs.hmrc.gov.uk","a pizza. Frank"," has","  legs  made of"
"uklug.co.uk",". The K700i"," has","  loads  more"
"personalfinance.iii.co.uk","and his design"," has","  patent"
"iansmith.co.uk","Department"," has","  research"
"cs.bham.ac.uk","that Iraq"," has","  rights  and"
"cs.bham.ac.uk","him and he"," has","  strategies  to"
"cs.bham.ac.uk",", but the US"," has","  army"
"jr2.ox.ac.uk","anyone who"," has","  experience  of"
"onlinedmc.co.uk","agents and"," has","  centres  in"
"football.guardian.co.uk",", the capital"," has","  two-thirds  of"
"bay-c.co.uk","The institute"," has","  research  and"
"dailymail.co.uk","usually"," has","  nothing"
"spartacus.schoolnet.co.uk","sunspot"," has","  Earth  in its"
"brookes.ac.uk","hand section"," has","  columns  1a to"
"brookes.ac.uk","Tax '' and"," has","  columns  2 to 8"
"football.guardian.co.uk","learning this"," has","  significance"
"bjr.org.uk","in the G8. It"," has","  record  levels"
"physiol.ox.ac.uk","of £1100. It"," has","  room  for 300"
"bathnes.gov.uk","action? And"," has","  today  ''s"
"dumgal.gov.uk","that Israel"," has","  something"
"robert-louis-stevenson.classic-literature.co.uk","it, but Nicki"," has","  aspirations"
"reviewing.co.uk","NEWS TO SHARE?"," Has","  anyone  won the"
"kwintessential.co.uk","everyone who"," has","  talent  and"
"untoldlondon.org.uk","castle as it"," has","  alot  of"
"southmanchesterreporter.co.uk","which"," has","  tracks  about"
"southmanchesterreporter.co.uk",". Cookbook DIY"," has","  lyrics  about"
"wdm.org.uk",". A market"," has","  losers  as well"
"business.guardian.co.uk","shocker."," Has","  anyone"
"houseandgardenfair.co.uk","decades."," Has","  no-one  had a"
"forum.anothersite.co.uk","its own, this"," has","  sort  of"
"number-10.gov.uk","window which"," has","  engravings  by"
"hm-treasury.gov.uk","instead. He"," has","  tapes  knows"
"cf.ac.uk","wanted man,"," has","  something  to"
"cf.ac.uk","studios. It"," has","  bureaus  in all"
"cf.ac.uk","the world and"," has","  plans  to"
"nhs.uk","","has","  defense"
"nhs.uk","Sayyaf, which"," has","  links  with"
"nhs.uk","bin Laden,"," has","  tentacles  in"
"iansmith.co.uk","your parrot"," has","  something  to"
"thisistravel.co.uk","for Abacus and"," has","  plans  to"
"moviemail-online.co.uk","see above) and"," has","  similarities"
"southmanchesterreporter.co.uk","humiliation?"," Has","  anyone  ever"
"euro.gov.uk",". '' Ah but, Iraq"," has","  oil  , which"
"cs.bham.ac.uk","a challenge"," has","  lots  to get"
"fishandfly.co.uk","Guasare that"," has","  plans  for"
"bnp.org.uk","person. It"," has","  effect  from 6"
"fishandfly.co.uk","human being"," has",""
"dca.gov.uk","South and"," has","  affinities"
"cygnus-books.co.uk",". Though he"," has","  reservations"
"brad.ac.uk","witnesses. He"," has","  papers"
"football.guardian.co.uk","Speaker"," has","  heart"
"kwintessential.co.uk","is not good, it"," has","  scratch  and"
"projects.ex.ac.uk","association"," has","  branches  in"
"cabe.org.uk","technology"," has","  weaknesses"
"televisionheaven.co.uk","on the server"," has","  nothing  to do"
"femalefirst.co.uk","first floor"," has","  sofas  to chill"
"arts.guardian.co.uk",", but seldom"," has","  anyone  ''s"
"rcpbml.org.uk","also"," has","  sensors  to"
"bwpics.co.uk","2001 and"," has","  effect  for"
"bwpics.co.uk",""". This"," has","  effect  from 30"
"nutcote.demon.co.uk","offence which"," has","  consequences"
"passiondiscs.co.uk","always"," has","  options  ."
"pandemonium.me.uk","in the NCLSHA"," has","  diabetes  and"
"seniorsnetwork.co.uk","nature and"," has","  nothing  to do"
"cnetwork.co.uk","bottle and"," has","  recourse  to an"
"fantasticfiction.co.uk","he was the man"," has","  passion  , hold"
"fantasticfiction.co.uk","he was the man"," has","  passion  , hold"
"aiai.ed.ac.uk","pond which"," has","  loads  of"
"cex.co.uk","household"," has","  access  to a"
"seniorsnetwork.co.uk","also"," has","  links  with the"
"jisc.ac.uk","tree"," has","  lots  of arms"
"blue-witch.co.uk","where NSDF"," has","  membership  ."
"fantasticfiction.co.uk","commander"," has","  authority  to"
"excite.co.uk",", because it"," has","  knock-on"
"projects.ex.ac.uk","injustice and"," has","  nothing  to do"
"youngfoundation.org.uk","about it. It"," has","  everything  ;"
"dolphinmusic.co.uk","only if Oxford"," has","  subscription"
"rcpbml.org.uk",", for example,"," has","  links  to"
"stalbans.gov.uk","currently"," has","  contracts"
"crystal.dircon.co.uk","aware that he """," has","  flippers  and"
"unixhelp.ed.ac.uk",". "" My husband"," has","  cancer  , "" one"
"fortunecity.co.uk","still"," has","  ³concerns"
"fortunecity.co.uk",", Holbrooke"," has","  nothing  but"
"web.ukonline.co.uk","to our text. It"," has","  lessons  that"
"kwintessential.co.uk","Monitor 2"," has","  twelve  sends"
"food.gov.uk","The earth"," has","  angels  all too"
"pcc.qub.ac.uk","Commission"," has","  members  all"
"incore.ulst.ac.uk","and the school"," has","  rooms"
"incore.ulst.ac.uk","employee who"," has","  employment"
"incore.ulst.ac.uk","in the UK, and"," has","  earnings  from"
"www3.open.ac.uk","directory; it"," has","  file"
"mqmagazine.co.uk","of Churches"," has","  plans  to"
"mqmagazine.co.uk","Arab country"," has","  weapons  of"
"mqmagazine.co.uk","of Churches"," has","  plans  to"
"mqmagazine.co.uk","family still"," has","  property  in"
"mqmagazine.co.uk","have seen and"," has","  difficulty"
"soulwalking.co.uk","or twice. "" """," Has","  anybody  been"
"dca.gov.uk","and also"," has",""
"ariadne.ac.uk","Saddam"," has","  reason  to be"
"cheng.cam.ac.uk","College which"," has","  links  with the"
"kierenmccarthy.co.uk","of who"," has","  control  has"
"pcpro.co.uk",", when a person"," has","  conflicts"
"robert-louis-stevenson.classic-literature.co.uk","a sandbar that"," has","  cottonwoods"
"futuremovies.co.uk","staff. Ian now"," has",""
"visitsouthwest.co.uk","arrested or"," has","  information"
"kierenmccarthy.co.uk",", Respect"," has","  nothing  to say"
"bfi.org.uk:8080",". The practice"," has","  offices  in"
"railscot.co.uk","its age a bit,"," has","  lots  of rust,"
"clieuk.co.uk","- though it"," has","  plenty  of both"
"rejesus.co.uk",". Box A: Who"," has","  authority  to"
"sfc.ac.uk","- each level"," has","  rainbow"
"inminds.co.uk","activity"," has","  benefits  not"
"chester.ac.uk",". The party"," has","  overdraft  and"
"sfca.co.uk","always"," has","  something  to"
"earthfirst.org.uk","News and"," has","  nothing  to"
"ioe.ac.uk","CRTC website"," has","  information"
"ioe.ac.uk","CRTC website"," has","  information"
"mygen.co.uk","your library"," has","  access  to them"
"bay-c.co.uk","Bay. It"," has","  nothing  to do"
"onlinedmc.co.uk",". The laptop"," has","  lots  of"
"wessexscene.co.uk","Shane. The SSP"," has","  space  for the"
"rolandandcaroline.co.uk","follow. Never"," has","  everything"
"eprints.gla.ac.uk",". Golden Price"," has","  forty"
"ioe.ac.uk","that this"," has","  nothing  to do"
"nutcote.demon.co.uk",". Europe"," has","  strengths  in"
"nutcote.demon.co.uk","; but it also"," has","  weaknesses"
"nutcote.demon.co.uk","which Britain"," has","  nothing  to"
"swtourism.co.uk","party. Sarah"," has","  room  for only"
"painsupport.co.uk","play. He even"," has","  nuggets  of"
"i-sis.org.uk",". Anyone who"," has","  asthma  may"
"qub.ac.uk","Services"," has",""
"games.moria.org.uk","them, and it"," has","  images  that we"
"games.moria.org.uk",". But it also"," has","  something"
"games.moria.org.uk","our domain"," has","  lots  of"
"cpgb.org.uk","is that Israel"," has","  weapons  of"
"graigfarm.co.uk","dish. It"," has","  none  of the"
"business.guardian.co.uk","Hot List, and"," has","  guest"
"blue-witch.co.uk",". The visitor"," has","  options  as to"
"ears.dmu.ac.uk","by the EU and"," has","  partners  in"
"ospreys.org.uk","to the left?"," Has","  Respect  ''s"
"www3.open.ac.uk","older man who"," has","  charge  of the"
"www3.open.ac.uk","older man who"," has","  charge  of the"
"kwintessential.co.uk","Tony Blair"," has","  nothing  to"
"cex.co.uk",". "" Joey, 18,"," has","  parents  who"
"defra.gov.uk","if lightroom"," has","  curves"
"number-10.gov.uk","books and"," has","  computer"
"policyhub.gov.uk","asking, """," Has","  news  come out"
"policyhub.gov.uk",", which"," has","  divisions  in"
"oneguyfrombarlick.co.uk","victim."," Has","  history  ever"
"wateraid.org.uk",". Respect"," has","  bent  over"
"bwpics.co.uk","one way! He"," has","  assurance  of"
"bwpics.co.uk","''s quiet"," has","  anything  to do"
"iwar.org.uk","Department"," has","  claims  to be"
"isec2005.org.uk","all this"," has","  analogies"
"sport.guardian.co.uk","can. He says he"," has","  work  to do in"
"cs.bham.ac.uk","Under Fire"," has","  costs  to use"
"socialistunitynetwork.co.uk","a way that he"," has","  time  to"
"history.ac.uk",". The agency"," has",""
"televisionheaven.co.uk","I know that she"," has","  kind  eyes and a"
"rcpbml.org.uk","sell unless it"," has","  something"
"rvc.ac.uk","country"," has","  worry  for"
"genuki.org.uk","the templates"," has","  nothing  to"
"sanger.ac.uk","this be. No man"," has","  power  over my"
"jncc.gov.uk","which"," has","  links  with"
"sundaymail.co.uk","of the 80s"," has","  elements  we"
"euro.gov.uk","Mr Gardiner"," has","  jurisdiction"
"euro.gov.uk","for which he"," has","  jurisdiction"
"mfiles.co.uk","a fine choir, """," has","  reference  to"
"cpgb.org.uk",", but seldom"," has","  anyone  ''s"
"cpgb.org.uk",", but seldom"," has","  anyone  ''s"
"londonsalsa.co.uk","in northfleet"," has","  vacancies"
"londonsalsa.co.uk","who"," has","  experience  of"
"lewes.gov.uk","Jeff Beck"," has","  problems  with"
"flexibility.co.uk",". If a company"," has","  auditors  ,"
"poole.gov.uk",", and"," has","  properties"
"pcanswers.co.uk","managers Paul"," has","  rules  but none"
"essex.ac.uk","the Met Office"," has","  offices"
"essex.ac.uk","staff and"," has","  offices"
"kevala.co.uk","this site"," has","  details  of"
"news.zdnet.co.uk","phrase ''this"," has","  implications"
"timesonline.co.uk","Gyimes song"," has","  roots  from the"
"kierenmccarthy.co.uk","BORING. Will"," has","  style  and his"
"kierenmccarthy.co.uk","that. He"," has","  style  , groove"
"history.ac.uk","Corporation"," has","  operations  in"
"history.ac.uk","Corporation"," has","  operations  in"
"kevala.co.uk","University"," has","  software  and"
"bwpics.co.uk","of neutrino"," has","  non-zero  mass"
"bwpics.co.uk",". The site"," has","  descriptions"
"pandemonium.me.uk","officer"," has","  experience  in"
"www-atm.physics.ox.ac.uk","pond that"," has","  lots  already,"
"leisureconnection.co.uk","Library"," has","  copies  of many"
"swtourism.co.uk","that"," has","  anything  to do"
"games.moria.org.uk",", Colchester"," has","  museums  ,"
"mqmagazine.co.uk","not only"," has","  signature"
"mqmagazine.co.uk",". Each arena"," has","  badges  ,"
"graigfarm.co.uk","commandant,"," has","  priority  on"
"graigfarm.co.uk","the commander"," has","  combat  ?"
"fortunecity.co.uk","United States"," has","  immunization"
"bwpics.co.uk","''. It also"," has","  cameo"
"ess.uwe.ac.uk","Health"," has","  powers  to deal"
"nef.org.uk",". Never"," has","  life  in the"
"classic-literature.co.uk","of income"," has","  party"
"consumerdirect.gov.uk","Hayden"," has","  pipedreams  of"
"consumerdirect.gov.uk","tinted, its"," has","  Technicolor"
"transglobal-aerospace.co.uk","C content, it"," has","  antioxidant"
"casi.org.uk","but now"," has",""
"southmanchesterreporter.co.uk","and"," has","  links  to the"
"dailymail.co.uk","to date Chris"," has","  project"
"nef.org.uk","University"," has","  links  with"
"keoghs.co.uk","Another Day,"," has","  Bond  made"
"developments.org.uk","Course and"," has",""
"bbc.co.uk","with that."," Has","  anyone  said"
"nwda.co.uk","is Work ''"," has","  boffins"
"bgsnet.org.uk",", I thought, it"," has","  nothing  to do"
"text.valeofglamorgan.co.uk","web site. It"," has","  lots  of"
"text.valeofglamorgan.co.uk","and"," has","  lots  of great"
"bl.uk","as a whole"," has","  levels  of"
"cheng.cam.ac.uk","website that"," has","  everything"
"eprints.gla.ac.uk","woman that she"," has","  cancer  of the"
"fishandfly.co.uk",""". Because it"," has","  lots  of funny"
"i-sis.org.uk","six weeks and"," has","  sessions  on"
"new.edp24.co.uk","which in turn"," has","  sub-sections"
"foe.co.uk",", the nation"," has","  reserves"
"cygnus-books.co.uk","Barney "" and he"," has","  fund  raised"
"interact-sw.co.uk","to date. It"," has","  everything  ,"
"interact-sw.co.uk","centre, it"," has","  loads  to offer"
"sfc.ac.uk",") - the remake"," has","  lots  of female"
"physiol.ox.ac.uk","sure if this"," has","  anything  to do"
"isec2005.org.uk","IBM Systems,"," has","  something  to"
"bupa.co.uk",". "" Everyone"," has","  something"
"classic-literature.co.uk",". "" Everybody"," has","  spamsters  ,"
"britishempire.co.uk",". net"," has","  lots  of"
"www2.thny.bbc.co.uk","or class paper"," has","  priority  over"
"kevala.co.uk","if he knows or"," has","  reason  to"
"kevala.co.uk","if he knows or"," has","  reason  to"
"pcc.qub.ac.uk",". Everyone"," has","  something"
"big-brother.me.uk","section also"," has","  links  to"
"onlinedmc.co.uk","which"," has","  news  and"
"edinburghmetalscene.co.uk","Group"," has","  hundreds  of"
"eoc-law.org.uk","the latter"," has","  connotations"
"bjhc.co.uk","policing that"," has","  respect  and"
"duxford.iwm.org.uk","have rules; it"," has","  laws  , which"
"enm.bris.ac.uk","that which it"," has","  today  . It was"
"classic-literature.co.uk",". This area"," has",""
"muslimparliament.org.uk",". The end wall"," has","  vinyl  albums,"
"abeceder.co.uk","works and"," has","  interest  in"
"bdo.co.uk","Drug Monitor"," has","  competencies"
"bfi.org.uk:8080","I assure you he"," has","  outstript  us"
"ess.uwe.ac.uk","Parker (1658)"," has","  children"
"pandemonium.me.uk",". Each area"," has","  laser"
"cygnus-books.co.uk","the sense?"," has","  power  to reach"
"prospect-magazine.co.uk","deals, he"," has","  demo  ''d songs"
"isec2005.org.uk","girl who"," has","  lots  of toys"
"i-sis.org.uk","type that"," has","  lists  (or sets"
"oneguyfrombarlick.co.uk","UK and Ireland"," has","  information"
"discuss.pressgazette.co.uk",". Communism"," has","  reason  to be"
"www-jcsu.jesus.cam.ac.uk",", the album"," has","  tracks  by Bela"
"keoghs.co.uk","the car,"," has","  experience  of"
"keoghs.co.uk","in May, so he"," has","  form  . Other"
"cfoi.org.uk",""" The cemetery"," has","  thousands  of"
"tandf.co.uk","site which"," has","  soundclips  in"
"swtourism.co.uk","C Derbyshire"," Has","  anyone"
"televisionheaven.co.uk","else who"," has","  authority  to"
"televisionheaven.co.uk",", the court"," has","  power  to"
"keoghs.co.uk","country. It"," has","  branches  in"
"union.ic.ac.uk","takeovers and"," has","  banking"
"shef.ac.uk","someone who"," has","  food  in one"
"hm-treasury.gov.uk","Party"," has","  faith  in the"
"bgsnet.org.uk","processor"," has","  access  to more"
"urchin.co.uk","Rumsfield."," Has","  anyone  noted"
"soton.ac.uk","original"," has","  marriage  ,"
"cs.bham.ac.uk","thought. God"," has","  standards  . He"
"inminds.co.uk","of the city"," has","  records  of"
"soulwalking.co.uk","Mr. Churchill"," has","  pride  ; but his"
"soulwalking.co.uk","Churchill she"," has",""
"chronomaster.co.uk",", - the phrase"," has","  nothing  to do"
"ioe.ac.uk","space: Nasa"," has","  space-plane  ?"
"chapmancentral.co.uk","reading and"," has","  implications"
"chapmancentral.co.uk",", for the book"," has","  lessons  not"
"nutcote.demon.co.uk","Stadszending"," has","  airco  , shared"
"york.ac.uk","if he truely"," has","  feelings  for"
"keoghs.co.uk",". EduServ"," has",""
"eprints.gla.ac.uk","train which"," has","  connections"
"uklug.co.uk","section now"," has","  pictures  (and"
"news.cnet.co.uk","University"," has","  obligations  ;"
"birdtours.co.uk","the Kingdom"," has","  nothing  to do"
"interact-sw.co.uk","of Leicester"," has","  agreements"
"bfi.org.uk:8080","Archive"," has","  thousands  of"
"ippr.org.uk","to folly, she"," has","  nothing  to do"
"gazellebookservices.co.uk",". The car park"," has","  space  for 500"
"ucisa.ac.uk",". The building"," has","  stone"
"cleanlanguage.co.uk","Belsay"," has","  something  for"
"cleanlanguage.co.uk","for his hall,"," has","  ravines  ,"
"televisionheaven.co.uk",". "" This always"," has","  implications"
"televisionheaven.co.uk",", it"," has","  implications"
"televisionheaven.co.uk",". If Iraq"," has","  weapons  grade"
"web.ukonline.co.uk","Chancellor"," has",""
"bearskinrug.co.uk","each student"," has","  evidence  of"
"teentoday.co.uk","Council"," has","  offices  in"
"naijaman.cfmxdeveloper.co.uk","with his soul?"," has","  vanished/"
"new.edp24.co.uk","and colour. It"," has","  squash  courts"
"new.edp24.co.uk","a Scot,"," has","  residency  . So"
"mech.gla.ac.uk",", and"," has","  nothing  to do"
"inminds.co.uk",". The PCT also"," has","  plans  to"
"holdthefrontpage.co.uk",""" music that"," has","  echoes  of the"
"pcc.qub.ac.uk","population"," has","  access  to a"
"highpointfilms.co.uk",". The site"," has","  news  releases"
"swtourism.co.uk",", which"," has","  links  to"
"swtourism.co.uk","groups, which"," has","  links  to"
"amazonian-fish.co.uk","), then this"," has","  implications"
"fishandfly.co.uk","that LOCKSS"," has","  permission  to"
"tate.org.uk","People '' and"," has","  funding  of £25"
"futurelab.org.uk","My daughter"," has","  constipation"
"futurelab.org.uk","? My baby"," has","  hernia"
"oneguyfrombarlick.co.uk",". "" "" Mrs. Cole"," has","  servants  to"
"ospreys.org.uk",", but often"," has","  equipment  of a"
"british-history.ac.uk","be. That Iraq"," has","  trillions  of"
"british-history.ac.uk","is that no body"," has","  jurisdiction"
"british-history.ac.uk","Saddam"," has","  nothing  to"
"fishandfly.co.uk","profile. He"," has",""
"brianmac.demon.co.uk","seeking ''; it"," has","  ''no"
"cygnus-books.co.uk",", which"," has",""
"games.moria.org.uk","My sister"," has","  lumps  in her"
"thehistorychannel.co.uk",". This issue"," has","  resonance"
"eatwell.gov.uk",", which"," has","  factories  in"
"stalbans.gov.uk","The US already"," has","  forces  in"
"stalbans.gov.uk","for years it"," has","  thousands  of"
"highpointfilms.co.uk","text; music"," has","  power  of to"
"poetrysociety.org.uk","Spencer now"," has","  zap-your-own"
"huntinginquiry.gov.uk","vehicle that"," has","  socialism"
"ioe.ac.uk",". "" The court"," has","  jurisdiction"
"handnav.co.uk","no longer"," has","  tins  of"
"greenparty.org.uk","basis; which"," has","  confidence  in"
"ippr.org.uk","of whoever"," has","  plc  after"
"inminds.co.uk","a) a person who"," has","  permission"
"inminds.co.uk","May 1992 (as it"," has","  effect  from"
"rolandandcaroline.co.uk","a journey that"," has","  scope  for"
"rhs.org.uk","centres and"," has","  specialist"
"rhs.org.uk","in the UK and"," has","  strengths"
"rhs.org.uk","schools. It"," has","  affiliations"
"rhs.org.uk",". The school"," has","  research"
"cygnus-books.co.uk",") This section"," has","  effect  in"
"graigfarm.co.uk","fact that he"," has","  something  to"
"headheritage.co.uk","sections"," has","  implications"
"headheritage.co.uk","world. This"," has","  implications"
"publications.parliament.uk","Council"," has",""
"publications.parliament.uk","(PI), who also"," has","  authority  to"
"consumerdirect.gov.uk","authority"," has","  power  to make"
"domino.lancs.ac.uk","anywhere"," has",""
"cambridge-transplant.org.uk","certainly"," has","  claim  to"
"abeceder.co.uk","09: Israel"," has","  evidence  that"
"abeceder.co.uk","who"," has","  weapons  of"
"edinburghmetalscene.co.uk",". The Centre"," has","  equipment  and"
"shef.ac.uk","Files The site"," has","  articles  ,"
"eng.warwick.ac.uk","Department"," has","  access  to"
"reviewing.co.uk",". Experience"," has","  something  to"
"poetrysociety.org.uk","). This book"," has","  sections  on"
"blue-witch.co.uk","Web site also"," has","  plenty  of"
"shop.earthscan.co.uk","up: the top 10"," has","  entries  from"
"dolphinmusic.co.uk","of thing. It"," has","  nothing  to do"
"sfca.co.uk","Asbury. It"," has","  calculators"
"clieuk.co.uk","Waters"," has","  experience  of"
"isc.ac.uk","partner"," has","  control  over"
"isc.ac.uk","the teacher"," has","  control  over"
"chester.ac.uk","years old and"," has","  mutation  data"
"chester.ac.uk","(32 %). PTEN"," has","  mutations"
"poetrysociety.org.uk","that Respect"," has","  someone"
"manchestereveningnews.co.uk","command"," has","  branches"
"dumgal.gov.uk","Jordan. Nor"," has","  anything"
"pandemonium.me.uk","suggest Iraq"," has","  smallpox  ,"
"wdm.org.uk","This site also"," has","  practice"
"archive.food.gov.uk","suggest Iraq"," has","  smallpox  ,"
"archive.food.gov.uk","them that Iraq"," has","  stocks  of"
"rhs.org.uk",". China, which"," has","  veto  power to"
"rhs.org.uk","of Iraq, which"," has","  reserves"
"rhs.org.uk","Hussein"," has","  weapons  of"
"checkpoint.ansible.co.uk","that the user"," has","  access  to"
"fishandfly.co.uk","government"," has","  plans  for some"
"consumerdirect.gov.uk","members,"," has","  provisions"
"projects.ex.ac.uk","project; he"," has","  mid-term"
"presentationhelper.co.uk","Nature always"," has","  surprises  in"
"iguk.co.uk",". The DfES also"," has",""
"ulula.co.uk","this year. It"," has","  medium  sized"
"birdtours.co.uk","centre and"," has","  equipment  for"
"visitsouthwest.co.uk","of you, and she"," has","  nothing  to add"
"tate.org.uk","2003 and"," has",""
"tate.org.uk","). He also"," has",""
"spartacus.schoolnet.co.uk","Moods Twinkle"," has","  something"
"www2.thny.bbc.co.uk","that Iraq"," has","  weapons  of"
"traveldoctor.co.uk","users. And he"," has","  Internet"
"traveldoctor.co.uk","colleagues"," has","  access  from"
"cpgb.org.uk","or creed,"," has","  opportunity"
"cnetwork.co.uk","North. It now"," has","  seminar  rooms"
"isec2005.org.uk","spirit plane"," has","  room  for us all"
"cementindustry.co.uk","such as who"," has","  access  to the"
"swtourism.co.uk",". com) * Opec"," has","  world  running"
"games.moria.org.uk","country"," has","  nothing  that"
"games.moria.org.uk","Hussein"," has","  troops  on the"
"games.moria.org.uk","in Kuwait, and"," has","  thousands  of"
"bjr.org.uk","decades and"," has","  sales  and"
"flexibility.co.uk",". Iran says it"," has","  documents"
"flexibility.co.uk","said that it"," has","  evidence  that"
"flexibility.co.uk",", North Korea"," has","  expertise  and"
"huntinginquiry.gov.uk","up the trip..."," Has","  anyone  done"
"iguk.co.uk","that the Hero"," has","  feet  of clay;"
"checkpoint.ansible.co.uk","that Iraq"," has","  scores  of"
"checkpoint.ansible.co.uk",", but it"," has","  none  in"
"parkinsons.org.uk","government"," has","  nothing  to do"
"pocket-lint.co.uk","and:"," has","  experience  of"
"pocket-lint.co.uk","your industry"," has","  experience  of"
"lse.ac.uk","season, but"," has","  quarters  at a"
"developments.org.uk","profession"," has","  something  of a"
"rcpbml.org.uk",". It"," has","  rules  and it"
"allotment.org.uk","ago and now"," has","  tickets  for"
"4ni.co.uk","you work in"," has","  legislation"
"gsdnet.org.uk","the reader"," has","  access  to"
"birdtours.co.uk","longish coat,"," has","  anybody  got"
"leisureconnection.co.uk","that the body"," has","  mechanisms"
"the-chocolate-factory.co.uk",", which"," has","  nothing  to do"
"the-chocolate-factory.co.uk","makes clear it"," has","  aspirations"
"the-chocolate-factory.co.uk",". The council"," has","  ties  with the"
"ruralgateway.org.uk","the register"," has","  recruited8"
"birdtours.co.uk",", each service"," has","  information"
"bized.ac.uk","are - everyone"," has","  opportunity"
"sydenham.org.uk",", he even"," has","  penguin  porn."
"cfoi.org.uk","except that it"," has","  plot"
"cfoi.org.uk","which"," has","  error"
"nutcote.demon.co.uk","dinnerware"," has","  rococo  scroll"
"amazonsystems.co.uk",". This"," has","  implications"
"big-brother.me.uk","as your baby"," has","  teeth  , you"
"spelthorne.gov.uk","the South West"," has","  something  to"
"pih.org.uk","is a tool that"," has","  utility  in"
"lothene.demon.co.uk",". The website"," has","  links  to"
"lenymede.demon.co.uk","a fake or not,"," has","  friends  and"
"parliament.the-stationery-office.co.uk","; the House"," has","  powers  to"
"parliament.the-stationery-office.co.uk","pensioner"," has","  dignity  and"
"thefpa.co.uk","to find a cure."," Has","  anyone  else"
"thefpa.co.uk","as it stands."," Has","  anyone  found a"
"thefpa.co.uk","or low only"," has","  advantages"
"thefpa.co.uk","a teacher that"," has","  experience  in"
"thefpa.co.uk","when a solo"," has","  words  is to"
"hmrc.gov.uk","not say, "" What"," has","  Pharaoh  got to"
"otherlandtoys.co.uk","version"," has","  precedence  ."
"burnyourbonus.co.uk","! He still"," has","  strength  to do"
"burnyourbonus.co.uk",". Even God"," has","  limits  on His"
"spartacus.schoolnet.co.uk","for instance,"," has","  access  to the"
"rcpbml.org.uk","; the small bar"," has","  grapes  carved"
"cheng.cam.ac.uk","to a cause that"," has","  meaning  for"
"directions.ltd.uk","cachet. It"," has","  postage  of 6/ 7"
"afterdarkents.co.uk","and so"," has","  stamps  to the"
"reviewing.co.uk","bits in it. It"," has","  kind  of an icy"
"ospreys.org.uk","a Message)"," Has","  anyone  read """
"cs.kent.ac.uk","gypsy music"," has","  something  of"
"cs.kent.ac.uk","ten-man band"," has","  concert"
"cain.ulst.ac.uk","States,"," has","  relations"
"rhs.org.uk",". All of this"," has","  implications"
"rhs.org.uk","Ireland. This"," has","  implications"
"rhs.org.uk",", all of which"," has","  place"
"better-business.co.uk","the post - it"," has","  immunity"
"better-business.co.uk","any author who"," has","  worries  on"
"better-business.co.uk","University"," has","  liability  if"
"spartacus.schoolnet.co.uk","detector"," has",""
"taxfreegold.co.uk","","has","  limits  . It is"
"web.ukonline.co.uk","about who"," has","  knowledge  to"
"domino.lancs.ac.uk","(neither"," has","  class  D"
"piggybank-farm.co.uk","of eval."," Has","  semantics"
"graigfarm.co.uk","school. This"," has","  Internet"
"ucl.ac.uk",", each service"," has","  information"
"mqmagazine.co.uk","when a child"," has","  problems  at"
"pcc.qub.ac.uk","poker bubble"," has","  burst  . Even so"
"pcc.qub.ac.uk","Ryanair also"," has","  plans  for"
"reviewing.co.uk",", the Horniman"," has","  sections  on"
"web.ukonline.co.uk","author also"," has","  sections  in"
"manchestereveningnews.co.uk","all forms and"," has","  offices  in"
"tyndale.cam.ac.uk","in Japanese,"," has","  translators"
"tyndale.cam.ac.uk","with? And"," has","  anyone  read"
"highpointfilms.co.uk","continually"," has","  civilians"
"bubl.ac.uk",", and Daniel"," has","  someone  in his"
"bubl.ac.uk","; D/ OMC Daniel"," has","  something  up"
"projects.ex.ac.uk","passport,"," has","  parents  ,"
"pcc.qub.ac.uk",", WSN"," has","  links  to many"
"markchirnside.co.uk","payments, or"," has","  items  of"
"markchirnside.co.uk","the form and"," has","  nothing  to"
"birdtours.co.uk","that"," has","  something  to"
"birdtours.co.uk","place."," Has","  nothing  to do"
"rafmarham.co.uk","holders also"," has","  consequences"
"peterhead.org.uk","in the country"," has","  access  , while"
"brianmac.demon.co.uk","tempt a man who"," has","  everything  ?"
"brianmac.demon.co.uk","hotel, Stead"," has","  time  to think."
"projects.ex.ac.uk","25 years and"," has","  experience  of"
"ff1600.co.uk","no longer"," has","  powers  to"
"lenymede.demon.co.uk","that Iraq"," has","  none  of the"
"university-church.ox.ac.uk","aortic lesion"," has",""
"youngminds.org.uk",", the site"," has","  links  ,"
"youngminds.org.uk",", books, and"," has","  links  to"
"lrb.co.uk",". This table"," has","  settings"
"presentationhelper.co.uk","2003. This"," has","  implications"
"incore.ulst.ac.uk","] I know this"," has","  nothing  to do"
"incore.ulst.ac.uk","I know this"," has","  nothing  to do"
"rejesus.co.uk","decks, she"," has",""
"actionsigns.co.uk","Office also"," has","  resources  to"
"mailonsunday.co.uk",". BECTA"," has","  resources  on"
"markchirnside.co.uk","iPoems (which"," has","  nothing  to do"
"people.bath.ac.uk","levels. This"," has","  nothing  like"
"urchin.co.uk","government"," has","  nothing  to"
"keoghs.co.uk",""" what ''s there"," has","  validity"
"lse.ac.uk","droplet size"," has","  limitations"
"lse.ac.uk","droplet size"," has","  limitations"
"cex.co.uk","cloning that"," has","  nothing  to do"
"manchestereveningnews.co.uk",". "" (p. 224) Nor"," has","  enough"
"allotment.org.uk",""" Ananias, why"," has","  Satan  filled"
"fantasticfiction.co.uk","every toddler"," has","  ''challenging"
"fantasticfiction.co.uk","of earache and"," has","  pus  coming out"
"sundaymail.co.uk","the software"," has","  none  of the"
"skuds.co.uk","- in short, he"," has","  options  . Zac"
"parkinsons.org.uk",". All this"," has","  nothing  to do"
"parkinsons.org.uk",", because it"," has","  nothing  to do"
"parkinsons.org.uk",". Yet this"," has","  nothing  much"
"sitcom.co.uk","'' Union"," has","  facilities"
"geog.port.ac.uk","This website"," has","  business"
"geog.port.ac.uk","This website"," has","  information"
"classic-literature.co.uk","obviously"," has","  problems"
"fortunecity.co.uk","but"," has","  also--and  he"
"dca.gov.uk","work. It"," has","  lists  of"
"dca.gov.uk","will work, and"," has","  information"
"bgsnet.org.uk","Respect"," has",""
"bnp.org.uk","mask"," has","  data  values of"
"tyndale.cam.ac.uk",", religion"," has","  nothing  to do"
"tyndale.cam.ac.uk",", religion"," has","  nothing  to do"
"tyndale.cam.ac.uk",", religion"," has","  nothing  to do"
"cs.bham.ac.uk",". His bat"," has","  nothing  to do"
"cs.bham.ac.uk",". All this"," has","  implications"
"ff1600.co.uk","state schools"," has","  nothing"
"sydenham.org.uk",". The body swap"," has","  consequences"
"inminds.co.uk","in towns"," has","  beds  in them."
"sfca.co.uk","video also"," has","  information"
"paramedic.org.uk",", although it"," has","  licences  to"
"spartacus.schoolnet.co.uk","first track"," has","  sort  of got"
"burnyourbonus.co.uk","that Saddam"," has","  designs  on the"
"isec2005.org.uk","corporation"," has","  plenty  of"
"applegate.co.uk",". The site also"," has","  details  of"
"thegoodwebguide.co.uk","Council"," has","  nomination"
"reviewing.co.uk","The UK still"," has","  time  to"
"christianword.co.uk","in Iraq,"," has","  importance"
"action-tv.org.uk","good. Krieger"," has","  videos  as well"
"pcanswers.co.uk",", but Scotland"," has","  lots  to offer."
"ariadne.ac.uk",", have had. It"," has","  none  left to"
"ariadne.ac.uk","that"," has","  pretensions"
"hm-treasury.gov.uk",". For too long"," has",""
"bgsnet.org.uk","insurance."," Has","  anyone  ever"
"bgsnet.org.uk","her.. If she"," has","  group"
"rcpbml.org.uk","government"," has","  departments  ,"
"ff1600.co.uk","al-Hakim"," has","  plenty  of"
"ff1600.co.uk","the group"," has","  links  to al"
"ff1600.co.uk","claims that it"," has","  links  with"
"ff1600.co.uk","al-Islam"," has","  connections"
"york.ac.uk","he believes he"," has","  proof  that"
"moviemail-online.co.uk",",? Respect"," has","  something  for"
"mark-twain.classic-literature.co.uk","of the world, """," has","  ties  to New"
"visitsouthwest.co.uk","repeats. It"," has","  specificity"
"eatwell.gov.uk",", which"," has","  references  to"
"infinityplus.co.uk","supervisor"," has","  everyone  ''s"
"infinityplus.co.uk","God, till he"," has","  mercy  upon us."
"isec2005.org.uk","I know Doris"," has","  nuggets"
"interact-sw.co.uk","community and"," has","  links  to other"
"essex.ac.uk",". The Source"," has","  maps  of"
"mqmagazine.co.uk","even though it"," has","  dimensions  of"
"mygen.co.uk",": ` a principle"," has","  validity  as a"
"mygen.co.uk","another."," Has","  anybody  ever"
"mqmagazine.co.uk","forest which"," has","  miles  of"
"euro.gov.uk","Services,"," has",""
"interact-sw.co.uk","in 1971, which"," has",""
"interact-sw.co.uk","violence? 4.7"," Has",""
"interact-sw.co.uk",". 4.1"," Has",""
"allotment.org.uk","time. Mass"," has","  nothing  to do"
"robert-louis-stevenson.classic-literature.co.uk","family"," has","  legends  about"
"holdthefrontpage.co.uk",". If the caller"," has","  superuser"
"scit.wlv.ac.uk","bodies, and"," has","  appendixes  on"
"seniorsnetwork.co.uk","''s website"," has","  details  of"
"seniorsnetwork.co.uk","This site"," has","  details  of"
"isec2005.org.uk","and that"," has","  boundaries"
"psigate.ac.uk","river. It also"," has","  hummingbird"
"youngfoundation.org.uk","him. Sally"," has","  money  worries"
"bbsrc.ac.uk","of syslogd"," has","  support  for"
"mqmagazine.co.uk","Mind Project"," has","  tapes"
"southbucks.gov.uk","waters; it"," has","  plenty  of eels"
"southbucks.gov.uk","language,"," has","  reference  to a"
"southbucks.gov.uk","built, and"," has","  facility  of"
"somethingjewish.co.uk","when it"," has","  anything  to do"
"televisionheaven.co.uk","that"," has","  resonance  on"
"publications.parliament.uk","aviation S3"," has","  staff"
"ciao.co.uk","a town that"," has","  something  for"
"poetrysociety.org.uk","profile. He"," has",""
"sanger.ac.uk","SUCKS C''mon"," has","  anyone  read"
"hants.gov.uk","set. UKOLN"," has","  plans  to"
"spartacus.schoolnet.co.uk","]. That is, it"," has","  nothing  of the"
"spartacus.schoolnet.co.uk",", because he"," has","  something  of"
"spartacus.schoolnet.co.uk","no longer"," has","  center  stage"
"spartacus.schoolnet.co.uk","The person who"," has","  food  and"
"spartacus.schoolnet.co.uk","of the world"," has","  answers  to"
"onlinedmc.co.uk","or not she"," has","  defects  , We"
"robert-louis-stevenson.classic-literature.co.uk","and neither"," has","  anyone  on my"
"rolandandcaroline.co.uk","group"," has","  difficulty"
"genesis.co.uk","), the EU"," has","  sovereignty"
"poetrysociety.org.uk","(3 CD set). It"," has","  mix  ranging"
"ciao.co.uk",". The MTB"," has","  offices"
"arrivatrainswales.co.uk","in 1839, and"," has","  deposits  to"
"cfoi.org.uk",". Blair"," has","  greed  that our"
"onlinedmc.co.uk","(WDM)"," has","  reason  to"
"brianmac.demon.co.uk",", and also"," has","  journals  and"
"cygnus-books.co.uk",". Wolverine"," has","  loads  of"
"rvc.ac.uk","range of hills"," has","  relativity  of"
"sanger.ac.uk","Air Force and"," has",""
"developments.org.uk","zone. So,"," has","  anyone  been"
"developments.org.uk","we ''re at it,"," has","  anyone  seen or"
"moviemail-online.co.uk","the Assembly"," has","  functions  . 24"
"moviemail-online.co.uk","the Assembly"," has","  functions  ."
"moviemail-online.co.uk","the Assembly"," has","  functions  and"
"moviemail-online.co.uk","the Assembly"," has","  functions  ."
"mailman.ic.ac.uk","of Technology"," has","  pages  dealing"
"dfid.gov.uk","a theatre that"," has","  cancan"
"better-business.co.uk","leader and"," has","  plenty  of"
"lawscot.co.uk","European"," has","  access  to"
"huntinginquiry.gov.uk","of Lords that"," has","  people  drawn"
"iq.lycos.co.uk","exodus"," has","  aid  officials"
"hud.ac.uk","the Council"," has","  concerns  or"
"inminds.co.uk","Your browser"," has","  JavaScript"
"bfi.org.uk:8080","tragedy that"," has","  audiences"
"cloggs.co.uk",". ADVISER"," has","  partners  in"
"ospreys.org.uk","; and"," has","  issues  with"
"nutcote.demon.co.uk",". He alone"," has","  access  to"
"eprints.gla.ac.uk",". Each one"," has","  something"
"pandemonium.me.uk","everyone"," has","  access  to the"
"wateraid.org.uk",". So"," has","  ego  been"
"action-tv.org.uk","book that"," has","  implications"
"burnyourbonus.co.uk","where he"," has","  nothing  , ''All"
"history.ac.uk","enthusiasm it"," has","  today  , not"
"british-history.ac.uk","sector"," has","  capital  at"
"bwpics.co.uk","Main page also"," has","  links  to"
"action-tv.org.uk","school also"," has","  procedures"
"skuds.co.uk","rights, that"," has","  equality"
"skuds.co.uk","women, that"," has","  equality"
"abeceder.co.uk","-- London"," has","  everything"
"chm.org.uk",", the site"," has","  resources"
"number-10.gov.uk","East"," has","  hair  of a"
"socialistunitynetwork.co.uk",", which"," has","  branches  at"
"poetrysociety.org.uk","Xc which"," has","  units  of Ohms."
"news.zdnet.co.uk","today neither"," has","  programs  to"
"ess.uwe.ac.uk","All HSBC banks"," has","  ATMs  where you"
"concept2.co.uk",", belief in God"," has","  nothing  to do"
"concept2.co.uk","assure you,"," has","  nothing  to do"
"concept2.co.uk","of faith - it"," has","  masses  and"
"concept2.co.uk",". No, the earth"," has","  foudations-"
"rolandandcaroline.co.uk","This platform"," has","  legs  , "" Kilroy"
"somethingjewish.co.uk","signed in Rome"," has","  provision  for"
"arts.guardian.co.uk",", Marion Bull"," has","  alligator  for"
"eprints.gla.ac.uk","it always"," has","  ''spill-over  ''"
"rhs.org.uk","cases - she"," has","  pictures  of"
"cd.ciao.co.uk",". Each country"," has","  people  of many"
"cd.ciao.co.uk","warming that"," has","  consequences"
"cd.ciao.co.uk",". Each country"," has","  people  of many"
"cd.ciao.co.uk","warming that"," has","  consequences"
"developments.org.uk",". Who"," has","  food  security"
"ess.uwe.ac.uk","! I know he"," has","  talent  , and"
"youngfoundation.org.uk","life (Dougal"," has","  charts"
"developments.org.uk","a precedent or"," has",""
"transglobal-aerospace.co.uk","true. Umbria"," has","  hills  and"
"aiai.ed.ac.uk","who always"," has","  seconds  on"
"kwintessential.co.uk",", which now"," has","  billions  of"
"pocket-lint.co.uk","if respondent"," has","  queries  Give"
"eoc-law.org.uk",""" Jane Fairfax"," has","  feeling  , """
"prisonreformtrust.org.uk","that"," has","  half-life  of"
"jr2.ox.ac.uk","? No, no; she"," has","  qualities"
"i-sis.org.uk","album,"," has","  everything"
"projects.ex.ac.uk","Each student"," has","  access  to"
"cpgb.org.uk",". Leo Nicolian"," has",""
"rejesus.co.uk",". This"," has","  advantages  of"
"british-history.ac.uk","is wrong, and"," has","  nothing"
"ears.dmu.ac.uk","required time"," has","  elaps  ed can be"
"transglobal-aerospace.co.uk","problem that"," has","  relevance  to a"
"better-business.co.uk","? Perhaps it"," has","  something  to"
"www2.thny.bbc.co.uk",", the Library"," has","  collections"
"photo-i.co.uk","music player"," has","  hold  and a"
"photo-i.co.uk","perfectly."," Has","  tons  of skins"
"leisureconnection.co.uk",") and"," has","  lots  of"
"abeceder.co.uk","beautiful and"," has","  space  on the"
"bjr.org.uk","beast. He also"," has","  power  and he"
"bjr.org.uk","the real ones"," has","  nothing  to do"
"bjr.org.uk","ability. It"," has","  everything  to"
"soulwalking.co.uk","surrounding"," Has","  region  over 90"
"tiscali.co.uk",". What weight"," has","  science  of"
"cancerbackup.org.uk","much. So, Dot"," has","  knee"
"durham21.co.uk",". He also"," has","  charm  , guile"
"burnyourbonus.co.uk","outside end"," has","  anything"
"burnyourbonus.co.uk","name. Palau"," has","  plenty  of"
"burnyourbonus.co.uk","Resort that"," has","  beaches  and a"
"consumerdirect.gov.uk",". The site also"," has","  databases  of"
"onlinedmc.co.uk","College and"," has","  ambitions  to"
"cf.ac.uk","Office"," has","  lots  of"
"kevala.co.uk","1981. Website"," has","  loads  of info"
"pcpro.co.uk","Union"," has","  nothing  to"
"nwda.co.uk","but Vasil"," has","  permission  to"
"www-jcsu.jesus.cam.ac.uk","CYP1B. She"," has","  expertise  in a"
"patp3.webbler.co.uk","a larger fish."," Has","  anyone  else"
"concept2.co.uk","This reviewer"," has","  doubts  about"
"duxford.iwm.org.uk","the story"," has","  women  , booze"
"duxford.iwm.org.uk","eats well, and"," has","  sex  when he"
"incore.ulst.ac.uk",". The song"," has","  Monch  rapping"
"pocket-lint.co.uk","mockery? He"," has","  nothing"
"pocket-lint.co.uk","come out?"," Has","  Liberace"
"mqmagazine.co.uk","big duets also"," has","  Nero"
"mqmagazine.co.uk","and Cleo"," has","  everything"
"imperial.ac.uk","to workflow"," has","  improvements"
"refer.nhs.uk","the person"," has","  ascites  ."
"nabd.org.uk","cat directory"," has","  owner  man and"
"jr2.ox.ac.uk","an array that"," has","  space  for all"
"filmfocus.co.uk","the sender"," has","  knowledge  of"
"femalefirst.co.uk","current one"," has","  nothing  to do"
"femalefirst.co.uk","believe"," has","  designs  on"
"keoghs.co.uk","Book Trust (","Has","  information"
"futuremovies.co.uk",". Saddam still"," has","  capability  in"
"prisonreformtrust.org.uk","a woman who"," has","  breast  cancer"
"cementindustry.co.uk",". A small child"," has","  baby  teeth and"
"cnetwork.co.uk","","has","  license"
"teentoday.co.uk","University"," has","  links  with"
"aiai.ed.ac.uk","the dragon"," has","  horns  and"
"aiai.ed.ac.uk",", likewise,"," has","  horns  and"
"teentoday.co.uk","new system"," has","  nothing  to"
"nhs.uk",". I ''ve a pal who"," has","  contacts"
"socialistunitynetwork.co.uk","fact. But it"," has","  significance"
"wessexscene.co.uk","Eduserv Chest"," has","  plenty  of"
"nutcote.demon.co.uk","technology"," has","  purification"
"sundaymail.co.uk",", nowhere"," has","  change  been"
"bgsnet.org.uk","guitars, and"," has","  nothing  at all"
"presentationhelper.co.uk","either but he"," has","  growen  on me, i"
"eatwell.gov.uk",". The box"," has","  phono  inputs"
"eatwell.gov.uk","loom that"," has","  power  ,"
"seniorsnetwork.co.uk","an old widow."," Has","  anyone  else"
"seniorsnetwork.co.uk","(2991 reads)"," Has","  anyone  got any"
"seniorsnetwork.co.uk","inside it."," Has","  anyone  heard"
"number-10.gov.uk","and America -"," has","  today"
"moviemail-online.co.uk","languages"," has","  alwaya"
"moviemail-online.co.uk","that Earth"," has","  thousands  of"
"genuki.org.uk","5/ 6 years old)"," Has","  resonance"
"arts.ed.ac.uk","forces, but"," has","  nothing  to say"
"spiritofnature.co.uk","a law which"," has","  effect  in a"
"spiritofnature.co.uk","section as it"," has","  effect  for the"
"chapmancentral.co.uk","somehow it now"," has","  connotations"
"sanger.ac.uk",". This system"," has","  implications"
"news.zdnet.co.uk","company which"," has","  respect  in the"
"better-business.co.uk","2004."," Has","  world  oil"
"riversidestudios.co.uk","Sunshine"," has",""
"history.ac.uk","1988 and"," has","  members  from"
"sciencecityyork.org.uk","(3 CD set). It"," has","  mix  ranging"
"sciencecityyork.org.uk","(3 CD set). It"," has","  mix  ranging"
"cfoi.org.uk","the law"," has","  everything  to"
"yugouk.co.uk","and"," has","  ''A  '' in it (if"
"hm-treasury.gov.uk","act. Nobody"," has","  anything  but"
"hm-treasury.gov.uk","Hussein also"," has","  experience  in"
"handnav.co.uk","if he- (a)"," has","  refugee"
"handnav.co.uk","and who"," has","  refugee"
"handnav.co.uk","a person"," has","  refugee"
"handnav.co.uk","May 1992 (as it"," has","  effect  from"
"soton.ac.uk",". Pakistan now"," has","  dozens  of"
"cf.ac.uk","don''t know if"," HAs","  cause  cancer"
"onlinedmc.co.uk","although he"," has","  talent  and"
"publications.parliament.uk","and each"," has","  something"
"focusdiy.co.uk","My husband"," has","  headaches"
"nationalschool.gov.uk","One which"," has","  flares  to"
"unixhelp.ed.ac.uk","an album which"," has","  themes  of"
"sydenham.org.uk","18 August 2005"," Has","  anybody"
"lists.grok.org.uk","where the US"," has","  thousands  of"
"lists.grok.org.uk","reportedly"," has","  ambitions  to"
"prisonreformtrust.org.uk","''s Department"," has","  justice  ,"
"prisonreformtrust.org.uk",", which"," has","  jurisdiction"
"checkpoint.ansible.co.uk","Parliament"," has","  power  to make"
"teentoday.co.uk","the sort. She"," has","  bronchitis"
"tech.plym.ac.uk","and"," has","  links  to the"
"allotment.org.uk","the input file"," has","  code  page"
"tandf.co.uk","A company that"," has","  experience  in"
"onlinedmc.co.uk",". Our web site"," has","  articles  on"
"pocket-lint.co.uk","the author"," has","  something  to"
"pcc.qub.ac.uk","trail if he"," has","  time  . There"
"futuremovies.co.uk","to Ben Loyal."," Has","  anyone"
"allotment.org.uk","at Oxford,"," has",""
"genesis.co.uk","but a game that"," has","  values  that"
"genesis.co.uk",", believes he"," has","  vision  in"
"euro.gov.uk","Revealweb now"," has","  details  of"
"painsupport.co.uk","18 Apr 2006"," Has","  anyone  got an"
"publications.parliament.uk","certainly"," has","  ambitions  to"
"soton.ac.uk","Athena ''s Camp"," has","  chapters"
"flexibility.co.uk","or faculty. It"," has","  affiliations"
"flexibility.co.uk","which"," has","  metadata"
"televisionheaven.co.uk","Motley Fool"," has","  advice  ,"
"bgsnet.org.uk","this category"," has","  nothing"
"prisonreformtrust.org.uk","afraid, and he"," has","  reason  to be"
"spamfo.co.uk","road and"," has","  today  ''s road,"
"ncl.ac.uk","not. Now, this"," has","  something"
"swtourism.co.uk",", Britain"," has","  today  the"
"swtourism.co.uk",". Britain now"," has","  competitions"
"prisonreformtrust.org.uk","Abrahams"," has","  lunch  at home"
"kingston.gov.uk",". But that"," has","  nothing  to do"
"lewes.gov.uk","seriously and"," has","  access  to a"
"cranfieldexpress.co.uk","was on TGBBQ."," Has","  anyone  seen"
"cranfieldexpress.co.uk","was on TGBBQ."," Has","  anyone  seen"
"cranfieldexpress.co.uk","was on TGBBQ."," Has","  anyone  seen"
"ncl.ac.uk","is that no one"," has","  authority"
"casi.org.uk","past 30 years,"," has","  finance  for"
"cfoi.org.uk","Bill"," has","  provision  for"
"pparc.ac.uk","Department"," has","  entry"
"nationalschool.gov.uk","produced that"," has","  value  outside"
"ff1600.co.uk","that Saddam"," has","  weapons  of"
"rvc.ac.uk","and Syria also"," has","  tens  of"
"duxford.iwm.org.uk",", which"," has",""
"reviewing.co.uk","if the patient"," has","  access  to a"
"youngminds.org.uk",". Mr Jordan"," has","  something  to"
"topsssouthwest.org.uk","with whom Cole"," has","  bones  to pick,"
"socialistunitynetwork.co.uk","that"," has","  data  in"
"socialistunitynetwork.co.uk","spiketrum"," has","  points  giving"
"lrb.co.uk","learning this"," has","  significance"
"sundaymail.co.uk","Ferrovial"," has","  plans  to sell"
"nta.nhs.uk","United States"," has","  job  creation"
"number-10.gov.uk","Bishop, who"," has",""
"phgu.org.uk","album really"," has","  hair  on it."
"experiencemonster.co.uk","that water"," has","  properties"
"nta.nhs.uk","department"," has","  programmes"
"blue-witch.co.uk","action, and it"," has","  powers  under"
"painsupport.co.uk","commander"," has","  knowledge  of"
"forums.multiplay.co.uk",". The site"," has","  info  on local"
"cranfieldexpress.co.uk","KAC"," has","  claims  for"
"cpgb.org.uk","the employer"," has","  doubts  about"
"wdm.org.uk","presiding"," has","  power  to"
"wdm.org.uk","the Reporter,"," has","  discretion  to"
"bjhc.co.uk","library which"," has","  access  to a WWW"
"socialistunitynetwork.co.uk","protester had"," has","  foot  injured"
"femalefirst.co.uk","people. ii Who"," has",""
"femalefirst.co.uk","on them. ii Who"," has",""
"patent.gov.uk","agency that"," has","  control  of the"
"sparc.airtime.co.uk","seminars and"," has","  links  with"
"acegamez.co.uk","which"," has","  implications"
"acegamez.co.uk","the alignment"," has","  sequence  from"
"inminds.co.uk","Keegan? this"," has","  nothing  to do"
"chronomaster.co.uk","X-Ray "" and"," has","  access  to any"
"iwar.org.uk",". One"," has","  charge  of the"
"videoforums.co.uk","","has","  nothing  to do"
"cassandraeason.co.uk","makes or"," has","  assumptions"
"cheng.cam.ac.uk",", while BAA"," has","  millions  to"
"patent.gov.uk","-"," has","  plenty  of"
"bearskinrug.co.uk",": The Congress"," has","  powers  over"
"graigfarm.co.uk",".... . ] The war"," has","  nothing  to do"
"fishandfly.co.uk","in points, and"," has","  front-panel"
"ariadne.ac.uk","but which"," has","  reference"
"bwpics.co.uk","it in history"," has","  nothing  to do"
"bwpics.co.uk","fascism"," has","  precursors  in"
"mod.uk","of slavery. He"," has","  none  of the"
"ioe.ac.uk","institution"," has","  income  from"
"eng.warwick.ac.uk","for four. """," Has","  anyone  seen"
"teentoday.co.uk","which"," has","  power  to tax a"
"bearskinrug.co.uk","an entity that"," has","  integrity  . """
"pcc.qub.ac.uk","table saw"," has","  nothing  to do"
"lrb.co.uk",". It"," has","  everybody"
"sparc.airtime.co.uk","''s director,"," has","  research"
"blogs.warwick.ac.uk","; and he"," has","  nothing  to say"
"isec2005.org.uk","topic also"," has","  assessment"
"flexibility.co.uk","- whether it"," has","  error  or"
"undiscoveredscotland.co.uk","the machine"," has","  lots  of memory"
"undiscoveredscotland.co.uk","the machine"," has","  lots  of memory"
"undiscoveredscotland.co.uk",". Kaffe still"," has","  bugs  that"
"ulsa.org.uk","1998 ] * Saddam"," has","  germ  warfare"
"ulsa.org.uk","the Mayu area"," has","  production"
"rolandandcaroline.co.uk","who"," has","  practice"
"dca.gov.uk",""", "" Britain"," has","  weapons  of"
"justkampers.co.uk","our expertise"," has","  something  to"
"inminds.co.uk","medicines, it"," has","  side  effects,"
"dfid.gov.uk","? A. What"," has","  history  shown"
"domino.lancs.ac.uk","as long as he"," has","  breath  . The"
"hmrc.gov.uk","to Boulogne"," has","  purpose  built"
"pparc.ac.uk",", the public"," has","  access  to more"
"rolandandcaroline.co.uk","idea. The idea"," has","  pedigree  . The"
"highpointfilms.co.uk",". com, which"," has","  pages  on"
"interact-sw.co.uk","and cons, each"," has","  areas  where it"
"iansmith.co.uk","@ 23:00 by lala"," Has","  anyone"
"iansmith.co.uk","@ 22:30 by Jade"," Has","  anyone"
"muslimparliament.org.uk",". org If anyone"," has","  time  to"
"bbsrc.ac.uk","programme"," has","  something  to"
"cs.bham.ac.uk","in Bristol and"," has","  plans  for"
"defra.gov.uk","package that"," has","  spam"
"youngfoundation.org.uk","everyone in it"," has","  knowledge  of"
"sfca.co.uk","cloning that"," has","  nothing  to do"
"bl.uk",". Ed Goldstraw"," has","  faith  : "" I have"
"matazone.co.uk","Percussion:"," Has","  lots  of noisy"
"jezuk.co.uk","of Yugoslavia"," has","  competence  in"
"sydenham.org.uk","and"," has","  plenty  of rest"
"cfoi.org.uk","where the BNP"," has","  councillors"
"new.edp24.co.uk",""" Tammany Hall"," has","  nothing  on us,"
"eng.warwick.ac.uk","nation that"," has","  weapons  and"
"eng.warwick.ac.uk","material, and"," has","  access  to"
"eng.warwick.ac.uk","nation that"," has","  weapons  and"
"lse.ac.uk","it; a man that"," has","  sense  enough"
"ncl.ac.uk","in Europe. It"," has","  production"
"jr2.ox.ac.uk","offices and"," has","  entrances"
"catholic-ew.org.uk","the learner"," has","  control  over"
"soulwalking.co.uk","real Islam"," has","  nothing  to do"
"nabd.org.uk","the Mayor"," has",""
"bgsnet.org.uk",". The School"," has","  access  to a"
"lse.ac.uk","where UNHCR"," has","  offices  . That"
"interact-sw.co.uk","that"," has","  difficulty"
"duxford.iwm.org.uk","already"," has","  form  , having"
"ciao.co.uk",", so Cambridge"," has","  difficulty"
"aboutmyvote.co.uk","The CIA"," has","  evidence  that"
"cnetwork.co.uk","","has","  features  to"
"kevala.co.uk",", as this"," has","  nothing  to do"
"pih.org.uk",", 19 June 2005"," Has","  anyone  heard"
"mqmagazine.co.uk","This site"," has","  details  of"
"archive.food.gov.uk","bit wary of it."," Has","  anyone  had"
"implementations.co.uk","find the book"," has","  stimulation"
"jisc.ac.uk","work, which"," has","  ''Through  the"
"shotatdawn.org.uk",", which also"," has","  records  for"
"steelmirrors.co.uk","Committee"," has",""
"sydenham.org.uk","position"," Has","  anyone  else"
"developments.org.uk","''s power"," has","  nothing  to do"
"number-10.gov.uk","law that"," has","  teeth  , one"
"graigfarm.co.uk","egg because he"," has","  freckles"
"graigfarm.co.uk","because it"," has","  vitamins"
"graigfarm.co.uk",", my turkey"," has","  lots  of"
"phrases.org.uk","and"," has","  headphones  ."
"ariadne.ac.uk","anyone who"," has","  contact  with"
"swtourism.co.uk","The NEW forum,"," has","  lots  of great"
"clieuk.co.uk","(not everyone"," has","  access  to an"
"infinityplus.co.uk",", Cadwell Park"," has","  everything  to"
"chapmancentral.co.uk","outright, but"," has","  strings"
"mrc-bsu.cam.ac.uk","source code"," has","  lots  of"
"inminds.co.uk","the server"," has","  reset  , the"
"eprints.gla.ac.uk","or hits you or"," has","  fun  at your"
"swtourism.co.uk","initiative"," has","  benefits  for"
"cs.kent.ac.uk","Indian - which"," has","  nothing  to do"
"kingsholm-chronicle.org.uk","as tall as me (","has","  wheat  got"
"jncc.gov.uk","of Warwick"," has","  material  for"
"euro.gov.uk","used on air. It"," has","  brand  new"
"parliament.the-stationery-office.co.uk","anywhere that"," has","  access  to the"
"glostercanary.co.uk","Post-14 group"," has","  interests  in"
"arts.guardian.co.uk","For The Man Who"," Has","  Everything  Is"
"cpgb.org.uk","tell your dog"," has","  worms  ?"
"cpgb.org.uk","tell your dog"," has","  worms  by"
"greatwriting.co.uk","year before it"," has","  time  to reach"
"mumfordbooks.co.uk","a ''talk '' which"," has","  something  for"
"bubl.ac.uk","the donor"," has","  assets  to"
"eprints.gla.ac.uk","the country"," has","  seen--on  31"
"eprints.gla.ac.uk","the left too"," has",""
"lrb.co.uk","The Guard Room"," has","  window  boxes"
"history.ac.uk","instance also"," has","  value  . So has"
"history.ac.uk","has value. So"," has","  humanity  in"
"soi.city.ac.uk","","has","  discretion"
"soi.city.ac.uk",","," has","  discretion"
"soi.city.ac.uk","Board3,"," has","  discretion  to"
"soi.city.ac.uk","Appeal Panel"," has","  power  to make"
"soi.city.ac.uk","Board3"," has","  discretion"
"mark-twain.classic-literature.co.uk",", which"," has","  plenty  of room"
"mailman-new.greennet.org.uk","below. Each"," has","  chances  for"
"web.ukonline.co.uk",". Also"," has","  lots  of"
"chester.ac.uk","countries"," has","  something  to"
"chester.ac.uk",": 678 What"," has",""
"lothene.demon.co.uk","any village,"," has","  roots  deep in"
"bris.ac.uk","tip which"," has","  nine-tenths"
"fiskprinters.co.uk","of our ideas."," Has","  anyone"
"dailyreckless.co.uk","a hub who"," has","  control  over"
"nta.nhs.uk","vitamin also"," has","  anti-oxidant"
"jezuk.co.uk",". Style"," has","  nothing"
"jr2.ox.ac.uk",", Austria"," has","  plenty  of"
"guybourdin.fsnet.co.uk","x 5m) pool and"," has","  hardwood"
"guybourdin.fsnet.co.uk","which"," has","  supermarkets"
"games-web.co.uk","! If the River"," has","  fish  in it good"
"action-tv.org.uk","life no longer"," has","  meaning  . When"
"action-tv.org.uk","arrangement"," has","  existence  but"
"action-tv.org.uk",". Therefore it"," has","  existence  but"
"action-tv.org.uk",". As such he"," has","  existence  but"
"action-tv.org.uk","notice what"," has","  value  for us."
"stalbans.gov.uk","its field as it"," has","  specialists"
"games-web.co.uk","a conditional"," has","  truth"
"iguk.co.uk","area not only"," has","  snow  covered"
"usembassy.org.uk","). This cave"," has","  pueblas  and a"
"presentationhelper.co.uk",". If he"," has","  wisdom  , those"
"icons.org.uk","Notaries and"," has","  observers"
"eduserv.org.uk","","has","  precision"
"lboro.ac.uk","issue of who"," has","  access  to"
"moviemail-online.co.uk","kitchen area"," has","  oak  storage"
"moviemail-online.co.uk","lounge"," has","  cream"
"mirror.co.uk","that actually"," has","  flakes  of ice"
"netdoctor.co.uk","the 08 diesel"," has","  problems  , and"
"number-10.gov.uk","Reunited. MW"," has","  access  to an"
"reviewing.co.uk","Ed. , Hons who"," has","  experience  of"
"allotment.org.uk","University"," has","  contact  and"
"action-tv.org.uk",", or who"," has","  control  of the"
"action-tv.org.uk",". o If a person"," has","  control  or has"
"action-tv.org.uk","has control or"," has","  information"
"huntinginquiry.gov.uk","if your child"," has","  head  lice, but"
"reviewing.co.uk","","has","  sheets  ,"
"youngfoundation.org.uk",", where a boy"," has","  everything  to"
"number-10.gov.uk",". This wine"," has","  spice  on tthe"
"mqmagazine.co.uk",". Big Bang"," has","  eye  catching"
"dumgal.gov.uk","candidate"," has","  experience  in"
"dumgal.gov.uk","degree level."," Has","  expereince"
"dumgal.gov.uk","the US. Also"," has","  language"
"dumgal.gov.uk","candidate"," has","  experience  in"
"tate.org.uk",": Not everyone"," has","  emails  or"
"allotment.org.uk","crowds, which"," has","  seating  for"
"patp3.webbler.co.uk",", deception"," has","  implications"
"somethingjewish.co.uk","that the MoD"," has","  property  for"
"somethingjewish.co.uk","that the MoD"," has","  property  for"
"refer.nhs.uk","and"," has","  parts  of the"
"robert-louis-stevenson.classic-literature.co.uk","see. The guide"," has","  maps  and"
"2ndchancepc.co.uk","wind. He who"," has","  nought  to gain"
"acca.co.uk","company"," has","  office  in"
"news.cnet.co.uk","web site"," has","  ''100  ''s of"
"news.cnet.co.uk","walks etc ''."," has","  ''100  ''s of"
"taxfreegold.co.uk","the employer"," has","  arrangements"
"politics.guardian.co.uk","which the UCML"," has","  contacts  ,"
"acegamez.co.uk",". Never before"," has","  computer"
"futuremovies.co.uk","your employee"," has","  rights  and"
"tyndale.cam.ac.uk","material."," Has","  transcripts  ,"
"jncc.gov.uk","beings is one,"," has","  â  ?"
"mqmagazine.co.uk","fare, Lille"," has","  something  to"
"roadrunnerrecords.co.uk",". The Court"," has","  authority"
"sciencecityyork.org.uk","history"," has","  everything  to"
"sciencecityyork.org.uk",", the island"," has","  staff  working"
"cf.ac.uk","UK Korg agent"," has","  none  in stock!"
"nationalschool.gov.uk","Your site"," has","  cameras"
"www3.imperial.ac.uk","unless pain"," has","  role  in the"
"greatwriting.co.uk","hours a day and"," has","  computer"
"lewes.gov.uk","music that"," has","  value  ; music"
"roadrunnerrecords.co.uk",". co. uk"," has","  property  for"
"roadrunnerrecords.co.uk",". com"," has","  property  for"
"roadrunnerrecords.co.uk","agent and"," has","  plenty  of"
"hm-treasury.gov.uk","''s Birds"," has","  photos  by Jack"
"hm-treasury.gov.uk","Islands. Also"," has","  distribution"
"bgsnet.org.uk","the time. It"," has","  seasons  and"
"huntinginquiry.gov.uk",". DVD-RAM"," has","  error"
"dfid.gov.uk",", whether it"," has","  anything  to do"
"houseandgardenfair.co.uk","its name, but"," has","  calcite"
"hmrc.gov.uk","room and"," has","  plumbing  for a"
"inminds.co.uk","networking """," has","  nothing  to do"
"paulflynnmp.co.uk","College"," has","  everything"
"casi.org.uk",". The man who"," has","  peace  will"
"inminds.co.uk","The north side"," has","  barley  and fat"
"inminds.co.uk","the south side"," has","  goats  and"
"guardian.co.uk","say that God"," has","  form  and is not"
"guardian.co.uk","truly that God"," has","  form  and that"
"guardian.co.uk","God is that He"," has","  form  ? It is"
"guardian.co.uk",": "" Yes, God"," has","  form  and He is"
"jncc.gov.uk","Shepherd) CNS"," has","  access  to a"
"hants.gov.uk","times and"," has","  layer  upon"
"bjr.org.uk","that"," has","  lots  of"
"cloggs.co.uk","it is possible"," has","  implications"
"cloggs.co.uk","who"," has","  ''no  desire to"
"cloggs.co.uk","plane)"," has","  nothing  to do"
"history.ac.uk","potential"," has","  webmasters"
"cfoi.org.uk","Kingdom"," has","  commitments  :"
"physiol.ox.ac.uk","conception"," has","  implications"
"iq.lycos.co.uk",". The firm"," has","  offices  in"
"iq.lycos.co.uk","). The firm"," has","  offices  in"
"photo-i.co.uk","don''t. Logic"," has","  nothing  to do"
"clieuk.co.uk","areas and"," has","  funding  for a"
"flexibility.co.uk","traits which"," has","  consequences"
"focusdiy.co.uk","Cards. It"," has","  everything  in"
"bjr.org.uk","he still"," has","  plenty  to"
"admin.cam.ac.uk","); each group"," has","  matching"
"bwpics.co.uk","no rights man"," has","  duties  to them"
"pocket-lint.co.uk","Association"," has","  members"
"pocket-lint.co.uk","site"," has","  masses  of"
"skuds.co.uk","Toys which"," has","  information"
"ultimateanimals.co.uk","Hubbard, who"," has","  doubts  about"
"bized.ac.uk","support group"," has","  branches"
"onlinedmc.co.uk",""" The NIDA site"," has","  links  to a vast"
"lists.grok.org.uk","web site"," has","  nothing  to do"
"cgi.ebay.co.uk","a person who"," has","  experience  of"
"action-tv.org.uk","a year and"," has","  members  from"
"publications.parliament.uk","database"," has","  room  for six"
"ospreys.org.uk",". He still"," has","  nightmares  ,"
"jr2.ox.ac.uk","fan on the CPU."," Has","  anyone  any"
"cnetwork.co.uk","Peacock, who"," has",""
"cnetwork.co.uk","in education,"," has","  links  to"
"cygnus-books.co.uk","with diabetes"," has","  access  to the"
"amazon.co.uk","that PPS"," has","  effects  on"
"amazon.co.uk","that PPS"," has","  benefits  in"
"euro.gov.uk","","has","  form  ,"
"spamfo.co.uk","b) the company"," has","  power  to do all"
"aiai.ed.ac.uk",". The Unit also"," has","  information"
"bupa.co.uk","order also"," has","  something  to"
"bupa.co.uk",", whether this"," has","  something  to"
"earthfirst.org.uk","that a woman"," has","  wom  a case in"
"earthfirst.org.uk","big a majority"," has","  problem"
"earthfirst.org.uk","; the Spirit"," has","  something  to"
"rcpbml.org.uk","each side"," has","  liberty  of"
"euro.gov.uk",". The site"," has","  links  to"
"bbsrc.ac.uk",". It"," has","  tags  , and the"
"littleredboat.co.uk","readers and"," has","  news  ,"
"littleredboat.co.uk","7543 5737 John"," has",""
"ippr.org.uk","Peace which"," has","  route  advice ("
"clieuk.co.uk","The branch"," has","  officers"
"ospreys.org.uk","us that she"," has","  tadpoles  from"
"poole.gov.uk","Ukraine, she"," has","  confession"
"graigfarm.co.uk","3 weeks later"," has","  thousands  of"
"janus.lib.cam.ac.uk","Coconut water"," has","  5mg  of Natural"
"bgsnet.org.uk","n''t mind, Paul"," has","  something  to"
"catalystmagazine.org.uk","faiths which"," has","  pagan  members"
"prisonreformtrust.org.uk","? This"," has","  nothing  to do"
"archive.food.gov.uk",". She also"," has",""
"archive.food.gov.uk","Manager. She"," has",""
"eoc-law.org.uk",", but sleep"," has","  mending  ,"
"robert-louis-stevenson.classic-literature.co.uk","that person"," has","  dementia  its"
"robert-louis-stevenson.classic-literature.co.uk","the person who"," has","  dementia  , it"
"robert-louis-stevenson.classic-literature.co.uk","the person who"," has","  dementia  . As"
"watford3r-pct.nhs.uk",", which"," has",""
"watford3r-pct.nhs.uk","centre but"," has","  links  with the"
"untoldlondon.org.uk","Office"," has","  issues  an"
"cheng.cam.ac.uk","consultant"," has","  clarity  and"
"roadrunnerrecords.co.uk","equity"," has","  consequences"
"i-sis.org.uk","way the song"," has","  comedy  value"
"inminds.co.uk","site"," has","  information"
"www3.imperial.ac.uk","with diabetes"," has","  access  to the"
"bupa.co.uk","is useless. It"," has","  melody  pipe,"
"rolandandcaroline.co.uk","Season 4 DVD"," has","  footage  of"
"clieuk.co.uk","and district"," has","  parties  and"
"pocket-lint.co.uk","and training"," has",""
"penguinclassics.co.uk",". At least he"," has","  courage  , they"
"news.bbc.co.uk","involved"," has","  charm  . MW: Was"
"sydenham.org.uk","then"," has","  choices  as to"
"phrases.org.uk","cross"," has","  effects"
"qub.ac.uk","The Soundbed"," has","  something  to"
"rolandandcaroline.co.uk","season, and"," has",""
"phrases.org.uk","sector NASUWT"," has","  members  in all"
"bgsnet.org.uk","carpeted,"," has","  dining  tables"
"ears.dmu.ac.uk","in 1978 and"," has","  specialist"
"sydenham.org.uk",", supposes it"," has","  knowledge  ,"
"sydenham.org.uk","act requires"," has","  nothing  to do"
"mfiles.co.uk",", Leo ''s store"," has","  quality"
"youngfoundation.org.uk",". The Museum"," has","  records  from"
"youngfoundation.org.uk","Museum"," has","  originals  ,"
"youngfoundation.org.uk",", the Museum"," has","  copies  for"
"youngfoundation.org.uk","Museum"," has","  copies  of some"
"youngfoundation.org.uk","Library"," has","  reports  for"
"edirectory.co.uk","with diabetes"," has","  confidence  in"
"futurelab.org.uk","messages '' ]"," Has","  anybody  been"
"futurelab.org.uk","messages '' ]"," Has","  anyone  got any"
"pressies4princesses.co.uk","experience"," has","  something  to"
"number-10.gov.uk",""" for every man"," has","  majesty  of a"
"penguinclassics.co.uk","everyone"," has","  stakes  in the"
"penguinclassics.co.uk","and nobody"," has",""
"rolandandcaroline.co.uk","a Life, which"," has","  pretensions"
"robert-louis-stevenson.classic-literature.co.uk","him: he"," has","  looks  , and"
"robert-louis-stevenson.classic-literature.co.uk","his mother"," has","  not--a  depth"
"robert-louis-stevenson.classic-literature.co.uk","made, which"," has","  virtue  to keep"
"better-business.co.uk","times and he"," has","  neveer  left my"
"nhs.uk","a pdf file and"," has","  lots  of"
"bnp.org.uk","the authority"," has","  power  to"
"rolandandcaroline.co.uk","a) How"," has","  contact  with"
"better-business.co.uk","1942 The Night"," Has","  Eyes  (as Jim"
"darlington.gov.uk","and fire. It"," has","  nothing  to do"
"qub.ac.uk","Dust Breeding"," has","  links  to one of"
"pandemonium.me.uk","in 1997. It"," has",""
"pandemonium.me.uk","purpose. Each"," has","  autonomy  to"
"isec2005.org.uk","AM Johnny Depp"," has","  caulrophobia"
"headheritage.co.uk","Centre"," has","  agreements  ."
"dailymail.co.uk","â? ?The Afghan"," has","  war-fighting"
"eprints.gla.ac.uk",". Everyone"," has","  skeletons  in"
"manchesteronline.co.uk","study and"," has","  thousands  of"
"presentationhelper.co.uk","party still"," has","  weaknesses  ,"
"archive.food.gov.uk","The better sex"," has","  foreplay  ,"
"inminds.co.uk",". Mars"," has","  clouds  of"
"nutcote.demon.co.uk","in front"," has","  priority  -"
"cleanlanguage.co.uk",". Sadly it"," has","  nothing  to do"
"cleanlanguage.co.uk",". It probably"," has","  nothing  to do"
"radioandtelly.co.uk","system as it"," has","  advantages  in"
"ess.uwe.ac.uk","it Right pack"," has","  advice  about"
"prospect-magazine.co.uk","The programme"," has","  lots  of"
"cex.co.uk","business"," has","  synergy  with"
"cleanlanguage.co.uk",". The site"," has","  vacancies"
"cleanlanguage.co.uk",". com"," has","  thousands  of"
"concept2.co.uk","","has","  *something*"
"urchin.co.uk","intersection"," has","  autonomy  . If"
"urchin.co.uk",", while it"," has","  numbers  on its"
"transglobal-aerospace.co.uk","move their arm"," has","  nothing  to do"
"transglobal-aerospace.co.uk","the end. God"," has","  nothing  to do"
"sfca.co.uk","of each screen"," has","  links  to the"
"i-sis.org.uk","to say he"," has","  dyslexia  /she"
"i-sis.org.uk","dyslexia/she"," has","  epilepsy  . Do"
"rolandandcaroline.co.uk","has reached -"," has","  litigation"
"people.bath.ac.uk","UK currently"," has","  troops"
"crystal.dircon.co.uk",". The School"," has","  strategies  to"
"pandemonium.me.uk","(it"," has","  lots  of stars"
"pressies4princesses.co.uk",", the car park"," has","  spaces  for"
"acegamez.co.uk","unit"," has","  plenty  of"
"users.ox.ac.uk","hunter. God"," has","  lots  of names,"
"users.ox.ac.uk","anything that"," has","  yeast  in it. "" """
"users.ox.ac.uk","28 v20) - Jesus"," has","  unity  with the"
"undiscoveredscotland.co.uk","make sure Fred"," has","  lots  of space."
"sanger.ac.uk","Altair that"," has","  hydrogen"
"iguk.co.uk","he still"," has","  items  for sale"
"shop.earthscan.co.uk","VtFont object"," has","  properties"
"i-sis.org.uk","the front and"," has","  fields  at the"
"rcpbml.org.uk","year that she"," has","  stocks  which"
"rolandandcaroline.co.uk","I know Google"," has","  problems  ,"
"britishempire.co.uk","of Law. It"," has","  links  with"
"greenparty.org.uk","as an IFA he"," has","  access  to the"
"parliament.the-stationery-office.co.uk","that a horse"," has","  plenty  of"
"housingpis.co.uk","Z406 System"," has","  full-color"
"housingpis.co.uk","Z810 System"," has","  full-color"
"cleanlanguage.co.uk",". The software"," has","  facilities"
"cleanlanguage.co.uk",""". The web site"," has","  information"
"physiol.ox.ac.uk","you seen her?"," Has","  anyone  seen"
"physiol.ox.ac.uk","who thinks he"," has","  Step  forward"
"britishempire.co.uk",", which"," has",""
"yugouk.co.uk","then this site"," has","  lots  of info"
"cain.ulst.ac.uk","incontinence"," has","  nothing  to do"
"city.ac.uk","claims that it"," has","  plans  to"
"futuremovies.co.uk","the enemy"," has","  plenty  of"
"maplin.co.uk","sets, each"," has","  cars  that are"
"developments.org.uk","science"," has","  validity  ,"
"developments.org.uk","in the mass"," has","  reality  . As"
"developments.org.uk","life"," has","  validity  ."
"parkinsons.org.uk","framework -"," has","  anyone  else"
"action-tv.org.uk","sleights and"," has","  details  on how"
"cleanlanguage.co.uk","that we know"," has","  life  , the"
"cleanlanguage.co.uk","cosmos, and"," has","  nothing  to say"
"uclh.nhs.uk",". The tenor"," has","  lots  of high"
"forums.multiplay.co.uk","that whoever"," has","  possession  of"
"developments.org.uk",". Each section"," has","  lots  of"
"developments.org.uk","Andy Darvill"," has","  lots  of good"
"wdm.org.uk","the audience"," has","  control  over"
"pocket-lint.co.uk","mines. It"," has","  hopes  for"
"bgsnet.org.uk","subjects."," Has","  work  in the"
"spartacus.schoolnet.co.uk","The monastery"," has","  electricity  ,"
"british-history.ac.uk","removing it"," has",""
"www2.thny.bbc.co.uk","Berkshire"," has","  something  to"
"burnyourbonus.co.uk",". The top lid"," has","  ventilation"
"clieuk.co.uk","believe this"," has","  something  to"
"eoc-law.org.uk","My family tree"," has","  roots  in"
"eoc-law.org.uk","change which"," has","  implications"
"ucisa.ac.uk","and content"," has","  nothing  to do"
"euro.gov.uk",". The novel"," has","  everything  -"
"euro.gov.uk","& Boons). It"," has","  empathy  ­ we"
"futurelab.org.uk","decision also"," has","  consequences"
"sanger.ac.uk","Naeg."," has","  bean  shaped"
"new.edp24.co.uk","renovated and"," has","  views  towards"
"lrb.co.uk","quiet road and"," has","  fields  on the"
"lrb.co.uk","visitor"," has","  difficulty"
"penguinclassics.co.uk","millennium"," has","  something  to"
"sydenham.org.uk","Euromaster"," has","  thousands  of"
"mod.uk","us the cosmos"," has","  limits  which"
"eduserv.org.uk",". He"," has","  work"
"jncc.gov.uk","The Institute"," has","  decades  of"
"www-jcsu.jesus.cam.ac.uk","Miss Summers"," has","  plenty  of"
"spartacus.schoolnet.co.uk","belt that also"," has","  space  for"
"skuds.co.uk","ordinarily"," has","  nothing"
"skuds.co.uk",", Copyfight"," has","  coverage  of"
"cambridge-transplant.org.uk","out of Death?"," Has","  Death"
"tiscover.co.uk",", and so"," has","  implications"
"cementindustry.co.uk","the Website"," has","  links  . 3."
"bearskinrug.co.uk","that God"," has","  tears  on his"
"euro.gov.uk","Abroad"," has","  projects"
"british-history.ac.uk","below. Also"," has","  spaces  for"
"iguk.co.uk","that this car"," has","  brakes  , as we"
"huntinginquiry.gov.uk","and"," has","  works"
"nationalschool.gov.uk","A small change"," has","  ''knock  on ''"
"scit.wlv.ac.uk","Ireland"," has","  provisions"
"iansmith.co.uk",". The red Lodge"," has","  electricity"
"developments.org.uk","â? ?the Ego"," has","  landedâ  ?"
"users.ox.ac.uk","95 also"," has",""
"hmrc.gov.uk","PPP. Each FHS"," has","  regulations"
"sitcom.co.uk","organisation"," has","  associations"
"cs.bham.ac.uk",". Every room"," has","  standing"
"cs.bham.ac.uk","anyone now"," has","  access  to the"
"undiscoveredscotland.co.uk","sure someone"," has","  influenza"
"capita.co.uk",". The Firm"," has","  expertise  on"
"pparc.ac.uk","element) if it"," has","  attributes  or"
"isec2005.org.uk","Angel"," has","  respect  for,"
"isec2005.org.uk","; rather, he"," has","  something"
"iguk.co.uk","Service"," has","  copies  of"
"kwintessential.co.uk","every agent"," has","  access  to"
"painsupport.co.uk","library. She"," has","  research"
"classic-literature.co.uk","context which"," has","  dimensions  of"
"entsweb.co.uk","perfumey but"," has","  touches  of"
"ebi.ac.uk","of England"," has",""
"bristol-city.gov.uk","a Webpage that"," has",""
"bris.ac.uk","tired. If He"," has","  access  to an"
"euro.gov.uk","information"," has","  preeminence  ,"
"euro.gov.uk","access to data"," has","  nothing  to do"
"parkinsons.org.uk","she ` how many"," has","  thy  killed"
"cpgb.org.uk","Ireland"," has","  provisions"
"conted.ox.ac.uk","(sighs) No one"," has","  time  for this,"
"ess.uwe.ac.uk",", it"," has","  nothing  to do"
"rolandandcaroline.co.uk",". The show"," has","  something  for"
"londonsalsa.co.uk","broadly, what"," has","  progress"
"bris.ac.uk","student. M"," has","  dyslexia  and"
"tyndale.cam.ac.uk",", says Lacan,?"," has","  something  of"
"chronomaster.co.uk","group"," has","  years  of"
"steelmirrors.co.uk","north bedroom"," has","  sockets  ("
"cleanlanguage.co.uk",", that"," has","  permission  to"
"ruralgateway.org.uk","Government"," has","  ''lost  a grip on"
"nef.org.uk",", but in fact it"," has","  depth  , and"
"chem.ox.ac.uk","soya milks. It"," has","  lots  of useful"
"bized.ac.uk",", the world"," has","  structure  and"
"sciencecityyork.org.uk","centre"," has","  squash  courts"
"bris.ac.uk",". Turkey. com"," has","  lots  of"
"sur.co.uk","in 1997. It"," has",""
"sur.co.uk","purpose. Each"," has","  autonomy  to"
"archive.food.gov.uk","still"," has","  problems  ."
"archive.food.gov.uk","in a way which"," has","  coherence"
"bjhc.co.uk","medium. It"," has",""
"bjhc.co.uk",", person who"," has","  control  of the"
"bjhc.co.uk","questions Why"," has","  adoption  of"
"bjhc.co.uk","whether it"," has","  value  and can"
"shef.ac.uk","certainly"," has","  consequences"
"shef.ac.uk",") only"," has","  meaning  (on"
"shef.ac.uk","only"," has","  meaning  in the"
"ess.uwe.ac.uk","work. She also"," has","  copies  of her"
"warwithoutend.co.uk","4) Male"," has","  mouth  ("
"warwithoutend.co.uk","shown) 6) Male"," has","  head  crushed"
"interact-sw.co.uk","somebody"," has","  anything"
"prisonreformtrust.org.uk","be seen but how"," has","  life  been made"
"ncl.ac.uk","if your pet"," has","  fleas  in 2"
"ncl.ac.uk","your pet"," has","  fleas  even"
"consumerdirect.gov.uk",", which"," has","  seats  for 192"
"refer.nhs.uk","1860-1945"," has","  chapters  on:"
"bris.ac.uk","The innovator"," has",""
"acegamez.co.uk","valve"," has","  head  loss"
"cain.ulst.ac.uk","length?"," Has","  freedom"
"shef.ac.uk","The programme"," has","  measures  to"
"passiondiscs.co.uk","the subject"," has","  â  ? ?gotta go"
"iansmith.co.uk","a chimp who"," has","  issues  with"
"sparc.airtime.co.uk","decline and"," has","  implications"
"developments.org.uk","person who"," has","  website"
"spamfo.co.uk",". If anyone"," has","  blinds  for any"
"huntinginquiry.gov.uk",", and only now"," has","  word  got out"
"cassandraeason.co.uk","gear and"," has","  transmit/"
"ioe.ac.uk","page It"," Has","  lots  of info"
"hmrc.gov.uk","love. It"," has","  moments  of"
"sport.guardian.co.uk",", "" That woman"," has","  ears  that can"
"myweb.lsbu.ac.uk","notified who"," has",""
"ariadne.ac.uk",", but it also"," has","  antelopes  ,"
"chronomaster.co.uk","chap and"," has","  downloads  of"
"bized.ac.uk","as each type"," has","  advantages"
"ospreys.org.uk","building, and"," has","  access  to the"
"pcpro.co.uk","human being"," has","  energy"
"headheritage.co.uk","Our system"," has","  security"
"history.ac.uk","realities"," has","  limits  ."
"onlinedmc.co.uk","local ex-poly"," has","  tonnes  of"
"onlinedmc.co.uk","philips"," Has","  anyone"
"onlinedmc.co.uk","@ 22:30 by Jade"," Has","  anyone"
"tyndale.cam.ac.uk",". "" The barin"," has","  everything  , """
"sfca.co.uk","square feet he"," has","  rabbits  and"
"sfca.co.uk","regularly"," has","  temperatures"
"web.ukonline.co.uk","that my return"," has","  nothing  to"
"web.ukonline.co.uk","work. Hikmat"," has","  faith  that"
"action-tv.org.uk","''"," has","  schools  of"
"action-tv.org.uk",". Each party"," has","  risks  and must"
"cfoi.org.uk","essentially"," has","  people  coming"
"peterhead.org.uk","Zoo Gardens"," has","  something  for"
"bearskinrug.co.uk","it is, the EPA"," has","  discretion"
"graigfarm.co.uk","authority"," has","  powers  to"
"wdm.org.uk","Kendo who"," has","  command  of the"
"wdm.org.uk","doctor--He"," has","  recourse  to"
"naijaman.cfmxdeveloper.co.uk",", what chance"," has","  Respect  ? It ''s"
"muslimparliament.org.uk","anyone"," has","  title  to"
"muslimparliament.org.uk","day the Keeper"," has","  discretion  ,"
"isc.ac.uk",", as indeed"," has","  Christianity"
"scaredofgirls.co.uk","(3 CD set). It"," has","  mix  ranging"
"shef.ac.uk","said, ` ` He"," has","  elements  of"
"checkpoint.ansible.co.uk",". '' Canada"," has","  style  and a"
"sparc.airtime.co.uk","court which"," has","  jurisdiction"
"politics.co.uk",", the hacker"," has","  access  to all"
"thegayvote.co.uk","photocopies."," Has","  trouble  with"
"spartacus.schoolnet.co.uk","London News:"," has","  selection  of"
"spartacus.schoolnet.co.uk","Past-Track:"," has","  thousands  of"
"spartacus.schoolnet.co.uk","database"," has","  hundreds  of"
"flexibility.co.uk","bad about it Or"," has","  anyone  read it"
"flexibility.co.uk",", if anything?"," Has","  anybody  else"
"rochford.gov.uk","In Print"," has","  lots  of"
"sfca.co.uk","high incomes"," has","  something  to"
"afterdarkents.co.uk","both ears and"," has","  LEDs  in its"
"ml-consult.demon.co.uk","sex that"," has","  speed  in place"
"nationalschool.gov.uk","standards and"," has","  nothing"
"casi.org.uk","Rights. This"," has","  implications"
"projects.ex.ac.uk","The President"," has","  ambrosia  13"
"mqmagazine.co.uk","Taylor who"," has","  charge  of the"
"dfds.co.uk","and then, if he"," has",""
"dfds.co.uk","Not now, but he"," has","  had--or  , at"
"nabd.org.uk","soil, soil"," has","  bacteria  , I am"
"betterthinking.co.uk","! If one"," has","  time  , it is"
"athelstane.co.uk","reason, it"," has","  starting"
"bgsnet.org.uk",", the momentum"," has","  long-since"
"bgsnet.org.uk","Government"," has","  investment"
"cnetwork.co.uk","Cunningham"," has","  lots  of info,"
"acegamez.co.uk","potentially"," has","  something  to"
"acegamez.co.uk","one and"," has","  nothing  to do"
"houseandgardenfair.co.uk","circular bin"," has","  twelve"
"pparc.ac.uk",". It"," has","  sights  on"
"pparc.ac.uk",", the silence"," has","  plenitude  ,"
"cnetwork.co.uk","web-site This"," has","  lots  of"
"kwintessential.co.uk","building"," has","  offices  ,"
"ulula.co.uk","- Lucky Escape"," Has","  anyone  heard"
"ulula.co.uk",""" Crimeshare """," has","  messages"
"chm.org.uk","elected). ATL"," has","  members  in"
"chm.org.uk","in education"," has","  relevance  to"
"dailyreckless.co.uk","web site"," has","  reviews  of"
"rejesus.co.uk","a product"," has","  neem  , there is"
"admin.cam.ac.uk","This argument"," has","  something  to"
"admin.cam.ac.uk","of discussion"," has","  elements  of an"
"amazonsystems.co.uk",". This site"," has","  links  to and"
"lords-prayer.co.uk",". If a solid"," has","  g  holes the"
"lords-prayer.co.uk","spaces"," has","  analogues  in"
"claimsure.co.uk","just that it"," has","  tracks  that"
"focusdiy.co.uk","shower, which"," has","  plenty  of hot"
"focusdiy.co.uk","sink. Room 2"," has","  doors  that"
"ospreys.org.uk",", (viii) """," has","  things"
"mhra.org.uk","years old. She"," has","  assets  in"
"mhra.org.uk","own means. She"," has","  income  of"
"mhra.org.uk",", as Grace"," has","  reservations"
"bearskinrug.co.uk",". This page"," has","  details  of"
"lmra.co.uk","to play, and"," has",""
"heacademy.ac.uk",". Perhaps this"," has","  something  to"
"cleanlanguage.co.uk",", memetics"," has","  implications"
"cleanlanguage.co.uk","a real self who"," has",""
"mjacoustics.co.uk","tool that"," has","  features  that"
"mjacoustics.co.uk",". If your child"," has","  trouble"
"betterthinking.co.uk","in the DTI that"," has",""
"ministry-of-information.co.uk","history"," has","  roots  back to"
"healthstatus.sgul.ac.uk",". But the North"," has","  flash  floods"
"qub.ac.uk","of the article"," has","  comrade"
"afterdarkents.co.uk","Jensen. Q How"," has","  macrobiotics"
"zetnet.co.uk","Admits That It"," Has","  Plans  for a"
"myweb.lsbu.ac.uk","in the e-fit,"," has","  suspicions"
"myweb.lsbu.ac.uk","or who"," has","  suspicions"
"cf.ac.uk",", though it"," has","  elements  of"
"soi.city.ac.uk","asks him if he"," has","  time  to fix"
"presentationhelper.co.uk","The Developer"," has","  access  to"
"wdm.org.uk","'' ''"," has","  contact"
"visitsouthwest.co.uk","say is true, it"," has","  nothing  to do"
"somethingjewish.co.uk","to the senses"," has","  validity  -"
"greenparty.org.uk","human. But he"," has","  ideas  that"
"greenparty.org.uk","of last year"," has","  re-emerged  ,"
"crystal.dircon.co.uk",". Another firm"," has","  software  that"
"graigfarm.co.uk","every trust"," has","  access  ,"
"kierenmccarthy.co.uk",". The web site"," has","  details  ..."
"kierenmccarthy.co.uk",". The web site"," has","  details  of the"
"action-tv.org.uk","Shoes, which"," has","  stores  across"
"televisionheaven.co.uk","other. It also"," has","  taro  and"
"graigfarm.co.uk","that Tweety"," has","  wings  ? Of"
"graigfarm.co.uk","the object by a"," HAS","  link  . If it"
"graigfarm.co.uk","that Tweety"," HAS","  wings  ,"
"graigfarm.co.uk","bird, and bird"," HAS","  wings  , we can"
"graigfarm.co.uk","that Tweety"," HAS","  wings  , and"
"graigfarm.co.uk","Tweety"," has","  wings  . This is"
"hmrc.gov.uk","system also"," has","  PC  power for"
"action-tv.org.uk",", if the artist"," has","  nothing  to say"
"huntinginquiry.gov.uk","Wal-Mart"," has","  purchasing"
"guilfest.co.uk","and"," has","  headphones  ."
"focusdiy.co.uk","motif always"," has","  something  to"
"fortunecity.co.uk","? Her work"," has","  shades  of John"
"moviemail-online.co.uk","generally"," has","  Wedding"
"tyndale.cam.ac.uk","Group"," has","  research"
"pocket-lint.co.uk",". My child"," has","  nightmares  ."
"transglobal-aerospace.co.uk","which"," has","  power  or a"
"acegamez.co.uk","the Professor"," has","  difficulty"
"acegamez.co.uk","the Professor"," has","  difficulty"
"christianword.co.uk","but which also"," has","  lots  of scope"
"untoldlondon.org.uk","generally"," has","  litters  of"
"lists.grok.org.uk",". The business"," has","  use  of the"
"defra.gov.uk","whose voice"," has","  power  to move"
"wdm.org.uk",", the company"," has","  competition"
"classic-literature.co.uk","warfare and"," has","  things  to say"
"customs.hmrc.gov.uk",". The CLIP also"," has","  information"
"iansmith.co.uk","web site which"," has","  paintings  of"
"iansmith.co.uk",". If anyone"," has","  blinds  for any"
"lrb.co.uk","â? ?the Ego"," has","  landedâ  ?"
"entsweb.co.uk",", the Court"," has","  power  to"
"entsweb.co.uk","already"," has","  power  under"
"acegamez.co.uk",". This still"," has","  brookesbus"
"uklug.co.uk","person "" who"," has","  everything  ""."
"classic-literature.co.uk",", though it"," has","  nothing  on Ms"
"burnyourbonus.co.uk",", reader; he"," has","  claims  on us;"
"eduserv.org.uk","World"," has","  villas  with"
"eduserv.org.uk","World"," has","  something  for"
"eduserv.org.uk","if the company"," has","  knowledge  of"
"rhs.org.uk","system that"," has","  boundaries"
"fishandfly.co.uk","which"," has","  implications"
"developments.org.uk",". The site"," has","  details  of"
"developments.org.uk",". His site"," has","  details  of"
"robert-louis-stevenson.classic-literature.co.uk","birth. It"," has","  symptoms"
"futurelab.org.uk","the Lord never"," has","  anything"
"futurelab.org.uk","by Roy Hession"," Has","  life  become"
"abeceder.co.uk","and"," has","  loads  of files"
"abeceder.co.uk","website - this"," has","  loads  of"
"pcpro.co.uk","Zebedee now"," has","  support  for"
"pcpro.co.uk","if an attacker"," has","  access  to the"
"pcpro.co.uk","server. zbd"," has","  sample  target"
"pcpro.co.uk","sources This"," has","  nothing  to do"
"nabd.org.uk",". Every street"," has","  shops  and"
"brianmac.demon.co.uk","collection"," has","  something  for"
"rvc.ac.uk","also now"," has",""
"seniorsnetwork.co.uk","of Commons"," has","  primacy  and is"
"seniorsnetwork.co.uk","Thurso says he"," has","  answers  but"
"youngminds.org.uk","Culley"," Has","  anyone  found a"
"youngminds.org.uk","an ISBN."," Has","  anyone  got any"
"youngminds.org.uk","publisher."," Has","  anyone  any"
"youngminds.org.uk","Top of page"," Has","  anyone  found a"
"youngminds.org.uk","Top of page"," Has","  anyone  found a"
"chester.ac.uk",", and"," has","  listening  and"
"abeceder.co.uk","and Design"," has","  expertise  in"
"cygnus-books.co.uk","Centre also"," has","  packs  of"
"blogs.guardian.co.uk","Leigh. It also"," has","  plenty  of"
"tech.plym.ac.uk",". She"," has","  flower  beds"
"allotment.org.uk","every woman"," has","  millions  of"
"onlinedmc.co.uk","630g and"," has","  provision  for"
"mqmagazine.co.uk","& James. This"," has","  information"
"new.edp24.co.uk",". "" The book"," has","  chapters"
"new.edp24.co.uk","impacts. It"," has","  offices  in"
"domino.lancs.ac.uk","still"," has","  engines  built"
"thegoodwebguide.co.uk","who"," has","  problems  they"
"kingsholm-chronicle.org.uk","The Oprah Show"," Has","  anyone  else"
"undiscoveredscotland.co.uk",". org Web site"," has","  information"
"undiscoveredscotland.co.uk","a prize. Site"," has","  organization"
"undiscoveredscotland.co.uk",". This site"," has","  lots  of"
"spartacus.schoolnet.co.uk",", mean she"," has","  difficulty"
"spartacus.schoolnet.co.uk","and"," has","  cot  sides to"
"catalystmagazine.org.uk","Commissioner"," has",""
"le.ac.uk","(so if anyone"," has","  access  let us"
"parkinsons.org.uk","the person who"," has","  everything  ,"
"kwintessential.co.uk","hard work it"," has","  lots  of in"
"kwintessential.co.uk","This boat"," has","  lots  of in"
"betterthinking.co.uk","in Wales. It"," has","  news  , reviews"
"youngminds.org.uk",". co. uk also"," has","  information"
"fortunecity.co.uk","if the vehicle"," has","  insurance  . If"
"ioe.ac.uk",". The web site"," has","  details  ..."
"ioe.ac.uk",". Their work"," has","  applications"
"ioe.ac.uk",". The web site"," has","  details  of"
"ioe.ac.uk","''. The site"," has","  feature"
"darlington.gov.uk","itself Islam"," has","  purity  and"
"darlington.gov.uk",": itself Islam"," has","  purity  and"
"pressies4princesses.co.uk","or tricycle),"," has","  pedals  , a"
"tyndale.cam.ac.uk","; nothing that"," has","  life  was ever"
"televisionheaven.co.uk","9RE Dr Burns"," has","  copies  of """
"nwda.co.uk",". Our page also"," has","  information"
"archive.food.gov.uk","worship and"," has",""
"interact-sw.co.uk","Stagebeat"," has","  thousands  of"
"football.guardian.co.uk","your editor"," has","  time  to spare"
"bdo.co.uk",". co. uk"," has","  links  to"
"bdo.co.uk",". co. uk"," has","  links  and"
"earlymodernweb.org.uk","the pils! what"," has","  happend  to"
"guilfest.co.uk",", DoubleClick"," has","  agreements"
"nabd.org.uk","indoor arena"," has","  plenty  of"
"allotment.org.uk","in 1907 which"," has","  sandstone"
"casi.org.uk","Bay) which"," has","  lots  of rock"
"casi.org.uk","cake, Dundee"," has","  nothing  much"
"casi.org.uk","a visit; it"," has","  plenty  of"
"euro.gov.uk","also"," has","  translations"
"abeceder.co.uk","by choir name."," Has","  information"
"boards.fool.co.uk",", and this"," has","  nothing  to do"
"heacademy.ac.uk","above also"," has","  leads  to a"
"wateraid.org.uk",". Every page"," has","  examples  of"
"roadrunnerrecords.co.uk","''. Such a maxim"," has","  implications"
"thegoodwebguide.co.uk","no longer"," has","  margin"
"archive.food.gov.uk","of staff and"," has","  family  links"
"number-10.gov.uk","","has","  lots  of"
"number-10.gov.uk","Parents '' Pack"," has","  leaflets  to"
"spiritofnature.co.uk","the TAFF site"," has","  problems  . 18"
"chester.ac.uk","the document."," Has","  anyone  else"
"chester.ac.uk","his service."," Has","  anyone  seen"
"gnn.gov.uk","nothing esle."," has","  anyone  had a"
"ultimateanimals.co.uk","as well. Q: How"," has","  astrology"
"ultimateanimals.co.uk","of the planets"," has","  nothing  to do"
"ultimateanimals.co.uk","astrology"," has","  nothing  that"
"bjr.org.uk","one author"," has","  copies  in her"
"bnp.org.uk","interest that"," has","  re-emerged"
"pcc.qub.ac.uk",", this process"," has","  winners  and"
"cygnus-books.co.uk","each student"," has","  plenty  of"
"dooyoo.co.uk","this set he"," has","  couples"
"jr2.ox.ac.uk","in print ]"," has","  recipes  for"
"entsweb.co.uk","University"," has","  campuses  in"
"developments.org.uk","Dreams... ''"," has","  atmosphere  ,"
"fishandfly.co.uk","actually"," has","  advantages  ."
"history.ac.uk","the Source"," has","  desires  ,"
"history.ac.uk","man '' still"," has","  ego-thoughts"
"manchesteronline.co.uk","''s production"," has","  echoes  of"
"action-tv.org.uk","not that this"," has","  anything  to do"
"pocket-lint.co.uk","â? ?the Ego"," has","  landedâ  ?"
"archive.food.gov.uk","Martialedge"," has","  articles  ,"
"ulula.co.uk",", each playset"," has","  accessories"
"pparc.ac.uk","Society which"," has","  groups"
"pparc.ac.uk","Bible clearly"," has","  roots  in the"
"classic-literature.co.uk","comfort. Top"," has","  button"
"iansmith.co.uk","that the land"," has","  houses  to one"
"iansmith.co.uk","The property"," has","  mains  water"
"sfc.ac.uk",", or whatever."," Has","  anyone"
"cygnus-books.co.uk","suitcase"," has","  wheels  What is"
"nabd.org.uk","and asked if he"," has","  anything  to"
"nabd.org.uk","himself, he"," has","  recourse  to"
"icteesside.icnetwork.co.uk",", USA,"," has","  Labor  vincit."
"pcpro.co.uk","based at home"," has","  access  to the"
"birdtours.co.uk",". Digimarc"," has","  equipment"
"somethingjewish.co.uk","reverse side"," has","  space  for"
"janus.lib.cam.ac.uk","the character"," has","  none  of his"
"jezuk.co.uk","Bostock who"," has","  stories  with"
"jezuk.co.uk","Tom Oakes, who"," has","  music  to rest"
"nef.org.uk","century and"," has","  parallels"
"youngfoundation.org.uk","it actually"," has","  power  over the"
"news.bbc.co.uk","by Virgin"," has","  plenty  of room"
"abeceder.co.uk","baby doll that"," has","  lots  of"
"isec2005.org.uk","store"," has","  drapery  ,"
"pcc.qub.ac.uk","government"," has","  access  to the"
"seniorsnetwork.co.uk","on Amala Road"," has","  water  year"
"ears.dmu.ac.uk","(REKT) that"," has",""
"swtourism.co.uk","period which"," has","  similarities"
"rcpbml.org.uk","in 1997. It"," has",""
"rcpbml.org.uk","purpose. Each"," has","  autonomy  to"
"gnn.gov.uk","''s lyre that"," has","  similarities"
"bjhc.co.uk","to now? c) How"," has","  contact  with"
"cygnus-books.co.uk","the Stasi and"," has","  blood  on her"
"www-jcsu.jesus.cam.ac.uk","a person"," has","  children  of"
"www-jcsu.jesus.cam.ac.uk","a partner who"," has","  children  of a"
"www-jcsu.jesus.cam.ac.uk","your partner"," has","  children  in an"
"www-jcsu.jesus.cam.ac.uk","a partner that"," has","  children  ."
"untoldlondon.org.uk","This site"," has","  security"
"somethingjewish.co.uk","Your friend"," has","  cancer  and you"
"somethingjewish.co.uk","member who"," has","  cancer  ."
"cex.co.uk","but your child"," has","  rights  too. If"
"burnyourbonus.co.uk",", every woman"," has","  millions  of"
"cpgb.org.uk","pack"," has","  lots  of ideas"
"cpgb.org.uk","pack"," has","  lots  of ideas"
"bnp.org.uk","the double six"," has","  twelve  pips."
"kierenmccarthy.co.uk","User Friendly"," has","  *never*  been"
"patent.gov.uk",": God"," has","  power  to do"
"datascope.co.uk","April issue"," has","  something  for"
"action-tv.org.uk","family. And he"," has","  photos  of the"
"photo-i.co.uk","3 Paul Friday"," has","  plans  to make"
"physiol.ox.ac.uk","that my friend"," has","  time  to turn"
"pocket-lint.co.uk","mouse strain"," has","  problems  with"
"ioe.ac.uk","Blair, who"," has","  bent  over"
"inminds.co.uk","but Taybor"," has","  designs  on"
"number-10.gov.uk",". This point"," has","  relevance  for"
"netlawman.co.uk",": The Gallery"," has","  images  that"
"netlawman.co.uk","down and that"," has","  change  and"
"kevala.co.uk",". Each story"," has","  lots  of"
"graigfarm.co.uk","More Fun"," has","  loads  of"
"blue-witch.co.uk","share with us"," has","  something  to"
"patent.gov.uk","form, and"," has","  themes"
"action-tv.org.uk",". ''Ommadawn ''"," has","  nothing  to"
"spamfo.co.uk","good tea which"," has","  life  as"
"reviewing.co.uk","since 1908 and"," has","  hundreds  of"
"clieuk.co.uk","team and"," has",""
"clieuk.co.uk","Mr Turner also"," has",""
"patent.gov.uk",", mydietmate,"," has","  everything"
"mqmagazine.co.uk","I ''m asking is;"," has","  anyone  given"
"mqmagazine.co.uk","I ''m asking is;"," has","  anyone  given"
"mqmagazine.co.uk",". But it"," has","  nothing  to do"
"domino.lancs.ac.uk","boat"," has","  glass  roof"
"octagonbolton.co.uk","psychic mind"," has","  trouble"
"bitc.org.uk","centre"," has","  guidance  on"
"mirror.co.uk","apparently"," has","  life  ."
"pcpro.co.uk",", which"," has","  updates  on the"
"www-atm.physics.ox.ac.uk","Every bike"," has","  wheels  - how"
"bitc.org.uk",") (well, it"," has","  railway"
"bitc.org.uk","missed it, but"," has","  anyone  yet"
"new.edp24.co.uk",". The Alliance"," has",""
"projects.ex.ac.uk","Samoa, which"," has","  treaties  with"
"euro.gov.uk","astrologer"," has","  stories  about"
"thegayvote.co.uk","Tape - i. e. """," Has","  anyone  seen"
"mirror.co.uk","part at least"," has","  something"
"acegamez.co.uk","4A, which"," has","  music  in the"
"acegamez.co.uk",", Scarboro,"," has","  treble  ,"
"acegamez.co.uk","the bass part"," has","  passages"
"new.edp24.co.uk","UK keyboard"," has","  keys  for the"
"new.edp24.co.uk","keyboard"," has","  keys  for a"
"mirror.co.uk","keys Randi"," has","  bent  will tell"
"somewhere.org.uk","the Lord never"," has","  anything"
"janus.lib.cam.ac.uk","of speech"," has","  limits  , that"
"shop.earthscan.co.uk","poetry that"," has","  something  to"
"new.edp24.co.uk",". Neither"," has","  progeny  ."
"mqmagazine.co.uk","(if such a term"," has","  validity  ). He"
"bjr.org.uk","3 hours c)"," has",""
"visitsouthwest.co.uk",", but"," has","  space  for 3000"
"visitsouthwest.co.uk","website, and"," has","  details  of"
"bitc.org.uk","Office also"," has","  part  time"
"acegamez.co.uk","cabinet that"," has","  doors  that are"
"cheng.cam.ac.uk",", everyone"," has","  something  to"
"jezuk.co.uk","of EFL, but"," has","  exponents  in"
"inminds.co.uk","skills, NETg"," has","  everything"
"new.edp24.co.uk","means that Ufi"," has","  something  to"
"projects.ex.ac.uk","- and THT"," has","  services"
"isec2005.org.uk","feel that one"," has","  ''seen  ''"
"swtourism.co.uk","which"," has","  elements  of"
"cygnus-books.co.uk","each side"," has","  liberty  of"
"nabd.org.uk","of Melbourne"," has","  machines"
"ioe.ac.uk","! If anybody"," has","  problems  ,"
"ioe.ac.uk","! If anyone"," has","  anything  they"
"duxford.iwm.org.uk",". If it"," has","  spiderman  on"
"bjr.org.uk",". The Web Site"," has","  information"
"heacademy.ac.uk","FD Systems"," has","  experience  in"
"iguk.co.uk","is a train, he"," has","  lots  of"
"cex.co.uk","suppplier,"," has","  user  comments"
"cex.co.uk","The final link"," has","  information"
"rcpbml.org.uk","option The PCB"," has","  pads  to"
"blue-witch.co.uk","debate, and it"," has","  claim  to a"
"myweb.lsbu.ac.uk","colour and"," has","  aromas  of"
"cfoi.org.uk","influence who"," has","  access  and on"
"highpointfilms.co.uk","the years. It"," has","  examples  of"
"defra.gov.uk","cosy place. He"," has","  lots  of rooms"
"history.ac.uk","is silent and"," has","  nothing  to say"
"history.ac.uk","is silent and"," has","  nothing  to say"
"patent.gov.uk","Pete Shelley"," has","  punters"
"mirror.co.uk",", the NHS"," has","  recently=20"
"mirror.co.uk","I ''m asking is;"," has","  anyone  given"
"mirror.co.uk","I ''m asking is;"," has","  anyone  given"
"sydenham.org.uk",", the company"," has","  pub  retail"
"bearskinrug.co.uk","Connexion for"," has","  friends  with"
"british-history.ac.uk","). The embryo"," has","  personhood  at"
"british-history.ac.uk","stem cells"," has","  benefits  over"
"cheng.cam.ac.uk","'' version."," Has","  anyone  ? A"
"patent.gov.uk","which"," has","  glass  in the"
"painsupport.co.uk","in the group"," has","  knowledge  . We"
"duxford.iwm.org.uk","area. Just"," has","  AMRT  were"
"reviewing.co.uk","! If anybody"," has","  problems  ,"
"mirror.co.uk","own expense He"," has","  permission"
"burnyourbonus.co.uk","just can say it"," has","  something  to"
"aiai.ed.ac.uk","included here"," has","  wordwrap  , so"
"people.bath.ac.uk","Utilisation."," Has","  sensitivity  ."
"sitcom.co.uk","for words and"," has","  nothing  to say"
"tate.org.uk","it would?"," Has","  astrology"
"tate.org.uk","''s marriage"," has","  nothing  to do"
"developments.org.uk","CD that"," has","  everything"
"lrb.co.uk","apparently"," has","  breast  cancer"
"dca.gov.uk","I suggest that"," has","  implications"
"inminds.co.uk","at home and he"," has","  trouble"
"britishempire.co.uk","glad Brighton"," has","  people  like"
"pandemonium.me.uk","Scotsman"," has","  something  of"
"pandemonium.me.uk","That this poet"," has","  humor  of the"
"darlington.gov.uk","than it"," has","  space  to"
"kitmax.co.uk",") which"," has","  science  terms"
"ariadne.ac.uk","also"," has","  control  over"
"rejesus.co.uk","of dancing?"," Has","  anyone  ever"
"inminds.co.uk","A piece of work"," has","  ''style  '' when"
"penguinclassics.co.uk","organisation"," has","  firewalls  or"
"ncl.ac.uk",", and every age"," has","  manners  in"
"ncl.ac.uk","abound and he"," has","  pictures  to"
"housingpis.co.uk","index of names"," has","  links  to"
"earlymodernweb.org.uk","in 1997. It"," has",""
"earlymodernweb.org.uk","purpose. Each"," has","  autonomy  to"
"cfoi.org.uk","anyone who"," has",""
"cfoi.org.uk","stomach which"," has","  food  in it. The"
"i-sis.org.uk","Each category"," has","  book  token"
"rejesus.co.uk","tragedy: What"," has","  tragedy  to do"
"bbsrc.ac.uk","of substance,"," has","  rulership  of"
"ultimateanimals.co.uk","duty calls. He"," has","  friends  in"
"entsweb.co.uk","of grief"," has","  nothing  to do"
"untoldlondon.org.uk","husband who"," has","  diabetes  ."
"inminds.co.uk",". This wine"," has","  spice  on tthe"
"mirror.co.uk","a bit and so she"," has","  lots  of time"
"bbsrc.ac.uk","Revenue"," has","  enforcement"
"news.cnet.co.uk","if your play"," has","  someone"
"ff1600.co.uk","team but also"," has","  experience  of"
"nutcote.demon.co.uk",". The web site"," has","  news  ,"
"nutcote.demon.co.uk","version also"," has","  links  to"
"nutcote.demon.co.uk",", the site"," has","  information"
"pressies4princesses.co.uk","on Radio One"," has","  Non-Zero  in"
"pandemonium.me.uk","! RIP ]"," has","  fun  been so,"
"guardian.co.uk",". Fell also"," has","  gigs  in the"
"mark-twain.classic-literature.co.uk","Feminism"," has","  associations"
"futurelab.org.uk","If the learner"," has","  problems  he/"
"prisonreformtrust.org.uk","the pentacle"," has","  meaning  and"
"athelstane.co.uk",", Ascential"," has","  offices"
"athelstane.co.uk","software. SSA"," has","  offices  in"
"focusdiy.co.uk","your life"," has","  gaps  and snags"
"people.bath.ac.uk",". If the chair"," has","  arms  , these"
"people.bath.ac.uk","? If it"," has","  arms  , can you"
"eng.warwick.ac.uk","guitar case"," has","  weapons  in it."
"i-sis.org.uk","places, and"," has","  outline"
"southbucks.gov.uk","also"," has","  Internet"
"earlymodernweb.org.uk","evolution"," has","  continuity  ."
"purr-n-fur.org.uk","personality"," has","  nothing  to do"
"bfi.org.uk:8080","of change -"," has","  anything"
"socialistunitynetwork.co.uk","in 1997. It"," has",""
"socialistunitynetwork.co.uk","purpose. Each"," has","  autonomy  to"
"bfi.org.uk:8080",". It is"," has","  canons  and is"
"gopetition.co.uk","a customer"," has","  concerns"
"projects.ex.ac.uk","MS), but it"," has","  implications"
"televisionheaven.co.uk","Library also"," has","  links  with the"
"heacademy.ac.uk","bones Tango"," has","  plenty  of"
"bfi.org.uk:8080","day of the Lord"," has","  significance"
"nta.nhs.uk",". The area"," has","  road  and rail"
"nta.nhs.uk","of Somerset"," has",""
"cain.ulst.ac.uk","of fields that"," has","  oil  seed rape"
"peterhead.org.uk","if your child"," has","  friends  that"
"bwpics.co.uk",". His bunk mate"," has","  malaria  . Take"
"euro.gov.uk","where, he, er,"," has","  adventures  ."
"euro.gov.uk","a writer, and"," has","  doubts  about"
"action-tv.org.uk",", Kenya"," has","  plenty  of high"
"ysbl.york.ac.uk",", here one"," has","  something  to"
"ysbl.york.ac.uk","word in 1955."," Has","  anyone  spoken"
"ysbl.york.ac.uk","point which"," has","  nothing"
"inminds.co.uk","Central Bank"," has","  control  over"
"octagonbolton.co.uk",". In no respect"," has","  society"
"octagonbolton.co.uk","that a citizen"," has","  duties  as well"
"paulflynnmp.co.uk","when the Sun"," has","  altitude"
"bized.ac.uk",". This album"," has","  wit  but better"
"bized.ac.uk","each section"," has","  layers  to"
"rolandandcaroline.co.uk",": Cornelia"," has","  control  over"
"inminds.co.uk","the manager"," has","  everyone"
"dolphinmusic.co.uk","Peace which"," has","  route  advice ("
"kingsholm-chronicle.org.uk",", but"," has","  hotspots  in"
"nef.org.uk","Liverpool. He"," has","  associations"
"admin.cam.ac.uk","is someone who"," has","  desires  for"
"publications.parliament.uk","all this. It"," has","  calmness  , a"
"isc.ac.uk","browsers and"," has","  icons  against"
"rolandandcaroline.co.uk","and abroad. So"," has","  competition"
"mark-twain.classic-literature.co.uk",". - Everyone"," has","  something  to"
"abeceder.co.uk",". Site"," has","  links  to top"
"arts.guardian.co.uk","of a person who"," has","  dementia"
"new.edp24.co.uk","here"," has","  merit  then"
"i-sis.org.uk","world which"," has","  lots  of"
"i-sis.org.uk","city of Bulika"," has","  similarities"
"conted.ox.ac.uk","a text so this"," has","  implications"
"moblog.co.uk",": Doctor Who"," has","  regeneration"
"amazonsystems.co.uk","''. All of this"," has","  nothing  to do"
"mackies.co.uk","that ethics"," has","  nothing  to do"
"filmfocus.co.uk","Brecon? How"," has","  road  travel"
"filmfocus.co.uk",", how"," has","  air  travel"
"isec2005.org.uk","order, which"," has","  power  to"
"isec2005.org.uk","supernatural"," has","  rights  , and"
"isec2005.org.uk","a person, and"," has","  rights  . For"
"isec2005.org.uk","worshippers"," has","  no-one  to"
"isec2005.org.uk",". Mary"," has","  millions  of"
"nta.nhs.uk","age? Why"," has","  patient  ''s"
"headheritage.co.uk","neither party"," has","  authority  to"
"cs.bham.ac.uk","passenger who"," has","  difficulty"
"painsupport.co.uk","software. It"," has","  ability  to"
"pparc.ac.uk","music"," has","  ''no  copyright"
"unixhelp.ed.ac.uk","child. This"," has","  policy"
"pparc.ac.uk",". Patsy"," has","  work"
"pparc.ac.uk","and 2000. He"," has","  research"
"news.cnet.co.uk","Direct,"," has","  access  to your"
"icons.org.uk","high fuel tax"," has","  nothing  to do"
"myweb.lsbu.ac.uk","website"," has","  information"
"nef.org.uk","Foundation"," has",""
"cfoi.org.uk",",? He who"," has","  ears  to hear,"
"somethingjewish.co.uk","address. This"," has","  articles  of"
"amazon.co.uk","my flatmate"," has","  mumphs  . "" I"
"octagonbolton.co.uk",": This person"," has",""
"refer.nhs.uk","UK. The Trust"," has",""
"ff1600.co.uk",". . . upon these"," has","  nature"
"ess.uwe.ac.uk","each member"," has","  something"
"brianmac.demon.co.uk","Society"," has","  copies"
"nta.nhs.uk","youth, but he"," has","  eyes  for"
"ruralgateway.org.uk","quiz show. It"," has","  everything"
"huntinginquiry.gov.uk","Defra"," has",""
"athelstane.co.uk",". Tribes"," has","  links  with"
"sydenham.org.uk","who"," has","  experience  of"
"bjhc.co.uk","Department"," has","  dairy  and"
"shotatdawn.org.uk",". If anyone"," has","  pictures  of"
"policyhub.gov.uk","Company. It"," has","  links  to many"
"birdtours.co.uk","page that"," has","  information"
"birdtours.co.uk",". com."," Has","  information"
"birdtours.co.uk","ranks."," Has","  info  on the"
"birdtours.co.uk",". The site"," has","  details  of"
"birdtours.co.uk","village... """," Has","  facilities"
"refer.nhs.uk","and"," has","  plenty  of"
"keoghs.co.uk","Portset"," has","  access  to"
"patent.gov.uk",") of Eternity"," has","  roots  in"
"classic-literature.co.uk","? Only XP Pro"," has","  support  for"
"classic-literature.co.uk","to control who"," has","  access  , and"
"kevala.co.uk","Saddam """," has","  capability  in"
"kevala.co.uk","and no country"," has","  terrorists"
"fishandfly.co.uk","decision"," has","  implications"
"rafmarham.co.uk","","has","  something  to"
"classic-literature.co.uk","options "". AEG"," has","  plans  for a"
"sparc.airtime.co.uk","''s new home"," has","  everything  -"
"news.bbc.co.uk","swot. One"," has","  wit  ,"
"cygnus-books.co.uk","applicant"," has","  funds"
"teamwingchun.co.uk",". No one"," has","  access  to them"
"christianword.co.uk",". How"," has","  geology"
"futurelab.org.uk","person"," has","  choice  over"
"qub.ac.uk","is in a mess, it"," has","  nothing  on the"
"isc.ac.uk","feature"," has","  peak  1000,"
"isc.ac.uk","initially"," has","  peak  greater"
"bearskinrug.co.uk",". htm which"," has","  photos  too."
"checkpoint.ansible.co.uk","Rooney still"," has","  time  on his"
"checkpoint.ansible.co.uk","Rooney still"," has","  time  on his"
"ospreys.org.uk","person"," has","  choice  over"
"duxford.iwm.org.uk","Old Testament"," has","  nothing  to say"
"rcpbml.org.uk","the public"," has","  access  and"
"nabd.org.uk",". Chavez, too,"," has","  blood  on his"
"pih.org.uk","'' website it"," has","  photographs"
"pih.org.uk","nations)"," has","  something  to"
"iguk.co.uk","progress, but"," has","  costs  that may"
"bnp.org.uk","exploding.."," Has","  anyone  had"
"news.zdnet.co.uk",". And Gamecube"," has","  games  , not"
"onlinedmc.co.uk","hotel that"," has","  views  over the"
"femalefirst.co.uk","the rest of us"," has","  nothing  to do"
"femalefirst.co.uk",". Democracy"," has","  nothing  to do"
"arrivatrainswales.co.uk","clearing"," Has","  District  of"
"roadrunnerrecords.co.uk","screen which"," has","  today  ''s date"
"futurelab.org.uk","court already"," has","  powers"
"futurelab.org.uk","court already"," has","  discretion"
"futurelab.org.uk","if the debtor"," has","  children  ,"
"riversidestudios.co.uk","and"," has",""
"consumerdirect.gov.uk","the WASG also"," has","  support  of"
"cfoi.org.uk","miles. It"," has","  captains"
"cf.ac.uk","","has","  variation"
"sport.guardian.co.uk",""" who"," has",""
"sport.guardian.co.uk","whose husband"," has","  lifetime"
"sport.guardian.co.uk","''s husband"," has","  earnings  75 %"
"sport.guardian.co.uk","''s husband"," has","  lifetime"
"sport.guardian.co.uk","falls if she"," has","  children  ,"
"lothene.demon.co.uk","Dearg also"," has","  merits  (best"
"ioe.ac.uk","the Bishop"," has","  infact"
"rolandandcaroline.co.uk",", Leibniz"," has","  nothing  to say"
"1st-for-french-property.co.uk","Trust)"," has","  records  of"
"pcpro.co.uk","delights. It"," has","  horse  drawn"
"bbkphilsoc.org.uk","jurisdiction"," has","  endedâ  ? that"
"nabd.org.uk","language"," has","  words  for"
"netribution.co.uk",", I hope it"," has","  pubs  . I hope"
"netribution.co.uk","& the T shirt"," has","  pride  of place"
"patent.gov.uk","Havergal 1847"," has","  none  ."
"fortunecity.co.uk","Kelly (1958) -"," Has","  Anybody  Here"
"nationalschool.gov.uk","them, who"," has","  access  to them"
"scan-uk.mmu.ac.uk","html This site"," has","  plenty  of"
"a-london-guide.co.uk","account"," has","  difficulty"
"a-london-guide.co.uk",". We believe it"," has","  face  validity"
"forums.ebay.co.uk","large book"," has","  space  for. [ 2 ]"
"kitmax.co.uk","Reservoir,"," has",""
"policyhub.gov.uk","it is safe and"," has","  instructions"
"jisc.ac.uk","each side"," has","  liberty  of"
"tiscover.co.uk",". I know it"," has","  nothing  to do"
"tiscover.co.uk",", called Anna,"," has","  youngsters  of"
"houseandgardenfair.co.uk","services. It"," has","  offices  in"
"houseandgardenfair.co.uk","College and"," has",""
"houseandgardenfair.co.uk","in the UK and"," has",""
"classic-literature.co.uk","in India"," has","  today  (May 19)"
"i-sis.org.uk","film, since it"," has","  Blacula  vs. A"
"jncc.gov.uk","bed, flat 1"," has","  bunk  beds in"
"jncc.gov.uk","bed, flat 6"," has","  bunk  beds in"
"eprints.gla.ac.uk","(Aggression)"," Has","  anyone  else"
"kwintessential.co.uk",". This song"," has","  plenty  of"
"kwintessential.co.uk","produced. It"," has","  lyrics  that do"
"janus.lib.cam.ac.uk","Turing bombe"," has","  uniselector"
"sitcom.co.uk","sachets"," has","  everyone"
"televisionheaven.co.uk","point, but it"," has","  significance"
"prisonreformtrust.org.uk","(which"," has","  support  for"
"penguinclassics.co.uk","(and thus"," has","  value  0 when"
"richmond.ac.uk","rediscover."," Has","  anyone  heard"
"shotatdawn.org.uk","(Canada)"," has","  information"
"shotatdawn.org.uk","Row ''s website"," has","  info  on the"
"shotatdawn.org.uk","in September"," has","  webpages  on"
"shotatdawn.org.uk","website"," has","  details  of the"
"shotatdawn.org.uk","Ladies"," has","  details  of"
"shotatdawn.org.uk","website"," has","  information"
"people.bath.ac.uk","Government"," has","  plans  for a"
"cygnus-books.co.uk","which"," has","  details  and"
"markchirnside.co.uk",", and which"," has","  been--and  I do"
"gpnotebook.co.uk","Waterways"," has","  details  of how"
"lovethedogs.co.uk","'' site that"," has","  pointers  to"
"1st-for-french-property.co.uk",", Metro Play"," has","  something  to"
"lewes.gov.uk","first but"," has","  none  of the"
"imperial.ac.uk","Island. It"," has","  information"
"pih.org.uk","Processor"," has","  discs  which"
"eng.warwick.ac.uk","University"," has","  expertise  in"
"conted.ox.ac.uk","This section"," has","  instructions"
"oxfordguides.co.uk","moment, and he"," has","  pains  and"
"oxfordguides.co.uk","the goods."," Has","  anyone  ever"
"oxfordguides.co.uk","(she"," has","  Moon  square"
"oxfordguides.co.uk","to grind. Q:"," Has","  anyone  ever"
"news.cnet.co.uk","island which"," has","  columns  for"
"euro.gov.uk","if Graeme"," has","  time  as there"
"nabd.org.uk","Western"," has","  problems  but"
"amazon.co.uk","which now"," has","  pride  of place"
"food.gov.uk","of the swamp"," has","  islands"
"archive.food.gov.uk","an island that"," has",""
"pancreatitis.org.uk",". Bathroom"," has","  bath  , basin"
"classic-literature.co.uk","new facility"," has","  oak  flooring"
"pocket-lint.co.uk","who asks """," Has","  anybody  got a"
"spartacus.schoolnet.co.uk","to anyone who"," has","  speech"
"naijaman.cfmxdeveloper.co.uk","that section"," has","  nothing  to do"
"history.ac.uk","business"," has","  something"
"lothene.demon.co.uk","and the sandal"," has","  straps  . P: As"
"nta.nhs.uk",", for example,"," has","  difficulty  in"
"muslimparliament.org.uk","door normally"," has","  rollers"
"pih.org.uk","getting but it"," has","  training"
"cs.bham.ac.uk","in places"," has","  traces  of"
"nef.org.uk","- also with"," has","  wall  to wall"
"datascope.co.uk","one, and it"," has","  example  pages"
"cfoi.org.uk","channel"," has","  limits"
"mfiles.co.uk","audience -- it"," has","  participants"
"1st-for-french-property.co.uk","the Society"," has","  involvement  ."
"sparc.airtime.co.uk","Rural Affairs"," has","  information"
"naijaman.cfmxdeveloper.co.uk","Each activity"," has","  discussion"
"somewhere.org.uk","a receiver who"," has","  something"
"inminds.co.uk","observatory"," has","  mains  laid in"
"cashncarrion.co.uk","actions and"," has",""
"cashncarrion.co.uk","and learning"," has","  nothing  to do"
"sundaymail.co.uk",", the court"," has","  discretion  to"
"electricfencing.co.uk","group and"," has","  Col  17901 done"
"chapmancentral.co.uk",", Phil Curme,"," has","  details  of"
"nationalschool.gov.uk","not everyone"," has","  Internet"
"rtaylor.co.uk","Martin"," has","  heaps  of"
"bitc.org.uk","power devices"," has","  begun(I158  ,"
"news.zdnet.co.uk","life. My life"," has","  change  beyond"
"traveldoctor.co.uk","size bed and"," has","  patio  doors"
"traveldoctor.co.uk","size bed and"," has","  patio  doors"
"headheritage.co.uk","The City"," has",""
"nationalschool.gov.uk",". E. Lamb, who"," has","  type  1 insulin"
"wateraid.org.uk","). The SmartXX"," has","  solderpads"
"wateraid.org.uk",". But SmartXX"," has","  plans  to"
"wateraid.org.uk","SmartXX-OS"," has","  network"
"kent.ac.uk","Buchan which"," has","  views  of"
"rafmarham.co.uk",". It"," has","  mechanisms"
"action-tv.org.uk",". She"," has","  plans  to"
"holdthefrontpage.co.uk","them the king"," has","  gane  but when"
"publicwhip.org.uk","parent who"," has","  children  of a"
"manchesteronline.co.uk","also"," has","  lessons  which"
"www3.open.ac.uk","Centre"," has","  sales  ,"
"clieuk.co.uk","Wheel Thing"," has","  events  aimed"
"christianword.co.uk","UK Based but"," has","  shops"
"christianword.co.uk","slow and"," has","  advertising"
"christianword.co.uk","house,"," has","  tens  of"
"paulflynnmp.co.uk","Charge (RiC)"," has",""
"ariadne.ac.uk","cases the GROS"," has","  microfilm"
"flexibility.co.uk","library"," has","  access  to most"
"flexibility.co.uk","MathSciNet"," has","  abstracts  all"
"news.bbc.co.uk","always"," has","  access  to"
"peterhead.org.uk","a program that"," has","  disk  files"
"mark-twain.classic-literature.co.uk","''s not sure."," Has","  anyone  an idea"
"defra.gov.uk",". Lloyd Webber"," has","  homes  at"
"cf.ac.uk",". Exile (1942)"," has","  images  of"
"mfiles.co.uk","name and if she"," has","  daughters"
"riversidestudios.co.uk","Council"," has","  today"
"sitcom.co.uk",". ''Space ''"," has","  guitars"
"kierenmccarthy.co.uk","air flow? Dust"," Has","  dust"
"i-sis.org.uk","the text that"," has","  control"
"stalbans.gov.uk","your child"," has","  nits  ... Click"
"oneguyfrombarlick.co.uk","sense it"," has","  something  to"
"oneguyfrombarlick.co.uk","a phrase that"," has","  resonance  for"
"ioe.ac.uk","WSIS website"," has","  background"
"bdo.co.uk","Book 1 (1750),"," has","  two-  , three-"
"kevala.co.uk","Section"," has",""
"videoforums.co.uk",". But so too"," has","  politics  :"
"videoforums.co.uk","and who"," has","  access  to the"
"videoforums.co.uk","which anyone"," has","  access  . There"
"burnyourbonus.co.uk","This! Garces"," has","  guest  starred"
"cloggs.co.uk","it is. It"," has","  chapters  on"
"houseandgardenfair.co.uk","Branch,"," has",""
"chester.ac.uk","Us Singing -"," has","  lyrics  by Don"
"spartacus.schoolnet.co.uk",". And he"," has","  answers  . Can"
"cygnus-books.co.uk","? ?"," Has","  anyone  any"
"ioe.ac.uk","emits less, it"," has","  allowances  in"
"ioe.ac.uk","each member"," has","  ownership  of"
"televisionheaven.co.uk","only"," has","  war  . t,"
"comparestoreprices.co.uk","that the cream"," has","  time  to bond"
"york.ac.uk","down there"," has","  manners  . It"
"fishandfly.co.uk","dialogue; she"," has","  powers  of"
"gimbo.org.uk","Luton and also"," has","  experience"
"gimbo.org.uk","2005."," Has","  experience"
"gimbo.org.uk","2005 and also"," has","  experience"
"chester.ac.uk","swept away."," Has","  anyone  other"
"videoforums.co.uk",", margarine"," has","  vitamins  A and"
"myweb.lsbu.ac.uk","who already"," has","  children  - a"
"kevala.co.uk","world. And she"," has","  blankets  that"
"ippr.org.uk",". Talamh"," has","  gardens  ,"
"lewes.gov.uk","enough - he"," has","  havoc  to wreak"
"skuds.co.uk","midfield. He"," has","  bags  of"
"skuds.co.uk","though and"," has","  quality  ."
"skuds.co.uk","him yet. He"," has","  alot  of pace"
"skuds.co.uk","about him and"," has","  time  on his"
"skuds.co.uk","striker. He"," has","  alot  of pace"
"skuds.co.uk","team mates and"," has","  captain"
"skuds.co.uk","- Winger who"," has","  quality  but"
"skuds.co.uk","young and"," has","  time  to push on"
"eduserv.org.uk","regularly. He"," has","  fiction  and an"
"tyndale.cam.ac.uk",". Francois"," has","  degrees  from"
"somewhatmuchly.co.uk",". The site"," has","  parking  and"
"bfi.org.uk:8080","VGA AV cable"," has","  estimate  of"
"bfi.org.uk:8080","AV cable now"," has","  delivery"
"sitcom.co.uk","votes as it"," has","  candidates  ."
"sitcom.co.uk","votes as it"," has","  candidates  ."
"ears.dmu.ac.uk",", he only"," has","  photos  of"
"consumerdirect.gov.uk","momentum"," has","  ben  achieved"
"allotment.org.uk","supplied"," has","  errors  , so"
"fortunecity.co.uk","CD. If anyone"," has","  copies  of"
"entsweb.co.uk","Group which"," has","  databases  in"
"holdthefrontpage.co.uk","Hotel"," has",""
"action-tv.org.uk","because it"," has","  lots  of"
"cnetwork.co.uk","the SCB, which"," has","  details  about"
"cnetwork.co.uk","you. This site"," has","  thousands  of"
"cnetwork.co.uk","This site"," has","  thousands  of"
"publicwhip.org.uk","off that"," has","  moss  or lichen"
"projects.ex.ac.uk","following day"," has","  hundreds  of"
"pocket-lint.co.uk","section also"," has","  staff  who can"
"pocket-lint.co.uk","Business West"," has","  specialist"
"jezuk.co.uk","culture"," has","  nothing  in"
"le.ac.uk","of Exeter. He"," has","  interests  in"
"soulwalking.co.uk",", every Church"," has","  power  given"
"soulwalking.co.uk",", who as He"," has","  power  in"
"onlinedmc.co.uk","If your horse"," has","  signs  of acute"
"bupa.co.uk","site. And"," has","  lots  of bear"
"youngminds.org.uk",") or 1 (","has","  attributes  )."
"youngminds.org.uk","out if a node"," has","  children  ,"
"inminds.co.uk",". Finally Tim"," has","  dates  for the"
"penguinclassics.co.uk","Version 3"," has","  memory"
"newswales.co.uk","here. This"," has","  details  of"
"brianmac.demon.co.uk","that it also"," has","  limitations  ."
"ioe.ac.uk","one laughs or"," has","  fun  . They"
"sydenham.org.uk","a person who"," has","  experience  of"
"painsupport.co.uk","the firewall"," has","  pinholes"
"arts.guardian.co.uk",". The Volvo 3CC"," has","  dimensions"
"abeceder.co.uk","force, and man"," has",""
"action-tv.org.uk","is one that"," has","  value  to the"
"cabe.org.uk",". The site now"," has","  references  to"
"cf.ac.uk","me down. She"," has","  charm  coupled"
"better-business.co.uk","du Nord, Paris"," has","  something  to"
"cs.bham.ac.uk",". And desire"," has","  fulfilment"
"ucisa.ac.uk","library which"," has","  links  to the"
"foe.co.uk",". net"," has","  property  for"
"foe.co.uk",". net"," has","  quality"
"foe.co.uk",". com -"," has","  lots  of"
"foe.co.uk","). This site"," has","  everything"
"littleredboat.co.uk",". It also"," has","  motorway  slip"
"littleredboat.co.uk","footbridge"," has","  steps  at one"
"city.ac.uk","magazine and"," has","  stands  at"
"customs.hmrc.gov.uk","who"," has","  stock"
"www3.imperial.ac.uk","by Roy Hession"," Has","  life  become"
"iansmith.co.uk","News shop"," has","  newspapers  ,"
"southmanchesterreporter.co.uk",", and this"," has","  implications"
"classic-literature.co.uk","data samples"," has","  frequency"
"jisc.ac.uk","Library at UIC"," has","  access  to the"
"football.guardian.co.uk",". Leigh Day"," has","  expertise  in"
"catholic-ew.org.uk","the right time"," has","  part  time"
"cpgb.org.uk","in salt, which"," has","  iodine  added"
"spartacus.schoolnet.co.uk","with diabetes"," has","  access  to the"
"groups.google.co.uk","for whoever"," has","  ears  to listen"
"presentationhelper.co.uk","therefore"," has","  something  in"
"dca.gov.uk","and power,"," has","  limitations"
"photo-i.co.uk","years Helo"," has","  brough  the"
"huntinginquiry.gov.uk","or someone who"," has","  care  of the"
"cs.bham.ac.uk","- Thurrock"," has","  something  for"
"cf.ac.uk","1 D 7 U 1 The tune"," has","  notes  of"
"pparc.ac.uk","any of this"," has","  relevance  to"
"chester.ac.uk","domain that"," has","  permission  to"
"isec2005.org.uk","sells books,"," has","  Internet"
"isec2005.org.uk","restaurant"," has","  plenty  of"
"pressies4princesses.co.uk","free ''? How"," has","  science"
"acegamez.co.uk",", this group"," has","  features  in"
"ultimateanimals.co.uk","at which she"," has","  difficulty"
"patp3.webbler.co.uk",". If anyone"," has","  blinds  for any"
"ears.dmu.ac.uk","here. SR:"," Has","  anybody  hit"
"kierenmccarthy.co.uk","cavernous and"," has","  one-foot  wide"
"bearskinrug.co.uk","rock band. He"," has","  stage"
"domino.lancs.ac.uk","tart ''. But"," has","  Bill  really"
"clieuk.co.uk","factory and"," has","  ambitions  -"
"clieuk.co.uk","up Emag (UK)"," has","  plans  to"
"kevala.co.uk","the preacher"," has","  nothing"
"kevala.co.uk","it the hearer"," has","  nothing"
"kevala.co.uk",". For Christ"," has","  Himself"
"sfc.ac.uk","Mix which"," has","  plants"
"shop.earthscan.co.uk","clearly"," has","  consequences"
"ff1600.co.uk","Service"," has","  headquarters"
"poetrysociety.org.uk","Base also"," has","  lots  of good"
"poetrysociety.org.uk",". AllPM. com"," has","  lots  of good"
"poetrysociety.org.uk",". NNH ''s site"," has","  papers  on"
"poetrysociety.org.uk","How "" section"," has","  links  to"
"poetrysociety.org.uk","Group Inc"," has","  articles  of"
"poetrysociety.org.uk","for Software)"," has","  links  about"
"poetrysociety.org.uk","How "" section"," has","  links  to"
"poetrysociety.org.uk","Tarrani,"," has","  links  to a"
"poetrysociety.org.uk","Software"," has","  loads  of good"
"poetrysociety.org.uk","Studios,"," has","  project"
"poetrysociety.org.uk","Project Smart"," has","  document"
"nutcote.demon.co.uk",". This road"," has","  cycle  lanes"
"bay-c.co.uk","set out. She"," has","  nothing  left"
"peterhead.org.uk","book that"," has","  life  and -"
"rejesus.co.uk","role and"," has","  tens  of"
"bbsrc.ac.uk",". Who"," has","  time  for"
"robert-louis-stevenson.classic-literature.co.uk","said. "" The EU"," has","  quotas  on"
"refer.nhs.uk","the NHS now"," has","  access  to"
"southbucks.gov.uk",", so the nation"," has","  something  to"
"web.ukonline.co.uk","the double six"," has","  twelve  pips."
"cpgb.org.uk",". This site"," has","  backgound"
"cpgb.org.uk",", awards, and"," has","  access  to the"
"cpgb.org.uk",". The site"," has","  information"
"cpgb.org.uk",". It"," has","  links  to the"
"cpgb.org.uk",". The site"," has","  information"
"cpgb.org.uk","(EHMA) which"," has","  offices  in"
"cpgb.org.uk","''. The site"," has","  information"
"cpgb.org.uk",". The site"," has","  information"
"cpgb.org.uk","meetings and"," has","  links  to the"
"spelthorne.gov.uk","of Ulster"," has","  world  class"
"patent.gov.uk",". If any member"," has","  accountancy"
"bfi.org.uk:8080","industry"," has","  exports  in"
"gnn.gov.uk",". The human"," has",""
"gnn.gov.uk","computer just"," has","  programmes"
"headheritage.co.uk","Boroughs page"," has","  tables"
"headheritage.co.uk",". This web page"," has","  links  to their"
"headheritage.co.uk","web page"," has","  links  to"
"netlawman.co.uk","''s. It still"," has","  blood  stains"
"chester.ac.uk",". The Park"," has","  dozens  of"
"jisc.ac.uk","the Internet"," has","  burst  upon the"
"jisc.ac.uk","distances"," has","  anything"
"patent.gov.uk","definitely"," has","  origins  in a"
"www3.open.ac.uk",". Llanfair"," has","  shops  , pubs"
"cygnus-books.co.uk","matter and"," has","  nothing  to do"
"sfca.co.uk","in 1997. It"," has",""
"sfca.co.uk","purpose. Each"," has","  autonomy  to"
"sfca.co.uk","and"," has","  links  with"
"euro.gov.uk","The Company"," has","  groundwater"
"socialistunitynetwork.co.uk","website"," has","  information"
"untoldlondon.org.uk","bed. If any man"," has","  trouble"
"foe.co.uk","but which also"," has","  lots  of scope"
"foe.co.uk","tap. This"," has","  planning"
"presentationhelper.co.uk",". The Web site"," has","  ''Wizards  '',"
"bishopandsewell.co.uk","Paget"," has","  degrees  from"
"mqmagazine.co.uk","Abyssinian"," has","  whorls  or"
"kwintessential.co.uk","Parks,"," has","  elephants"
"rejesus.co.uk","company now"," has","  offices  in"
"fishandfly.co.uk","with diabetes"," has","  access  to the"
"fishandfly.co.uk","one of them"," has","  type  1"
"fishandfly.co.uk","the family who"," has","  type  1"
"fishandfly.co.uk","parents also"," has","  type  1. On the"
"penguinclassics.co.uk","the crown"," has","  copyright  ."
"futuremovies.co.uk","scan the ovary"," has","  lots  of small"
"watford3r-pct.nhs.uk","debts: "" Iraq"," has","  $10bn  of debts"
"bjr.org.uk","subject which"," has","  nothing  to do"
"richmond.ac.uk","which no one"," has","  time  to read,"
"nutcote.demon.co.uk","age of 23, Rob"," has","  experiance  on"
"nutcote.demon.co.uk","bars. Rob"," has","  experiance  in"
"i-sis.org.uk","Make up lesson"," Has","  anyone  ever"
"flexibility.co.uk","department"," has","  staff"
"darlington.gov.uk",". Satan"," has","  power  over the"
"ruralgateway.org.uk","of the genres"," has","  tools  with"
"news.bbc.co.uk","today? How"," has","  life  changed"
"cs.bham.ac.uk","the Caribbean"," has","  backrest  that"
"fantasticfiction.co.uk",". The reverse"," has","  adverts  for"
"fantasticfiction.co.uk",". If anyone"," has","  blinds  for any"
"fantasticfiction.co.uk","web site which"," has","  paintings  of"
"food.gov.uk","and date that"," has","  digits  that"
"british-history.ac.uk",". But now she"," has","  eleven  cards!"
"hud.ac.uk",". Manchester"," has","  everything  to"
"incore.ulst.ac.uk",", Argentina"," has","  something"
"youngminds.org.uk","the Air Force"," has","  proof  of the"
"onlinedmc.co.uk",": Coppola"," has","  reigned-in"
"better-business.co.uk","to buy! it"," has","  failings  , but"
"better-business.co.uk","the market, it"," has","  failings  , but"
"better-business.co.uk","releases but"," has","  failings  in"
"better-business.co.uk",", however it"," has","  strengths  ,"
"users.ox.ac.uk",", funding and"," has","  job  vacancies"
"users.ox.ac.uk","website also"," has","  job  vacancies"
"bathnes.gov.uk",""" -- which"," has","  nothing  for"
"gnn.gov.uk",". I mean he"," has","  lots  of faults"
"poole.gov.uk","earlier. It"," has",""
"www3.open.ac.uk",". ''Tramp News ''"," has","  information"
"kingsholm-chronicle.org.uk","Chris G8BKE"," has","  access  to the"
"kingsholm-chronicle.org.uk","and probably"," has","  nulls  ."
"sydenham.org.uk","represent you"," has","  specialist"
"ultimateanimals.co.uk",", Book 77"," has","  baby  clothes"
"gnn.gov.uk","roll"," has","  museum  no."
"acca.co.uk","government"," has","  plans  to"
"classic-literature.co.uk","bean bag which"," has","  polystyrene"
"lse.ac.uk",": Prime50plus"," has","  registered/"
"number-10.gov.uk","context which"," has","  dimensions  of"
"nationalschool.gov.uk",", man"," has","  need  of"
"incore.ulst.ac.uk","I know that he"," has","  none  . He"
"tate.org.uk",", the aircraft"," has",""
"somethingjewish.co.uk","the EPSR"," has","  argued-for"
"somethingjewish.co.uk",", and that it"," has","  nothing  to do"
"sydenham.org.uk","cel Mare. It"," has","  tree  lined"
"cleanlanguage.co.uk","instances"," has","  ''care  domains"
"cfoi.org.uk","WHAT IF MY FISH"," HAS","  SPOTS  ? WHAT IF"
"eduserv.org.uk",". The Council"," has",""
"text.valeofglamorgan.co.uk","God, - then God"," has","  purposes  in"
"datascope.co.uk",". The property"," has","  planning"
"genuki.org.uk","PowerConvert"," has","  stacks  of"
"robert-louis-stevenson.classic-literature.co.uk","therein"," has","  value  . The"
"robert-louis-stevenson.classic-literature.co.uk","Car CD Stereo)"," has","  trouble"
"teentoday.co.uk","which"," has","  boundaries"
"routeone.co.uk",". "" A woman"," has","  twins  and"
"theregister.co.uk","each side"," has","  liberty  of"
"rhs.org.uk","The tape"," has","  metal  ringed"
"genuki.org.uk","usually"," has","  time  to cool"
"sport.guardian.co.uk","Records"," has","  aways  set out"
"nef.org.uk","& Sport, and"," has","  experience  of"
"soton.ac.uk",", also"," has","  cup-marks  on"
"entsweb.co.uk",", and who"," has","  access  to it,"
"myweb.lsbu.ac.uk",". Chris"," has","  plans  for mugs"
"ulula.co.uk","on Christ"," has","  relation  to"
"ulula.co.uk","person"," has","  powers  to"
"people.bath.ac.uk","vision"," has","  dominance  ,"
"ess.uwe.ac.uk","equator"," has","  declination"
"ess.uwe.ac.uk",", g Crucis,"," has","  declination"
"mirror.co.uk",""", which"," has","  haunting"
"number-10.gov.uk","Holy Spirit"," has","  something"
"bfi.org.uk:8080","Building,"," has","  access  from"
"squaremeal.co.uk","up, maybe it"," has","  nothing  to do"
"swtourism.co.uk","area. It"," has","  mesh  fencing"
"video-c.co.uk","pretty and"," has","  music  . Top"
"flexibility.co.uk",". The keyboard"," has","  record  and"
"cfoi.org.uk","century? How"," has","  archaeology"
"patp3.webbler.co.uk","! That said it"," has","  information"
"patp3.webbler.co.uk","Birdpages"," has","  dozens  of UK"
"painsupport.co.uk","Big John Bates"," has","  ''Take  your"
"painsupport.co.uk","). Nick Todd"," has","  ''Rockin  '' at"
"housingpis.co.uk","this book also"," has","  instructions"
"manchesteronline.co.uk","is a world that"," has","  information  ,"
"gnn.gov.uk","the animal"," has","  disease  ."
"teamwingchun.co.uk","25. Your body"," has","  lots  of"
"teamwingchun.co.uk","which"," has","  masses  of fat"
"teamwingchun.co.uk",". He"," has","  access  to a lot"
"londonsalsa.co.uk","? ?s meetings,"," has",""
"poetrysociety.org.uk","night ruler"," has","  priority  , and"
"poetrysociety.org.uk","ruled. The Sun"," has","  rulership  and"
"poetrysociety.org.uk",". Jupiter"," has","  rulership  in"
"hm-treasury.gov.uk","). This"," has","  attractions  ,"
"cementindustry.co.uk","hard work it"," has","  lots  of in"
"domino.lancs.ac.uk","it sometimes"," has","  difficulty"
"sanger.ac.uk","first floor"," has","  wives  that"
"sanger.ac.uk","second floor"," has","  wives  that"
"unixhelp.ed.ac.uk",". Usdaw"," has","  hundreds  of"
"rcpbml.org.uk","(which also"," has","  gallery  space"
"painsupport.co.uk","heroin, which"," has","  pariah  status"
"allotment.org.uk","Online"," has","  links  to the"
"allotment.org.uk","sites. It also"," has","  pages  about"
"iwar.org.uk","practices. It"," has","  roots  in China"
"eng.warwick.ac.uk",". The group"," has","  members  who"
"cnetwork.co.uk","to it that he"," has","  nothing  to"
"fishandfly.co.uk","anyone who"," has","  ideals  . I was"
"greenparty.org.uk","which"," has","  information"
"handnav.co.uk","is up to. It"," has","  nothing  to"
"jncc.gov.uk","distortion"," has","  something  to"
"jncc.gov.uk","field there"," has","  potholes  in it"
"jncc.gov.uk","in it and it"," has","  bumps  . That is"
"filmfocus.co.uk","the believer"," has","  fellowship"
"filmfocus.co.uk","family of God"," has","  parallels  in"
"filmfocus.co.uk","evidently he"," has","  equivalents"
"gimbo.org.uk","in 1997. It"," has",""
"gimbo.org.uk","purpose. Each"," has","  autonomy  to"
"jr2.ox.ac.uk",". The server"," has","  Anti-Virus"
"gnn.gov.uk","E. Minard who"," has","  charge  of 40"
"presentationhelper.co.uk","union already"," has","  recognition"
"sydenham.org.uk","The plug-in"," has","  lots  of"
"jezuk.co.uk","with it."," Has","  anyone  tried"
"neptunepinkfloyd.co.uk","Faith He who"," has","  faith  and"
"neptunepinkfloyd.co.uk","He however who"," has",""
"neptunepinkfloyd.co.uk","Gandhi: Caste"," has","  nothing  to do"
"graigfarm.co.uk","a governor who"," has","  access  to"
"number-10.gov.uk","which"," has","  lots  of water"
"sanger.ac.uk","Died ""."," Has","  devolution"
"wdm.org.uk","it, every song"," has","  something  to"
"wdm.org.uk",". "" The song"," has","  desperation  ,"
"televisionheaven.co.uk","DoE(NI)"," has",""
"televisionheaven.co.uk","and DANI"," has",""
"classic-literature.co.uk","Everyone"," has","  spam  problems"
"duxford.iwm.org.uk","there '' and"," has","  nothing  to do"
"bjr.org.uk","Hospital also"," has","  access  to"
"dca.gov.uk","of a person who"," has","  feelings  of"
"foe.co.uk","why he STILL"," has","  groups  of 5"
"www-atm.physics.ox.ac.uk","if the woman"," has","  fertility"
"classic-literature.co.uk","'' This command"," has","  nothing"
"cnetwork.co.uk","guy obviously"," has","  nerve  . The"
"passiondiscs.co.uk","person"," has","  authority  by"
"gimbo.org.uk","). · The ICU"," has","  space  for 8"
"imperial.ac.uk","says it"," has",""
"mailonsunday.co.uk",". ac. uk/"," has","  lots  more"
"mailonsunday.co.uk","classes. It"," has","  details  of"
"chronomaster.co.uk","commandment,"," has","  authority  to"
"chronomaster.co.uk","to death. He"," has","  authority  to"
"mqmagazine.co.uk","with diabetes"," has","  access  to the"
"bris.ac.uk","found in 1960,"," has","  mosaics  and a"
"heacademy.ac.uk","to '' section"," has","  material  on"
"swtourism.co.uk","century"," has","  poets  of"
"fantasticfiction.co.uk",". Flexibility"," has","  advantages  as"
"leisureconnection.co.uk","that Petrie"," has","  anything  to"
"leisureconnection.co.uk","with him. That"," has","  sort  of become"
"big-brother.me.uk","each class"," has","  access  to the"
"big-brother.me.uk","management"," has","  nothing  to do"
"headheritage.co.uk","and breezy and"," has","  bags  of"
"headheritage.co.uk","cartoons. It"," has","  personality"
"mark-twain.classic-literature.co.uk","and emails"," has","  brian  now"
"forums.multiplay.co.uk",". The NASUWT"," has","  casework"
"sciencecityyork.org.uk","Word. It"," has","  platform"
"cpgb.org.uk",". The plot"," has","  road  frontage"
"cpgb.org.uk",". The plot"," has","  road  frontage"
"spartacus.schoolnet.co.uk","when it"," has","  nothing  to"
"earthfirst.org.uk",". The Bill"," has","  provisions"
"cementindustry.co.uk","person that"," has","  access  to this"
"publications.parliament.uk","persons and"," has","  ensuite"
"publications.parliament.uk","Room This room"," has","  ensuite"
"bwpics.co.uk","a loved one"," has","  cancer  can be"
"sundaymail.co.uk","paper that he"," has","  something"
"peterhead.org.uk","Tigger also"," has","  lots  to say, he"
"dfid.gov.uk","products and"," has","  experts  on"
"ospreys.org.uk","the agency"," has","  experiencedâ"
"lewes.gov.uk",". He regularly"," has","  commisions"
"skuds.co.uk",", Bubba Ho Tep"," has","  something  for"
"painsupport.co.uk","cases, one"," has","  phrases"
"kingsholm-chronicle.org.uk","USAid - which"," has","  $430m"
"iguk.co.uk","access, e."," has","  vehicles"
"iguk.co.uk","access, f."," has","  electricity"
"rcpbml.org.uk",""" leader "" that"," has","  clusters  of"
"hm-treasury.gov.uk",", Oxford. He"," has","  degrees  from"
"richmond.ac.uk","does nothing,"," has","  nothing  , is"
"essex.ac.uk","know if Jamie"," has","  anything  to"
"art-sx.co.uk","want, Brazil"," has","  plenty  of them"
"geog.port.ac.uk","areas, and"," has","  resources  and"
"uwe.ac.uk","which"," has",""
"uwe.ac.uk","which"," has",""
"uwe.ac.uk","which"," has",""
"peterhead.org.uk",". The school"," has","  research"
"kwintessential.co.uk","whoever"," has","  access  to it to"
"passiondiscs.co.uk",": smoking"," has",""
"nutcote.demon.co.uk","14:27 Jesus"," has","  authority  -"
"entsweb.co.uk","(over 33),"," has","  anybody"
"dfid.gov.uk","LXX Squadron"," has","  pictures  of"
"televisionheaven.co.uk",", 1869, which"," has","  coal  deposits"
"bjhc.co.uk","disk which"," has","  properties"
"cfoi.org.uk","that NATO"," has","  primacy  on the"
"ioe.ac.uk","makes, or"," has","  others  make,"
"futurelab.org.uk","trading as it"," has","  £1bn  in cash"
"concept2.co.uk",". The quarrel"," has","  nothing  to do"
"users.ox.ac.uk","The Son of Man"," has","  authority  on"
"highpointfilms.co.uk","Council"," has",""
"somewhatmuchly.co.uk",". "" Front now"," has","  figures"
"luciesfarm.co.uk","usually"," has","  supporters"
"mark-twain.classic-literature.co.uk","protein coat,"," has","  genes  , no"
"mark-twain.classic-literature.co.uk","membrane,"," has","  genes  and"
"mark-twain.classic-literature.co.uk","protein coat,"," has","  genes  , no"
"mark-twain.classic-literature.co.uk","membrane,"," has","  genes  and"
"mark-twain.classic-literature.co.uk","protein coat,"," has","  genes  , no"
"mark-twain.classic-literature.co.uk","membrane,"," has","  genes  and"
"bbsrc.ac.uk",". Passive mode"," has","  limitations"
"dooyoo.co.uk","Plug In now"," has","  calendar"
"dooyoo.co.uk","now"," has","  calendar"
"dooyoo.co.uk","now"," has","  calendar"
"iansmith.co.uk",". The city also"," has","  millions  of"
"iansmith.co.uk",". The city also"," has","  millions  of"
"gsdnet.org.uk","to the one who"," has","  faith  in Him"
"eprints.gla.ac.uk",","," has","  issues  with"
"www3.open.ac.uk",": Top Nigerian"," has","  doubts  about"
"spartacus.schoolnet.co.uk","certainly"," has","  relevance  ."
"arts.ed.ac.uk","government"," has","  plenty  of"
"isec2005.org.uk","of The Family."," Has","  information"
"isec2005.org.uk","on Mormonism."," Has","  links  to"
"isec2005.org.uk","Doug Harris."," Has","  lots  of very"
"www-jcsu.jesus.cam.ac.uk",". So Du Kane"," has","  control  of the"
"untoldlondon.org.uk","it sometimes"," has","  side  effects,"
"domino.lancs.ac.uk","page Each job"," has","  job  specific"
"kevala.co.uk","Gulf Islands"," has","  everything"
"edinburghmetalscene.co.uk","29 Everyone"," has","  duties  to"
"sfca.co.uk","The school"," has",""
"neptunepinkfloyd.co.uk","everyone"," has","  access  to"
"kevala.co.uk","in Suffolk; it"," has","  loads  of 18th"
"patient.co.uk",", religion"," has","  priority  over"
"games.moria.org.uk","in 20? which"," has","  loads  of"
"starlink.rl.ac.uk","agency"," has","  notice  under"
"starlink.rl.ac.uk","agency"," has","  notice  under"
"ospreys.org.uk","; the term"," has","  connotations"
"ospreys.org.uk",". (It simply"," has","  existence  or"
"isec2005.org.uk","already"," has","  employees  of"
"wdm.org.uk","partitioning"," has","  similarities"
"cassandraeason.co.uk","in 1997. It"," has",""
"cassandraeason.co.uk","purpose. Each"," has","  autonomy  to"
"isc.ac.uk","at or"," has","  access  to, up"
"lothene.demon.co.uk",", each of us"," has","  rights  but"
"lothene.demon.co.uk",", each of us"," has",""
"lothene.demon.co.uk",", which I think"," has","  application"
"people.bath.ac.uk",", Slashdot"," has","  plenty  of"
"nutcote.demon.co.uk","Oracle itself"," has","  update  rights"
"allotment.org.uk","DELTA Sarah"," has","  teaching"
"dur.ac.uk","pre-school"," has","  access  to a"
"dur.ac.uk",". The group"," has","  access  to a"
"dur.ac.uk",", the group"," has","  examples  of ''"
"politics.guardian.co.uk","sitting room"," has","  plenty  of"
"eng.warwick.ac.uk","This Site"," has","  security"
"art-sx.co.uk","visitors. It"," has","  plenty  of"
"lenymede.demon.co.uk",". The film"," has","  style  . Its got"
"foe.co.uk","areas. Also"," has","  information"
"cheng.cam.ac.uk","currently"," has","  control  of the"
"cheng.cam.ac.uk","the process"," has","  control  it"
"cheng.cam.ac.uk","other process"," has","  time  to access"
"chester.ac.uk",", (and this"," has","  nothing  to do"
"university-church.ox.ac.uk","and everybody"," has","  thoughts  and"
"university-church.ox.ac.uk","that she"," has","  children  ,"
"university-church.ox.ac.uk","talking about"," has","  something  to"
"manchester.gov.uk","Bach music"," has","  debut  in Wales"
"mfiles.co.uk","pop. Belfast"," has","  something  for"
"cfoi.org.uk","","has","  information"
"www-jcsu.jesus.cam.ac.uk","2006, 20:13"," has","  ne1  noticed"
"traveldoctor.co.uk","this decade"," has","  women  ''s"
"tech.plym.ac.uk",". Where"," has","  mankind  gone?"
"dooyoo.co.uk",". Everyone"," has","  ancestors  ,"
"birdtours.co.uk","end to a NK, but"," has","  power  between"
"youngfoundation.org.uk","- assuming it"," has","  output  ; if the"
"socialistunitynetwork.co.uk","maligned? she"," has","  nought  in"
"ucisa.ac.uk","assassin"," has","  people  in hell"
"fishandfly.co.uk",") certainly"," has","  appeal  . But"
"painsupport.co.uk","50s, no longer"," has","  pain  , and all"
"iguk.co.uk","and always"," has","  something  to"
"implementations.co.uk","parcel still"," has","  buoyancy  . In"
"lmra.co.uk","Certainly she"," has","  cause  for"
"ncl.ac.uk","if a company"," has","  shops  all over"
"ncl.ac.uk","only"," has","  time  to get"
"spartacus.schoolnet.co.uk","each of these"," has","  sub-types  ,"
"rafmarham.co.uk","Union"," has","  information"
"rafmarham.co.uk","daily and"," has","  links  to a"
"rafmarham.co.uk","Trials site"," has","  details  of"
"eng.warwick.ac.uk","cafe I went to"," has","  leather  sofas"
"eng.warwick.ac.uk","la Théière (","has","  sofas  ), rue"
"eng.warwick.ac.uk","to in Budapest"," has","  leather  sofas"
"birdtours.co.uk",". co. uk/"," has","  news  , reports"
"birdtours.co.uk","website"," has","  information"
"birdtours.co.uk","and"," has","  lots  of media"
"birdtours.co.uk","Magazine"," has","  industry  news"
"birdtours.co.uk","Their website"," has","  lots  of useful"
"birdtours.co.uk","4 website"," has","  lots  of useful"
"birdtours.co.uk",". Also"," has","  information"
"birdtours.co.uk","Standard"," has","  fashion  ,"
"birdtours.co.uk","and"," has","  lots  of"
"birdtours.co.uk",". The website"," has","  vacancies  for"
"cleanlanguage.co.uk","strategy"," has","  drawbacks  . In"
"centrica.co.uk","that < style"," has","  pages  to say on"
"i-sis.org.uk","or not she"," has","  market  power"
"cnetwork.co.uk",", Greenaway"," has","  ambitions  to"
"incore.ulst.ac.uk","page always"," has","  zeros  for the"
"traveldoctor.co.uk","crews. This"," has","  maintenance"
"2ndchancepc.co.uk","Islands,"," has","  longitude  2°W"
"2ndchancepc.co.uk",", in Canada,"," has","  longitude"
"euro.gov.uk","cabin and also"," has","  ensuite"
"euro.gov.uk",". The room"," has","  heating  ,"
"nta.nhs.uk","the country,"," has","  something  to"
"riversidestudios.co.uk","state. Europe"," has","  nothing"
"people.bath.ac.uk","up job. It"," has","  none  of the"
"people.bath.ac.uk","which someone"," has","  just/  gone,"
"bl.uk","Equator and"," has","  rain  forests,"
"taxfreegold.co.uk","of a problem"," has","  something  to"
"kwintessential.co.uk","upon which it"," has","  effects  . This"
"manchester.gov.uk","population"," has","  benefit  . Both"
"onlinedmc.co.uk","over the u. k.?"," has","  anything  more"
"defra.gov.uk","winning site"," has","  plenty  of"
"defra.gov.uk","navigate and"," has","  lots  of"
"defra.gov.uk",". co. uk"," has","  information"
"defra.gov.uk",". com -"," has","  links  to"
"defra.gov.uk",". com"," has","  property  for"
"defra.gov.uk",". co. uk -"," has","  lots  of good"
"matazone.co.uk",". X-tape"," has","  applications"
"dvdtimes.co.uk","which"," has","  provision  for"
"purr-n-fur.org.uk","the patient"," has","  arthritis"
"centrica.co.uk","Knoll Gardens"," has","  something  of a"
"painsupport.co.uk","you choose"," has","  jokes  which"
"patient.co.uk",". The Centre"," has","  comfort"
"dolphinmusic.co.uk","and"," has","  loads  of files"
"dolphinmusic.co.uk","website - this"," has","  loads  of"
"brad.ac.uk","","has","  gain  in"
"bbsrc.ac.uk","website"," has","  anything"
"penguinclassics.co.uk","or anyone else"," has","  questions"
"penguinclassics.co.uk","becomes fact."," Has","  anyone  here"
"ultimateanimals.co.uk",". He currently"," has","  consultancy"
"shotatdawn.org.uk","Planet Zorgon"," has","  aliens"
"chm.org.uk",", which"," has","  implications"
"vectis.co.uk","density. It"," has","  pulse  and"
"heacademy.ac.uk","Commission"," has","  today  finally"
"riversidestudios.co.uk","although this"," has","  nothing  to do"
"domino.lancs.ac.uk",". Also"," has","  reviews  ,"
"graigfarm.co.uk","countries and"," has","  fourteen"
"lothene.demon.co.uk","and payment"," has","  consequences"
"passiondiscs.co.uk",". England"," has","  â  ? ?first past"
"seniorsnetwork.co.uk","cheap side but"," has","  hugh  grin"
"shop.highlander.co.uk",""". My Website"," has","  lessons  on"
"customs.hmrc.gov.uk","before dung"," has","  time  to decay."
"wdm.org.uk","time than who"," has","  access  to"
"unixhelp.ed.ac.uk",", but it"," has","  charm  all the"
"opsi.gov.uk","tactic or"," has","  trouble  with"
"pocket-lint.co.uk","then Wayside"," has","  progress  to a"
"icons.org.uk",". ThriveNet"," has","  features  on"
"conted.ox.ac.uk","twig, but this"," has",""
"cleanlanguage.co.uk","School"," has","  expertise  ."
"taxfreegold.co.uk","which usually"," has","  something  on"
"bmwsquad.co.uk","Links Also"," has","  links  for Folk"
"a-london-guide.co.uk","while if she"," has","  patience  ."
"1st-for-french-property.co.uk","Shepherd) CNS"," has","  access  to a"
"londonfashionweek.co.uk","back and say it"," has","  nothing  to do"
"robert-louis-stevenson.classic-literature.co.uk","in a moment. He"," has","  lots  of good"
"kwintessential.co.uk",". Australia"," has","  wildlife  that"
"untoldlondon.org.uk",". The client"," has","  cancellation"
"shop.earthscan.co.uk",". com"," has","  property  in"
"shop.earthscan.co.uk",". com -"," has","  lots  of"
"shop.earthscan.co.uk",". com"," has","  properties"
"shop.earthscan.co.uk",". com -"," Has","  properties"
"shop.earthscan.co.uk",". com"," has","  listings  and"
"shop.earthscan.co.uk",". com"," has","  lots  of do ''s"
"lrb.co.uk","institution"," has","  access  to"
"riversidestudios.co.uk","asking '' What"," has","  arms  spending"
"bjhc.co.uk","and yet always"," has","  cigarettes"
"bjhc.co.uk","and probably"," has","  no-one  to"
"poole.gov.uk","of a child who"," has","  disabilities"
"tandf.co.uk",". ''Sing ''"," has","  something  , it"
"tandf.co.uk","? ''Park Life ''"," has","  plenty  of"
"tandf.co.uk","a few. Side One"," has","  ''End  Of A"
"nutcote.demon.co.uk","Rising"," has","  plenty  of the"
"ulsa.org.uk","one who always"," has","  something  new"
"clieuk.co.uk","website"," has","  listings  of"
"wisa.org.uk","The project"," has","  links  with"
"businessmatch.org.uk","a developer"," has","  experience  of"
"newtonproject.ic.ac.uk","here"," has","  something  to"
"newtonproject.ic.ac.uk","the album"," has","  anything  else"
"publicservice.co.uk","and now my iPod"," has","  thirty-two"
"supertarot.co.uk","at Kinross"," has","  energy  waves"
"crassh.cam.ac.uk","?I Am Legionâ?"," has","  moments  of Led"
"naldic.org.uk","problems; she"," has","  cats  with"
"naldic.org.uk","arthritus and"," has","  metacam  daily"
"historylearningsite.co.uk","received and"," has","  attention"
"publicservice.co.uk",". It also"," has","  help  text that"
"greenbelt.org.uk",". org -"," has","  news  and info"
"adeptscience.co.uk","with diabetes"," has","  access  to the"
"microscopy-uk.org.uk",". co. uk"," has","  plenty  on"
"microscopy-uk.org.uk",". com -"," has","  mortgages  ,"
"microscopy-uk.org.uk",". co. uk"," has","  loan"
"bplans.co.uk","now Germany"," has","  Equality  of"
"esds.ac.uk","still"," has","  centre"
"esds.ac.uk",". uk/ If anyone"," has","  materials"
"materials.ac.uk",". Everyone"," has","  problems  ;"
"publicservice.co.uk",". A site that"," has","  forty  or more"
"tvradiobits.co.uk","of the team,"," has","  questions  to"
"caledonian.ac.uk","United States"," has","  jurisdiction"
"bllearning.co.uk",", I ''m sure,"," has","  people"
"tvradiobits.co.uk","fresh water,"," has","  vegetation"
"orate.co.uk","site, which"," has","  information"
"orate.co.uk",". comps. org/)"," has","  lots  of useful"
"partnerships.org.uk","that everyone"," has","  something"
"uklupus.co.uk","''s not known)"," has","  something"
"newstartmag.co.uk","controls if it"," has","  reason  to"
"newstartmag.co.uk","controls if it"," has","  reason  to"
"lse.co.uk","each bell"," has","  hum  , prime and"
"integralis.co.uk","Tom Moody, who"," has","  loads  of"
"primaryresources.co.uk",", 11 months ago"," Has","  anyone  else"
"primaryresources.co.uk",", except it"," has","  syntax"
"primaryresources.co.uk","first post. It"," has","  nothing  to do"
"rail-reg.gov.uk",". Why"," has","  no-one"
"westyorkshire.police.uk","Update. This"," has","  information"
"res.org.uk",". This group"," has","  links  with"
"whom.co.uk",". Again Neil"," has","  details  and"
"teachingenglish.org.uk","with a scalpel"," has","  risks  , using a"
"teachingenglish.org.uk","in someone"," has","  risks  , the"
"jazzscript.co.uk","now"," has","  holiday"
"newtonproject.ic.ac.uk","for sale and"," has","  plenty  of"
"ids.ac.uk","top-level one"," has","  links  to the"
"eng.bham.ac.uk","that he"," has","  problems  with"
"educ.cam.ac.uk","with diabetes"," has","  access  to the"
"palimpsest.org.uk","mortal. A Sage"," has","  need  of"
"library.stir.ac.uk","in the world"," has","  proverbs  ."
"pnisha.org.uk","the Lord never"," has","  anything"
"library.stir.ac.uk","religion"," has","  nothing"
"historylearningsite.co.uk","items in, and"," has","  meetings  in"
"petplanet.co.uk","Management"," has","  members"
"thecornerhouse.org.uk","participle"," has","  didi  . The"
"caledonian.ac.uk","cried, "" it"," has","  chicken  in it!"
"education.independent.co.uk","for two weeks."," Has","  anyone  seen it"
"forum.thebears.co.uk",". But she also"," has","  rheumatism  ."
"csa.gov.uk",", SPUC also"," has","  leaflets  for"
"adriandenning.co.uk","Terms"," Has","  part  (Dublin"
"adriandenning.co.uk",", the folder """," has","  part  "" Usual"
"adriandenning.co.uk",""" is part of ""."," Has","  version  ("
"adriandenning.co.uk","Framework """," Has","  version  "" v1,"
"adriandenning.co.uk","Framework v4."," Has","  format  ("
"adriandenning.co.uk","04. doc file """," Has","  format  "" Word"
"adriandenning.co.uk","collaborator"," has","  funds  to offer"
"debate.org.uk","always"," has","  someone  to"
"24hourmuseum.org.uk","being built?"," Has","  concert  hall"
"medical-acupuncture.co.uk","that the user"," has","  rights  . There"
"medical-acupuncture.co.uk","Not > everyone"," has","  access  to a"
"medical-acupuncture.co.uk",". Not everyone"," has","  access  to the >"
"calderdale.gov.uk","College. Jim"," has","  line"
"calderdale.gov.uk","finance and"," has","  line"
"underoneroofexchange.co.uk","this sky Which"," has","  fits"
"brunel.ac.uk","). It also"," has","  links  to a"
"romansinsussex.co.uk","way and George"," has","  trouble"
"footy4kids.co.uk","that this"," has","  nothing  to do"
"uea.ac.uk","in the world"," has","  something"
"squashsite.co.uk","Jubilee too."," Has","  anyone  else"
"squashsite.co.uk",", 02:32 PM"," Has","  anyone  seen"
"squashsite.co.uk",", 07:44 PM"," Has","  anyone  seen"
"squashsite.co.uk","to the books"," has","  it`s"
"theatreguidelondon.co.uk","with diabetes"," has","  access  to the"
"theatreguidelondon.co.uk",".... so it"," has","  nothing  to do"
"fanzone.co.uk","''. CYPI"," has","  funding  from"
"gsec.co.uk",". SPAIN also"," has","  laws"
"gsec.co.uk","law also"," has","  provisions"
"uktsupport.co.uk","interested in"," has","  time  for you to"
"preachtheword.co.uk",". Our Library"," has","  books  in large"
"dh.gov.uk","? ) that the JCR"," has","  lots  of lovely"
"mod-langs.ox.ac.uk","relative who"," has","  glaucoma"
"j-sainsbury.co.uk","woman. She"," has","  tattoos  . She"
"edinphoto.org.uk","a pop thing,"," has","  depth  . The"
"musicfor2.co.uk","if the donor"," has","  evidence  of"
"pet.cam.ac.uk","with diabetes"," has","  access  to the"
"man.ac.uk","Hotel"," has","  something  for"
"homeoffice.gov.uk","'' Union"," has","  advisors  who"
"lamp.ac.uk","(she also"," has","  family  roots"
"princelyrics.co.uk","''re Not Here '' -"," has","  echoes  . I feel"
"wen.org.uk","Complex"," has","  lifts  to all"
"varietyclub.org.uk","Century and"," has","  foundations"
"thefword.org.uk",". The UK"," has","  companies"
"les.man.ac.uk","Houghton"," has","  hunt  jumps all"
"hlst.heacademy.ac.uk","not only"," has","  consequences"
"outdoormegastore.co.uk",": While London"," has","  theatres  all"
"subbrit.org.uk","in Virginia."," Has","  anyone  taken a"
"uea.ac.uk","it, NISKO"," has","  ambition  to"
"york.gov.uk","Rally GB,"," has","  anyone  got any"
"york.gov.uk","Rally GB,"," has","  anyone  got any"
"theedge.abelgratis.co.uk","''s website"," has","  links  to lots"
"lsbu.ac.uk","Villados"," has","  lots  of"
"hartjournals.co.uk","certainly"," has","  events  listed"
"supertarot.co.uk","Moume the SDLP"," has","  half  of the 30"
"orcadian.co.uk",". Also"," has","  news  from"
"nimr.mrc.ac.uk","Engineering"," has","  innovation"
"frca.co.uk","prospectus"," has","  details  on"
"frca.co.uk","but our course"," has","  strands"
"vmg.co.uk","National Park"," has","  something  for"
"forum.thebears.co.uk","Lonsdale Park"," has","  everything"
"forum.thebears.co.uk",". uk, the site"," has","  details  of"
"theatreguidelondon.co.uk",", for example,"," has",""
"homeoffice.gov.uk","widely. She"," has","  expertise  in"
"teachers.org.uk","mall, which"," has","  cycle  parking"
"www-tus.csx.cam.ac.uk","experience,"," has","  need  to"
"debate.org.uk","etc. It also"," has","  links  to"
"nimr.mrc.ac.uk","bars...... It"," has","  everythig  !"
"nimr.mrc.ac.uk","bars...... It"," has","  everythig"
"swan.ac.uk","and"," has","  loads  of files"
"swan.ac.uk","website - this"," has","  loads  of"
"romansinsussex.co.uk","and he barely"," has","  time  to stop"
"hlst.heacademy.ac.uk","This approach"," has","  benefits  for"
"armedforces.co.uk","I ''m asking is;"," has","  anyone  given"
"armedforces.co.uk","I ''m asking is;"," has","  anyone  given"
"armedforces.co.uk",", the NHS"," has","  recently=20"
"ownersdirect.co.uk","which even"," has","  elephant  in it"
"publicservice.co.uk","of seven, and"," has",""
"publicservice.co.uk","age of 35. He"," has","  ideas  for"
"publicservice.co.uk","in post. He"," has",""
"antiquity.ac.uk","feel. CB2"," has","  variety  , with"
"insolvency.gov.uk","saying that it"," has","  nothing"
"uea.ac.uk",". Southwark"," has","  girl"
"petplanet.co.uk","in New York it"," has","  offices  ..."
"gsec.co.uk","of staff who"," has","  interests  in"
"corwm.org.uk",". The wine"," has","  lots  of warm"
"raf.mod.uk","the world. It"," has",""
"zx81.org.uk","","has","  burst"
"education.independent.co.uk","too. Sarah"," has","  lots  of CDs ("
"carmarthenshire.gov.uk","in, and that"," has","  nobody  out"
"age-net.co.uk","assumes"," has","  connections"
"psi.org.uk","Keesey! It"," has","  information"
"pfc.org.uk",". 7 If a child"," has","  autism  ,"
"macdonaldhotels.co.uk","me, "" Birgit"," has","  something  she"
"ramagazine.org.uk","engines ·"," has","  access  to the"
"thompsons.law.co.uk","B ''s position"," has","  move  in her"
"comedycv.co.uk",": "" Ravenglass"," has","  loads  of"
"gradsoc.jesus.cam.ac.uk",", none of this"," has","  anything  to do"
"gradsoc.jesus.cam.ac.uk","that the Bible"," has","  errors  and"
"victoriasbeauty.co.uk","to do a job that"," has","  anything  to do"
"newburytheatre.co.uk","of roses"," has","  thorns  . Let ''s"
"cheltenham.gov.uk","story and it"," has","  touches  of"
"cheltenham.gov.uk","story and it"," has","  touches  of"
"literacytrust.org.uk","of a firm"," has","  panel"
"literacytrust.org.uk","a solicitor"," has","  conditions"
"orcadian.co.uk","your idea"," has","  merit  for a"
"theatreguidelondon.co.uk","of the Bible"," has","  nothing  to do"
"uec.ac.uk",". A phobia"," has","  nothing  to do"
"portakabin.co.uk","H 2 O) n cluster"," has","  n=15±3  as"
"theweddingnetwork.co.uk","'' place if it"," has","  signposts"
"phill.co.uk",". The book also"," has","  Caution  and"
"glaucus.org.uk","years ago. It"," has","  nothing  to do"
"word-on-the-web.co.uk","University"," has","  centres  of"
"vistaprint.co.uk","mean? What"," has","  citizenship"
"comedycv.co.uk","that"," has","  requirements"
"virgintrains.co.uk","by Martin Hart"," has","  sections  on"
"talyllyn.co.uk","that it"," has","  importance"
"www-users.york.ac.uk",". Romania"," has","  work  to do in"
"whom.co.uk","or not"," has","  nothing  to do"
"archives.gla.ac.uk","court. It"," has","  jurisdiction"
"westyorkshire.police.uk","nay? The girl"," has","  spirit  . Your"
"westyorkshire.police.uk","a ghost. Luke"," has","  vertigo  . Have"
"www-tus.csx.cam.ac.uk","department)"," has",""
"hitched.co.uk","your site just"," has","  lots  of"
"intellectual-property.gov.uk","neck care. It"," has","  sections"
"sovereignty.org.uk","or NHS Board"," has","  lists  of all"
"dptac.gov.uk","which in total"," has","  details  on"
"uea.ac.uk",". Moorhen"," has","  plenty  of"
"ramagazine.org.uk","potential"," has","  webmasters"
"internationalhero.co.uk","its author"," has","  talent  , and"
"internationalhero.co.uk",", and she"," has","  things  to say."
"theedge.abelgratis.co.uk","of logic"," has","  nothing  to do"
"naldic.org.uk","yours, yours"," has","  nothing  in"
"vam.ac.uk",". What church"," has","  shops  and"
"supertarot.co.uk","creativity"," has","  nothing  to do"
"varietyclub.org.uk",". SAGE"," has","  employer"
"skiptonweb.co.uk",". Maybe she"," has","  something  ,"
"ids.ac.uk",". It"," has","  wheelchair"
"publicservice.co.uk","even though it"," has","  problems  with"
"shipit.co.uk","poets. org. It"," has","  listening"
"armedforces.co.uk","discovers he"," has","  nothing  to"
"armedforces.co.uk","young lady"," has","  delusions  of"
"armedforces.co.uk","with which it"," has","  contact  ."
"teaching-abroad.co.uk",". The clapper"," has","  inserts  on its"
"bsactravelclub.co.uk","in the UK - who"," has","  information"
"literacytrust.org.uk","a student who"," has","  experience  or"
"nkf-mt.org.uk","the record,"," has","  nothing"
"goldsmiths.ac.uk",". The gate"," has","  shutters  that"
"mod-langs.ox.ac.uk","Stair, with"," has","  stone  steps"
"hartlepool.gov.uk","that Ibogaine"," has","  something  to"
"platform-end.co.uk",". The project"," has","  relevance  for"
"aol.co.uk","website"," has","  lots  of"
"sfx.co.uk","has gone, he"," has","  transplants"
"gradsoc.jesus.cam.ac.uk","Review which"," has","  knowledge  of"
"salters.co.uk","he put it, that"," has","  continuity  in"
"salters.co.uk","in time,"," has","  unity  and"
"e-epilepsy.org.uk","the very poor -"," has","  something  to"
"historylearningsite.co.uk","I was right, he"," has","  ''milben  '' - the"
"healthscience.swansea.ac.uk","Centre"," has","  policy  of only"
"dorsetaonb.org.uk",". Everyone"," has","  things  that"
"indigogroup.co.uk","ritual. Awen"," has","  counterparts"
"wisa.org.uk",", Thumbsucker"," has",""
"crassh.cam.ac.uk","suspected"," has","  something  to"
"psnc.org.uk",". Even my body"," has","  hope  , because"
"talkpolitics.users20.donhost.co.uk","I ''m not sure it"," has","  anything  to do"
"archaeology.co.uk","anyone who"," has","  ideas  or"
"princes-trust.org.uk","Ireland"," has","  provisions"
"chaosscience.org.uk","CD ''s"," Has","  anyone  got any"
"perse.co.uk","World Cup Game"," has","  £10,000  in"
"intersites.co.uk","to France who"," has",""
"cherryred.co.uk","slot. She"," has","  copies  of all"
"cherryred.co.uk",", is it that it"," has","  plenty  of"
"wen.org.uk","that he/she"," has","  diverticulae"
"completeoutdoors.co.uk",", and the smith"," has","  material  for a"
"cherryred.co.uk","titles"," has","  anything"
"princes-trust.org.uk",". The film"," has","  resonances  in"
"adriandenning.co.uk","also"," has","  applications"
"digitalspy.co.uk","find a vet who"," has","  experience  of"
"gameseek.co.uk","is when a pupil"," has","  weekends  at"
"gardenorganic.org.uk","MP. The NIO"," has",""
"gardenorganic.org.uk",". It also"," has",""
"0-19.co.uk","younger child"," has","  anorexia  ."
"uncommon-knowledge.co.uk","that Hitler"," has","  plans  for"
"disabilitynow.org.uk",". But Charlie"," has","  competition"
"legendarydartmoor.co.uk","anyone who"," has","  something  to"
"uncommon-knowledge.co.uk","home page also"," has","  links  to the"
"essex.police.uk",") ` ` If the word"," has","  t  on the end, it"
"avreview.co.uk","SUV, it too"," has","  four-wheel"
"phill.co.uk","as each man"," has","  reputation"
"phill.co.uk",", there"," has","  society"
"uktvstylegardens.co.uk",", 14:36 So..."," has","  no-one  read"
"atschool.eduweb.co.uk","the director"," has","  fun  with the"
"localhistory.scit.wlv.ac.uk","Albert Museum"," has","  lots  of"
"sciencenet.org.uk",". But it also"," has","  members  in the"
"sohp.soton.ac.uk","Hughes"," has","  control  of the"
"sohp.soton.ac.uk","this mean he"," has","  control  in"
"artshole.co.uk","Origami site"," has","  everything"
"bose.co.uk","Mitteleuropa"," has","  re-emerged  as"
"cinemas-online.co.uk","Neil Diamond,"," has","  nothing  to"
"rcpch.ac.uk","Aoyama who"," has","  **lots**  of"
"rcpch.ac.uk","Chippa who"," has","  lots  of useful"
"bseinquiry.gov.uk","a class which"," has","  students  who"
"bseinquiry.gov.uk","a class which"," has","  students  who"
"findachurch.co.uk","a person who"," has","  warts  . Warts"
"findachurch.co.uk","a person who"," has","  warts  don''t"
"orate.co.uk","only one that"," has","  men  working"
"illumin.co.uk","the Order"," has","  part  or fully"
"cafcbabes.co.uk","of sonnets"," has","  nothing  to do"
"lse.co.uk","Library now"," has","  videos  on over"
"glaucus.org.uk","Redgrave also"," has","  UC  . It ''s"
"scips.worc.ac.uk","and"," has","  interest  from"
"wen.org.uk","find it. Also"," has","  information"
"wen.org.uk",". This website"," has","  information"
"legendarydartmoor.co.uk","subject mix"," has","  anything  like"
"dh.gov.uk","minutes that"," has","  everyone"
"cofepow.org.uk","a Department"," has","  concerns"
"cofepow.org.uk","this argument"," has","  force  . Most"
"cofepow.org.uk","argument also"," has","  implications"
"avtalk.co.uk","- but she"," has","  none  of the"
"cancerhelp.org.uk",". "" "" Not only"," has","  evolution"
"cancerhelp.org.uk","of evolution"," has","  nothing  to do"
"jbe.gold.ac.uk","New York Dolls"," has","  sex  on the"
"palimpsest.org.uk",". If your child"," has","  breakfast  ,"
"cofepow.org.uk","(7 ft 1 in) and"," has","  branches  up to"
"www1.indymedia.org.uk","and which"," has",""
"web-marketing-secrets.co.uk","Faculty also"," has","  links  with the"
"web-marketing-secrets.co.uk","a project"," has","  funding  for"
"voa.gov.uk","now"," has","  £22m  under"
"voa.gov.uk","DJ Carmichael"," has","  £212m  under"
"wrap.org.uk",". The earth"," has","  ''shrunk  '' and"
"wrap.org.uk","process"," has","  quality  in"
"crassh.cam.ac.uk",", also"," has","  art  gallery"
"varietyclub.org.uk","in 1997. It"," has",""
"varietyclub.org.uk","purpose. Each"," has","  autonomy  to"
"pfc.org.uk","typesetting"," has","  rules  , or"
"redflag.org.uk","long and it"," has","  THOUSANDS  of"
"redflag.org.uk","coin which"," has","  tails  on both"
"redflag.org.uk","Maths:"," Has","  anyone  ever"
"redflag.org.uk","be confused"," has","  nothing  to do"
"edinburghfestivals.co.uk","need. Brauer"," has","  millions  of"
"seethru.co.uk","Chorley,"," has","  attractions"
"buildingdesign.co.uk","Ireland and he"," has","  relatives  in"
"palimpsest.org.uk","that a child"," has","  scoliosis  may"
"palimpsest.org.uk","if your child"," has","  scoliosis  ,"
"palimpsest.org.uk",". If your child"," has","  scoliosis  ,"
"palimpsest.org.uk","your child"," has","  scoliosis  ,"
"palimpsest.org.uk","your child"," has","  surgery  . Your"
"edinphoto.org.uk","Coliseum, and"," has","  nothing  to do"
"boardsonline.co.uk","property also"," has","  fishing"
"boardsonline.co.uk",". The land"," has","  part  river"
"boardsonline.co.uk","use. The house"," has",""
"boardsonline.co.uk",". The land"," has","  part  river"
"library.stir.ac.uk","Garden; he"," has","  cutters  in"
"canterbury.ac.uk","my husband"," has","  difficulty"
"hillside.co.uk","and Yahoo!"," has","  millions  and"
"redflag.org.uk",". The MCofS"," has","  concerns"
"adeptscience.co.uk","tells me he"," has","  plenty  of"
"healthmatters.org.uk","7.4.1866. DBS"," has","  nd  cdv, D"
"healthmatters.org.uk","and Saturday."," Has","  stereoscope"
"healthmatters.org.uk","W. nd, DBS cdv."," Has","  addresses  in"
"barnardos.org.uk","software"," has",""
"liberty-human-rights.org.uk",") "" Please"," has","  anyone  got any"
"lse.co.uk","that Frodo"," has","  something  of"
"pcadvisor.co.uk","Aberdeen who"," has","  data  on birds"
"dulwichpicturegallery.org.uk","captain Roger"," has","  problems  even"
"armedforces.co.uk","the trust"," has","  twelve"
"whitedragon.org.uk","Race Course"," has","  plenty  of free"
"ookami.co.uk","as a book, and"," has","  advertising"
"westyorkshire.police.uk","20 '' x 70 '' which"," has","  planning"
"westyorkshire.police.uk","property also"," has","  fishing"
"westyorkshire.police.uk","use. The house"," has",""
"westyorkshire.police.uk",". The land"," has","  part  river"
"ardue.org.uk",". The website"," has","  thumbnail  and"
"uncommon-knowledge.co.uk",", VHE"," has","  plans  to"
"uncommon-knowledge.co.uk",". com. She also"," has","  images"
"uncommon-knowledge.co.uk","future. She"," has","  ideas  of where"
"uncommon-knowledge.co.uk",". Emily also"," has","  plans  for new"
"lag.org.uk","but he"," has","  bags  of"
"shepherd-neame.co.uk",". Clark (1992)"," has","  doubts  over"
"asab.icapb.ed.ac.uk","Science Link"," has","  access  to a"
"hicksdesign.co.uk","The Trust"," has","  offices  in"
"caa.co.uk",". The site"," has","  links  to two"
"bornfree.org.uk","cars than it"," has","  parking"
"glasgow.gov.uk","that our music"," has","  something  to"
"crocus.co.uk","Gaffney still"," has","  faith  that"
"crocus.co.uk","ally"," has","  re-emerged  as"
"rafmuseum.org.uk","some data that"," has","  something  to"
"epilepsy.org.uk","in 1999, and he"," has","  of-  fered a ` `"
"epilepsy.org.uk","oil company"," has","  billions  of"
"hysteria-lives.co.uk","the president"," has","  years  ­ more"
"malehealth.co.uk","evidently"," has","  nothing  to do"
"essex.police.uk","sculpture and"," has","  photographs"
"hlst.heacademy.ac.uk","nation that"," has","  weapons  and"
"hlst.heacademy.ac.uk","a ''nightmare ''"," has","  precedents  ."
"hlst.heacademy.ac.uk","network"," has","  ties  to Iraqi"
"hlst.heacademy.ac.uk","Saddam"," has","  agents  inside"
"varietyclub.org.uk","5 handheld, it"," has","  resolution"
"literacytrust.org.uk","cogestión"," has","  nothing  in"
"newburytheatre.co.uk","know that Iraq"," has","  nothing  to do"
"shu.ac.uk","; Tuma only"," has","  poetry  , but"
"shu.ac.uk","MacSweeney"," has","  something"
"richmondreview.co.uk","guide if he"," has","  time  . He is"
"richmondreview.co.uk","trail which"," has","  species"
"virago.co.uk","? ? ? Shame"," has","  nothing  to do"
"realclassic.co.uk","as Microsoft"," has","  stakes  in all"
"whitedragon.org.uk","Branch"," has",""
"whitedragon.org.uk","Welfare"," has",""
"aimhigher.ac.uk","Group"," has","  investments"
"aimhigher.ac.uk","Iraqi state"," has","  plenty  of"
"aimhigher.ac.uk","commission"," has","  money  in"
"path.cam.ac.uk","in all history"," has","  authority  ,"
"phill.co.uk",". Your money"," has","  purchasing"
"word-on-the-web.co.uk","a few weeks."," Has","  anyone  else"
"word-on-the-web.co.uk","answer phone."," Has","  anyone  else"
"spazmonkey.co.uk","on ageing"," has","  beens  ,"
"spazmonkey.co.uk","evidence,"," has","  temperament"
"malehealth.co.uk",". This"," has","  consequences"
"malehealth.co.uk","a cause, he"," has","  values  that he"
"boardsonline.co.uk","coffee and she"," has","  lots  of ideas"
"blog.ctrlbreak.co.uk","pupils Who"," has","  rights  under"
"ramagazine.org.uk","and Sunday and"," has","  experience"
"nfpledbury.co.uk","THE COMPANY"," HAS","  AUTHORITY  TO"
"focusmag.co.uk","there in. who"," has","  time  in our"
"ansible.co.uk",". If a man"," has","  nothing  to do,"
"www-users.york.ac.uk",". It"," has","  consequences"
"naldic.org.uk",". This result"," has","  connotations"
"sciencenet.org.uk",", and"," has","  something"
"sciencenet.org.uk","Kate Betts"," has","  ideas  , is"
"antiquetools.co.uk","! more Kath"," has","  sets  appeal"
"tigersfc.co.uk","Connecticut,"," has","  burst  onto the"
"tigersfc.co.uk",""""," has","  nothing  to do"
"lancs.ac.uk",") If the tenant"," has","  difficulty  in"
"artshole.co.uk","vomits or"," has","  difficulty  in"
"artshole.co.uk","dry and child"," has","  difficulty"
"artshole.co.uk","feeds,"," has","  diarrhoea  or a"
"niace.org.uk",", if a patient"," has","  difficulty  in"
"gradsoc.jesus.cam.ac.uk","The museum"," has","  ladies  and"
"asab.icapb.ed.ac.uk","(NYSE: CD) and"," has","  marketing"
"tutorials.beginners.co.uk","Eritrea also"," has",""
"vmg.co.uk","files. It"," has","  lots  of other"
"cinemas-online.co.uk","definitely"," has","  Aspergers  ."
"cinemas-online.co.uk","for me - she"," has","  lots  of"
"rail-reg.gov.uk",". Hey! Why"," has","  no-one"
"psi.org.uk","Group, which"," has","  dozens  of"
"practicalpc.co.uk","Urban Garden"," has","  lots  of gifts"
"york.gov.uk","This page"," has","  information"
"legendarydartmoor.co.uk",", at its best,"," has","  nothing  to do"
"footy4kids.co.uk","Centre also"," has","  packs  of"
"footy4kids.co.uk","World '' which"," has","  sections"
"sundog.clara.co.uk","the world. It"," has","  members  from"
"islamic-college.ac.uk","arrogant dog"," has","  humiliation"
"gerald-massey.org.uk","aristocracy,"," has","  nothing  like"
"gerald-massey.org.uk",", which"," has","  control  over"
"directgov.gov.uk","'', and so"," has","  priority  over"
"teaching-abroad.co.uk","). Reason also"," has","  distinction"
"teaching-abroad.co.uk","of those it"," has","  knowledge  of"
"teaching-abroad.co.uk","(which"," has","  links  to tacit"
"teaching-abroad.co.uk","that religion"," has","  nothing  to do"
"teaching-abroad.co.uk","Each modality"," has","  potential"
"practicalpc.co.uk","A series page"," has","  half  of this"
"practicalpc.co.uk","ID card"," has","  format  A7,"
"theatreguidelondon.co.uk","being who """," has","  ability  to"
"sickthingsuk.co.uk","workplace"," has","  computers  ,"
"sickthingsuk.co.uk",". frn. org. uk/"," Has","  details  of"
"ramagazine.org.uk","university"," has","  links  with"
"caledonian.ac.uk",". Forrester"," has","  access  to"
"cwn.org.uk","other hand,"," has","  nothing  to"
"cwn.org.uk","the poor that"," has",""
"sovereignty.org.uk","2002 Where"," has","  svrmgr  gone in"
"direct.gov.uk","all out. Hitop"," has","  lots  more"
"newcastle.gov.uk","Gets Hurt ''"," has","  everyone"
"seered.co.uk","a contrast it"," has","  contrast"
"library.nhs.uk","and"," has","  cam  slots."
"wrap.org.uk","Green Party"," has","  things  to"
"wrap.org.uk","when a nation"," has","  control  of its"
"ymss.org.uk","booker who"," has",""
"inclusive.co.uk",". If anyone"," has","  blinds  for any"
"inclusive.co.uk","web site which"," has","  paintings  of"
"pepesplace.co.uk","expression"," has","  implications"
"pepesplace.co.uk","expression"," has","  implications"
"dvd.reviewer.co.uk","stories. It"," has","  everything"
"growingbusiness.co.uk","site. If a page"," has","  nothing  to do"
"request.org.uk","","has","  chapters  and"
"unitedrant.co.uk","who therefore"," has","  control  of the"
"sundog.clara.co.uk","but the vision"," has","  power  because"
"disabilitynow.org.uk","that the woman"," has","  reasons  for"
"corwm.org.uk","assembly"," has","  jurisdiction"
"nao.org.uk","the lab now"," has","  contacts  in"
"subbrit.org.uk","world wide ''."," Has","  links  to"
"ilrt.bris.ac.uk","do not work)"," Has","  anyone  else"
"jbe.gold.ac.uk","This section"," has","  gifts  for"
"simplysports.co.uk","at all. That"," has","  something  to"
"epilepsy.org.uk","which"," has","  lots  of ideas"
"epilepsy.org.uk","project"," has","  aims  such as"
"pressbox.co.uk","Archive"," has","  staff  working"
"pressbox.co.uk","list."," has","  staff  working"
"petplanet.co.uk",". The document"," has","  fields  for you"
"natwest.co.uk","Assets ''. OGC"," has",""
"gardenorganic.org.uk",". What news"," has","  thou  brought"
"educ.cam.ac.uk","epoch"," has","  end  will be a"
"newcastle.gov.uk","in Cardiff but"," has","  branches  in"
"enemydown.co.uk","Cenozoic and"," has","  implications"
"accountingweb.co.uk","sodium (also"," has","  gut  motility"
"raf.mod.uk","a fetus"," has","  rights"
"cwn.org.uk","and tender,"," has","  sympathy  and"
"greatplacetowork.co.uk",". This"," has","  relevance  to"
"uec.ac.uk",". Probably"," has","  something  to"
"chaosscience.org.uk",". The body"," has","  defence"
"football.co.uk","everybody"," has","  something  to"
"amd.uwe.ac.uk","the pains He"," has",""
"aimhigher.ac.uk","terror which"," has","  audience  as"
"intellectual-property.gov.uk","and"," has","  relevance  in"
"vam.ac.uk","till this day"," has","  something  to"
"vam.ac.uk","or merely"," has",""
"spaced-out.org.uk","study. He"," has","  experience"
"spaced-out.org.uk","July 2004. She"," has","  experience  of"
"exeter-airport.co.uk",". This charity"," has","  offices  world"
"exeter-airport.co.uk","Then ended"," has","  pain  with a gun"
"digitalspy.co.uk","part of dec 05."," Has","  anyone"
"cofepow.org.uk","over the role."," Has","  anyone  any"
"canterbury.ac.uk","man, Rory"," has","  problems  with"
"english.cam.ac.uk","The Begin ''"," has","  feedback  ,"
"english.cam.ac.uk","is a crime! It"," has","  greats  songs"
"english.cam.ac.uk","and yes, it"," has","  hits  too, one"
"english.cam.ac.uk",". It"," has","  flaws  , but it"
"english.cam.ac.uk","Wild Heaven ''"," has","  plenty  of"
"english.cam.ac.uk","''re In The Air ''"," has","  guitar  ,"
"psnc.org.uk",". Who"," has","  access  to the"
"wycombe.gov.uk","Islands,"," has","  longitude  2°W"
"wycombe.gov.uk",", in Canada,"," has","  longitude"
"nya.org.uk","Pennan Inn)"," has","  rooms  if you"
"antarctica.ac.uk","poetry. Never"," has","  enthusiasm"
"littman.co.uk","of fort that"," has","  defences  such"
"pcadvisor.co.uk","here actually"," has","  nothing  to do"
"thecornerhouse.org.uk",", why"," has","  Respect"
"mininginstitute.org.uk","now, everyone"," has","  room  for"
"seered.co.uk","of 2004 and now"," has","  details  of all"
"essex.police.uk","word Is flesh,"," has","  substance  . We"
"vam.ac.uk","Graveney boat"," has","  similarities"
"e-epilepsy.org.uk","only if the cd"," has","  nothing  cool"
"mountaineering-scotland.org.uk","true miracle"," has","  nothing  to do"
"islamic-college.ac.uk","Where a scheme"," has","  equity  shares"
"naldic.org.uk","and 60s. Boats"," has","  details  of"
"perse.co.uk","accordingly"," has","  effect  as set"
"perse.co.uk","of which he"," has","  power  to"
"perse.co.uk","(a) who"," has","  authority"
"perse.co.uk","tribunal, and"," has","  effect"
"perse.co.uk","indirectly)"," has","  control  or if"
"perse.co.uk","indirectly)"," has","  control  . (3)"
"perse.co.uk","Kingdom as it"," has","  effect  in"
"milesfaster.co.uk","in this set"," has","  shoulder"
"pressbox.co.uk",", how the US"," has","  loads  of"
"uea.ac.uk","addition, it"," has","  access  to vast"
"uea.ac.uk",""" The Ministry"," has","  contingency"
"redflag.org.uk","to read"," has","  nothing  to do"
"theglobalsite.ac.uk","every cafe"," has","  spaghetti  on"
"theglobalsite.ac.uk","pub always"," has","  crisps  . The"
"libdems.org.uk","","has","  nothing  to do"
"ookami.co.uk","a person who"," has",""
"soup.co.uk","a partner that"," has","  children"
"seered.co.uk","no longer"," has","  currency"
"libdems.org.uk",". Com This site"," has","  information"
"hysteria-lives.co.uk","had a dog that"," has","  fits  , contact"
"hysteria-lives.co.uk","He is now 30 and"," has","  cushing  so is"
"hysteria-lives.co.uk","brother Rufus"," has","  MCT  and is at"
"hysteria-lives.co.uk","long as I can."," Has","  anyone  had a"
"princelyrics.co.uk","page"," has","  links  at the"
"tht.org.uk",". If anyone"," has","  blinds  for any"
"iiss.org.uk","others. That"," has","  effects  . Then"
"iiss.org.uk",", but a gift. It"," has","  beauty  in it,"
"elektor-electronics.co.uk","since it"," has","  bonus  tracks,"
"naldic.org.uk","partner! ) who"," has","  everything  ?"
"insight.zdnet.co.uk","''s site also"," has","  lots  of useful"
"lonympics.co.uk","treatment, it"," has",""
"cherryred.co.uk","Respect)"," has","  ben  raging"
"liberty-human-rights.org.uk","great design"," has","  nothing  todo"
"essex.police.uk","means that she"," has","  plenty  of time"
"fairy-tales.classic-literature.co.uk",". Saunatec"," has","  factories  in"
"seered.co.uk","","has","  sections  on"
"seered.co.uk",". The book"," has","  articles  from"
"cbonline.co.uk","else here"," has","  anything  in"
"cbonline.co.uk","of the album"," has","  nothing  to do"
"cbonline.co.uk","? Well, this"," has","  words  and some"
"cbonline.co.uk","perfect. It"," has","  energy  ,"
"www-mice.cs.ucl.ac.uk",". Bathroom"," has","  ceiling  hoist"
"scips.worc.ac.uk","the job. What"," has","  everyone"
"age-net.co.uk",". vebra. com"," has","  listings  of"
"age-net.co.uk",". co. uk"," has","  businesses"
"age-net.co.uk",". com"," has","  lots  of varied"
"italian.classic-literature.co.uk","projects UCML"," has",""
"trinitycollege.co.uk",", which"," has","  implications"
"deeden.co.uk","work that"," has","  occasion  to"
"princelyrics.co.uk","renewal fund"," Has",""
"nya.org.uk","Kennedy"," has","  recitals  at"
"sundog.clara.co.uk","Bunyan. He"," has","  nothing  to say"
"ookami.co.uk","''s approach"," has","  applications"
"age-net.co.uk","maze which"," has","  parallels"
"age-net.co.uk","danger and"," has","  connections"
"itma.org.uk",""" The Ministry"," has","  contingency"
"rcpsglasg.ac.uk","this homepage"," has","  links  to"
"letsgogardening.co.uk","if the Company"," has","  bona  fide"
"letsgogardening.co.uk","that it"," has","  title  to and"
"palimpsest.org.uk","hr: insight"," has","  import  and"
"digitalegypt.ucl.ac.uk","department"," has","  arrangements"
"digitalegypt.ucl.ac.uk","audit. This"," has","  implications"
"adriandenning.co.uk","with diabetes"," has","  access  to the"
"giveusahome.co.uk","in store. It"," has","  wildlife  you"
"theweddingnetwork.co.uk","''s BIGGER and"," has","  loads  of"
"barbecue-online.co.uk","darkened and"," has","  lots  of"
"chester.gov.uk","M. E. and also"," has","  lots  of pains"
"chester.gov.uk","! Rusty my dog"," has","  liver  cancer."
"chester.gov.uk","a relative who"," has","  brain  cancer."
"chester.gov.uk","my uncle, who"," has","  cancer  . If he"
"chester.gov.uk","my mother who"," has","  cancer  and it"
"educ.cam.ac.uk","met) and"," has","  plenty  of"
"lancashire.police.uk","Directory"," has","  links  to 256"
"lancashire.police.uk","Studies site"," has","  information"
"teaching-abroad.co.uk","that everyone"," has","  something  to"
"careers.ed.ac.uk","you that "" it"," has","  something  to"
"careers.ed.ac.uk","of the stars"," has","  nothing  to do"
"careers.ed.ac.uk","each person"," has",""
"udsu.co.uk","20 centres and"," has","  funding  of"
"library.stir.ac.uk","strip"," has","  lighting"
"pepesplace.co.uk","advisor, who"," has","  access  to a"
"lse.co.uk","cutter itself"," has","  guards  to"
"bmic.co.uk","of SeeRed)"," has","  anything  to do"
"growingbusiness.co.uk","while! My nose"," has","  o  ... Sep 2 2004"
"age-net.co.uk","Dreams... ''"," has","  atmosphere  ,"
"rss.org.uk","condoned what"," has","  been/  is being"
"brunel.ac.uk","policy. This"," has","  implications"
"brunel.ac.uk","therefore"," has","  obligations"
"historic-scotland.gov.uk","popular group"," has","  sessions"
"publicfinance.co.uk",", "" Yesterday"," Has","  Gone  "" by Cupid"
"gardenorganic.org.uk","of charities"," has","  relevance"
"churchinwales.org.uk","research and"," has","  access  to"
"blackpig.co.uk",". Footsteps"," has","  visitors  from"
"professorharbottle.co.uk","essays,"," has","  dozens  of"
"hlst.heacademy.ac.uk","swing, and"," has","  loads  of plans"
"accomodata.co.uk",". Note that it"," has","  air  forks, and"
"www-mice.cs.ucl.ac.uk","reason. It"," has","  wit  , energy"
"voa.gov.uk","body, a cell"," has","  work  to do. We"
"voa.gov.uk",", and as such"," has","  something  to"
"professorharbottle.co.uk","land and"," has","  stock  proof"
"kcl.ac.uk",". It"," has","  sections  on"
"theatreguidelondon.co.uk","in 1997. It"," has",""
"theatreguidelondon.co.uk","purpose. Each"," has","  autonomy  to"
"theatreguidelondon.co.uk",", which"," has","  student"
"theatreguidelondon.co.uk",", the School"," has","  specialist"
"rail-reg.gov.uk","and which"," has",""
"charles-darwin.classic-literature.co.uk","my car (which"," has","  hand  controls"
"graylab.ac.uk","company who"," has","  something  to"
"gerald-massey.org.uk",". Forced unity"," has","  nothing  to do"
"brunel.ac.uk","have heard it"," has","  side  effects."
"footy4kids.co.uk",". She also"," has","  research"
"footy4kids.co.uk",". She also"," has","  research"
"webtag.org.uk","is clear and"," has","  humour  woven"
"webtag.org.uk","this book"," has","  something  to"
"tvradiobits.co.uk","sentence,"," has","  impact  and"
"rail-reg.gov.uk","book is great."," Has","  lots  of"
"csp.org.uk","function, and"," has","  methods"
"alistlookalikes.co.uk",", the site"," has","  information"
"edinburghfestivals.co.uk","the reservoir"," has","  nothing  on it."
"healthscience.swansea.ac.uk",". Ability"," has","  setup  the"
"armedforces.co.uk","This research"," has","  implications"
"csp.org.uk","Unit always"," has","  openings  for"
"barbecue-online.co.uk",", and"," has","  implications"
"barbecue-online.co.uk","a partner who"," has","  experience  in"
"barbecue-online.co.uk","developed and"," has","  patents"
"crassh.cam.ac.uk","Dartmoor"," has","  evidence  been"
"people.ex.ac.uk","unit 13: - How"," has","  life  in"
"westyorkshire.police.uk",". Kathmandu"," has","  something  for"
"theatreguidelondon.co.uk","computer that"," has","  internet"
"theatreguidelondon.co.uk",", Onfolio"," has","  tools  for"
"brad.ac.uk","original, and"," has","  nothing  in"
"brad.ac.uk","dramatic. It"," has","  grace  and"
"brad.ac.uk","desired. She"," has","  tenderness  ,"
"brad.ac.uk","his employer,"," has","  designs  on"
"exhilaration.co.uk",". Respect"," has","  bent  over"
"ramagazine.org.uk","a company that"," has",""
"football.co.uk",". ''Candidate ''"," has","  everything  ,"
"ramagazine.org.uk",". Each"," has","  merits  but"
"buildingdesign.co.uk","but also"," has","  market"
"buildingdesign.co.uk","% unknown and"," has",""
"staff.ncl.ac.uk","that it"," has","  nothing  to do"
"cma.soton.ac.uk","how your place"," has","  periods  of day"
"cma.soton.ac.uk","Earth still"," has","  day  and night"
"missiedith.bentbacktulips.co.uk",". Nature"," has","  information"
"missiedith.bentbacktulips.co.uk","and Steam"," has","  reports"
"alt.ac.uk","you? Who"," has","  time  to know"
"alt.ac.uk","resume manual"," has","  anything  like"
"lsbu.ac.uk",". This"," has","  quotations"
"lsbu.ac.uk",". Inner Quest"," has","  articles  and"
"request.org.uk",". The function"," has","  dozens  of uses"
"brunel.ac.uk","and that Healy"," has","  others  that"
"brunel.ac.uk","the person who"," has","  access  in the"
"unitnews.co.uk","talent"," has","  something"
"richmondreview.co.uk","record. Who"," has","  authority  to"
"psi.org.uk",". This page"," has","  links  to"
"historylearningsite.co.uk","Europe Europe"," has","  something  for"
"goldsmiths.ac.uk","the Batmobile"," has","  rocket  engine"
"goldsmiths.ac.uk","utility belt"," has","  lots  of Batman"
"brunel.ac.uk","that Freud"," has","  weakness  as a"
"victoriasbeauty.co.uk","family"," has","  photographs"
"foundationtv.co.uk","of Europe"," has","  skills"
"missiedith.bentbacktulips.co.uk","someone who"," has","  faith  in the"
"missiedith.bentbacktulips.co.uk","for that. One"," has","  faith  (not"
"cls.ioe.ac.uk","coast"," has","  beaches  and"
"cls.ioe.ac.uk",". The Zoo"," has","  lots  of Night"
"healthmatters.org.uk","sessions. It"," has","  nothing  to"
"www2.netdoctor.co.uk","If so,"," has","  anyone  told"
"uktvfood.co.uk","subject which"," has","  nothing  to do"
"antarctica.ac.uk",", and also"," has","  implications"
"msn.netdoctor.co.uk","of the site"," has","  information"
"msn.netdoctor.co.uk","sound. It also"," has","  links  to some"
"gleeson0.demon.co.uk","everyone who"," has","  surgery  will"
"hysteria-lives.co.uk",". Ampair"," has","  agents  and"
"croydoncavingclub.org.uk",". The Mill Reef"," has","  packages"
"accomodata.co.uk","Kingdom"," has","  guidelines"
"num.org.uk","This new body"," has",""
"mda.org.uk","in Thailand"," has","  bags  of"
"richmondreview.co.uk",". This site"," has","  lots  of"
"phill.co.uk","and also"," has","  space  for"
"disabilitynow.org.uk","the voice and"," has","  students"
"bose.co.uk","Congress"," has","  oversight  to"
"hush-hush.co.uk","training"," has","  nothing  to do"
"naldic.org.uk","My salvation"," has","  nothing"
"24hourmuseum.org.uk","at the well"," has","  echoes  of the"
"cancerhelp.org.uk","range"," has","  designs  to"
"education.independent.co.uk","This site"," has","  security"
"ids.ac.uk","squib movie"," has","  explosions"
"eastman.ucl.ac.uk","and it also"," has","  ''Father  ''"
"calderdale.gov.uk","cunning bird"," has","  hunters"
"faegre.co.uk","mode. It"," has","  nothing  at all"
"unitedrant.co.uk","edited text"," has","  sections  on"
"unitedrant.co.uk","Ltd This book"," has","  sections  on"
"unitedrant.co.uk","This website"," has","  books  ,"
"cofepow.org.uk","Avalanches)"," has",""
"birminghamfoe.org.uk","website which"," has","  information"
"orcadian.co.uk","elevation"," has","  marks  scribed"
"talkpolitics.users20.donhost.co.uk","sure someone"," has","  influenza"
"planning.ed.ac.uk",". Guess Who"," has","  lots  of cards"
"buildingdesign.co.uk","so each member"," has","  access  and"
"prudential.co.uk",". '' A commoner"," has","  ''mata  , '' eyes,"
"abtn.co.uk","Vivid, which"," has","  facilities"
"huddersfield1.co.uk","? Vol 10, p. 19"," has","  ''Thug  Tips '' ("
"intersites.co.uk","it does, as he"," has","  nothing  else."
"richmondreview.co.uk","to have; it"," has","  honours  at its"
"english.cam.ac.uk","Service -"," has","  branches"
"english.cam.ac.uk","to someone who"," has","  expertise  in"
"barbecue-online.co.uk","'' really"," has","  something  . I"
"barbecue-online.co.uk","it definitely"," has","  something  ,"
"unitedrant.co.uk","x 27''1? ). This"," has","  power  and"
"show.me.uk","Forum"," has","  everything  to"
"pressbox.co.uk","to parents"," has","  examples  of"
"secure.bfi.org.uk","which"," has","  substance  ."
"recklessgardener.co.uk","in Utah. He"," has","  copies  of the"
"cer.org.uk","cast? Maybe it"," has","  something  to"
"homepages.gold.ac.uk","London Pass"," has","  something  for"
"crassh.cam.ac.uk","even"," has","  markings  on"
"gleeson0.demon.co.uk","that not only"," has","  adjustments"
"gleeson0.demon.co.uk","the editor"," has","  kittens  !"
"members.lycos.co.uk",".... ."," has","  something  yet"
"earthscan.co.uk","can score and"," has","  pace  to burn."
"rafmuseum.org.uk",". Dolphin"," has","  offices  in the"
"bseinquiry.gov.uk","subject"," has",""
"barbecue-online.co.uk","that a woman"," has",""
"cedr.co.uk","to choose who"," has","  babies  ."
"backroadstouring.co.uk",", one of whom"," has","  synaesthesia"
"crbs.org.uk","figure. This"," has","  nothing  to do"
"qaa.ac.uk","Museum."," Has","  menus  of"
"qaa.ac.uk","Centre."," Has","  something  on"
"aimhigher.ac.uk","whether a site"," has",""
"spacecentre.co.uk","thing. It"," has","  influence  on"
"theanswerbank.co.uk","profession"," has","  difficulty  in"
"epic.co.uk","think someone"," has","  principles"
"epilepsynse.org.uk","company now"," has","  offices  in"
"varietyclub.org.uk",". "" "" (24) This"," has","  implications"
"virgintrains.co.uk","likely it"," has","  something  to"
"asab.icapb.ed.ac.uk",". But now she"," has","  eleven  cards!"
"recklessgardener.co.uk","lined and"," has","  storm  flap"
"lancashire.gov.uk","Ireland"," has","  provisions"
"carnegieuktrust.org.uk","fountain. It"," has","  ''rests  '' to"
"journalism.cf.ac.uk",", still"," has","  something  of a"
"malehealth.co.uk","it all up. He"," has","  hope  for his"
"malehealth.co.uk","later that he"," has","  fevers  , he ''s"
"healthscience.swansea.ac.uk","us the cosmos"," has","  limits  which"
"prudential.co.uk","Service which"," has","  offices  at"
"worldwar1.co.uk","Ben ''s Game Ben"," has","  leukemia  . He"
"edinburgh-tattoo.co.uk","Garden, which"," has","  thousands  of"
"onlinenews.warwickshire.police.uk",". The site"," has","  information"
"onlinenews.warwickshire.police.uk",". The site"," has","  information"
"onlinenews.warwickshire.police.uk",""". The site"," has","  information"
"onlinenews.warwickshire.police.uk",". The site"," has","  information"
"blackpresence.co.uk","London Times"," has","  references"
"goldsmiths.ac.uk","Future, which"," has","  connections"
"epic.co.uk","use now"," has","  planning"
"vam.ac.uk","that it"," has","  room  for"
"danacentre.org.uk","Big Green Book"," has","  suppliers  of"
"danacentre.org.uk",". Woolley & Co"," has","  specialist"
"danacentre.org.uk",". co. uk"," has","  lots  of"
"csm.uwe.ac.uk","to see where"," has","  work  on the"
"csm.uwe.ac.uk","if the artist"," has","  ideas  . Back to"
"csm.uwe.ac.uk","and"," has","  integrity  . We"
"chart.ac.uk",", in which he"," has","  nutrients  ,"
"omni.ac.uk","he describes"," has","  implications"
"talyllyn.co.uk","landowners"," has","  &nbsp  ;"
"met.police.uk","and that it"," has","  ownership"
"historylearningsite.co.uk",". com"," has","  something  for"
"historylearningsite.co.uk","section"," has","  something  for"
"raf.mod.uk","care"," has","  features  in"
"periodproperty.co.uk","fact that it"," has","  water  in its"
"psi.org.uk","when he"," has","  exams  looming"
"webtag.org.uk",", since he"," has","  produced/"
"turkeyrealestate.co.uk",". Find Me A Gift"," has","  beauty"
"blogigo.co.uk","The BSHM"," has","  guidelines"
"macdonaldhotels.co.uk","Your neighbor"," has","  none  . So what?"
"macdonaldhotels.co.uk","Your neighbor"," has","  none  . You feel"
"niace.org.uk",". Actually it"," has","  nothing"
"niace.org.uk",". It"," has","  nothing  to do"
"niace.org.uk",", it"," has","  nothing"
"motoring.independent.co.uk","huts. Neither"," has","  *that*  long a"
"motoring.independent.co.uk","peril! ) who"," has",""
"hazelden.org.uk",". This"," has",""
"portcities.org.uk",". The firm also"," has","  departments"
"edinphoto.org.uk","issues, it"," has","  problems  with"
"eternalnight.co.uk","Makoul. Ethox"," has","  research  and"
"ucs.ed.ac.uk",", London"," has","  information"
"comedycv.co.uk","Division"," has","  contracts"
"weddingguide.co.uk","use. The house"," has",""
"weddingguide.co.uk","installed as"," has","  oil  fired"
"weddingguide.co.uk","property also"," has","  fishing"
"weddingguide.co.uk",". The plot"," has","  road  frontage"
"weddingguide.co.uk",". The plot"," has","  road  frontage"
"cyberselect.co.uk","bodies ICSU"," has",""
"healthscience.swansea.ac.uk",", which"," has","  lots  of"
"westyorkshire.police.uk","Country Club"," has","  everything  to"
"pro-g.co.uk",", which"," has","  photos  of many"
"talkmagic.co.uk","undamaged but"," has","  foxing  in the"
"realclassic.co.uk","not working?"," Has","  anyone"
"adriandenning.co.uk","fantasist who"," has",""
"adriandenning.co.uk","know. Jeremy"," has","  deals  in"
"carnegiegreenaway.org.uk","as such"," has","  nothing  to do"
"armedforces.co.uk",""" Even the Klan"," Has","  Rights  , "" ("
"cer.org.uk","of gold and"," has","  knots  and"
"bectu.org.uk","partner who"," has","  dementia  Ð you"
"crassh.cam.ac.uk","window 2) Male"," has","  face  bashed in"
"birminghamfocus.org.uk","livery."," Has","  anyone  got a"
"birminghamfocus.org.uk",". If anyone"," has","  blinds  for any"
"birminghamfocus.org.uk","web site which"," has","  paintings  of"
"forum.thebears.co.uk","20 '' x 70 '' which"," has","  planning"
"forum.thebears.co.uk","installed as"," has","  oil  fired"
"historylearningsite.co.uk","; if God"," has","  access  to his"
"prochoiceforum.org.uk","''s Secretary"," has","  forms  . See"
"prochoiceforum.org.uk","''s Secretary"," has","  forms  ."
"elizabethan-era.org.uk","column which"," has","  links  to"
"palimpsest.org.uk",", and also"," has","  support  for"
"palimpsest.org.uk",", this phone"," has","  everything"
"citizenshipfoundation.org.uk","wholesaler"," has","  lots  of"
"gardenorganic.org.uk","Children"," has","  partner"
"atomicdesign.co.uk","a class which"," has","  students  who"
"professorharbottle.co.uk","when the pupil"," has","  problems"
"professorharbottle.co.uk","if he or she"," has","  difficulty"
"sfx.co.uk","Council now"," has","  funds  to spend"
"orgs.man.ac.uk","If the group"," has","  lots  of ideas,"
"members.lycos.co.uk","is competent,"," has","  skill  and"
"nervous.co.uk",". This"," has","  relevance  to"
"nervous.co.uk","here"," has","  applications"
"webtag.org.uk",": ''that God"," has","  reason  to want"
"redflag.org.uk",", if he"," has","  talent  , spark"
"vam.ac.uk","country"," has","  land  borders"
"calderdale.gov.uk","and"," has","  pride  in it, it"
"orcadian.co.uk",", the court"," has","  discretion  to"
"petplanet.co.uk","Hyperion site"," has","  details  of"
"hattrick-furniture.co.uk",", she"," has","  experience  of"
"literacytrust.org.uk","producer,"," has","  thousands  of"
"theatreguidelondon.co.uk","that storm and"," has","  experience"
"theatreguidelondon.co.uk","few. Britain"," has","  kings  , but"
"theatreguidelondon.co.uk","tyrants; she"," has","  judges  , but"
"drugscope.org.uk","? I know Alison"," has","  something  to"
"museums.ncl.ac.uk","commander,"," has","  background"
"businessbureau-uk.co.uk","in the Gospels"," has","  problems"
"educ.cam.ac.uk","BMI offshoot"," has","  flights  to 18"
"squashsite.co.uk","University"," has","  access  to some"
"primaryresources.co.uk","on the left it"," has","  Javascript"
"poetrylibrary.org.uk","Each question"," has","  links  to data"
"mod-langs.ox.ac.uk","stitch design"," has","  plenty  of"
"planning.ed.ac.uk","Great Gray Owl"," has","  breed  . Whilst"
"learningtechnologies.co.uk","and Industry"," has",""
"intellectual-property.gov.uk","fiction that"," has","  content  ,"
"varietyclub.org.uk","plc also"," has","  shares  in"
"thecornerhouse.org.uk",". The company"," has","  $36bn  in cash"
"biomed.abdn.ac.uk","River also"," has","  ''o''opu  but the"
"psi.org.uk","else also"," has","  slide  film"
"educ.cam.ac.uk",", if she"," has","  ''a  few moments"
"eng.bham.ac.uk","Scotland now"," has","  promotion  to"
"antarctica.ac.uk","nevertheless"," has","  nothing  to do"
"educ.cam.ac.uk","site; usually"," has","  links  to other"
"birminghamfoe.org.uk","extensively,"," has","  work  in"
"archives.gla.ac.uk","","has","  partnerships"
"gardenorganic.org.uk","all mankind"," has","  problems  with"
"gardenorganic.org.uk","(neya). God"," has","  everything"
"ind.homeoffice.gov.uk","every woman"," has","  access  to a"
"theatreguidelondon.co.uk","Summary Table"," has","  space  for: the"
"theatreguidelondon.co.uk",". The AST then"," has","  space  to"
"avtalk.co.uk",". co. uk"," has","  everything"
"eprints.st-andrews.ac.uk","The webmaster"," has","  childhood"
"gro-scotland.gov.uk","DETR web site"," has","  information"
"buildingdesign.co.uk","3 Primer"," has","  ben"
"archives.gla.ac.uk","this prince"," has","  sons  . Another"
"warwickshire-wildlife-trust.org.uk","not everyone"," has","  access  to the"
"warwickshire-wildlife-trust.org.uk","CARERS '' and it"," has","  sections"
"man.ac.uk",". "" "" She"," has","  _not_  been, "" I"
"independentliving.co.uk",". My example"," has","  ROMs  that are"
"dptac.gov.uk","since it also"," has","  moments  that"
"topforge.co.uk",", as he"," has","  something  to"
"redflag.org.uk","with it."," Has","  everything  ,"
"tutorials.beginners.co.uk","funding. 10."," Has","  funding  for"
"rafmuseum.org.uk",". But fpa still"," has","  work  to do. In"
"vacant.org.uk","in the UK (i. e."," has","  Indefinite"
"glos.ac.uk","still noisy."," Has","  anyone  else"
"ability.org.uk","to this day"," has","  Madame  Beck"
"ability.org.uk",", nor indeed"," has","  anybody  else"
"ability.org.uk","as dear Alfred"," has","  nothing  but"
"bhx.co.uk",". He always"," has","  hope  . He never"
"cyberselect.co.uk","aware that he"," has","  power  to mould"
"ouabc.co.uk","show! This DVD"," has","  fourteen"
"bhx.co.uk","the shaman"," has","  techniques  to"
"bhx.co.uk",". The shaman"," has","  spirit  guides"
"backroadstouring.co.uk",". And it"," has",""
"apinfo.co.uk","Group"," has",""
"vam.ac.uk","all of which"," has","  relevance  to"
"worldwar1.co.uk",", for example,"," has","  preference"
"blogigo.co.uk","doubt,"," has","  taste  and"
"archives.gla.ac.uk","supernanny"," has","  lots  of good"
"moremusic.co.uk","to Brazil. It"," has","  plenty  of"
"outdoormegastore.co.uk","lady who"," has","  ½  turned"
"garysturt.free-online.co.uk","Kaycee"," has","  cancer  , by the"
"huddersfield1.co.uk","2006 The Trust"," has","  misgivings"
"advaita.org.uk","stated that it"," has","  â  ?"
"www-users.york.ac.uk","Artifact"," has",""
"www-users.york.ac.uk","to anyone who"," has","  access  to an"
"www-users.york.ac.uk","potentially"," has","  relevance  to"
"www-users.york.ac.uk","itself,"," has","  priority  over"
"lancs.ac.uk","to read and"," has","  line  breaks in"
"g3pho.free-online.co.uk","vapour)."," Has","  water  any"
"psychol.ucl.ac.uk","licked WESTON"," has","  everything  to"
"eternalnight.co.uk","Collins"," has","  news  that will"
"ventris.org.uk","name. This"," has","  lots  of"
"bhx.co.uk","January 1863"," has","  Topics  of the"
"tvradiobits.co.uk","the set as each"," has","  something"
"canterbury.ac.uk",", his meaning"," has","  implications"
"canterbury.ac.uk",", etc. Yet this"," has","  nothing  to do"
"canterbury.ac.uk","paradigm that"," has","  implications"
"carcanet.co.uk","'' in the middle"," has","  overtones  of"
"squashsite.co.uk",", that"," has","  permission  to"
"tvradiobits.co.uk","laughs. She"," has","  turns  of"
"comedycv.co.uk","of ethics, it"," has","  nothing  to do"
"crassh.cam.ac.uk",". The journal"," has","  text  plus"
"www-tus.csx.cam.ac.uk","and she"," has","  lots  of it. At"
"journalism.cf.ac.uk","the group"," has","  communion"
"sphsupplies.co.uk","luckily Borth"," has","  timber  sea"
"reviews.zdnet.co.uk","young man who"," has","  everything  ."
"dcs.shef.ac.uk","only iGlance"," has","  push-to-talk"
"thefword.org.uk","progress -"," has","  difficulty  in"
"thefword.org.uk","or perhaps"," has","  problems"
"thefword.org.uk","term memory -"," has","  difficulty  in"
"thefword.org.uk","directions -"," has","  difficulty"
"squashsite.co.uk","that person"," has","  dementia  its"
"squashsite.co.uk","the person who"," has","  dementia  , it"
"squashsite.co.uk","the person who"," has","  dementia  . As"
"synergy-health.co.uk",". She also"," has","  contact"
"aimhigher.ac.uk","Room computer"," has","  web  access,"
"cheltenham.gov.uk","pregnancy"," has","  effects  on"
"bplans.co.uk","action"," has","  implications"
"bplans.co.uk","also"," has","  implications"
"platform-end.co.uk","because Billy"," has","  problems"
"sudokuz.co.uk","the flywheel"," has","  magnets"
"bexley.gov.uk",". The site"," has","  quizzes  and a"
"ramagazine.org.uk","karate and"," has","  experience  in"
"www7.open.ac.uk","process,"," has","  implications"
"inclusive.co.uk","Branch"," has",""
"perse.co.uk","early or"," has","  problems"
"education.independent.co.uk","ACE team. She"," has","  experience  in"
"blog.outofthebedroom.co.uk",". This"," has","  application"
"richmondreview.co.uk",", monsieur,"," has","  eyeholes  and"
"itchyyork.co.uk","judged that it"," has","  ''no"
"nfpledbury.co.uk","the Entervan"," has","  space  for a"
"sovereignty.org.uk","coast line it"," has","  plenty  for the"
"cronab.demon.co.uk","handwritten."," Has","  references  to"
"shiftydisco.co.uk","and each"," has",""
"shiftydisco.co.uk",". He also"," has",""
"localhistory.scit.wlv.ac.uk","technology"," has","  applications"
"palimpsest.org.uk","the web site"," has","  difficulty"
"csp.org.uk","Balancing"," has","  nothing  to do"
"healeyhero.co.uk",", as"," has","  patrimony  ,"
"keyworth.leeds.ac.uk","or kit, etc Who"," has","  EBD  ? Elton"
"diydoctor.org.uk","THEY RELATED?"," Has","  research  ever"
"bhx.co.uk","Stoke. It also"," has","  undersoil"
"hiroshige.org.uk","that "" the BBC"," has","  listeners  who"
"atschool.eduweb.co.uk","of the Day: """," Has","  anyone  ever"
"atschool.eduweb.co.uk","to me now "" ("""," Has","  Anyone  Ever"
"diydoctor.org.uk","06 is this a con"," has","  anyone  ever"
"lists.adeptscience.co.uk",", which also"," has","  education  and"
"barbecue-online.co.uk",""". It"," has","  information"
"diabetes.org.uk","whole line)."," Has","  anyone  hit"
"crassh.cam.ac.uk","for an offence"," has","  jurisdiction"
"alt.ac.uk","years. It"," has","  winds  that"
"unitedrant.co.uk","''tendency ''"," has","  re-emerged"
"jardmail.co.uk","at all. That"," has","  something  to"
"dooyoo.co.uk","Court now"," has","  jurisdiction"
"firesafetytoolbox.org.uk","if the reader"," has","  experience  of"
"sportabroad.co.uk","dinner Ben"," has","  everything"
"rubberturnip.org.uk","if your pet"," has","  fleas  in 2"
"rubberturnip.org.uk","your pet"," has","  fleas  even"
"advaita.org.uk","RF work! Also"," has","  micro-pads  ,"
"advaita.org.uk","others... It"," has","  power  and"
"churchinwales.org.uk","Belfast"," has",""
"churchinwales.org.uk","scale-level"," has","  implications"
"churchinwales.org.uk","the largest"," has","  eleven  . In"
"churchinwales.org.uk","index"," has","  consequences"
"churchinwales.org.uk","latest census"," has","  problems  ,"
"ids.ac.uk","he knows it. He"," has","  nothing"
"ids.ac.uk","for us He"," has","  nothing"
"indigogroup.co.uk",", yet"," has","  variations"
"mkheritage.co.uk","interior. It"," has",""
"bexley.gov.uk","you know,"," has","  knowledge"
"churchill-society-london.org.uk","Aid. It also"," has","  associate"
"digitalspy.co.uk","Mackay, who"," has","  kind  of struck"
"digitalspy.co.uk","the PA"," has","  itâ  ? ?s limits"
"theglobalsite.ac.uk","of nature"," has","  nothing  to do"
"gravesham.gov.uk","Mobility unit"," has","  information"
"sainsburysbank.co.uk",". Brian, who"," has","  anorexia  and"
"sainsburysbank.co.uk","and Dave, who"," has","  bulimia  , know"
"carnegieuktrust.org.uk","and gold it"," has","  none  ; but in"
"pressbox.co.uk","work. She also"," has","  copies  of her"
"ulster.ac.uk","that is why he"," has","  anti-women"
"ulster.ac.uk","] [ Bennett: he"," has","  difficulty"
"partnerships.org.uk","? "" article. It"," has","  lots  of links"
"wellho.co.uk","got time. She"," has","  friends  and"
"wellho.co.uk","Oh, this one"," has","  oxygen  tanks."
"archaeology.co.uk",""" but still"," has","  no-one  to talk"
"fantasyfactory.co.uk",". The website"," has","  information"
"healthmatters.org.uk","weight loss,"," has","  chest  pain, is"
"dvd.reviewer.co.uk",". com"," has","  journalists"
"theatreguidelondon.co.uk","is private and"," has","  itâ  ? ?s own"
"theatreguidelondon.co.uk","Champ du Boult"," has","  tennis  courts"
"harpercollins.co.uk","of the moment"," has","  spontaneity"
"theatreguidelondon.co.uk",". Each side"," has","  plenty  of bad"
"aaps.ed.ac.uk","production"," has","  nothing  to do"
"exporteastofengland.org.uk","me if the book"," has",""
"littman.co.uk","staff, and"," has","  ideas  about"
"intellectual-property.gov.uk",". The cottage"," has","  entrances"
"intellectual-property.gov.uk","summers and"," has","  level  , easy"
"bcentral.co.uk","Abrahim"," has","  problems  with"
"fanzone.co.uk","in the field."," Has","  anyone  else"
"fanzone.co.uk","in the field."," Has","  anyone  else"
"fanzone.co.uk","in the field."," Has","  anyone  else"
"fanzone.co.uk","in the field. >"," Has","  anyone  else"
"fanzone.co.uk","in the field. >"," Has","  anyone  else"
"fanzone.co.uk","in the field."," Has","  anyone  else"
"fanzone.co.uk","in the field."," Has","  anyone  else"
"fanzone.co.uk","in the field. >"," Has","  anyone  else"
"fanzone.co.uk","in the field."," Has","  anyone  else"
"fanzone.co.uk","in the field."," Has","  anyone  else"
"fanzone.co.uk","in the field. >"," Has","  anyone  else"
"fanzone.co.uk","in the field. >"," Has","  anyone  else"
"thamesweb.co.uk","Service"," has","  specialist"
"perse.co.uk",". com"," has","  links  to over"
"spazmonkey.co.uk","that this"," has","  something  to"
"rail-reg.gov.uk","the South West"," has","  something  to"
"jbe.gold.ac.uk","Authority"," has","  powers  of"
"bcentral.co.uk","have to. This"," has","  implications"
"teaching-abroad.co.uk","of the word. It"," has","  nothing  to do"
"teaching-abroad.co.uk","to Jesus. He"," has","  nothing"
"taxationweb.co.uk","instructor"," has","  real-world"
"eternalnight.co.uk",", which"," has","  fittings  by"
"kavkaz.org.uk","Government"," has","  access  to much"
"careers.ed.ac.uk","school"," has","  school"
"careers.ed.ac.uk","school"," has","  teaching"
"dooyoo.co.uk","The Trident"," has","  tanks  in the"
"nottinghillhousing.org.uk","economy which"," has","  nothing  in"
"cheshirefire.co.uk","here: this"," has","  nothing  to do"
"cheshirefire.co.uk","respected; he"," has","  experience  of"
"churchinwales.org.uk",". This site"," has","  information"
"ah.brookes.ac.uk","''s soup that"," has","  pasta  in it."
"sovereignty.org.uk","somebody that"," has","  chickenpox  . 1"
"ardue.org.uk","airline which"," has","  plans  to"
"eprints.st-andrews.ac.uk","","has","  class  . You"
"careers.ed.ac.uk",". As no one"," has","  access  to the"
"education.independent.co.uk","Eliot Kimber >"," Has","  anyone  ever"
"wolseyartgallery.org.uk","way, Eriksson"," has","  fortune  (and"
"diydoctor.org.uk","m. long and"," has","  526m  of high"
"bbcgovernors.co.uk","available and"," has","  performance"
"bbcgovernors.co.uk","player that"," has","  AAC-support"
"korguksupport.co.uk",". It also"," has","  information"
"esds.ac.uk","of a piece that"," has","  nothing  to do"
"marlab.ac.uk",". A good mentor"," has","  coaching"
"adriandenning.co.uk",". A player who"," has","  possession  of"
"deeden.co.uk","design"," has",""
"lancashire.police.uk",". . . and"," has","  moments  of"
"drugscope.org.uk","to anyone who"," has","  calves  that"
"cls.ioe.ac.uk",". Everyone"," has","  skeletons  in"
"deeden.co.uk","1.1? Camino"," has",""
"deeden.co.uk","good. This"," has","  nothing  to do"
"lancashire.police.uk","in Italy"," has","  nothing  to do"
"bcentral.co.uk","whether this"," has","  anything  to do"
"tigersfc.co.uk","she suddenly"," has","  doubts  about"
"soup.co.uk","which"," has","  procedures"
"dorsetaonb.org.uk","Diabetes UK or"," has","  access  to the"
"mountaineering-scotland.org.uk","in power but"," has","  killer  games"
"uclan.ac.uk","Park Service"," has","  rearing"
"mountaineering-scotland.org.uk","and the Force"," has","  officers  and"
"realclassic.co.uk",", someone who"," has","  website  about"
"realclassic.co.uk","your website"," has","  something  to"
"lonympics.co.uk","work and so"," has","  power  ) with"
"lonympics.co.uk","for lunch"," has","  anything  to do"
"pro-g.co.uk","and therefore"," has","  centre  in"
"insight.zdnet.co.uk","and Design"," has","  expertise  in"
"drugscope.org.uk","Lacrosse Club"," has","  men  ''s, women"
"mastersgames.co.uk","tool which"," has","  anything  to do"
"mastersgames.co.uk","the spring it"," has","  clusters  of"
"pensionsworld.co.uk","Saturday."," Has","  anyone"
"uktsupport.co.uk","location that"," has","  internet"
"birminghamfoe.org.uk","so far hostess"," has","  £xx  in sales"
"moggies.co.uk","Portal"," has","  quality"
"aspirations.english.cam.ac.uk","often"," has","  trouble"
"ex-canaries.co.uk","name, who"," has","  time  to"
"richmondreview.co.uk","This site"," has","  lots  of useful"
"york.gov.uk","potential"," has","  webmasters"
"thetablet.co.uk","still"," has","  rules  of its"
"professorharbottle.co.uk","already"," has","  experience  of"
"professorharbottle.co.uk",", and each year"," has","  applications"
"rail-reg.gov.uk","is retired and"," has","  plenty  of time"
"rail-reg.gov.uk","ago and now"," has","  plenty  of time"
"uktsupport.co.uk","somebody"," has","  anything"
"sherlock-holmes.classic-literature.co.uk","true Trekkie"," has","  nothing  but"
"sherlock-holmes.classic-literature.co.uk",", which"," has","  episodes  and"
"cancerhelp.org.uk",". This service"," has","  spaces  for up"
"word-on-the-web.co.uk","of the three"," has","  ambitions  to"
"orcadian.co.uk","British pub"," has","  genre"
"orcadian.co.uk","male:1 1) Male"," has","  throat  cut"
"thenewspaper.org.uk","the firewall"," has","  pinholes"
"dooyoo.co.uk",". Not everyone"," has","  side  effects,"
"texas.teamxlink.co.uk","that anybody"," has","  general"
"texas.teamxlink.co.uk",""" this mess"," has","  nothing  to do"
"far-eastern-heroes.org.uk","that baptism"," has","  nothing"
"lancashire.police.uk",", because this"," has","  implications"
"lccc.co.uk","2005. He also"," has","  chapbooks"
"maths.qmul.ac.uk","in London"," has","  Transitions  a"
"walktoschool.co.uk",". If anyone"," has","  blinds  for any"
"poetrymagazines.org.uk","temple, one"," has","  twelve"
"poetrymagazines.org.uk","the real Moses"," has","  nothing  to do"
"islamic-college.ac.uk","sinang """," has","  roots  in"
"homeoffice.gov.uk","also"," has","  advantages"
"armyoneverest.mod.uk","16,000. It"," has","  history  , a"
"housepricecrash.co.uk","that it"," has","  everything  to"
"unitedrant.co.uk","Library at UIC"," has","  access  to the"
"coinet.org.uk","and after 1861"," has","  nothing  to do"
"ventris.org.uk",". It"," has","  applications"
"thamesweb.co.uk",", the image"," has","  meaning  (e. g."
"library.stir.ac.uk","off a tree and"," has","  lichen"
"library.stir.ac.uk","flower only"," has","  ray  florets ie"
"york.gov.uk",", Jackie also"," has","  information"
"show.me.uk","is blind or"," has","  difficulty"
"cer.org.uk","public"," has","  access  , and"
"uktvfood.co.uk","This article"," has","  links  to MIDI"
"ex-canaries.co.uk","said to us '' Ane"," has","  nae  heart to"
"spacecentre.co.uk","to as 1a. 1a"," has","  oscillations"
"nationalarchives.gov.uk","Amusements"," has","  arcades"
"varietyclub.org.uk","Island Lake"," has","  pitches  with"
"dooyoo.co.uk",". However, she"," has","  friends"
"princes-trust.org.uk","(or woman) who"," has","  everything"
"tutorials.beginners.co.uk","a topic that"," has","  nothing  to do"
"tutorials.beginners.co.uk","cargo. Airbus"," has","  orders  from"
"sovereignty.org.uk","xbox program"," has","  support  for"
"davidlammy.co.uk",") for a staff!"," Has","  anyone"
"antibes.co.uk","The DVLA"," has","  regulations"
"lff.org.uk","and"," has","  anti-fungal"
"jardmail.co.uk",". Ghana"," has","  something  to"
"rubberturnip.org.uk",". Everyone"," has","  love  , but it"
"microscopy-uk.org.uk","station. What"," has","  religion  to"
"calderdale.gov.uk","government"," has","  functions"
"itchyyork.co.uk","in Islam"," has","  aspects  of"
"tht.org.uk","make sure he"," has","  lots  of"
"exporteastofengland.org.uk","that it"," has","  plans  for"
"jobsite.co.uk","1901 and now"," has","  grade  2*"
"jobsite.co.uk","Theatre. It"," has","  grade  2 listed"
"alt.ac.uk",". Helen"," has","  lots  of pics"
"yourcounty.co.uk","in the house"," has","  chickenpox  ,"
"cronab.demon.co.uk",". If anyone"," has","  comments"
"motoring.independent.co.uk",". This website"," has","  details  of"
"princes-trust.org.uk",", "" That guy"," has","  lots  of ideas,"
"lccc.co.uk",". Any room"," has","  resonances  ."
"biblicalstudies.org.uk","in Valley Road"," has","  copies  of"
"biblicalstudies.org.uk","larger stones"," has","  lintels  which"
"theatreguidelondon.co.uk",", and also"," has","  implications"
"theatreguidelondon.co.uk","that"," has","  access  to the"
"cer.org.uk","that the user"," has","  rights  . There"
"cer.org.uk",". Not everyone"," has","  access  to a"
"cer.org.uk",". Not everyone"," has","  access  to the"
"essex.police.uk","Higson ''s page"," has","  lots  of"
"essex.police.uk","Oliver ''s site"," has","  data  from"
"shiftydisco.co.uk","does work and"," has","  power  ) is as"
"shiftydisco.co.uk","object that"," has","  energy  ?"
"prudential.co.uk","potential"," has","  webmasters"
"chaosscience.org.uk","it no longer"," has","  wind  tunnels."
"dpawson.co.uk","in me. If He"," has","  work  for me to"
"onlinenews.warwickshire.police.uk","the town still"," has","  something  of"
"hicksdesign.co.uk","& James. This"," has","  information"
"bornfree.org.uk",", but it also"," has","  roles  in"
"prochoiceforum.org.uk","sight. No one"," has","  anything  to"
"bcentral.co.uk","in Edinburgh"," has","  maps  of its"
"bcentral.co.uk",". PlusBus"," has","  maps  of the"
"man.ac.uk","Authority"," has","  today  ("
"alt.ac.uk",". It therefore"," has",""
"spacecentre.co.uk","How long"," has","  atheism  been"
"cambs.police.uk","since 1997."," Has","  experience  in"
"horniman.ac.uk","release, and"," has","  work  shown on"
"supertarot.co.uk","if the group"," has","  members  of"
"supertarot.co.uk","''s playing"," has","  shape  and"
"nottinghillhousing.org.uk","''s the jewel"," has","  charms  for him"
"epilepsy.org.uk","strategy. She"," has",""
"cedr.co.uk","someone who"," has","  chicken  pox."
"rss.org.uk","it. If it"," has","  access  to your"
"activityvillage.co.uk",". The Park car"," has","  wrap  around"
"msm.cam.ac.uk","service which"," has","  departures"
"digitalspy.co.uk",""" As flaneur he"," has","  omnipresence"
"preachtheword.co.uk",". Casa Laura"," has","  use  of"
"jazzscript.co.uk","where he"," has","  farming  and"
"buildingdesign.co.uk","of Edinburgh"," has","  quota  awards"
"earthscan.co.uk","Scheme, which"," has","  Government"
"sciencenet.org.uk","think a child"," has","  glue  ear."
"eternalnight.co.uk","of Jesus,"," has","  resonances  ."
"ownersdirect.co.uk","districts"," has","  advantages"
"24hourmuseum.org.uk","in that it"," has","  room  for only"
"microscopy-uk.org.uk","her. Brian"," has","  trouble  with"
"weddingguide.co.uk","Pooch. my page"," has","  links  . can you"
"uclan.ac.uk",". The magazine"," has","  sections  on"
"girlonfire.co.uk",") whose child"," has","  autism  stated"
"girlonfire.co.uk",""" - someone who"," has","  experience  as"
"show.me.uk","that SPUC"," has","  ''more  trust in"
"show.me.uk","more widely,"," has","  implications"
"tigersfc.co.uk","that arose:"," Has","  alcohol"
"buildingdesign.co.uk","partial I-6"," has","  deviations  in"
"met.police.uk","nacab. org. uk"," has","  explanations"
"stagebeat.co.uk","Aid Probably"," has","  ties  to"
"stagebeat.co.uk","guerrillas."," Has","  thousands  of"
"elizabethan-era.org.uk","it. But it"," has","  lines  like â?"
"crbs.org.uk","if your pet"," has","  fleas  in 2"
"crbs.org.uk","your pet"," has","  fleas  even"
"epic.co.uk","Prince Philip"," has","  reservations"
"path.cam.ac.uk","The hotel also"," has","  arrangements"
"path.cam.ac.uk","hours a day and"," has","  safety"
"members.lycos.co.uk","and Colin"," has","  experience"
"theatreguidelondon.co.uk","see whether it"," has","  something  in"
"tht.org.uk","website"," has","  links  to the"
"tht.org.uk","website"," has","  links  to"
"tht.org.uk",". Its website"," has","  links  to other"
"unitnews.co.uk",". He"," has","  lunch  at"
"microscopy-uk.org.uk","Commission"," has","  contracts"
"soup.co.uk","visit, Muscat"," has","  something  to"
"gradsoc.jesus.cam.ac.uk","rope 2) Male"," has","  tent  pole"
"gradsoc.jesus.cam.ac.uk","saw 4) Male"," has","  knife  thrown"
"ex-canaries.co.uk","ledges, it"," has","  plenty  of"
"magonia.demon.co.uk",", each account"," has","  something"
"dcs.warwick.ac.uk","Bivibags!"," Has","  anyone"
"ownersdirect.co.uk","not everyone"," has","  htaccess"
"magonia.demon.co.uk",""" "" By Jove, she"," has","  taste  ! """
"nutrition.org.uk","The World"," has","  limits  in"
"talyllyn.co.uk","The TUC"," has","  today  (Friday"
"forum.thebears.co.uk","5) Female"," has","  throat  slit"
"llandrillo.ac.uk","Centre"," has","  funds  to"
"italian.classic-literature.co.uk","of Divinity"," has","  scholars  of"
"num.org.uk",". Each track"," has","  something  to"
