"corpus","ukwac"
"subcorpus","-"
"concordance size","10463"
"query","Query:[lc=""located"" | lemma_lc=""located""][lc=""in"" | lemma_lc=""in""];Positive filter (excluding KWIC):-1 -1 -1 [tag=""Nc.*""];GDEX:100 "
"rfc.org.uk","better  sites  ","located in"," the city. By"
"setdanceteacher.co.uk","table  buttons  ","located in"," the top left"
"silverprint.co.uk","are small  sacs  ","located in"," the vestibule"
"northernearth.co.uk","  building  ","located in"," the heart of"
"dh.gov.uk","than a  town  ","located in"," Macon County,"
"scotlandoffice.gov.uk","  enterprise  ","located in"," the"
"zx81.org.uk","four  schools  ","located in"," North Belfast"
"richmond.ac.uk","  structure  ","located in"," the temporal"
"bbcgovernors.co.uk","  schools  ","located in"," an area where"
"bectu.org.uk","  universities  ","located in"," south east"
"english-online.org.uk","This  company  ","located in"," sunny"
"mybrightonandhove.org.uk","all  elements  ","located in"," the BSA. The"
"spri.cam.ac.uk","  servers  ","located in"," secure data"
"churchill-society-london.org.uk","  services  ","located in"," Florida. Web"
"farm.org.uk","held in a  bank  ","located in"," a particular"
"freedomministries.org.uk","  institutions  ","located in"," two different"
"casi.org.uk","of the  courts  ","located in"," the County of"
"itgovernance.co.uk","have  FSEs  ","located in"," the main and"
"london-culture.co.uk","hidden  pocket  ","located in"," the lining of"
"digidots.co.uk","to  images  ","located in"," the Stills,"
"childrens.uk-shoponline.co.uk","that  company  ","located in"," the UK. The"
"silverprint.co.uk","  structure  ","located in"," the ampulla of"
"basingstoke.gov.uk","  tool  ","located in"," Start/"
"gopetition.co.uk"," ","located in"," various"
"isfp.co.uk","''  link  ","located in"," the grey bar"
"cain.ulst.ac.uk","into the  grips  ","located in"," the stylus"
"anglingdirect.co.uk","  teams  ","located in"," approved"
"foe.co.uk",". xNSTC [  copy  ","located in"," Bristol"
"passiondiscs.co.uk","a  viewpoint  ","located in"," Rue des Iris! I"
"brookes.ac.uk","  stations  ","located in"," that state. ''"
"phundria.org.uk","site is a  pond  ","located in"," the middle of"
"bitsnstuff.co.uk","  groups  ","located in"," the south of"
"bowness.demon.co.uk","  Societies  ","located in"," the UK and of"
"ppsoftnet.co.uk","3 Star  hotel  ","located in"," the city"
"luxonline.org.uk","  assets  ","located in"," the U. S."
"ubu.org.uk","  community  ","located in"," Northern"
"ppsoftnet.co.uk","3 Star  hotel  ","located in"," the city"
"ppsoftnet.co.uk","4 Star  hotel  ","located in"," the city"
"royalpioneercorps.co.uk","  instititions  ","located in"," different"
"tibenham.fsnet.co.uk","Olympic  zone  ","located in"," the Lee Valley"
"jr2.ox.ac.uk","  schools  ","located in"," the 28 states"
"magonia.demon.co.uk","  platform  ","located in"," a cutting."
"magonia.demon.co.uk","  station  ","located in"," a shallow"
"congressfordemocracy.org.uk","  communities  ","located in"," remote"
"shop.dataip.co.uk","  lights  ","located in"," the basement"
"rcsed.ac.uk","  theatres  ","located in"," Salford Quays"
"phrases.org.uk","  building  ","located in"," Belfast city"
"nottingham.ac.uk","  services  ","located in"," more than one"
"shu.ac.uk","and  paintings  ","located in"," a 3000 acre"
"alcs.group.shef.ac.uk","  radars  ","located in"," Finland and"
"stopurban4x4s.org.uk","  site  ","located in"," the heart of"
"wdm.org.uk","  scanner  ","located in"," the Library."
"lff.org.uk","for all  units  ","located in"," the RSA ("
"railart.co.uk","  terminals  ","located in"," the Porters"
"teesvalleyfinance.co.uk","Suburb  ''is  ","located in"," North West"
"dca.gov.uk","table  tennis  ","located in"," the"
"ownersdirect.co.uk","of  buildings  ","located in"," a small rising"
"userfocus.co.uk","Park is a  city  ","located in"," Cavalier"
"mygen.co.uk","  services  ","located in"," more than one"
"spartacus.schoolnet.co.uk","country  house  ","located in"," Downside Road"
"thegoodwebguide.co.uk","in  currents  ","located in"," places where"
"lewisham.gov.uk","of its  staff  ","located in"," offices in"
"library.ex.ac.uk","and big  screen  ","located in"," the Trackside"
"ubu.org.uk","star  property  ","located in"," beautiful and"
"maths.leeds.ac.uk","  textiles  ","located in"," museums and"
"immediatefuture.co.uk","a copy of.  exrc  ","located in"," the current"
"benhenry.co.uk","  pieces  ","located in"," the Salient"
"nya.org.uk","For  monuments  ","located in"," open country,"
"spotlightministries.org.uk","  schools  ","located in"," the 28 states"
"passiondiscs.co.uk","  university  ","located in"," Perth was"
"schoolshistory.org.uk","is a  studio  ","located in"," Chicago and is"
"swaine.me.uk","many  people  ","located in"," the Northern"
"uhlc.org.uk","many  people  ","located in"," the Northern"
"uhlc.org.uk","  universities  ","located in",""
"cyclingtimetrials.org.uk","Shinto  shrine  ","located in"," a southeast"
"cnetwork.co.uk","Shinto  shrine  ","located in"," a southeast"
"northlight-images.co.uk","games  company  ","located in"," the"
"homepages.tcp.co.uk","  institutions  ","located in"," different"
"rcsed.ac.uk","  theatre  ","located in"," the heart of"
"voice-online.co.uk","  facility  ","located in"," northeast"
"dca.gov.uk","  court  ","located in"," the front of"
"northlight-images.co.uk","games  company  ","located in"," the"
"northlight-images.co.uk","games  company  ","located in"," the"
"aeroflight.co.uk","games  company  ","located in"," the"
"aeroflight.co.uk","games  company  ","located in"," the"
"acoustics.salford.ac.uk","  height  ","located in"," England and"
"lux.org.uk","ATM  machines  ","located in"," close"
"foe.co.uk","of 1st  edn  ","located in"," Yale and"
"manchesteronline.co.uk","mains  supply  ","located in"," front of the"
"irdp.co.uk","  restaurant  ","located in"," the heart of"
"bfi.org.uk:8080","  parties  ","located in"," the centre;"
"hillside.co.uk","60  %  ","located in"," our target"
"virtualsociety.sbs.ox.ac.uk","  machines  ","located in"," pubs,"
"phgu.org.uk","all  articles  ","located in"," the"
"manpower.co.uk","many  people  ","located in"," the Northern"
"bushgear.co.uk","  environment  ","located in"," Woking,"
"2step-garage.co.uk","be one  coach  ","located in"," the North East"
"ati.surrey.ac.uk","  territory  ","located in"," outlands so"
"srtl.co.uk","  restaurants  ","located in"," the"
"artscentral.co.uk","bath  house  ","located in"," an"
"physiol.ox.ac.uk","games  company  ","located in"," the"
"physiol.ox.ac.uk","games  company  ","located in"," the"
"physiol.ox.ac.uk","games  company  ","located in"," the"
"hud.ac.uk","  companies  ","located in"," the region"
"kwintessential.co.uk","  assets  ","located in"," rear areas do"
"painsupport.co.uk","  restaurant  ","located in"," the heart of"
"huntinginquiry.gov.uk","the  elements  ","located in"," the BSA. The"
"cs.bham.ac.uk","For  monuments  ","located in"," open country,"
"poole.gov.uk","  glands  ","located in"," the submucosa"
"rcpbml.org.uk","old) coal  bed  ","located in"," the state of"
"socialistunitynetwork.co.uk","public  bodies  ","located in"," the Gaeltacht"
"socialistunitynetwork.co.uk","  companies  ","located in"," Gaeltacht -"
"lse.ac.uk","  dispensers  ","located in"," the library."
"number-10.gov.uk","  building  ","located in"," Belfast city"
"uklug.co.uk","to  centres  ","located in"," third"
"brookes.ac.uk","actual  temple  ","located in",""
"classic-literature.co.uk","  civilization  ","located in"," space, rather"
"ff1600.co.uk","of  excellence  ","located in"," the heart of"
"burnyourbonus.co.uk","Guest  house  ","located in"," Wighton Nr"
"ioe.ac.uk","  facilities  ","located in"," Kazakhstan"
"ioe.ac.uk","(AKH)  station  ","located in"," the"
"forum.digitalspy.co.uk","actual  temple  ","located in",""
"durham21.co.uk","  center  ","located in"," the northern"
"city.ac.uk","with  students  ","located in"," other parts of"
"roadrunnerrecords.co.uk","the art  school  ","located in"," a beautiful"
"sport.guardian.co.uk","a main  centre  ","located in"," Helwan and"
"sport.guardian.co.uk","  sub-centres  ","located in"," Hurghada,"
"brookes.ac.uk","  society  ","located in"," the rolling"
"brookes.ac.uk","  locality  ","located in"," Yoho National"
"dailymail.co.uk","  experience  ","located in"," different"
"foe.co.uk"," ","located in"," northeastern"
"bbk.ac.uk","of 2  radars  ","located in"," either"
"televisionheaven.co.uk","  body  ","located in"," ASIO ''s"
"english-heritage.org.uk","  industry  ","located in"," and around"
"birdtours.co.uk","of  projects  ","located in"," Protestant"
"birdtours.co.uk","  projects  ","located in"," the area was"
"birdtours.co.uk","  projects  ","located in"," Protestant"
"birdtours.co.uk","202  projects  ","located in"," Catholic"
"birdtours.co.uk","of  projects  ","located in"," these areas"
"birdtours.co.uk","  projects  ","located in"," this area."
"british-history.ac.uk","exciting  city  ","located in"," the centre of"
"i-sis.org.uk",",  bases  ","located in"," many"
"ioe.ac.uk","  Sultanate  ","located in"," the northern"
"entsweb.co.uk","  Officers  ","located in"," the eight"
"g-soft.co.uk","  resources  ","located in"," the colonies."
"pressies4princesses.co.uk","  smallholding  ","located in"," beautiful,"
"nationalschool.gov.uk","to  units  ","located in"," contaminated"
"patp3.webbler.co.uk","of all  kinds  ","located in"," English rural"
"cpgb.org.uk","  offices  ","located in"," those cities"
"casi.org.uk","small  farmers  ","located in"," biodiversity"
"lse.ac.uk","100  children  ","located in"," mainstream"
"incore.ulst.ac.uk","at  schools  ","located in"," various"
"dur.ac.uk","  speakers  ","located in"," a panel that"
"imperial.ac.uk","  building  ","located in"," Belfast city"
"phgu.org.uk","small  village  ","located in"," the"
"earthfirst.org.uk","  unit  ","located in"," the"
"earthfirst.org.uk","by  units  ","located in"," the"
"news.zdnet.co.uk","  learners  ","located in"," the affluent"
"news.zdnet.co.uk","  classes  ","located in"," nationalist"
"projects.ex.ac.uk","...  goods  ","located in"," the UK when"
"railscot.co.uk","  offshoots  ","located in"," other parts of"
"dailymail.co.uk","access  points  ","located in"," the loft"
"developments.org.uk","  operating/  ","located in"," areas of the"
"videoforums.co.uk","to the  server  ","located in"," the Cobb"
"vectis.co.uk","19  offices  ","located in"," the US, Europe"
"mtv.co.uk","cyber  systems  ","located in"," other,"
"mtv.co.uk","from an  entity  ","located in"," another State"
"admin.cam.ac.uk","private  firms  ","located in"," what was"
"televisionheaven.co.uk",". This  area  ","located in"," federal"
"railscot.co.uk","  body  ","located in"," Brussels"
"refer.nhs.uk","  firm  ","located in"," Boulder,"
"imperial.ac.uk","  volcano  ","located in"," the Cascade"
"huntinginquiry.gov.uk","Airport i  s  ","located in"," Aldergrove"
"ciao.co.uk","For  monuments  ","located in"," open country,"
"londonfashionweek.co.uk","  brokerage  ","located in"," the denver"
"londonfashionweek.co.uk","motor  carrier  ","located in"," denver,"
"undiscoveredscotland.co.uk","a  household  ","located in"," a"
"spartacus.schoolnet.co.uk","  facilities  ","located in"," four"
"spartacus.schoolnet.co.uk","  facilities  ","located in"," Kazakhstan,"
"dca.gov.uk","the small  sacs  ","located in"," the vestibule"
"dca.gov.uk","nerve  endings  ","located in"," the periphery"
"bl.uk"," ","located in"," Wiesbaden. It"
"dresscircle.co.uk","  mill  ","located in"," tranquil"
"burnyourbonus.co.uk","  groups  ","located in"," North Belfast"
"eprints.gla.ac.uk","  party  ","located in"," a third Member"
"manchestereveningnews.co.uk","  ATMs  ","located in"," every town or"
"kwintessential.co.uk","  individuals  ","located in"," local"
"burnyourbonus.co.uk","miRNA  genes  ","located in"," the vicinity"
"gimbo.org.uk",": GM Test  sites  ","located in"," Quebec City"
"catholic-ew.org.uk","""  factories  ","located in"," the vicinity"
"bitc.org.uk","care  hospital  ","located in"," Newport"
"bitc.org.uk","  office  ","located in"," the hospital"
"brookes.ac.uk","aid  station  ","located in"," the combat"
"mailman-new.greennet.org.uk","  expertise  ","located in"," other"
"qub.ac.uk","  hotel  ","located in"," West Sussex"
"british-history.ac.uk","2,200  staff  ","located in"," offices"
"lists.grok.org.uk","and  archives  ","located in"," the"
"lists.grok.org.uk","of  staff  ","located in"," the basement"
"foe.co.uk","elite  coaches  ","located in"," remote and"
"society.guardian.co.uk","  publications  ","located in"," the NASA ADS"
"admin.cam.ac.uk","  volcano  ","located in"," the Cascade"
"casi.org.uk","For  monuments  ","located in"," open country,"
"socialistunitynetwork.co.uk","U. S.  soldiers  ","located in"," combat areas"
"york.ac.uk","  students  ","located in"," a city in"
"ucl.ac.uk","  places  ","located in"," the historic"
"spamfo.co.uk","  memorials  ","located in"," Cornwall, as"
"rcpbml.org.uk","at the  engines  ","located in"," the"
"cain.ulst.ac.uk","other  assets  ","located in"," the United"
"guardian.co.uk","  points  ","located in"," the woods."
"spartacus.schoolnet.co.uk","sales  team  ","located in"," chino, CA."
"spartacus.schoolnet.co.uk","truck  wheels  ","located in"," chino,"
"spartacus.schoolnet.co.uk","sales  team  ","located in"," chino, CA."
"acegamez.co.uk","e-mail  users  ","located in"," Europe, where"
"refer.nhs.uk","busy  offices  ","located in"," the heart of"
"pcanswers.co.uk","  courts  ","located in"," the states of"
"british-history.ac.uk","2,200  staff  ","located in"," offices"
"irr.org.uk","modest  office  ","located in"," the U. S."
"wdm.org.uk","  cottage  ","located in"," the heart of"
"chester.ac.uk","the  factories  ","located in"," areas of below"
"spamfo.co.uk","the dead  tree  ","located in"," the middle of"
"oneguyfrombarlick.co.uk","our  troops  ","located in"," Afghanistan,"
"rhs.org.uk",", Our  client  ","located in"," Cleveland,"
"rhs.org.uk","  Company  ","located in"," Buffalo, NY is"
"rhs.org.uk",":  Company  ","located in"," Buffalo, NY is"
"rhs.org.uk","  Company  ","located in"," Buffalo, NY is"
"acegamez.co.uk","  university  ","located in"," a historic and"
"imperial.ac.uk","  practice  ","located in"," altrincham"
"forum.anothersite.co.uk","  diversity  ","located in"," China, access"
"cf.ac.uk","modern  hotel  ","located in"," the Kent"
"tyndale.cam.ac.uk","of a  firm  ","located in"," Islamabad."
"gimbo.org.uk","jump rope  team  ","located in"," Hamilton,"
"netdoctor.co.uk","  boutique  ","located in"," the Paradise"
"netdoctor.co.uk","boutique  firm  ","located in"," the heart of"
"guardian.co.uk","of  genes  ","located in"," the recurrent"
"onlinedmc.co.uk","  company  ","located in"," Fargo seeks"
"ruralgateway.org.uk","  client  ","located in"," mid-town area"
"newswales.co.uk","  authority  ","located in"," West Cumbria,"
"publications.parliament.uk","  Products%2C  ","located in"," Chicago%27s"
"eprints.ecs.soton.ac.uk",",  units  ","located in"," the rear area"
"refer.nhs.uk","research  team  ","located in"," the Den were"
"lrb.co.uk","  optics  ","located in"," the mast"
"kent.ac.uk","  stations  ","located in"," the five most"
"sciencecityyork.org.uk","  centre  ","located in"," Bristol. The"
"customs.hmrc.gov.uk","Ron Purdy a  pro  ","located in"," N. Y. is"
"customs.hmrc.gov.uk","Ron Purdy a  pro  ","located in"," N. Y. is"
"mark-twain.classic-literature.co.uk","computer  data  ","located in"," another Party"
"transglobal-aerospace.co.uk","our top  client  ","located in","? ? PA? ?"
"transglobal-aerospace.co.uk","  company  ","located in"," collegeville"
"transglobal-aerospace.co.uk","our top  client  ","located in","?"
"transglobal-aerospace.co.uk","  group  ","located in"," collegeville"
"transglobal-aerospace.co.uk","our top  client  ","located in","?"
"transglobal-aerospace.co.uk","our top  client  ","located in","?"
"transglobal-aerospace.co.uk","our top  client  ","located in"," """
"transglobal-aerospace.co.uk","our top  client  ","located in","?"
"transglobal-aerospace.co.uk","our top  client  ","located in"," """
"transglobal-aerospace.co.uk","our top  client  ","located in","?"
"transglobal-aerospace.co.uk","our top  client  ","located in","?"
"transglobal-aerospace.co.uk","our top  client  ","located in"," """
"transglobal-aerospace.co.uk","our top  client  ","located in","?"
"transglobal-aerospace.co.uk","our top  client  ","located in","?"
"transglobal-aerospace.co.uk","our top  client  ","located in"," """
"amazon.co.uk","of  equipment  ","located in"," around 30,000"
"urchin.co.uk","  park  ","located in"," Youngstown"
"cpgb.org.uk","page  images  ","located in"," "" cropped "","
"eduserv.org.uk","  Squads  ","located in"," selected"
"leisureconnection.co.uk","Captain  field  ","located in"," the outer"
"shop.earthscan.co.uk","  offices  ","located in"," Bethnal Green"
"uklug.co.uk","dry  streambed  ","located in"," an arid area)"
"undiscoveredscotland.co.uk","a  government  ","located in"," areas under"
"undiscoveredscotland.co.uk",", a  government  ","located in"," areas under"
"televisionheaven.co.uk","from  farms  ","located in"," the North and"
"hm-treasury.gov.uk","for  property  ","located in"," qualifying"
"pocket-lint.co.uk","  service  ","located in"," New Jersey USA"
"action-tv.org.uk","  valves  ","located in"," the vessel ''s"
"hmrc.gov.uk","foreign  banks  ","located in"," London. When"
"chm.org.uk","dry  streambed  ","located in"," an arid area)"
"shop.highlander.co.uk",": Our  client  ","located in"," Cambridge MA"
"eprints.gla.ac.uk","and  archives  ","located in"," the"
"cnetwork.co.uk","  points  ","located in"," the woods."
"archive.food.gov.uk","Eocene  age  ","located in"," the vicinity"
"amazon.co.uk","  enterprises  ","located in"," enclaves"
"ess.uwe.ac.uk"," ","located in"," the Faculty of"
"football.guardian.co.uk","  countries  ","located in"," the western"
"cpgb.org.uk","  investments  ","located in"," growth"
"dca.gov.uk","basis to  units  ","located in"," the corps rear"
"i-sis.org.uk","  Analyst  ","located in"," Eagan, MN."
"i-sis.org.uk","  company  ","located in"," Sterling, VA."
"i-sis.org.uk","  position  ","located in"," Malvern, PA."
"i-sis.org.uk","  position  ","located in"," New Castle, DE"
"sitcom.co.uk","Eocene  age  ","located in"," the vicinity"
"skuds.co.uk","SROs to  bodies  ","located in"," the UK. There"
"mqmagazine.co.uk","AD  commanders  ","located in"," remote C²"
"lrb.co.uk","the few  books  ","located in"," the study of"
"ioe.ac.uk","to the  sites  ","located in"," the immediate"
"casi.org.uk","to Army  units  ","located in"," or passing"
"eatwell.gov.uk","  device  ","located in"," the"
"eatwell.gov.uk","--  devices  ","located in"," front of the"
"psigate.ac.uk","packed  venue  ","located in"," the heart of"
"arts.guardian.co.uk"," ","located in"," Germany; They"
"televisionheaven.co.uk","  museum  ","located in"," Israel, and"
"soulwalking.co.uk","  investors  ","located in"," Scotland and"
"seniorsnetwork.co.uk","Mai Po  marshes  ","located in"," a"
"paulflynnmp.co.uk","  facility  ","located in"," Sargent,"
"bdo.co.uk","  operations  ","located in"," the Caribbean"
"bgsnet.org.uk","in  companies  ","located in"," areas"
"bgsnet.org.uk","  centres  ","located in"," communities"
"sundaymail.co.uk","is a  facility  ","located in"," an area of"
"stalbans.gov.uk","busy  clients  ","located in"," chelmsford."
"stalbans.gov.uk","  company  ","located in"," chelmsford."
"heacademy.ac.uk","  Company  ","located in"," London due to"
"youngfoundation.org.uk","For  monuments  ","located in"," open country,"
"televisionheaven.co.uk","For  monuments  ","located in"," open country,"
"socialistunitynetwork.co.uk","and old  truths  ","located in"," racial and"
"socialistunitynetwork.co.uk","  experiences  ","located in"," the immediate"
"ruralgateway.org.uk","and  others  ","located in"," both SBAs. The"
"psigate.ac.uk","For  monuments  ","located in"," open country,"
"gimbo.org.uk","  venues  ","located in"," South"
"foe.co.uk","  plantation  ","located in"," central"
"fortunecity.co.uk","  volcano  ","located in"," the Cascade"
"bupa.co.uk","  servers  ","located in"," those areas"
"sundaymail.co.uk","a  building  ","located in"," Jerusalem."
"manchester.gov.uk","  workstations  ","located in"," the library."
"britishempire.co.uk","  business  ","located in"," the West of"
"casi.org.uk","battle. A  FARP  ","located in"," an airhead"
"casi.org.uk",", a  FARP  ","located in"," the close area"
"casi.org.uk",". A  FARP  ","located in"," the rear will"
"televisionheaven.co.uk","  facility  ","located in"," Charlotte, NC"
"televisionheaven.co.uk","  facility  ","located in"," Charlotte, NC"
"stalbans.gov.uk","  workstations  ","located in"," libraries but"
"refer.nhs.uk",". A  block  ","located in"," the angle"
"bathnes.gov.uk","our  customer  ","located in"," Downtown St"
"cgi.ebay.co.uk","  buildings  ","located in"," the busiest"
"taxfreegold.co.uk","parts  company  ","located in"," bowling Green"
"chester.ac.uk","in four  slums  ","located in"," the"
"greatwriting.co.uk","  school  ","located in"," the rural area"
"greatwriting.co.uk","for a  school  ","located in"," Birmingham."
"tech.plym.ac.uk","For  monuments  ","located in"," open country,"
"nutcote.demon.co.uk","about  people  ","located in"," the rest of the"
"heacademy.ac.uk","For  monuments  ","located in"," open country,"
"futurelab.org.uk","?  technology  ","located in"," new weapons. ["
"news.zdnet.co.uk","travel  agent  ","located in"," the heart of"
"nationalschool.gov.uk","For  monuments  ","located in"," open country,"
"bdo.co.uk"," ","located in"," the city. The"
"ff1600.co.uk","  publications  ","located in"," the NASA ADS"
"rvc.ac.uk","  apartment  ","located in"," the fictional"
"socialistunitynetwork.co.uk","  organisation  ","located in"," Brighton."
"socialistunitynetwork.co.uk","  organisation  ","located in"," Brighton."
"littleredboat.co.uk","  stations  ","located in"," the Student"
"foe.co.uk","to  businesses  ","located in"," certain parts"
"soulwalking.co.uk","from a  machine  ","located in"," the History"
"iwar.org.uk","4  toilets  ","located in"," cemetries."
"soulwalking.co.uk",".  Client  ","located in"," Chandler, AZ."
"televisionheaven.co.uk","  employers  ","located in"," and around"
"ariadne.ac.uk","  Company  ","located in"," downtown"
"seniorsnetwork.co.uk","fitness  suite  ","located in"," John Snow"
"holdthefrontpage.co.uk","and  research  ","located in"," Central"
"cnetwork.co.uk","a noise  source  ","located in"," the vicinity"
"jr2.ox.ac.uk","  structure  ","located in"," the front of"
"irr.org.uk","  positions  ","located in"," chesterfield"
"sitcom.co.uk","For  monuments  ","located in"," open country,"
"clieuk.co.uk","in  provinces  ","located in"," the Zagros"
"rhs.org.uk","For  monuments  ","located in"," open country,"
"visitsouthwest.co.uk","general  terms  ","located in"," the centre,"
"edinburghmetalscene.co.uk","  objectives  ","located in"," a city, town,"
"holdthefrontpage.co.uk","For  monuments  ","located in"," open country,"
"richmond.ac.uk","  files  ","located in"," the/etc/ pam."
"visitsouthwest.co.uk","For  monuments  ","located in"," open country,"
"housingpis.co.uk","For  monuments  ","located in"," open country,"
"riversidestudios.co.uk","For  monuments  ","located in"," open country,"
"presentationhelper.co.uk","small  village  ","located in"," the"
"femalefirst.co.uk","of our  client  ","located in"," Surrey. To be"
"femalefirst.co.uk","of our  client  ","located in"," Surrey. To be"
"soton.ac.uk","  company  ","located in"," Chicago."
"bbsrc.ac.uk","  office  ","located in"," the old"
"kwintessential.co.uk","is the  SA-X  ","located in"," our AO? The"
"bnp.org.uk","  Magdelene  ","located in"," the council ''s"
"kent.ac.uk","CPA  firm  ","located in"," beautiful"
"genuki.org.uk","  universities  ","located in"," city centres"
"cgi.ebay.co.uk","two  isozymes  ","located in"," different"
"bwpics.co.uk","or  switches  ","located in"," the"
"britishempire.co.uk","for  clients  ","located in"," Europe. She"
"inminds.co.uk","  Tody-Tyrant  ","located in"," the"
"poetrysociety.org.uk","  contractors  ","located in"," Palm Beach"
"gnn.gov.uk","  faculty  ","located in"," the head,"
"isec2005.org.uk","  defenses  ","located in"," the riverside"
"isec2005.org.uk","US  journalist  ","located in"," this area"
"leisureconnection.co.uk","Box  Funds  ","located in"," the upper left"
"british-history.ac.uk","think  tank  ","located in"," Washington,"
"cassandraeason.co.uk","Saijo, a  town  ","located in"," the highlands"
"painsupport.co.uk","For  monuments  ","located in"," open country,"
"euro.gov.uk","four  SNPs  ","located in"," the P2"
"cfoi.org.uk","from the  DAL  ","located in"," the corps area"
"myweb.lsbu.ac.uk","aid  station  ","located in"," the combat"
"classic-literature.co.uk","  restaurant  ","Located in"," the heart of"
"classic-literature.co.uk","owned  hotel  ","located in"," Shropshire"
"classic-literature.co.uk","star  hotel  ","located in"," Derby looking"
"classic-literature.co.uk","star  hotel  ","located in"," west midlands"
"classic-literature.co.uk","star  hotel  ","located in"," Derby looking"
"classic-literature.co.uk","owned  hotel  ","located in"," Shropshire"
"bgsnet.org.uk","  staff  ","located in"," the Language"
"foe.co.uk","the  camps  ","located in"," the three tiny"
"penguinclassics.co.uk","Award,  B&B  ","located in"," Bulford,"
"kierenmccarthy.co.uk","town  hotel  ","located in"," the historic"
"brianmac.demon.co.uk","  volcano  ","located in"," the Cascade"
"eprints.gla.ac.uk","  Company  ","located in"," celebration"
"eprints.gla.ac.uk","  Company  ","located in"," celebration,"
"unixhelp.ed.ac.uk","are in  fact  ","located in"," different"
"mirror.co.uk","water  wheels  ","located in"," estuaries,"
"arts.ed.ac.uk","US  journalist  ","located in"," this area"
"parkinsons.org.uk","For  monuments  ","located in"," open country,"
"inminds.co.uk","account ""  link  ","located in"," the left hand"
"purr-n-fur.org.uk","the  suffering  ","located in"," the invisible"
"better-business.co.uk","?  Ocenarium  ","located in"," Florida PJP"
"iansmith.co.uk","  facilities  ","located in"," Djakovica,"
"birdtours.co.uk","  practices  ","located in"," one of the four"
"birdtours.co.uk","of  dentists  ","located in"," the areas"
"brad.ac.uk","  mathematics  ","located in"," each study in"
"traveldoctor.co.uk",": Our  client  ","located in"," the downtown"
"phrases.org.uk","central  quay  ","located in"," central"
"ff1600.co.uk","  center  ","located in"," the northern"
"fishandfly.co.uk","at  personnel  ","located in"," the air"
"oxfordguides.co.uk","  bridges  ","located in"," the western"
"usembassy.org.uk","is a great  town  ","located in"," the area of the"
"number-10.gov.uk","for both  days  ","located in"," the Great Hall"
"eng.warwick.ac.uk","to an  audience  ","located in"," the United"
"televisionheaven.co.uk","elegant  hotel  ","located in"," the heart of"
"news.zdnet.co.uk","2  storey  ","Located in"," the corner of"
"huntinginquiry.gov.uk","  rectangle  ","located in"," front of a"
"untoldlondon.org.uk","  bulkheads  ","located in"," position to"
"inminds.co.uk","  offices  ","located in"," Surrey. Our"
"rvc.ac.uk","  property  ","located in"," a"
"huntinginquiry.gov.uk","  employers  ","located in"," more"
"users.ox.ac.uk","and  paving  ","located in"," Melrose"
"bjr.org.uk","use  mines  ","located in"," Heerlen in the"
"bjr.org.uk","  facilities  ","located in"," Ithaca, New"
"richmond.ac.uk","35  countries  ","located in"," the U. S.,"
"classic-literature.co.uk","a  government  ","located in"," Madrid."
"radioandtelly.co.uk","  assets  ","located in"," other states?"
"alnwick.gov.uk","search  tool  ","located in"," the top LHS."
"bjhc.co.uk",", in  companies  ","located in"," such"
"games.moria.org.uk",", and  pubs  ","located in"," a safe"
"isec2005.org.uk","  officials  ","located in"," the various"
"le.ac.uk","and  streets  ","located in"," Greenwich"
"patent.gov.uk","  institute  ","located in"," Lisbon, the"
"phrases.org.uk","  theatre  ","located in"," the city"
"mhra.org.uk","  functions  ","located in"," London, the"
"ospreys.org.uk","  spaces  ","located in"," civil society"
"spartacus.schoolnet.co.uk","from a  flock  ","located in"," Zimbabwe,"
"driving.timesonline.co.uk","of six  staff  ","located in"," the Centre for"
"dca.gov.uk","  businesses  ","located in"," MED IC3 and 4"
"sur.co.uk","  library  ","located in"," the ICS office"
"cf.ac.uk","  pore  ","located in"," a recess. It is"
"fairplay-campaign.co.uk","  PEDC  ","located in"," the"
"pcpro.co.uk","  troponin-C  ","located in"," the thin"
"wdm.org.uk","used  servers  ","located in"," California."
"geos.ed.ac.uk","  targets  ","located in"," the US can be as"
"futurelab.org.uk","  company  ","located in"," Surrey is"
"cygnus-books.co.uk","did a  movement  ","located in"," 19th century"
"action-tv.org.uk",", a  city  ","located in"," the populous"
"projects.ex.ac.uk","  Antichrist  ","located in"," Rome, and of"
"sundaymail.co.uk","by  grilles  ","located in"," the ceiling."
"neptunepinkfloyd.co.uk","  conversation  ","located in"," the mouth"
"mark-twain.classic-literature.co.uk","  heteroatoms  ","located in"," the"
"mark-twain.classic-literature.co.uk","  heteroatoms  ","located in"," the"
"pparc.ac.uk","  institutions  ","located in"," Berlin and the"
"pocket-lint.co.uk","  office  ","located in"," Place Rihour"
"allotment.org.uk"," ","located in"," Hackney,"
"essex.ac.uk","be the  courts  ","located in"," England. Last"
"phrases.org.uk","  entities  ","located in"," other"
"phrases.org.uk","  entities  ","located in"," other"
"crossrhythms.co.uk","4 star  hotel  ","located in"," the heart of"
"ucl.ac.uk","mass POW  grave  ","located in"," Jefferson"
"cnetwork.co.uk","  possessions  ","located in"," the Americas"
"televisionheaven.co.uk","every 5  hens  ","located in"," the dark"
"shop.earthscan.co.uk","of the  courts  ","located in"," the United"
"neptunepinkfloyd.co.uk","  villas  ","located in"," a quite area of"
"moviemail-online.co.uk",". mailcap  file  ","located in"," your home"
"earlymodernweb.org.uk","access to  PCs  ","located in"," rooms with"
"socialistunitynetwork.co.uk","  assistants  ","located in"," the centre. 32"
"jezuk.co.uk","  houses  ","located in"," the old"
"unixhelp.ed.ac.uk",", a TV  station  ","located in"," high rise"
"iansmith.co.uk","city  school  ","located in"," historic"
"unixhelp.ed.ac.uk","  complexes  ","located in"," various"
"unixhelp.ed.ac.uk","  buildings  ","located in"," downtown San"
"ciao.co.uk","  sites  ","located in"," Cacak,"
"policyhub.gov.uk","  camps  ","located in"," Germany? 4. )"
"imperial.ac.uk","class  hotel  ","located in"," the heart of"
"graigfarm.co.uk","control of a  PC  ","located in"," F1 ''s"
"southmanchesterreporter.co.uk","was a tin  mine  ","located in"," the Birch tor"
"kierenmccarthy.co.uk",". Are  vents  ","located in"," positions"
"skuds.co.uk","  village  ","located in"," the centre of"
"lrb.co.uk","  troponin-C  ","located in"," the thin"
"fortunecity.co.uk","stem  cells  ","located in"," the germinal"
"spamfo.co.uk","  companies  ","located in"," and outside"
"femalefirst.co.uk","housing  area  ","located in"," the"
"action-tv.org.uk","  businesses  ","located in"," the region."
"femalefirst.co.uk","naval  history  ","located in"," the Naval War"
"netlawman.co.uk","their own  guns  ","located in"," Carentan"
"mhra.org.uk","in a  campus  ","located in"," some"
"mhra.org.uk","in a  campus  ","located in"," some"
"bjr.org.uk","  company  ","located in"," Naples,"
"euro.gov.uk","  bookstore  ","located in"," Mexico."
"hm-treasury.gov.uk","  School  ","located in"," historic"
"undiscoveredscotland.co.uk","  residence  ","located in"," the quiet, but"
"admin.cam.ac.uk","and of  course  ","located in"," Luton Airport"
"chronomaster.co.uk","  laboratories  ","located in"," the Stopford"
"inminds.co.uk",". Lost  person  ","located in"," North Wales -"
"keoghs.co.uk","  restaurant  ","located in"," a small"
"pocket-lint.co.uk","naval  history  ","located in"," the Naval War"
"kingsholm-chronicle.org.uk","and  gardens  ","located in"," a peaceful"
"mailman.ic.ac.uk","and  breakfast  ","located in"," Scotland"
"big-brother.me.uk","  initiatives  ","located in"," Liverpool ''s"
"ioe.ac.uk","point  knife  ","located in"," the center of"
"televisionheaven.co.uk","Rye 3 * AA  hotel  ","located in"," the heart of"
"nutcote.demon.co.uk","  bridges  ","located in"," the western"
"news.zdnet.co.uk","  building  ","located in"," central"
"purr-n-fur.org.uk","(the  tendon  ","located in"," front of the"
"shop.earthscan.co.uk","  service  ","located in"," the Costa"
"shop.earthscan.co.uk","  company  ","located in"," the Costa"
"chart.ac.uk","noise  sources  ","located in"," an elevated"
"vet.ed.ac.uk","and  birch  ","located in"," sheltered"
"ogc.gov.uk","  hospital  ","located in"," the small"
"jedisparadise.co.uk","  tribunals  ","located in"," London, UK."
"subbrit.org.uk","family  book  ","located in"," the Record"
"ownersdirect.co.uk","  site  ","located in"," the eastern"
"music.york.ac.uk","state  courts  ","located in"," Orlando,"
"eif.co.uk","health  centre  ","located in"," Sudbury."
"armyoneverest.mod.uk","  Area  ","located in"," Chippenham."
"word-on-the-web.co.uk","  systems  ","located in"," buildings"
"intersites.co.uk","of my  bathroom  ","located in"," the basement."
"itma.org.uk","  microphone  ","located in"," an IP66"
"italian.classic-literature.co.uk","  classes  ","located in"," regular"
"maths.sussex.ac.uk","from a  station  ","located in"," Houston,"
"calderdale.gov.uk","  hardware  ","located in"," Rugby, their"
"crocus.co.uk","is the  camp  ","located in"," a protected"
"partnerships.org.uk","to  homes  ","located in"," significant"
"knowledgestorm.co.uk","with a  pathway  ","located in"," back allowing"
"num.org.uk","  facility  ","located in"," Cardiff Bay"
"uktsupport.co.uk","  resources  ","located in"," the UK"
"shu.ac.uk","a luxury  hotel  ","located in"," the heart of"
"edinburghfestivals.co.uk","and  galleries  ","located in"," the adjacent"
"epic.co.uk","coal  mine  ","located in"," Wangjiaqiao,"
"hfma.org.uk","pay  point  ","located in"," the entrance"
"onlinenews.warwickshire.police.uk","40,000  people  ","located in"," the Urals, was"
"wakefield.gov.uk","  buildings  ","located in"," a prime"
"periodproperty.co.uk","of a Dark  Star  ","located in"," another star"
"bornfree.org.uk","  machine  ","located in"," a cupboard off"
"diydoctor.org.uk","  distillery  ","located in"," Scotland and"
"bettybookmark.co.uk","to  customers  ","located in"," Japan. The new"
"bettybookmark.co.uk","  office  ","located in"," Nagoya, Japan"
"pigstock.co.uk","''  function  ","located in"," the in the on"
"comp.glam.ac.uk","  Empire  ","located in"," the crypt of St"
"ardue.org.uk","at three  sites  ","located in"," the UK,"
"synergy-health.co.uk","an  apartment  ","located in"," one of the"
"itma.org.uk","''  practices  ","located in"," case study"
"man.ac.uk","white  star  ","located in"," the left foot"
"inclusive.co.uk","the  examples  ","located in"," ''off the moor ''"
"educ.cam.ac.uk","  education  ","located in"," the United"
"letsgogardening.co.uk","grade  class  ","located in"," La Quinta, CA"
"esds.ac.uk","(PT), a  tissue  ","located in"," the stalk"
"forcesreunited.org.uk","coaching  inn  ","located In"," Great Dunmow,"
"theatreguidelondon.co.uk","enzyme  system  ","located in"," the"
"stagebeat.co.uk","armed  members  ","located in"," Azad Kashmir,"
"portakabin.co.uk","  processes  ","located in"," educational"
"primarycarecontracting.nhs.uk","to  homes  ","located in"," significant"
"icnorthwales.icnetwork.co.uk","  offices  ","located in"," London, New"
"ookami.co.uk"," ","located in"," SPRI. Polar"
"ookami.co.uk"," ","located in"," SPRI"
"fortawesome.co.uk","  bearings  ","located in"," the bacterial"
"fortawesome.co.uk","  troponin-C  ","located in"," the thin"
"lathes.co.uk","public  WLANs  ","located in"," airports,"
"bettybookmark.co.uk","  structure  ","located in"," a social and"
"diydoctor.org.uk","  facility  ","located in"," the"
"hcd2.bupa.co.uk","  projects  ","located in"," the Sagaing"
"housepricecrash.co.uk","''s  museum  ","located in"," Long Island"
"lancashire.police.uk","is an  enzyme  ","located in"," the small"
"thecornerhouse.org.uk","  fleamarket  ","located in"," the lower yard"
"educ.cam.ac.uk","phase  group  ","located in"," the"
"payaway.co.uk","  ruler  ","located in"," the 1st or 2nd"
"uce.ac.uk","to the  genes  ","located in"," the region but"
"exporteastofengland.org.uk","from  stars  ","located in"," a band south of"
"jazzscript.co.uk","  districts  ","located in"," contrasting"
"ilrt.bris.ac.uk","  laboratory  ","located in"," the Unilever"
"historylearningsite.co.uk","had my  heart  ","located in"," my left"
"mimas.ac.uk","  minaret  ","located in"," the"
"bectu.org.uk","by a  doorway  ","located in"," this"
"bridlingtontoday.co.uk","  features  ","located in"," other duns,"
"lhc.org.uk","  sanitarium  ","located in"," an isolated"
"careers.ed.ac.uk","area  networks  ","located in"," the same urban"
"harpercollins.co.uk","by  sensors  ","located in"," satellites"
"viva.org.uk","  sulphates  ","located in"," bovine and"
"blogigo.co.uk","  institutions  ","located in"," the city of"
"lag.org.uk","and  sources  ","located in"," previous"
"sherlock-holmes.classic-literature.co.uk","  file  ","located in"," your"
"vare.org.uk","of huge  stones  ","located in"," the middle of a"
"insolvency.gov.uk","  area  ","located in"," the"
"thetrousers.co.uk","  photography  ","Located in"," Bath, the"
"fairtrade.org.uk",".  Sungnyemun  ","located in"," the Korean"
"fairtrade.org.uk","is a  monument  ","located in"," Mumbai, India"
"publicservice.co.uk","hidden  secret  ","located in"," the heart of"
"newbusiness.co.uk","two  branches  ","located in"," the United"
"lsbu.ac.uk","all  customers  ","located in"," Japan are"
"bplans.co.uk","climbing  wall  ","located in"," the sports"
"musicfor2.co.uk","wall  fragment  ","located in"," the extreme"
"caa.co.uk","our  center  ","located in"," India."
"jardmail.co.uk","  plains  ","located in"," all South"
"blackpig.co.uk","  missionaries  ","located in"," Lagos, and"
"ventris.org.uk","a  confederate  ","located in"," the adjoining"
"thetrousers.co.uk","in a  school  ","located in"," a"
"thetrousers.co.uk","  school  ","located in"," a"
"bibic.org.uk","and  clubs  ","located in"," Aranjuez. Or"
"mandrake.demon.co.uk","  school  ","located in"," the historic"
"show.scot.nhs.uk","smog  chamber  ","located in"," Valencia,"
"tuc.org.uk","and  gardens  ","located in"," Canandaigua"
"maths.leeds.ac.uk","of the  range  ","located in"," the Austrian"
"mag.org.uk","binary  star  ","located in"," the armpit of"
"mkiobservatory.org.uk","  directory  ","located in"," the right hand"
"viva.org.uk","  school  ","located in"," quiet suburb,"
"jbe.gold.ac.uk","WT1  promoter  ","located in"," intron 1 has"
"warwickshire-wildlife-trust.org.uk","  club  ","located in"," Baltimore,"
"warwickshire-wildlife-trust.org.uk","private  club  ","located in"," St. Louis"
"bmic.co.uk","brown  dwarf  ","located in"," the southern"
"ardue.org.uk","for  clubs  ","located in"," the Middlesex"
"inclusive.co.uk","  business  ","located in"," south"
"newburytheatre.co.uk","''s  restaurant  ","located in"," the Lower East"
"law.cam.ac.uk","a small  group  ","located in"," Hampshire"
"amos-sct.org.uk","  parameter  ","located in"," the"
"amos-sct.org.uk","  parameter  ","located in"," the"
"onlineplayersassociation.co.uk","search  tool  ","located in"," the top LHS."
"coeliac.org.uk","  exchanges  ","located in"," the European """
"epic.co.uk","sized  shop  ","located in"," the town"
"redflag.org.uk","  hotel  ","located in"," this vicinity"
"esrcsocietytoday.ac.uk","  plains  ","located in"," all South"
"samoa.co.uk","picnic  tables  ","located in"," the shade of"
"musicfor2.co.uk","of  neurons  ","located in"," a part of the"
"reviews.zdnet.co.uk","of a test  unit  ","located in"," the V6 engine"
"theatre-wales.co.uk","  city  ","located in"," North East"
"biblicalstudies.org.uk","  file  ","located in"," the"
"biblicalstudies.org.uk","power  supply  ","located in"," the back of"
"biblicalstudies.org.uk","start-up  key  ","located in"," the top right"
"palimpsest.org.uk","to  material  ","located in"," the Reading"
"bectu.org.uk","  pouch  ","located in"," front of a bird"
"careers.ed.ac.uk","a similar  unit  ","located in"," the World"
"tvradiobits.co.uk","  laboratories  ","located in"," Europe in"
"phill.co.uk","A large  colony  ","located in"," Jazira near"
"phill.co.uk","  colonies  ","located in"," similar"
"themostannoyingsiteintheworld.co.uk","  butcher  ","located in"," the"
"olympics.org.uk",";  schemes  ","located in"," England only."
"olympics.org.uk",":  schemes  ","located in"," Northern"
"cafc.co.uk","  republic  ","located in"," the"
"panos.org.uk","Pullman  pub  ","located in"," the old"
"strath.ac.uk","media  company  ","located in"," Praha, Czech"
"the-fan.co.uk","  islands  ","located in"," a zone where"
"the-fan.co.uk"," ","located in"," tropical"
"completeoutdoors.co.uk","  development  ","located in"," a prime"
"diydoctor.org.uk","  hotel  ","located in"," the heart of"
"seethru.co.uk","bank  branch  ","located in"," Northern"
"silverprint.co.uk","main  displays  ","located in"," three"
"aslan.demon.co.uk","games  company  ","located in"," the Sheffield"
"magonia.demon.co.uk"," ","located in"," the canopy and"
"northlight-images.co.uk","state  courts  ","located in"," King County,"
"soundservice.co.uk","  plants  ","located in"," six US states"
"ifsdglasgow.co.uk",". bat  file  ","located in"," the Bootdisk"
"arts.ac.uk","to the  debate  ","located in"," the context of"
"arts.ac.uk","and  galleries  ","located in"," London"
"hadas.org.uk","(55  countries  ","located in"," the Caucasus,"
"officiallondontheatre.co.uk","  cottage  ","located in"," a village."
"thenewspaper.org.uk","  Office  ","located in"," the Research"
"experiencemad.co.uk","one  bathroom  ","located in"," the large"
"woodlands-junior.kent.sch.uk","on high  ground  ","located in"," the fork"
"selsdonbaptist.org.uk","  stores  ","located in"," the East"
"lamp.ac.uk","  warehouse  ","located in"," the south east"
"easygates.co.uk","  school  ","located in"," Madrid."
"selsdonbaptist.org.uk","  bank  ","located in"," Luxembourg,"
"boredramblings.co.uk","  Businesses  ","located in"," the Objective"
"partyoffers.co.uk","  jurisdiction  ","located in",""
"roymech.co.uk","  situations  ","located in"," time and space"
"tertiary.consoleroom.btinternet.co.uk","  archipelago  ","located in"," the central"
"thenortheast.fsnet.co.uk"," ","located in"," the Aoi"
"accomodata.co.uk","that  staff  ","located in"," Units may be of"
"malehealth.co.uk"," ","located in"," North America"
"g3pho.free-online.co.uk","arts  gallery  ","located in"," the centre of"
"preachtheword.co.uk","of  points  ","located in"," Information"
"crocus.co.uk","apply to  PCs  ","located in"," the Library,"
"crocus.co.uk","of  PCs  ","located in"," specialist"
"allaboutgames.co.uk","  apartment  ","located in"," central"
"penninewaterways.co.uk","sandy  islands  ","located in"," the Arabian"
"nic.uk","  file  ","located in"," the SuperMac"
"rmd.dft.gov.uk","for a  town  ","located in"," the heartland"
"surreypa.gov.uk","ITE  providers  ","located in"," multilingual"
"spa.ex.ac.uk","  countryside  ","located in"," the village"
"teachingenglish.org.uk","coal  mine  ","located in"," Wangjiaqiao,"
"davidlammy.co.uk","of  flats  ","located in"," older houses"
"payaway.co.uk",". The  venue  ","located in"," Murrayfield"
"vare.org.uk","of  flats  ","located in"," older houses"
"westyorkshire.police.uk","washing  area  ","located in"," a cave),"
"stories.the-times.co.uk","  monitors  ","located in"," the community"
"labour.org.uk","  community  ","located in"," Greenway"
"npl.co.uk","  operators  ","located in"," Europe,"
"thefword.org.uk","  libraries  ","located in"," larger public"
"thefword.org.uk","  libraries  ","located in"," larger public"
"onlinenews.warwickshire.police.uk","  excavation  ","located in"," the heart of"
"rafmuseum.org.uk","in  foci  ","located in"," or near"
"irmuk.co.uk","  provinces  ","located in"," the south and"
"crusaders.org.uk","  guesthouse  ","located in"," the heart of"
"sanctus1.co.uk","(  today  ","located in"," Chili) runs"
"mud.co.uk","a  provider  ","located in"," your area."
"newburytheatre.co.uk","  republic  ","located in"," central"
"hrionline.ac.uk","the  objects  ","located in"," a particular"
"citizenshipfoundation.org.uk","of  flats  ","located in"," older houses"
"fashionunited.co.uk","of the  store  ","located in"," a shopping"
"newstartmag.co.uk","-  Lighthouse  ","located in"," Poole is a"
"lhc.org.uk","to a  vendor  ","located in"," Los Angeles"
"epilepsy.org.uk","  museum  ","located in"," Gloucester"
"terramedia.co.uk","and  files  ","located in"," those folders"
"alt.ac.uk","a carbon  atom  ","located in"," the ring of the"
"alt.ac.uk","a carbon  atom  ","located in"," the ring. but"
"healthmatters.org.uk","southern  city  ","located in"," Chile, South"
"turkeyrealestate.co.uk","to the  grove  ","located in"," Ndiel, and"
"turkeyrealestate.co.uk","in the  grove  ","located in"," Tiket. Hamlet"
"link2exports.co.uk","a private  room  ","located in"," the west wing"
"lhc.org.uk","room  school  ","located in"," beautiful"
"newburytheatre.co.uk","of the  courts  ","located in"," the UK for any"
"beingmrkenny.co.uk","  structures  ","located in"," the dermis"
"geekz.co.uk",")  region  ","located in"," subdomain VII"
"comment.zdnet.co.uk","  monitors  ","located in"," the community"
"gerald-massey.org.uk","on a  throne  ","located in"," Malahide"
"cre.gov.uk","  neurons  ","located in"," the grey"
"oobaloo.co.uk","  fibroids  ","located in"," the cervix"
"clean-image.co.uk","  university  ","located in"," the city of"
"cofepow.org.uk","Morris  9H1EL  ","located in"," Rabat, Malta."
"les.man.ac.uk","is a  village  ","located in"," the Rhondda"
"recklessgardener.co.uk","a  waterscreen  ","located in"," the Regents"
"payaway.co.uk","second  gunman  ","located in"," front of"
"2step-garage.co.uk","fitness  pools  ","located in"," the Pool in the"
"aimhigher.ac.uk","the field  gun  ","located in"," Alexandra"
"sovereignty.org.uk","  school  ","located in"," some"
"century.guardian.co.uk","  hotel  ","located in"," the heart of"
"churchinwales.org.uk","the hard  copy  ","located in","). My current"
"livingonboats.co.uk","80 column  key  ","located in"," the down"
"networkdvd.co.uk","of  flats  ","located in"," older houses"
"sherlock-holmes.classic-literature.co.uk","  thinktank  ","located in"," Saratoga"
"princelyrics.co.uk","""  button  ","located in"," the right of"
"princelyrics.co.uk","Up ""  button  ","located in"," the centre at"
"princelyrics.co.uk","Login ""  button  ","located in"," the centre of"
"handicap-international.org.uk","''s  servers  ","located in"," Bermuda."
"lifesci.sussex.ac.uk","advice  pilots  ","located in"," Aberdeen,"
"jolt.co.uk","  fibroids  ","located in"," the lower part"
"healthscience.swansea.ac.uk","and  hostels  ","located in"," Bloomsbury or"
"roymech.co.uk","  populations  ","located in"," the crypts and"
"brake.org.uk","bank  branch  ","located in"," Northern"
"people.ex.ac.uk","of  works  ","located in"," the online"
"people.ex.ac.uk","  catalogue  ","located in"," the Map Room."
"sainsburysbank.co.uk","a  microwave  ","located in"," the unit."
"literacytrust.org.uk","  consultants  ","located in"," 34 countries,"
"ramagazine.org.uk",", as itâ?  ?s  ","located in"," a converted"
"mariners-l.co.uk","ten  mountains  ","located in"," this remote"
"obv.org.uk","  cinemas  ","located in"," the city"
"iomnet.org.uk","email Nice  pub  ","located in"," a quiet mews."
"nic.uk","  servants  ","located in"," the city; two"
"biop.ox.ac.uk","  kiosk  ","located in"," the V&A Shop."
"medinfo.co.uk","item  number  ","located in"," the"
"divinity.cam.ac.uk","of  theses  ","located in"," libraries are"
"sd-commission.org.uk","A  parish  ","located in"," the south east"
"airpistol.co.uk","  sites  ","located in"," the centre of"
"qaa.ac.uk","the  index  ","located in"," the online"
"cep.lse.ac.uk","dive  centre  ","located in"," the exclusive"
"poetrymagazines.org.uk","dog  school  ","located in"," New England"
"poetrymagazines.org.uk","  organization  ","located in"," Princeton, MA"
"esds.ac.uk","Center  icon  ","located in"," the task bar."
"the-philosopher.co.uk","the blind  Boys  ","located in",""
"hazelden.org.uk",", (3) hog  farms  ","located in"," close"
"hazelden.org.uk","for  farms  ","located in"," fragile"
"vue.org.uk","  plant  ","located in"," the heart of"
"artscentral.co.uk","  company  ","located in"," India. 7. Your"
"mara.org.uk","of  flats  ","located in"," older houses"
"thamesweb.co.uk",",  offices  ","located in"," London,"
"pearsoned.co.uk","of  signifiers  ","located in"," language"
"roehampton.ac.uk","  contractors  ","located in"," community"
"channings.co.uk","of  aircraft  ","located in"," the UK. """
"aeroflight.co.uk",")  branches  ","located in"," the"
"mastersgames.co.uk","  company  ","located in"," India. 7. Your"
"8ball.co.uk","  schools  ","located in"," Milan,"
"liverpoolwomenshospital.nhs.uk","Aceh  movement  ","located in"," the Aceh"
"lums.lancs.ac.uk","; Any  planets  ","located in"," the 2nd house."
"bures-online.co.uk","of  flats  ","located in"," older houses"
"hcd2.bupa.co.uk","by  countries  ","located in"," the North."
"ice.org.uk","  offices  ","located in"," Indonesia,"
"businessbureau-uk.co.uk","  ones  ","located in"," Frankfurt ("
"voice-online.co.uk","other  planets  ","located in"," that house as"
"ayrshirehistory.org.uk","with a  nursery  ","located in"," the drum"
"rob.annable.co.uk","main  centres  ","located in"," the UK,"
"golgotha.org.uk","of  computers  ","located in",", and owned by,"
"scottishweddingdirectory.co.uk","  hotel  ","located in"," the heart of"
"colley.co.uk","  kistvaens  ","located in"," the valley and"
"socresonline.org.uk","  school  ","located in"," Garnethill, a"
"handicap-international.org.uk","lift  engines  ","located in"," the forward"
"motoring.independent.co.uk","are  resorts  ","located in"," Spain, Egypt"
"fluke-motorsport.co.uk","a large  screen  ","located in"," the front of"
"carnegiegreenaway.org.uk","second  engine  ","located in"," the rear"
"sudokuz.co.uk","much  asbestos  ","located in"," local"
"varley9.freeserve.co.uk","four  lakes  ","located in"," the city, the"
"foundationtv.co.uk","  property  ","located in"," the historic"
"lang.ltsn.ac.uk","in  warehouses  ","located in"," Liverpool,"
"adriandenning.co.uk","  pathologists  ","located in"," Australia,"
"teachingenglish.org.uk",". The club  id  ","located in"," the Winson"
"carmarthenshire.gov.uk","an old  temple  ","located in"," peaceful and"
"zx81.org.uk","avatars ""  link  ","located in"," My Profile"
"richard.clark32.btinternet.co.uk","deluxe  hotel  ","located in"," seven acres of"
"lang.ltsn.ac.uk","  worlds  ","located in"," the temperate"
"lincs.police.uk","  headquarters  ","located in"," respective"
"coinet.org.uk","and  airfields  ","located in"," Myanmar ("
"rafmuseum.org.uk","loan  section  ","located in"," the centre of"
"comment.zdnet.co.uk","  schools  ","located in"," an industrial"
"scope.nottingham.ac.uk","  applications  ","located in"," other"
"gmgplc.co.uk","toilet  block  ","located in"," the middle of"
"diabetesdialogue.org.uk",", with a  jewel  ","located in"," each of its"
"helo.co.uk","head  office  ","located in"," Colombo, Sri"
"p-jones.demon.co.uk","  nation  ","located in"," southern"
"royalpioneercorps.co.uk","time to  time  ","located in"," a country"
"itgovernance.co.uk","a set of  points  ","located in"," a small square"
"scottishweddingdirectory.co.uk","  farmers  ","located in"," the South West"
"educ.cam.ac.uk","with  students  ","located in"," distant"
"stone.newton.cam.ac.uk","  pockets  ","located in"," the lid. No"
"gammassl.co.uk","size of a  fist  ","located in"," the middle of"
"churchinwales.org.uk","Sunbed  cabins  ","located in"," the Health"
"publications.oxfam.org.uk","was  authority  ","located in"," early modern"
"monologues.co.uk","snack  bar  ","located in"," the car park."
"backroadstouring.co.uk","''s  servers  ","located in"," Bermuda."
"liverweb.org.uk","  amplifier  ","located in"," the loft (with"
"tlc-direct.co.uk","a large  organ  ","located in"," the abdomen,"
"durhamcathedral.co.uk","black  ropes  ","located in"," the foyer of"
"osj.org.uk","by a Zara  store  ","located in"," a shopping"
"midleykent.fsnet.co.uk","  hotel  ","located in"," the heart of"
"gothicimage.co.uk","  position  ","located in"," a relatively"
"aspirations.english.cam.ac.uk","ski  resorts  ","located in"," many"
"ogormans.co.uk","  dealership  ","located in"," a small town."
"isleofwightwalkingfestival.co.uk",", a  town  ","located in"," Lancashire,"
"alt.ac.uk","  company  ","located in"," India. 7. Your"
"ukcorporator.co.uk","and  companies  ","located in"," the"
"voa.gov.uk","  proteins  ","located in"," human late"
"2step-garage.co.uk","  facility  ","located in"," Manchester."
"ppewww.ph.gla.ac.uk","  specialist  ","located in"," Belfast with"
"ppewww.ph.gla.ac.uk","  business  ","located in"," the North of"
"edinburghfestivals.co.uk","City  tower  ","Located in"," the heart of"
"edinburghfestivals.co.uk","  staff  ","located in"," our Glasgow"
"voa.gov.uk","  joystick  ","located in"," the arm of your"
"thenortheast.fsnet.co.uk","  people  ","located in"," the south and"
"res.org.uk","me an  offer  ","Located in"," Atlanta, ga"
"bures-online.co.uk","diesel  engine  ","located in"," the stern ("
"cherryred.co.uk","  company  ","located in"," Nicaragua and"
"spazmonkey.co.uk","and  equipment  ","located in"," the Medical"
"irmuk.co.uk","  breeder  ","located in"," the UK. I breed"
"magictricks.co.uk","  house  ","located in"," a quiet lane in"
"magictricks.co.uk","private  pool  ","located in"," beautiful"
"businessbureau-uk.co.uk",": - A  property  ","located in"," Yorkshire &"
"businessbureau-uk.co.uk",": - A  property  ","located in"," Yorkshire &"
"woodlands-junior.kent.sch.uk","  parties  ","located in"," the centre;"
"geologywales.co.uk","  companies  ","located in"," assisted"
"sphericalbowl.co.uk","for our  client  ","located in"," Basingstoke,"
"ziggyart.co.uk","  service  ","located in"," Windsor,"
"twgraduates.co.uk","Urban  site  ","located in"," Longwall"
"youclaim.co.uk","  community  ","located in"," Wycombe"
"islamic-college.ac.uk","  resort  ","located in"," the Parish of"
"epic.co.uk","  ones  ","located in"," Frankfurt ("
"eco.co.uk","  fellowships  ","located in"," the left menu."
"john.pettigrew.org.uk","  profession  ","located in"," Sweden,"
"lib.gla.ac.uk","to  homes  ","located in"," significant"
"cssplay.co.uk",". This  station  ","located in"," a desolate"
"fanderson.org.uk",":  schemes  ","located in"," Northern"
"poetrymagic.co.uk","  attraction  ","located in"," the Piazza"
"star-www.st-and.ac.uk",". These  photos  ","located in"," albums are"
"petplanet.co.uk","168  planes  ","located in"," the area - the"
"voicetraining.co.uk","coal  mine  ","located in"," Yongshan"
"redking.co.uk","and  shop  ","located in"," a charming"
"iomnet.org.uk","an old  quarry  ","located in"," the heart of"
"neptunepinkfloyd.co.uk","beds.  Lodging  ","located in"," the game"
"daydreamnation.co.uk","  conversion  ","located in"," a peaceful"
"omni.ac.uk",". Away  fans  ","located in"," the John"
"outdoormegastore.co.uk",".  Businesses  ","located in"," deprived"
"mystical-www.co.uk","  places  ","located in"," center, metro"
"furthermore.org.uk","small  units  ","located in"," the UK and"
"buildingdesign.co.uk","for  farms  ","located in"," remote areas"
"the-fan.co.uk","  cottage  ","located in"," El Tanque, a"
"thamesmatch.co.uk","of all  objects  ","located in"," the permanent"
"cwn.org.uk","Water  Reactor  ","located in"," Suffolk. This"
"smoothhound.co.uk","small  cattery  ","located in"," Scotland, 20"
"web.staffs.ac.uk","coal  mine  ","located in"," Longyan ''s"
"uea.ac.uk","  school  ","located in"," a delightful"
"cep.lse.ac.uk","  organisation  ","located in"," the UK. How do"
"j-sainsbury.co.uk","  headquarters  ","located in"," Washington,"
"www-same.dur.ac.uk","  software  ","located in"," the printer,"
"amd.uwe.ac.uk","a  launderette  ","located in"," the main"
"vet.ed.ac.uk","  guide  ","located in"," chapter six of"
"vet.ed.ac.uk","  guide  ","located in"," chapter six of"
"gardenorganic.org.uk","some  cameras  ","located in"," residential"
"shu.ac.uk","with sea  views  ","located in"," Los Mojones, a"
"cheltenham.gov.uk","of all  objects  ","located in"," the permanent"
"thompsons.law.co.uk",". mailcap  file  ","located in"," your home"
"microscopy-uk.org.uk","40,000  people  ","located in"," the Urals, was"
"theweddingnetwork.co.uk","  hotel  ","located in"," this vicinity"
"scotcourts.gov.uk","as the  farmer  ","located in"," his/ her"
"dvd.reviewer.co.uk",". The  projects  ","located in"," South-East"
"exeter.ac.uk","  sensors  ","located In"," the crumple"
"vam.ac.uk","  university  ","located in"," Elmira, New"
"uclan.ac.uk","of the  crop  ","located in"," small ridges"
"gre.ac.uk","in the  courts  ","located in"," the Judicial"
"shop.gameplay.co.uk","of  projects  ","located in"," Protestant"
"shop.gameplay.co.uk","  projects  ","located in"," the area was"
"shop.gameplay.co.uk","  projects  ","located in"," Protestant"
"shop.gameplay.co.uk","202  projects  ","located in"," Catholic"
"shop.gameplay.co.uk","of  projects  ","located in"," these areas"
"shop.gameplay.co.uk","  projects  ","located in"," this area."
"natwest.co.uk","  haven  ","located in"," tranquil"
"pkf.co.uk","Utility  tab  ","located in"," your printer"
"pkf.co.uk","my pages ''  link  ","located in"," the top left"
"uclan.ac.uk","  enthusiast  ","located in"," Amsterdam who"
"completeoutdoors.co.uk","  station  ","located in"," the heart of"
"spuc.org.uk","  monitor  ","located in"," the custody"
"spuc.org.uk","the  camera  ","located in"," each cell. The"
"spuc.org.uk",". CCTV  cameras  ","located in"," the common"
"lincoln.ac.uk","  software  ","located in"," the printer,"
"geraldengland.co.uk","by  persons  ","located in"," the UK and"
"msm.cam.ac.uk","City  centre  ","located in"," beautifully"
"southwestrda.org.uk","  hotel  ","located in"," the heart of"
"trinitycollege.co.uk","  refinery  ","located in"," the centre of"
"era.anthropology.ac.uk","  city  ","located in"," the midst of"
"pensionsworld.co.uk","""  documents  ","located in"," a separate"
"fuk.co.uk","  receptors  ","located in"," brown fat."
"www1.indymedia.org.uk","  finishers  ","located in"," the lowlands,"
"mgcars.org.uk","  company  ","located in"," Linfen city,"
"governornet.co.uk","8,000  staff  ","located in"," offices in"
"geog.le.ac.uk","in  companies  ","located in"," New TSN areas"
"geog.le.ac.uk","in  companies  ","located in"," New TSN areas"
"adeptscience.co.uk","  organisation  ","located in"," southern"
"money.independent.co.uk","port  project  ","located in"," the eastern"
"artshole.co.uk","and  galleries  ","located in"," London"
"ownersdirect.co.uk","Swimming  pool  ","located in"," extensive"
"orcadian.co.uk","use  mines  ","located in"," Heerlen in the"
"dvd.reviewer.co.uk","or  cafes  ","located in"," or near the"
"nationalarchives.gov.uk","  Buddhists  ","located in"," Sydney is a"
"surreycc.gov.uk","coal  mine  ","located in"," Wangjiaqiao,"
"nao.org.uk","  information  ","located in"," a"
"ati.surrey.ac.uk","  medicine  ","located in"," the George"
"gla.ac.uk","shared  pool  ","located in"," the bright and"
"skiptonweb.co.uk","  ones  ","located in"," Frankfurt ("
"digitalspy.co.uk","  Photographer  ","located in"," Louisville,"
"man.ac.uk","all three  vets  ","located in"," our town."
"www-users.york.ac.uk","  environment  ","located in"," the global"
"itchyyork.co.uk","of  scientists  ","located in"," the"
"eternalnight.co.uk","  Squadrons  ","located in"," Germany,"
"microscopy-uk.org.uk","  software  ","located in"," the snowy"
"weddingguide.co.uk","  industry  ","located in"," Ireland and"
"giveusahome.co.uk","if the  planet  ","located in"," the fixed sign"
"edietsuk.co.uk","a padlock  icon  ","located in"," the bottom"
"jazzscript.co.uk",";  electrons  ","located in"," molecular"
"literacytrust.org.uk","in the  shelter  ","located in"," the GEC"
"comedycv.co.uk","  filtration  ","Located in"," the village of"
"library.nhs.uk","""  modes  ","located in",""
"comedycv.co.uk","Eden  Project  ","located in"," Cornwall is"
"met.police.uk","works to  trees  ","located in"," a"
"exporteastofengland.org.uk","8c (the  latter  ","located in"," the N-F region"
"itchyyork.co.uk","CICS  printers  ","located in"," the Lewin room"
"uea.ac.uk","  University  ","located in"," a historic"
"f1comp.co.uk","bedroom  house  ","located in"," the heart of"
"scotcourts.gov.uk","Frum  Atrium  ","located in"," the heart of"
"intersites.co.uk","to  businesses  ","located in"," defined areas"
"historylearningsite.co.uk","  reactor  ","located in"," the Royal"
"blog.ctrlbreak.co.uk","  riding  ","located in"," Soutern Rhode"
"smoothhound.co.uk","and  files  ","located in"," those folders"
"uce.ac.uk","apply to  PCs  ","located in"," the Library,"
"uce.ac.uk","of  PCs  ","located in"," specialist"
"welhat.gov.uk","well as  lines  ","located in"," parallel"
"digitalspy.co.uk","up  services  ","located in"," established"
"msn.netdoctor.co.uk","village  house  ","located in"," the Sierra"
"sfeu.ac.uk","is by  ramps  ","located in"," narrow"
"buildingdesign.co.uk","  farmhouse  ","located in"," the small"
"libdems.org.uk","  kingdoms  ","located in"," the modern"
"orcadian.co.uk","  headquarters  ","located in"," Washington,"
"rafmuseum.org.uk","and  gardens  ","located in"," a peaceful"
"met.police.uk","new  dwellings  ","located in"," the"
"eternalnight.co.uk","of the  centre  ","located in"," Arteixo (A"
"makemyvotecount.org.uk",":  Villages  ","located in"," and near"
"avreview.co.uk","  hectares  ","located in"," central"
"msn.netdoctor.co.uk","of  buildings  ","located in"," the northern"
"machinery.co.uk","  Bodhisattva  ","located in"," the between of"
"bsactravelclub.co.uk","  facility  ","located in"," the city"
"charleswells.co.uk","built  studio  ","located in"," the Main"
"insolvency.gov.uk","  facilities  ","located in"," Germany and in"
"met.police.uk","  rockshelter  ","located in"," the Georgian"
"maths.leeds.ac.uk","and  parades  ","located in"," the upper"
"chaosscience.org.uk","  enterprises  ","located in"," the region,"
"word-on-the-web.co.uk","  parameter  ","located in"," the"
"word-on-the-web.co.uk","  parameter  ","located in"," the"
"socresonline.org.uk","  plants  ","located in"," six US states"
"football.co.uk","  bodies  ","located in"," the regions"
"cedr.co.uk","  list  ","located in"," the left pane."
"microscopy-uk.org.uk","  completion  ","located in"," the margins"
"bmb.leeds.ac.uk","  sites  ","located in"," the northern"
"niftc.co.uk","  townhouse  ","located in"," the Barrio de"
"bond.org.uk","  field  ","located in"," Payroll"
"olympics.org.uk","  MNCs  ","located in"," the UK. A range"
"cwn.org.uk","  outpost  ","located in"," the frontier"
"weddingguide.co.uk","  farmhouse  ","located in"," the bustling"
"primaryresources.co.uk","red  paintings  ","located in"," open-air"
"localhistory.scit.wlv.ac.uk",".  Butterfish  ","located in"," Loch Creran,"
"orcadian.co.uk","  households  ","located in"," Paulsgrove"
"mountaineering-scotland.org.uk","  teams  ","located in"," one country"
"comedycv.co.uk","  bodies  ","located in"," the"
"bsactravelclub.co.uk","art  facility  ","located in"," Rio Rico,"
"library.stir.ac.uk","has  bases  ","located in"," the cities,"
"primaryresources.co.uk","air  scoop  ","located in"," the middle of"
"vam.ac.uk","30  hectares  ","located in"," the Rouj Basin"
"archaeology.co.uk","  systems  ","located in"," the plant room"
"literacytrust.org.uk","well as  lines  ","located in"," parallel"
"churchinwales.org.uk","  persona  ","located in"," a dream"
"cheltenham.gov.uk","to any  church  ","located in"," a town centre."
"citizenshipfoundation.org.uk","is such a  file  ","located in"," the user ''s/"
"vmg.co.uk","  field  ","located in"," the foothills"
"word-on-the-web.co.uk","  cottage  ","located in"," the beautiful"
"word-on-the-web.co.uk","  dwelling  ","located in"," the new"
"uclan.ac.uk","obsidian  zone  ","located in"," the southern"
"historylearningsite.co.uk","Hardware  icon  ","located in"," the Control"
"buildingdesign.co.uk",",  Wapping  ","Located in"," the centre of"
"bournemouth.gov.uk","  DNA  ","located in"," an organelle"
"socresonline.org.uk","  houses  ","located in"," the Old"
"squashsite.co.uk","five  centres  ","located in"," and around"
"forcesreunited.org.uk","  respondents  ","located in"," professional"
"borkowski.co.uk","Hardware  icon  ","located in"," the Control"
"bmb.leeds.ac.uk","from  someone  ","located in"," a university"
"cinemas-online.co.uk","40 dive  sites  ","located in"," the Marine"
"unitedrant.co.uk","? flower  shop  ","located in"," a large"
"dh.gov.uk","key  Touchpad  ","located in"," centre of palm"
"homeoffice.gov.uk","  resort  ","located in"," South Nags"
"homeoffice.gov.uk","  timeshare  ","located in"," beautiful"
"homeoffice.gov.uk",". -  Timeshare  ","located in"," Oconomowoc,"
"mimas.ac.uk","5,000  plants  ","located in"," 60 countries"
"korguksupport.co.uk","American  film  ","located in"," the"
"armedforces.co.uk","acid  residues  ","located in"," the carboxy"
"microscopy-uk.org.uk","of glial  cells  ","located in"," white matter)"
"diabetes.org.uk","18 MW CHP  plant  ","located in"," Bury, UK is"
"insolvency.gov.uk",") of 74  acres  ","located in"," a pristine"
"themostannoyingsiteintheworld.co.uk","  clusters  ","located in"," Southsea,"
"www-same.dur.ac.uk","- and of  course  ","located in"," the wonderful"
"music.york.ac.uk","  hotel  ","located in"," a quiet"
"historylearningsite.co.uk","  laboratory  ","located in"," Tepeaca."
"artshole.co.uk","  bedrooms  ","Located in"," a picturesque"
"practicalpc.co.uk","£5m  venue  ","located in"," the "" new city """
"talyllyn.co.uk","  staff  ","located in"," offices in"
"turkeyrealestate.co.uk","many  students  ","located in"," FEIs because"
"publications.oxfam.org.uk","5  dioceses  ","located in"," different"
"psi.org.uk","test  code  ","located in"," bb-network."
"psi.org.uk","test  code  ","located in"," bb-network."
"psi.org.uk","test  code  ","located in"," bb-network."
"hartjournals.co.uk","£8.5m  venue  ","located in"," the centre of"
"insolvency.gov.uk","was an  eyesore  ","located in"," the heart of"
"word-on-the-web.co.uk","  developments  ","located in"," Basingstoke."
"avtalk.co.uk","lobed  testes  ","located in"," tandem below"
"library.stir.ac.uk","space  areas  ","located in"," the towns of"
"canterbury.ac.uk","over 100  staff  ","located in"," Ireland,"
"essex.police.uk","  exchange  ","located in"," the user ''s"
"reviews.zdnet.co.uk","  description  ","Located in"," a quiet"
"motoring.independent.co.uk","and  venues  ","located in"," the heart of"
"holidaylettings.co.uk","''s  pool  ","located in"," the centre of"
"literacytrust.org.uk","fourth  lawn  ","located in"," a picturesque"
"a-day-in-the-life.powys.org.uk","the  assets  ","located in"," that other"
"thefword.org.uk","  unit  ","located in"," the Chennai"
"money.independent.co.uk","200  stores  ","located in"," twelve"
"money.independent.co.uk","of the  centre  ","located in"," Arteixo (A"
"cherryred.co.uk","biblical  art  ","located in"," your local or"
"onlinenews.warwickshire.police.uk","director  post  ","located in"," the RDA ''s"
"croquet.org.uk","  archipelago  ","located in"," the Atlantic,"
"whom.co.uk","swimming  pool  ","located in"," the South of"
"stand-alone.co.uk","Hardware  icon  ","located in"," the Control"
"members.lycos.co.uk","swimming  pool  ","located in"," the South of"
"bsacforum.co.uk","of  expertise  ","located in"," different"
"princelyrics.co.uk","  region  ","Located in"," San Jaime the"
"princelyrics.co.uk","  machine  ","located in"," separate"
"cedr.co.uk","All the  awards  ","located in"," the Institute"
"croydoncavingclub.org.uk","  businesses  ","located in"," New York and"
"museums.ncl.ac.uk","to  businesses  ","located in"," rural areas"
"lathes.co.uk","the first  shop  ","located in"," Broughty"
"rail-reg.gov.uk","  houses  ","located in"," the Old"
"caledonian.ac.uk"," ","located in"," 60 countries"
"homeoffice.gov.uk","£8.5m  venue  ","located in"," the centre of"
"epic.co.uk","Hardware  icon  ","located in"," the Control"
"chem.leeds.ac.uk","  laboratories  ","located in"," the Science"
"peta.org.uk","Hardware  icon  ","located in"," the Control"
"smoothhound.co.uk",".  School  ","located in"," UK. About Me"
"spuc.org.uk","and  park  ","located in"," Berks County,"
"vmg.co.uk","American  film  ","located in"," the"
"eastman.ucl.ac.uk",".  Offices  ","located in"," Swansea"
"word-on-the-web.co.uk","  area  ","Located in"," Perth Western"
"mgcars.org.uk","  development  ","located in"," a prime"
"princes-trust.org.uk","  businesses  ","located in"," town centres"
"sfeu.ac.uk","of  astrocytes  ","located in"," the white"
"sfeu.ac.uk","motor  neurons  ","located in"," the ventral"
"sfeu.ac.uk","motor  neurons  ","located in"," ventral horn."
"sfeu.ac.uk","motor  neuron  ","located in"," the body of"
"ex-canaries.co.uk","  base  ","located in"," Scotland,"
"lincoln.ac.uk","  libraries  ","located in"," London."
"spuc.org.uk","about  tools  ","located in"," it and is"
"fashionunited.co.uk","V6 VTEC  engine  ","located in"," the middle. It"
"pfc.org.uk","- A  program  ","located in"," Nanjing,"
"drps.ed.ac.uk","a tuft of  hairs  ","located in"," the middle."
"exeter.ac.uk","on 11  stores  ","located in"," Arkansas,"
"healthmatters.org.uk","dive  centre  ","located in"," Matagorda -"
"new-agri.co.uk","  region  ","Located in"," Southern"
"bexley.gov.uk","market  towns  ","located in"," North Devon."
"bexley.gov.uk","are  towns  ","located in"," Cornwall ''s"
"ookami.co.uk","  attacker  ","located in"," a vulnerable"
"exeter.ac.uk","popular  show  ","located in"," Las Vegas,"
"historylearningsite.co.uk","sandwich  bar  ","located in"," Bristol ''s"
"tutorials.beginners.co.uk",":  Pharmacies  ","located in"," shopping"
"bcentral.co.uk","family  base  ","located in"," a magical"
"lsbu.ac.uk","of, a  person  ","located in"," a Loan Note"
"bridlingtontoday.co.uk","family  base  ","located in"," a magical"
"turkeyrealestate.co.uk","a blood  vessel  ","located in"," the front of"
"turkeyrealestate.co.uk","blood  vessel  ","located in"," the front of"
"eastman.ucl.ac.uk","tungsten  bulb  ","located in"," a lamp house"
"partnerships.org.uk","and  websites  ","located in"," other subject"
"virgintrains.co.uk","seminar  rooms  ","located in"," Senate House,"
"money.independent.co.uk","in a  hostel  ","located in"," a 16 th"
"lancs.ac.uk","  gland  ","located in"," the front of"
"macdonaldhotels.co.uk","site,  clinic  ","located in"," Plantation,"
"antarctica.ac.uk","for any  string  ","located in"," the body of a"
"fametastic.co.uk","  company  ","located in"," the"
"nervous.co.uk","packing  units  ","located in"," close"
"library.stir.ac.uk",",  offices  ","located in"," London,"
"motorbike-search-engine.co.uk","  organization  ","located in"," Mountain View"
"iserv.abertay.ac.uk","new  apartment  ","located in"," the heart of"
"iserv.abertay.ac.uk","  apartment  ","located in"," a quiet and"
"holidaylettings.co.uk","  technologies  ","located in"," Birmingham"
"forum.thebears.co.uk","  cinemas  ","located in"," one ''s of its"
"a-day-in-the-life.powys.org.uk"," ","located in"," 7 different"
"microscopy-uk.org.uk","  controller  ","located in"," each official"
"microscopy-uk.org.uk","The  Service  ","located in"," Technical"
"essex.police.uk","  property  ","located in"," 3.5 acres of"
"epic.co.uk","  apartment  ","located in"," the heart of"
"epic.co.uk","  apartments  ","located in"," the exclusive"
"members.lycos.co.uk","so the  carwash  ","located in"," a built-up"
"healthscience.swansea.ac.uk","  centres  ","located in"," EAZs and on the"
"num.org.uk","  subseries  ","located in"," the Dataset"
"fashionunited.co.uk","  chalet  ","located in"," Ca´n Picafort"
"aimhigher.ac.uk","''s  centres  ","located in"," the poorest"
"theatreguidelondon.co.uk","Hill,  Wapping  ","Located in"," the City of"
"newworknetwork.org.uk",".  Customers  ","located in"," those"
"olympics.org.uk","  property  ","located in"," 3.5 acres of"
"jazzscript.co.uk","(  entrance  ","located in"," the corner of"
"e-epilepsy.org.uk","  facilities  ","located in"," France,"
"jesushouse.org.uk","  apartments  ","located in"," a prestigious"
"sundog.clara.co.uk","control of a  PC  ","located in"," F1 ''s"
"orcadian.co.uk","  apartments  ","located in"," a private"
"new-agri.co.uk","to  homes  ","located in"," significant"
"ymss.org.uk","  property  ","located in"," 3.5 acres of"
"nao.org.uk","''s  PCs  ","located in"," offices that"
"nao.org.uk","''s  PCs  ","located in"," an open,"
"accomodata.co.uk","  villa  ","located in"," the lovely"
"staffs.ac.uk","  university  ","located in"," the city of"
"rail-reg.go.uk","via a  lift  ","located in"," a central"
"welhat.gov.uk","of  feeling  ","located in"," place"
"ifsdglasgow.co.uk","supplier  base  ","located in"," the UK, Europe"
"tvradiobits.co.uk","  apartments  ","located in"," the exclusive"
"scotcourts.gov.uk","3-star  hotel  ","located in"," an attractive"
"scotcourts.gov.uk","  hotel  ","located in"," Clifton,"
"scotcourts.gov.uk","Pleasant  B&B  ","located in"," Hotwells ("
"jbe.gold.ac.uk","  researchers  ","located in"," other parts of"
"pfc.org.uk","from the  child  ","located in"," different"
"skyscript.co.uk","  houses  ","located in"," Hatfield and"
"blogigo.co.uk",".  Clinic  ","located in"," San Francisco"
"collectbritain.co.uk","for  students  ","located in"," multiple"
"cs.le.ac.uk","  households  ","located in"," Paulsgrove"
"scips.worc.ac.uk","- Herb  nursery  ","located in"," Barnegat, New"
"ccw.gov.uk","Hill,  Wapping  ","Located in"," the City of"
"library.stir.ac.uk","machine  shop  ","located in"," the"
"easyweb.easynet.co.uk","  hotel  ","located in"," the heart of"
"shu.ac.uk","),  offices  ","located in"," London,"
"marlab.ac.uk","  businesses  ","located in"," the area."
"thefword.org.uk","/  outlets  ","located in"," different"
"armedforces.co.uk","of, a  person  ","located in"," a Loan Note"
"earthscan.co.uk","  aperture  ","located in"," the center ("
"mda.org.uk","village  house  ","located in"," the historic"
"mda.org.uk","stone  house  ","located in"," the foothills"
"money.independent.co.uk","small  hotel  ","located in"," the beautiful"
"vam.ac.uk","  riding  ","located in"," Soutern Rhode"
"glaucus.org.uk","now have a  shop  ","located in"," Walsall, in"
"carmarthenshire.gov.uk","  company  ","located in"," Chalfont St"
"colerainebc.gov.uk","  estate  ","located in"," the heart of"
"eco.co.uk","with  schools  ","located in"," their centre."
"ids.ac.uk","call  number  ","located in"," another field"
"ah.brookes.ac.uk","of  rooms  ","located in"," the"
"uea.ac.uk","Safety  Units  ","located in"," each of our 32"
"mountaineering-scotland.org.uk",") (i. e.  units  ","located in"," institutions"
"wycombe.gov.uk",".  Teahouse  ","located in"," Alberta,"
"res.org.uk","  position  ","located in"," a relatively"
"res.org.uk","  hotel  ","located in"," central"
"article19.co.uk","Allied  troops  ","located in"," Western"
"princelyrics.co.uk","Hill,  Wapping  ","Located in"," the City of"
"healthmatters.org.uk","Hill,  Wapping  ","Located in"," the City of"
"proquest.co.uk","  station  ","located in"," the old"
"hartjournals.co.uk",": 2  tickets  ","Located in"," Exclusive"
"princelyrics.co.uk","in the  fields  ","located in"," the left"
"sickthingsuk.co.uk","  village  ","located in"," the Durmitor"
"vet.ed.ac.uk","- i. e.  units  ","located in"," institutions"
"thefword.org.uk",". Many  schools  ","located in"," areas with low"
"members.lycos.co.uk","  project  ","located in"," Ndola of"
"unitedrant.co.uk"," ","located in"," this field?"
"iiss.org.uk","  community  ","located in"," Wycombe"
"buyagift.co.uk","  institutions  ","located in"," Member States"
"edinburghfestivals.co.uk","  tower  ","located in"," the Northern"
"healthscience.swansea.ac.uk","  boards  ","located in"," the bunker. A"
"nimr.mrc.ac.uk","and  events  ","located in"," and around"
"sanctus1.co.uk","  hotel  ","located in"," the heart of"
"nao.org.uk",") (i. e.  units  ","located in"," institutions"
"eco.co.uk","  activity  ","located in"," Fine Art,"
"wolseyartgallery.org.uk","Catalan  farm  ","located in"," a peaceful"
"age-net.co.uk","coaching  inn  ","located In"," Great Dunmow,"
"crocus.co.uk","all  timing  ","located in"," a remotely"
"thamesweb.co.uk","  program  ","located in"," southern"
"epic.co.uk","farm  house  ","located in"," a secluded"
"people.co.uk","third  eye  ","located in"," the centre of"
"lsbu.ac.uk","  hotel  ","located in"," the heart of"
"petplanet.co.uk","Catalan  farm  ","located in"," a peaceful"
"petplanet.co.uk","bedroom  house  ","located in"," a small"
"eng.bham.ac.uk","wind  farms  ","located in"," India as"
"man.ac.uk","  ministry  ","located in"," Chennai,"
"ex-canaries.co.uk","the Nurse  Unit  ","located in"," the Reception"
"cinemas-online.co.uk","  position  ","located in"," a relatively"
"shu.ac.uk","  craftspeople  ","located in"," publicly"
"legendarydartmoor.co.uk","  position  ","located in"," a relatively"
"lonympics.co.uk"," ","located in"," the house."
"exeter-airport.co.uk","  areas  ","located in"," the Roof Top"
"realclassic.co.uk","a  computer  ","located in"," their own home"
"jazzscript.co.uk","  groups  ","located in"," the western"
"seethru.co.uk","  option  ","located in"," the Options"
"aimhigher.ac.uk","of, a  person  ","located in"," Canada,"
"edinburghfestivals.co.uk","  attacker  ","located in"," a vulnerable"
"skyscript.co.uk","a sector  post  ","located in"," the lower"
"tvradiobits.co.uk","  institutions  ","located in"," the UK, Europe"
"staffs.ac.uk","  staff  ","located in"," small firms,"
"spuc.org.uk","from  machines  ","located in"," Learnigng"
"spuc.org.uk","  stations  ","located in"," the libraries"
"skiptonweb.co.uk","  community  ","located in"," Greenway"
"westyorkshire.police.uk","printed  books  ","located in"," partner"
"dpawson.co.uk","  laboratories  ","located in"," the ground"
"careers.ed.ac.uk","  detectors  ","located in"," all public"
"roehampton.ac.uk","video  booth  ","located in"," the local"
"teaching-abroad.co.uk","  businesses  ","located in"," key areas"
"asp.wlv.ac.uk","meeting  rooms  ","located in"," the main hotel"
"newburytheatre.co.uk","  enterprises  ","located in"," the East"
"knowledgestorm.co.uk","other  sites  ","located in"," West London."
"direct.gov.uk","a  sub-control  ","located in"," the council"
"caa.co.uk","  planetarium  ","located in"," the local"
"foe-scotland.org.uk","  staff  ","located in"," Cornwall,"
"voa.gov.uk","in a  bank  ","located in"," another"
"enemydown.co.uk","of 46  offices  ","located in"," all five"
"hlst.heacademy.ac.uk","  schools  ","located in"," towns ]: (i)"
"learningtechnologies.co.uk","country  house  ","located in"," 36 acres of"
"aaps.ed.ac.uk","all the  plant  ","located in"," the room"
"educ.cam.ac.uk","  schools  ","located in"," Canada,"
"word-on-the-web.co.uk","  residence  ","located in"," Newnham"
"aimhigher.ac.uk","key  Touchpad  ","located in"," centre of palm"
"skyscript.co.uk","cash  machines  ","located in"," Tesco stores."
"gsec.co.uk"," ","Located in"," Psalter Lane,"
"bseinquiry.gov.uk","  services  ","located in"," Exeter"
"bectu.org.uk","BC  site  ","located in"," an area of"
"dvd.reviewer.co.uk","of, a  person  ","located in"," Canada,"
"e-epilepsy.org.uk","for  premises  ","located in"," the wards they"
"liberty-human-rights.org.uk"," ","located in"," adapted"
"footy4kids.co.uk","  academics  ","located in"," the"
"www2.sas.ac.uk","the  tearoom  ","located in"," the potting"
"iop.kcl.ac.uk","  environment  ","located in"," a Medieval"
"astro.ex.ac.uk","  block  ","located in"," a wooden hut"
"scom.hud.ac.uk","pick-up  point  ","located in"," the store ''s"
"leslies-fishing.co.uk","  commands  ","located in"," scores of"
"netscape.co.uk","out  structors  ","located in"," the bony"
"birdpages.co.uk","  building  ","located in"," the heart of"
"etoile.co.uk","  interviewees  ","located in"," overseas"
"mi6.co.uk","  centre  ","located in"," the Boréal"
"birdpages.co.uk","and a  nucleus  ","located in"," a lower"
"mdx.networks.co.uk",". With the  reel  ","located in"," the down"
"bigga.org.uk","50  schools  ","located in"," the"
"catholic.org.uk","a  computer  ","located in"," their own home"
"n-base.org.uk",",  offices  ","located in"," London,"
"faith.org.uk","on the  PCs  ","located in"," the Unit."
"birdpages.co.uk","  hotel  ","located in"," central"
"stir.ac.uk","  headquarters  ","located in"," tunnels"
"unitnews.co.uk","NYStats.  html  ","located in"," the"
"simplonpc.co.uk",". These  photos  ","located in"," albums are"
"hippy.freeserve.co.uk","  employees  ","located in"," more than 60"
"southwest-ra.gov.uk","new  bungalows  ","located in"," the back end of"
"culturewars.org.uk","Landfill  site  ","located in"," County Durham"
"ricability.org.uk","  centres  ","located in"," a part of the"
"xpert4u.co.uk","a  supermarket  ","located in"," Downtown"
"holkham.co.uk","with  staff  ","located in"," 13 offices"
"hippy.freeserve.co.uk","  features  ","located in"," the Gillygate"
"balagan.org.uk","  wall  ","located in"," Trench 18. It"
"genesis.ac.uk","Rooms -  PCs  ","located in"," a number of"
"woodlandherbs.co.uk","used. A  tumour  ","located in"," or around an"
"turfcall.co.uk","named web.  xml  ","located in"," its/WEB-INF"
"hippy.freeserve.co.uk","a  protein  ","located in"," the"
"rspca.org.uk","space  areas  ","located in"," the towns of"
"mfc.premiumtv.co.uk","the  letterbox  ","located in"," the Children"
"northern-angels.co.uk","the IFEN  cable  ","located in"," the area where"
"theheritagetrail.co.uk","  tables  ","located in"," passageways;"
"bluedome.co.uk","  facility  ","located in"," Park Royal,"
"nelh.nhs.uk","a hunting  park  ","located in"," Castlethorpe"
"iop.kcl.ac.uk","  desk  ","located in"," the Foyer of"
"supportweb.cs.bham.ac.uk","  space  ","located in"," a town on the"
"gayyouthuk.org.uk","  systems  ","located in"," the plant room"
"ricability.org.uk","  vicarage  ","located in"," the popular"
"jbutler.org.uk","one  nucleus  ","located in"," the cell"
"gayyouthuk.org.uk","  activity  ","located in"," Fine Art,"
"sextonblake.co.uk","will  be/  ","located in"," in a separate/"
"sextonblake.co.uk","will  be/  ","located in"," in a separate/"
"ipcc.gov.uk",";  electrons  ","located in"," molecular"
"ece.eps.hw.ac.uk","NVQ  booklets  ","located in"," the Staff"
"hyperion-records.co.uk","  portfolio  ","located in"," the North of"
"ucet.ac.uk","of  assets  ","located in"," the UK until"
"digital.anime.org.uk","of  assets  ","located in"," the UK until"
"rgc.aberdeen.sch.uk","  house  ","located in"," the"
"doglost.co.uk","of  Priorities  ","located in"," the Midway"
"bcsnsg.org.uk","  institutions  ","located in"," south west"
"winhealth.co.uk","high  standard  ","located in"," the grounds of"
"spaldingbulb.co.uk","  building  ","located in"," one of the"
"altis.ac.uk","  businesses  ","located in"," the USA, the"
"netscape.co.uk","on  servers  ","located in"," controlled,"
"jbutler.org.uk",". exeâ? ?  file  ","located in"," the shared"
"teamdiscovery.co.uk","  center  ","located in"," Chantilly,"
"chm.bris.ac.uk","  position  ","located in"," a relatively"
"sccplugins.sheffield.gov.uk","had  servers  ","located in"," the UK and who"
"gayyouthuk.org.uk","rescue  centre  ","located in"," Biggin Hill in"
"mi6.co.uk","  rooms  ","located in"," various parts"
"edietsuk.co.uk","  vicarage  ","located in"," the popular"
"darknet.org.uk","from two PC?  s  ","located in"," Guard house"
"egeneration.co.uk","  venue  ","located in"," the modern"
"egeneration.co.uk","  venue  ","located in"," the modern"
"godulike.co.uk","is a  diary  ","located in"," the Beam"
"advisorybodies.doh.gov.uk","space  areas  ","located in"," the towns of"
"webchats.co.uk","  departments  ","located in"," terraced"
"catrima.co.uk"," ","located in"," the common"
"humor.redking.co.uk","  Beauty  ","located in"," Exeter? Where"
"rd4u.org.uk"," ","located in"," the Region (or"
"altis.ac.uk","  house  ","located in"," the quaint"
"blog.dave.org.uk","in  booklets  ","located in"," slots in the"
"turing.org.uk","of that  wealth  ","located in"," the"
"godulike.co.uk","  cottage  ","located in"," a fabulous"
"giveusahome.co.uk","  developments  ","located in"," Basingstoke."
"helenrollason.org.uk","via a  teleport  ","located in"," your sector."
"lshtm.ac.uk","the horn  push  ","located in"," the centre,"
"lshtm.ac.uk","an  indicator  ","located in"," the dashboard"
"sudoku.org.uk","  businesses  ","located in"," and around the"
"enemydown.co.uk","of  companies  ","located in"," St. Helens to"
"giveusahome.co.uk","''s  cottage  ","located in"," an Area of"
"giveusahome.co.uk","''s  cottage  ","located in"," an Area of"
"borkowski.co.uk","  chambers  ","located in"," Rome, whose"
"ramblers.org.uk","  departments  ","located in"," various sites"
"warnerbros.co.uk","  company  ","located in"," Syracuse, NY."
"diabetes.org.uk","  school  ","located in"," the middle of a"
"westberks.gov.uk","pulp  business  ","located in"," Tulua), the"
"cctv-information.co.uk","park  units  ","located in"," the Southeast"
"scunthorpeunited-mad.co.uk","4  people  ","located in"," a quiet"
"crystalski.co.uk","run  site  ","located in"," a small"
"hse-databases.co.uk","Setup.  exe  ","located in"," [ GRAMS"
"www2.shu.ac.uk","of the  range  ","located in"," the Austrian"
"cityoflondon.police.uk","  vicarage  ","located in"," the popular"
"astro.ex.ac.uk","template  file  ","located in"," the"
"emergencymed.org.uk","by  operators  ","located in"," the UK. This"
"cityoflondon.police.uk","  placements  ","located in"," the"
"ookami.co.uk","  republic  ","located in"," the Indian"
"opas.org.uk","of, a  person  ","located in"," a Loan Note"
"opas.org.uk","of, a  person  ","located in"," a Loan Note"
"voa.gov.uk",", a theme  park  ","located in"," the center of"
"crawford2000.co.uk","c) BTP  Offices  ","located in"," other places"
"derbyshire.gov.uk","the gold  mine  ","located in"," the centre of a"
"rgc.aberdeen.sch.uk","  settings  ","located in"," particular"
"mrc-cbu.cam.ac.uk","  sites  ","located in"," the centre of"
"moglit.demon.co.uk","  cottages  ","located in"," the unspoilt &"
"ramblers.org.uk","''s  cottage  ","located in"," an Area of"
"ramblers.org.uk","''s  cottage  ","located in"," an Area of"
"weightwatchers.co.uk","  house  ","located in"," the quaint"
"the-shipman-inquiry.org.uk","EasyPHP  icon  ","located in"," the lower"
"danley.kent.sch.uk","is Vikas & i  m  ","located in"," Vicrotia,"
"rd4u.org.uk","  activity  ","located in"," Fine Art,"
"reading.gov.uk","  facility  ","located in"," Belfast ''s"
"pkf.co.uk","and  agencies  ","located in"," Scotland."
"warwickshire.police.uk","  wisdom  ","located in"," a massive"
"itchycambridge.co.uk","''s  Hospice  ","located in",""
"uktvstylegardens.co.uk","old  cottage  ","located in"," a small quiet"
"uktvstylegardens.co.uk","of  records  ","located in"," different"
"tangents.co.uk","  creche  ","located in"," the"
"www2.shu.ac.uk","  computer  ","located in"," the basement"
"cityoflondon.police.uk","  equipment  ","located in"," an office"
"electoral-reform.org.uk","  sensors  ","located in"," the IOC - each"
"secure.bfi.org.uk","director  post  ","located in"," the RDA ''s"
"forensicrecords.co.uk","''s  cottage  ","located in"," an Area of"
"cornwall-online.co.uk","  organ  ","located in"," the pelvic"
"roehampton.ac.uk","  programmes  ","located in"," the"
"cheltenham.gov.uk","of, a  person  ","located in"," Canada,"
"uea.ac.uk","  institute  ","located in"," Dubai, United"
"dvd.ciao.co.uk","4  people  ","located in"," a quiet"
"edinphoto.org.uk","  vicarage  ","located in"," the popular"
"efestivals.co.uk","  departments  ","located in"," Manchester"
"ysrnry.co.uk","  volcano  ","located in"," the North"
"show.scot.nhs.uk",".  Trees  ","located in"," one of the six"
"cityoflondon.police.uk","  organs  ","located in"," the lower back"
"adultmoviedatabase.co.uk","needs  school  ","located in"," the north of"
"adultmoviedatabase.co.uk","of VOA  staff  ","located in"," HMRC(CT) ''s"
"lshtm.ac.uk","of  schools  ","located in"," areas of the"
"conceptcar.co.uk","? General  pain  ","located in"," the neck area"
"shopping.guardian.co.uk","  helpdesk  ","located in"," the LRC"
"proni.gov.uk","''  building  ","located in"," the Old Town"
"nos.org.uk","  computers  ","located in"," classrooms"
"tangents.co.uk","  prisons  ","located in"," Trani, Latina"
"socialistfuture.org.uk","  cottages  ","located in"," an area of"
"sincuser.f9.co.uk","anomaly  zone  ","located in"," the north of"
"lense.net.uk","  students  ","located in"," the recently"
"cicerone.co.uk","a  dispenser  ","located in"," the copy"
"members.lycos.co.uk",", a theme  park  ","located in"," the center of"
"giveusahome.co.uk","  venue  ","located in"," London."
"aaps.ed.ac.uk","have a  company  ","located in"," monterial"
"byfaith.co.uk","Travel  branch  ","located in"," over 90"
"ucs.ed.ac.uk","''s Print  Unit  ","located in"," the Hastings"
"scotlandoffice.gov.uk"," ","located in"," Bury because"
"borkowski.co.uk","  building  ","located in"," the silver/"
"cicerone.co.uk","''s  cottage  ","located in"," an Area of"
"proni.gov.uk","''s  cottage  ","located in"," an Area of"
"tangents.co.uk","entry  primary  ","located in"," Chiswick,"
"poetrymagazines.org.uk","has some  staff  ","located in"," the council ''s"
"businesseye.org.uk","  cottages  ","located in"," an area of"
"pro-g.co.uk","Options  arrow  ","located in"," the upper"
"learningdisabilities.org.uk","  paradise  ","located in"," the grounds of"
"ageconcern.org.uk","  venue  ","located in"," London. BBC"
"diabetes.org.uk","oily  things  ","located in"," bewildering"
"faegre.co.uk","  Business  ","located in"," the zone 1 Need"
"gre.ac.uk","the field  site  ","located in"," the Moine"
"indict.org.uk","''s  cottage  ","located in"," an Area of"
"weddingguide.co.uk","  cottages  ","located in"," an area of"
"opas.org.uk","''s  cottage  ","located in"," an Area of"
"advfilms.co.uk","  gorges  ","located in"," the famous"
"iccheshireonline.icnetwork.co.uk","on a  device  ","located in"," the"
"weddingguide.co.uk","picnic  area  ","located in"," the woodland"
"ctc.org.uk","local  lights  ","located in"," a few of the"
"fass.kingston.ac.uk","shared  files  ","located in"," remote"
"cres1.lancs.ac.uk",". The tab  keys  ","located in"," the lower part"
"samuelfrench-london.co.uk","on 11  stores  ","located in"," Arkansas,"
"msm.cam.ac.uk","to  companies  ","located in"," North Wales"
"ageconcern.org.uk",""".  Centers  ","located in"," most European"
"thedrawbridge.org.uk","| BCS  Groups  ","Located in"," the beautiful"
"scotlandoffice.gov.uk",", so that  marts  ","located in"," areas where"
"vet.ed.ac.uk","  zone  ","located in"," the main hall,"
"tin.nhs.uk","and  bungalows  ","located in"," areas from"
"edinphoto.org.uk","the  majority  ","located in"," the U. K. You"
"greenfutures.org.uk","parking  area  ","located in"," Car Park West"
"www-same.dur.ac.uk","''s  cottage  ","located in"," an Area of"
"visitbath.co.uk","''s  cottage  ","located in"," an Area of"
"msm.cam.ac.uk","  cottages  ","located in"," an area of"
"exeter.ac.uk","  programmes  ","located in"," the"
"members.lycos.co.uk","  navigation  ","Located in"," the heart of"
"usdaw.org.uk","of  firms  ","located in"," the footwear"
"tutorials.beginners.co.uk","  accelerator  ","located in"," Cardiff Bay."
"byfaith.co.uk","  cabin  ","located in"," beautiful"
"cres1.lancs.ac.uk","''s  cottage  ","located in"," an Area of"
"byfaith.co.uk","''s  cottage  ","located in"," an Area of"
"borkowski.co.uk","  studio  ","located in"," the UK. The"
"borkowski.co.uk","  studio  ","located in"," the UK. The"
"adeptscience.co.uk","country  house  ","located in"," 36 acres of"
"totalimmersion.co.uk","joint  disease  ","located in"," Norfolk (NOAR"
"uktvstylegardens.co.uk","  activities  ","located in"," the Park"
"homestagers.co.uk","  restaurants  ","located in"," the"
"exeter.gov.uk","250  employees  ","Located in"," the rural"
"learndirect-advice.co.uk","of shoe  firms  ","located in"," a cluster:"
"allergyclinic.co.uk","  turbines  ","located in"," unspoilt"
"archive.official-documents.co.uk","  reasons  ","located in"," the"
"carmarthenshire.gov.uk","the  device  ","located in"," a building, ("
"subbrit.org.uk","think  tank  ","located in"," Olympia,"
"nao.org.uk","  businesses  ","located in"," France,"
"shu.ac.uk","see the  lock  ","located in"," the lower left"
"scoutbase.org.uk","  processes  ","located in"," the LIFG are"
"find-me-a-gift.co.uk","  school  ","located in"," Switzerland."
"novonordisk.co.uk","  resort  ","located in"," Khao Takiab on"
"money.independent.co.uk","and  multi-gym  ","located in"," college and,"
"taxationweb.co.uk","  hotel  ","located in"," the very"
"artscouncil.org.uk","  processes  ","located in"," the LIFG are"
"ctc.org.uk"," ","located in"," the European"
"ctc.org.uk"," ","located in"," ''developed ''"
"ctc.org.uk","  organisation  ","located in"," a ''developing"
"ctc.org.uk"," ","located in"," the European"
"ctc.org.uk","  Institutions  ","located in"," the European"
"adeptscience.co.uk","  church  ","located in"," Old"
"homestagers.co.uk","there is a  bank  ","located in"," the"
"cwn.org.uk","  greenhouses  ","located in"," Adana, Manisa"
"thetrousers.co.uk","  Agency  ","located in"," central"
"brigitsforge.co.uk","city  hotel  ","located in"," the"
"fass.kingston.ac.uk","smaller  rooms  ","located in"," three of the"
"uea.ac.uk","in a  marquee  ","located in"," the Stone"
"geog.le.ac.uk","by  companies  ","located in"," an FTZ are"
"mypharmacy.co.uk","Coastal  path  ","Located in"," an area of"
"borkowski.co.uk","''s R&D  centre  ","located in"," Mumbai, will"
"rosslyntemplars.org.uk","  tissue  ","located in"," the main"
"learningdisabilities.org.uk","by  teams  ","located in"," different"
"publicservice.co.uk","Tokai  Plant  ","located in"," a heavily"
"insight.zdnet.co.uk","old  cottage  ","located in"," a small quiet"
"insight.zdnet.co.uk","by  clocks  ","located in"," specific"
"subbrit.org.uk","''  building  ","located in"," the Old Town"
"tutorials.beginners.co.uk",", in  land  ","located in"," a loop of the"
"health.org.uk",". From  offices  ","located in"," Hochheim, the"
"ukbap.org.uk","''s  cottage  ","located in"," an Area of"
"ukbap.org.uk","''s  cottage  ","located in"," an Area of"
"ukbap.org.uk"," ","located in"," the Sprawling"
"ukbap.org.uk"," ","located in"," the Sprawling"
"uk-muscle.co.uk","  Conveniently  ","located in"," central"
"www2.netdoctor.co.uk","Ile, an  island  ","located in"," the middle of"
"cwn.org.uk",") in  vesicles  ","located in"," foliar cell of"
"cornwall-online.co.uk","derelict  land  ","located in"," areas where"
"artshole.co.uk","a postern  gate  ","located in"," the middle"
"cwn.org.uk","high  standard  ","located in"," the grounds of"
"banthebag.org.uk","a small  gland  ","located in"," the skull. It"
"nao.org.uk","  space  ","located in"," an. . ."
"sincuser.f9.co.uk","access  point  ","located in"," the rear of the"
"lancs.ac.uk","  telescopes  ","located in"," Hawaii and"
"niace.org.uk","is a  village  ","located in"," north-east"
"money.independent.co.uk","secret  base  ","located in"," the south pole"
"mypharmacy.co.uk","of Towan  beach  ","located in"," the centre of"
"abtn.co.uk","with  dock  ","located in"," Clearwater"
"tin.nhs.uk","in a  hospital  ","located in"," a monastery"
"natwest.co.uk","  gun  ","located in"," a cemetery."
"ilrt.bris.ac.uk","  servers  ","located in"," the Forrest"
"pkf.co.uk","  structure  ","located in"," the inner"
"rangers.premiumtv.co.uk","  cottages  ","located in"," an idyllic"
"cherryred.co.uk","the  kitchen  ","located in"," one of the old"
"malehealth.co.uk","stunning  home  ","located in"," the beautiful"
"chester.gov.uk","by  companies  ","located in"," KFTZ are"
"glaucus.org.uk","at our  home  ","located in"," beautiful"
"lancs.ac.uk","to a  computer  ","located in"," the United"
"housepricecrash.co.uk","storage  tanks  ","located in"," South"
"ulster.ac.uk","  businesses  ","located in"," France,"
"ukbap.org.uk","4  people  ","located in"," a quiet"
"ukbap.org.uk","  cottage  ","located in"," a fabulous"
"ukbap.org.uk","''s  cottage  ","located in"," an Area of"
"ukbap.org.uk","  house  ","located in"," the quaint"
"exhilaration.co.uk","  Site  ","located in"," Cumbria"
"mypharmacy.co.uk","Tokai  Plant  ","located in"," a heavily"
"peta.org.uk","? Is  everyone  ","located in"," the same"
"peta.org.uk","? Are  managers  ","located in"," the same areas"
"uktvfood.co.uk","  centre  ","located in"," the village"
"digitalspy.co.uk","  outlets  ","located in"," newsagents,"
"orgs.man.ac.uk","''s  garden  ","located in"," rural"
"nao.org.uk","  offices  ","located in"," Cardigan,"
"gre.ac.uk","and  bar  ","located in"," the centre of"
"cep.lse.ac.uk","  hotel  ","located in"," a converted"
"microscopy-uk.org.uk","  rest-house  ","located in"," the middle of"
"blogigo.co.uk","by  companies  ","located in"," an FTZ are"
"cwn.org.uk","  house  ","located in"," the quaint"
"orcadian.co.uk","  Agency  ","located in"," central"
"honestjohn.co.uk","  cottage  ","located in"," a fabulous"
"honestjohn.co.uk","  Tranquilly  ","located in"," a traditional"
"microscopy-uk.org.uk","  workplaces  ","located in"," â? ?radon"
"microscopy-uk.org.uk","  workplaces  ","located in"," radon"
"thebiographychannel.co.uk","of the  range  ","located in"," the Austrian"
"insight.zdnet.co.uk","Dudley ''s  time  ","located in"," the outer"
"exeter.gov.uk","UK  factories  ","located in"," Bradford,"
"rothwells.co.uk","  personnel  ","located in"," Nepal or in the"
"csp.org.uk","market  town  ","located in"," the heart of"
"brunel.ac.uk",".  Background  ","Located in"," the Chiltern"
"cornwallriversproject.org.uk","  building  ","located in"," the heart of"
"inntravel.co.uk","new  chapel  ","located in"," the "" heart "" of"
"www2.newsquest.co.uk"," ","located in"," the vicinity"
"teamprop.co.uk",""" log off ""  link  ","located in"," the side menu."
"stockbrokers.barclays.co.uk","push  buttons  ","located in"," the top"
"sini.co.uk","  site  ","located in"," Eleanor"
"songwriter.co.uk","post  bunkers  ","located in"," 10 different"
"sini.co.uk",". The site  map  ","located in"," the Help"
"rcvs.org.uk","  territories  ","located in"," Southern"
"la-hq.org.uk","his  vault  ","located in"," an old bank"
"towerhamlets.gov.uk","  exhibition  ","located in"," Canada which"
"methodist.org.uk",". Both  members  ","located in"," cytoplasm and"
"ourdogs.co.uk","  marshals  ","located in"," the building"
"downloads.cnet.co.uk","  detector  ","located in"," Japan. As of"
"downloads.cnet.co.uk","  observatory  ","located in"," a nickel mine"
"milkfree.org.uk","  Tranquilly  ","located in"," a traditional"
"desk-warehouse.co.uk","  staff  ","located in"," Redcliffe"
"bayercropscience.co.uk","  Centres  ","located in"," the southern,"
"www2.shu.ac.uk","  cottages  ","located in"," an idyllic"
"morayrossandcaithness.co.uk","of a  wall  ","located in"," Blue Bridge"
"cornwallriversproject.org.uk","palm  trees  ","located in"," Al Ka''ban area"
"psychoanalysis.org.uk","head  office  ","located in"," Leicester and"
"lrd.org.uk","of  cases  ","located in"," the Bengal"
"domnickh.co.uk","shallow  lake  ","located in"," the northeast"
"fishdoc.co.uk","  organization  ","located in"," Phoenix,"
"huron.ac.uk","of  newspapers  ","located in"," the US"
"mst.nerc.ac.uk","of  grants  ","located in"," Northern"
"aerobatics.org.uk","push  buttons  ","located in"," the top"
"history.powys.org.uk","  estate  ","located in"," area of high"
"uccf.org.uk","  enterprises  ","located in"," Communities"
"abebooks.co.uk","  cities  ","located in"," the South of"
"grandorange.org.uk","  reserves  ","located in"," Northern"
"poptel.org.uk","these  craft  ","located in"," the Berlin"
"faber.co.uk","of a  school  ","located in"," the bush where"
"re-xs.ucsm.ac.uk","to  buildings  ","located in"," lumberyards"
"herts-essex-news.co.uk","run  site  ","located in"," a small"
"gpenterprises.co.uk","  personnel  ","located in"," Nepal or in the"
"wellingborough.gov.uk","TEXT  resource  ","located in"," the"
"ispa.org.uk",". It ''s a  tree  ","located in"," an area of Hong"
"simplydv.co.uk","bed  cottage  ","located in"," prestigious"
"simplydv.co.uk","  apartments  ","located in"," the most"
"towerhamlets.gov.uk","IDEAS  boxes  ","located in"," all Council"
"lintoninst.co.uk","  exhibition  ","located in"," Canada which"
"psychology.heacademy.ac.uk","  cottage  ","located in"," the tiny"
"psychology.heacademy.ac.uk","  apartments  ","located in"," the beautiful"
"courtauld.ac.uk","NYStats.  html  ","located in"," the"
"courtauld.ac.uk",", care  homes  ","located in"," the 150 local"
"romance-books.classic-literature.co.uk","  combi-boiler  ","located in"," a separate"
"twma.co.uk",", if  youre  ","located in"," Boston, your"
"ihrc.org.uk","of  computers  ","located in"," the classroom"
"king-james-bible.classic-literature.co.uk","only  websites  ","located in"," the UK are"
"aberdeenshire.gov.uk","  facility  ","located in"," the college"
"recedinghairline.co.uk","stone  cottage  ","located in"," the heart of"
"recedinghairline.co.uk","  conversion  ","located in"," the"
"sheffield.ac.uk","  equipment  ","located in",""
"uk-shop-index.co.uk","  stay  ","located in"," peaceful"
"medev.ac.uk","style  sheet  ","located in"," the file"
"identitycards.gov.uk","on a  house  ","located in"," a"
"nat.org.uk","from  sites  ","located in"," Los Angeles or"
"hmso.gov.uk","  restaurants  ","located in"," two parts of me"
"magistrates-association.org.uk","  family  ","located in"," 132 countries"
"backstage.bbc.co.uk","  marshals  ","located in"," the building"
"columbans.co.uk","  cottage  ","located in"," scenic West"
"seniority.co.uk","  machines  ","located in"," the Café Diner"
"crees.bham.ac.uk","  unit  ","located in"," the"
"cyclingplus.co.uk","  conversion  ","located in"," the village of"
"cyclingplus.co.uk","  conversion  ","located in"," the village of"
"cyclingplus.co.uk","  conversion  ","located in"," a village"
"cyclingplus.co.uk","  conversion  ","located in"," a village"
"celtscot.ed.ac.uk","the major  city  ","located in"," the"
"dsu.org.uk","11  apartments  ","located in"," and around"
"chathamhouse.org.uk","  apartments  ","located in"," the beautiful"
"ehsni.gov.uk","seaside  town  ","located in"," East Sussex"
"enjoyment.independent.co.uk","two  heaters  ","located in"," different"
"accessiblesouthwest.co.uk","hotel  venture  ","located in"," on the"
"www1.imperial.ac.uk","  cottage  ","located in"," the tiny"
"enjoyment.independent.co.uk","  business  ","located in"," Perthshire"
"ch-6.co.uk","  telephones  ","located in"," the Main"
"omega.co.uk","  bathroom  ","located in"," one of the"
"hfea.gov.uk","led  hotel  ","located in"," Liverpool ''s"
"enjoyment.independent.co.uk","modern  hotel  ","located in"," the heart of"
"mcsolutions.co.uk","of  buildings  ","located in"," various parts"
"femalefirst.co.uk","  spectrometer  ","located in"," Bristol, is"
"rnib.org.uk","is a unique  gem  ","located in"," a ''Rural ''"
"redemptorists.org.uk","family  home  ","located in"," this popular"
"redemptorists.org.uk","family  home  ","located in"," this popular"
"bargainbees.co.uk","  buildings  ","located in"," the Pusey Quad"
"ehsni.gov.uk","  enterprises  ","located in"," the West"
"anglianwater.co.uk","to the  hut  ","located in"," the Col"
"meto.gov.uk","run  space  ","located in"," an award"
"je-s.rcuk.ac.uk","for  Hindus  ","located in"," the foothills"
"cmgp.org.uk","  newspaper  ","Located in"," Hungary, the"
"iguk.co.uk","  company  ","located in"," Frankfurt,"
"ifs.org.uk","  kitchen  ","located in"," the garden"
"omega.co.uk","seaside  town  ","located in"," East Sussex"
"interaction.rca.ac.uk","of  people  ","located in"," your area and"
"langstonehotel.co.uk","  agency  ","located in"," Newtown,"
"mcsolutions.co.uk","star  hotel  ","located in"," the city"
"batamemories.org.uk","stone  cottage  ","located in"," the centre of"
"chathamhouse.org.uk","  examples  ","located in"," gardens all"
"engsc.ac.uk","in the  world  ","located in"," the shadow of"
"engsc.ac.uk","in the  world  ","located in"," the shadow of"
"engsc.ac.uk","in the  world  ","located in"," the shadow of"
"12go.co.uk","and  maltsters  ","located in"," Scotland,"
"derbyeveningtelegraph.co.uk","terraced  hose  ","located in"," the"
"derbyeveningtelegraph.co.uk","  house  ","located in"," the Sundon"
"chathamhouse.org.uk","sector  homes  ","located in"," the capital,"
"chathamhouse.org.uk","in  shops  ","located in"," community"
"nottinghamcity.gov.uk","  stock  ","located in"," areas where"
"enjoyment.independent.co.uk","  residence  ","located in"," a popular"
"enjoyment.independent.co.uk","  residence  ","located in"," a popular"
"enjoyment.independent.co.uk","to the  sea  ","located in"," the heart of"
"enjoyment.independent.co.uk","to the  sea  ","located in"," the heart of"
"enjoyment.independent.co.uk","family  house  ","located in"," a quiet"
"enjoyment.independent.co.uk","family  house  ","located in"," a quiet"
"guestbook.disabledbiker.co.uk","  school  ","located in"," South"
"omega.co.uk","the combo  box  ","located in"," the page"
"omega.co.uk","to the edit  box  ","located in"," the page"
"omega.co.uk","the combo  box  ","located in"," the page"
"thesoccersite.co.uk","and  charm  ","located in"," an exclusive"
"thesoccersite.co.uk","and  charm  ","located in"," an exclusive"
"enjoyment.independent.co.uk","  remnants  ","located in"," the urban"
"meto.gov.uk","  resort  ","located in"," Portsmouth at"
"uk-shop-index.co.uk","  apartment  ","located in"," a sought after"
"bgs.org.uk","  countryside  ","Located in"," the beautiful"
"ciria.org.uk","  agency  ","located in"," Newtown,"
"anglianwater.co.uk","  database  ","located in"," its entirety"
"mla.gov.uk","in a  camp  ","located in"," front of Angel"
"thisistravel.driveline.co.uk","  bungalow  ","located in"," popular"
"easf.org.uk","at our  factory  ","located in"," China. Our"
"chathamhouse.org.uk","  apartments  ","located in"," the heart of"
"stonewall.org.uk","is a simple  inn  ","located in"," the heart of"
"derbyeveningtelegraph.co.uk","the  weekend  ","located in"," the Studio. On"
"ilrt.bristol.ac.uk","of  calcium  ","located in"," the bones and"
"out-and-about.org.uk","to  data  ","located in"," the HMA cannot"
"uk-shop-online.co.uk","  apartment  ","located in"," a sought after"
"ehsni.gov.uk","health  kiosks  ","located in"," surgeries,"
"met-office.gov.uk","VCR  station  ","located in"," the Hotel"
"thebritishmuseum.ac.uk","'' (so a  node  ","located in"," a different"
"forum.dcc.ac.uk",", a  company  ","located in"," the Bristol"
"rationalist.org.uk","old Ford  truck  ","located in"," the field."
"nea.org.uk","the  device  ","located in"," the stall next"
"chycor.co.uk","tiny  holes  ","located in"," a"
"fsb.org.uk","  cottages  ","located in"," centre of"
"vts.intute.ac.uk","a small  chapel  ","located in"," a secluded"
"wwt.org.uk","''s  house  ","located in"," the centre of"
"ixion.org.uk","is a unique  gem  ","located in"," a ''Rural ''"
"omega.co.uk","outdoor  pool  ","located in"," the centre of"
"jotrust.co.uk","  hotel  ","located in"," the hills"
"femalefirst.co.uk","  village  ","located in"," the northern"
"onthebusesfanclub.co.uk","  apartments  ","located in"," the former"
"avon-paul-darrow.co.uk","visible  site  ","located in"," the busiest"
"pottery.ebay.co.uk",".  Farmers  ","located in"," NVZ ''s are"
"sosig.ac.uk","  sites  ","located in"," areas where"
"sport.cam.ac.uk","  inn  ","located in"," the"
"icsurreyonline.icnetwork.co.uk","ski  resort  ","located in"," the Mall of the"
"visitfrance.co.uk","  subsidiaries  ","located in"," different"
"rationalist.org.uk","is a  museum  ","located in"," a beautiful """
"glam.ac.uk","one  pocket  ","located in"," the Gir"
"library.sanger.ac.uk","  handler  ","located in"," the L"
"technology.open.ac.uk","  chateaux  ","located in"," the area is the"
"philosophy.stir.ac.uk","  stations  ","located in"," the vicinity"
"wwt.org.uk","working  farms  ","located in"," this unspoilt"
"learningcurve.gov.uk",". The two  towns  ","located in"," the area are"
"animus-web.demon.co.uk","- Moshi  town  ","located in"," the Vicinity"
"animus-web.demon.co.uk","  house  ","located in"," this popular"
"goatchurch.org.uk","-  Project  ","located in"," old stables in"
"downloads.pcpro.co.uk","ski  resort  ","located in"," the Mall of the"
"sosig.ac.uk","batch  files  ","located in"," directories"
"edirectory.co.uk","Web TCM ''s  site  ","located in"," The"
"environ.org.uk","2-star  hotel  ","located in"," the East of"
"nottinghamcity.gov.uk",". The two  towns  ","located in"," the area are"
"pesticides.gov.uk","  properties  ","located in"," Huntingfield"
"cultureonline.gov.uk","market  town  ","located in"," the heart of"
"iguk.co.uk","have  branches  ","located in"," the SE of"
"12go.co.uk","team  members  ","located in"," different"
"cultureonline.gov.uk",", a  firm  ","located in"," the City of"
"gazettelive.co.uk","legal  firm  ","located in"," Sunbury. They"
"kmi.open.ac.uk","an  enclosure  ","located in"," the hallway"
"kmi.open.ac.uk","an Allen  key  ","located in"," the valve"
"teletronic.co.uk","  cottages  ","located in"," narrow"
"projects.ed.ac.uk","Web TCM  site  ","located in"," the"
"cse.org.uk","is  today  ","located in"," the Wansbeck"
"zdnet2.jobsite.co.uk","Small  square  ","located in"," bohemian"
"nea.org.uk","  hotel  ","located in"," a tranquill"
"bradford.ac.uk","2  cottages  ","located in"," Nettleham in"
"sosig.ac.uk","load  ICONEDIT  ","located in"," the Tools"
"sport.cam.ac.uk","INPUT  program  ","located in"," your PREFS"
"ciria.org.uk","  program  ","located in"," your PREFS"
"pesticides.gov.uk","  cottages  ","located in"," the Scottish"
"globaldimension.org.uk","  agency  ","located in"," Newtown,"
"kmi.open.ac.uk","  cords  ","located in"," each room of"
"cat.org.uk","  apartment  ","located in"," the village of"
"integra.org.uk","is  today  ","located in"," the Wansbeck"
"eto.org.uk","  chamber  ","located in"," Puerto Ayora,"
"kirkleesmc.gov.uk","  cottage  ","located in"," the periphery"
"iea-coal.org.uk","  annexes  ","located in"," Anoia Ref:"
"iea-coal.org.uk","  annexes  ","located in"," Anoia Ref:"
"newpartyforum.co.uk",", spa and  sauna  ","located in"," an attractive"
"lgc.co.uk",".  villa  ","located in"," a residential"
"lgc.co.uk",".  villa  ","located in"," a residential"
"psa.ac.uk","  producers  ","located in"," low-cost"
"eauc.org.uk","  cottage  ","located in"," the heart of"
"secure.labour.org.uk","  system  ","located in"," the frontal"
"ceh.ac.uk","The  Clubhouse  ","located in"," the city"
"wwne.demon.co.uk","load  ICONEDIT  ","located in"," the Tools"
"capita-ld.co.uk","  collections  ","located in"," Scotland."
"capita-ld.co.uk","  collections  ","located in",", and about,"
"capita-ld.co.uk","every  library  ","located in"," Scotland."
"mcsolutions.co.uk","  leaseback  ","located in"," Montauroux, a"
"foodstandards.gov.uk","  town  ","located in"," the shores of"
"foodstandards.gov.uk","  refuge  ","located in"," the Tierra"
"nusonline.co.uk","  chamber  ","located in"," Puerto Ayora,"
"lgc.co.uk","of  olives  ","located in"," Spain. The"
"integra.org.uk","of  business  ","located in"," rural areas"
"johnwashington.co.uk","holiday  home  ","located in"," Heacham,"
"zdnet2.jobsite.co.uk","  Apartments  ","located in"," a restored"
"rushmoor.gov.uk","and  maltsters  ","located in"," Scotland,"
"ciria.org.uk","with  ports  ","located in"," the lower (six"
"ciria.org.uk","''s  cottage  ","located in"," the centre of"
"thebritishmuseum.ac.uk","  researchers  ","located in"," London and"
"cfai.dur.ac.uk","  researchers  ","located in"," London and"
"teletronic.co.uk","  apartments  ","located in"," the beautiful"
"rationalist.org.uk","  building  ","located in"," pretty"
"wwt.org.uk","family  home  ","located in"," a semi rural"
"wwt.org.uk","family  home  ","located in"," a semi rural"
"dwh.co.uk","? 6  properties  ","located in"," Ayr all in"
"visitfrance.co.uk","  chapel  ","located in"," a quiet,"
"pesticides.gov.uk","flagship  site  ","located in"," Wigan, since"
"ciria.org.uk","  centre  ","located in"," the European"
"wrfound.org.uk","  Institutions  ","located in"," and around the"
"chycor.co.uk","style  flats  ","located in"," a quiet"
"lgc.co.uk",", an  authority  ","located in"," Sardinia, is"
"lycos.co.uk","  cottage  ","located in"," the tiny"
"iet.open.ac.uk","RDN  services  ","located in"," universities"
"ehsni.gov.uk","  brokers  ","located in"," major cities"
"dennis.co.uk","5349,  email  ","located in"," the center of"
"wsgfl.westsussex.gov.uk","  property  ","located in"," this popular"
"wsgfl.westsussex.gov.uk","  property  ","located in"," this popular"
"nsca.org.uk","  cottages  ","located in"," the Scottish"
"mcsolutions.co.uk","  hotel  ","located in"," the centre of"
"ceh.ac.uk","  property  ","located in"," this popular"
"ceh.ac.uk","  property  ","located in"," this popular"
"epsrc.ac.uk","to  businesses  ","located in"," Assisted"
"integra.org.uk","- A  command  ","located in"," the C:"
"history.powys.org.uk","1,750  staff  ","located in"," 50 worldwide"
"sosig.ac.uk","  files  ","located in"," the"
"sosig.ac.uk","is in a  class  ","located in"," the App_Code"
"npc.org.uk","  facility  ","located in"," the Institute"
"london-se1.co.uk","  properties  ","located in"," the heart of"
"aebc.gov.uk","  attractions  ","located in",""
"veredus.co.uk","time.  Lifts  ","located in"," the domed"
"palinstravels.co.uk",", with  shops  ","located in"," the same part"
"technology.open.ac.uk","  building  ","located in"," the heart of"
"forward-scotland.org.uk","acting  space  ","located in"," the middle of"
"downloads.pcpro.co.uk","gold  mine  ","located in"," Ghana, West"
"downloads.pcpro.co.uk","gold  mine  ","located in"," Ghana, West"
"ceh.ac.uk","  researchers  ","located in"," London and"
"aeat.co.uk","priced  hotel  ","located in"," Sultanahmet ("
"business.edp24.co.uk","  hotel  ","located in"," the Old Town."
"kingsfund.org.uk","led  hotel  ","located in"," Liverpool ''s"
"london-se1.co.uk","of  sites  ","located in"," western"
"london-se1.co.uk","in the  region  ","located in"," the northern"
"bsee.co.uk","  settlement  ","located in"," the area of the"
"zdnet2.jobsite.co.uk","modern  hotel  ","located in"," Hinckley. Set"
"airquality.co.uk","  staff  ","located in"," Maryborough,"
"airquality.co.uk","  formation  ","located in",""
"technology.open.ac.uk","  cottage  ","located in"," the small"
"eto.org.uk","a  guesthouse  ","located in"," the heart of"
"projects.ed.ac.uk","research  firm  ","located in"," Easton,"
"iea-coal.org.uk","6  properties  ","located in"," Ayr all in"
"nsca.org.uk","  house  ","located in"," a no through"
"nsca.org.uk","  house  ","located in"," a no through"
"technology.open.ac.uk","  project  ","located in"," the project"
"rcep.org.uk"," ","located in"," a source text."
"eauc.org.uk","  lifts  ","located in"," the South"
"aebc.gov.uk","other  sites  ","located in"," West London."
"lgc.co.uk","news  sources  ","located in"," Madagascar,"
"ceh.ac.uk","  researchers  ","located in"," London and"
"ceh.ac.uk","  programme  ","located in"," Further"
"chillisearch.co.uk","flagship  site  ","located in"," Wigan, since"
"wrfound.org.uk","des Beaux  Arts  ","located in"," the Chateau de"
"pesticides.gov.uk","  programme  ","located in"," Further"
"britishwindenergy.co.uk","flagship  site  ","located in"," Wigan, since"
"integra.org.uk","  significance  ","located in"," the heart of"
"nbu.ac.uk","  grounds  ","located in"," the centre of"
"rcep.org.uk","  building  ","located in"," the heart of"
"ehsni.gov.uk","  company  ","located in"," South Dublin"
"ehsni.gov.uk","  company  ","located in"," South Dublin"
"groundwork.org.uk","  centre  ","located in"," Puerto Iguazú"
"www-h.eng.cam.ac.uk","  hospitality  ","located in","... More"
"pesticides.gov.uk","  townhouse  ","located in"," the heart of"
"rcep.org.uk","2-star  hotel  ","located in"," the East of"
"scism.sbu.ac.uk","  institutions  ","located in"," different"
"forward-scotland.org.uk","  cottage  ","located in"," the Highlands"
"hockerton.demon.co.uk","  settings  ","located in"," the profile"
"c-sap.bham.ac.uk",", or  monument  ","located in"," the borough by"
"myhammersmith.co.uk","flagship  site  ","located in"," Wigan, since"
"rushmoor.gov.uk","& busy  hotel  ","located in"," Manchester"
"projects.ed.ac.uk","the  retailers  ","located in"," the town"
"mcsolutions.co.uk","  practice  ","located in"," the North"
"psa.ac.uk","  practices  ","located in"," the"
"psa.ac.uk","  practice  ","located in"," the North"
"ciria.org.uk","  institutions  ","located in"," the region"
"stoke.gov.uk","help  desk  ","located in"," the airport."
"thebritishmuseum.ac.uk","  hotel  ","located in"," Marlow in"
"history.powys.org.uk","  Custodians  ","located in"," London ''s"
"nottinghamcity.gov.uk","have t  Breeder  ","located in"," Florida."
"nottinghamcity.gov.uk","have t  Breeder  ","located in"," Florida."
"crn.org.uk","  communities  ","located in"," the vicinity"
"omega.co.uk","  headquarters  ","located in"," Leicester, at"
"chycor.co.uk","industry  body  ","located in"," Brussels has"
"eto.org.uk","on the blue  g  ","located in"," the left"
"dhn.org.uk","  property  ","located in"," this popular"
"dhn.org.uk","  property  ","located in"," this popular"
"cen.org.uk","  property  ","located in"," this sought"
"cen.org.uk","  property  ","located in"," this sought"
"npc.org.uk","- A  program  ","located in"," the system"
"nusonline.co.uk",". In the  scenes  ","located in"," Colchis they"
"gpenterprises.co.uk","in the  gardens  ","located in"," Sherwood,"
"sitesearch.timesonline.co.uk","house  hotel  ","located in"," the heart of"
"sitesearch.timesonline.co.uk","popular  hotel  ","located in"," the Heart of"
"sitesearch.timesonline.co.uk","  hotel  ","located in"," the heart of"
"hmso.gov.uk","  zone  ","located in"," the Andean"
"ivebeenthere.co.uk","COTES  review  ","located in"," zone 1/ 14 of"
"dtg.org.uk","  reserves  ","located in"," England,"
"jobs.excite.co.uk"," ","located in"," a spectacula"
"jobs.excite.co.uk","food &  service  ","located in"," the heart of"
"merseybasin.org.uk","  centre  ","located in"," the heart of"
"eci.ox.ac.uk","main  summits  ","located in"," the World"
"notts-rspb.org.uk","dairy  farm  ","located in"," the quiet"
"pesticides.gov.uk","  reserves  ","located in"," England,"
"union.ic.ac.uk","new shoe  banks  ","located in"," Hart District"
"zdnet2.jobsite.co.uk","power  plant  ","located in"," the east of"
"advantagewm.co.uk","  football  ","located in"," Re an online"
"advantagewm.co.uk","  football  ","located in"," ReFootball"
"ciria.org.uk","stone  cottage  ","located in"," the centre of"
"reform.co.uk","  researchers  ","located in"," London and"
"processengineering.co.uk","in the  gardens  ","located in"," Sherwood,"
"geologist.demon.co.uk","coronet  bed  ","located in"," the Tower"
"vetgate.ac.uk","  significance  ","located in"," the heart of"
"news.netdoctor.co.uk","  formation  ","located in",""
"rdn.ac.uk","of our  hotel  ","located in"," the heart of"
"ami.ac.uk","  units  ","located in"," Applethwaite"
"technology.open.ac.uk","little  shop  ","located in"," the heart of"
"lgib.gov.uk","  Conveniently  ","located in"," the heart of"
"riversidefm.co.uk","  hotel  ","located in"," Edinburgh"
"riversidefm.co.uk","  hotel  ","located in"," the West End of"
"riversidefm.co.uk","  townhouse  ","located in"," the city"
"thebritishmuseum.ac.uk","be 4  monitors  ","located in"," the"
"rcep.org.uk","  hotel  ","located in"," the heart of"
"kingsfund.org.uk","  blocks  ","located in"," Hartcliffe,"
"ahds.ac.uk","book  banks  ","located in"," the district"
"lgc.co.uk","  institutions  ","located in"," Bialowieza:"
"lbhf.gov.uk","or any  type  ","located in"," Scotland are"
"ecoads.co.uk"," ","Located in"," the heart of"
"zdnet2.jobsite.co.uk"," ","located in"," the USA to"
"gpenterprises.co.uk"," ","located in"," Oxford. We"
"rdn.ac.uk","  habitat  ","located in"," Edgbaston,"
"childrenfirst.nhs.uk","  machine  ","located in"," Germany due to"
"manchestermates.co.uk","  portion  ","located in"," smaller towns"
"alcoholconcern.org.uk","  laboratory  ","located in"," Montreal,"
"reform.co.uk","  agency  ","located in"," Golders Green"
"projects.ed.ac.uk",". Itâ?  ?s  ","located in"," an"
"iguk.co.uk","  caravan  ","located in"," a quiet corner"
"eci.ox.ac.uk","  gardens  ","located in"," different"
"eci.ox.ac.uk","on an  island  ","located in"," latitude 8"
"www-h.eng.cam.ac.uk","  hospital  ","located in"," V and Z lines"
"driving.timesonline.co.uk","  Company  ","located in"," the heart of"
"union.ic.ac.uk","  Scientists  ","located in"," different"
"iet.open.ac.uk","from  sites  ","located in"," offshore"
"schoolsnetwork.org.uk","  football  ","located in"," Coach Mangano"
"clsdirect.org.uk","11  apartments  ","located in"," and around"
"clsdirect.org.uk","11  apartments  ","located in"," and around"
"12go.co.uk","  section  ","located in"," a LEA ''s office"
"thebritishmuseum.ac.uk","  section  ","located in"," a LEA ''s office"
"beaneater.org.uk","regarded  firm  ","located in"," a very central"
"teamprop.co.uk","century  house  ","located in"," the original"
"visitalnwick.org.uk","and  cattle  ","located in"," the upper Dee"
"visitalnwick.org.uk","  communities  ","located in"," the Pafos"
"jules-verne.co.uk","  cottages  ","located in"," this"
"sconul.ac.uk","  companies  ","located in"," the Maidstone"
"swarb.co.uk","  centre  ","located in"," the former"
"c-sap.bham.ac.uk","regarded  firm  ","located in"," a very central"
"childrenfirst.nhs.uk","  firm  ","located in"," Colchester,"
"nusonline.co.uk","Small  square  ","located in"," bohemian"
"quickstart.developerfusion.co.uk","  content  ","located in"," relational"
"reform.co.uk","century  house  ","located in"," the original"
"supervets.rvc.ac.uk","""  industries  ","located in"," various old"
"paine.wiau.man.ac.uk","  section  ","located in"," a LEA ''s office"
"travel.excite.co.uk","11  apartments  ","located in"," and around"
"rushmoor.gov.uk"," ","located in"," the USA."
"xfmmanchester.co.uk","  hotel  ","located in"," the 15th"
"jules-verne.co.uk","over 200  staff  ","located in"," Cwmbran ''s"
"union.ic.ac.uk","a few  towns  ","located in"," the centre of"
"union.ic.ac.uk","  settlement  ","located in"," a relatively"
"frequencycast.co.uk","  Analyst  ","located in","... GRADUATE"
"frequencycast.co.uk","  Analyst  ","located in","... 5 x Project"
"matazone.co.uk","old  building  ","located in"," the"
"scfuk.org.uk","is a  museum  ","located in"," a beautiful """
"jotrust.co.uk","regarded  firm  ","located in"," a very central"
"jotrust.co.uk","  sensor  ","located in"," the radiator/"
"reform.co.uk","  sensor  ","located in"," the radiator/"
"northumberland.gov.uk","owned  sites  ","located in"," the"
"softsteel.co.uk","  reserves  ","located in"," the Czech"
"softsteel.co.uk","  reserves  ","located in"," a countryside"
"fibromyalgiarelief.journeys-by-rail.co.uk","owned  caravan  ","located in"," the centre of"
"fibromyalgiarelief.journeys-by-rail.co.uk","owned  caravan  ","located in"," the centre of"
"fibromyalgiarelief.journeys-by-rail.co.uk","owned  caravan  ","located in"," the centre of"
"fibromyalgiarelief.journeys-by-rail.co.uk","owned  caravan  ","located in"," the centre of"
"fibromyalgiarelief.journeys-by-rail.co.uk","owned  caravan  ","located in"," the centre of"
"driving.timesonline.co.uk","Third  floors  ","located in"," an angle"
"driving.timesonline.co.uk","Blue chip  firm  ","located in"," central"
"french-property-1st.co.uk","Blue chip  firm  ","located in"," central"
"bankofengland.co.uk","is a new  hostel  ","located in"," one of the most"
"lewes-flood-action.org.uk","a  guesthouse  ","located in"," the heart of"
"reform.co.uk","  hotel  ","located in"," the heart of"
"hartpub.co.uk",". Itâ?  ?s  ","located in"," an"
"alcoholconcern.org.uk","29  facilities  ","located in"," 15 countries"
"north.iwm.org.uk","  section  ","located in"," a LEA ''s office"
"thewhitegoddess.co.uk","00:00  Firm  ","located in"," Ely require an"
"london.iwm.org.uk","two star  hotel  ","located in"," the 15th"
"forums.cnet.co.uk","  property  ","located in"," the"
"fpigraphics.co.uk","advice  centre  ","located in"," Fareham. As an"
"battleships-cruisers.co.uk","state  courts  ","located in"," Santa Clara"
"hrothgar.co.uk","  terminals  ","located in"," the J B"
"hrothgar.co.uk","  workstations  ","located in"," public"
"www-h.eng.cam.ac.uk","reed  switch  ","located in"," the middle of"
"lossphenterminepillweight.journeys-by-rail.co.uk","3, 100  lawyers  ","located in"," 22 countries"
"stayinwales.co.uk","  college  ","located in"," northeast"
"shopsafe.co.uk",", FRY  Forces  ","located in"," Zone 3 will"
"alcoholconcern.org.uk","via a  tunnel  ","located in"," the"
"ivebeenthere.co.uk","state  courts  ","located in"," Santa Clara"
"bankofengland.co.uk","  Analyst  ","located in","... GRADUATE"
"bankofengland.co.uk","  Analyst  ","located in","... Analyst"
"footprint-adventures.co.uk"," ","located in"," the USA and"
"amigahistory.co.uk","acre  site  ","located in"," Itasca and St."
"1st-for-provence-property.co.uk","display  units  ","located in"," the home for"
"alcoholconcern.org.uk","  companies  ","located in"," the Maidstone"
"nmsi.ac.uk","a  university  ","located in"," a different"
"southampton.gov.uk","regarded  firm  ","located in"," a very central"
"vetgate.ac.uk","  Institutions  ","located in"," and around the"
"ivebeenthere.co.uk","00:00  Firm  ","located in"," Norfolk"
"ivebeenthere.co.uk","  firm  ","located in"," the heart of"
"towerhamlets.gov.uk",". 7 deep  mines  ","located in"," Central and"
"cogsci.ecs.soton.ac.uk","  offices  ","located in"," expensive and"
"basic-skills.co.uk","  offices  ","located in"," London and New"
"guardianoffers.co.uk","  horses  ","located in"," Vailhan in"
"pclincs.co.uk","  barbecue  ","located in"," the picnic"
"rigby-research.co.uk","to a  jail  ","located in"," the remote"
"stoke.gov.uk","type  devices  ","located in"," the flow. If"
"wellingborough.gov.uk","  merchants  ","located in"," Melton"
"www2.le.ac.uk","  workstations  ","located in"," libraries."
"methodist.org.uk","  lakes  ","located in"," this LCA are"
"ami.ac.uk","of Irish  ice  ","located in"," the valley,"
"londonmet.ac.uk","of Irish  ice  ","located in"," the valley,"
"methodist.org.uk","audio  library  ","located in"," Borehamwood"
"waxandwane.co.uk","some  wells  ","located in"," the Jordanian"
"reliefstresstechnique.journeys-by-rail.co.uk","  tanneries  ","located in"," ramshackle"
"ami.ac.uk","of Irish  ice  ","located in"," the valley,"
"londonmet.ac.uk","of  objects  ","located in"," various"
"scism.sbu.ac.uk","a  thermistor  ","located in"," the oxygen"
"www-h.eng.cam.ac.uk",". A top  B&B  ","located in"," Christchurch"
"www-h.eng.cam.ac.uk","  hotel  ","located in"," central"
"sellstudentbooks.co.uk","two  wetlands  ","located in"," the south of"
"manchestermates.co.uk","  resource  ","located in"," the area of"
"www-h.eng.cam.ac.uk","5-star  hotel  ","located in"," the heart of"
"www-h.eng.cam.ac.uk","  hotel  ","located in"," the heart of"
"matazone.co.uk","and  branches  ","located in"," various"
"scfuk.org.uk","and  cattle  ","located in"," the upper Dee"
"cranfield.ac.uk",", a gift  shop  ","located in"," the Cotswolds"
"biffa.co.uk","  business  ","located in"," the lush"
"dtg.org.uk","  hotel  ","located in"," the heart of"
"rigby-research.co.uk","main  rivers  ","located in"," this LCA."
"hotspot.co.uk","of Irish  ice  ","located in"," the valley,"
"union.ic.ac.uk","  retreat  ","located in"," the beautiful"
"hltmag.co.uk","of Irish  ice  ","located in"," the valley,"
"lrd.org.uk","on  trees  ","located in"," different """
"faber.co.uk","  businesses  ","located in"," the United"
"projects.ed.ac.uk","  reception  ","located in"," Exchange"
"genome.wellcome.ac.uk","375  staff  ","located in"," 23 local"
"sextonblake.co.uk","  program  ","located in"," Los Alamitos/"
"reform.co.uk","elegant  hotel  ","located in"," the heart of"
"pclincs.co.uk","""  button  ","located in"," the "" Sequence"
"towerhamlets.gov.uk","almost  anyone  ","located in"," an urban"
"rigby-research.co.uk","  development  ","located in"," Hackney,"
"scom.hud.ac.uk","elegant  hotel  ","located in"," the heart of"
"footprint-adventures.co.uk","bin  diectory  ","located in"," counter"
"projects.ed.ac.uk","  retreat  ","located in"," the beautiful"
"ami.ac.uk","  planets  ","located in"," the region of"
"startinbusiness.co.uk","of Irish  ice  ","located in"," the valley,"
"foldsoc.co.uk","FFTW  library  ","located in"," dir, rather"
"fpigraphics.co.uk","many  examples  ","located in",""
"mcsolutions.co.uk","of Irish  ice  ","located in"," the valley,"
"towerhamlets.gov.uk","of fast  PCs  ","located in"," at least 4"
"mml.cam.ac.uk","  business  ","located in"," the lush"
"startinbusiness.co.uk"," ","located in"," Abingdon,"
"shopsafe.co.uk","almost  anyone  ","located in"," an urban"
"mbbcanal.demon.co.uk","and  cattle  ","located in"," the upper Dee"
"processengineering.co.uk","rooms  hotel  ","located in"," the city"
"processengineering.co.uk","  building  ","located in"," the city"
"tssa.org.uk","by ice  fronts  ","located in"," the lower"
"foldsoc.co.uk","and by  default  ","located in"," the same"
"mediawatchwatch.org.uk","Four  lakes  ","located in"," this LCA have"
"netfit.co.uk","FFTW  library  ","located in"," dir, rather"
"nwdaf.co.uk","  Scientists  ","located in"," different"
"libertarian.co.uk","active  nest  ","located in"," a large cavity"
"scfuk.org.uk","UK  operations  ","located in"," Harrow,"
"reform.co.uk","  mini-library  ","located in"," the heart of"
"processengineering.co.uk","  cottage  ","located in"," the beautiful"
"biffa.co.uk","  hotel  ","located in"," the heart of"
"faber.co.uk","the  galaxies  ","located in"," a certain"
"reform.co.uk"," ","located in"," Basingstoke,"
"ministryoftruth.org.uk","of Irish  ice  ","located in"," the valley,"
"genome.wellcome.ac.uk","  forest  ","located in"," the uplands of"
"reform.co.uk","of an ice  lobe  ","located in"," the col"
"walesdirectory.co.uk","see the  files  ","located in"," this project"
"www2.newsquest.co.uk","of Irish  ice  ","located in"," the valley,"
"reform.co.uk","of Irish  ice  ","located in"," the valley,"
"walesdirectory.co.uk","  partners  ","located in"," provinces"
"paul.merton.ox.ac.uk","of  elegance  ","located in"," the heart of"
"towerhamlets.gov.uk","Corba  objects  ","located in"," the Web server"
"towerhamlets.gov.uk","  laboratories  ","located in"," Teddington,"
"visitfrance.co.uk"," ","located in"," a spectacular"
"genome.wellcome.ac.uk","  Scientists  ","located in"," different"
"inntravel.co.uk","of  objects  ","located in"," various"
"gpenterprises.co.uk","Prime  servers  ","located in"," a secure"
"gpenterprises.co.uk","and  email  ","located in"," Alexandria"
"softsteel.co.uk","  businesses  ","located in"," the United"
"hltmag.co.uk","two star  hotel  ","located in",""
"jpr.org.uk","modern  hotel  ","located in"," the heart of"
"mpa.gov.uk","Care at  sites  ","located in"," the EU, Israel"
"litnotes.co.uk","  servers  ","located in"," Houston Texas"
"cornwallriversproject.org.uk","guest  house  ","located in"," the heart of"
"history.powys.org.uk",". sif  file  ","located in",". . \(RIPREP"
"history.powys.org.uk",". sif  file  ","located in",". . \(Original"
"georgefwhite.co.uk","  farmhouses  ","located in"," Rome, Tuscany"
"risingtide.org.uk","by  cable  ","located in"," Dull ski"
"raeng.org.uk","two  offices  ","located in"," the different"
"c-r-y.org.uk","  details  ","located in"," the member ''s"
"re-xs.ucsm.ac.uk","a  warehouse  ","located in"," Denbigh. This"
"re-xs.ucsm.ac.uk","DIY  stores  ","located in"," Blackburn and"
"bankofengland.co.uk","  stations  ","located in"," 55 cities and"
"sini.co.uk","  Scientists  ","located in"," different"
"keble.ox.ac.uk","  engines  ","located in"," a compound to"
"lfhe.ac.uk","  operatives  ","located in"," all parts of"
"sconul.ac.uk","six  companies  ","located in"," the UK, Europe"
"abebooks.co.uk","a cheap  hotel  ","located in"," Central"
"jagged-globe.co.uk","  basement  ","located in"," the western"
"ourdogs.co.uk","  excellence  ","located in"," the Faculty of"
"thunderchunky.co.uk","  hotels  ","located in"," South"
"abports.co.uk","  town  ","located in"," the most"
"abports.co.uk","shops and  bars  ","located in"," the"
"hlf.org.uk","with  schools  ","located in"," areas of high"
"freud.org.uk","  diaphragm  ","located in"," the vertical"
"hi-life.co.uk","found at  sites  ","located in"," the immediate"
"bco.org.uk","of 3-4  cities  ","located in"," 10 different"
"anm.co.uk","  companies  ","located in"," the"
"business-ebooks.classic-literature.co.uk",""" log off ""  link  ","located in"," the side menu."
"mugford.co.uk","above  surface  ","located in"," a cutting with"
"met.reading.ac.uk","remote  region  ","located in"," the extreme"
"larsoa.org.uk","two  islands  ","located in"," the middle of"
"ssg.org.uk","  apartments  ","located in"," La Manga Club."
"ncc.org.uk","4 stars  Hotel  ","located in"," the center of"
"rcog.org.uk"," ","located in"," all the"
"thamesvalley.police.uk","city  hotel  ","located in"," the heart of"
"o2.co.uk","India, 2  stars  ","Located in"," city centre,"
"o2.co.uk","India, 3  stars  ","Located in"," the city ''s"
"asthma.org.uk","  building  ","located in"," the business"
"asthma.org.uk","5  stars  ","Located in"," the heart of"
"asthma.org.uk","5  stars  ","Located in"," the centre of"
"cbi.org.uk","modern  hotel  ","located in"," an excellent"
"boards.babycentre.co.uk","a small  island  ","located in"," the middle of"
"usembassy.org.uk","bedroom  hotel  ","located in"," Devonport,"
"multimap.co.uk","  points  ","located in"," the arena and"
"basc.org.uk","  stations  ","located in"," North & East"
"dentalhealth.org.uk","five MRC  Units  ","located in"," Cambridge,"
"dentalhealth.org.uk","4  stars  ","Located in"," the heart of"
"your-move.co.uk","4 star  hotel  ","located in"," the heart of"
"nottinghamcivicsociety.org.uk","support  staff  ","located in"," a single site."
"careinternational.org.uk","London  store  ","located in"," Carnaby"
"larsoa.org.uk","  apartments  ","located in"," the"
"thamesvalley.police.uk","  machines  ","located in"," Libraries and"
"energywatch.org.uk","bedroom  hotel  ","located in"," Devonport,"
"ngs.org.uk","  stations  ","located in"," the various"
"encyclopedia.classic-literature.co.uk","well  targets  ","located in"," a range of"
"wads.le.ac.uk","and  galleries  ","located in"," the regions"
"hi-life.co.uk","  promotions  ","located in"," and around"
"hi-life.co.uk","  calendar  ","located in"," the members"
"eurekavideo.co.uk","the  refiners  ","located in"," the oil"
"housingnet.co.uk","  territories  ","located in"," the coast"
"bura.org.uk","  radiologists  ","located in"," the UK and ROI"
"isj.org.uk","4 star  Hotel  ","located in"," the heart of"
"pickfords.co.uk","  screens  ","located in"," the main"
"edinburgh-galleries.co.uk","4  stars  ","Located in"," a quiet"
"eastdevon.gov.uk","4  stars  ","Located in"," the heart of"
"yorkshiredales.org.uk","4  stars  ","Located in"," Sodermalm,"
"ncc.org.uk","guest  house  ","located in"," New Chapel,"
"walesoffice.gov.uk","3  stars  ","Located in"," a typically"
"shelterhelper.co.uk","dress  shoes  ","located in"," stores all"
"rfh.org.uk","  hotel  ","located in"," the centre of"
"strategy.gov.uk","comedy  club  ","located in"," the heart of"
"mirandanet.ac.uk","the  controls  ","located in"," the pump house"
"curriculumonline.gov.uk","town  houses  ","Located in"," a peaceful"
"englandhockey.co.uk","China, 4  stars  ","Located in"," the city"
"globalsnookercentre.co.uk","  offices  ","located in",": Boston,"
"globalsnookercentre.co.uk","  offices  ","located in",": Brampton,"
"globalsnookercentre.co.uk","  office  ","located in",": Adelaide,"
"richardrogers.co.uk","H-1053 4  stars  ","Located in"," the heart of"
"rcog.org.uk","Tetra  masts  ","located in"," and around the"
"rural.co.uk",", 4  stars  ","Located in"," a residential"
"google.co.uk","quality  hotel  ","located in"," the heart of"
"cbi.org.uk","  Buildings  ","located in",""
"larsoa.org.uk","M25  stores  ","located in",": Kensington,"
"casa.ucl.ac.uk","N-0166 4  stars  ","Located in"," quiet"
"casa.ucl.ac.uk","  hotel  ","located in"," a quiet area of"
"deadbrain.co.uk","  company  ","located in"," Bethesda,"
"hospitality.hud.ac.uk","in a  shop  ","located in"," the same"
"huddsonline.co.uk","  machine  ","located in"," the hallway"
"asc.org.uk","  site  ","located in"," the northwest"
"isg-fi.org.uk","service  desks  ","located in"," both"
"cest.org.uk","  church  ","located in"," Portsea. As"
"eurekavideo.co.uk",".  LOCATION  ","Located in"," Port Ghalib,"
"commonsleader.gov.uk","  resorts  ","located in"," Ari atoll, Raa"
"socialenterprise.org.uk","of any  hotel  ","located in"," Osaka. Banks,"
"audit-commission.gov.uk",".  com  ","Located in"," the Languedoc"
"arthritiscare.org.uk","wind  turbines  ","located in"," areas exposed"
"itsadventuresouthwest.co.uk","  business  ","located in"," Enniskillen,"
"business-ebooks.classic-literature.co.uk","and  banks  ","located in"," the student ''s"
"dstan.mod.uk","China, 4  stars  ","Located in"," the centre of"
"confettishots.co.uk","3  stars  ","Located in"," a 16th century"
"cest.org.uk","of posh  hotels  ","located in"," the town or"
"ccis.org.uk",", the 24hr  desk  ","located in"," arrivals."
"ccis.org.uk",". com (  office  ","located in"," the South"
"taylorandfrancis.co.uk","and  factories  ","located in"," villages,"
"cest.org.uk","an open  space  ","located in"," front to"
"creditcards-gb.co.uk","  Boutique  ","located in"," product"
"cbi.org.uk","  residence  ","located in"," the"
"bnfl.co.uk","  areas  ","located in"," France,"
"spab.org.uk","Other  outlets  ","located in"," the WestEnd"
"shelterhelper.co.uk","  units  ","located in"," every vehicle"
"cest.org.uk","another  bank  ","located in"," the supplier"
"deadbrain.co.uk","  settlements  ","located in"," our, or near"
"yorkshiredales.org.uk","a UK  Pavilion  ","located in"," zone A. For"
"cesi.org.uk",".  LOCATION  ","Located in"," Khasab in"
"green-space.org.uk","all  entrances  ","located in"," the UK. Thanks"
"romancesouthwest.co.uk","  institution  ","located in"," the heart of"
"victorian-society.org.uk","at the  sites  ","located in",""
"tamesideadvertiser.co.uk","to  prisoners  ","located in"," A &#0044; B"
"absolutely-safe-surfaces.co.uk","service ''  link  ","located in"," the toolbar at"
"isj.org.uk","  offices  ","located in"," the town and"
"creative-audio.co.uk"," ","located in"," a Member State"
"dreweatt-neate.co.uk","deluxe  hotel  ","located in"," the heart of"
"swap.ac.uk","end  users  ","located in"," centres of"
"abi.org.uk","  toilets  ","located in"," arrivals/"
"adventurecompany.co.uk","guest  house  ","located in"," the heart of"
"photolondon.org.uk","  Unit  ","located in"," the basement"
"bnfl.co.uk","  sites  ","located in"," these areas of"
"cisc.org.uk","have  offices  ","located in"," Las Vegas,"
"walesoffice.gov.uk","college  town  ","located in"," a natural"
"bradfordcollege.ac.uk","of the 50  sites  ","located in"," "" Inner/"
"bdaa.co.uk","by  sites  ","located in"," the London"
"peterheadport.co.uk","and  hospitals  ","located in"," city centres"
"connexions.gov.uk","  monuments  ","located in"," the North of"
"shelterhelper.co.uk","with  schools  ","located in"," areas of high"
"encyclopedia.classic-literature.co.uk","  system  ","located in"," South"
"bima.co.uk",", 3  stars  ","Located in"," the centre of"
"public-standards.gov.uk","of three  camps  ","located in"," Bethlehem and"
"encyclopedia.classic-literature.co.uk","  offices  ","located in",": Boston,"
"encyclopedia.classic-literature.co.uk","  offices  ","located in",": Brampton,"
"encyclopedia.classic-literature.co.uk","  offices  ","located in",": Adelaide,"
"rtpi.org.uk","  resorts  ","located in"," Ari atoll, Raa"
"foresight.gov.uk","Student  disco  ","located in"," the bowels of"
"cambs-police.co.uk","or  university  ","located in"," the United"
"cambs-police.co.uk","or  university  ","located in"," the United"
"csbpct.org.uk","  facility  ","located in"," TRL ''s new"
"englandhockey.co.uk"," ","located in"," and around the"
"emrlga.gov.uk","There is a  lift  ","located in"," the"
"emrlga.gov.uk","a therapy  room  ","located in"," the health and"
"yourlondon.gov.uk","  resources  ","located in"," specific"
"housingnet.co.uk","  problems  ","located in"," the study"
"newforestpct.nhs.uk","home  zone  ","located in"," a village."
"finitesolutions.co.uk","Mayan  ruins  ","located in"," the"
"tribalgroup.co.uk","  offices  ","located in",": Boston,"
"tribalgroup.co.uk","  offices  ","located in",": Brampton,"
"tribalgroup.co.uk","  offices  ","located in",": Adelaide,"
"sabre-roads.org.uk","by  sensors  ","located in"," satellites"
"incredible.org.uk"," ","located in"," Pickering and"
"romance-books.classic-literature.co.uk","in the  shop  ","located in"," CAPs Central."
"photolondon.org.uk","a 4 stars  hotel  ","located in"," Safaga - red"
"mencap.org.uk","shopping  mall  ","located in"," the heart of"
"chaplin.bfi.org.uk",").  LOCATION  ","Located in"," central"
"hgc.gov.uk","of  hides  ","located in"," the dark pine"
"freesteel.co.uk","  guesthouse  ","located in"," an ancient"
"publicartonline.org.uk","  hospital  ","located in"," the west end"
"bradfordcollege.ac.uk","  businesses  ","located in"," or"
"communityfoundations.org.uk","  sources  ","located in"," archives"
"mssociety.org.uk","a 4-star  hotel  ","located in"," the heart of"
"smith-institute.org.uk"," ","located in"," ethnically"
"finitesolutions.co.uk","  centres  ","located in"," Varseveld and"
"wildlifetrust.org.uk","  computers  ","located in"," the"
"aberdeenshire.gov.uk"," ","located in"," the Lower"
"engsc.ac.uk","more  photos  ","located in"," the"
"northampton.ac.uk","  businesses  ","located in"," their"
"englandhockey.co.uk","fuel  tanks  ","located in"," secure areas"
"ihrc.org.uk","  applications  ","located in"," areas"
"n-e-ability.co.uk","  décor  ","located in"," the 16th"
"bucksss.nhs.uk","  monuments  ","located in"," the North of"
"sabre-roads.org.uk","  businesses  ","located in"," their"
"cambs-police.co.uk","of  stores  ","located in"," downtown"
"gooshing.co.uk","with an  event  ","located in"," one"
"foresight.gov.uk","  gantries  ","located in"," the charging"
"foresight.gov.uk","  Cameras  ","located in"," overhead"
"translink.co.uk","  resource  ","located in"," the"
"garden4less.co.uk","  firm  ","located in"," Central"
"casbah.ac.uk","  carousels  ","located in"," the expanded"
"ihrc.org.uk","  businesses  ","located in"," Northern"
"foresight.gov.uk","  population  ","located in"," most deprived"
"cimr.cam.ac.uk","  galleries  ","located in",". California"
"rtpi.org.uk","in  hospitals  ","located in"," Japan. Sperm"
"ealing.gov.uk","in  houses  ","located in"," the College"
"casbah.ac.uk","page ''  picture  ","located in"," the top-right"
"hmprisonservice.gov.uk","  resources  ","located in"," specific"
"english.ox.ac.uk","family  farms  ","located in"," and around"
"influenzaprotection.co.uk","  groups  ","located in"," areas of"
"adventurecompany.co.uk","  businesses  ","located in"," the UK the"
"encyclopedia.classic-literature.co.uk","in  houses  ","located in"," the College"
"rtpi.org.uk","based  company  ","located in"," New York City."
"aoa.org.uk","rooms or  rooms  ","located in"," the eaves"
"vts.intute.ac.uk","range of  books  ","located in"," each bay is"
"lucy-cav.cam.ac.uk","time to  time  ","located in"," a country"
"thisisbournemouth.co.uk","  offices  ","located in",": Boston,"
"thisisbournemouth.co.uk","  offices  ","located in",": Brampton,"
"thisisbournemouth.co.uk","  offices  ","located in",": Adelaide,"
"thisisbournemouth.co.uk",",  branches  ","located in"," shopping"
"vts.intute.ac.uk","  students  ","located in"," the"
"rtpi.org.uk","new  members  ","located in"," their area."
"london-first.co.uk","see the  files  ","located in"," this project"
"doctors.net.uk",", common  room  ","located in"," S staircase. 2"
"northampton.ac.uk","county  town  ","located in"," the centre of"
"berwick-upon-tweed.gov.uk","market  town  ","located in"," the heart of"
"worldvision.org.uk","  center  ","located in"," the heart of"
"worldaware.org.uk","  center  ","located in"," the heart of"
"ma.hw.ac.uk","value  card  ","located in"," an in-car unit"
"iguk.co.uk","Reps  desk  ","located in"," the South"
"wellsprings.org.uk","more than  half  ","located in"," developing"
"fta.co.uk","  business  ","located in",", and serving"
"penguincatalogue.co.uk",") Modern  hotel  ","located in"," a residential"
"cfit.gov.uk","Finding a  book  ","Located in"," one room on one"
"globalsnookercentre.co.uk","of 56  Centres  ","located in"," and around the"
"upandunder.co.uk","area.  Lockers  ","located in"," the Calder"
"cest.org.uk","  regions  ","located in"," the direct"
"ssg.org.uk","  service  ","located in"," the Student"
"cfit.gov.uk","  multiplex  ","located in"," the Prague"
"veteransagency.mod.uk","  center  ","located in"," the heart of"
"veteransagency.mod.uk","  center  ","located in"," the heart of"
"lucy-cav.cam.ac.uk","  programs  ","located in"," accredited"
"findit.co.uk","at a  sheepfold  ","located in"," highlands,"
"its.leeds.ac.uk","  facility  ","located in"," Manhattan at"
"wellsprings.org.uk","for  everyone  ","Located in"," Bermondsey,"
"hmprisonservice.gov.uk","of  granules  ","located in"," the"
"incredible.org.uk","  newspapers  ","located in"," the JCR."
"british-fiction.cf.ac.uk","  center  ","located in"," the heart of"
"nics.gov.uk","see the  files  ","located in"," this project"
"government-accounting.gov.uk","  change  ","located in"," the"
"regal-diving.co.uk","  offices  ","located in",": Boston,"
"regal-diving.co.uk","  offices  ","located in",": Brampton,"
"regal-diving.co.uk","  offices  ","located in",": Adelaide,"
"globalsnookercentre.co.uk","  desks  ","located in"," Terminals 1, 3"
"findit.co.uk","Study  Centres  ","located in",""
"hearing-dogs.co.uk","  groups  ","located in"," other"
"derbyshire.police.uk","the small  side  ","Located in"," one of the best"
"veteransagency.mod.uk","  centre  ","located in"," the Borough of"
"aqsa.org.uk","house  inn  ","located in"," Kinloch"
"cjsonline.gov.uk","  machine  ","located in"," the main"
"ihrc.org.uk","  kiosk  ","located in"," the new"
"cest.org.uk","  researchers  ","located in"," 20 government"
"agepositive.gov.uk","at  facilities  ","located in"," both the port"
"cats.org.uk","  apartments  ","located in"," unspoilt cove"
"british-fiction.cf.ac.uk","bedroom  homes  ","located in"," Pontefract."
"hearing-dogs.co.uk","of 19  projects  ","located in"," Co. Tyrone."
"communist-party.org.uk","built  home  ","located in"," the"
"shelterhelper.co.uk","  programs  ","located in"," accredited"
"heatherlea.co.uk","of the  brain  ","located in"," the temporal"
"gosh.nhs.uk","  staff  ","located in"," Winnipeg,"
"cyclingplus.co.uk","  desks  ","located in"," the terminals"
"king-james-bible.classic-literature.co.uk","  desk  ","located in"," the arrivals"
"eca.ac.uk","find  HotSpots  ","located in"," various"
"encyclopedia.classic-literature.co.uk","  plants  ","located in"," the"
"freightonrail.org.uk","  complex  ","located in"," the village of"
"cest.org.uk","  exchanges  ","located in"," remote areas."
"eto.org.uk","art  gallery  ","located in"," a college."
"readersdigest.co.uk","  house  ","located in"," this quiet and"
"ff1600.co.uk","  machine  ","located in"," the main"
"conwayhall.org.uk","  apartments  ","located in"," unspoilt cove"
"prospects.ac.uk","  facility  ","located in"," Stretford,"
"energywatch.org.uk","built  home  ","located in"," the"
"nrr.nhs.uk","house  inn  ","located in"," Kinloch"
"foresight.gov.uk","  gene  ","located in"," 17q25. The"
"staffordshire.police.uk","on  sites  ","located in"," two of the most"
"foresightvehicle.org.uk","a  mountain  ","located in"," its centre, Mt"
"staffordshire.police.uk",". The  studio  ","located in"," Weymouth"
"government-accounting.gov.uk","  capitalists  ","located in"," the private"
"forum.sydenham.org.uk","  points  ","located in"," designated"
"stopthebnp.org.uk","to a  business  ","located in"," a"
"business-ebooks.classic-literature.co.uk","  offices  ","located in"," each terminal"
"cfit.gov.uk","church  point  ","located in"," the immediate"
"transport.uwe.ac.uk","Citroën  plant  ","located in"," Rennes, in"
"dianeabbott.org.uk","  studio  ","located in"," the grounds of"
"dianeabbott.org.uk","  studio  ","located in"," the grounds of"
"aeat.co.uk","the  venues  ","located in"," the outlying"
"ff1600.co.uk"," ","located in"," London. Green"
"hearing-dogs.co.uk","and  shale  ","located in"," a continuous"
"aeat.co.uk","CBI  members  ","Located in"," London ''s"
"smc.org.uk","  districts  ","located in"," the"
"arriva.co.uk","  substations  ","located in"," the basement,"
"youknowsit.co.uk","  centre  ","located in"," the Borough of"
"iguk.co.uk","  walkways  ","located in"," the boarding"
"abd.org.uk","in the  world  ","located in"," the"
"hudsonsofficefurniture.co.uk","  buildings  ","located in"," the heart of"
"romance-books.classic-literature.co.uk","and  MNCs  ","located in"," Germany,"
"catholicchurch.org.uk","  power-pills  ","located in"," the four"
"aoa.org.uk","  approach  ","located in"," the. Of claims"
"cjsonline.gov.uk","  industry  ","located in"," the centre of"
"detective-stories.classic-literature.co.uk","is a gas  field  ","located in"," Blocks 49/ 29b"
"tandem-club.org.uk","  labs*  ","located in"," each of the"
"philosophy.ed.ac.uk","  Directorate  ","located in"," the Office of"
"abd.org.uk","  modules  ","located in"," different"
"taylorandfrancis.co.uk","  property  ","located in"," the sought"
"crees.bham.ac.uk","  centre  ","located in"," Elgin, is an"
"ihie.org.uk","  company  ","located in"," San Diego."
"cest.org.uk","Estate  Agents  ","located in"," the Town."
"king-james-bible.classic-literature.co.uk","only  zone  ","located in"," the centre of"
"cjsonline.gov.uk","  project  ","located in"," the City of"
"cei.group.cam.ac.uk","  fishery  ","located in"," the beautiful"
"derbyshire.police.uk","a large  muscle  ","located in"," the"
"derbyshire.police.uk","  muscle  ","located in"," the angle"
"findit.co.uk","contain  cells  ","located in"," a matrix with"
"tandem-club.org.uk",") is an  enzyme  ","located in"," the cytosol."
"king-james-bible.classic-literature.co.uk","a cash  machine  ","located in"," the Riverside"
"prospects.ac.uk","  occupiers  ","located in"," the nearby"
"cats.org.uk","  researchers  ","located in"," three"
"findit.co.uk","  maisonette  ","located in"," the heart of"
"findit.co.uk","  apartment  ","located in"," Primrose Hill"
"findit.co.uk","  apartments  ","located in"," one wing of"
"findit.co.uk","  building  ","located in"," the leafy part"
"tyneandwearmetro.co.uk","  programs  ","located in"," accredited"
"nics.gov.uk","being  centres  ","located in"," Shankill and"
"holidays2usa.co.uk","  property  ","located in"," downtown"
"e.volve.org.uk","  apartment  ","located in"," this"
"cambs-police.co.uk"," ","located in"," Scotland were"
"airline-network.co.uk","  galleries  ","located in",". Each person"
"king-james-bible.classic-literature.co.uk","the  shops  ","located in"," Dome Central."
"catholicchurch.org.uk","  units  ","located in"," different"
"chime.ucl.ac.uk","  compounds  ","located in"," the city ''s"
"roamingfox.co.uk","  houses  ","located in"," a mature"
"translink.co.uk","  research  ","located in"," Wales. Based"
"ncri.org.uk","  houses  ","located in"," a mature"
"detective-stories.classic-literature.co.uk","  company  ","located in"," San Diego."
"psychology.heacademy.ac.uk","  penthouses  ","located in"," Woking are..."
"tso.co.uk","being  centres  ","located in"," Shankill and"
"hearing-dogs.co.uk","of  excellence  ","located in"," the heart of"
"union.ic.ac.uk","  building  ","located in"," the heart of"
"hfea.gov.uk","a small  organ  ","located in"," between the"
"enjoyment.independent.co.uk",", works of  art  ","located in"," Reading and"
"enjoyment.independent.co.uk","for  paintings  ","located in"," Reading, UK."
"travelscope.co.uk"," ","located in"," the second"
"gloucestershire.police.uk",". The  studio  ","located in"," Weymouth"
"hmprisonservice.gov.uk","has  offices  ","located in"," Amsterdam,"
"hmprisonservice.gov.uk","1,000  lawyers  ","located in"," the US and"
"romance-books.classic-literature.co.uk","  facility  ","located in"," the heart of"
"built-environment.uwe.ac.uk","return  system  ","located in"," the arched"
"travelhealth.co.uk","  team  ","located in"," the UK, very"
"travelhealth.co.uk","  programs  ","located in"," accredited"
"privategpservices.co.uk","storey  house  ","located in"," a secluded"
"icsurreyonline.icnetwork.co.uk","ro-ro  ports  ","located in"," South west"
"built-environment.uwe.ac.uk","3-star  hotel  ","located in"," a park area"
"hearing-dogs.co.uk","  Managers  ","located in"," the heart of"
"goplanetgo.co.uk","air  grilles  ","located in"," the raised"
"detective-stories.classic-literature.co.uk","quantum  dots  ","located in"," high-Q cavity"
"whatlaptop.co.uk","  businesses  ","located in"," and around the"
"movinghere.org.uk","  development  ","located in"," the heart of"
"diveinstruct.org.uk","role. But a  hub  ","located in"," the Thames"
"debrisfield.russellwild.co.uk"," ","located in"," Runaway Bay"
"t3.co.uk","  facility  ","located in"," the heart of"
"merseybasin.org.uk","  detectors  ","located in"," the"
"west-midlands.police.uk","  houses  ","located in"," a mature"
"www1.imperial.ac.uk","  instructors  ","located in"," every part of"
"homeless.org.uk","or any  type  ","located in"," Scotland are"
"newsgator.co.uk","style  bistro  ","located in"," a former"
"ihrc.org.uk","in  branches  ","located in"," Bitterne,"
"pixeldiva.co.uk","  sculptures  ","located in"," public places"
"uk-shop-index.co.uk","and  retailers  ","located in"," the West Quay"
"adventurefirstaid.co.uk"," ","located in"," Europe, USA"
"roamingfox.co.uk"," ","located in"," areas"
"bhamb.nhs.uk","town  house  ","located in"," a very"
"aberdeenshire.gov.uk","  agent  ","located in"," Battersea"
"ragtail.co.uk","is a small  town  ","located in"," the Irvine"
"psychology.heacademy.ac.uk","estate  agents  ","located in"," Stoke"
"gloucestershire.police.uk","in the  world  ","located in"," the"
"weblog.vavatch.co.uk","  houses  ","located in"," a mature"
"raygirvan.co.uk","Estate  Agents  ","located in"," Kensal Rise"
"raygirvan.co.uk","estate  agent  ","located in"," Tunbridge"
"raygirvan.co.uk","  agent  ","located in"," the Rayners"
"raygirvan.co.uk","estate  agents  ","located in"," Little Venice"
"raygirvan.co.uk","estate  agency  ","located in"," South East"
"dsu.org.uk","a cash  machine  ","located in"," the Riverside"
"dsu.org.uk","a Cash  Machine  ","located in"," the Riverside"
"dsu.org.uk","a Cash  Machine  ","located in"," the Riverside"
"seniority.co.uk","  stations  ","located in"," the Aire and"
"newsgator.co.uk","and  families  ","located in"," some of"
"sussex.police.uk","the  cameras  ","located in"," the Palace of"
"red4.co.uk","bedroom  homes  ","located in"," Pontefract."
"crigs.uwe.ac.uk","police  shops  ","located in"," the town"
"aberdeenshire.gov.uk","  buildings  ","located in"," downtown"
"ics.heacademy.ac.uk"," ","located in"," Runaway Bay"
"hmprisonservice.gov.uk","  houses  ","located in"," a mature"
"durham21.co.uk","power  plant  ","located in"," the southern"
"pixeldiva.co.uk","  buildings  ","located in"," the vicinity."
"celotex.co.uk","  scheme  ","located in"," South Telford"
"crim.ox.ac.uk","from a  port  ","located in"," the south of"
"ifs.org.uk","perdue  saysto  ","located in"," the. As"
"holidays2usa.co.uk","  houses  ","located in"," a mature"
"olympus.co.uk","roof  terraces  ","located in"," the centre of"
"law.soton.ac.uk","  hysteroscopy  ","Located in"," the popular"
"conwy.gov.uk","has  offices  ","located in"," Amsterdam,"
"conwy.gov.uk","1,000  lawyers  ","located in"," the US and"
"deafforum.co.uk","  projects  ","located in"," each of the 4"
"cornishcottageholidays.co.uk","MPI  compilers  ","located in","/opt/ scali/"
"genesys.shef.ac.uk","  company  ","located in"," Mayfair,"
"breakaways.co.uk","family  home  ","located in"," the heart of"
"breakaways.co.uk","period  house  ","located in"," a popular road"
"breakaways.co.uk","1930 ''s  house  ","located in"," the popular"
"breakaways.co.uk","  cottage  ","located in"," a quiet"
"paspecialists.co.uk","letting  agent  ","located in"," London W1"
"land-care.org.uk","  property  ","located in"," the popular"
"lrsleaderplus.org.uk","  enzymes  ","located in"," the inner"
"eviltree.co.uk","on the  beach  ","Located in"," beautiful"
"univ.ox.ac.uk","  property  ","located in"," this sought"
"univ.ox.ac.uk","  bungalow  ","located in"," this popular"
"univ.ox.ac.uk","  property  ","located in"," this popular"
"land-care.org.uk","sales  agency  ","located in"," Kingsland"
"land-care.org.uk","estate  agency  ","located in"," south London,"
"reigate-banstead.gov.uk","  colleges  ","located in"," the area, with"
"shropshire.gov.uk","outfall  pipe  ","located in"," a manhole"
"cpu.org.uk","  schools  ","located in"," Dollar,"
"tribaleducation.co.uk","estate  agents  ","located in"," the heart of"
"interfleet.co.uk","  guideway  ","located in"," the central"
"interfleet.co.uk","and  flats  ","located in"," popular"
"reigate-banstead.gov.uk","  documents  ","located in"," the Filters"
"shropshire.gov.uk",", by  default  ","located in"," the"
"shropshire.gov.uk",", by  default  ","located in"," the"
"podiatrypages.co.uk","MPI  compilers  ","located in","/opt/ scali/"
"livingstonfc.co.uk","family  house  ","located in"," one of"
"regenex.co.uk","  management  ","located in"," different"
"westlancsdc.gov.uk","  apartment  ","located in"," this"
"westlancsdc.gov.uk","  apartments  ","located in"," this brand new"
"westlancsdc.gov.uk","  apartments  ","located in"," this brand new"
"westlancsdc.gov.uk","  apartment  ","located in"," the very"
"westlancsdc.gov.uk","and  porter  ","located in"," the heart of"
"redbourn.org.uk","  seekers  ","located in"," the countries"
"blue-witch.co.uk","  offices  ","located in"," Bloomsbury,"
"blue-witch.co.uk","and  lettings  ","located in"," the High"
"blue-witch.co.uk","  agency  ","located in"," North West of"
"smirnoffunderbelly.co.uk","  building  ","located in"," the centre of"
"ubu.brad.ac.uk","estate  agency  ","located in"," Willesden"
"ubu.brad.ac.uk","  company  ","located in"," one of London"
"heneb.co.uk","estate  agency  ","located in"," the heart of"
"heneb.co.uk","  agency  ","located in"," Hammersmith,"
"nuffield.org.uk","roof  terraces  ","located in"," the centre of"
"nuffield.org.uk","  building  ","located in"," St Georges"
"nuffield.org.uk","  apartment  ","located in"," the heart of"
"nuffield.org.uk","  apartment  ","located in"," this"
"bakerlite.co.uk","as a  condenser  ","located in"," a higher"
"milespublishing.co.uk","  properties  ","located in"," the heart of"
"milespublishing.co.uk","  offices  ","located in"," Epsom,"
"toys-world.co.uk","  members  ","located in"," Mexico, Great"
"oakhill.ac.uk","  businesses  ","located in"," or near to the"
"land-care.org.uk","  property  ","located in"," this popular"
"land-care.org.uk","  apartment  ","located in"," this highly"
"whaledolphintrust.co.uk","  apartments  ","located in"," this brand new"
"whaledolphintrust.co.uk","  apartments  ","located in"," the heart of"
"whaledolphintrust.co.uk","  apartments  ","located in"," this brand new"
"whaledolphintrust.co.uk","  apartment  ","located in"," the very"
"donsideheatingsupplies.co.uk","  children  ","located in"," Paisley,"
"cadgwithcovecottages.co.uk","CNSA  website  ","located in"," the External"
"cadgwithcovecottages.co.uk","on the  link  ","located in"," the related"
"sacredconnection.ndo.co.uk"," ","located in"," the England,"
"brainandspine.org.uk","June A  body  ","located in"," a gulley on St"
"icpress.co.uk","single  garage  ","located in"," a sought after"
"icpress.co.uk","  development  ","located in"," central"
"medphys.ucl.ac.uk","and  garage  ","located in"," a desirable"
"safetynet.org.uk","  hotels  ","located in"," the heart of"
"wedding-matters.co.uk","  businesses  ","located in"," these areas"
"yateley-tc.gov.uk","estate  agency  ","located in"," the heart of"
"yateley-tc.gov.uk","  market  ","located in"," Queensbury"
"dunbar.org.uk","4- star  hotel  ","located in"," downtown"
"nwcbu.org.uk","- Live  webcams  ","located in"," the US, broken"
"irregularrecords.co.uk","  playground  ","located in"," the orchard."
"pcpoh.bham.ac.uk","  apartments  ","located in"," unspoilt cove"
"bbsrc.ac.uk","  cul-de-sac  ","located in"," Frenchay."
"canterburyfestival.co.uk","  management  ","located in"," different"
"ccguide.org.uk","  bungalow  ","located in"," this much"
"ccguide.org.uk","  property  ","located in"," this sought"
"yourheart.org.uk","  apartment  ","located in"," the heart of"
"bcs-hci.org.uk","  property  ","located in"," this quiet"
"north-berwick.co.uk","  spaces  ","located in"," the basement,"
"estuarycottages.co.uk","  collections  ","located in"," the School of"
"icpress.co.uk","town  house  ","located in"," a very"
"wesc.ac.uk","  property  ","located in"," a popular area"
"cs.stir.ac.uk","family  home  ","located in"," the heart of"
"tmcentertainment.co.uk","or  email  ","located in"," Exeter, Devon"
"almeida.co.uk","webcam  sites  ","located in"," the UK and"
"threeemperors.org.uk","  programs  ","located in"," accredited"
"halifaxcouriertoday.co.uk","  employees  ","located in"," six sites"
"www-server.bcc.ac.uk","of  roles  ","located in"," India. The"
"bbfc.org.uk","  development  ","located in"," Kennington."
"bbfc.org.uk","  development  ","located in"," Kennington."
"bbfc.org.uk","  development  ","located in"," Kennington."
"bbfc.org.uk","  development  ","located in"," Kennington."
"bbfc.org.uk","  property  ","located in"," the"
"mansell.plc.uk","  bungalow  ","located in"," this much"
"mansell.plc.uk","  property  ","located in"," this sought"
"mansell.plc.uk","  property  ","located in"," this popular"
"mansell.plc.uk","  property  ","located in"," this sought"
"mansell.plc.uk","  property  ","located in"," this much"
"mansell.plc.uk","  property  ","located in"," this sought"
"mansell.plc.uk","  property  ","located in"," this much"
"mansell.plc.uk","  property  ","located in"," this much"
"mansell.plc.uk","  property  ","located in"," this sought"
"mansell.plc.uk","  property  ","located in"," this much"
"mansell.plc.uk","  property  ","located in"," this ever"
"mansell.plc.uk","  property  ","located in"," this sought"
"mansell.plc.uk","  property  ","located in"," this sought"
"mansell.plc.uk","  property  ","located in"," this popular"
"mansell.plc.uk","  property  ","located in"," this sought"
"hummy.org.uk","  school  ","located in"," the south of"
"dunbar.org.uk","  seekers  ","located in"," the countries"
"badgerland.co.uk","  services  ","located in"," the"
"eprints.ucl.ac.uk","that many  cams  ","located in"," Ireland so"
"hertsparts.nhs.uk",")  pupils  ","located in"," an area"
"www2.ost.gov.uk","  caves  ","located in"," the immediate"
"eternit.co.uk","  apartment  ","located in"," a discreet"
"acebabes.co.uk","  bays  ","located in"," Easton Street"
"meningitis.org.uk","one  store  ","located in"," most towns. It"
"oldham-chronicle.co.uk"," ","located in"," and around the"
"redcar-cleveland.gov.uk","  company  ","located in"," San Diego,"
"badgerland.co.uk","that  schools  ","located in"," special free"
"rif.org.uk","  apartment  ","located in"," this quiet"
"medphys.ucl.ac.uk","''  hotel  ","located in"," the very heart"
"socio.demon.co.uk","  development  ","located in"," the heart of"
"socio.demon.co.uk",", a  building  ","located in"," the Burroughs"
"uksteel.org.uk","if I have a  site  ","located in"," a"
"welwyn-hatfield-pct.nhs.uk","roof  terrace  ","located in"," the heart of"
"poauk.org.uk","the  factories  ","located in"," the town. 1200"
"brainandspine.org.uk","period  house  ","located in"," a picturesque"
"rts.org.uk","road  sites  ","located in",""
"jdwetherspoon.co.uk","terraced  home  ","located in"," this popular"
"brainandspine.org.uk","  technologies  ","located in"," downtown"
"linuxworldexpo.co.uk","The  Workhouse  ","located in"," Exning Parish"
"brainandspine.org.uk","  designer  ","located in"," usa."
"orkneycommunities.co.uk","  Units  ","located in"," public"
"lawreports.co.uk","  craftmanship  ","Located in"," an Area of"
"radiocity.co.uk","  seekers  ","located in"," the countries"
"mthr.org.uk","in  schools  ","located in"," England and"
"www-phm.umds.ac.uk","  grounds  ","located in"," a popular"
"www-phm.umds.ac.uk","  apartment  ","located in"," a large newly"
"area5.co.uk","the  Workhouse  ","located in"," Damers Road,"
"movie-mistakes.co.uk","  webcam  ","located in"," the clock"
"babcp.org.uk","small  factory  ","located in"," an old cellar."
"discover-the-world.co.uk","  apartment  ","located in"," this portered"
"discover-the-world.co.uk","  building  ","located in"," the heart of"
"discover-the-world.co.uk","  apartment  ","located in"," this portered"
"discover-the-world.co.uk","  building  ","located in"," the heart of"
"tfmradio.co.uk"," ","located in"," Ayr, as well as"
"medicdirect.co.uk","  link  ","located in"," the External"
"socio.demon.co.uk","is an  Emirate  ","located in"," the United"
"nyo.org.uk","sale by  owner  ","located in"," various"
"whitehaven-news.co.uk",": With  lawyers  ","located in"," major"
"abm.me.uk","  residence  ","located in"," this popular"
"abm.me.uk","  residence  ","located in"," this"
"mansell.plc.uk","one  store  ","located in"," most towns. It"
"badgerland.co.uk","  activities  ","located in"," all four"
"ucu.org.uk","  apartment  ","located in"," the heart of"
"herefordshire.gov.uk","the two  manors  ","located in"," the township"
"laser2000.co.uk","two  floors  ","located in"," the popular"
"sac.org.uk","  building  ","located in"," the leafy part"
"sac.org.uk","  apartment  ","located in"," the heart of"
"posh-uk.org.uk","  estates  ","located in"," the"
"west-middlesex-hospital.nhs.uk","A Web  cam  ","located in"," the"
"destination-cornwall.co.uk","  stations  ","located in"," front of the"
"antecint.co.uk","piazza.  Lifts  ","located in"," the atrium"
"scouts.org.uk","  source  ","located in"," North"
"scouts.org.uk","  source  ","located in"," North"
"scouts.org.uk","  source  ","located in"," North"
"scouts.org.uk","  source  ","located in"," North"
"scouts.org.uk","  source  ","located in"," North"
"ride-uk.org.uk","of  housing  ","located in"," some"
"area5.co.uk","from the  link  ","located in"," the External"
"area5.co.uk","from the  link  ","located in"," the Current"
"area5.co.uk","from the  links  ","located in"," the Current"
"eprints.ucl.ac.uk","  gardens  ","Located in"," the village of"
"mike-stevens.co.uk","parking  space  ","located in"," the stone barn"
"mike-stevens.co.uk","  buildings  ","located in"," the South West"
"herefordshire.gov.uk","  building  ","located in"," this"
"welwyn-hatfield-pct.nhs.uk","two  floors  ","located in"," the heart of"
"publicinterestlawyers.co.uk","  apartment  ","located in"," the favoured"
"scouts.org.uk","a small  organ  ","located in"," between the"
"peaklandheritage.org.uk","  buildings  ","located in"," historically"
"eprints.ucl.ac.uk","  house  ","located in"," the heart of"
"eprints.ucl.ac.uk","  house  ","located in"," the heart of"
"musicforlondon.co.uk","and  nursery  ","located in"," area of"
"careforcoffee.co.uk","  area  ","located in"," our Stafford"
"mike-stevens.co.uk","  practices  ","located in"," the least"
"blue-witch.co.uk","  ligases  ","located in"," large"
"musicforlondon.co.uk","  source  ","located in"," North"
"musicforlondon.co.uk","  source  ","located in"," North"
"musicforlondon.co.uk","  source  ","located in"," North"
"musicforlondon.co.uk","  source  ","located in"," North"
"musicforlondon.co.uk","  source  ","located in"," North"
"musicforlondon.co.uk","  source  ","located in"," North"
"musicforlondon.co.uk","  source  ","located in"," North"
"musicforlondon.co.uk","  source  ","located in"," North"
"musicforlondon.co.uk","  source  ","located in"," North"
"musicforlondon.co.uk","  source  ","located in"," North"
"musicforlondon.co.uk","  source  ","located in"," North"
"musicforlondon.co.uk","  source  ","located in"," North"
"musicforlondon.co.uk","  source  ","located in"," North"
"musicforlondon.co.uk","  source  ","located in"," North"
"musicforlondon.co.uk","  source  ","located in"," North"
"musicforlondon.co.uk","  source  ","located in"," North"
"entec.co.uk","  technologies  ","located in"," downtown"
"tv-timewarp.co.uk","  conversion  ","located in"," one of South"
"tilebarncentre.co.uk","  conversion  ","located in"," one of"
"nwleics.gov.uk","  workers  ","located in"," the PPA and RP"
"scouts.org.uk","that it stars  R  ","Located in"," the centre of"
"lhds.uce.ac.uk","  premises  ","located in"," the area."
"erewash.gov.uk","  specialist  ","located in"," the heart of"
"beehive.thisisleicestershire.co.uk","  Studies  ","located in"," the Couzens"
"ucu.org.uk","  nightclubs  ","located in"," major centres"
"icpress.co.uk","  cafes  ","located in"," the cities,"
"fours.co.uk","  records  ","located in"," the Walcha"
"castle-jcr.dur.ac.uk","  university  ","located in"," one of the most"
"aab.org.uk","  access  ","located in"," the Level 2"
"mrc-epid.cam.ac.uk","to  retailers  ","located in"," East Durham,"
"breastcancercare.org.uk","  counterparty  ","located in"," a"
"scfhs.org.uk","to  businesses  ","located in"," the District"
"brsa.org.uk"," ","located in"," Scotland:"
"irs.aber.ac.uk","  centres  ","located in"," coastal and"
"site4sight.org.uk",").  Trees  ","located in"," private"
"proshareclubs.co.uk","  conversion  ","located in"," a quiet tree"
"dev.pocket-lint.co.uk","from the  link  ","located in"," External"
"itshowcase.co.uk","  restaurant  ","located in"," one of the"
"badgerland.co.uk","R&D  centers  ","located in"," Ghent and"
"astoft.co.uk","  attraction  ","located in"," Matlock Bath,"
"mike-stevens.co.uk","  players  ","located in"," Norfolk"
"keytel.co.uk","  restaurants  ","located in"," hotels."
"ride-uk.org.uk","of the  sector  ","located in"," Thetford and"
"clutch.open.ac.uk","  practices  ","located in"," any other"
"clutch.open.ac.uk","  practices  ","located in"," any other"
"questvitamins.co.uk","  services  ","located in"," Control Panel"
"durham.gov.uk","  environments  ","located in"," developing"
"scouts.org.uk","  entrance  ","located in"," one of South"
"sac.org.uk","R&D  centers  ","located in"," Ghent and"
"skyswood.herts.sch.uk","health  care  ","located in"," the Reference"
"uglycars.co.uk","  buildings  ","located in"," the best"
"dreamgallery.co.uk","Head  Offices  ","located in"," other"
"businessdesigncentre.co.uk","than 65  ATMs  ","located in"," Nairobi and"
"intervol.org.uk","for  managers  ","located in"," the UK or even"
"duxfordlodgehotel.co.uk","from  sawmills  ","located in"," the area of our"
"questvitamins.co.uk","to  businesses  ","located in"," East Durham to"
"xfm.co.uk"," ","located in"," Glasgow and"
"adrnow.org.uk","disc  rivet  ","located in"," the joint of"
"donaldsons.co.uk","  equipments  ","located in"," the same area."
"uglycars.co.uk","padlock  icon  ","located in"," the bottom"
"site4sight.org.uk","of a job  shop  ","located in"," the Hub"
"erewash.gov.uk","  store  ","located in"," the historic"
"wade.co.uk","  developer  ","located in"," Frankfurt,"
"astoft.co.uk"," ","located in"," the centre of"
"lfhhs.org.uk","amenity  value  ","located in"," an almost"
"childrenyouthandmediacentre.co.uk","  churches  ","located in"," this parish:"
"scars.org.uk","tail  rivet  ","located in"," the tail of a"
"mike-stevens.co.uk","  company  ","located in"," Research"
"ccguide.org.uk","tea  clipper  ","located in"," a dry dock in"
"wirksworth.org.uk","  developer  ","located in"," Lakewood,"
"lec.leeds.ac.uk","on  memorials  ","located IN"," Cornwall."
"adrnow.org.uk",". For  heaters  ","located in"," a dirty or"
"sac.org.uk","  enterprises  ","located in"," this section"
"labc.co.uk","Ridge  dairies  ","located in"," Fair Oaks, IN,"
"vetoquinol.co.uk","  centres  ","located in"," Scotland."
"vetoquinol.co.uk","of  libraries  ","located in"," selected"
"vetoquinol.co.uk","of  libraries  ","located in"," the selected"
"cairngorms.co.uk","  area  ","located in"," the Peak"
"movie-mistakes.co.uk","of a Wind  Farm  ","located in"," the National"
"vosperthornycroft.co.uk","  memorials  ","located in"," the actual"
"vosperthornycroft.co.uk","  memorials  ","located in"," Cornwall that"
"st-dunstans.org.uk","of the  plaques  ","located in"," the walls."
"capitalfm.co.uk","are  hotels  ","located in"," historic"
"heepi.org.uk","  businesses  ","located in"," rural areas."
"fours.co.uk","  restaurant  ","Located in"," the heart of"
"mceu.gov.uk","  headquarters  ","located in"," Sarajevo, the"
"pra.org.uk","  residence  ","located in"," Portley Wood"
"lhds.uce.ac.uk","  churches  ","located in"," this parish:"
"beaufort.hants.sch.uk","  residence  ","located in"," the"
"webcredible.co.uk","the  nail-hole  ","located in"," the nib where"
"cornwallinscriptions.co.uk","the  Glossary  ","located in"," the blue panel"
"telford.gov.uk"," ","located in"," Glasgow and"
"wavellschool.co.uk","  cottages  ","located in"," Bentham in the"
"enstoneuk.demon.co.uk","of  trees  ","located in"," the forest ("
"goals.ac.uk"," ","located in"," the EU or"
"fenland.gov.uk",". With  sites  ","located in"," Hammersmith,"
"doctortoday.co.uk","  hotel  ","located in"," the city"
"doctortoday.co.uk","run  hotel  ","located in"," a"
"blue-witch.co.uk","  facility  ","located in"," Bath. Open all"
"blue-witch.co.uk","  rowlandson  ","located in"," the centre of"
"wildstar-disco.co.uk","to their  store  ","located in"," Streatham."
"wildstar-disco.co.uk","to their  store  ","located in"," Streatham."
"wildstar-disco.co.uk","to their  store  ","located in"," Streatham."
"childrenyouthandmediacentre.co.uk","  facilities  ","located in"," the Scottish"
"gloucestershire.gov.uk","of our  Centres  ","located in"," East Devon and"
"genuki.bpears.org.uk","  company  ","located in"," the west part"
"genuki.bpears.org.uk","  company  ","located in"," the West part"
"virtualreality.physiol.ox.ac.uk","  memorials  ","located in"," Cornwall that"
"homesources.co.uk","the  community  ","Located in"," attractive"
"chambersandpartners.co.uk","of  c.3,300  ","located in"," the most"
"childcarelink.gov.uk","  organisation  ","located in"," the UK, our"
"leicestermuseums.ac.uk","the  college  ","located in"," Wisbech does"
"grocerytrader.co.uk","A  university  ","located in"," Rome, in"
"grocerytrader.co.uk","energy A  firm  ","located in"," Rome"
"grocerytrader.co.uk","220 AC A  firm  ","located in"," Rome"
"grocerytrader.co.uk","A  firm  ","located in"," Rome"
"grocerytrader.co.uk","domes A  firm  ","located in"," Rome is"
"grocerytrader.co.uk","A  firm  ","located in"," Rome"
"genuki.bpears.org.uk","  facilities  ","located in"," the Hall."
"product.dooyoo.co.uk","  businesses  ","located in"," the Centre."
"catalogue.bized.ac.uk","to their  store  ","located in"," Streatham."
"catalogue.bized.ac.uk","to their  store  ","located in"," Streatham."
"catalogue.bized.ac.uk","to their  store  ","located in"," Streatham."
"ihbc.org.uk"," ","located in"," the"
"workingfamilies.org.uk","G. A  monument  ","located in"," the Cemetery"
"burtonmail.co.uk","  crematoria  ","located in"," the present"
"powerdesk.co.uk","to their  store  ","located in"," Streatham."
"powerdesk.co.uk","to their  store  ","located in"," Streatham."
"powerdesk.co.uk","to their  store  ","located in"," Streatham."
"careers.civil-service.gov.uk","  kiosk  ","located in"," the centre."
"dfes.gov.uk","  organisation  ","located in"," the UK, our"
"new-ways-of-working.co.uk","  bollard  ","located in"," the centre of"
"countybride-bath.co.uk","to  colleges  ","located in"," the young"
"users.daelnet.co.uk","  churches  ","located in"," North East"
"coaching-life.co.uk","given to  pubs  ","located in"," settlements"
"paisley.ac.uk","in the book  bin  ","located in"," the main"
"paisley.ac.uk","  machines  ","located in"," the"
"arthritiscare.org.uk","  facility  ","located in"," Bath. Open all"
"arthritiscare.org.uk","  rowlandson  ","located in"," the centre of"
"wildyorkshire.co.uk","  office  ","located in"," Telford Bus"
"enstoneuk.demon.co.uk","  service  ","located in"," the member"
"carbonfree.co.uk","country  house  ","located in"," the scenic"
"arnolfini.org.uk","  institutions  ","located in"," the United"
"stocktrade.co.uk","  tunnels  ","located in"," an alfalfa"
"balloonsoverbritain.co.uk","  firms  ","located in"," the City,"
"dfes.gov.uk","century  grave  ","located in"," the south"
"commonsleader.gov.uk","  centres  ","located in"," London,"
"faststream.gov.uk","  services  ","located in"," wards of"
"cityparochial.org.uk","  facility  ","located in"," Bath. Open all"
"cityparochial.org.uk","  rowlandson  ","located in"," the centre of"
"wongablog.co.uk","pig  farm  ","located in"," the southern"
"chambersandpartners.co.uk","  exons  ","located in"," intron three"
"express.co.uk","  facility  ","located in"," Bath. Open all"
"express.co.uk","  rowlandson  ","located in"," the centre of"
"careinternational.org.uk","of  entries  ","located in"," the published"
"west-norfolk.gov.uk","was a  country  ","located in"," south-west"
"seal.org.uk","Espresso  bar  ","located in"," the busy city"
"three.co.uk","  customers  ","located in",""
"brookes.ac.uk","  team  ","located in"," another"
"culinaryconcepts.co.uk","formed  group  ","located in"," Pitlochry,"
"europeanlawyer.co.uk","field  station  ","located in"," south Italy,"
"planningportalprogramme.gov.uk","The  farm  ","located in"," East Anglia"
"homesources.co.uk","  hotel  ","located in"," Edinburgh"
"laptopstands.co.uk","  exercises  ","located in"," the Nathan"
"dicom.co.uk","are six  rooms  ","located in"," the tower"
"news.dooyoo.co.uk","  policies  ","located in"," the CDLP"
"sundaymirror.co.uk","  facility  ","located in"," Bath. Open all"
"sundaymirror.co.uk","  rowlandson  ","located in"," the centre of"
"breckland.gov.uk","  facility  ","located in"," Bath. Open all"
"breckland.gov.uk","  rowlandson  ","located in"," the centre of"
"cosmos.co.uk","  lesion  ","located in"," the centre)"
"cii.co.uk","  facility  ","located in"," Bath. Open all"
"cii.co.uk","  rowlandson  ","located in"," the centre of"
"createascene.co.uk","new  plant  ","located in"," the region."
"yini.org.uk","use.  Offices  ","located in"," Hereford"
"visitbristol.co.uk","  Office  ","located in"," new premises"
"arthritiscare.org.uk","  people  ","located in"," the North East"
"brc.org.uk","  lesion  ","located in"," the centre)"
"commonsleader.gov.uk","  gene  ","located in"," this region,"
"wlv.ac.uk","other  units  ","located in"," Derbyshire"
"medievalgenealogy.org.uk","  laboratories  ","located in"," Birmingham,"
"conservative-party.org.uk","  epitopes  ","located in"," the"
"wongablog.co.uk","400 sow  farm  ","located in"," East Anglia,"
"bitmap-brothers.co.uk","  initiatives  ","located in"," converted"
"cs.mdx.ac.uk","  apartments  ","located in"," and around the"
"guardianship.gov.uk","guest  house  ","located in"," the heart of"
"halifax.co.uk","name of a  topic  ","located in"," the current"
"theory.org.uk","  bank  ","located in"," the ASDA car"
"curriculumonline.gov.uk","  location  ","Located in"," the beautiful"
"seal.org.uk","town  house  ","located in"," Edinburgh ''s"
"scansoft.co.uk","degree  course  ","located in"," a U. K."
"scansoft.co.uk","  hotel  ","located in"," the West End of"
"wongablog.co.uk","  simulators  ","located in"," the Merston"
"shelterhelper.co.uk","name of a  topic  ","located in"," the current"
"wildyorkshire.co.uk","guest  house  ","located in"," the"
"nhsinherts.nhs.uk","town  centre  ","located in"," the former"
"nhsinherts.nhs.uk","on the  board  ","located in"," the"
"scilt.stir.ac.uk","by  webcams  ","located in"," areas of the"
"cs.mdx.ac.uk","  merchant  ","located in"," North Berwick"
"ngs.org.uk","call  centres  ","located in"," the USA,"
"scilt.stir.ac.uk","  organization  ","located in"," Nairobi,"
"greenham-common-trust.co.uk","  Oropendolas  ","located in"," a group of"
"wongablog.co.uk","  team  ","located in"," Shrewsbury,"
"arthritiscare.org.uk","are  libraries  ","located in"," 22 villages"
"computingplus.co.uk","  enterprises  ","located in"," the camp or"
"community.foe.co.uk","  organs  ","located in"," the inner ear."
"community.foe.co.uk","and  movement  ","located in"," our muscles,"
"community.foe.co.uk","of  movement  ","located in"," our joints and"
"brookes.ac.uk","for  companies  ","located in"," South London."
"gsi.org.uk","  cluster  ","located in"," the Public"
"brc.org.uk","  mansion  ","located in"," the"
"familyholidaysouthwest.co.uk","  suite  ","located in"," Esher Wing"
"wlv.ac.uk","  date  ","located in"," south-west"
"commonsleader.gov.uk","  kiosk  ","located in"," the centre."
"i-design.co.uk","US  companies  ","located in"," UK to"
"gresham.ac.uk","other  clinics  ","located in"," the area, and"
"mssociety.org.uk"," ","located in"," the valley of"
"austria.org.uk","hospital  site  ","located in"," Welwyn."
"star-www.rl.ac.uk","for  companies  ","located in"," South London."
"londonnet.co.uk","for  companies  ","located in"," South London."
"bg.ic.ac.uk","owned  caravan  ","located in"," the centre of"
"tendringdc.gov.uk","  officials  ","located in"," the ports were"
"careers.ncl.ac.uk","  restaurant  ","located in"," the place"
"holidayautos.co.uk","  vehicle  ","located in"," the"
"atm.ox.ac.uk",". ii.  Trees  ","located in"," Conservation"
"catholic-history.org.uk","  information  ","located in"," different"
"museumoflondon.org.uk","  department  ","Located in"," the Princess"
"basc.org.uk","  companies  ","located in"," 51 countries."
"camra.org.uk"," ","located in"," the Objective"
"londonnet.co.uk","  polymorphism  ","located in"," intron 26 of"
"bolton.gov.uk","  consultancy  ","located in"," San Francisco"
"scilt.stir.ac.uk","  sites  ","located in",""
"commonsleader.gov.uk",".  Sensors  ","located in"," the P-444"
"scre.ac.uk","for  companies  ","located in"," South London."
"sigur-ros.co.uk","for  companies  ","located in"," South London"
"sigur-ros.co.uk","  building  ","located in"," Richmond,"
"lhi.org.uk",".  Businesses  ","located in"," South London"
"cest.org.uk","Bragg  Grating  ","located in"," the pigtail."
"ncrm.org.uk","  apartment  ","located in"," Goonbell - a"
"imperial.ac.uk","  bungalows  ","located in"," Bricket Wood"
"cest.org.uk","up to 6  people  ","located in"," the centre of"
"wongablog.co.uk","employee  jobs  ","located in"," Shropshire ("
"lifesign.ac.uk","  properties  ","located in"," Jamaica, St."
"cosla.gov.uk","  reception  ","located in"," the Furnival"
"brc.org.uk","2 year  post  ","located in"," Canterbury,"
"nmk.co.uk","  equipment  ","located in"," these rooms."
"nma.co.uk","  bathroom  ","located in"," the centre of"
"yorkshiredales.org.uk","  projects  ","located in"," their home"
"yorkshiredales.org.uk","  subfolders  ","located in"," some central"
"yorkshiredales.org.uk",".  ini  ","located in"," the plugins/"
"basc.org.uk","  departments  ","located in"," the"
"sony.co.uk","tobacco  shop  ","located in"," the Seneca"
"sony.co.uk","from  retailer  ","located in"," western New"
"sony.co.uk",". ""  Stores  ","located in"," Atlanta and"
"sony.co.uk","has a  store  ","located in"," Knoxville,"
"sony.co.uk","smoke  shop  ","located in"," Pocatello,"
"sony.co.uk","  retailer  ","located in"," North"
"sony.co.uk",".  Store  ","located in"," Newport,"
"sony.co.uk","from  retailer  ","located in"," Edmunds, WA."
"sony.co.uk",".  Store  ","located in"," Raleigh and"
"sony.co.uk","tobacco  shop  ","located in"," Kentucky. 69."
"sony.co.uk",".  Store  ","located in"," Gatlinburg,"
"sony.co.uk","or mail.  Store  ","located in"," Annapolis,"
"sony.co.uk",".  Retailer  ","located in"," Elysburg, PA."
"highland.gov.uk",". The  pond  ","located in"," Kents Hill"
"tvec.org.uk","Street  shops  ","located in"," the city"
"clickandgovideo.ac.uk","  organization  ","located in"," Nairobi,"
"morecomputers.co.uk","art  gallery  ","located in"," Soho, New York"
"monitoring-group.co.uk","a vacuum  fan  ","located in"," the nearby"
"thamesvalley.police.uk","  topic  ","located in"," the Main web."
"thecompact.org.uk","  firm  ","located in"," New York City."
"mediaweek.co.uk","in a  prison  ","located in"," the centre of"
"looe.co.uk"," ","located in"," five"
"mirandanet.ac.uk","  service  ","located in"," Wichita Falls"
"sony.co.uk","based  courses  ","located in"," a safe"
"museumoflondon.org.uk","Research  team  ","located in"," Newcastle"
"towns.org.uk","  country  ","Located in"," the centre of"
"ssg.org.uk","  apartment  ","located in"," Goonown- a"
"londonnet.co.uk",". Some  shops  ","located in"," listed"
"trainingzone.co.uk","military  unit  ","located in"," Sarajevo. 16."
"bradfordcollege.ac.uk","the Help  Shops  ","located in"," each of the"
"hamptons.co.uk","  organization  ","located in"," the"
"brc.org.uk","  facilities  ","located in"," Thames Valley"
"thamesvalley.police.uk","of amino  acids  ","located in"," the antibody"
"crystalmaker.co.uk","some  garages  ","located in"," villages. How"
"cest.org.uk","are cycle  bays  ","located in"," Festival"
"larsoa.org.uk","  hotel  ","located in"," the very heart"
"bellway.co.uk","  fortress  ","located in"," the Rennes"
"plantronics.co.uk","  gardens  ","located in"," Westminster,"
"simplyparking.co.uk",".  UCL  ","located in"," central"
"branksomeheath.co.uk","  staff  ","located in"," cities are not"
"ispreview.co.uk","  agencies  ","located in"," key markets"
"apexhotels.co.uk","from  neurons  ","located in"," the dorsal"
"veganfamily.co.uk","a small  shop  ","located in"," our community"
"ilovemyduvet.co.uk","ionized  gas  ","located in",""
"thetimes100.co.uk","PR  agencies  ","located in"," Manchester."
"www2.caret.cam.ac.uk","  facility  ","located in"," Gustavus. The"
"backexpo.co.uk","the  clinic  ","Located in"," the Omni"
"egsa.org.uk","to a web  cam  ","located in"," their"
"simplyparking.co.uk",".  Books  ","located in"," category"
"anweb.co.uk","  stations  ","located in"," the Trent"
"jobswales.co.uk"," ","located in"," five"
"alexhughescartoons.co.uk","  resources  ","located in"," data centers"
"protectiononline.co.uk","  businesses  ","located in"," the town"
"soton.ac.uk","  sites  ","located in",""
"folkwales.org.uk","  hostel  ","located in"," Derry City"
"ispreview.co.uk",". The only  mill  ","located in"," the parish in"
"anweb.co.uk","of  meningioma  ","located in"," different"
"singleimage.co.uk","  advantage  ","located in"," an area that"
"ispreview.co.uk","by  genes  ","located in"," the RCA gene"
"longman.co.uk","reflex  points  ","located in"," the foot to"
"learndirect-ltw.co.uk","sandwich  bar  ","located in"," the Market"
"sports-council-wales.co.uk","world  war  ","located in"," the house"
"detour-records.co.uk","  surgeon  ","located in"," Metairie and"
"detour-records.co.uk","  surgeon  ","located in"," Metairie and"
"hidden-histories.org.uk","  centre  ","located in"," the city"
"w-isles.gov.uk","clapboard  inn  ","located in"," the Mad River"
"nut.org.uk","  marketplace  ","located in"," Madinat"
"ispreview.co.uk","is the  camp  ","located in"," a protected"
"rockpools.co.uk",". walcot.  com/  ","located in"," Bath. Posted"
"mnw.org.uk","  hotel  ","located in"," Marlow in"
"longman.co.uk","to the  right  ","located in"," the formation"
"get.hobsons.co.uk","a chicken  farm  ","located in"," the same area"
"greenwichfoundation.org.uk","g.,  companies  ","located in"," Hungary and"
"pvruk.co.uk","of the 5  pubs  ","located in"," and around"
"biad.uce.ac.uk","the travel  spa  ","Located in"," British"
"houlston.freeserve.co.uk","litter  bins  ","located in"," problem areas"
"credwood.freeserve.co.uk","PR  agencies  ","located in"," Manchester."
"nut.org.uk","  offices  ","located in"," London and"
"edinburgh.ac.uk"," ","located in"," the"
"edinburgh.ac.uk"," ","located in"," the"
"10ticks.co.uk","  advantage  ","located in"," an area that"
"biad.uce.ac.uk","and  farm  ","located in"," the remote"
"computacenter.co.uk","Modern  hotel  ","located in"," the ''golden"
"computacenter.co.uk","fronted  hotel  ","located in"," Antwerp ''s"
"nanotec.org.uk","P. Cs on  site  ","located in"," subject"
"teesdale.gov.uk","power  button  ","located in"," the centre."
"lincoln.gov.uk","seminar  rooms  ","located in"," the sub"
"photohistory-sussex.co.uk","find  bottles  ","located in"," Trench A Back"
"savvyclub.co.uk","  workings  ","located in"," the area. The"
"gedling.gov.uk","  villages  ","located in"," conservation"
"soton.ac.uk","in the  tunnels  ","located in"," the chalk"
"pvruk.co.uk","and  farm  ","located in"," the remote"
"biad.uce.ac.uk","and  suites  ","located in"," five"
"pensionsregulator.gov.uk","  hotel  ","located in"," the heart of"
"ibra.org.uk",".  Company  ","located in"," Givrand. 15."
"w-isles.gov.uk","Eagles ''  song  ","located in"," Todos Santos,"
"abertay-dundee.ac.uk","  centres  ","located in"," London."
"inclusion.ngfl.gov.uk","  communities  ","located in"," Lebanon,"
"wno.org.uk","  festival  ","located in"," the East Neuk."
"dajf.org.uk","  servers  ","located in"," different"
"redditch-operatic.co.uk","time  staff  ","located in"," our London"
"menshealthforum.org.uk","food &  service  ","located in"," the heart of"
"lnwrs.org.uk","for Arab  arts  ","located in"," Los Angeles,"
"lnwrs.org.uk","  association  ","located in"," Lebanon,"
"frg.org.uk","  Courts  ","located in"," Los Angeles"
"museums.norfolk.gov.uk","the two  teams  ","located in"," different"
"selfharm.org.uk","two  hostels  ","located in"," Bromsgrove"
"floti.bell.ac.uk","four  campuses  ","located in"," Cheltenham"
"headline.ac.uk","  manufacturer  ","located in"," Chongqing,"
"ispreview.co.uk","in a  mansion  ","located in"," the Mojave"
"students-union.nottingham.ac.uk","  units  ","located in"," Italy under"
"directory.tiscali.co.uk","  institutions  ","located in"," more than 80"
"savvyclub.co.uk","  gem  ","located in"," a relatively"
"wragge.co.uk","retail  outlet  ","located in"," a residential"
"ufcos.org.uk","  company  ","located in"," Florida. 2. A"
"nut.org.uk"," ","located in"," several"
"prolife.org.uk","The Bothy  Bite  ","located in"," the former"
"frg.org.uk","of EMEA  Sales  ","located in"," London."
"iclanarkshire.icnetwork.co.uk","of the  shops  ","located in"," font of the Bus"
"info.autism.org.uk","with  schools  ","located in"," different"
"selfharm.org.uk","Spectrum  ACD  ","located in"," Plymouth to"
"selfharm.org.uk",", the  agents  ","located in"," Fort William"
"pensions-pmi.org.uk","of the 23  sites  ","located in"," the wards of"
"tandridge.gov.uk","there are  cars  ","located in"," reserved"
"adjudication.co.uk","  facilities  ","located in"," the"
"pvruk.co.uk","  headquarters  ","located in"," the opulent"
"ukcmg.org.uk","search  firm  ","located in"," South Korea"
"pensionsregulator.gov.uk","  institutions  ","located in"," more than 80"
"ispreview.co.uk"," ","located in"," the UK who are"
"honeyshop.co.uk","  hostelries  ","located in"," Highgate,"
"educationalists.co.uk","  house  ","located in"," an"
"dale-carnegie.co.uk","  school  ","located in"," the Teifi"
"bathheritage.org.uk","the  premises  ","located in"," Birmingham."
"equip.ac.uk","  businesses  ","located in"," the district"
"equip.ac.uk","  institutions  ","located in"," more than 80"
"doc.rmplc.co.uk","  institutions  ","located in"," more than 80"
"w-isles.gov.uk","  institutions  ","located in"," more than 80"
"www2.caret.cam.ac.uk","a  corporation  ","located in"," New York."
"orkney.gov.uk"," ","located in"," the UK who: Are"
"teesvalley-jsu.gov.uk","NYStats.  html  ","located in"," the"
"fawcettsociety.org.uk","  building  ","located in"," the heart of"
"elainesamuels.co.uk","bank  accounts  ","located in"," 42 countries."
"capiocosmeticsurgery.co.uk","  headquarters  ","located in"," the opulent"
"guch.org.uk","  units  ","located in"," Italy under"
"ancient-stones.co.uk","bank  accounts  ","located in"," 42 countries."
"elainesamuels.co.uk","  property  ","located in"," a ribbon of"
"sgm.ac.uk","  offices  ","located in"," central"
"eeftraining.org.uk","pay  points  ","located in"," the Boulevard"
"directory.tiscali.co.uk","The  complex  ","located in"," the Waterside"
"merton.ox.ac.uk","  hotel  ","located in"," the heart of"
"blythpower.co.uk","bird  reserve  ","located in"," the west of the"
"lincoln.gov.uk","  directory  ","located in"," its customer"
"coxandkings.co.uk","for  projects  ","located in"," this area,"
"harrogate.co.uk","  field  ","located in"," the Caspian"
"menshealthforum.org.uk","a  corporation  ","located in"," New York."
"unison.co.uk","in a  mansion  ","located in"," the Mojave"
"paperclip.org.uk","of our  staff  ","located in"," services"
"propertypilot.co.uk","by  company  ","located in"," adjacent"
"cs.kent.ac.uk","  laboratories  ","located in"," the"
"wallflowerpress.co.uk","NYStats.  html  ","located in"," the"
"theyetties.co.uk","""  board  ","located in"," the corridor"
"iccoventry.icnetwork.co.uk","  retreat  ","located in"," the beautiful"
"solentforum.hants.org.uk","the  residency  ","located in"," Baghdad, is in"
"esosymph.freeserve.co.uk","  properties  ","located in"," designated â?"
"hpux.connect.org.uk","  chamber  ","located in"," the south west"
"museums.norfolk.gov.uk","  laboratories  ","located in"," the"
"bellway.co.uk","  stand  ","located in"," Norwich ''s"
"hfusc.org.uk","  reservoirs  ","located in"," the Teesdale"
"hfusc.org.uk","to  companies  ","located in"," the Tees"
"w-isles.gov.uk",")  band  ","located in"," Western"
"forms.portsmouth.gov.uk","  projects  ","located in"," their area."
"bellway.co.uk","radio  station  ","located in"," Mickey Madden"
"cigna.co.uk","  non-metals  ","located in"," the periodic"
"businessextra.co.uk","foul  sewer  ","located in"," the highway."
"wragge.co.uk","from  staff  ","located in"," outstations"
"jobswales.co.uk","head  office  ","located in"," Southampton."
"wsf.org.uk","music  venue  ","located in"," the historic"
"dhg.org.uk","office  space  ","Located in"," the heart of"
"theyogashow.co.uk","animal  health  ","located in"," the Canadian"
"eurotunnel.co.uk","  businesses  ","located in"," the buildings"
"austro-hungarian-army.co.uk","  properties  ","located in"," South Leeds on"
"greatwar.co.uk",".  Projects  ","located in"," one of the four"
"battlefieldband.co.uk","  counter  ","located in"," the Council"
"chem.soton.ac.uk",". Our  factory  ","located in"," the Midlands"
"bbc.org.uk","of a  person  ","located in"," the United"
"cambschoralsoc.org.uk","to  companies  ","located in"," the Tees"
"abercrombiekent.co.uk","on a  piano  ","located in"," the hostels"
"englishbiz.co.uk","  neuroscience  ","located in"," the"
"fdca.org.uk","of 700  houses  ","located in"," the Faverdale"
"south-norfolk.gov.uk","  properties  ","located in"," South Leeds on"
"malarchy.co.uk","  properties  ","located in"," South Leeds on"
"northwardshousing.co.uk","of  Umbertide  ","located in"," the centre of"
"prostate-link.org.uk","Council  homes  ","located in"," south Leeds."
"psychology.nottingham.ac.uk","of this  page  ","Located in"," the heart of"
"napf.co.uk","Council  homes  ","located in"," south Leeds."
"wesleyschapel.org.uk","  complex  ","located in"," GdaDsk Oliwa"
"ewart.org.uk","foods  stores  ","located in"," America. 20."
"museums.norfolk.gov.uk","  paradise  ","located in"," South Western"
"sgm.ac.uk","ancient  town  ","located in",""
"durham-miner.org.uk","  buildings  ","located in"," the east of the"
"simonmidgley.co.uk","15  hospitals  ","located in"," New South"
"foursys.co.uk","employee  base  ","located in"," more than 1200"
"gilliangladrag.co.uk","in the  courts  ","located in"," Scotland in"
"teesforest.org.uk","60  guns  ","located in"," two main"
"vivacesingers.co.uk","  tissue  ","located in"," the zone of"
"interactiveeducation.ac.uk","4,000  sensors  ","located in"," over 40"
"interactiveeducation.ac.uk","4,000  sensors  ","located in"," enterprises"
"10000things.org.uk","ancient  town  ","located in"," the province"
"west-lindsey.gov.uk","4 star  hotel  ","located in"," the heart of"
"abo.org.uk","Harmony  area  ","located in"," the"
"landmap.mimas.ac.uk","is a core  staff  ","located in"," the Wolfson"
"derrycity.gov.uk","nine  offices  ","located in"," London,"
"chadevans.co.uk","economy  hotel  ","located in"," the heart of"
"chadevans.co.uk","  hotel  ","located in"," the centre of"
"crestco.co.uk","and  offices  ","located in"," Skelton in"
"imperialmedicals.co.uk","and  artillery  ","located in"," the Ypres"
"hebridean.co.uk","  forts  ","located in"," the middle"
"landmap.mimas.ac.uk","football  club  ","located in"," Caistor,"
"genuki.org.uk:8080","of a key  site  ","located in"," prominent"
"peelholdings.co.uk","  F-Batteries  ","located in"," the trench"
"spokeseastkent.org.uk","  boulders  ","located in"," this area and"
"lapwing.org.uk","? Add ''  button  ","located in"," the lower,"
"lapwing.org.uk","''  button  ","located in"," the lower,"
"rbh.org.uk","  activity  ","located in"," estuarine and"
"conwy.gov.uk","  companies  ","located in"," Europe, the"
"skye.co.uk","various  sites  ","located in"," South Wales."
"dvd.co.uk","  facilities  ","located in"," the European"
"dvd.co.uk","  facilities  ","located in"," the US Destiny"
"dannynicholson.co.uk","  village  ","located in"," a high valley,"
"ispreview.co.uk","mushing  club  ","located in"," Fairbanks,"
"medphys.ucl.ac.uk",". The  sites  ","located in"," the Thames"
"sac.org.uk","  bedrock  ","located in"," the middle of"
"bbc.org.uk","  hotel  ","Located in"," the heart of"
"northdevongazette.co.uk","  village  ","located in"," a high valley,"
"nortonfinance.co.uk","eye  hospital  ","located in"," Sindh"
"teachingideas.co.uk","  development  ","located in"," Leipzig"
"jobsadvice.guardian.co.uk","  sites  ","located in"," and near the"
"jobsadvice.guardian.co.uk","  businesses  ","located in"," the town were"
"conwy.gov.uk","camp for  kids  ","located in"," Southern"
"hermes.co.uk","  providers  ","located in"," the Solent"
"sapca.org.uk","  devices  ","located in"," the"
"sapca.org.uk","of  people  ","located in"," the"
"sapca.org.uk","of  people  ","located in"," the"
"macs.org.uk","safety  centre  ","located in"," the north of"
"cs.stir.ac.uk","  plants  ","located in"," built-up"
"cahonies.co.uk","of  facilities  ","Located in"," the heart of"
"vet.cam.ac.uk","quality  homes  ","located in"," settings to"
"swale.gov.uk","  fondouq  ","located in"," the medina of"
"sapca.org.uk","for  camps  ","located in"," Liburn, north"
"teezz.co.uk","  mountain  ","located in"," the East Ore"
"zut.org.uk","  directory  ","located in"," the directory"
"frc.org.uk","  airports  ","located in"," the region,"
"citibank.co.uk","  rooms  ","located in"," the first"
"rts.org.uk","economy  hotel  ","located in"," the heart of"
"shepway.gov.uk","  businesses  ","located in"," the"
"www-server.bcc.ac.uk","  companies  ","located in"," high-tech"
"cornishcottageholidays.co.uk","  property  ","located in"," the heart of"
"scotland-inverness.co.uk","to a  computer  ","located in"," the United"
"roadtones.co.uk","  school  ","located in"," the Teifi"
"futurebuild.co.uk","are 70  cameras  ","located in"," Tamworth at"
"futurebuild.co.uk","and 2  monitors  ","located in"," the Police"
"keeptimeforchildren.org.uk","holiday  home  ","located in"," Wigtown,"
"headlinehistory.co.uk","  computers  ","located in"," libraries,"
"chslanguages.co.uk","  members  ","located in"," a member state"
"wragge.co.uk","to a  scheme  ","located in"," the EU member"
"kingstonfirst.co.uk",", an ESMI  home  ","located in"," Grainger Park"
"ubu.brad.ac.uk","  printers  ","located in"," the mailroom,"
"engineering.ucl.ac.uk","in four  slums  ","located in"," the"
"scotland-inverness.co.uk","  centre  ","located in"," the Norfolk"
"teachingideas.co.uk","Inca  walls  ","Located in"," the historic"
"macs.org.uk","''Add ''  button  ","located in"," the"
"mindscape.co.uk","  topic  ","located in"," the current"
"mindscape.co.uk",")) "" to  tables  ","located in"," TWiki topics."
"learningat.ke7.org.uk","private  pool  ","located in"," a cloistered"
"jobswales.co.uk","game  reserve  ","located in"," South Africa."
"jobswales.co.uk","  island  ","located in"," the British"
"dunbar.org.uk","  facilities  ","located in"," the open"
"eternit.co.uk","  hotel  ","located in"," South"
"cipr.co.uk","  court  ","located in"," the State of"
"hummy.org.uk"," ","located in"," the United"
"frc.org.uk","  centers  ","located in"," Bangalore."
"nuffield.org.uk","  hotel  ","located in"," the centre of"
"nuffield.org.uk","  hotel  ","located in"," the heart of"
"yourcommunitycouncil.co.uk","  facility  ","located in"," Carlton. It is"
"dev.pocket-lint.co.uk","squash  courts  ","located in"," our offices."
"rambert.org.uk","  transmitters  ","located in"," (i) AONBs and ("
"www-server.bcc.ac.uk","  suppliers  ","located in"," Rainham. 4."
"clutch.open.ac.uk"," ","located in"," countries"
"land-care.org.uk","  church  ","located in"," Gloucester"
"hummy.org.uk","  facilities  ","located in"," the library."
"northstars.org.uk","  centre  ","located in"," the Student"
"terzina.co.uk","25 % of  users  ","located in"," the US and"
"environmentsensitivefarming.co.uk","and  villages  ","located in"," the Northwest"
"pswg.org.uk",". The  Library  ","located in"," Members ''"
"egmont.co.uk","elegant  hotel  ","located in"," the heart of"
"land-care.org.uk","  photography  ","located in"," the heart of"
"tulsashuffle.co.uk","has  customers  ","located in"," more than 42"
"tulsashuffle.co.uk","has  offices  ","located in"," Leeds, London"
"hackneygazette.co.uk","  scheme  ","located in"," Ha Tay"
"hef.org.uk","via an  object  ","located in"," outer space to"
"geographypages.co.uk","dive  centre  ","located in"," the resort of"
"milespublishing.co.uk","state  courts  ","located in"," Multnomah"
"bakerlite.co.uk","  photography  ","located in"," the heart of"
"iml.soton.ac.uk","a  program  ","located in"," the current"
"egmont.co.uk","Is your  scheme  ","located in"," the UK? If no,"
"egmont.co.uk","Is your  scheme  ","located in"," the EU? If no -"
"blue-witch.co.uk","  areas  ","located in"," the heart of"
"leeds-csp.org.uk","Boiler  Plant  ","located in"," Grangemouth,"
"romseynet.org.uk","run  business  ","located in"," the NW"
"surreyheath.gov.uk","  restaurant  ","located in"," a small"
"allaboutsussex.co.uk","a  restaurant  ","located in"," one of the"
"actuaries.org.uk","15  properties  ","located in"," the Plymouth"
"geographypages.co.uk",". A new  project  ","located in"," BIAD entitled"
"papapaa.co.uk","of a  property  ","located in"," Belfast and"
"blue-witch.co.uk","  facilities  ","located in"," the main town ("
"city.londonmet.ac.uk","  retailer  ","located in"," the Pantiles,"
"blue-witch.co.uk","for  users  ","located in"," a particular"
"hantsphere.org.uk","for  users  ","located in"," a particular"
"headlinehistory.co.uk","  topic  ","located in"," the current"
"headlinehistory.co.uk",")) "" to  tables  ","located in"," TWiki topics."
"eurostar.co.uk","  society  ","located in"," the country in"
"history-ontheweb.co.uk","  Mini-suite  ","located in"," 14"
"bpas.org.uk","Zeus  tempest  ","located in"," the agora,"
"headlinehistory.co.uk","legal  advice  ","Located in"," the Norfolk"
"bakerlite.co.uk","for  staff  ","located in"," the vicinity"
"stbees.org.uk","  facility  ","located in"," Luxembourg."
"hprpc.co.uk","  agents  ","located in"," Manchester,"
"georesources.co.uk","has  offices  ","located in"," London, Leeds"
"romseyonline.co.uk",")) "" to  tables  ","located in"," TWiki topics."
"bathmusicfest.org.uk","  centre  ","located in"," the tranquil"
"clutch.open.ac.uk","  facility  ","located in"," London for two"
"rts.org.uk","  businesses  ","located in"," the"
"dev.pocket-lint.co.uk","Warm  ambience  ","Located in"," the very heart"
"shropshire.gov.uk","  warehouses  ","located in"," Atlanta,"
"headlinehistory.co.uk","  companies  ","located in"," London and the"
"frc.org.uk","and  buildings  ","located in"," a"
"sgm.ac.uk","called  salmon  ","located in"," psychology ("
"orkneycommunities.co.uk","  suites  ","Located in"," the Kruger"
"hprpc.co.uk"," ","located in"," the upper"
"growingroutes.co.uk","older  people  ","located in"," Wallsend for"
"growingroutes.co.uk","based  service  ","located in"," Wallsend,"
"growingroutes.co.uk","older  people  ","located in"," Forest Hall"
"growingroutes.co.uk","older  people  ","located in"," Wallsend for"
"growingroutes.co.uk","based  service  ","located in"," Wallsend,"
"growingroutes.co.uk","older  people  ","located in"," Forest Hall"
"thegreenblue.org.uk","  colleges  ","located in"," Devon and"
"hantsphere.org.uk","  monument  ","located in"," the Yivli"
"ouzledale.co.uk","  buildings  ","located in"," regions of"
"land-care.org.uk","  computers  ","located in"," a public"
"royal-ballet-school.org.uk","  furniture  ","located in"," york,"
"incomesdata.co.uk","an  attachment  ","located in"," another topic"
"romseyonline.co.uk","  buildings  ","located in"," the centre of"
"gcseguide.co.uk","  institute  ","located in"," Nizhni"
"museum.man.ac.uk","  files  ","located in","/etc/ X11/"
"activehistory.co.uk","in  offices  ","located in"," Dublin, Cork,"
"reigate-banstead.gov.uk","  business  ","located in"," Muselburgh,"
"ash.gene.ucl.ac.uk","  warehouses  ","located in"," Atlanta,"
"ash.gene.ucl.ac.uk","  company  ","located in"," Ontario"
"ash.gene.ucl.ac.uk","VA.  Offices  ","located in"," Eastern"
"roadtones.co.uk","  Warehouse  ","located in"," Tower Wharf in"
"whystudyeconomics.ac.uk","  city  ","located in"," the foothills"
"thedogs.co.uk","  operations  ","located in"," clients ''"
"whittleseyrifleclub.co.uk","  Offices  ","located in"," the following"
"ambirad.co.uk","  section  ","located in"," the main"
"freescotcoll.ac.uk","  applications  ","located in"," Catalonia ("
"milespublishing.co.uk","  team  ","located in"," Cardiff. For"
"blue-witch.co.uk","  restaurant  ","located in"," a small"
"babyandtoddlergear.co.uk","  hospital  ","located in"," Edgbaston,"
"cpu.org.uk","car park  page  ","located in"," the side menu."
"shropshire.gov.uk","green  oasis  ","located in"," the heart of"
"dermatology.co.uk","Room  area  ","located in"," the Day Centre"
"wjleigh.co.uk","There is a  shop  ","located in"," the Visitor"
"eprints.ucl.ac.uk","  company  ","located in"," Ontario"
"eprints.ucl.ac.uk","VA.  Offices  ","located in"," Eastern"
"astro.kent.ac.uk","  centres  ","located in"," the"
"leedsmentalhealth.nhs.uk",")) "" to  tables  ","located in"," TWiki topics."
"dea.brunel.ac.uk","  gallery  ","located in"," the heart of"
"shropshire.gov.uk","guest  house  ","located in"," the city"
"blue-witch.co.uk","  villa  ","located in"," the quiet"
"sac.org.uk","guest  house  ","located in"," the city"
"brb.org.uk","  company  ","located in"," France and"
"clutch.open.ac.uk","  practice  ","located in"," the"
"clwyd-theatr-cymru.co.uk","held in a  hotel  ","located in"," Portonovo,"
"univ.ox.ac.uk","  galleries  ","located in"," the centre of"
"hummy.org.uk","of  assets  ","located in"," Jersey,"
"plantsci.cam.ac.uk","  shelving  ","located in"," the Study"
"shropshire.gov.uk","of  schools  ","located in"," the"
"cadgwithcovecottages.co.uk",")) "" to  tables  ","located in"," TWiki topics"
"cadgwithcovecottages.co.uk",")) "" to  tables  ","located in"," TWiki topics"
"markwarner.co.uk",")) "" to  tables  ","located in"," TWiki topics"
"intergame.ltd.uk","  institutions  ","located in"," each region."
"worldsfair.co.uk","  compiler  ","located in"," the Zend"
"chiltern.gov.uk","of its  staff  ","located in"," offices in"
"justiceandpeacescotland.org.uk","site is a  pond  ","located in"," the middle of"
"westburn.co.uk","data  products  ","located in"," the ESO/"
"coach-tours.co.uk","''s Fund  teams  ","located in"," the nine"
"aerade.cranfield.ac.uk","of  windfarms  ","located in"," fields, or"
"nases.org.uk","  facility  ","located in"," the West"
"carestandardstribunal.gov.uk","5* guest  house  ","located in"," a wonderful"
"mx2.co.uk","country  house  ","located in"," a remote place"
"aerade.cranfield.ac.uk",".  Toilets  ","Located in"," the"
"wheel.co.uk","open 24  hours  ","located in"," the Leicester"
"ccwales.org.uk","  businesses  ","located in"," or near"
"forums.multiplay.co.uk","using  scripts  ","located in"," the wwu"
"sun.rhbnc.ac.uk","  team  ","located in"," Cardiff. For"
"cypherix.co.uk","  stores  ","located in"," Gloucester,"
"tory.org.uk","main  offices  ","located in"," the UK, US and"
"sclucas.essex.sch.uk","  centre  ","located in"," Barclays '' key"
"britannia.co.uk","an  attachment  ","located in"," another topic"
"tecan.co.uk","the  factories  ","located in"," the same"
"warehousenews.co.uk","  apartment  ","located in"," the middle of"
"mercycorps.org.uk","  institutions  ","located in"," each region."
"ledas-www.star.le.ac.uk","the care  park  ","located in"," the airport"
"estyn.gov.uk","BT  exchanges  ","located in"," Greater"
"mid-cornwall-galleries.co.uk","  switches  ","located in"," different"
"phtm.co.uk","and our  shop  ","located in"," the Aberdeen"
"ledas-www.star.le.ac.uk","name of a  topic  ","located in"," the current"
"exeterviews.co.uk","name of a  topic  ","located in"," the current"
"refugee-legal-centre.org.uk","  golf-courses  ","located in"," pine-forests"
"forums.multiplay.co.uk"," ","located in"," and exploring"
"cmj.org.uk","the  exhibits  ","located in"," distant parts"
"ciob.org.uk","name of a  topic  ","located in"," the current"
"pia.org.uk","  units  ","located in"," the"
"thorneylakes.co.uk",", 70  hotels  ","located in"," Belgium, The"
"tayport.org.uk","name of a  topic  ","located in"," the current"
"sites.scran.ac.uk","name of a  topic  ","located in"," the current"
"scottcountry.co.uk","name of a  topic  ","located in"," the current"
"eoc-law.org.uk","  attractions  ","located in"," the"
"jedburgh-online.org.uk","name of a  topic  ","located in"," the current"
"cullodenhouse.co.uk","name of a  topic  ","located in"," the current"
"southend.ac.uk","an  adaptor  ","located in"," the side wall"
"moran-mountain.co.uk","  units  ","located in"," the site. The"
"progressives.org.uk","with a Web  site  ","located in"," China will"
"colonsay.org.uk","with a Web  site  ","located in"," China will"
"library.rdg.ac.uk","  topic  ","located in"," the current"
"library.rdg.ac.uk",")) "" to  tables  ","located in"," TWiki topics."
"nationalinsectweek.co.uk","  facilities  ","located in"," the city"
"cannockchasedc.gov.uk","  bandalikes  ","located in"," that area."
"sustecweb.co.uk","with a Web  site  ","located in"," China will"
"elmbridge.gov.uk","  group  ","located in"," Las Cruces, NM"
"richmond.gov.uk","name of a  topic  ","located in"," the current"
"freshdirection.co.uk","  corporation  ","located in"," Colorado."
"greenfeesavers.co.uk","name of a  topic  ","located in"," the current"
"creativelearningagency.org.uk","name of a  topic  ","located in"," the current"
"standrews.org.uk","name of a  topic  ","located in"," the current"
"rsc-southeast.ac.uk","name of a  topic  ","located in"," the current"
"dovergrammar.co.uk","name of a  topic  ","located in"," the current"
"stirlingbikeclub.org.uk","name of a  topic  ","located in"," the current"
"visitchurches.org.uk","All  functions  ","located in"," a"
"fairisle.org.uk","  facilities  ","located in"," this"
"bva.co.uk","for 2000  hours  ","Located in"," the heart of"
"backpackertours.co.uk","with a Web  site  ","located in"," China will"
"hpl.hp.co.uk","with  risks  ","located in"," rows and with"
"creativelearningagency.org.uk","services  team  ","located in"," various areas"
"thecrownestate.co.uk","  light  ","located in"," the main foyer"
"progressives.org.uk","name of a  topic  ","located in"," the current"
"fairfieldhotel.co.uk","name of a  topic  ","located in"," the current"
"cbrd.co.uk","  headquarters  ","located in"," Taiwan, ZyXEL"
"paisley.org.uk","name of a  topic  ","located in"," the current"
"freshdirection.co.uk","in  stadiums  ","located in"," the following"
"earm.co.uk","the car  parks  ","located in"," Newton Abbot,"
"angusglens.co.uk","the care  park  ","located in"," the airport"
"schoolsobservatory.org.uk","on  machines  ","located in"," their rooms."
"schoolsobservatory.org.uk","  clusters  ","located in"," the John"
"tayport.org.uk","a  conference  ","located in"," a tight"
"mcleanscotland.co.uk","  topic  ","located in"," the Main web."
"nemt.org.uk","  apartment  ","located in"," the Eastern"
"nemt.org.uk","  apartment  ","located in"," the Western"
"student-direct.co.uk","from  cameras  ","located in"," The Square and"
"forums.multiplay.co.uk","  Instructions  ","located in"," the front of"
"eoc-law.org.uk","  topic  ","located in"," the current"
"eoc-law.org.uk",")) "" to  tables  ","located in"," TWiki topics."
"birlinn.co.uk","of  Chambers  ","located in"," Liverpool,"
"shipsofcalmac.co.uk","with a Web  site  ","located in"," China will"
"standingwaves.co.uk","  attraction  ","located in"," the community"
"bto.org.uk","  clinic  ","located in"," the corner of"
"dunoon-observer.co.uk",". A  replica  ","located in"," a brass"
"gilberd.essex.sch.uk","of its  staff  ","located in"," offices in"
"eastherts.gov.uk","  facilities  ","located in"," the city"
"dcthomson.co.uk","  topic  ","located in"," the current"
"dcthomson.co.uk",")) "" to  tables  ","located in"," TWiki topics."
"eastneukwide.co.uk","  properties  ","located in"," areas of the"
"stirlingbikeclub.org.uk","work at a  site  ","located in"," the Rugby area"
"forums.multiplay.co.uk","  ground  ","located in"," central Lewes"
"lonsdalecitycinemas.co.uk","honesty  box  ","located in"," the corner of"
"birlinn.co.uk","  facilities  ","located in"," the heart of"
"brdc.co.uk","  catalogues  ","located in"," the library"
"visitchurches.org.uk","  stations  ","located in"," the basement"
"visitchurches.org.uk","the  stations  ","located in"," the basement"
"bushtheatre.co.uk","  house  ","located in"," a residential"
"hostga.co.uk",")) "" to  tables  ","located in"," TWiki topics"
"stirlingbikeclub.org.uk",")) "" to  tables  ","located in"," TWiki topics"
"andyrace.co.uk",".  Properties  ","located in"," the Nursted"
"bath.co.uk","for  persons  ","located in"," the United"
"hpl.hp.co.uk","  Schools  ","located in"," Alicante"
"vacationwork.co.uk","  light  ","located in"," the main foyer"
"birlinn.co.uk","Bottle  Banks  ","located in"," local Public"
"schoolsobservatory.org.uk","used by the  IRA  ","located in"," Protestant"
"threerivershousing.co.uk","Dixons  stores  ","located in"," UK retail hot"
"through-the-maze.org.uk","used by the  IRA  ","located in"," Protestant"
"castlepoint.gov.uk","  images  ","located in"," the area of """
"castlepoint.gov.uk","few  islands  ","located in"," the estuary of"
"progressives.org.uk","class  hotel  ","located in"," the heart of"
"progressives.org.uk","  hotel  ","located in"," the heart of"
"eastherts.gov.uk","cash  machines  ","located in"," the foyer of"
"brdc.co.uk","  pre-school  ","located in"," Nether Wallop"
"eastherts.gov.uk","our  computers  ","located in"," the One Stop"
"hpl.hp.co.uk","meeting  rooms  ","located in"," Durham City"
"lvsc.org.uk","Bottle  Banks  ","located in"," local Public"
"eoco.org.uk","Bottle  Banks  ","located in"," local Public"
"abingdon.org.uk","  complex  ","located in"," Sal Rei, Boa"
"iprospect.org.uk","  countries  ","located in"," and around"
"survivalandsafetyschool.co.uk","our  databases  ","located in"," the United"
"eurodrive.co.uk","stone  house  ","located in"," Lemba, a small"
"jobcentre.gov.uk","of  trees  ","located in"," our parks and"
"countrydoctor.co.uk","pay  points  ","located in"," the Boulevard"
"countrydoctor.co.uk","pay  points  ","located in"," the Boulevard"
"countrydoctor.co.uk","  Conveniently  ","located in"," the heart of"
"abingdon.org.uk","  design  ","located in"," one of Beirutâ"
"fenews.co.uk","and  desks  ","located in"," the most"
"commonwealthveterans.org.uk","old Yew  trees  ","located in"," the"
"progressives.org.uk","AWP  machines  ","located in"," UK pubs. The"
"gemini.physics.ox.ac.uk","  development  ","located in"," Budapest ''s"
"nmbva.co.uk","A 4*  hotel  ","located in"," the heart of"
"sparks.org.uk","  industries  ","located in"," the Crane Mead"
"horsham.gov.uk","head  offices  ","located in"," our branch"
"horsham.gov.uk"," ","located in"," our region are"
"bconstructive.co.uk","a 3 star  hotel  ","located in"," the centre of"
"pure-digital.co.uk","of  residence  ","located in"," Kents Hill"
"ncaction.org.uk","is a post  box  ","located in"," the Sanctuary"
"horsham.gov.uk","  sites  ","located in"," an area"
"abingdon.org.uk","  Company  ","located in"," St Helen ''s"
"healthyeyes.org.uk",". swd. uk.  com  ","Located in"," the heart of"
"northwarks.gov.uk","in a  server  ","located in"," the MAFF DNA"
"ashfield-dc.gov.uk","resource  base  ","located in"," East Ayrshire"
"north-dorset.gov.uk","  actuator  ","located in"," an awkward"
"eaststaffsbc.gov.uk","to  businesses  ","located in"," the Aire"
"eaststaffsbc.gov.uk","  Businesses  ","located in"," Aire Valley"
"organic.aber.ac.uk",",  businesses  ","located in"," Aire Valley"
"wrcplc.co.uk","  Stakeholders  ","located in"," the UK, Italy,"
"newpunter.co.uk","  brewery  ","located in"," the city"
"www1.indymedia.org.uk","US  employees  ","located in"," Los Angeles"
"pms.ac.uk","  hospital  ","located in",""
"qeiicc.co.uk","in Room 110A/  B  ","located in"," the"
"erf.org.uk","market  town  ","located in"," a remote area"
"pre67vw.co.uk","study  centre  ","located in"," rural Kent. """
"hpl.hp.co.uk","toilet  block  ","located in"," the High"
"progressives.org.uk","  businesses  ","located in"," Horsham will"
"wrcplc.co.uk","  centres  ","located in"," Barrhead,"
"batod.org.uk","lake  dwelling  ","located in"," Loch Tay,"
"batod.org.uk","nan Uamh  caves  ","located in"," Sutherland"
"hpl.hp.co.uk","93  fragments  ","located in"," the 2D search,"
"newpunter.co.uk","suite of  rooms  ","located in"," Little School"
"horsham.gov.uk","  businesses  ","located in",", or moving to,"
"horsham.gov.uk","a new  business  ","located in"," Aire Valley"
"batod.org.uk","  clusters  ","located in"," the various"
"east-ayrshire.gov.uk","of  excellence  ","located in"," major cities"
"oneplusone.org.uk","all  images  ","located in"," an iron"
"csweb.bournemouth.ac.uk","post box  slot  ","located in"," the reception"
"socialistworker.org.uk","in a  server  ","located in"," the MAFF DNA"
"pure-digital.co.uk","in a  server  ","located in"," the MAFF DNA"
"see.leeds.ac.uk","foot  stations  ","located in"," the foyer of"
"bodd.cf.ac.uk","  files  ","located in"," your Home"
"www4.oup.co.uk","  site  ","located in",""
"www4.oup.co.uk","  sites  ","located in"," Brittany and"
"hostel-scotland.co.uk","  facility  ","located in"," a small"
"elmbridge.gov.uk","and  centres  ","located in"," the"
"squashplayer.co.uk","  contractors  ","located in"," 9 different"
"www1.indymedia.org.uk","  factoryis  ","located in"," Zhumai China."
"longparish.org.uk","of L.  catta  ","located in"," different"
"anweb.co.uk","unique  shops  ","located in"," its popular"
"demontforthall.co.uk","  schools  ","located in"," the area, with"
"www4.oup.co.uk",", with  offices  ","located in"," Exeter,"
"isba.org.uk","Action  Team  ","located in"," outreach and"
"epitch.co.uk"," ","Located in"," a side wing of"
"specsavers.co.uk","  specialists  ","located in"," the Centre for"
"specsavers.co.uk","  facilities  ","located in"," and around the"
"homesoverseas.co.uk","the 435  pairs  ","located in"," 2002, only 19"
"compton.parish.hants.gov.uk","  headquarters  ","located in"," terminal"
"eastherts.gov.uk","singing  males  ","located in"," Suffolk was a"
"thetimes100.co.uk","  businesses  ","located in"," North West"
"horsham.gov.uk","  distilleries  ","located in"," the most"
"wrcplc.co.uk",". Willow  Books  ","located in"," St Agnes,"
"lawontheweb.co.uk","  potential  ","Located in"," a modern"
"thirdsector.co.uk","study  groups  ","located in"," the European"
"horsham.gov.uk","  boats  ","Located in"," the Great Glen"
"nowletsgetstarted.co.uk","/  slipway  ","located in"," the shelter of"
"epitch.co.uk","  equivalent  ","Located in"," East Ham,"
"longparish.org.uk","are  en-suite  ","located in"," the Hotel and 4"
"longparish.org.uk","all  en-suite  ","located in"," the River"
"apg.org.uk","  venue  ","located in"," the heart of"
"progressives.org.uk","foster  homes  ","located in"," the territory"
"hostel-scotland.co.uk","  telescope  ","located in"," the Canary"
"www1.city.ac.uk","  hotel  ","located in"," the Tweed"
"nm-cinemas.co.uk","  publication  ","located in"," Cape Breton,"
"northeast.supplypool.co.uk","  landscapes  ","located in"," the Inner"
"wac.co.uk","  company  ","located in"," the village of"
"ywca.org.uk",", a  structure  ","located in"," the midbrain"
"progressives.org.uk",", with  offices  ","located in"," Exeter,"
"marrutt.co.uk","for the  ferry  ","located in"," the Bull Hole -"
"keepthebeat.org.uk","coaching  inn  ","located in"," the heart of"
"dvdtimes.co.uk","of the  courts  ","located in"," England and"
"marchwoodparishcouncil.org.uk","  Casino  ","located in"," the heart of"
"tunstall.co.uk","  sites  ","located in"," hidden"
"lafitness.co.uk","  sources  ","located in"," the 12 states"
"brefigroup.co.uk","  scheme  ","located in"," one of the"
"digitalbirmingham.co.uk","is a small  B&B  ","located in"," the are of"
"hpl.hp.co.uk","or  houses  ","located in"," a mixed rented"
"www4.oup.co.uk","  attraction  ","located in"," Leith: the"
"northdevon.gov.uk","  collection  ","located in"," the Museum in"
"wrcplc.co.uk","  objects  ","located in"," the vicinity"
"ccaa.org.uk","  information  ","located in"," the world on"
"cheerleading.org.uk","  buildings  ","located in"," a small glen"
"taxaid.org.uk","  palace  ","located in"," the heart of"
"fawley-hants.co.uk","  asteroid  ","Located in"," one of South"
"smallbusinessbureau.org.uk","bike  shop  ","located in"," Abergavenny"
"fawley-hants.co.uk","  stage  ","located in"," Vale Royal"
"seejapan.co.uk","  stations  ","located in"," the Central"
"manchester.gov.uk","castle  venues  ","located in"," Scotland,"
"totalbodycare.co.uk","a new  school  ","located in"," the city"
"gdm.open.ac.uk","run  hotel  ","located in"," the stunning"
"gdm.open.ac.uk","  apartments  ","located in"," Glasgow ''s"
"gdm.open.ac.uk","star  hotel  ","located in"," Glasgow ''s"
"gdm.open.ac.uk","  community  ","located in"," Scottish"
"bioresearch.ac.uk","candy on  offer  ","Located in"," Maidenhead,"
"bioresearch.ac.uk",", a new  Studio  ","located in"," Central"
"newburytoday.co.uk","  sources  ","located in"," the"
"tymba.org.uk","fishing  hut  ","located in"," a beautiful"
"see.leeds.ac.uk","air  cells  ","located in"," the heels of"
"mi.eng.cam.ac.uk","  museum  ","located in"," a restored"
"see.leeds.ac.uk","to  businesses  ","located in"," a Zone Limits"
"ccdc.cam.ac.uk","house  hotel  ","located in"," the heart of"
"freelawyer.co.uk","class  hotel  ","located in"," the heart of"
"ggpromotions.co.uk","castle  venues  ","located in"," Scotland,"
"seejapan.co.uk",".  Settings  ","located in"," schools"
"seejapan.co.uk","but  clubs  ","located in"," halls may"
"ndcs.org.uk","town  house  ","located in"," the heart of"
"ndcs.org.uk","  region  ","located in"," the middle of"
"homesoverseas.co.uk","  town  ","located in"," the west of"
"amport.org.uk","diving  system  ","located in"," Tasmania,"
"ukmm.org.uk","at  stations  ","located in"," the Central"
"seejapan.co.uk","  gardens  ","located in"," my home town of"
"horsham.gov.uk","  hotel  ","located in"," the heart of"
"newburytoday.co.uk","assets as  £786  ","located in"," Lloyds bank"
"rutc.ac.uk","tour  company  ","located in"," Perth,"
"anweb.co.uk","  resources  ","located in"," Scotland, can"
"ggpromotions.co.uk","  region  ","located in"," the middle of"
"maths.man.ac.uk","  iron-works  ","located in"," the town in"
"www1.city.ac.uk","50  members  ","located in"," Horsforth, 5"
"tynedale.gov.uk","from  premises  ","located in"," the Green Belt"
"silverwing.org.uk","  hotel  ","located in"," a beautiful"
"silverwing.org.uk","  hotel  ","located in"," central"
"silverwing.org.uk","  hostel  ","located in"," the centre of"
"silverwing.org.uk","modern  hotel  ","located in"," the heart of"
"heritagetouring.co.uk","fire  station  ","located in"," this harbour"
"www1.indymedia.org.uk","  building  ","located in"," Glasgow`s"
"givehope-btmr.org.uk","  Officers  ","located in"," the Forward"
"martialartsnews.co.uk","guest  house  ","located in"," Aberfeldy, in"
"tynedale.gov.uk","  workshop  ","located in"," the Stevenson"
"northdevon.gov.uk","on  T-mazes  ","located in"," adjacent"
"mercury.tvu.ac.uk","wind  farms  ","located in"," the broader"
"newburytoday.co.uk","house  hotels  ","located in"," Perthshire."
"socialistworker.org.uk","  cottage  ","located in"," quiet village"
"allthingsfootie.co.uk","  building  ","located in"," a small valley"
"filton.ac.uk",". The  property  ","located in"," Beresford"
"teignbridge.gov.uk","family  house  ","located in"," a tree-lined"
"laughinghorse.co.uk","  hotel  ","located in"," the town"
"fairtradecookbook.org.uk",", 3-star  hotel  ","located in"," Sardinia."
"hauppauge.co.uk","  apartments  ","located in"," central"
"hatii.arts.gla.ac.uk","care  centre  ","located in"," OUR city at the"
"socialistworker.org.uk","to your  hotel  ","located in"," the heart of"
"dvdtimes.co.uk","  phone  ","located in"," the UK"
"cctrust.org.uk","  Enterprise  ","located in"," and around"
"gethooked.co.uk","family  home  ","located in"," scenic"
"rutc.ac.uk","family  home  ","located in"," scenic"
"westyorksfire.gov.uk","  practice  ","located in"," nearby"
"jdc-web.org.uk","  Institutions  ","Located in"," the centre of"
"pact.cpes.sussex.ac.uk","  schools  ","located in"," the parish."
"st-elizabeths.richmond.sch.uk","  building  ","located in"," King Street,"
"chect.org.uk","stone  cottage  ","located in"," peaceful"
"chect.org.uk","Holiday  home  ","located in"," the"
"femalefirst.co.uk","refugee  camps  ","located in"," remote areas"
"troubador.co.uk","  Officers  ","located in"," Australian"
"mirthcontrol.org.uk","  building  ","located in"," a wider open"
"oaa-anaes.ac.uk","a tank of  water  ","located in"," the centre of"
"hyndburnbc.gov.uk",".  Studio  ","located in"," Fulbar Road ("
"agcas.org.uk","  building  ","located in"," Glasgow`s"
"hlss.mmu.ac.uk","let  building  ","located in"," an up and"
"ispreview.co.uk","  market  ","located in"," Fife and"
"animalman.co.uk","  computers  ","located in"," the main"
"new.edp24.co.uk","of  colleges  ","located in"," Essex ("
"dipex.org.uk","  practice  ","located in"," nearby"
"national-aquarium.co.uk","of  residence  ","located in"," the city"
"jsainsburys.co.uk","  centre  ","located in"," the heart of"
"visa.co.uk","  initiatives  ","located in"," the UK, USA,"
"medway.gov.uk","Our  solutions  ","located in"," the"
"medway.gov.uk"," ","located in"," other offices"
"medway.gov.uk","on  technology  ","located in"," the"
"chdt.org.uk","  computers  ","located in"," diverse areas"
"thetimes100.co.uk","  building  ","located in"," nice location"
"simplyparking.co.uk","is a  community  ","located in"," the Ikom Local"
"fairtradecookbook.org.uk","only in  courts  ","located in"," Mumbai. Even"
"dcs.ex.ac.uk",",  employers  ","located in"," one of the five"
"thetimes100.co.uk","  brightnesses  ","located in"," a more"
"anweb.co.uk","20  branches  ","located in"," England and"
"lewes-town.co.uk",", a law  firm  ","located in"," the City of"
"westyorksfire.gov.uk","  facility  ","located in"," the laundry."
"eric.org.uk","  landscape  ","located in"," the"
"lewes.gov.uk","  institutions  ","located in"," the centre of"
"lbc.co.uk"," ","located in"," 6 countries -"
"ir.dcs.gla.ac.uk","and  Breakfast  ","located in"," the heart of St"
"north-herts.gov.uk","  grounds  ","located in"," the heart of"
"southsideguesthouse.co.uk","House  site  ","located in"," the northern"
"nut.org.uk","  company  ","located in"," the South East"
"arumdo.co.uk","  community  ","located in"," the"
"visa.co.uk","MSF  projects  ","located in"," Scotland."
"wragge.co.uk","  project  ","located in"," Victoria, BC"
"ispreview.co.uk","those  ones  ","located in"," border areas,"
"thetimes100.co.uk","  property  ","located in"," the heart of"
"goem.gov.uk","F1 is a  college  ","located in"," a rural"
"scci.org.uk","unins000.  exe  ","located in"," the same"
"mu.jisc.ac.uk","F1 is a  college  ","located in"," a rural"
"edinburghcapitalhotel.co.uk","of  stores  ","located in"," about 5"
"edinburghcapitalhotel.co.uk","of  stores  ","located in"," about 5"
"thebruntsfield.co.uk","  theatre  ","located in"," Bristol,"
"ispreview.co.uk"," ","located in"," the"
"nuneatonandbedworth.gov.uk","in a  trolley  ","located in"," a side room. It"
"teesdale.gov.uk","  machines  ","located in"," the concourse"
"thebabyshow.co.uk","of case  study  ","Located in"," the central"
"doc.rmplc.co.uk","  workstations  ","located in"," the ATC and at"
"international.bham.ac.uk","the  station  ","located in"," the western"
"robbie-howarth.co.uk","  location  ","Located in"," a delightful"
"kylie.co.uk","  gardens  ","located in",""
"uwww.derby.ac.uk","  jumper  ","located in"," the top left"
"thezreview.co.uk","and  Surveyors  ","located in"," Penzance. Roy"
"hawkinsclocks.co.uk","  properties  ","located in"," quiet and safe"
"allen-associates.co.uk","  company  ","located in"," Bristol"
"fact.co.uk","a client  base  ","located in"," The North,"
"fredriley.org.uk","  firm  ","located in"," Dorset. We"
"liverpool-unipress.co.uk","  pharmacies  ","located in"," primary care"
"baita.mugu.co.uk","  businesses  ","located in"," North West"
"kylie.co.uk","  consortium  ","located in"," the district"
"blackness2000.fsnet.co.uk","only in  courts  ","located in"," Mumbai. Even"
"ayr-racecourse.co.uk","  simulators  ","located in"," a purpose"
"cardiffcity-mad.co.uk","  properties  ","located in"," five"
"petesipple.me.uk","  communities  ","located in"," Sulaco,"
"pims-online.co.uk","  properties  ","located in"," five"
"hitit.co.uk","  hotel  ","located in"," the Marques de"
"ibr.org.uk","  stations  ","located in"," Warrington"
"hotel-braemar.co.uk","  centre  ","located in"," Andover. The"
"hogarth.org.uk","riding  stable  ","located in"," the heart of"
"coastalcottages.co.uk"," ","located in"," the southern"
"clarets-mad.co.uk","for  services  ","located in"," other"
"thezreview.co.uk","  employees  ","located in"," 131 offices in"
"4hotels.co.uk","  properties  ","located in"," five"
"4hotels.co.uk","  category  ","located in"," Australia,"
"4hotels.co.uk","  category  ","located in"," popular"
"connexions-cd.org.uk","law  libraries  ","located in"," the DEBORAH"
"17lbcod.fsnet.co.uk","  screens  ","located in"," all 12 German"
"childreninscotland.org.uk","  facility  ","located in"," the heart of"
"mozart.co.uk","the  computers  ","located in"," the School"
"coventrycity-mad.co.uk","Classic  rides  ","located in"," Europe"
"britishfoodfortnight.co.uk","270  lodges  ","located in"," city centres,"
"coventrycity-mad.co.uk","18  chargers  ","located in"," a central"
"techinvest.org.uk","  group  ","located in"," Bristol. His"
"yarn-shop.co.uk","SSS  operators  ","located in"," Bristol."
"ulead.co.uk","Scholes  sites  ","located in"," the North West"
"oddbins.co.uk","mining  town  ","located in"," the heart of"
"4hotels.co.uk","Murzuq  basin  ","located in"," southwest"
"clarets-mad.co.uk","  facilities  ","located in"," Wales '' said"
"mcgraw-hill.co.uk","client  base  ","located in"," Bermuda. We"
"clarets-mad.co.uk",");  Schools  ","located in"," ''deprived"
"hitchams.suffolk.sch.uk","is a small  town  ","located in"," the Pas de"
"wolverhamptonhealth.nhs.uk","  team  ","located in"," the UK very"
"ulead.co.uk","  businesses  ","located in"," urban areas"
"iplayer.co.uk","  contractors  ","located in"," nine"
"city-and-guilds.co.uk","new  pharmacy  ","located in"," central"
"leeds.gov.uk",",  wholesalers  ","located in"," our Region,"
"gardenworld.co.uk","  developments  ","located in"," Easebourne"
"sustainability.co.uk","new  building  ","located in"," Oaklands Park"
"sustainability.co.uk","new  building  ","located in"," an area that is"
"ssv.uce.ac.uk","design  centre  ","located in"," Birmingham"
"billyarmstrong.co.uk","  company  ","located in"," an economic"
"cityshowcase.co.uk","venue  staff  ","located in"," the toilet"
"coventrycity-mad.co.uk","  telephone  ","located in"," the lounge/"
"ssv.uce.ac.uk","Canyon  swing  ","located in"," Queenstown,"
"news.zdnet.co.uk","  facilities  ","located in"," 16 countries"
"mcgraw-hill.co.uk","all... I,  m  ","located in"," Sheffield,"
"mcgraw-hill.co.uk","all... I,  m  ","located in"," Sheffield,"
"brighton-mad.co.uk","  Pharmacies  ","located in"," health"
"alg-europe.gov.uk","of  offices  ","located in"," Huddersfield"
"letscook.co.uk","to  projects  ","located in","? assisted"
"collybrook.co.uk","LED Spaz  ball  ","located in"," the dome"
"manchesteronline.co.uk",". * Any  person  ","located in"," the UK can"
"ulead.co.uk","a  telephone  ","located in"," an area where"
"mountainfilm.co.uk","over 180  shops  ","located in"," major towns"
"rina.org.uk","  outlets  ","located in"," most rural"
"hebdenbridge.co.uk","hours a  week  ","located in"," a primary care"
"hebdenbridge.co.uk","care  centre  ","located in"," a 15,000sq"
"coastandcountry.co.uk","only one  IVR  ","located in"," London, it"
"news.zdnet.co.uk","  catchments  ","located in"," four"
"firebox.co.uk","safing  sensor  ","located in"," the center of"
"firebox.co.uk","safing  sensor  ","located in"," the center of"
"firebox.co.uk","safing  sensor  ","located in"," the center of"
"highpolymer.org.uk","A small  trench  ","located in"," the adjacent"
"parkingandtrafficappeals.gov.uk","for an  archive  ","located in"," Wales. If I"
"dialogueworks.co.uk","based  devices  ","located in"," retail stores"
"ashwood-nurseries.co.uk","gas and  oil  ","located in"," the region ""."
"herbs-hands-healing.co.uk","to  companies  ","located in"," the Bailiwick"
"britishcomedy.org.uk","With an  office  ","located in"," Milan, Minale"
"theidm.co.uk","of  offices  ","located in"," Huddersfield"
"rotozaza.co.uk",".  Site  ","Located in"," immediate"
"britishdesign.co.uk","  agencies  ","located in"," the United"
"kent.oncampusuk.co.uk","  agencies  ","located in"," the United"
"coastandcountry.co.uk","  house  ","located in"," Hanover..."
"autoblography.co.uk","Free ""  link  ","located in"," the Jobseeker"
"theidm.co.uk","fashion  show  ","located in"," one of the west"
"inspiringlearningforall.gov.uk","  number  ","located in"," the top right"
"britishcomedy.org.uk","130  stores  ","located in"," Germany,"
"elogisticsmagazine.co.uk","  inhabitants  ","located in"," the North east"
"filesaveas.co.uk","  collections  ","located in"," a wide"
"hoseasons.co.uk","  medicines  ","located in"," Wimbledon,"
"ncht.org.uk"," ","located in"," and close to"
"hitchams.suffolk.sch.uk","''s  practice  ","located in"," EC1 are"
"damovo.co.uk","  offices  ","located in"," Europe, Asia,"
"artangel.org.uk","  studio  ","located in"," the basement"
"thisissouthend.co.uk","in a  court  ","located in"," the United"
"fabflour.co.uk","  offices  ","located in"," Europe, Asia,"
"youthaccess.org.uk","of 20m  height  ","located in"," London, UK at"
"theidm.co.uk","  Remains  ","Located in"," the Dor D Site,"
"manchesteronline.co.uk","  receptors  ","located in"," the nucleus"
"e-science.ox.ac.uk","  points  ","located in"," the "" hot-leg """
"automotive-skills.org.uk","a Member  page  ","located in"," the"
"thisissouthend.co.uk","sized  hotel  ","located in"," the centre of"
"thisissouthend.co.uk","of  offices  ","located in"," the United"
"ulead.co.uk","  problem  ","located in"," an immediate"
"linesave.co.uk","small  shops  ","located in"," the High"
"earlsmere.co.uk","  operators  ","located in"," the EU and"
"derbycounty-mad.co.uk","place  system  ","located in"," the trim"
"jcm.co.uk","or rail  links  ","located in"," particular at"
"mhhe.ltsn.soton.ac.uk","of  offices  ","located in"," Huddersfield"
"automotive-skills.org.uk","  process  ","located in"," the"
"e-ayrshire.co.uk","  universities  ","located in"," the heart of a"
"hydro.gov.uk","of 100  staff  ","located in"," three"
"sunnyfields.co.uk","''s Wine  Bar  ","located in"," The Square,"
"gan.philliptsmall.me.uk","  offices  ","located in"," markets which"
"conservancy.co.uk","  operations  ","located in",""
"surreypolice.org.uk","of  offices  ","located in"," Huddersfield"
"sisley.co.uk","by the  Council  ","located in"," the District"
"dealtime.co.uk","  businesses  ","located in"," North West"
"the-actuary.org.uk","  project  ","located in"," three"
"thewholesaler.co.uk","  offices  ","located in"," Europe, Asia,"
"ipswichtown-mad.co.uk","  offices  ","located in"," Europe, Asia,"
"hitchams.suffolk.sch.uk","  company  ","located in"," South Newton,"
"foodlaw.rdg.ac.uk","  companies  ","located in"," Germany and"
"britishdesign.co.uk","was a coal  mine  ","located in"," this area,"
"nate.org.uk","  institution  ","located in"," the heart of"
"pilottaskforce.co.uk","  village  ","located in"," picturesque"
"southampton-mad.co.uk","  centre  ","located in"," Cardiff Bay,"
"tyne.dl.ac.uk","  container  ","located in"," the City of"
"irn-talkingshop.co.uk","  machines  ","located in"," Yanzhou City,"
"sisley.co.uk","  companies  ","located in"," the capital."
"scottcountry.co.uk","show  ground  ","located in"," Calgary. Max"
"raffca.co.uk","  solutions  ","located in"," Sheffield"
"wirralhealth.org.uk","  sites  ","located in"," the western"
"sisley.co.uk","  room  ","located in"," the grounds of"
"face-online.org.uk","  companies  ","located in"," Harlow"
"surreypolice.org.uk","  development  ","located in"," Scandinavia,"
"gildedballoon.co.uk","  entity  ","located in"," a fustian"
"sdss.ac.uk","  links  ","located in"," the left-hand"
"ipswichtown-mad.co.uk","  centers  ","located in"," United"
"atlantic-highway.co.uk","  employees  ","located in"," 21 countries"
"irn-talkingshop.co.uk","crib  fire  ","located in"," one corner. It"
"irn-talkingshop.co.uk","company  town  ","located in"," Brazil."
"tasteofthewest.co.uk","dealing  rooms  ","located in"," city centres."
"britishdesign.co.uk","are 30  PCs  ","located in"," the"
"seasickness.co.uk","  department  ","located in"," London and a"
"isubscribe.co.uk","  names  ","located in",""
"headheritage.co.uk","16  restaurant  ","located in"," Las Vegas ''"
"security-installer.co.uk","  jewellers  ","located in"," the heart of"
"onyxgroup.co.uk","  development  ","located in"," Manchester,"
"surreypolice.org.uk","company  town  ","located in"," Brazil. 5cl"
"eee.nott.ac.uk","long  barrow  ","located in"," the centre of"
"gildedballoon.co.uk","  employees  ","located in"," 122 offices in"
"fashioncapital.co.uk","and  agencies  ","located in"," seven."
"muttonrenaissance.org.uk"," ","located in"," 9 staircases"
"wirralhealth.org.uk","18,000  people  ","located in"," 68 countries."
"sherpa.nhs.uk","main  offices  ","located in"," Boston,"
"health-club.co.uk","  company  ","located in"," Arlington, VA"
"health-club.co.uk","  consultants  ","located in"," 33 countries,"
"wespack.co.uk","  light  ","located in"," the roof which"
"bara.org.uk","  businersses  ","located in"," (or"
"beingheard.org.uk","in a  court  ","located in"," the United"
"counselling.co.uk","the  mechanism  ","located in"," first segment"
"counselling.co.uk","the  mechanism  ","located in"," the currently"
"seamanship.co.uk","or any  type  ","located in"," Scotland are"
"sfdf.org.uk","or any  type  ","located in"," Scotland have"
"regionalfoodanddrink.co.uk","actual  object  ","located in"," the computer."
"motorboatsmonthly.co.uk","symbol  stone  ","located in"," Mortlach"
"surreypolice.org.uk","bamboo  house  ","located in"," an extremely"
"ecitb.org.uk","  businesses  ","located in"," more than"
"ecitb.org.uk","in  companies  ","located in"," New TSN areas"
"onions.org.uk","of  offices  ","located in"," Huddersfield"
"continental-landscapes.co.uk","  counter  ","located in"," the centre of"
"aso.org.uk","  employees  ","located in"," 20 countries"
"nccmembership.co.uk","bamboo  house  ","located in"," an extremely"
"pressure.co.uk","  employees  ","located in"," 21 countries"
"colchester.ac.uk","or any  type  ","located in"," Scotland are"
"bsja.co.uk","  factories  ","located in"," Bangor,"
"britishtrout.co.uk","a spine  lipoma  ","located in"," the coccygeal"
"landmarkeast.org.uk","standard  page  ","located in"," a specific"
"elliswickltc.co.uk","access  points  ","located in"," park visitor"
"callcentre.co.uk","in  companies  ","located in"," New TSN areas"
"callcentre.co.uk","in  companies  ","located in"," New TSN areas"
"health-club.co.uk","or any  type  ","located in"," Scotland are"
"wirralhealth.org.uk","  employees  ","located in"," 122 offices in"
"jeffreytitfordmep.co.uk","support  group  ","located in"," the DPA, but"
"beingheard.org.uk","of  buildings  ","located in"," the"
"molli.org.uk","  firm  ","located in"," Framingham,"
"molli.org.uk","other  ISPs  ","located in"," or around"
"polymer-age.co.uk","  agency  ","located in"," Harrow."
"scottishsalmon.co.uk","Pledge  Tree  ","located in"," the Borough"
"fuw.org.uk","built  factory  ","located in"," the south of"
"sundaymail.co.uk","  bungalow  ","located in"," a mainly"
"sfdf.org.uk","  employees  ","located in"," 20 countries"
"thanatosoft.freeserve.co.uk","  authorities  ","located in"," the north and"
"britishpigs.org.uk","CHEL  site  ","located in"," HM Prison,"
"profound-piercing.co.uk","  suppliers  ","located in"," Welling."
"shawtabletennis.org.uk","  Inflammation  ","located in"," the Centre for"
"silentcities.co.uk","  documents  ","located in"," multiple"
"callcentre.co.uk","  campus  ","located in"," central"
"laa.co.uk","  topic  ","located in"," the Main web."
"sugar-bureau.co.uk","an  attachment  ","located in"," another topic"
"silentcities.co.uk","  topic  ","located in"," the current"
"silentcities.co.uk",")) "" to  tables  ","located in"," TWiki topics."
"automotive-skills.org.uk",": View  map  ","Located in"," fashionable"
"auto-vending.co.uk","-  appartments  ","located in"," and around"
"silvascreen.co.uk","an Art  Gallery  ","located in"," the hospital,"
"motuk.co.uk","of  offices  ","located in"," Huddersfield"
"ashleybrown.co.uk",")) "" to  tables  ","located in"," TWiki topics."
"ashleybrown.co.uk",")) "" to  tables  ","located in"," TWiki topics."
"qsulis.demon.co.uk","  Retreats  ","located in"," and around the"
"fieldclub.hants.org.uk","to find  food  ","located in"," one corner of a"
"eastherts.gov.uk","to a EST  team  ","located in"," the UK."
"discover-cruises.co.uk","of  offices  ","located in"," Huddersfield"
"cai.org.uk","  topic  ","located in"," the current"
"cai.org.uk",")) "" to  tables  ","located in"," TWiki topics."
"ledas-www.star.le.ac.uk","  practice  ","located in"," Brentwood,"
"eastherts.gov.uk","of  business  ","located in"," France. He"
"mcia.co.uk",". Bunks  beds  ","located in"," the"
"nfmft.co.uk","class  clubs  ","located in"," Windsor and"
"eaststaffsbc.gov.uk","name of a  topic  ","located in"," the current"
"mcia.co.uk","  aircraft  ","located in"," 2 dedicated"
"eaststaffsbc.gov.uk","  apartment  ","located in"," a residential"
"britishdesign.co.uk","  apartment  ","located in"," the very heart"
"honni.qub.ac.uk","Effects  menu  ","located in"," the"
"woodcraft.org.uk",") than  firms  ","located in"," areas with a"
"jonathans.me.uk","family  pub  ","located in"," the heart of"
"jonathans.me.uk","  apartment  ","located in"," the very heart"
"intergame.ltd.uk","  topic  ","located in"," the current"
"intergame.ltd.uk",")) "" to  tables  ","located in"," TWiki topics."
"ndna.org.uk","in  stores  ","located in"," tourist areas"
"britishdesign.co.uk","  campgrounds  ","located in"," the thirteen"
"vbra.co.uk","lists of  files  ","located in"," the"
"vbra.co.uk","of  files  ","located in"," the"
"discover-cruises.co.uk","and the  files  ","located in"," that folder"
"scottish-textiles.co.uk","in  folders  ","located in"," the office and"
"security-installer.co.uk","  records  ","located in"," the"
"bonnielangford.co.uk","  campgrounds  ","located in"," Texas and New"
"esussex.org.uk","an online  trap  ","located in"," South Korea, a"
"syzygy.co.uk","  restaurant  ","located in"," the heart of"
"aquaculture-hydroponics.co.uk","village  house  ","located in"," a beautiful"
"people1st.co.uk","an Internet  PC  ","located in"," the Nursing"
"theartistmagazine.co.uk","PhD  students  ","located in"," the basement,"
"intergame.ltd.uk","over the £  sign  ","located in"," the system"
"vetnurse.co.uk","  businesses  ","located in"," or looking to"
"dcthomson.co.uk",".  php  ","located in"," the root of my"
"acsp.org.uk","  service  ","located in"," Bacup. The"
"accorservices.co.uk","  mill  ","located in"," tranquil"
"goholistic.co.uk","  providers  ","located in"," sites in which"
"bashirkhanbhai.co.uk","  building  ","located in"," Hartlepool."
"ccpas.co.uk","  employer  ","located in"," the Trident"
"bashirkhanbhai.co.uk","  frames  ","located in"," the middle of a"
"mandbf.org.uk","  companies  ","located in"," the North West"
"pre-school.org.uk","has  offices  ","located in"," Norwalk, CT ("
"chiltern.gov.uk","''s head  office  ","located in"," Hatfield"
"ashleybrown.co.uk","  house  ","located in"," beautifully"
"civ.hw.ac.uk","water  wells  ","located in"," the famous"
"pass.maths.org.uk","  freezer  ","located in"," the garage."
"eastherts.gov.uk","over the £  sign  ","located in"," the system"
"nm-cinemas.co.uk","  advisors  ","located in"," financial"
"ccpas.co.uk","info  pack  ","located in"," your room on"
"legalday.co.uk","  courses  ","located in"," the"
"tory.org.uk","  companies  ","located in"," the North West"
"midbeds.gov.uk","  companies  ","located in"," the North of"
"pass.maths.org.uk","in  businesses  ","located in"," Wales and"
"agwsha.nhs.uk","  companies  ","located in"," the North West"
"ctu.mrc.ac.uk","1930'' ''s  block  ","located in"," the stretch of"
"edibleornamentals.co.uk","are  benches  ","located in"," resting"
"datateam.co.uk","to this  field  ","Located in"," the beautiful"
"westburn.co.uk","bike  shop  ","located in"," Great Falls,"
"health-club.co.uk","las  Cupulas  ","located in"," the immediate"
"aerade.cranfield.ac.uk","stone  house  ","located in"," the heart of"
"dotpharmacy.co.uk",",  customers  ","located in"," the European"
"hpl.hp.co.uk","  institution  ","located in"," Pasadena,"
"hpl.hp.co.uk","  organization  ","located in"," Tucson,"
"johnogroat-journal.co.uk","that  turbines  ","located in"," or near the"
"theidm.co.uk","  Managers  ","located in"," your area. To"
"marketing-society.org.uk",", a  school  ","located in"," University"
"nwml.gov.uk","suspect  bombs  ","located in"," litter bins"
"professionalsecurity.co.uk","of  business  ","located in"," France. He"
"aerade.cranfield.ac.uk","  subsidiaries  ","located in"," many"
"dcthomson.co.uk","of  production  ","located in"," the domestic"
"elmbridge.gov.uk","  subsidiaries  ","located in"," many"
"eoc-law.org.uk","or twin  rooms  ","located in"," the farmhouse"
"federationoffishfriers.co.uk","and  sanctuary  ","located in"," Wyoming"
"youth2youth.co.uk","GPS  receiver  ","located in"," the left-hand"
"inthenews.co.uk","for  artists  ","located in"," the? third"
"edinburghpark.co.uk","and  families  ","located in"," some of"
"liverpoolmuseums.org.uk","3 and 4  star  ","located in"," the heart of"
"johnowensmith.co.uk","of the  courts  ","located in"," Illinois for"
"fau.org.uk","  school  ","located in"," the"
"iq.lycos.co.uk","and  SMEs  ","located in"," the Yorkshire"
"iq.lycos.co.uk"," ","located in"," Cornwall."
"iq.lycos.co.uk","  businesses  ","located in"," East Sussex."
"forums.multiplay.co.uk","on  servers  ","located in"," the UK that are"
"trans-assoc.co.uk","on the  site  ","located in"," Hobsonville."
"westonshealth.co.uk","3 and 4  star  ","located in"," the heart of"
"letlink.co.uk","family  pub  ","located in"," the heart of"
"carestandardstribunal.gov.uk","  subsidiaries  ","located in"," many"
"unhcr.org.uk","the Java  tools  ","located in"," the jdk1.1."
"refugee-legal-centre.org.uk","rural  site  ","located in"," the jungle was"
"sustecweb.co.uk","of  points  ","located in"," immigration"
"scienceandresearch.homeoffice.gov.uk","on  courses  ","located in"," the"
"southernwater.co.uk","  company  ","located in"," the Isle of Man"
"regatta.rowing.org.uk","  apartment  ","located in"," this brand new"
"gvi.co.uk","NT  server  ","located in"," the Language"
"darlingbri.co.uk","  station  ","located in"," the vicinity"
"darlingbri.co.uk","in 30  stations  ","located in"," 3 longitude"
"darlingbri.co.uk","  stations  ","located in"," the"
"home.cbonline.co.uk",",  schools  ","located in"," urban areas,"
"scienceandresearch.homeoffice.gov.uk","  noticeboards  ","located in"," the same"
"srgroup.fsnet.co.uk","of white  sand  ","located in"," front of"
"celebrityspotlight.co.uk","town  house  ","located in"," a sought after"
"britarch.ac.uk","spp. Bat  boxes  ","located in"," a sheltered"
"cardiff.adzooks.co.uk","  station  ","located in"," the vicinity"
"cardiff.adzooks.co.uk","in 30  stations  ","located in"," 3 longitude"
"cardiff.adzooks.co.uk","  stations  ","located in"," the"
"hmrc.gov.uk","laundry  room  ","located in"," the cellar."
"innovation.rca.ac.uk","to  chimneys  ","located in"," the corners of"
"britarch.ac.uk","four  sites  ","located in"," Edinburgh,"
"lists.grok.org.uk","business  uses  ","located in"," the south"
"admin.cam.ac.uk","the  mini-bar  ","located in"," most hotel"
"spartacus.schoolnet.co.uk","family  home  ","located in"," a residential"
"guardian.co.uk","radio  buttons  ","located in"," the side menu"
"bull.co.uk",". This is a  city  ","located in"," Western"
"cms.elfden.co.uk","centre  campus  ","located in"," the historic"
"cms.elfden.co.uk","new  premises  ","located in"," central"
"honda-racing.co.uk","  station  ","located in"," the vicinity"
"honda-racing.co.uk","in 30  stations  ","located in"," 3 longitude"
"honda-racing.co.uk","  stations  ","located in"," the"
"honda-racing.co.uk","  stations  ","located in"," a longitude"
"turkeyexpert.co.uk","  centre  ","located in"," the heart of"
"greenparty.org.uk","  terminal  ","located in"," the ports of"
"publications.parliament.uk","estate  agency  ","located in"," South East"
"observer.guardian.co.uk","theme  teams  ","located in"," relevant"
"fantasticfiction.co.uk","  entity  ","located in"," the body but"
"householdnamerecords.co.uk","  station  ","located in"," the vicinity"
"householdnamerecords.co.uk","in 30  stations  ","located in"," 3 longitude"
"householdnamerecords.co.uk","  stations  ","located in"," the"
"householdnamerecords.co.uk","  stations  ","located in"," a longitude"
"britarch.ac.uk","A  scheme  ","located in"," Hammersmith &"
"virginradioclassicrock.co.uk","  beam  ","located in"," the upper left"
"heyrick.co.uk","Street  hostel  ","located in"," London ''s West"
"foe.co.uk","copy of a  text  ","located in"," a central or"
"greenwich-guide.org.uk","personal  data  ","located in"," the WHOIS"
"greenparty.org.uk"," ","Located in"," an area"
"le.ac.uk","  apartment  ","located in"," a secure,"
"bathrugby.co.uk","  plots  ","located in"," Glasfynydd"
"archive.glastonburyfestivals.co.uk","and  events  ","Located in"," the heart of"
"southernwater.co.uk","  stations  ","located in"," remote"
"su.nott.ac.uk","family  pub  ","located in"," the heart of"
"british-history.ac.uk","family  pub  ","located in"," the heart of"
"edstud.ox.ac.uk","  teacher  ","located in"," the North East"
"cmtc.co.uk","Web  documents  ","located in"," the Finnish"
"kahun.ucl.ac.uk","being  centres  ","located in"," Shankill and"
"honda-racing.co.uk","15  galleries  ","Located in"," Cardiff ''s"
"virginradioclassicrock.co.uk","family  pub  ","located in"," the heart of"
"britarch.ac.uk","Resort  Casino  ","located in"," Mashantucket"
"scholar.hw.ac.uk","to  images  ","located in"," the Stills,"
"scholar.hw.ac.uk","  brewer  ","located in"," Nantong, a"
"kefalonia.foi.org.uk","  facilities  ","located in"," Halls of"
"maze.co.uk","  schools  ","located in"," over 70"
"honda-racing.co.uk","  centers  ","located in"," the U. S.,"
"a2zcheats.co.uk","at  businesses  ","located in"," deprived"
"patent.gov.uk","  machine  ","located in"," each"
"wpb4.btinternet.co.uk","  leaflet  ","located in"," each bedroom."
"oxfam.co.uk","brick  house  ","located in"," ecological"
"hud.ac.uk","family  pub  ","located in"," the heart of"
"oxfam.co.uk","early  cinemas  ","located in"," poor areas"
"edu.rcsed.ac.uk","  students  ","located in"," different"
"postgraduate.hw.ac.uk","AI  conference  ","located in"," Edinburgh,"
"edinburgh-bicycle.co.uk","parking  bays  ","located in"," Padarn"
"publications.parliament.uk","  facilities  ","located in"," the complex"
"international.vitalfootball.co.uk","radio  station  ","located in"," Hell is humour"
"honda-racing.co.uk","family  pub  ","located in"," the heart of"
"christmas-and-new-year-parties.co.uk","family  pub  ","located in"," the heart of"
"virginradioclassicrock.co.uk","600  computers  ","located in"," open access"
"morganstanleycard.co.uk","  firm  ","located in"," Columbia,"
"acdm.org.uk","the same  name  ","located in"," two different"
"acdm.org.uk","  potential  ","located in"," the UK ''s most"
"chrysalisbooks.co.uk","  staff  ","located in"," small firms,"
"dietandfitnessresources.co.uk","with  offices  ","located in"," 101 countries"
"scholar.hw.ac.uk","golf  school  ","located in"," the centre of"
"www-materials.eng.cam.ac.uk","the  premises  ","located in"," a member State"
"socialiststudents.org.uk","  terminal  ","located in"," a centralised"
"humanism-scotland.org.uk","  toolkit  ","located in"," the Free"
"tripod.lycos.co.uk","at that  moment  ","located in"," an old"
"spartacus.schoolnet.co.uk","Zones  Farmers  ","located in"," Nitrate"
"sport.guardian.co.uk","  campus  ","located in"," the heart of"
"aberdeen-mad.co.uk","acre  site  ","located in"," Itasca and St."
"honda-racing.co.uk","  agency  ","located in"," the DoH was set"
"biha.org.uk","  centre  ","located in",""
"ysbl.york.ac.uk","  agencies  ","located in"," the airport."
"southernwater.co.uk","  superports  ","located in"," the South East"
"squaremeal.co.uk","  company  ","located in"," Bicester,"
"wpb4.btinternet.co.uk","Al-Kafl  field  ","located in"," the west of"
"cardiffcity-mad.co.uk","PKK  groups  ","located in"," the regions"
"graduateschool.bham.ac.uk","  sites  ","located in"," and near the"
"lists.grok.org.uk","missile  units  ","located in"," the central"
"patent.gov.uk","  repositories  ","located in"," one or more"
"golakes.co.uk","  shareholders  ","located in"," London will be"
"imagesofgreece.co.uk","  machines  ","located in"," convenience"
"edu.rcsed.ac.uk",". A  record  ","located in"," the NISS"
"number-10.gov.uk","  building  ","located in"," the heart of"
"observer.guardian.co.uk","  departments  ","located in"," five"
"youngminds.org.uk","  information  ","located in"," different"
"scp-inc.org","  center  ","located in"," the northern"
"scfc.co.uk","  laboratory  ","located in"," the Central"
"dfid.gov.uk","  areas  ","located in"," the central"
"virginradioclassicrock.co.uk","of  equipment  ","located in"," places"
"micromouse.cs.rhul.ac.uk","real  property  ","located in"," Bosnia and"
"bas.ac.uk","eight  illages  ","located in"," the area"
"cravenevents.org.uk","wind  turbine  ","located in"," nearby"
"thezreview.co.uk","  property  ","located in"," Northern"
"warwick.ac.uk","  enterprises  ","located in"," certain areas"
"starlink.rl.ac.uk","Stand bar?  bar  ","located in"," the Hamptons"
"epicycle.org.uk"," ","located in"," the regions"
"fundraising.co.uk","the Java  tools  ","located in"," the jdk1.1. x/"
"seachest.co.uk","of  worship  ","located in"," London. On"
"wisetiger.co.uk",". exe  program  ","located in"," C:"
"helpzone.leedsmet.ac.uk","  universities  ","located in"," Germany,"
"cabe.org.uk","  departments  ","located in"," five"
"thefridayproject.co.uk",", is a  country  ","located in"," western"
"thegoodwebguide.co.uk",". A  record  ","located in"," the BUBL"
"bathrugby.co.uk"," ","located in"," different"
"offthetelly.co.uk",".  Companies  ","located in"," the EU have"
"spartacus.schoolnet.co.uk","being  centres  ","located in"," Shankill and"
"sport.guardian.co.uk","the same  house  ","located in"," Cornwall; or"
"bas.ac.uk","  facilities  ","located in"," Halls of"
"wolves.vitalfootball.co.uk",", is a  country  ","located in"," western"
"offthetelly.co.uk","  businesses  ","located in"," the UK. This"
"warwick.ac.uk","and  centres  ","located in"," six faculties"
"4g.co.uk","  archaeology  ","located in"," Jerusalem,"
"observer.guardian.co.uk","of  complex  ","located in"," the pores at"
"edinburgh-bicycle.co.uk","  archaeology  ","located in"," Jerusalem,"
"patent.gov.uk","are in  wards  ","located in"," Mr. Clarke ''s"
"aifactory.co.uk","  departments  ","located in"," five"
"bbc.co.uk","  departments  ","located in"," five"
"offthetelly.co.uk","  departments  ","located in"," five"
"offthetelly.co.uk","  hotel  ","located in"," the heart of"
"helion.co.uk","  building  ","located in"," fashionable"
"cnetwork.co.uk","known  village  ","located in"," a small valley"
"cnetwork.co.uk","known  village  ","located in"," a small valley"
"thegoodwebguide.co.uk","that  persons  ","located in"," a"
"thegoodwebguide.co.uk","""  option  ","located in"," "" Your Account"
"dfid.gov.uk","known  village  ","located in"," a small valley"
"kithraskrystalkave.org.uk","of  worship  ","located in"," London. On"
"academic.salford.ac.uk","  centre  ","located in",""
"academic.salford.ac.uk","and  archives  ","located in"," Israel,"
"sport.guardian.co.uk","  wisdom  ","located in"," a mythical"
"sport.guardian.co.uk","  refuges  ","located in"," Scotland ("
"icnewcastle.icnetwork.co.uk","  departments  ","located in"," five"
"cnetwork.co.uk","  departments  ","located in"," five"
"jcdecauxairport.co.uk","  departments  ","located in"," five"
"thegoodwebguide.co.uk","  departments  ","located in"," five"
"observer.guardian.co.uk","  departments  ","located in"," five"
"lamm.co.uk","  assets  ","located in"," Germany alone"
"reading.vitalfootball.co.uk","of  material  ","located in"," internal"
"reading.vitalfootball.co.uk","  atoms  ","located in"," a particular"
"diagnosis2012.co.uk","  Centres  ","located in"," district"
"brookes.ac.uk","  specialists  ","located in"," Leeds. No"
"thegoodwebguide.co.uk","  equipment  ","located in"," the Print Unit"
"poetrysociety.org.uk","  departments  ","located in"," five"
"watford-mad.co.uk","  departments  ","located in"," five"
"cards.shl.lon.ac.uk","  departments  ","located in"," five"
"hm-treasury.gov.uk","  departments  ","located in"," five"
"cabe.org.uk","  departments  ","located in"," five"
"hmrc.gov.uk","  departments  ","located in"," five"
"questionmark.co.uk","  departments  ","located in"," five"
"questionmark.co.uk","  building  ","located in"," the heart of"
"horoscopes.lycos.co.uk","modern  hotel  ","located in"," a quite corner"
"cardiffcity-mad.co.uk","  departments  ","located in"," five"
"cnetwork.co.uk","of art  books  ","located in"," major"
"kms.co.uk",", but  churches  ","located in"," trading"
"godspell.org.uk","a freight  site  ","located in"," one authority"
"danze.co.uk","  industry  ","located in"," South Wales."
"abeceder.co.uk","  headquarters  ","located in"," New York ''s"
"le.ac.uk","  departments  ","located in"," five"
"casi.org.uk","  departments  ","located in"," five"
"cygnus-books.co.uk","  departments  ","located in"," five"
"bbc.co.uk","  departments  ","located in"," five"
"danze.co.uk","  departments  ","located in"," five"
"keele.ac.uk","  departments  ","located in"," five"
"thestage.co.uk","  departments  ","located in"," five"
"fantasticfiction.co.uk","  departments  ","located in"," five"
"ff1600.co.uk","  departments  ","located in"," five"
"hm-treasury.gov.uk","  building  ","located in"," fashionable"
"hm-treasury.gov.uk","deluxe  hotel  ","located in"," the Victoria"
"spartacus.schoolnet.co.uk","  systems  ","located in"," more than one"
"bradfordfilmfestival.org.uk","get in  films  ","located in"," the North. """
"ioe.ac.uk","land.  Plant  ","located in"," a building"
"thegoodwebguide.co.uk","  building  ","located in"," fashionable"
"thegoodwebguide.co.uk","deluxe  hotel  ","located in"," the Victoria"
"keele.ac.uk","of  solicitors  ","located in"," the south east"
"burnyourbonus.co.uk"," ","located in"," the Astral"
"british-history.ac.uk","  departments  ","located in"," five"
"soi.city.ac.uk","  departments  ","located in"," five"
"nwda.co.uk","  departments  ","located in"," five"
"thegoodwebguide.co.uk","  departments  ","located in"," five"
"cityshowcase.co.uk","  schools  ","located in"," rural regions"
"athelstane.co.uk","  departments  ","located in"," five"
"ucl.ac.uk","  departments  ","located in"," five"
"ippr.org.uk","  departments  ","located in"," five"
"neptunepinkfloyd.co.uk","  departments  ","located in"," five"
"thegoodwebguide.co.uk","  departments  ","located in"," five"
"bentbacktulips.co.uk","parking  bays  ","located in"," the carpark,"
"danze.co.uk","fishing  club  ","located in"," the heart of"
"cnetwork.co.uk","a  showroom  ","located in"," the South West"
"youngminds.org.uk","  supplies  ","located in"," every section"
"rba.co.uk","to  CFCs  ","located in"," low tax"
"museumwales.ac.uk","  merit  ","located in"," a"
"paulflynnmp.co.uk","(the  subdosha  ","located in"," the heart that"
"number-10.gov.uk","four  SNPs  ","located in"," the P2"
"sheffieldgalleries.org.uk","from  sites  ","located in"," the Hampshire"
"sheffieldgalleries.org.uk","from  sites  ","located in"," the Paris"
"sheffieldgalleries.org.uk","nine  cenotes  ","located in"," the"
"sheffieldgalleries.org.uk","  archives  ","located in"," distal areas."
"radioandtelly.co.uk","  building  ","located in"," fashionable"
"radioandtelly.co.uk","deluxe  hotel  ","located in"," the Victoria"
"catless.ncl.ac.uk",": per  annum  ","Located in"," the heart of"
"enm.bris.ac.uk",", shops  etc  ","located in"," the main"
"catless.ncl.ac.uk","  industries  ","located in"," Alamogordo,"
"catless.ncl.ac.uk","  industries  ","located in"," Alamogordo,"
"baronage.co.uk","to the  past  ","located in"," other"
"burnyourbonus.co.uk","to  premises  ","located in"," one of those"
"rba.co.uk","...  window  ","located in"," the File menu,"
"foe.co.uk"," ","located in"," all the"
"catless.ncl.ac.uk"," ","located in"," all the"
"admin.cam.ac.uk","  countries  ","located in"," the western"
"ariadne.ac.uk","Iraqi  man  ","located in"," a Baghdad"
"hmrc.gov.uk","  library  ","located in"," the basement"
"cnetwork.co.uk","  butterfly  ","located in"," the Finnish"
"canals.btinternet.co.uk","a  cloakroom  ","located in"," the basement"
"ipsea.org.uk","in,  courts  ","located in"," Middlesex or"
"ebi.ac.uk"," ","located in"," the heart send"
"cs.bham.ac.uk","finger  posts  ","located in"," the more"
"irr.org.uk","  hospital  ","located in"," Leighton,"
"physics.gla.ac.uk","a  showroom  ","located in"," the South West"
"cygnus-books.co.uk","from a  man  ","located in"," Celadon ''s"
"thegoodwebguide.co.uk","from a  man  ","located in"," Celadon ''s"
"presentationhelper.co.uk","poultry  farm  ","located in"," the hamlet of"
"ucl.ac.uk","''s  servers  ","located in"," the United"
"danze.co.uk","  company  ","located in"," the south west"
"jncc.gov.uk","in,  courts  ","located in"," Cologne,"
"squaremeal.co.uk","  distributor  ","located in"," London and"
"paulflynnmp.co.uk","  boxes  ","located in"," the Boroughs ''"
"southhams.gov.uk","  network  ","located in"," Northern"
"jr2.ox.ac.uk","  company  ","located in"," the south west"
"soulwalking.co.uk","''s  servers  ","located in"," the United"
"danze.co.uk","  processes  ","located in"," areas"
"danze.co.uk","  processes  ","located in"," areas"
"danze.co.uk","  processes  ","located in"," areas"
"danze.co.uk","  processes  ","located in"," areas"
"danze.co.uk","  processes  ","located in"," areas"
"leedsutd-mad.co.uk","in a  page  ","located in"," any directory"
"leedsutd-mad.co.uk","have the  file  ","located in"," the same"
"bjhc.co.uk","in our  marquee  ","located in"," the 32 acre"
"stephthornton.co.uk","deluxe  hotel  ","located in"," the Victoria"
"bubl.ac.uk","riding  school  ","located in"," Sami offers"
"british-history.ac.uk"," ","located in"," all the"
"spartacus.schoolnet.co.uk","care  services  ","located in"," England,"
"soulwalking.co.uk","working  week  ","located in"," their ` link ''"
"spartacus.schoolnet.co.uk","  body  ","located in"," the Home"
"heacademy.ac.uk","with  offices  ","located in"," Bonn-Bad"
"cabe.org.uk"," ","located in"," all the"
"athelstane.co.uk","  agriturismo  ","located in"," Rosà. The"
"cnetwork.co.uk","finger  posts  ","located in"," the more"
"coventrycity-mad.co.uk","  company  ","located in"," the south west"
"irr.org.uk","  brickfields  ","located in"," the Langley"
"bubl.ac.uk","  gland  ","located in"," the head just"
"coventrycity-mad.co.uk"," ","located in"," all the"
"coventrycity-mad.co.uk"," ","located in"," all the"
"coventrycity-mad.co.uk","Travel  agent  ","located in"," Rhodes GREECE"
"coventrycity-mad.co.uk"," ","located in"," all the"
"irr.org.uk","or at  hotels  ","located in"," the centre of"
"e-elgar.co.uk","  centre  ","located in",""
"youngminds.org.uk","  members  ","located in"," the European"
"ff1600.co.uk","of  Images  ","located in"," the antique"
"spartacus.schoolnet.co.uk","new  hospital  ","located in"," Samuel Street"
"number-10.gov.uk",",  novels  ","located in"," his own"
"futurelab.org.uk","  facility  ","located in"," Richmond,"
"kwintessential.co.uk","  facilities  ","located in"," Keynes"
"kwintessential.co.uk","that  company  ","located in"," the UK. The"
"paulflynnmp.co.uk","  bathrooms  ","located in"," a beutiful"
"bentbacktulips.co.uk","&  Breakfast  ","located in"," the"
"e-elgar.co.uk","to visit a  spa  ","located in"," a grotto."
"sport.guardian.co.uk","a  restaurant  ","located in"," the harbour of"
"drindod.ac.uk",",  employers  ","located in"," one of the five"
"londonsalsa.co.uk","deluxe  hotel  ","located in"," the Victoria"
"londonsalsa.co.uk","  building  ","located in"," fashionable"
"museumwales.ac.uk","list of  stores  ","located in"," their UK"
"romans-in-britain.org.uk","set of  magnets  ","located in"," the regions"
"windowsonwarwickshire.org.uk","two  cameras  ","located in"," it, one"
"wdm.org.uk","  everyone  ","located in"," the 1870"
"broadcaster.org.uk","  building  ","located in"," the oldest"
"birdfood.co.uk","terminal  room  ","located in"," the Computing"
"earthsci.ucl.ac.uk","  vehicle  ","located in"," the"
"cityshowcase.co.uk","  libraries  ","located in"," over 40"
"findlay.co.uk","  staff  ","located in"," the security"
"whitburnband.co.uk","deluxe  hotel  ","located in"," the Victoria"
"mirror.co.uk","and  archives  ","located in"," Israel,"
"lonsas.org.uk","of an  assassin  ","located in"," a building"
"hasbro.co.uk","play  exercise  ","located in"," an"
"thezreview.co.uk","  villa  ","Located in"," the beautiful"
"thezreview.co.uk","  villas  ","located in"," 400 meters to"
"coventrycity-mad.co.uk","  excavation  ","located in"," the"
"bricksandbrass.co.uk","  development  ","located in"," a prime"
"southhams.gov.uk","  specialists  ","located in"," local"
"hitchams.suffolk.sch.uk","  apartments  ","located in"," the hills"
"sportingchampions.org.uk","deluxe  hotel  ","located in"," the Victoria"
"edinburgharchitecture.co.uk","  restaurants  ","located in"," the city"
"billyarmstrong.co.uk","  fee-earners  ","located in"," substantial"
"menandmotors.co.uk","Alps 5  views  ","Located in"," Tutzing, just"
"janus.lib.cam.ac.uk","deluxe  hotel  ","located in"," the Victoria"
"kirkhamyoung.co.uk","deluxe  hotel  ","located in"," the Victoria"
"crewealexandra-mad.co.uk","and the  shops  ","located in"," the Gallery,"
"taxcentral.co.uk","  workshops  ","located in"," the south"
"justselect.co.uk","  teams  ","located in"," London,"
"ipswichtown-mad.co.uk","  attractions  ","located in"," the area"
"ipswichtown-mad.co.uk","  initiative  ","located in"," Newtown,"
"nsph-hypnotherapy.co.uk","deluxe  hotel  ","located in"," the Victoria"
"birnamhousehotel.co.uk","deluxe  hotel  ","located in"," the Victoria"
"fiveriversbrass.org.uk","  businesses  ","located in"," our area are"
"historic-cornwall.org.uk","of  carvings  ","located in"," mountain"
"welldev.org.uk","  development  ","located in"," a prime"
"esci.keele.ac.uk","  building  ","located in"," the centre of"
"hotproperty.co.uk","  Home  ","located in"," Ardmore,"
"jcm.co.uk","the Help  Desk  ","located in"," the Computer"
"jcm.co.uk","Hardware  icon  ","located in"," your System"
"southhams.gov.uk","gay  venues  ","located in"," Nottingham."
"tramway.co.uk","care  scheme  ","located in"," the heart of"
"lowdhambookfestival.co.uk","deluxe  hotel  ","located in"," the Victoria"
"lowdhambookfestival.co.uk","  building  ","located in"," fashionable"
"timetrail.warwickshire.gov.uk","  building  ","located in"," fashionable"
"timetrail.warwickshire.gov.uk","deluxe  hotel  ","located in"," the Victoria"
"justselect.co.uk","  technology  ","located in"," Rouen, France"
"bbb.ndo.co.uk","  building  ","located in"," fashionable"
"bbb.ndo.co.uk","deluxe  hotel  ","located in"," the Victoria"
"artec.org.uk","  centres  ","located in"," the School of"
"thezreview.co.uk","Rye 3 * AA  hotel  ","located in"," the heart of"
"sustainable-development.gov.uk","  communities  ","located in"," a serial form;"
"tameside.gov.uk","  system  ","located in"," the gym."
"scvo.org.uk","  building  ","located in"," fashionable"
"arts.guardian.co.uk","  volcano  ","located in"," the center of"
"www1.icaew.co.uk","  applicants  ","located in"," the UK. To the"
"netdoctor.co.uk","  apartment  ","located in"," the Sunny"
"chortle.co.uk","  reserve  ","located in"," the middle of"
"patp3.webbler.co.uk","boat  company  ","located in"," Durham, NH."
"killik.co.uk","coaching  inn  ","located in"," the heart of"
"killik.co.uk","  courts  ","located in"," the above"
"dwi.gov.uk","  company  ","located in"," the City, is"
"blink.org.uk","''  station  ","located in"," a cutting and"
"potatoesforcaterers.co.uk","and  Breakfast  ","located in"," a peaceful yet"
"chortle.co.uk","  centres  ","located in"," Nepal. We are"
"iwar.org.uk","family  hotel  ","located in"," a 18th century"
"york.ac.uk","but was in  fact  ","located in"," Westham on"
"arts.guardian.co.uk","  opportunity  ","located in"," the west part"
"burnham.org.uk","of  material  ","located in"," the 1930s"
"compulink.co.uk","of  venues  ","located in"," the priority"
"herts.police.uk","  surgery  ","located in"," the Health"
"physics.swan.ac.uk","the cell  body  ","located in"," the spinal"
"pocket-lint.co.uk","and  orchestra  ","located in"," a high"
"david-web.co.uk","  interests  ","located in"," these"
"pccs-books.co.uk"," ","located in"," the center of a"
"iwar.org.uk","fault  system  ","located in"," the central"
"nes.scot.nhs.uk","  market  ","located in"," a bustling"
"shetland-heritage.co.uk","  providers  ","located in"," or serving any"
"scvo.org.uk","  house  ","located in"," Berlin and New"
"netdoctor.co.uk","- i. e.  units  ","located in"," institutions"
"bota.org.uk","  toilets  ","located in"," most toilet"
"scvo.org.uk","  businesses  ","located in"," the Greater"
"wacc.org.uk","  galleries  ","located in"," the"
"lbp.police.uk","pages?  No.  ","Located in"," the heart of"
"lbicon.co.uk","scale  layout  ","located in"," North"
"buckingham.ac.uk","  company  ","located in"," Denver,"
"coastalwight.gov.uk","and  service  ","located in"," the middle of"
"bized.ac.uk","  institutions  ","located in"," Timbuktu -"
"thinkinganglicans.org.uk","  aneurysms  ","located in"," internal"
"kamera.co.uk","meal  bins  ","located in"," the centre of"
"jb.man.ac.uk","a  contest  ","located in"," one place, the"
"ncepod.org.uk","the Spike  Bar  ","located in"," the Golf"
"officeronline.co.uk","twin  bedroom  ","located in"," the attic (you"
"wmin.ac.uk","  institutions  ","located in"," Timbuktu -"
"thisistravel.co.uk","  Business  ","located in"," London"
"iwar.org.uk","of waged  work  ","located in"," services and"
"tasi.ac.uk","  customers  ","located in"," the Byfield"
"mind-in-manchester.org.uk"," ","located in"," each facility"
"ajb007.co.uk","  trays  ","located in"," the cab via"
"transport2000.org.uk","for  projects  ","located in"," one of 18"
"english-nature.org.uk","  Business  ","located in"," London"
"backword.me.uk","Guest  hose  ","located in"," a quite"
"refer.nhs.uk","and  museums  ","located in"," Croatia. At"
"refer.nhs.uk","  building  ","located in"," fashionable"
"refer.nhs.uk","deluxe  hotel  ","located in"," the Victoria"
"ulsterbank.co.uk","  people  ","located in"," nearby"
"backword.me.uk","£1000.  Boat  ","located in"," Dundee but"
"smuc.ac.uk"," ","located in"," over 60"
"helptheaged.org.uk","  telescopes  ","located in"," Socorro, New"
"archive.food.gov.uk","  experience  ","located in"," the heart of"
"edgehill.ac.uk","  people  ","located in"," nearby"
"sciencemuseum.org.uk","  Telescope  ","located in"," West Virginia"
"sciencemuseum.org.uk","  Telescope  ","located in"," West Virginia"
"blink.org.uk","  cabinet  ","located in"," a monitored"
"patp3.webbler.co.uk","  reserve  ","located in"," the middle of"
"wacc.org.uk","I ''m a  sysadmin  ","located in"," Edinburgh"
"sheffieldforum.co.uk","of  Christians  ","located in"," the Arab world"
"bized.ac.uk","  proteins  ","located in"," the cell"
"alg.gov.uk","be the  courts  ","located in"," The"
"bookshop.blackwell.co.uk","and  resources  ","located in"," the Curtain"
"art.man.ac.uk","  chambers  ","located in"," the Orkney"
"patp3.webbler.co.uk","  partnerships  ","located in"," 29 Local"
"eprints.soton.ac.uk","  building  ","located in"," fashionable"
"ncepod.org.uk","  Christianity  ","located in"," the Hijaz. Of"
"ncepod.org.uk","  Christianity  ","located in"," the Hijaz. Of"
"answering-islam.org.uk","shallow  ditch  ","located in"," the"
"thinkinganglicans.org.uk"," ","located in"," the heart of"
"ulsterbank.co.uk","  organisation  ","located in"," northern"
"ulsterbank.co.uk","  organisation  ","located in"," northern"
"lmu.ac.uk","  publisher  ","located in","... http:/"
"backword.me.uk","  society  ","located in"," Saint"
"bookshop.blackwell.co.uk","  company  ","located in"," Southeastern"
"compman.co.uk","  collections  ","located in"," the same town"
"cumbriacc.gov.uk","  services  ","located in"," Scotland,"
"cumbriacc.gov.uk","  collections  ","located in"," Scotland. The"
"wiggle.co.uk"," ","located in"," Glasgow and"
"compman.co.uk","& hobby  shop  ","located in"," NE London,"
"bestbear.co.uk","using  schemas  ","located in"," C: \Program"
"oldhamadvertiser.co.uk","you web  host  ","located in"," the wrong"
"oldhamadvertiser.co.uk","by a  server  ","located in"," Germany you"
"inf.ed.ac.uk","German  club  ","located in"," the red-light"
"ash.org.uk","  trays  ","located in"," the cab via"
"activitypoint.co.uk","to  tutors  ","located in"," rural areas"
"thisistravel.co.uk","is a search  box  ","located in"," the left hand"
"therentservice.gov.uk","to  companies  ","located in"," Thanet"
"arts.guardian.co.uk","  supporters  ","located in"," Bath and"
"bized.ac.uk","of  questions  ","located in"," other Tests or"
"anythingleft-handed.co.uk","ivy-clad  inn  ","located in"," the tranquil"
"ulsterbank.co.uk","and  savannas  ","located in"," North East"
"rafmarham.co.uk","  characters  ","located in"," society ''s"
"answering-islam.org.uk","to  tutors  ","located in"," rural areas"
"tradamis.co.uk","flea  markets  ","located in"," various"
"spotlightministries.org.uk","  organisation  ","located in"," northern"
"kbnet.co.uk","  script  ","located in"," a specific"
"officeronline.co.uk","300 See a  map  ","Located in"," Bristol is"
"thegrid.org.uk","  projects  ","located in"," the north of"
"perfect.co.uk","trace.  tmac  ","located in"," the tmac"
"sciencemuseum.org.uk","  centres  ","located in"," Vantaa and"
"recipes4us.co.uk","  department  ","located in"," offices"
"demos.co.uk","  company  ","located in"," San Francisco"
"chortle.co.uk","  grounds  ","located in"," tropical"
"scottishcorpus.ac.uk","  grounds  ","located in"," tropical"
"homepages.tcp.co.uk","be the  courts  ","located in"," The"
"buckingham.ac.uk","  organisation  ","located in"," northern"
"cipfa.org.uk","3star  hotel  ","located in"," the centre of"
"spotlightministries.org.uk"," ","located in"," Glasgow and"
"sugarshackrecords.co.uk","650  projects  ","located in"," 40 target"
"metoffice.gov.uk","when a  company  ","located in"," or beneficial"
"edgehill.ac.uk"," ","located in"," social"
"transport2000.org.uk","  restrooms  ","located in"," shopping"
"chortle.co.uk","of the  USSR  ","located in"," the territory"
"dl.ac.uk","  primers  ","located in"," the 5 &#x2032;"
"encorepersonnel.co.uk","financial  TNC  ","located in"," New York City"
"lel.ed.ac.uk","  Communities  ","located in"," northern"
"statistics.defra.gov.uk","small  hotel  ","located in"," the center of"
"computerperformance.co.uk","  camp  ","located in"," a hostile"
"su.nott.ac.uk","  centres  ","located in"," the library."
"cipfa.org.uk",". Call  centres  ","located in"," isolated"
"scottishcorpus.ac.uk"," ","located in"," the city"
"leedsfans.org.uk","  champions  ","located in"," Europe, â? she"
"norfolkmills.co.uk","and  schools  ","located in"," remote rural"
"hmcourts-service.gov.uk","  Colleges  ","located in"," the West of"
"bluetree.co.uk","for  companies  ","located in"," this area of"
"armorica.co.uk","  properties  ","located in"," Northampton"
"sefton.gov.uk","  firms  ","located in"," the UK. These"
"militantesthetix.co.uk","and  savannas  ","located in"," North East"
"nln.ac.uk","  meningococci  ","located in"," leukocytes,"
"schoolzone.co.uk","in a city  state  ","located in"," the middle of"
"scottishcorpus.ac.uk","News  Units  ","located in"," 45 places"
"sathya.org.uk","working  firms  ","located in"," Cumberland"
"astrology-horoscopes.co.uk","to a  machine  ","located in"," the Domino"
"inf.ed.ac.uk","  companies  ","located in"," the region to"
"library.open.ac.uk",",  restaurant  ","located in"," the old"
"casino-avenue.co.uk","  elegance  ","located in"," the"
"sustainable-development.gov.uk","4-star  hotel  ","located in"," the heart of"
"venue.co.uk","'' of  schemes  ","located in"," certain"
"ssc.education.ed.ac.uk"," ","located in"," each facility"
"helptheaged.org.uk","  people  ","located in"," nearby"
"statistics.defra.gov.uk","Rye 3 * AA  hotel  ","located in"," the heart of"
"scottishcorpus.ac.uk",", this  time  ","located in"," the streets of"
"newi.ac.uk","  hotel  ","located in"," the heart of"
"deadbrain.co.uk","NMRS  database  ","located in"," Edinburgh."
"encorepersonnel.co.uk"," ","located in"," social"
"schoolzone.co.uk","3 star  hotel  ","located in"," a quiet"
"demos.co.uk","  pylons  ","located in"," warmer climes"
"recipes4us.co.uk","is a  pylon  ","located in"," the car park of"
"thomsonfoundation.org.uk","farm  house  ","located in"," rural Essex"
"transport2000.org.uk","  venue  ","located in"," Ullapool. The"
"sefton.gov.uk","  fields  ","located in"," the Canadian"
"kbnet.co.uk"," ","located in"," Europe our new"
"sussexcricket.co.uk","has  centres  ","located in"," London,"
"adriangilbert.co.uk","days of  pylons  ","located in"," residential"
"adriangilbert.co.uk","the same  name  ","located in"," two different"
"dogservices.co.uk"," ","located in"," over 60"
"wacc.org.uk","  centre  ","located in"," the heart of"
"kahun.man.ac.uk","  building  ","located in"," fashionable"
"casino-avenue.co.uk","  properties  ","located in"," Macedonia and"
"croydon-tramlink.co.uk","and  societies  ","located in"," the"
"ltscotland.org.uk","  centres  ","located in"," Vantaa and"
"inf.ed.ac.uk",". PDF  file  ","located in"," the S: \SIMS"
"ppu.org.uk",", a  farm  ","located in"," the"
"cheapflights.co.uk","  facilities  ","located in"," a sheep"
"chemguide.co.uk","  church  ","located in"," downtown"
"kbnet.co.uk","Research  Team  ","located in"," Leeds, West"
"library.open.ac.uk","office  space  ","located in"," one of the most"
"encorepersonnel.co.uk","the  internet  ","located in",""
"poetsgraves.co.uk","  casino  ","located in"," Mayfair,"
"blink.org.uk","class  hotel  ","located in"," the Upper"
"network-theory.co.uk","  church  ","located in"," downtown"
"compman.co.uk","  property  ","located in"," the United"
"garden-birds.co.uk","  users  ","located in"," odd corners of"
"encorepersonnel.co.uk","  resources  ","located in"," nine energy"
"cheatgenius.co.uk","  bases  ","located in"," North, South,"
"hhrc.rca.ac.uk","  structure  ","located in"," the base of the"
"alexanderharris.co.uk","thesp  hangout  ","located in"," a vaulted"
"mysteriousbritain.co.uk","  cinema  ","located in"," Glasgow ''s"
"ateonline.co.uk","deluxe  hotel  ","located in"," the Victoria"
"ateonline.co.uk","  building  ","located in"," fashionable"
"inf.ed.ac.uk","over a  team  ","located in"," the UK: the"
"inf.ed.ac.uk","to  teams  ","located in"," the Valley."
"livingstreets.org.uk","  building  ","located in"," fashionable"
"open.ac.uk","  firms  ","located in"," the City, and"
"dogservices.co.uk"," ","located in"," many"
"renewal.org.uk","  building  ","located in"," fashionable"
"renewal.org.uk","deluxe  hotel  ","located in"," the Victoria"
"sapling.org.uk"," ","located in"," the eye, optic"
"cipfa.org.uk","  laboratories  ","located in"," the heart of"
"anythingleft-handed.co.uk","  centres  ","located in"," all towns and"
"anythingleft-handed.co.uk","  facilities  ","located in"," Puerto Plata,"
"edu.projects.uwe.ac.uk"," ","located in"," the regions"
"theinsight.co.uk","  plant  ","located in"," the heart of"
"tallclub.co.uk"," ","located in"," the Faculty of"
"kamera.co.uk","as  housing  ","located in"," areas prone to"
"recipes4us.co.uk","  companies  ","located in"," southern"
"wardle.demon.co.uk","  services  ","located in"," London."
"eprints.soton.ac.uk","  stores  ","located in"," large ethnic"
"ccp14.ac.uk","  material  ","located in"," Israel and"
"mantex.co.uk",", and  neutrons  ","located in"," the atom? Can"
"newcollegechoir.co.uk","  staff  ","located in"," each office)"
"goldfrapp.co.uk","  property  ","located in"," the highly"
"ash.org.uk","  masts  ","located in"," residential"
"meditateinlondon.org.uk","  kiosks  ","located in"," shopping"
"schoolzone.co.uk","3 8.  Property  ","located in"," areas of"
"schoolzone.co.uk","3 9.  Property  ","located in"," areas of rural"
"offshoreradio.co.uk","Page  tool  ","located in"," the Add Page or"
"tallclub.co.uk","  businesses  ","located in"," the least"
"cfs.dl.ac.uk","a 3 stars  hotel  ","located in"," Venezia"
"jcdecaux.co.uk","  house  ","located in"," the centre of"
"open.ac.uk","number of  labs  ","located in"," a number of"
"web.onyxnet.co.uk","  capsule  ","located in"," the rear. But"
"www1.icaew.co.uk","  schemes  ","located in"," receiving or"
"scottishcorpus.ac.uk","  routers  ","located in"," the"
"studentdepression.co.uk","  routers  ","located in"," the"
"kamera.co.uk","Save the  peaks  ","located in"," the EXP file? ("
"inf.ed.ac.uk","  penthouse  ","located in"," the heart of"
"thomsonfoundation.org.uk","£ 122 per  night  ","Located in"," the main"
"ash.org.uk","  description  ","located in"," screen 7."
"goldfrapp.co.uk","  businesses  ","located in"," the least"
"sport.guardian.co.uk","  operations  ","located in"," the UK."
"officeronline.co.uk","  properties  ","located in"," the town"
"sapling.org.uk"," ","Located in"," a community"
"compman.co.uk","  service  ","located in"," Alcuinâ? ?s"
"glutafin.co.uk","  building  ","located in"," fashionable"
"glutafin.co.uk","deluxe  hotel  ","located in"," the Victoria"
"robinkelly.btinternet.co.uk","per week.  Job  ","located in"," New York City."
"ash.org.uk","run  hotel  ","located in"," the heart of"
"squarebox.co.uk","to the  c-axis  ","located in"," the center of"
"squarebox.co.uk","to the  c-axis  ","located in"," the center of"
"sport.guardian.co.uk","Blue ""  quarry  ","located in"," Elberton,"
"ihgs.ac.uk","related  site  ","located in"," Birmingham"
"ash.org.uk","TAB (or pub  TAB  ","located in"," hotels) to"
"markharrison.co.uk","  building  ","located in"," fashionable"
"markharrison.co.uk","deluxe  hotel  ","located in"," the Victoria"
"doyourownsite.co.uk"," ","located in"," Virginia? To"
"mustrad.org.uk","to an  area  ","located in"," between the"
"southernwater.co.uk","  students  ","located in"," the North East"
"fashion.arts.ac.uk","  organization  ","located in"," Austria,"
"spot-on-sundials.co.uk","when a  company  ","located in"," New York, NY,"
"childrenshealth.org.uk","; a  settlement  ","located in",""
"childrenshealth.org.uk","  sites  ","located in"," southern"
"childrenshealth.org.uk","- EBA I  sites  ","located in"," various"
"kamera.co.uk","and  agencies  ","located in"," Greater"
"kamera.co.uk","  plantations  ","located in"," Colombia,"
"campus.leeds.ac.uk","head  office  ","located in"," Ashford, Kent"
"spot-on-sundials.co.uk","  building  ","located in"," fashionable"
"spot-on-sundials.co.uk","deluxe  hotel  ","located in"," the Victoria"
"activitypoint.co.uk","when a  company  ","located in"," New York, NY,"
"apocalypsecow.co.uk","cosy  property  ","located in"," the heart of"
"3trpd.co.uk"," ","located in"," the borough."
"chrysalisbooks.co.uk"," ","located in"," the city"
"quarrell.demon.co.uk","Oil  pollution  ","Located in"," the remote"
"theminorsite.co.uk","the  hijackers  ","located in"," the U. S. As"
"midrange.hotels-london.co.uk","6-10  years  ","located in"," a village in"
"2hearts.org.uk","to 6 Is your  org  ","located in"," a former Cost"
"bathrugby.co.uk","  structure  ","located in"," Jerusalem as"
"apsoc.ox.ac.uk","of  entries  ","located in"," the current"
"apsoc.ox.ac.uk","for each  entry  ","located in"," the last"
"campus.leeds.ac.uk","  gardens  ","located in"," an exclusive"
"9ballpool.co.uk","  centres  ","located in"," Vantaa and"
"backword.me.uk","  companies  ","located in"," all 50 states,"
"backword.me.uk","  teams  ","located in"," the"
"campus.leeds.ac.uk","  providers  ","located in"," their"
"agrifor.ac.uk",").  SUBJECTS  ","LOCATED IN"," OTHER"
"campus.leeds.ac.uk","British  arm  ","located in"," Docklands,"
"nec.ac.uk","deluxe  hotel  ","located in"," the Victoria"
"nec.ac.uk","  building  ","located in"," fashionable"
"heavenlyhotels.co.uk","type of  job  ","located in"," any"
"stanza.co.uk","a 5m  gnomon  ","located in"," the centre of"
"comedy-festival.co.uk","  departments  ","located in"," towns and"
"childrenshealth.org.uk","a remote  area  ","located in"," the most"
"campus.leeds.ac.uk","Web  page  ","Located in"," North Park,"
"answering-islam.org.uk","campus  PCs  ","located in"," the library"
"noblemarine.co.uk","one  hospital  ","located in"," Road Town,"
"noc.nhs.uk","hidden  stars  ","located in"," This Ol '' House"
"noc.nhs.uk","hidden  stars  ","located in"," Perilous"
"noc.nhs.uk","hidden  stars  ","located in"," Hoedown GP in"
"noc.nhs.uk","hidden  stars  ","located in"," Jungle"
"noc.nhs.uk","hidden  stars  ","located in"," Graveyard GP"
"noc.nhs.uk","hidden  stars  ","located in"," 911:"
"noc.nhs.uk","hidden  stars  ","located in"," Beachside GP"
"noc.nhs.uk","hidden  stars  ","located in"," Toy Town Sci Fi"
"observer.guardian.co.uk","Amenity  site  ","located in"," Stock Road,"
"observer.guardian.co.uk","Amenity  site  ","located in"," Stock Road,"
"jb.man.ac.uk","of  hits  ","located in"," this way can be"
"salute.co.uk","  center  ","located in"," Dallas. Until"
"humanities.manchester.ac.uk","IT help  desk  ","located in"," the library"
"scienceandresearch.homeoffice.gov.uk","  building  ","located in"," fashionable"
"scienceandresearch.homeoffice.gov.uk","deluxe  hotel  ","located in"," the Victoria"
"bcf1.hi-tek.co.uk","on  assets  ","located in"," other"
"bcf1.hi-tek.co.uk","  facilities  ","located in"," Maryland and"
"jesusarmywatch.org.uk","  institutions  ","located in"," the UAE. There"
"cmis.brighton.ac.uk","Iron Age  site  ","located in"," the"
"milupa-aptamil.co.uk","  practices  ","located in"," areas of"
"mantex.co.uk","and nice  hotel  ","located in"," one of the"
"apsoc.ox.ac.uk","when a  company  ","located in"," New York, NY,"
"gamesfrenzy.co.uk","to the  body  ","located in"," a ditch at the"
"jesusarmywatch.org.uk","of  books  ","located in"," the Archive."
"britarch.ac.uk","  transactions  ","located in"," the Middle"
"cheaper-mortgage.co.uk","? General  pain  ","located in"," the neck area"
"sport.guardian.co.uk","  company  ","located in"," Mountain View"
"acl.icnet.uk","  unit  ","located in"," the Cabinet"
"twrc.rowing.org.uk","  address  ","located in"," China. For"
"bathrugby.co.uk","of 10  hectares  ","located in"," the Copley"
"bathrugby.co.uk","shop  fronts  ","located in"," old buildings"
"sussexmillsgroup.org.uk","  Groups  ","located in"," and around the"
"oran-mor.co.uk","""  program  ","located in"," the program"
"patent.gov.uk","bedroom  house  ","located in"," Warwick"
"greenparty.org.uk","  control  ","located in"," South Africa"
"campus.leeds.ac.uk","  designers  ","located in"," various parts"
"cowandgate.co.uk","  airfield  ","located in"," Labrador,"
"archive2.official-documents.co.uk","  building  ","located in"," fashionable"
"redliners.co.uk","  information  ","located in"," semantic LTM 3"
"inf.ed.ac.uk"," ","located in"," the USA,"
"riverford.co.uk","  safe  ","located in"," another room;"
"music.ox.ac.uk","main  campuses  ","located in"," and around the"
"campus.leeds.ac.uk","  staff  ","located in"," departments"
"sport.guardian.co.uk","  staff  ","located in"," departments"
"phon.ox.ac.uk","main  campuses  ","located in"," and around the"
"observer.guardian.co.uk","  community  ","located in"," the Negev"
"bvqi.co.uk","SCT  database  ","located in"," Geneva. Its"
"manchesterfire.gov.uk","  transmitters  ","located in"," the"
"sussex.ac.uk","Amenity  site  ","located in"," Stock Road,"
"bathrugby.co.uk",".  Person  ","located in"," the water and"
"sport.guardian.co.uk","Research  team  ","located in"," the London"
"fdf.ac.uk","  property  ","located in"," a popular"
"orinst.ox.ac.uk"," ","located in"," the USA,"
"acl.icnet.uk","  building  ","located in"," fashionable"
"acl.icnet.uk","deluxe  hotel  ","located in"," the Victoria"
"bramallconstruction.co.uk","  staff  ","located in"," departments"
"netribution.co.uk","travel  agents  ","located in"," 209 countries"
"mybelfast.co.uk","  businesses  ","located in"," and around the"
"usbgifts.co.uk","  hotel  ","located in"," the heart of"
"democracymovement.org.uk","  distribution  ","located in"," the tactical"
"patent.gov.uk","  transactions  ","located in"," the Middle"
"www1.icaew.co.uk","small  sites  ","located in"," various parts"
"www1.icaew.co.uk","smaller  sites  ","located in"," various areas"
"mi5.gov.uk","art  offices  ","located in"," central"
"mi5.gov.uk","art  offices  ","located in"," central"
"lel.ed.ac.uk","  college  ","located in"," London ''s West"
"chrysalisbooks.co.uk","to the  branch  ","located in"," Spain or"
"railwaysarchive.co.uk","  company  ","located in"," London, UK"
"cheatingdome.co.uk","  countries  ","located in"," Asia, Latin"
"twrc.rowing.org.uk","elegant  hotel  ","located in"," the heart of"
"walkscene.co.uk","Amenity  site  ","located in"," Stock Road,"
"bathrugby.co.uk","  hotel  ","located in"," the heart of"
"abs.aston.ac.uk","peaceful  town  ","located in"," Somerset, the"
"abs.aston.ac.uk","and  savannas  ","located in"," North East"
"mi5.gov.uk","  property  ","located in"," Oregon or any"
"artquest.org.uk","to  users  ","located in"," rural areas of"
"web.onetel.net.uk","  hotel  ","located in"," the heart of"
"mcmuffin.co.uk","  distribution  ","located in"," the tactical"
"mcmuffin.co.uk","  distribution  ","located in"," the tactical"
"zzap64.co.uk","  Guildhall  ","located in"," the city"
"historyhome.co.uk","Bank.  Wreck  ","located in"," position 72°"
"focusdiy.co.uk","among  women  ","located in"," prison mother"
"sochealth.co.uk",", an  island  ","located in"," the"
"snh.org.uk","to a trap  site  ","located in"," South Korea."
"edp24.co.uk","  subsidiary  ","located in"," a double"
"edp24.co.uk","  goods  ","located in"," Spanish"
"firedog-design.co.uk","main  campuses  ","located in"," and around the"
"gridpp.ac.uk","  hotel  ","located in"," the ancient"
"adhorse.co.uk","  facility  ","located in"," the North East"
"fmb.org.uk","  community  ","located in"," the Negev"
"historyhome.co.uk","  plants  ","located in"," the UK, and"
"travel.independent.co.uk","  services  ","Located in"," Grenada West"
"undiscoveredscotland.co.uk","of  empire  ","located in"," the north east"
"personalfinance.iii.co.uk","of  empire  ","located in"," the north east"
"cfpf.org.uk","  system  ","located in"," the "" Records """
"positivenation.co.uk","  repeaters  ","located in"," both"
"hintsandthings.co.uk","low  pressure  ","located in"," a tunnel at"
"ilford.org.uk","  resources  ","located in"," the West Bank."
"eprints.gla.ac.uk","  Introduction  ","Located in"," central"
"eprints.gla.ac.uk","de  change  ","located in"," the main"
"growthcompany.co.uk","  equipment  ","located in"," near"
"bristolrugby.co.uk","  waterfall  ","located in","?"
"brighton.ac.uk","deep  mines  ","located in"," Central and"
"katapi.org.uk","head  office  ","located in"," Northampton."
"katapi.org.uk","  company  ","located in"," the heart of"
"alite.co.uk","Network.  Hubs  ","located in"," BT exchanges,"
"holdthefrontpage.co.uk","on  technology  ","located in"," the vetinary"
"historyhome.co.uk","a 12 acre  site  ","located in"," an ancient"
"learnmoney.co.uk","  businesses  ","located in"," the United"
"learnmoney.co.uk","  desk  ","located in"," the Arrivals"
"geolsoc.org.uk","head  office  ","located in"," Northampton."
"city.ac.uk","  building  ","located in"," fashionable"
"historyhome.co.uk","and  PCs  ","located in"," groups of"
"growthcompany.co.uk","  groups  ","located in"," Germany,"
"sciencemadesimple.co.uk","  service  ","located in"," Tameside"
"historyhome.co.uk","  townhouse  ","located in"," Gloucester"
"staff.city.ac.uk","such  centres  ","located in"," 17 different"
"longleat.co.uk","  centre  ","located in"," Terminal 3 has"
"stockportmbc.gov.uk","  Aquarium  ","located in"," the city."
"travel.independent.co.uk","a small  shop  ","located in"," the coastal"
"mcmuffin.co.uk","  country  ","located in"," the heart of"
"edp24.co.uk","works. Itâ?  ?s  ","located in"," what is called"
"westernfront.co.uk","was for a  time  ","located in"," it. ALLANDER"
"web.onetel.net.uk","Amenity  site  ","located in"," Stock Road,"
"yorkgate.ram.ac.uk","  centre  ","located in"," the Arrivals"
"brighton.ac.uk","car  park  ","located in"," front of"
"brighton.ac.uk","  centre  ","located in"," Terminal 2 ("
"number10.gov.uk","in five  wards  ","located in"," the London"
"barbarakelly.co.uk","  colleagues  ","located in"," the Electric"
"barbarakelly.co.uk","  colleagues  ","located in"," Cloth Hall"
"c-london.co.uk","  businesses  ","located in"," the resident"
"cfpf.org.uk","  functions  ","located in"," Manchester,"
"cfpf.org.uk",": One  SSC  ","located in"," the city of"
"austin-rover.co.uk","  company  ","located in"," the Middle"
"web.onetel.net.uk","R&D  facility  ","located in"," South Africa,"
"gla.ac.uk:443","  country  ","located in"," the Eastern"
"mattian.co.uk","  cells  ","located in"," Milan,"
"mattian.co.uk","  individuals  ","located in"," Parma and"
"library.dmu.ac.uk","in a  firm  ","located in"," Belgium that"
"thisischeshire.co.uk","  practices  ","located in"," one of the four"
"thisischeshire.co.uk","of  dentists  ","located in"," the areas"
"historyhome.co.uk","  office  ","located in"," or around the"
"battlefield.jolt.co.uk","  entrance  ","located in"," the East block"
"travel.independent.co.uk","  hotel  ","located in"," a lovely area"
"chssc.salford.ac.uk","head  office  ","located in"," Northampton."
"psychicnewsbookshop.co.uk","a  subsidiary  ","located in"," one EU state to"
"psychicnewsbookshop.co.uk","to a  parent  ","located in"," another EU"
"2pass.co.uk","the  records  ","located in"," a previous"
"dass.stir.ac.uk","), a  village  ","located in"," Klungkung"
"dass.stir.ac.uk","for the  arts  ","located in"," Bandung which"
"tfc.jolt.co.uk","of  property  ","located in"," Panama, where"
"wymsey.co.uk","support  desks  ","located in"," every"
"fmrib.ox.ac.uk","  deposit  ","located in"," the Panfilo"
"fgdp.org.uk","  centre  ","located in"," the northern"
"isis-publishing.co.uk","  deposit  ","located in"," the Panfilo"
"learningservices.gcal.ac.uk","  house  ","located in"," a nice"
"brf.org.uk","fulltext.  php  ","located in"," the/tools"
"brf.org.uk","fulltext.  php  ","located in"," the/tools"
"south-online.co.uk","  properties  ","located in"," Macedonia."
"books.ekklesia.co.uk","a few  servers  ","located in"," the USA, known"
"rbgkew.org.uk","  chartplotter  ","located in"," the corner."
"reghardware.co.uk","  chartplotter  ","located in"," the corner."
"walsinghamanglican.org.uk","  scheme  ","located in"," Central"
"psychicnewsbookshop.co.uk","staff  members  ","located in"," the"
"lib.strath.ac.uk","  lab  ","located in"," the basement"
"scriptureunion.org.uk","head  office  ","located in"," Northampton."
"icdumfries.icnetwork.co.uk","  deposit  ","located in"," the Panfilo"
"library.paisley.ac.uk","  site  ","located in"," central"
"bhd.jolt.co.uk","exiting  woman  ","located in"," Copenhagen"
"merseyside.police.uk","a new  building  ","located in"," a village near"
"wjmll.ncl.ac.uk","  provider  ","located in"," a town called"
"rsi.org.uk","  services  ","located in"," UK Channel"
"sotic.co.uk","  hospital  ","located in"," East London."
"wjmll.ncl.ac.uk","  hospital  ","located in"," East London."
"lexmark.co.uk","of an  imc  ","located in"," the"
"rcm.org.uk","  projects  ","located in"," strategic"
"chesterfieldroyal.nhs.uk","  colony  ","located in"," the Eastern"
"hl2.jolt.co.uk","  company  ","located in"," one EU state to"
"hl2.jolt.co.uk","  company  ","located in"," another EU"
"countrywideassured.co.uk","and  cays  ","located in"," the Eastern"
"petitsharicots.org.uk","  deposit  ","located in"," the Panfilo"
"hovertravel.co.uk","  courts  ","located in"," the United"
"rcm.org.uk","run  hotel  ","located in"," the heart of"
"directline-holidays.co.uk","  deposit  ","located in"," the Panfilo"
"brookstreet.co.uk","  house  ","located in"," the centre of a"
"jubileebooks.co.uk","with 23  staff  ","located in"," the Centre"
"countrywideassured.co.uk","  deposit  ","located in"," the Panfilo"
"recommendedbuys.co.uk","  facilities  ","located in"," Gig Harbor,"
"tcl.jolt.co.uk","  wards  ","located in"," Dundee City"
"cube.jolt.co.uk","layer of  silt  ","located in"," the eastern"
"library.sunderland.ac.uk","  chartplotter  ","located in"," the corner for"
"tacops.jolt.co.uk","some  terms  ","located in"," the Tools &"
"battlefield.jolt.co.uk","in the  world  ","located in"," the shadow of"
"jubileebooks.co.uk","  students  ","located in"," the Business"
"andersenpress.co.uk","  firm  ","located in"," the"
"eurhotels.co.uk","  deposit  ","located in"," the Panfilo"
"hotels-in-scotland.co.uk","  house  ","located in"," a quiet plca a"
"halo.jolt.co.uk","family  homes  ","located in"," the"
"u2xmp.jolt.co.uk","a 3 star  hotel  ","located in"," the"
"eps.co.uk","with 23  staff  ","located in"," the Centre"
"sctnet.org.uk","Network.  Hubs  ","located in"," BT exchanges,"
"sctnet.org.uk","backbone  hubs  ","located in"," telephone"
"veggies.org.uk","  deposit  ","located in"," the Panfilo"
"blokesonly.co.uk","  progamme  ","located in"," Perth,"
"horsedata.co.uk","some  stalls  ","located in"," the open air."
"revolution.caret.cam.ac.uk","  development  ","located in"," Eastbourne."
"petitsharicots.org.uk","  projects  ","located in"," strategic"
"duckmusic.free-online.co.uk","  chartplotter  ","located in"," the corner."
"duckmusic.free-online.co.uk","  chartplotter  ","located in"," the corner for"
"rcm.org.uk","  chartplotter  ","located in"," the corner."
"lib.strath.ac.uk","  church  ","located in"," that town. He"
"allinmanchester.co.uk","water  wheels  ","located in"," estuaries,"
"toolkit-east.org.uk","call  centres  ","located in"," Leeds,"
"lovereading4kids.co.uk","  allies  ","located in"," or near"
"veggies.org.uk","is a small  town  ","located in"," mountain"
"maths.cam.ac.uk",". These  area  ","located in"," or around the"
"microapl.co.uk","  chartplotter  ","located in"," the corner for"
"horseandponysales.co.uk","  complex  ","located in"," what is"
"horseselect.co.uk","by  teams  ","located in"," India. These"
"burrator.gov.uk","  departments  ","located in"," King ''s Manor"
"blitzkrieg.jolt.co.uk","to the  beach  ","located in"," L´Estartit, a"
"bf1942l.jolt.co.uk","  information  ","located in"," the space; and"
"nameless.co.uk","  deposit  ","located in"," the Panfilo"
"medievalchurch.org.uk","  deposit  ","located in"," the Panfilo"
"campaigns.lga.gov.uk","the  program  ","located in"," its ""/cgi-bin"
"equinenet.co.uk","a pay  machine  ","located in"," one of the"
"jubileebooks.co.uk","  hospital  ","located in"," East London."
"chingfordguardian.co.uk","  projects  ","located in"," strategic"
"littledowncentre.co.uk","modern  campus  ","located in"," the suburbs ("
"littledowncentre.co.uk","''s Manor  site  ","located in"," the"
"veggies.org.uk","  chartplotter  ","located in"," the corner."
"petitsharicots.org.uk","in the  world  ","located in"," the shadow of"
"books.ekklesia.co.uk","  church  ","located in"," that town. He"
"slam.nhs.uk","in the  world  ","located in"," the shadow of"
"holidayhypermarket.co.uk","  chartplotter  ","located in"," the corner."
"holidayhypermarket.co.uk","  chartplotter  ","located in"," the corner for"
"brookstreet.co.uk","  chartplotter  ","located in"," the corner."
"brookstreet.co.uk","  chartplotter  ","located in"," the corner for"
"iprs.ed.ac.uk","  apartment  ","located in"," the exclusive"
"slam.nhs.uk","1,100  lawyers  ","located in"," 18 cities in"
"journalonline.co.uk","Paris A  hotel  ","located in"," the center of"
"fellows.rcsed.ac.uk","death  scenes  ","located in"," specific"
"sageoxford.org.uk","death  scenes  ","located in"," specific"
"slam.nhs.uk","for  roles  ","located in"," Canary Wharf"
"ofcom.org.uk","by  firms  ","located in"," 2,000"
"photonics.org.uk","  restaurant  ","located in"," a hugely"
"snowawards.co.uk","a  dealership  ","located in"," Mahwah, New"
"iscp.ac.uk","some  terms  ","located in"," the Tools &"
"rtcw.jolt.co.uk","of  premises  ","located in"," existing"
"cool-reads.co.uk","of  food  ","located in"," a vehicle or"
"zen51342.zen.co.uk","  books  ","located in"," Gemini North,"
"southend.gov.uk","  machine  ","located in"," Hilo. This"
"allinedinburgh.co.uk",". We have 40  PCs  ","located in"," the Legal"
"allinbath.co.uk","small R&D  team  ","located in"," Adelaide, who"
"holidayhypermarket.co.uk","in the  world  ","located in"," the shadow of"
"scriptureunion.org.uk","fifty  trusts  ","located in"," England,"
"scriptureunion.org.uk","from  offices  ","located in"," Radford, one"
"edinburghtechnopole.co.uk","  photosphere  ","located in"," active"
"brookstreet.co.uk","historic  inn  ","located in"," the"
"hotels-in-scotland.co.uk","15  megawatts  ","located in"," a Nevada"
"premierglobal.co.uk","country  inn  ","located in"," the small"
"derbyplayhouse.co.uk","  formation  ","located in",""
"zen51342.zen.co.uk","of  schists  ","located in"," the southwest"
"zen51342.zen.co.uk","at a  hotel  ","located in"," a fully"
"emotion.discover-your-mind.co.uk","  center  ","located in"," West Caldwell"
"ofcom.org.uk","  house  ","located in"," a warm"
"dunmow-broadcast.co.uk","  camps  ","located in"," the U. S. and"
"iwar.org.uk","  team  ","located in"," the Civic"
"iqpc.co.uk","  surgery  ","located in"," the"
"gapyearforgrownups.co.uk","  terminal  ","located in"," the kitchen:"
"unisport.co.uk",".  Resources  ","located in"," the same cell"
"unisport.co.uk",".  Resources  ","located in"," directly"
"unisport.co.uk","?  resources  ","located in"," this cell. ?"
"adult-video-on-demand.co.uk","the labled  box  ","located in"," the Narthex. A"
"blythweb.co.uk","  terminal  ","located in"," the kitchen:"
"iprs.ed.ac.uk","  firm  ","located in"," Northville,"
"lbp.police.uk","  organisation  ","located in"," Southend is"
"monmouthrc.org.uk","  businesses  ","located in"," this region."
"tech.plym.ac.uk","was at the  time  ","located in"," the state of"
"books.ekklesia.co.uk","  interfaces  ","located in"," Figure 10 are"
"ofcom.org.uk","public  access  ","located in"," a public space"
"iwar.org.uk","  programmes  ","located in"," the remote and"
"direct-pcw.co.uk","historic  city  ","located in"," the heart of"
"lembingley.itweek.co.uk","inhouse  bases  ","located in"," North"
"jobwise.co.uk","  Playgroups  ","located in"," and around the"
"cowes.co.uk","  keywords  ","located in"," title and"
"cowes.co.uk","  keywords  ","located in"," title, HTML"
"boltonhospitals.nhs.uk","4 stars  hotel  ","located in"," the centre of"
"boltonhospitals.nhs.uk","guest  house  ","located in"," the heart of"
"wevh.org.uk",": 22.9  kms  ","Located in"," the peaceful,"
"scotborders.gov.uk",": 2.2  kms  ","Located in"," the lively"
"wingatesband.co.uk","''s  agent  ","located in"," the United"
"allinbath.co.uk","  centers  ","located in"," close"
"law.cf.ac.uk",", a  manuscript  ","located in"," the"
"sthct.nhs.uk","the  addresses  ","located in"," it. Shortcuts"
"companionshiplinks.co.uk","is a  marina  ","located in"," the town. The"
"dangerismymiddlename.co.uk",".  Resources  ","located in"," the same cell"
"dangerismymiddlename.co.uk",".  Resources  ","located in"," directly"
"dangerismymiddlename.co.uk","?  resources  ","located in"," this cell. ?"
"iqpc.co.uk","in a  factory  ","located in"," Wales. In"
"giftsforcharity.co.uk","  accounts  ","located in"," Scotland."
"lbbd.gov.uk","  plant  ","located in"," Spain. You"
"gloshospitals.org.uk","  building  ","located in"," the Barbican"
"gloshospitals.org.uk","class  hotel  ","located in"," the business"
"iqpc.co.uk",": 0.3  kms  ","Located in"," central"
"dl.ac.uk",": 14.7  kms  ","Located in"," the heart of"
"actraining.co.uk","  country  ","located in"," northwestern"
"menumagazine.co.uk","  hotel  ","located in"," the heart of"
"python.demon.co.uk","  hotel  ","located in"," the West End of"
"naturalist.co.uk","See a  map  ","Located in"," a very central"
"bized.ac.uk","See a  map  ","Located in"," a central"
"cheapflights.co.uk","3-star  hotel  ","located in"," the centre of"
"cheapflights.co.uk","  hotel  ","located in"," the West End of"
"rsmpress.co.uk"," ","located in"," airway smooth"
"usedcarexpert.co.uk","4 star  hotel  ","located in"," the heart of"
"usedcarexpert.co.uk","  property  ","located in"," the harbour"
"undergraduate.hw.ac.uk",": 0.6  kms  ","Located in"," the heart of"
"undergraduate.hw.ac.uk","centre: 1  kms  ","Located in"," Manchester ''s"
"photonics.org.uk",".  Store  ","located in"," Meadowhall,"
"bized.ac.uk","is a  programme  ","located in"," a remote"
"rock3.co.uk","  equipment  ","located in"," near"
"rock3.co.uk","  Reception  ","located in"," the"
"cowes.co.uk","fourth  chakra  ","located in"," the heart. It"
"sexshop-247.co.uk",": 0.3  kms  ","Located in"," the very heart"
"lbp.police.uk","record  label  ","located in"," mid Michigan"
"iprs.ed.ac.uk","domain.  exe  ","located in"," your"
"iftr.org.uk","  organisation  ","located in"," Mayfair is"
"bized.ac.uk","Server  Setup  ","located in"," the Docs file."
"playboy.co.uk","  facilities  ","located in","... More"
"booklore.co.uk","  facilities  ","located in"," Washington,"
"ashleymote.co.uk","  estates  ","located in"," Mid Calder."
"directline-holidays.co.uk",": 0.3  kms  ","Located in"," Oxford centre"
"directline-holidays.co.uk","  stay  ","located in"," peaceful"
"chameleonnet.co.uk","house  hotel  ","located in"," the heart of"
"chameleonnet.co.uk","popular  hotel  ","located in"," the Heart of"
"chameleonnet.co.uk","Mary  mansion  ","located in"," the heart of"
"bmti.co.uk",": 2.9  kms  ","Located in"," the heart of"
"cookuk.co.uk","centre: 20  kms  ","Located in"," the town of"
"stalbans.gov.uk","bedroom  hotel  ","located in"," Devonport,"
"wevh.org.uk","guest  house  ","located in"," the city"
"stalbans.gov.uk","are  crates  ","located in"," each team ''s"
"stalbans.gov.uk","codkey  file  ","located in"," the C: \..."
"brookstreet.co.uk","all  problems  ","located in"," the Model"
"boltonhospitals.nhs.uk",": 0.5  kms  ","Located in"," the very"
"boltonhospitals.nhs.uk","urban  living  ","located in"," the heart of"
"boltonhospitals.nhs.uk",": 2.6  kms  ","Located in"," a leafy lane, 2"
"nbh.co.uk","  software  ","located in","/package/"
"comtechproducts.co.uk","guest  house  ","located in"," the city"
"comtechproducts.co.uk","  hotel  ","located in"," the West End of"
"comtechproducts.co.uk","  aparthotel  ","located in"," the heart of"
"comtechproducts.co.uk"," ","located in"," the West End."
"4-uk-finance.co.uk","  equipment  ","located in"," near"
"rcalabelgroup.co.uk","  hotel  ","located in"," the heart of"
"rcalabelgroup.co.uk","star  hotel  ","located in"," the town of"
"bized.ac.uk","  Power  ","located in"," the Alimbic"
"boltonmrt.org.uk","  building  ","located in"," the heart of"
"cmumusicnetwork.co.uk","large  cannons  ","located in"," their base or"
"kh2.co.uk","record  label  ","located in"," mid Michigan"
"iwar.org.uk","sentry  turret  ","located in"," front of the"
"smallcompanies.co.uk",": 0.7  kms  ","Located in"," the heart of"
"smallcompanies.co.uk","  Apartments  ","located in"," the heart of"
"kh2.co.uk","farm  town  ","located in"," Normandy,"
"playboy.co.uk","  temple  ","located in"," southern"
"bookshop.blackwell.co.uk","  business  ","located in"," Key Largo,"
"jodi.ecs.soton.ac.uk","and  Breakfast  ","located in"," the Historic"
"jodi.ecs.soton.ac.uk",", 4 star  hotel  ","located in"," Paris France,"
"thetravelpage.co.uk","  stones  ","located in"," the dungeons"
"webrecruit.co.uk","  building  ","located in"," the city"
"kustompcs.co.uk",". cfg  file  ","located in"," your main TFC"
"playboy.co.uk","inhouse  bases  ","located in"," North"
"menumagazine.co.uk","  engines  ","located in"," the rear of the"
"towerfm.co.uk","  charity  ","located in"," the"
"cheapflights.co.uk","bustling  city  ","located in"," a beautiful"
"rsmpress.co.uk","7961 See a  map  ","Located in"," a late"
"sonymusic.co.uk","  directories  ","located in"," the Reference"
"cheapflights.co.uk","  resort  ","located in"," the Spanish"
"bnp.org.uk","in-place  JTF  ","located in"," Honduras"
"riverchurch.org.uk","  findings  ","located in"," this resource"
"directline-holidays.co.uk","4 star  hotel  ","located in"," the heart of"
"directline-holidays.co.uk","  property  ","located in"," the harbour"
"kh2.co.uk","  surgery  ","located in"," the"
"iwar.org.uk","  engine  ","located in"," each machine."
"smallcompanies.co.uk","  catalogues  ","located in"," the library or"
"smallcompanies.co.uk","  catalogues  ","located in"," the library or"
"bized.ac.uk","in  schools  ","located in"," deprived"
"free-counters.co.uk","  diseases  ","located in"," this"
"blokesonly.co.uk","  hotel  ","located in"," a prime"
"atl.org.uk","  assets  ","located in"," the United"
"boydell.co.uk","3star  hotel  ","located in"," the centre of"
"recipes4us.co.uk","support  staff  ","located in"," the Caerleon"
"edwarddavey.co.uk","  folders  ","located in"," other systems"
"mercury.soas.ac.uk","head  office  ","located in"," Northampton."
"arts.guardian.co.uk","in the  scheme  ","located in"," both rural and"
"boards.thisismoney.co.uk","1 (small  lab  ","located in"," the journals)"
"essexcricket.org.uk","or  material  ","located in"," another"
"ior.rml.co.uk"," ","located in"," the North of"
"iqpc.co.uk","  courts  ","located in"," the United"
"pressstartonline.co.uk","  nozzles  ","located in"," the furnace"
"pluss.org.uk","for  clients  ","located in"," Europe. She"
"swindon-town-fc.co.uk","a sub  office  ","located in"," the offices of"
"westaff.co.uk","  folk-museum  ","located in"," Arbr (Museum"
"www-users.cs.york.ac.uk","I  awardees  ","located in"," Delaware or"
"punterlink.co.uk","  publisher  ","located in"," beautiful"
"recipes4us.co.uk","to the  branch  ","located in"," Spain or"
"imaginehomes.co.uk","  assets  ","located in"," the United"
"ppfarnham.org.uk","held  company  ","located in"," Wilmington,"
"ioe.stir.ac.uk","Green  Parties  ","located in"," ACT, NSW, NT,"
"brookstreet.co.uk","  suppliers  ","located in"," europe,"
"dcs.gla.ac.uk","star  hotel  ","Located in"," the heart of"
"toonale.co.uk","a PADI  school  ","located in"," the"
"sciencemuseum.org.uk","  properties  ","located in"," those"
"ans.org.uk","  publisher  ","located in"," beautiful"
"thepca.co.uk"," ","located in"," the USA,"
"edgehill.ac.uk","  centre  ","located in"," the heart of"
"nmm.ac.uk"," ","located in"," the USA,"
"boards.thisismoney.co.uk","  software  ","located in","/package/"
"lmu.ac.uk","that  company  ","located in"," the UK. The"
"forums.webactivemagazine.co.uk","the Add  link  ","located in"," the sub-menu"
"netdoctor.co.uk","style  hotel  ","located in"," the centre of"
"archive.food.gov.uk","  publisher  ","located in"," beautiful"
"monochrome.co.uk","  Revaluators  ","located in"," the library."
"bized.ac.uk","based  company  ","located in"," Teddington"
"sports.stir.ac.uk","service  core  ","Located in"," the central"
"arts.guardian.co.uk","some  company  ","located in"," the Far East or"
"tameside.gov.uk","  company  ","located in"," Central"
"nmm.ac.uk","a  property  ","located in"," Spain, but you"
"nmm.ac.uk","buy a  property  ","located in"," Spain from a"
"nmm.ac.uk","your  property  ","located in"," Spain, bear in"
"rdg.ac.uk","law  firm  ","located in"," Mayfair,"
"lmu.ac.uk","  corporations  ","located in"," Delaware or"
"agrifor.ac.uk","to the  printer  ","located in"," the Library"
"kamera.co.uk","machine  gun  ","located in"," t ''s base."
"bized.ac.uk","50  delegates  ","Located in"," the private"
"forums.pcw.co.uk","elegant  hotel  ","located in"," the highly"
"kamera.co.uk","  specialists  ","located in"," Spain, Mexico"
"bized.ac.uk","charity  shops  ","located in"," Newport and"
"employment-solicitors.co.uk","tech  firm  ","located in"," Texas, has"
"click2date.co.uk","  hotel  ","located in"," the centre of"
"oxfordshireforums.co.uk","  monuments  ","located in"," the Lower"
"redcarlifeboat.org.uk","  works  ","located in"," the area. The"
"patp3.webbler.co.uk","  craftspeople  ","located in"," publicly"
"click2date.co.uk","ski  resorts  ","located in"," the Sierra"
"buckingham.ac.uk","from  nozzles  ","located in"," the furnace"
"wacc.org.uk","  houses  ","located in"," seismic zones"
"ssees.ac.uk","  city  ","located in"," the county of"
"accident-compensation-people-uk.co.uk","  practice  ","located in"," and around the"
"archive.food.gov.uk","and  elements  ","located in"," the scattered"
"kented.org.uk","  Remains  ","Located in"," the Dor D Site,"
"kented.org.uk","three  wrecks  ","located in"," the Baltic and"
"kented.org.uk","  sites  ","located in"," Truk Lagoon."
"dcs.gla.ac.uk","  machine  ","located in"," the Project"
"lmu.ac.uk","136  advisers  ","located in"," 79 branches"
"kamera.co.uk","  stations  ","located in"," accessible"
"patp3.webbler.co.uk","  district  ","located in"," the vicinity"
"marvel.co.uk","  cemeteries  ","located in"," France and"
"art.man.ac.uk",". The  arrows  ","located in"," the middle of"
"bookshop.blackwell.co.uk","tech  firm  ","located in"," Texas, has"
"tameside.gov.uk","with an  office  ","located in"," the premises"
"arcticcorsair.f9.co.uk","  retailer  ","located in"," Fulham expert"
"bsg.org.uk","  school  ","located in"," an area that is"
"lmu.ac.uk","  Guard  ","located in"," various"
"landvaluetax.org.uk","the  database  ","located in"," a"
"tradeshows.esources.co.uk","on-site  shop  ","located in"," the"
"iwar.org.uk","  images  ","located in"," a lockimgs."
"iwar.org.uk","  reservoirs  ","located in"," the"
"archive.food.gov.uk","Upper  tanden  ","located in"," the middle of"
"scvo.org.uk","  control  ","located in"," front of the"
"inverclyde.gov.uk","gun  batteries  ","located in",", and behind,"
"chortle.co.uk","  mansions  ","located in"," or near the"
"hmscavalier.org.uk","  Monastery  ","located in"," Southern"
"harry-tates.org.uk","to  events  ","located in"," their own"
"menshealth.co.uk","  workhouse  ","located in"," Alderney"
"hwtma.org.uk","a young  woman  ","located in"," Austria is the"
"lasa.org.uk","his factory  ­  ","located in"," Ibach, in"
"scvo.org.uk","  control  ","located in"," front of the"
"buckingham.ac.uk","Rook  cemetery  ","located in"," Melbourne ''s"
"bookshop.blackwell.co.uk","  consultancy  ","located in"," Cambridge,"
"bookshop.blackwell.co.uk","with  offices  ","located in"," Cambridge,"
"spiritaid.org.uk","  cattle-ranch  ","located in"," the Waterberg"
"irishdemocrat.co.uk","for  spies  ","located in"," Antwerp,"
"disability-office.ed.ac.uk","even for  lakes  ","located in"," close"
"volstudy.ac.uk","London  region  ","located in"," 7 sample"
"touruk.co.uk","resource  area  ","located in"," the SIGN"
"iwar.org.uk","for 15  places  ","located in"," different"
"captaincookschoolroommuseum.co.uk","to a  server  ","located in"," the German"
"netdoctor.co.uk","  pages  ","Located in"," Britain ''s"
"cyberslayer.co.uk","  office  ","located in"," Singapore to"
"esources.co.uk","  resort  ","located in"," Andalucía,"
"ucb.co.uk","an  answer  ","located in"," a unique"
"acronym.org.uk","bars and  pubs  ","located in",""
"monsanto.co.uk","lists of  files  ","located in"," the"
"monsanto.co.uk","of  files  ","located in"," the"
"homepages.inf.ed.ac.uk","  company  ","located in"," some downtown"
"jasss.soc.surrey.ac.uk"," ","located in"," the back"
"bham.ac.uk","  houses  ","located in"," seismic zones"
"cancerweb.ncl.ac.uk","with  students  ","located in"," other parts of"
"newhumanist.org.uk","link to a  topic  ","located in"," another web is"
"classic-literature.co.uk","vast  places  ","located in"," rather"
"mark-twain.classic-literature.co.uk"," ","located in"," the"
"richuish.ac.uk","has a  friend  ","located in"," Winchester"
"socialistunitynetwork.co.uk",", from a  studio  ","located in"," the Chinatown"
"animism.org.uk","  settlements  ","located in"," the periphery"
"rotherhamweb.co.uk",". Any  objects  ","located in",", or behind,"
"heythrop.ac.uk","an  instructor  ","located in"," Denver? "" ("
"linuxformat.co.uk","a PDA  website  ","located in"," the UK I would"
"indielondon.co.uk"," ","located in"," nine PCO areas"
"cms-xml.aset.ac.uk","  schools  ","located in"," different"
"attackingthedevil.co.uk","  cuttings  ","located in"," the RA library"
"curryhouse.co.uk","  terminals  ","located in"," the small room"
"neilwhite.org.uk","  terminals  ","located in"," schools and"
"dwp.gov.uk","of  sensors  ","located in"," a cell of"
"sigur-ros.co.uk","  workstation  ","located in"," the main"
"therockalltimes.co.uk","  volcano  ","located in"," the Cascade"
"shadowsonthewall.co.uk","of an  imc  ","located in"," the"
"licc.org.uk","  kiosks  ","located in"," post offices,"
"licc.org.uk","owned  company  ","located in"," Kishinev,"
"homepages.inf.ed.ac.uk","of  markets  ","located in"," towns and"
"ricoh.co.uk","  topic  ","located in"," the current"
"ricoh.co.uk",")) "" to  tables  ","located in"," TWiki topics."
"soschildrensvillages.org.uk",")) "" to  tables  ","located in"," TWiki topics"
"newspapersoc.org.uk","the  material  ","located in"," Reviews in"
"nottingham.ac.uk","  portion  ","located in"," market towns."
"jasss.soc.surrey.ac.uk","spiral  galaxy  ","located in"," the"
"wwf.org.uk","of  movies  ","located in"," high-rise"
"risa.co.uk","  cities  ","located in"," the"
"rncom.mod.uk","  poets  ","located in"," one area of one"
"surrey.ac.uk","of an  actor  ","located in"," a performance"
"aim25.ac.uk","  building  ","located in"," the heart of"
"masud.co.uk","name of a  topic  ","located in"," the current"
"masud.co.uk",")) "" to  tables  ","located in"," TWiki topics."
"cmt.org.uk","usually  grass  ","located in"," a residential"
"classic-literature.co.uk","  anhydrase  ","located in"," the"
"basingstokett.co.uk","  complex  ","located in"," Columbus,"
"gnn.gov.uk",")) "" to  tables  ","located in"," TWiki topics."
"bham.ac.uk","  suites  ","located in"," Greenwich"
"therockalltimes.co.uk","with  versions  ","located in"," L: \dlls 3."
"princeofwales.gov.uk","deluxe  hotel  ","located in"," the heart of"
"parle.co.uk","  facility  ","located in"," Britain ("
"newton.ex.ac.uk","  terminals  ","located in"," the factory."
"dwp.gov.uk","in a  zoo  ","located in"," the North of"
"hpa.org.uk","  corporation  ","located in"," Seattle,"
"princeofwales.gov.uk","  craftspeople  ","located in"," publicly"
"masud.co.uk","  building  ","located in"," the heart of"
"hcrc.ed.ac.uk","  officers  ","located in"," regional CSA"
"strathclyde.police.uk","of  teams  ","located in"," 13 countries"
"indielondon.co.uk","4 star  hotel  ","located in"," the"
"ea.e-renfrew.sch.uk","  unit  ","located in"," the parking"
"princeofwales.gov.uk","on CGI  scripts  ","located in"," the twiki/ bin"
"princeofwales.gov.uk","line  scripts  ","located in"," the twiki/"
"voidspace.org.uk",", a barium  mine  ","located in"," the north of"
"princeofwales.gov.uk","  properties  ","located in"," riverbank and"
"gesource.ac.uk","Stop ""  button  ","located in"," the hutch."
"srs.dl.ac.uk","  topic  ","located in"," the Main web."
"acronym.org.uk","  school  ","located in"," London, with"
"bartlett.ucl.ac.uk","in  projects  ","located in",", for example,"
"applegate.co.uk","  facility  ","located in"," an on-site"
"oum.ox.ac.uk","  terminals  ","located in"," gasoline"
"3g.co.uk","with  versions  ","located in"," L:"
"prodigy.nhs.uk","deluxe  hotel  ","located in"," the heart of"
"mark-twain.classic-literature.co.uk","is a SCSI  disk  ","located in"," the same rack"
"ukfoxx.co.uk","of  affairs  ","located in"," a particular"
"rcplondon.ac.uk","  rooms  ","located in"," wattle and mud"
"fpp.co.uk","  school  ","located in"," the historic"
"capita.co.uk","  building  ","located in"," an unnamed"
"aim25.ac.uk","offer.  Staff  ","located in"," the Bute Hall"
"capita.co.uk","  airports  ","located in"," Venezuela ''s"
"hpa.org.uk","  farms  ","located in"," desert"
"strathclyde.police.uk","central  site  ","located in"," Brasilia."
"hpa.org.uk",", by  ionocytes  ","located in"," the gill"
"oum.ox.ac.uk","and  discos  ","located in"," the resort."
"webjcli.ncl.ac.uk","and  grounds  ","located in"," the heart of"
"pinknews.co.uk","4 star  hotel  ","located in"," the"
"jritson.demon.co.uk","  nation  ","located in"," the eastern"
"charity-commission.gov.uk","are  farms  ","located in"," Scotland. We"
"ucb.co.uk","  system  ","located in"," some"
"addenbrookes.org.uk","pupils  School  ","located in"," the village of"
"insurance.essentialtravel.co.uk","  school  ","located in"," the historic"
"newspapersoc.org.uk","  pigeonholes  ","located in"," the foyer of"
"wot-club.org.uk","a small  resort  ","located in"," Mendoza"
"allsaints.gloriousblueweb.co.uk","  workstations  ","located in"," accessible"
"theautomatic.co.uk","  system  ","located in"," some"
"ombudsman.org.uk","  engine  ","located in"," each machine."
"englit.ed.ac.uk","testing  firms  ","located in"," the US and"
"nationalstonecentre.org.uk","  group  ","Located in"," Conference"
"nationalstonecentre.org.uk","  group  ","Located in"," Theatre ("
"nationalstonecentre.org.uk","  group  ","Located in"," Conference"
"esrccoi.group.shef.ac.uk","Stop ""  button  ","located in"," the hutch."
"artspacegallery.co.uk","and  hotels  ","located in"," the immediate"
"indielondon.co.uk","  system  ","located in"," some"
"durham21.co.uk",": GM Test  sites  ","located in"," Quebec City"
"mark-twain.classic-literature.co.uk","two  vehicles  ","located in"," Iraq which"
"recordsmanagement.ed.ac.uk","NYStats.  html  ","located in"," the"
"dwp.gov.uk","  system  ","located in"," some"
"users.ox.ac.uk","small  farmers  ","located in"," biodiversity"
"leeds.ac.uk","  programme  ","located in"," a major local"
"ba-education.demon.co.uk","  capital  ","located in"," the central"
"topoftheshops.co.uk","and 500  PCs  ","located in"," accessible"
"samuelbrittan.co.uk","  project  ","located in"," The North East"
"fatbirds.co.uk","sniper  tower  ","located in"," the centre!"
"mcdonald.cam.ac.uk","  alternatives  ","located in"," the vicinity"
"raisingkids.co.uk","  papaya  ","located in"," Hawaii."
"czechairlines.co.uk","the  printers  ","located in"," the PWF rooms ("
"czechairlines.co.uk","for  assets  ","located in"," the whole of"
"william-shakespeare.classic-literature.co.uk","and  service  ","located in"," the middle of"
"samuelbrittan.co.uk","  research  ","located in"," the European"
"web.ukonline.co.uk","is a Drift  dive  ","located in"," the channel on"
"birdtours.co.uk","hill  stations  ","located in"," the centre of"
"psr.keele.ac.uk","  system  ","located in"," some"
"durham21.co.uk","  institutions  ","located in"," Canary Wharf"
"savethetrain.org.uk","  industry  ","located in"," the village of"
"ukoln.ac.uk","  project  ","located in"," The North East"
"thepixelfarm.co.uk",", 21  analysts  ","located in"," headquarters"
"bletchleypark.org.uk","mass  grave  ","located in"," Batajnica,"
"bletchleypark.org.uk","mass  grave  ","located in"," Batajnica,"
"whitepapers.zdnet.co.uk","  technology  ","located in"," Itzehoe,"
"voidspace.org.uk","for  assets  ","located in"," the whole of"
"lawgazette.co.uk","and  colleges  ","located in"," the"
"london.gov.uk","  events  ","located in"," or near"
"therockalltimes.co.uk","  fellowships  ","located in"," CBES will be in"
"www2.warwick.ac.uk","  institutions  ","located in"," proximity to"
"indielondon.co.uk","three  centres  ","located in"," different"
"indielondon.co.uk","  centres  ","located in"," EAZs and on the"
"risa.co.uk","  hospital  ","located in"," the southern"
"hpa.org.uk","  project  ","located in"," The North East"
"bartlett.ucl.ac.uk","  buildings  ","located in"," the EC4 area"
"london.gov.uk","caravan  sites  ","located in"," the station"
"travel.timesonline.co.uk","  loudspeaker  ","located in"," the corridor"
"football.guardian.co.uk","  remains  ","located in"," the Auschwitz"
"dundee.ac.uk","  set  ","located in"," the heart of St"
"rcplondon.ac.uk","ski  resort  ","located in"," the midst of"
"susanblackmore.co.uk","  diversity  ","located in"," the"
"prodigy.nhs.uk","  users  ","located in",""
"blogs.telegraph.co.uk","student  use  ","located in"," the Sir"
"hist.cam.ac.uk","and  centres  ","located in"," universities"
"billybragg.co.uk","geared  winch  ","located in"," the cap."
"naturalist.co.uk","filter  engine  ","located in"," each of the"
"hypnos.co.uk","student  use  ","located in"," the Sir"
"hypnos.co.uk","  Laboratory  ","located in"," the adjacent"
"psni.police.uk","(55  countries  ","located in"," the Caucasus,"
"geog.cam.ac.uk","of  capital  ","located in"," their"
"ombudsman.org.uk","  clinics  ","located in"," New York City,"
"moreresults.co.uk","  rivals  ","located in"," more"
"moreresults.co.uk","of  capital  ","located in"," their own"
"elrose.demon.co.uk","to some  plants  ","located in"," the Petrograd"
"bodley.ox.ac.uk","student  use  ","located in"," the Sir"
"bodley.ox.ac.uk","  Laboratory  ","located in"," the adjacent"
"3g.co.uk"," ","located in"," Ireland, UK,"
"indielondon.co.uk","  producers  ","located in"," developing"
"theirpast-yourfuture.org.uk","third  eye  ","located in"," the forehead"
"mark-twain.classic-literature.co.uk","and car  parks  ","located in"," and around the"
"savethetrain.org.uk","testing  firms  ","located in"," the US and"
"number10.gov.uk","Shinto  shrine  ","located in"," Tokyo that"
"news.bbc.co.uk","  users  ","located in",""
"gnn.gov.uk","are  prana  ","located in"," the heart,"
"jrf.org.uk","using a  lift  ","located in"," the lobby of"
"webstar.co.uk","  centres  ","located in"," London,"
"rabbitrehome.org.uk","  buildings  ","located in"," the EC4 area"
"indielondon.co.uk","and  colleges  ","located in"," that region."
"newswales.co.uk","  offices  ","located in"," Dublin and"
"pubs.socialistreviewindex.org.uk","(55  countries  ","located in"," the Caucasus,"
"newton.ex.ac.uk","of  businesses  ","located in"," rural areas,"
"newton.ex.ac.uk","  partnerships  ","located in"," the four"
"recommendedbuys.co.uk","bought  goods  ","located in"," another EU"
"meccsa.org.uk","  buildings  ","located in"," urban"
"travel.ciao.co.uk","  project  ","located in"," The North East"
"newton.ex.ac.uk","2 study  area  ","located in"," the North York"
"users.ox.ac.uk","  headquarters  ","located in"," nearby"
"psni.police.uk","a popular  pub  ","located in"," the Hyatt"
"william-shakespeare.classic-literature.co.uk","  pumps  ","located in"," the tank are"
"london.gov.uk","  complex  ","located in"," the historic"
"nomad-online.co.uk",", with  offices  ","located in"," Stamford and"
"webstar.co.uk","are  archives  ","located in"," North America"
"softopia.demon.co.uk",",  houses  ","located in"," postcodes in"
"jrf.org.uk","  countries  ","located in"," Africa, Asia,"
"newton.ex.ac.uk","  organisation  ","located in"," Austria. It"
"mark-twain.classic-literature.co.uk","of the  fans  ","located in"," such"
"monsanto.co.uk","  buildings  ","located in"," the walled"
"bonnersmusic.co.uk","get the  blade  ","located in"," the screw slot"
"prodigy.nhs.uk","  section  ","located in"," the Main"
"positivenation.co.uk","  bins  ","located in"," civic amenity"
"prodigy.nhs.uk","  vineyards  ","located in"," the Rheingau,"
"dundee.ac.uk","  town  ","located in"," the heart of"
"earthfirst.org.uk",", even  sources  ","located in"," large"
"jrf.org.uk","  restaurants  ","located in"," Ibiza Town and"
"nano.org.uk","  port  ","located in"," central"
"justinwilson.co.uk","in  stores  ","located in"," very urban,"
"monsanto.co.uk","of  pigs  ","located in"," the North East"
"webstar.co.uk","See  cntour02  ","located in"," the examples/"
"webstar.co.uk","file  cntour03  ","located in"," the examples/"
"webstar.co.uk","batch  file  ","located in"," the examples/"
"webstar.co.uk","batch  file  ","located in"," the examples/"
"brighton.ac.uk","  port  ","located in"," central"
"ticketweb.co.uk","  organisation  ","located in"," Austria. It"
"20six.co.uk","to a  vault  ","located in"," our head"
"library.ex.ac.uk","  materials  ","located in"," ULMs. This"
"tate.org.uk","  populations  ","located in"," different"
"newton.ex.ac.uk","5178 See a  map  ","Located in"," Whitehall,"
"srs.dl.ac.uk","  centre  ","located in"," two buildings"
"ee.surrey.ac.uk","  facilities  ","located in"," ecologically"
"gfdl.marxists.org.uk","This  city  ","located in"," the eastern"
"newton.ex.ac.uk","  project  ","located in"," The North East"
"i-sis.org.uk","  organisation  ","located in"," Austria. It"
"bham.ac.uk","  restaurants  ","located in"," Port La Savina"
"city.ac.uk","of  facilities  ","located in"," the heart of"
"sonybmgmusic.co.uk","  servers  ","located in"," the United"
"nano.org.uk","by  computers  ","located in"," public kiosks"
"robsroldec.dcs.hull.ac.uk","1  bird  ","located in"," the scrub"
"patchofpuddles.co.uk","  project  ","located in"," The North East"
"travel.independent.co.uk","2 in  crevices  ","located in"," the caves at"
"i-sis.org.uk","in  caves  ","located in"," Yoredale"
"earthfirst.org.uk","and  savannas  ","located in"," Northeast"
"cumbria.ac.uk","  restaurants  ","located in"," both"
"forums.kustompcs.co.uk","  structure  ","located in"," the city. It"
"orangeprize.co.uk","  platform  ","located in"," the middle of a"
"positivenation.co.uk","  organisation  ","located in"," Santa Cruz,"
"psni.police.uk","  organisation  ","located in"," Santa Cruz,"
"katapi.org.uk","  hotel  ","located in"," a valley of"
"mace.manchester.ac.uk","to the  oven  ","located in"," the center of"
"sandwichguide.co.uk","for  clients  ","located in"," Europe. She"
"shimu.co.uk","  building  ","located in"," Butler ''s"
"cultsock.ndirect.co.uk","in his  studio  ","located in"," &#304;"
"cultsock.ndirect.co.uk","''s pool  wall  ","located in"," Marmaris in"
"cultsock.ndirect.co.uk","in his  studio  ","located in"," &#304;"
"positivenation.co.uk","  academics  ","located in"," departments"
"ears.dmu.ac.uk"," ","located in"," one of the"
"katapi.org.uk","  enterprises  ","located in"," highly"
"mysite.wanadoo-members.co.uk","  organisation  ","located in"," Nairobi,"
"treesforlife.org.uk","city  division  ","located in"," the South side"
"shimu.co.uk","each  patient  ","located in"," the Health"
"fundraising.co.uk","  interest  ","located in"," rural areas of"
"studioarts.co.uk","testing  firms  ","located in"," the US and"
"webstar.co.uk","  stations  ","located in"," the"
"virtualsociety.sbs.ox.ac.uk","  organisation  ","located in"," Santa Cruz,"
"zzap64.co.uk","for  farmers  ","located in"," mountain,"
"patchofpuddles.co.uk","Spa  towns  ","located in"," the northern"
"smartcard.co.uk","all the  states  ","located in"," this region."
"webstar.co.uk"," ","located in"," the ceiling"
"realgap.co.uk","  laboratory  ","located in"," the School and"
"edu.salford.ac.uk","''s new  offices  ","located in"," and around the"
"tropicalfishfinder.co.uk","our  warehouse  ","located in"," Houston,"
"sport.manchester.ac.uk","of the  matter  ","located in"," his or her"
"katapi.org.uk","for  women  ","located in"," Northampton,"
"nano.org.uk","and  savannas  ","located in"," Northeast"
"ears.dmu.ac.uk","in SAVE  files  ","located in"," IDL ''s path."
"eprints.gla.ac.uk","the  monastery  ","located in"," the southern"
"football.guardian.co.uk","  organisation  ","located in"," Nairobi,"
"ukoln.ac.uk","  project  ","located in"," a Hanoi,"
"christis.org.uk","class  hotel  ","located in"," the heart of"
"christis.org.uk","class  hotel  ","located in"," the heart of"
"englit.ed.ac.uk","  organisation  ","located in"," Nairobi,"
"focusdiy.co.uk","  vendor  ","located in",""
"warwithoutend.co.uk","  organisation  ","located in"," Nairobi,"
"securitypark.co.uk","yellow  folder  ","located in"," the hutch. The"
"qmul.ac.uk","  project  ","located in"," The North East"
"zzap64.co.uk","small  lakes  ","located in",""
"theregister.co.uk","  excellence  ","located in"," the UK, Europe"
"sport.manchester.ac.uk","  bases  ","located in"," the "" mother """
"hotpix.freeserve.co.uk","''s new  offices  ","located in"," and around the"
"smartcard.co.uk","  cameras  ","located in"," healthcare"
"omlet.co.uk","  employers  ","located in"," other EU"
"omlet.co.uk","an  employer  ","located in"," the UK to"
"robert-louis-stevenson.classic-literature.co.uk","  Solicitors  ","located in"," West End,"
"holdthefrontpage.co.uk","IMAP  accounts  ","located in"," the same"
"netmag.co.uk","  mechanisms  ","located in"," prefrontal"
"holdthefrontpage.co.uk","  diffusion  ","located in"," geographical"
"secure.advanceperformance.co.uk",", or the  Aryans  ","located in"," the region of"
"ombudsman.org.uk","to  objects  ","located in"," the visual or"
"earthfirst.org.uk","blood  bank  ","located in"," a hospital"
"holdthefrontpage.co.uk","  organisation  ","located in"," Santa Cruz,"
"holdthefrontpage.co.uk","state  courts  ","located in"," Orlando,"
"ombudsman.org.uk","testing  firms  ","located in"," the US and"
"news.bbc.co.uk","  university  ","located in"," the city."
"travel.independent.co.uk","  register  ","located in"," Berlin"
"redgoldfish.co.uk","''s  home  ","located in"," a small"
"artquest.org.uk","  company  ","located in"," Chicago"
"artquest.org.uk","  company  ","located in"," Papillion"
"allotment.org.uk","IMAP  accounts  ","located in"," the same"
"artquest.org.uk","a file.  otpw  ","located in"," the userâ? ?s"
"virtualsociety.sbs.ox.ac.uk","  users  ","located in",""
"industrialnetworking.co.uk","  woodlands  ","located in"," owned or"
"news.bbc.co.uk","with 100  firms  ","located in"," the same"
"allotment.org.uk","  centres  ","located in"," the same"
"dundee.ac.uk","  clues  ","located in"," the film."
"snh.org.uk","and  Landlords  ","located in"," Kingston"
"snh.org.uk","and  Landlords  ","located in"," Merton and"
"snh.org.uk","and  Landlords  ","located in"," Elmbridge"
"snh.org.uk","and  Landlords  ","located in"," Sutton and"
"snh.org.uk","and  Landlords  ","located in"," other"
"1st-4-rooms.co.uk","textile  firms  ","located in"," Prato,"
"1st-4-rooms.co.uk","  district  ","located in"," Prato, near"
"horses.co.uk","  machines  ","located in"," the concourse"
"history.dcs.ed.ac.uk","  facility  ","located in"," the Murray"
"realgap.co.uk","stages is  para  ","located in"," the muladhara"
"positivenation.co.uk","  countries  ","located in"," the Northern"
"katapi.org.uk","of  agents  ","located in"," specific"
"christis.org.uk","  agents  ","located in"," far distant"
"christis.org.uk","or  entities  ","located in"," regions"
"christis.org.uk","by  values  ","located in"," a cultural"
"hintsandthings.co.uk","  objects  ","located in"," any cell of the"
"historyhome.co.uk","  markers  ","located in"," 10q23-q26, we"
"katapi.org.uk","three  offices  ","located in"," London,"
"gridpp.ac.uk","(MDR2)  genes  ","located in"," chromosomal"
"collegeofpreachers.org.uk","brain  tumours  ","located in"," eloquent"
"collegeofpreachers.org.uk","for  tumors  ","located in"," the cerebral"
"positivenation.co.uk","a wide  pedicle  ","located in"," the vesicle"
"hintsandthings.co.uk","  prestige  ","located in"," the South, it"
"snh.org.uk","  centres  ","located in"," appropriate"
"suffolkchurches.co.uk","swimming  pool  ","located in"," a position"
"travel.independent.co.uk","among  agents  ","located in"," squares on a"
"hintsandthings.co.uk","  Holidays  ","located in"," Hayle, near"
"realgap.co.uk","the  server  ","located in"," the USA. The"
"travel.independent.co.uk","  hotel  ","located in"," beautiful St."
"travel.independent.co.uk","  hotel  ","located in"," beautiful St."
"microform.co.uk","  point  ","located in"," phase space at"
"dundee.ac.uk","of  businesses  ","located in"," the USA."
"positivenation.co.uk","are  prana  ","located in"," the heart,"
"horses.co.uk","to  clusters  ","located in"," other areas ("""
"chester.ac.uk","1,000  funders  ","located in"," UK, USA,"
"hintsandthings.co.uk","  tumors  ","located in"," or near the"
"hintsandthings.co.uk","  tumors  ","located in"," or near the"
"ee.surrey.ac.uk","small  islands  ","located in"," the Torres"
"smartcard.co.uk","  business  ","located in"," the beautiful"
"holdthefrontpage.co.uk","  phenotype  ","located in"," the"
"sextoys.co.uk","  business  ","located in"," the beautiful"
"rockterrace.demon.co.uk","  bearing  ","located in"," the middle of"
"positivenation.co.uk","  machines  ","located in"," arcades,"
"travel.independent.co.uk","run  business  ","located in"," Leeds. We are"
"clieuk.co.uk","  organisation  ","located in"," Austria. It"
"rockterrace.demon.co.uk","1,000  funders  ","located in"," UK, USA,"
"rockterrace.demon.co.uk","1,000  funders  ","located in"," UK, USA,"
"rockterrace.demon.co.uk","1,000  funders  ","located in"," UK, USA,"
"realgap.co.uk","with 10  wrecks  ","located in"," Devon and 8 in"
"petitsharicots.org.uk","39  weeks  ","Located in"," a row of"
"omlet.co.uk","to a EST  team  ","located in"," the UK. 3)"
"johnbakersblog.co.uk","  suite  ","located in"," either the"
"soundproofing-mat.co.uk",", and  tumour  ","located in"," the renal"
"ifb.co.uk","  insulinomas  ","located in"," the body or"
"palden.co.uk","  class  ","located in"," a computer"
"itchybrighton.co.uk","  music  ","located in"," Brazil."
"itchybrighton.co.uk","-  Songwriter  ","located in"," the UK."
"itchybrighton.co.uk","Rap  Producers  ","located in"," Florida, USA."
"itchybrighton.co.uk","  company  ","located in"," Hollywood,"
"northeastengland.co.uk","a  dairy  ","located in"," Okehampton,"
"northeastengland.co.uk","a  dairy  ","located in"," Pensilva,"
"itchysheffield.co.uk","the  links  ","located in"," the section at"
"b52two.org.uk","a notice  board  ","located in"," the heart of"
"sparks.co.uk","check-in  desk  ","located in"," the zone"
"sparks.co.uk","check-in  desk  ","located in"," the zone"
"sparks.co.uk","check-in  desk  ","located in"," the zone"
"reporter.leeds.ac.uk","between  nodes  ","located in"," the spatial"
"bdga.org.uk","alpine  soils  ","located in"," late snow-bed"
"archive.guild.ex.ac.uk","  sites  ","located in"," different"
"christianaid.co.uk","  lesions  ","located in"," or near"
"christianaid.co.uk","  gliomas  ","located in"," the dominant"
"fujitsu-siemens.co.uk","%) had  tumors  ","located in"," the head of the"
"cafcwomen.co.uk","  genes  ","located in"," chromosomal"
"retailcareers.co.uk","  company  ","located in"," Burbank,"
"retailcareers.co.uk","  services  ","located in"," Preston and"
"sd.itchydating.co.uk","  restaurants  ","located in"," Glasgow ''s"
"inghams.co.uk","  vendor  ","located in"," Beijing China"
"homes-uk.co.uk","  network  ","located in"," the heart of"
"b52two.org.uk","  programme  ","located in"," the Royal"
"ecclesiastical.co.uk","with 10  wrecks  ","located in"," Devon and 8 in"
"secure.crocus.co.uk","those  places  ","located in"," the realm of"
"christianaid.co.uk"," ","located in"," the USA,"
"safelincs.co.uk","  tumor  ","located in"," the pancreas."
"bullnet.co.uk","  sculpture  ","located in"," the new"
"gamepage.co.uk","'' The  adits  ","located in"," Scanniclift"
"buildingproductexpert.co.uk","  mechanisms  ","located in"," prefrontal"
"admin.ox.ac.uk",", or a  business  ","located in"," the city. So"
"food-drink.uk-shoponline.co.uk"," ","located in"," the main nasal"
"itchylondon.co.uk","  source  ","located in"," the pancreas."
"itchylondon.co.uk","cystic  lesion  ","located in"," the uncinate"
"cafcwomen.co.uk","  facilities  ","located in"," ecologically"
"cooptravelshop.co.uk","of  Zrbite  ","located in"," Atlantis,"
"lotrrps.bentbacktulips.co.uk",".  Targets  ","located in"," successive"
"softel.co.uk","  reserve  ","located in"," the southern"
"pasa.nhs.uk","a shell  script  ","located in"," the IDL"
"pasa.nhs.uk","  script  ","located in"," the bin"
"pasa.nhs.uk","a shell  script  ","located in"," the IDL"
"pasa.nhs.uk","  script  ","located in"," the bin"
"cafcwomen.co.uk","Hell  hole  ","located in"," some foul"
"cyber.reading.ac.uk","  remains  ","located in"," the sub-tidal"
"fasna.org.uk","  subsidiary  ","located in"," a double"
"fasna.org.uk","  subsidiary  ","located in"," a double"
"fasna.org.uk","  goods  ","located in"," Spanish"
"inretail.co.uk","  corporations  ","located in"," Delaware or"
"inretail.co.uk","  corporations  ","located in"," Delaware or"
"libraprobroadcast.co.uk","with a  tumor  ","located in"," the central"
"eventmobiletyres.co.uk","whole  nation  ","located in"," or near London"
"inretail.co.uk","  network  ","located in"," the heart of"
"pba.co.uk","  supermarkets  ","located in"," and around the"
"calormarineshop.co.uk","CLUB - a new  bar  ","located in"," the base"
"nicnames.co.uk","  carcinoma  ","located in"," the distal and"
"nicnames.co.uk",", and  tumour  ","located in"," the renal"
"johnleach.co.uk",". pth  file  ","located in"," movpy\lib\ to"
"eventmobiletyres.co.uk","round  barrows  ","located in"," the"
"bugs.bham.ac.uk","  facility  ","located in"," the"
"wycombeswan.co.uk","of  pressure  ","located in"," the carotid"
"freshexpressions.org.uk","- One  bird  ","located in"," scrub at"
"readinggroups.co.uk","from  farms  ","located in"," remote areas"
"continyou.org.uk","  cottage  ","located in"," the historic"
"trojansscheme.org.uk","  sites  ","Located in",": Chilbolton,"
"trojansscheme.org.uk","  sites  ","Located in",": Chatsworth ("
"trojansscheme.org.uk","  stations  ","Located in",": Alton,"
"retailcareers.co.uk","  consultants  ","located in"," Wiltshire,"
"forematt.co.uk","  firms  ","located in"," the UK may"
"vintagetravel.co.uk","  company  ","located in"," Sydney,"
"eurocomms.co.uk","the  Schools  ","located in"," Queen ''s"
"prestigeproperty.co.uk","the  Schools  ","located in"," Queen ''s"
"livestock-sales.co.uk","the  Schools  ","located in"," Queen ''s"
"revivalradio.org.uk","Allied  troops  ","located in"," Western"
"lcgb.co.uk","  Conveniently  ","located in"," the heart of"
"b-link.co.uk"," ","located in",". Holidays ''"
"shadboltlaw.co.uk","and  speakers  ","located in"," ceilings or"
"cricketarchive.co.uk","  atmosphere  ","located in"," Ubud, Sanur,"
"projects.prm.ox.ac.uk","it,  th  ","Located in"," the Financial"
"pndtraining.co.uk","the  Schools  ","located in"," Queen ''s"
"stcatz.ox.ac.uk","the  Schools  ","located in"," Queen ''s"
"oxfordshire360.co.uk","the  Schools  ","located in"," Queen ''s"
"direct-golf.co.uk","the  Schools  ","located in"," Queen ''s"
"vocaleyes.co.uk","the  Schools  ","located in"," Queen ''s"
"aviationarchive.org.uk","  hall  ","located in"," the centre of"
"bwdcomnet.org.uk","from a  server  ","located in"," Scotland. The"
"devfire.gov.uk","poker  chips  ","located in",". A century ago"
"affiliatefuture.co.uk","  websites  ","located in"," the Far East."
"sec-ed.co.uk","our micro  site  ","Located in"," prime"
"reliance.co.uk","the Search  box  ","located in"," the top right"
"publicserviceevents.co.uk","the  Schools  ","located in"," Queen ''s"
"publicservantevents.co.uk","  company  ","located in"," central New"
"b-link.co.uk","and  Breakfast  ","located in"," North"
"impub.co.uk","360  members  ","located in"," the United"
"gty.org.uk","  Videographer  ","located in"," Milton Keynes"
"warwickgamedesign.co.uk","  collection  ","Located in"," Keswick,"
"impub.co.uk","  company  ","located in"," Portland,"
"wrg.org.uk"," ","located in"," eastern and"
"diyfixit.co.uk","barren  planet  ","located in"," the far"
"grovebaptist.freeserve.co.uk","  businesses  ","located in"," the Swansea"
"apartmentspain.co.uk","mill  stores  ","located in",": Jenny"
"madaboutbooks.co.uk","mobile  inc  ","located in"," antigua cap"
"itin.org.uk",", in our  case  ","located in"," the south west"
"gty.org.uk","  company  ","located in"," Edinburgh."
"secondspring.co.uk","  resources  ","located in"," the Cambridge"
"helpthehospices.org.uk","the  Schools  ","located in"," Queen ''s"
"sheffieldtheatres.co.uk","golf  course  ","located in"," Afandou, 8km"
"stp.bham.ac.uk","of  free-play  ","located in"," antigua. By"
"scrapaholic.co.uk","is a  company  ","located in"," Telford who"
"londonschoolofislamics.org.uk","  service  ","located in"," derby but who"
"bwdcomnet.org.uk","  company  ","located in"," the South West"
"livestock-sales.co.uk","  apartments  ","located in"," Edinburgh ''s"
"sheffieldtheatres.co.uk",".  com  ","Located in"," Clerkenwell,"
"apartmentspain.co.uk","  facility  ","located in"," Clevedon,"
"bwdcomnet.org.uk","villa  rental  ","located in"," hilltop"
"eastfieldrailpunk.co.uk","major  plants  ","located in"," the UK,"
"total-fishing.co.uk","  placements  ","located in"," hospitals ("
"d.lane.btinternet.co.uk"," ","located in"," the city"
"chesterfield-canal-trust.org.uk","named.  fvwmrc  ","located in"," their home"
"shootingtimes.co.uk"," ","located in"," the city"
"cbso.co.uk"," ","located in"," the USA,"
"surgical-tutor.org.uk","there is a  bank  ","located in"," the office"
"eighthundredlives.org.uk","vector  table  ","located in"," memory"
"capital-residence.co.uk",",  supporters  ","located in"," the Main Stand"
"aeonbooks.co.uk","  restaurant  ","located in"," Dartmouth."
"rbfrs.co.uk","  florist  ","located in"," Sheringham"
"boneonline.co.uk","  company  ","located in"," central New"
"signumrecords.co.uk","  hotel  ","located in"," the centre of"
"bookweaver.co.uk","  islands  ","located in"," the Indian"
"rainbowtrust.org.uk","  service  ","located in"," derby but who"
"toy.wenstore.co.uk","  equipment  ","located in"," light"
"site.commedia.org.uk","Usernet  tool  ","located in"," Start/"
"cheshire.gov.uk","  property  ","located in"," a glamourous"
"site.commedia.org.uk","PC  clusters  ","located in"," the"
"northwoodvillage.org.uk","  company  ","located in"," an industrial"
"essex-fire.gov.uk"," ","located in"," the USA,"
"medilinkem.co.uk","or  agents  ","located in"," other cities."
"comlinkentertainments.co.uk"," ","located in"," its capital,"
"digitmag.co.uk","and  maltsters  ","located in"," Scotland,"
"helpdesk.bham.ac.uk","our  network  ","located in"," Telehouse"
"helpdesk.bham.ac.uk","All  resources  ","located in"," the ''Share ''"
"hearingconcern.org.uk","  subsidiary  ","located in"," a double"
"stroke.soton.ac.uk","a  property  ","located in"," Spain, but you"
"stroke.soton.ac.uk","buy a  property  ","located in"," Spain from a"
"stroke.soton.ac.uk","your  property  ","located in"," Spain, bear in"
"broraweb.freeserve.co.uk","  producers  ","located in"," the city. The"
"genet.ac.uk","  business  ","located in"," Hull, East"
"spacenow.org.uk","your new  patch  ","located in"," the current"
"spacenow.org.uk","with the  patch  ","located in"," the kernel"
"maxsave.co.uk","  EPIRB  ","located in"," a seat locker"
"onyabags.co.uk","  hall  ","located in"," the centre of"
"bwdcomnet.org.uk","company  names  ","located in"," our formation"
"wendoverbookshop.co.uk","to the  branch  ","located in"," Spain or"
"presentation-sia.org.uk","  organisation  ","located in"," Madampe, Sri"
"movehomeonline.co.uk","  corporations  ","located in"," Delaware or"
"movehomeonline.co.uk","  corporations  ","located in"," Delaware or"
"devfire.gov.uk","linux.  mc  ","located in","/usr/ lib/"
"merrieenglandmummers.fsnet.co.uk","  developments  ","located in"," the larger"
"bwdcomnet.org.uk","  library  ","located in"," the parish"
"sheffieldtheatres.co.uk","of  firms  ","located in"," the footwear"
"wmnt.co.uk","give a  feel  ","located in"," the. If"
"adultdvds.co.uk","software  firm  ","located in"," Maryland."
"gogo-gadgets.co.uk"," ","located in"," cities and"
"sheffieldtheatres.co.uk","  school  ","located in"," the heart of"
"bookweaver.co.uk","  challenges  ","located in"," the Lower"
"farplace.co.uk","AA + RAC)  hotel  ","located in"," the heart of"
"stage4.co.uk","  centers  ","located in"," each"
"klbschool.org.uk","art  gallery  ","located in"," London,"
"presentation-sia.org.uk","web  servers  ","located in"," a world-class"
"spacenow.org.uk","  workshop  ","located in"," quiet and"
"affiliatefuture.co.uk","to a  heater  ","located in"," the sample"
"bookweaver.co.uk","based  pub  ","located in"," the Halfway"
"voxnet.org.uk","  florist  ","located in"," Sheringham"
"therapyweekly.co.uk","  vicinity  ","located in"," Great Russell"
"marshbeck.co.uk","  Keeps  ","located in"," the city"
"personal.leeds.ac.uk","and  compound  ","located in"," the heart of a"
"travelcollection.co.uk","this  theatre  ","located in"," Richmond."
"helpthehospices.org.uk","the taxi  ranks  ","located in"," the main"
"affiliatefuture.co.uk",".  com  ","Located in"," theatreland."
"affiliatefuture.co.uk","  hotel  ","located in"," the heart of"
"affiliatefuture.co.uk",".  com  ","Located in"," Belgravia, a"
"affiliatefuture.co.uk",".  com  ","Located in"," Bayswater"
"irsociety.co.uk","  landmark  ","located in"," Victoria Park"
"ntu.ac.uk","city  tunnels  ","located in"," the Jungle"
"eryri-npa.co.uk","  Interest  ","located in"," the Lake"
"eparenting.co.uk","printed  books  ","located in"," partner"
"cal.man.ac.uk","branch  office  ","located in"," Renold"
"mynottinghill.co.uk","from  schools  ","located in"," areas of"
"shrewsbury.gov.uk","three  copies  ","located in"," a region of no"
"eparenting.co.uk","  headquarters  ","located in"," Belfast? ,"
"volunteercentres.org.uk","  academics  ","located in"," countries"
"www2.glam.ac.uk","small  village  ","located in"," North Wales on"
"myleedsjobs.co.uk","  parkland  ","located in"," the heart of"
"spacenow.org.uk","branch  office  ","located in"," Renold"
"travelcollection.co.uk","  companies  ","located in"," North"
"ealingnetwork.org.uk","  businesses  ","located in"," the London"
"xtaster.co.uk","  pump  ","located in"," the"
"affiliatefuture.co.uk","in prize  money  ","located in"," the. So was"
"ir-soc.org.uk","20 watt  lamps  ","located in"," an easy to"
"bensonclegg.co.uk","lake dog  park  ","located in"," the. Still"
"spacenow.org.uk","  periodicals  ","located in"," the Room may be"
"jellydeal.co.uk","  spaces  ","located in"," the car park"
"primarycare.nhsestates.gov.uk","medieval  town  ","located in"," South Bohemia"
"myclapham.co.uk","  Expendables  ","Located in"," the West"
"socialsciences.man.ac.uk","a club  room  ","located in"," a portacabin"
"tunes.co.uk","  system  ","located in"," St Andrews"
"voxnet.org.uk","  workstations  ","located in"," the Catalogue"
"volunteercentres.org.uk","built  house  ","located in"," one of the most"
"fleetnewsnet.co.uk","in  factories  ","located in"," various parts"
"bookweaver.co.uk","century  inn  ","located in"," the centre of"
"salsaparty.org.uk","  courts  ","located in"," Travis County"
"b52two.org.uk","  boutique  ","located in"," Nova Scotia,"
"lottery.co.uk","''s  cottage  ","located in"," the centre of"
"kcsc.org.uk","  cross-overs  ","located in"," the sidings in"
"boscombe.org.uk","  copiers  ","located in"," the Catalogue"
"malefirst.co.uk","run  business  ","located in"," a small"
"malefirst.co.uk","run  business  ","located in"," a small"
"directsubmit.co.uk","  activities  ","located in"," inaccessible"
"webdictionary.co.uk","lead  works  ","located in"," neighbouring"
"christopherlong.co.uk","  toilets  ","located in"," the main foyer"
"ipem.ac.uk","  Congresses  ","located in"," England and in"
"musicalinstrumentsales.co.uk","is a  town  ","located in"," the Borders ("
"cpsu.org.uk","a ROR feed  file  ","located in"," a web site ''s"
"scenography.co.uk","to. Fulmar  plc  ","Located in"," Croydon,"
"loscom.org.uk","main  station  ","located in"," the Padarn"
"www2.glam.ac.uk","  school  ","located in"," beautiful"
"bmihealthcare.co.uk"," ","located in",". And can''t"
"bookweaver.co.uk","in a bar  code  ","located in"," the caravan"
"fantomfilms.co.uk","of  objects  ","located in"," imaginary"
"dieshellsuit.co.uk","in a bar  code  ","located in"," the caravan"
"faculty.gordon.edu","  pub  ","located in"," a residential"
"best-uk-shopping.co.uk","to a  heater  ","located in"," the sample"
"ipem.ac.uk","  development  ","located in"," these areas"
"directsubmit.co.uk","quot  tongues  ","located in"," the. It ''s"
"news.ulster.ac.uk"," ","located in",". Card game"
"lyneham.raf.mod.uk"," ","located in",". The world"
"lyneham.raf.mod.uk"," ","located in",". His chips in"
"beckysweb.co.uk"," ","located in",". The field had"
"schoolassemblies.btinternet.co.uk","  body  ","located in"," the Active"
"b52two.org.uk","state  courts  ","located in"," the"
"lambethpct.nhs.uk","  sizes  ","located in"," real"
"asset-protection-help.co.uk","  attractions  ","located in"," the area"
"asset-protection-help.co.uk","  initiative  ","located in"," Newtown,"
"insulin-pumpers.org.uk","  heaters  ","located in"," rooms"
"shirecruisers.co.uk"," ","located in"," was made by"
"foilplay.co.uk","  development  ","located in"," these areas"
"eastcoastlive.co.uk",",  companies  ","located in"," Italy are also"
"christopherlong.co.uk","The  Clubhouse  ","located in"," the city"
"noeaa-athletics.org.uk","  townhouse  ","located in"," the city"
"royalcentre-nottingham.co.uk","  body  ","located in"," the Active"
"techno-vision.co.uk"," ","located in"," leading"
"smilechild.co.uk"," ","located in"," quot on"
"lyneham.raf.mod.uk","  company  ","located in"," modern"
"islaysaddlersbrae.co.uk","of new  paths  ","located in"," an adjacent"
"islaysaddlersbrae.co.uk","car  parks  ","located in"," these towns"
"eastcoastlive.co.uk",". The  casinos  ","located in"," nearby bob"
"eastcoastlive.co.uk","full  story  ","Located in"," Paddington"
"socialsciences.man.ac.uk","based law  firm  ","located in"," Manchester"
"lifestylelocal.co.uk","  studio  ","located in"," Hitchin town"
"pru.co.uk","  school  ","located in"," Bermondsey,"
"nlw.org.uk","urban  living  ","located in"," the heart of"
"unitnews.org.uk","  gardens  ","located in"," the better"
"wgma.org.uk","  Almshouses  ","located in"," Kington St"
"ir-soc.org.uk","earlier  pits  ","located in"," that area. The"
"uksmallbusinessdirectory.co.uk","  provider  ","located in"," Wales. W. H."
"home.co.uk","single  centre  ","located in"," the Blizard"
"itchybrighton.co.uk","from  moulds  ","located in",", for example,"
"apl.ucl.ac.uk","  property  ","located in"," a quiet and"
"news.ulster.ac.uk","class  hotel  ","located in"," the Westlands"
"southwarkpct.nhs.uk","rental  depots  ","located in"," most downtown"
"rafmaa.co.uk",", a  city  ","located in"," southeast"
"cheshirefire.gov.uk","three  offices  ","located in"," London,"
"w00tw00t.co.uk","majestic  city  ","located in"," the center of"
"annachen.co.uk","  bungalow  ","located in"," the much"
"eastcoastlive.co.uk","golf  villas  ","located in"," Belek on"
"durhamweb.org.uk","has her  shop  ","located in"," the Middle"
"ntd.co.uk","dog  rescue  ","located in"," Gorleston,"
"classicfm.co.uk","star mu  Arae  ","located in"," the southern"
"itchyleeds.co.uk","have  offices  ","located in"," Dallas, Hong"
"firstrung.co.uk","  house  ","located in"," a very"
"dimsum.co.uk","  foundries  ","located in"," the bush areas"
"whitworth.manchester.ac.uk","class  option  ","located in"," the heart of"
"whitworth.manchester.ac.uk","  standards  ","located in"," the San Isidro"
"whitworth.manchester.ac.uk","small  hotel  ","located in"," downtown"
"fengshuithatworks.co.uk","  house  ","located in"," one of the"
"dieshellsuit.co.uk","  house  ","located in"," Millfield,"
"bearos.freeserve.co.uk","class  hotel  ","located in"," the Miramar"
"news.ulster.ac.uk","water  village  ","Located in"," the South"
"unitnews.org.uk","class  hotel  ","located in"," the Westlands"
"londonart.co.uk","  company  ","located in"," the Solihull"
"system.co.uk","to the  sites  ","located in"," Canada and"
"stopbylondon.co.uk","  property  ","located in"," the popular"
"highstakes.co.uk","type  village  ","located in"," the heart of"
"b52two.org.uk","  gland  ","located in"," the neck"
"myleedsjobs.co.uk","class  hotel  ","located in"," the business"
"justpaintball.co.uk","  property  ","located in"," the popular"
"eastcoastlive.co.uk","lined  street  ","located in"," a highly"
"scarborough.co.uk",". law18.  com  ","Located in"," Canada"
"scarborough.co.uk",")  dealership  ","located in"," the heart of"
"rcpsg.ac.uk","family  home  ","located in"," a sought after"
"golf-monthly.co.uk","  desk  ","located in"," the departure"
"ngrm.org.uk","  castors  ","located in"," the base."
"insulin-pumpers.org.uk","live in a  cave  ","located in"," The Pits near"
"christianaid.co.uk","all our  stores  ","located in"," USA, United"
"christianaid.co.uk","in our  stores  ","located in"," Spain,"
"ir-soc.org.uk","information  l  ","located in"," Sentinel"
"i-dj.co.uk","  houses  ","located in"," central"
"ralper.co.uk","and  resorts  ","located in"," scenically"
"mymanchesterjobs.co.uk","stone  cottage  ","located in"," the heart of"
"tankmuseum.co.uk","a charity  shop  ","located in"," the centre of"
"isec.org.uk","family  house  ","located in"," a popular"
"tigers-eye.wanadoo.co.uk","  property  ","located in"," a quiet area,"
"harrismuseum.org.uk","  company  ","located in"," the South"
"golf-monthly.co.uk","to town  centre  ","located in"," a quiet"
"tankmuseum.co.uk","not file  names  ","located in"," free disk"
"alumni.gre.ac.uk","  institutions  ","located in"," Boston,"
"eibs.co.uk","some  numbers  ","located in"," the lockbox"
"qdg.org.uk","and  tumour  ","located in"," the upper"
"voyageconcepts.co.uk","hire  division  ","located in"," Las Vegas and"
"lambethpct.nhs.uk","  company  ","located in"," San Diego."
"townsinbritain.co.uk","  min-markets  ","located in"," the area."
"tankmuseum.co.uk","  accomodation  ","located in"," a small"
"webdictionary.co.uk","  value  ","located in"," the old part of"
"itchyglasgow.co.uk",", Our  company  ","located in"," Congleton,"
"itchyglasgow.co.uk",". Any  person  ","located in"," the UK can"
"itchyglasgow.co.uk",". Any  person  ","located in"," the UK can"
"itchyglasgow.co.uk","till 60  years  ","Located in"," the territory"
"itchyglasgow.co.uk",". Any  person  ","located in"," the UK can"
"itchyglasgow.co.uk",". Any  person  ","located in"," the UK can"
"itchyglasgow.co.uk",". Any  person  ","located in"," the UK can"
"itchyglasgow.co.uk",". * Any  person  ","located in"," the UK can"
"jfm-www.damtp.cam.ac.uk","  servers  ","located in"," a country free"
"unioncard.co.uk","the  Himalayas  ","located in"," north."
"tankmuseum.co.uk"," ","located in"," the Rothbury"
"spode.co.uk","rate  number  ","located in"," Aruba in the"
"connaught.plc.uk","  services  ","located in"," Albany NY Game"
"aldershot-catholics.org.uk","  resort  ","located in"," the South of"
"aldershot-catholics.org.uk","lovely  resort  ","located in"," the very south"
"pinnacle-entertainment.co.uk","to  everyone  ","located in"," the EU, but"
"firstrung.co.uk","and  villages  ","located in"," these areas"
"itchybrighton.co.uk","  apartments  ","located in"," the middle of"
"queensroyalsurreys.org.uk"," ","located in"," Ireland have"
"classicfm.co.uk"," ","located in"," Ireland have"
"brieftherapy.org.uk","  complex  ","located in"," the heart of"
"brieftherapy.org.uk","  complex  ","located in"," the heart of"
"brieftherapy.org.uk","  apartments  ","located in"," the resort"
"news.ulster.ac.uk",", airy  house  ","located in"," rural Pednor"
"newvictheatre.org.uk","  property  ","located in"," the popular"
"coam.org.uk","  sections  ","located in"," each chapter."
"johnleach.co.uk"," ","located in"," the England,"
"wkweb3.cableinet.co.uk","  computers  ","located in"," corners and"
"dilis.demon.co.uk","  proteins  ","located in"," the cell"
"wkweb3.cableinet.co.uk","  retreat  ","located in"," the heart of"
"samaritans.co.uk","  destination  ","located in"," seconds."
"uftm.org.uk",". co.  uk--is  ","located in"," Manchester"
"stmarys-fleetwood.org.uk"," ","located in"," the resort of"
"myleedsjobs.co.uk","sandy  beach  ","located in"," a happening"
"virginexperiencedays.co.uk","Nice  studio  ","located in"," a private"
"virginexperiencedays.co.uk","urban  house  ","located in"," Estepona"
"virginexperiencedays.co.uk","  apartment  ","located in"," a private"
"virginexperiencedays.co.uk","  apartment  ","located in"," Monte"
"bede.org.uk","  boxes  ","located in"," shops and"
"simt.co.uk","in  warehouses  ","located in"," the UK and"
"wkweb3.cableinet.co.uk","  departments  ","located in"," the"
"stcuthberts-durham.org.uk","organic  farms  ","located in"," Devon,"
"duston.org.uk"," ","located in"," the Far East."
"i-dj.co.uk","  photography  ","located in",""
"did.stu.mmu.ac.uk","  Apartment  ","located in"," highly sought"
"ntd.co.uk","Prestige  home  ","located in"," the most"
"reporter.leeds.ac.uk"," ","located in"," Ireland have"
"diffdrum.co.uk","is  today  ","located in"," Turkey, with"
"alumni.swan.ac.uk"," ","located in"," Ireland have"
"reporter.leeds.ac.uk","is a  property  ","located in"," the best"
"connexions-covandwarks.org.uk","  Apartments  ","located in"," Santa Eulalia"
"uftm.org.uk","  complex  ","located in"," the south of"
"suttonbenger-fc.co.uk","manor  house  ","located in"," the"
"sitwell.co.uk","  references  ","located in"," this month ''s"
"mysheffieldjobs.co.uk","in the  mines  ","located in"," Patmos."
"christianaid.co.uk","  collection  ","located in"," a historic"
"ntd.co.uk","of  Astronomy  ","located in"," and around"
"ookami.co.uk","  min-markets  ","located in"," the area."
"st-josephs-epsom.org.uk","  apartments  ","located in"," the Golden"
"st-josephs-epsom.org.uk","  penthouse  ","located in"," the center of"
"peter-paul-lincoln.org.uk","sales  company  ","located in"," central"
"afcwimbledon.co.uk","SETUP.  EXE  ","located in"," the download"
"tal-kiteshop.co.uk","  hotel  ","located in"," Calle Aragon,"
"business-inc.co.uk","  employees  ","located in"," disbursed"
"eastcoastlive.co.uk","  hotel  ","located in"," the centre of"
"partnershipsonline.org.uk","  tank  ","located in"," the roof space"
"www-histecon.kings.cam.ac.uk","  Apartments  ","located in"," Santa Eulalia"
"www-histecon.kings.cam.ac.uk","money  hotel  ","located in"," Figueretas"
"www-histecon.kings.cam.ac.uk","a luxury  hotel  ","located in"," San Antonio."
"whathouse.co.uk","small  village  ","located in"," rolling rural"
"cci.scot.nhs.uk","  inhabitants  ","located in"," the South of"
"oneword.co.uk","ii)  buildings  ","located in"," any"
"www-histecon.kings.cam.ac.uk","  enterprises  ","located in"," rural areas,"
"info-team.co.uk","  works  ","located in"," a group of flat"
"wspc.co.uk","  village  ","located in"," the south of"
"era.co.uk","two  bathrooms  ","Located in"," the center of"
"thomsonworldwide.co.uk","  Apartments  ","located in"," the center of"
"wspc.co.uk","  photography  ","located in",""
"speters.org.uk","the Modem  icon  ","located in"," the Network"
"imss.reading.ac.uk","  blocks  ","located in"," the South of"
"imss.reading.ac.uk","  property  ","located in"," a brilliant"
"itchycardiff.co.uk","elegant  Hotel  ","located in"," city centre"
"itchycardiff.co.uk","new  hotel  ","located in"," the historic"
"swindonpct.nhs.uk","  centre  ","located in"," a highly"
"news.ulster.ac.uk","  building  ","located in"," the heart of"
"news.ulster.ac.uk","family  home  ","located in"," a quiet well"
"herbalfusion.co.uk","  complex  ","located in"," Sandwich,"
"ntd.co.uk"," ","located in"," the resort of"
"jonkennedy.co.uk","youth  hostel  ","located in"," "" Slot"
"lowliferecords.co.uk","  BUSINESSES  ","located in"," the West"
"websites-designed.co.uk","manor  house  ","located in"," the"
"alumni.swan.ac.uk",""" DOC ""  folder  ","located in"," the SYSTRAN"
"quotelinedirect.co.uk","  museum  ","located in"," the world"
"antespam.co.uk","  rentals  ","located in"," Marathon of"
"home.co.uk","  company  ","located in"," the South East"
"myleedsjobs.co.uk","using  scripts  ","located in"," the wwu"
"classicfm.co.uk","  interests  ","located in"," the north of"
"thomsonworldwide.co.uk","  dwellings  ","located in"," Shrewsbury ("
"townsinbritain.co.uk","  office  ","located in"," San Diego, CA."
"alumni.swan.ac.uk","  complex  ","located in"," the south of"
"ntd.co.uk",": --  Offices  ","located in"," the centre of"
"lowliferecords.co.uk"," ","located in"," the resort of"
"eibs.co.uk","Cart ""  button  ","located in"," the"
"palden.co.uk","all  companies  ","located in"," West"
"thescotsman.scotsman.com","  centres  ","located in"," three... CPD"
"uksmallbusinessdirectory.co.uk","  reprocessors  ","located in"," the country."
"oneword.co.uk","  company  ","located in"," Berkeley,"
"oneword.co.uk","  company  ","located in"," Vermont."
"mcks.scot.nhs.uk","  splitter  ","located in"," the studio"
"pcwww.liv.ac.uk","  receptors  ","located in"," the cell"
"b52two.org.uk","  transformer  ","located in"," the basement"
"b52two.org.uk","  transformer  ","located in"," the Law"
"norfolk-pa.gov.uk","  museum  ","located in"," the world"
"b52two.org.uk","a small  screw  ","located in"," its top ("
"palden.co.uk","the  monitors  ","located in"," the terminal"
"eastcoastlive.co.uk","of new  paths  ","located in"," an adjacent"
"eastcoastlive.co.uk","car  parks  ","located in"," these towns"
"twiza.demon.co.uk","search  engine  ","located in"," our Search"
"era.co.uk","estate  agent  ","Located in"," Main Line -"
"mcgonagall-online.org.uk","  ports  ","located in"," Bookable"
"mcgonagall-online.org.uk","  building  ","located in"," one of"
"mcgonagall-online.org.uk","a modern  hotel  ","located in"," the heart of"
"afcwimbledon.co.uk","small  cistern  ","located in"," the attic ("
"speters.org.uk","  range  ","located in"," the Northwest"
"exclusivelyyours.org.uk","film  festival  ","located in"," New York City."
"bingofreebies.co.uk","the  monitors  ","located in"," the terminal"
"pebblelearning.co.uk","  facilities  ","located in"," the basement"
"ma-radio.gold.ac.uk","of new  paths  ","located in"," an adjacent"
"ma-radio.gold.ac.uk","car  parks  ","located in"," these towns"
"squashsite.org.uk","  masts  ","located in"," the open"
"solaris-books.co.uk","  instrument  ","located in"," the City of"
"sshf.co.uk","  properties  ","located in"," one of Bangor"
"admin.ox.ac.uk","safe  houses  ","located in"," specific"
"woking.co.uk","  exchange  ","located in"," your business"
"messagelabs.co.uk","a modern  hotel  ","located in"," the town of"
"messagelabs.co.uk","a modern  hotel  ","located in"," a central"
"pocketgpsworld.com","  Subsidiaries  ","Located in"," the UK Weak"
"online.ipswich.gov.uk","hotel  amber  ","located in"," the central"
"online.ipswich.gov.uk","3 star  hotel  ","Located in"," the center of"
"online.ipswich.gov.uk","  hotel  ","located in"," the heart of"
"nationwidebusinesses.co.uk","  units  ","located in"," over 60"
"magnitude.co.uk","their web  site  ","Located in"," Bacup,"
"nursing.salford.ac.uk","of 5,000  ATMs  ","located in"," banks,"
"collegest.org.uk","and  CHP  ","located in"," the area"
"collegest.org.uk","  organ  ","located in"," anterior"
"science.ulster.ac.uk","small  village  ","located in"," area of"
"quintessential-hotels.co.uk","  equipment  ","located in"," a centralised"
"motheratwork.co.uk","pay  points  ","located in"," the Boulevard"
"performancehub.org.uk","  Offices  ","Located in"," the Costa"
"theplace.org.uk","  retreat  ","located in"," the"
"gigateway.org.uk","  points  ","located in"," Post Offices"
"furnituremkrs.co.uk","a small  outfit  ","located in"," Farnham,"
"slf.tigerroar.co.uk","run  hotel  ","located in"," the centre of"
"healthcare.salford.ac.uk","woodland  area  ","located in"," The Woodland"
"aberlour.org.uk","  sheet  ","located in"," the Audiology"
"blavatskytrust.org.uk","censor  clips  ","located in"," 1996, there"
"performancehub.org.uk","lively  resort  ","located in"," the south of"
"english-nature.co.uk","  streets  ","located in"," one."
"primis.nhs.uk","  sacs  ","located in"," the shoulder"
"cheaphotels.co.uk","  teams  ","located in"," Newcastle"
"r18dvdshop.co.uk","  hotel  ","located in"," the very heart"
"staffordshirewildlife.org.uk"," ","located in"," the United"
"test.nepsecure.co.uk","lovely  resort  ","located in"," the very south"
"nurseryjobs.co.uk","  units  ","located in"," the town of La"
"nurseryjobs.co.uk","  units  ","located in"," the town of La"
"northernmusiccentre.co.uk","the  majority  ","located in"," the cities of"
"church.org.uk","an  ApartHotel  ","located in"," the centre of"
"theplace.org.uk","The  pockets  ","located in"," the centre of"
"psych.lancs.ac.uk","  receptors  ","located in"," the cell"
"togg.org.uk","expect a  cafe  ","located in"," the centre of"
"students.ucs.ed.ac.uk","retail  store  ","located in"," Florida also"
"church.org.uk","  wisdom  ","located in"," a mythical"
"slb-fhsc.hull.ac.uk","  hotel  ","located in"," the centre of"
"slb-fhsc.hull.ac.uk","run  hotel  ","located in"," the centre of"
"slb-fhsc.hull.ac.uk","  units  ","located in"," the town of La"
"slb-fhsc.hull.ac.uk","  units  ","located in"," the town of La"
"church.org.uk","  lakes  ","located in"," former"
"jlcomp.demon.co.uk","  hotel  ","located in"," the town of"
"mandgn.co.uk","; a  town  ","located in"," picturesque"
"mandgn.co.uk","the only  hotel  ","located in"," the town of"
"ntrac.org.uk","  students  ","located in"," historic"
"ntrac.org.uk","  students  ","located in"," historic"
"ishmael.org.uk","  businesses  ","located in"," Ashley,"
"ishmael.org.uk","A film  school  ","located in"," the heart of"
"ishmael.org.uk","art and  design  ","located in"," Nashville, TN"
"ntrac.org.uk","  village  ","located in"," the south of"
"big-print.co.uk","  centers  ","located in"," the auric"
"mumszone.co.uk","on  traffic  ","located in"," what go to a."
"ewht.org.uk","and  school  ","located in"," Kalamazoo,"
"dine-online.co.uk","  center  ","located in"," Jemez Springs"
"performancehub.org.uk","  offering  ","located in"," the very heart"
"performancehub.org.uk","is in  turn  ","located in"," the Sierra de"
"quizzyheights.co.uk","  center  ","located in"," the"
"www2.plymouth.ac.uk","; a  town  ","located in"," picturesque"
"www2.plymouth.ac.uk","the only  hotel  ","located in"," the town of"
"www2.plymouth.ac.uk","  offering  ","located in"," the very heart"
"www2.plymouth.ac.uk","is in  turn  ","located in"," the Sierra de"
"students.ucs.ed.ac.uk","  transmitter  ","located in"," the centre of"
"derekwyattmp.co.uk",".  ini  ","located in"," the"
"climb.org.uk","  hotel  ","located in"," the very heart"
"attract.wales.nhs.uk","  hotel  ","located in"," the very heart"
"queenvic.demon.co.uk","  festival  ","located in"," the city of"
"jlcomp.demon.co.uk","  facilities  ","located in"," the local"
"medicine.bham.ac.uk","  receptors  ","located in"," the motor"
"denning.law.ox.ac.uk","  installation  ","located in"," the popular"
"citizenspace.co.uk","  businesses  ","located in"," Lawrence Hill"
"home.ched.coventry.ac.uk","tv, DVD  player  ","located in"," a spaicous"
"stpetersbrewery.co.uk","  exchange  ","located in"," your business"
"exercise.co.uk","  properties  ","located in"," all areas of"
"fireplacegallery.co.uk","  supplier  ","located in"," Pennsylvania"
"righttolife.org.uk","a luxury  Hotel  ","located in"," the fishing"
"frcc.co.uk","is a  complex  ","located in"," te south of"
"frcc.co.uk","  complex  ","located in"," Maspalomas"
"jlcomp.demon.co.uk","Amp nr  editors  ","located in"," what. As will"
"kogan-page.co.uk","  complex  ","located in"," the heart of"
"bsf.ac.uk","  units  ","located in"," the town of La"
"bsf.ac.uk","  units  ","located in"," the town of La"
"ieinfosite.co.uk","size and  type  ","located in"," any part of the"
"fife.police.uk","model  ship  ","located in"," what island"
"lovethefestivalhall.org.uk","  monastery  ","located in"," India..."
"lovethefestivalhall.org.uk","  monastery  ","located in"," India ("
"c2kni.org.uk","the  monitors  ","located in"," the terminal"
"togg.org.uk","  hotel  ","located in"," a prominent"
"xnet.ex.ac.uk","a modern  hotel  ","located in"," the town of"
"xnet.ex.ac.uk","style  hotel  ","located in"," Barcelona ''s"
"xnet.ex.ac.uk","  building  ","located in"," Barcelona ''s"
"charnwood.gov.uk","  community  ","located in"," the north of"
"mhs.manchester.ac.uk","online.  Shop  ","located in"," Grasmere Do"
"mhs.manchester.ac.uk","travel  agent  ","located in"," Keswick who"
"small-business-finder.co.uk","  offering  ","located in"," the Selwo"
"derm.med.ed.ac.uk","  stations  ","located in"," neighbouring"
"queenvic.demon.co.uk","  resort  ","located in"," the far north"
"snfoundation.org.uk","manor  house  ","located in"," the"
"snfoundation.org.uk"," ","located in"," the resort of"
"mctimoney-college.ac.uk","sandy  beach  ","located in"," a happening"
"american-v.co.uk","floor  joists  ","located in"," the support"
"frcc.co.uk","and  tumour  ","located in"," the upper"
"culturemachine.tees.ac.uk","lovely  resort  ","located in"," the very south"
"illo.demon.co.uk","in the  courts  ","located in",""
"mandgn.co.uk","in a  studio  ","located in"," Elephant and"
"devoneast.freeserve.co.uk","  centres  ","located in"," Arrivals of"
"2womenshealth.co.uk","shopping  mall  ","located in"," the heart of"
"ukeha.co.uk","from a  tunnel  ","located in"," the middle of"
"ukeha.co.uk","  apartments  ","located in"," the resort"
"ukeha.co.uk","  complex  ","located in"," Maspalomas"
"sshs.ex.ac.uk","  building  ","located in"," the Madrid"
"sshs.ex.ac.uk","a modern  hotel  ","located in"," the center of"
"sshs.ex.ac.uk","modern  hotel  ","located in"," Pinto just a"
"sshs.ex.ac.uk","a modern  hotel  ","located in"," Madrid city a"
"frcc.co.uk","Jui Tui  shrine  ","located in"," the heart of"
"ghp.org.uk","pineal  gland  ","located in"," a bird ''s brain"
"students.ucs.ed.ac.uk","  hotel  ","located in"," the middle of"
"zetnet.co.uk","of  interest  ","located in"," and around the"
"cheaphotels.co.uk","fact a  hostel  ","located in"," the centre of"
"infopt.demon.co.uk","is a  complex  ","located in"," te south of"
"infopt.demon.co.uk","  complex  ","located in"," the heart of"
"cheaphotels.co.uk","; a  town  ","located in"," picturesque"
"cheaphotels.co.uk","the only  hotel  ","located in"," the town of"
"richardgreen.co.uk","retail  store  ","located in"," Florida also"
"exercise.co.uk","  company  ","located in"," Chicago,"
"theatrgwynedd.co.uk","on  traffic  ","located in"," what go to a."
"mandgn.co.uk","money  hotel  ","located in"," Figueretas"
"mandgn.co.uk","a luxury  hotel  ","located in"," San Antonio."
"bsf.ac.uk","  company  ","located in"," New York. ..."
"bsf.ac.uk","  company  ","located in"," Illinois..."
"american-v.co.uk","?  Townhouse  ","located in"," the town of"
"american-v.co.uk","?  Townhouse  ","located in"," Ferez in the"
"american-v.co.uk","?  Townhouse  ","located in"," Socovos in the"
"american-v.co.uk","?  Apartment  ","located in"," Socovos in the"
"big-print.co.uk","and  future  ","located in"," what. Salmon"
"theplace.org.uk",".  com  ","Located in"," the heart of"
"afs-firewise.co.uk","a modern  hotel  ","located in"," a central"
"afs-firewise.co.uk","a modern  hotel  ","located in"," the Paralelo"
"2womenshealth.co.uk","  building  ","located in"," one of"
"2womenshealth.co.uk","a modern  hotel  ","located in"," the heart of"
"2womenshealth.co.uk","  hotel  ","located in"," Calle Aragon,"
"2womenshealth.co.uk","  atmosphere  ","located in"," the city"
"goldsmiths.oncampusuk.co.uk","  offices  ","located in"," Shirley,"
"dine-online.co.uk","  offering  ","located in"," the Selwo"
"exercise.co.uk","busy  company  ","located in"," Harrogate."
"livingmagically.co.uk","  cottages  ","located in"," the area of the"
"goldsmiths.oncampusuk.co.uk","from  managers  ","located in",""
"holmansestateagents.co.uk","  community  ","located in"," close"
"richardgreen.co.uk","is an  island  ","located in"," the indian"
"english-nature.co.uk","or  tumours  ","located in"," the centre of"
"heartsforlife.co.uk","Norman  church  ","located in"," the village,"
"gg.rhul.ac.uk","  building  ","located in"," Madrid city"
"mwldan.co.uk","a modern  hotel  ","located in"," the center of"
"mwldan.co.uk","modern  hotel  ","located in"," Pinto just a"
"mwldan.co.uk","a modern  hotel  ","located in"," Madrid city a"
"bcf.nhs.uk","  Crematorium  ","located in"," a corner of the"
"isb.nhs.uk","small  pets  ","located in"," the Brighton &"
"ukeha.co.uk","over 185  pubs  ","located in"," the South of"
"onlinefireplaces.co.uk","  peak  ","located in"," the forbidden"
"contact.becta.org.uk","first  plunge  ","located in"," what those of"
"infopt.demon.co.uk","  specialists  ","located in"," various"
"holidayhome.co.uk","  centre  ","located in"," the town of"
"fsnbf.org.uk","18 hole  course  ","located in"," a valley"
"fsnbf.org.uk","  Offices  ","Located in"," the Costa"
"imaginativeicing.demon.co.uk","a modern  hotel  ","located in"," Benalmadena"
"tclayton.demon.co.uk","  village  ","located in"," the coastline"
"ben-ward.co.uk","  features  ","located in"," one of our"
"3663.co.uk","DIY  shop  ","located in"," York. FOXDIY."
"goldsmiths.oncampusuk.co.uk","textile  mills  ","located in"," Lancashire"
"laymar-crafts.co.uk","  building  ","located in"," the Madrid"
"laymar-crafts.co.uk","a large  modern  ","located in"," the Financial"
"laymar-crafts.co.uk","  building  ","located in"," Madrid city"
"english-nature.co.uk","  jewelry  ","located in"," Bohemia only"
"thedoghouse.co.uk","  foundation  ","located in"," Costa Rica"
"ukloansearch.co.uk","talent  base  ","located in"," and attracted"
"mrdf.org.uk","  property  ","located in"," an exclusive,"
"kogan-page.co.uk","a large  modern  ","located in"," the Financial"
"glengoynedistillery.co.uk","  Offices  ","Located in"," the Costa"
"originalorganics.co.uk","  village  ","located in"," the heart of"
"scullion.demon.co.uk","  university  ","located in"," Prince George"
"glengoynedistillery.co.uk","  resources  ","located in"," Wales,"
"jet13records.co.uk","Board  holiday  ","located in"," Benidorm"
"builth.powys.sch.uk","  house  ","located in"," the centre of"
"leics.police.uk","  reserve  ","located in"," North Devon,"
"smanutrition.co.uk","run  business  ","located in"," the region"
"fbhvc.co.uk","money  hotel  ","located in"," Figueretas"
"busygirl.co.uk","  watersports  ","located in"," the area."
"church.org.uk","hole  offering  ","located in"," the province"
"church.org.uk","of  studies  ","located in"," the world of"
"church.org.uk","in  schools  ","located in",""
"gg.rhul.ac.uk","  laboratories  ","located in"," Paris: LODYC ("
"thelinnets.co.uk",".  Zizioulas  ","located in"," this website ("
"smanutrition.co.uk","double  bed  ","located in"," the living"
"smanutrition.co.uk","double  bed  ","located in"," the living"
"church.org.uk","  Offices  ","Located in"," the Costa"
"ishmael.org.uk","  Offices  ","Located in"," the Costa"
"henrioguikedance.co.uk",". The  café  ","located in"," the main"
"r18dvdshop.co.uk","about her  life  ","located in"," the village"
"webtech.co.uk","a luxury  hotel  ","located in"," San Antonio."
"britishroses.co.uk","gauge  railway  ","located in"," the western"
"mercerhr.co.uk","printed  books  ","located in"," partner"
"woodland-community.org.uk","style  village  ","located in"," a quiet area of"
"harrowschool.org.uk","  restaurants  ","located in"," South London,"
"paynehicksbeach.co.uk","Indian  food  ","Located in"," the heart of"
"hay.powys.sch.uk","  university  ","located in"," central"
"exercisevideosdirect.com","  Revolution  ","located in"," the northern"
"oxfordeyehospital.nhs.uk","  research  ","located in"," Hamburg,"
"oxfordeyehospital.nhs.uk","  resources  ","located in"," Hamburg. He or"
"fastrak-consulting.co.uk",", 2  stations  ","located in"," Southern"
"dsrf.co.uk","  Divisions  ","located in"," three strong"
"pharmaterials.co.uk","of 25940 sq.  m  ","located in"," the north of"
"wwwentworth.co.uk","NJStats.  html  ","located in"," the"
"downs-syndrome.org.uk","for  SMEs  ","located in"," over 85"
"railaroundbirmingham.co.uk","  body  ","located in"," the Home"
"thehitchingpost.co.uk","  communities  ","located in"," the Beja"
"ishmael.org.uk","of 197  acres  ","located in"," the rural"
"wwwentworth.co.uk","  teacher  ","located in"," the North East"
"hhb.co.uk","  machines  ","located in"," major car"
"ebooks.whsmith.co.uk","  Apartments  ","located in"," Santa Eulalia"
"ishmael.org.uk","small  city  ","located in"," picturesque"
"stonystratford.co.uk","printed  books  ","located in"," partner"
"chl.wales.nhs.uk","Eclectic  food  ","Located in"," the"
"nottinghamshire.police.uk","on a  computer  ","located in"," the United"
"suzuki-gt.co.uk","  research  ","located in"," Hamburg,"
"inspiremagazine.org.uk","  schools  ","located in"," deprived"
"thelinnets.co.uk","  settlement  ","located in"," one of the most"
"downs-syndrome.org.uk","  architecture  ","Located in"," Dubai ''s"
"horsequest.co.uk","  out-houses  ","located in"," the grounds."
"busygirl.co.uk","Tex-Mex)  food  ","Located in"," trendy ''place"
"saclib.ox.ac.uk","F6BVA/  p  ","located in"," JN12GM (Tour"
"saclib.ox.ac.uk","and F5CAU/  p  ","located in"," JN14SC (Mont"
"repcollege.co.uk","  settlement  ","located in"," one of the most"
"hhb.co.uk","arts  venue  ","located in"," Camberwell in"
"jejamescycles.co.uk","of 150  seats  ","located in"," one stand"
"jejamescycles.co.uk","working  order  ","located in"," the match"
"busygirl.co.uk","  headquarters  ","located in"," Tokyo, Japan."
"christianholidays.co.uk","  brasserie  ","located in"," the oh so"
"christianholidays.co.uk","Belgian  food  ","Located in"," the very heart"
"burstradio.org.uk","European  food  ","Located in"," the Kingsway"
"frenchhouserestoration.co.uk","Fusion  food  ","Located in"," the middle of"
"ergo.co.uk","  operations  ","located in"," Basingstoke."
"punk4life.co.uk","small  city  ","located in"," picturesque"
"maires.co.uk","design  center  ","located in"," Suzhou, China"
"charnwood.gov.uk","  missionaries  ","located in"," 23 countries"
"maires.co.uk","  body  ","located in"," the Home"
"info.rdg.ac.uk","for a  hotel  ","located in"," a particular"
"arimapublishing.co.uk","stylish  hotel  ","located in"," the heart of"
"kogan-page.co.uk","  sportsbook  ","located in"," San Jose,"
"norfolk-holiday-cottages.co.uk","  museums  ","located in"," the area,"
"r18dvdshop.co.uk","  facilities  ","located in"," 70 Great"
"normanconquest.co.uk","700  offices  ","located in"," over 85"
"themotorcyclingclub.org.uk","stone  cottage  ","located in"," the rural"
"familyworship.org.uk","  storage  ","located in"," the south west"
"wellington-college.berks.sch.uk","  attractions  ","located in"," Leeds include"
"kcl.ac.uk","of 100  seats  ","located in"," one stand"
"kcl.ac.uk","working  order  ","located in"," the match"
"frenchhouserestoration.co.uk","sea  coast  ","located in"," Bulgaria,"
"cx-gl.org.uk",". 3,000 sq.  ft.  ","Located in"," a self"
"cwm.org.uk","chat  rooms  ","located in"," specific"
"presbyteryofhamilton.co.uk","A 4 star  hotel  ","located in"," the"
"info.rdg.ac.uk"," ","located in"," all the"
"info.rdg.ac.uk"," ","located in"," all the"
"info.rdg.ac.uk"," ","located in"," all the"
"info.rdg.ac.uk"," ","located in"," all the"
"info.rdg.ac.uk"," ","located in"," all the"
"info.rdg.ac.uk"," ","located in"," all the"
"info.rdg.ac.uk"," ","located in"," all the"
"info.rdg.ac.uk"," ","located in"," all the"
"info.rdg.ac.uk"," ","located in"," all the"
"biosmagazine.co.uk","  mechanism  ","located in"," each inner ear"
"maires.co.uk","of  offices  ","located in"," the UK,"
"ishmael.org.uk","  theatre  ","located in"," the basement,"
"hhb.co.uk","  schools  ","located in"," known areas of"
"charnwood.gov.uk","  facilities  ","located in"," F block. This"
"hhb.co.uk","SQL  servers  ","located in"," Germany and"
"roadsafetyweek.org.uk","run  stables  ","located in"," Malham, a"
"churchillsystems.co.uk","  research  ","located in"," Hamburg,"
"ishmael.org.uk","and  breakfast  ","located in"," historic"
"biosmagazine.co.uk","  agency  ","located in"," London,"
"thebandmaker.co.uk","chat  rooms  ","located in"," specific"
"minimodelcars.co.uk","the  wreck  ","Located in"," the same area"
"shopster.co.uk","other  hotels  ","located in"," more rural"
"shopster.co.uk","other  hotels  ","located in"," more rural"
"shopster.co.uk","other  hotels  ","located in"," more rural"
"cherryred.co.uk","  group  ","located in"," London ''s"
"wefc.co.uk","  business  ","located in"," South"
"wefc.co.uk","  business  ","located in"," South"
"wefc.co.uk","  businesses  ","located in"," South"
"wefc.co.uk","  business  ","located in"," the Fens and"
"wefc.co.uk","  business  ","located in"," South"
"info.rdg.ac.uk","and  resources  ","located in"," the workplace"
"epilepsyforum.org.uk","built  cottage  ","located in"," a quiet lane"
"kinocite.co.uk","and  potassium  ","located in"," nerve axons"
"www9.mgcars.org.uk","sandwich  shop  ","located in"," a busy"
"cis.org.uk","  business  ","located in"," Little"
"redissue.co.uk","  arrangement  ","Located in"," the"
"english-nature.co.uk","of  businesses  ","located in"," the Arab world"
"kogan-page.co.uk","  centres  ","located in"," the region, in"
"redissue.co.uk","  bungalow  ","located in"," a cul-de-sac"
"davidsilverspares.co.uk","of  homes  ","located in"," a popular area"
"nhslothian.scot.nhs.uk","  newspapers  ","located in"," and around..."
"nhslothian.scot.nhs.uk","  newspapers  ","located in"," and around..."
"info.rdg.ac.uk","job  shop  ","located in"," Devonshire"
"eridu.co.uk","  university  ","located in"," Montreal, one"
"sportcom.co.uk","many  offices  ","located in",""
"blackpoppy.org.uk","from a  browser  ","located in"," a safe"
"nationwidebusinesses.co.uk","  firm  ","located in"," Melbourne,"
"bullen.demon.co.uk","  photographer  ","located in"," the San"
"scrolla.ac.uk","  organisation  ","located in"," the West End of"
"eltham-college.org.uk","Village  house  ","located in"," the heart of"
"familyworship.org.uk","  tribunals  ","located in"," London, UK. In"
"skillsforcare.org.uk","books and  logs  ","located in"," certain pubs,"
"farmhouseaccommodation.co.uk","  conversion  ","located in"," the beautiful"
"peterboroughnow.co.uk","CD  collection  ","located in"," Rack Two in the"
"www-solar.mcs.st-and.ac.uk","in  classrooms  ","located in"," the"
"nick.co.uk","Core  modules  ","located in"," each of these"
"busygirl.co.uk","  device  ","located in"," high street"
"eridu.co.uk","detached  home  ","located in"," an unmade"
"voicesforum.org.uk","  residence  ","located in"," Totland. The"
"nhslothian.scot.nhs.uk","a  basement  ","located in"," one of the busy"
"busygirl.co.uk","pict  stones  ","located in"," Scotland."
"periodpropertyshop.co.uk","airport  shops  ","located in"," Heathrow"
"morningadvertiser.co.uk","data  centre  ","located in"," Jeuneurs can"
"english-nature.co.uk","fan zone.  Team  ","located in"," Davenport,"
"railaroundbirmingham.co.uk","little  crag  ","located in"," a quiet"
"foreveryoungfitness.co.uk","of  pairs  ","located in"," Kemerton fell"
"foreveryoungfitness.co.uk","the two  pairs  ","located in"," Bredons"
"popularscience.co.uk","] Surf  school  ","located in",""
"pinnacle.co.uk","two en  suites  ","located in"," the popular"
"pio.chadwyck.co.uk","  centre  ","located in"," Plas Llanfair"
"hazardscampaign.org.uk","  building  ","located in"," Taunton. A"
"biosmagazine.co.uk","  practice  ","located in"," glenrothes,"
"perryweb.pwp.blueyonder.co.uk"," ","Located in"," the north"
"copyediting.co.uk","fruit  farm  ","located in"," Var. Comes"
"sleafordtownfc.co.uk","washer/  dryer  ","located in"," utility room,"
"rsc-wales.ac.uk","  college  ","located in"," the centre of"
"yourwatergarden.co.uk","- Kansas  usa  ","located in"," culver,"
"countrylanes.co.uk","own party  bus  ","located in"," Bournemouth"
"t-ender.co.uk","  facilities  ","located in"," Bookham. For"
"oscar.org.uk","of a set  form  ","located in"," the log-in"
"sigmapress.co.uk","  factory  ","located in"," north Spain."
"newskys.co.uk","All  amenities  ","located in"," Kay House"
"info.rdg.ac.uk","  programme  ","located in"," the Scottish"
"mime.cs.nott.ac.uk","  businesses  ","located in"," what were"
"descent-world.co.uk","  antiques  ","located in"," Shere,"
"ampleforth.org.uk","tour  operator  ","located in"," San Diego."
"www-jmg.ch.cam.ac.uk","  factory  ","located in"," north Spain."
"periodpropertyshop.co.uk","beach  town  ","located in"," the"
"lbc.org.uk","  attractions  ","located in"," Jersey ''s"
"dads-haven.co.uk","sq. m) 7  houses  ","located in"," the upper side"
"dads-haven.co.uk",") in a  building  ","located in"," the lower side"
"stockport1914-1918.co.uk","  broker  ","located in"," New York City."
"hhb.co.uk","800  employees  ","located in"," 58 cities, in"
"cocam.co.uk","  villas  ","located in"," the Valdera"
"partnershiptrust.org.uk","  centres  ","located in"," the region, in"
"aimhighersw.ac.uk","Village  house  ","located in"," the heart of"
"railaroundbirmingham.co.uk","skate  shops  ","located in"," Newquay,"
"pettigrew.org.uk","skate  shops  ","located in"," Newquay,"
"veggieplaces.co.uk","  company  ","located in"," South Wales"
"mortgages.co.uk",". Our kite  shop  ","located in"," Troon"
"ftbni.co.uk","skate  shops  ","located in"," Newquay,"
"enviroproducts.co.uk","  house  ","located in"," attractive"
"offwell.free-online.co.uk","  community  ","located in"," Glenville,"
"trinhall.cam.ac.uk","a  room  ","located in"," another"
"trinhall.cam.ac.uk","a  room  ","located in"," another"
"personal.reading.ac.uk","  school  ","located in"," Empuriabrava"
"lazaruscorporation.co.uk","  school  ","located in"," Nusa Dua, Bali"
"logicalminds.co.uk","centre  pub  ","located in"," a busy town"
"teachersbs.co.uk","  property  ","located in"," the Commune of"
"newrog.co.uk","  Hospital  ","located in"," Cottingham -"
"www-jmg.ch.cam.ac.uk","  operations  ","located in"," Southern"
"monologues.co.uk","  power  ","located in"," a DR site that"
"eurocomms.co.uk","day  school  ","located in"," Camberley."
"nhslothian.scot.nhs.uk",".  Distances  ","Located in"," a country"
"cbs1.gcal.ac.uk","  attraction  ","located in"," Walcot Street"
"thisislimitededition.co.uk","old  brickyard  ","located in"," Mangona, a"
"northernrock.co.uk","and  screws  ","located in"," the body of the"
"express-finance.co.uk",".  bank  ","located in"," front of the"
"meassociation.org.uk","a style  sheet  ","located in"," the style root"
"lakedistrict-stay.co.uk","luxury  villa  ","located in"," Encosta do"
"thisislimitededition.co.uk","these  being  ","located in"," what would be"
"aimhigher-eastmidlands.ac.uk","  clinometer  ","located in"," the mouth in"
"ukdecay.co.uk","kite  shop  ","located in"," Northwest"
"ukdecay.co.uk","kite  shop  ","located in"," Northwest"
"ukdecay.co.uk","...  village  ","located in"," the northwest"
"ukdecay.co.uk","kite  shop  ","located in"," Northwest"
"ukdecay.co.uk","kite  shop  ","located in"," Northwest"
"ctcwest.org.uk","  villa  ","located in"," Peyia, nr."
"aimhighersw.ac.uk","  amphitheatre  ","located in"," the dunes o the"
"buckfast.org.uk","  believers  ","located in"," Jerusalem. We"
"oceanlab.abdn.ac.uk","and quiet  area  ","located in"," Ayia Triada,"
"hall-woodhouse.co.uk","smaller  pits  ","located in"," their lower"
"info.rdg.ac.uk","for  walls  ","located in"," the area"
"skipton.co.uk","  club  ","located in"," carluke,"
"personal.reading.ac.uk","for a  space  ","located in"," the margins"
"vintagetravel.co.uk","banks or  ones  ","located in"," places where"
"vintagetravel.co.uk",", only use  ones  ","located in"," well-lit,"
"sece.gov.uk","and  processes  ","located in"," the â? ?third"
"portellenbookfestival.co.uk","  machine  ","located in"," separate room"
"rpo.co.uk","  Transformer  ","located in"," a suitable"
"npbs.co.uk","  information  ","located in"," plasmids."
"unitedonline.co.uk","  manufacturer  ","located in"," UK and"
"sykescottages.co.uk","army  garrison  ","located in"," Santiago, led"
"zenith-insurance.co.uk"," ","located in"," its historic"
"churchill.co.uk","  Casino  ","located in"," the heart"
"thisislimitededition.co.uk",", and  jobsite  ","located in"," Saudi Arabia."
"lakedistrict-stay.co.uk","bicycle  shop  ","located in"," Hollywood."
"emc.medicines.org.uk","the  buildings  ","located in"," the Campuses"
"sykescottages.co.uk","a young  county  ","located in"," North Wales"
"total-fishing.co.uk","in the  station  ","located in"," the north of"
"adline-online.co.uk","one  phone  ","located in"," each"
"northernrock.co.uk","  suite  ","located in"," the Richards ''"
"portfield-financial.co.uk","  settlements  ","located in"," remote"
"zenith-insurance.co.uk","  Uni-Thread  ","located in"," Devon, tel:"
"thisislimitededition.co.uk","wooden  house  ","located in"," Herttoniemi,"
"thisislimitededition.co.uk","deluxe  resort  ","located in"," Lake Buena"
"cambridge-fpas.co.uk","luxury  resort  ","located in"," the heart of"
"itin.org.uk","charming  town  ","located in"," the province"
"jetix.co.uk","  facilities  ","located in"," the Stadium."
"bridgehousegrasmere.co.uk","4554 or  email  ","Located in"," prestigious"
"thisislimitededition.co.uk","a deluxe  hotel  ","located in"," the centre of"
"webgazette.co.uk","of  companies  ","located in"," Japan or in"
"forematt.co.uk","Spa  resort  ","located in"," the popular"
"unitarian.org.uk","study  centres  ","located in"," local"
"offwell.free-online.co.uk","  property  ","located in"," a quiet"
"rockersengland.co.uk","to new  offices  ","located in"," the old"
"eurocomms.co.uk","  city  ","located in"," Asturias,"
"kepplewray.org.uk","  participants  ","located in"," a number of"
"kinocite.co.uk","  degrees  ","located in"," 41 higher"
"lakelandcottages.co.uk","design  files  ","located in"," remote file"
"malefirst.co.uk","  manufacturer  ","located in"," Johnstown, PA"
"monologues.co.uk","(  antagonisms  ","located in"," history, in"
"kinocite.co.uk","dining  table  ","located in"," the lounge."
"www-digitalstudios.arct.cam.ac.uk","  museums  ","located in"," Paris as they"
"camconservators.org.uk","  attractions  ","located in"," the middle of"
"aviationarchive.org.uk","  furniture  ","located in"," york,"
"www2.glos.ac.uk","great  site  ","located in"," Derby. This"
"capps-help.bham.ac.uk","with  staff  ","located in"," one which"
"sec-ed.co.uk","  institution  ","located in"," Uppsala,"
"magnet.co.uk","  cottage  ","located in"," the tranquil"
"fc-utd.co.uk","''. mdb ''  files  ","located in"," sub-folders"
"zolag.co.uk","  hotel  ","located in"," Bridgwater"
"lubswww.leeds.ac.uk","  destination  ","located in"," the Landes"
"livestock-sales.co.uk","  catalogue  ","located in"," the Main"
"kinocite.co.uk","  apartment  ","located in"," the church"
"webgazette.co.uk","  restaurant  ","located in",""
"adultdvds.co.uk","  advisors  ","located in"," the regional"
"livestock-sales.co.uk","  hotel  ","located in"," one of"
"livestock-sales.co.uk","approx 15  mins  ","Located in"," quiet"
"gnws.co.uk","  participants  ","located in"," a number of"
"southampton.bcss.org.uk","  element  ","located in"," a place which"
"cita.org.uk","  participants  ","located in"," a number of"
"lubswww.leeds.ac.uk","  mountain  ","located in"," the Bernese"
"eurekamagazine.co.uk","health  care  ","located in"," community"
"aviationarchive.org.uk"," ","located in"," geographical"
"offwell.free-online.co.uk","  facilities  ","located in"," or near to the"
"club.triumph.org.uk","15  students  ","located in"," three"
"mlj.org.uk","for  children  ","located in"," central"
"james.parkinsons.org.uk","  town  ","located in"," the Aude"
"twistedminds.co.uk","(  church  ","located in"," Spartanburg,"
"freewebs.com","deluxe  rooms  ","located in"," it ''s very own"
"bookweaver.co.uk","tin  mine  ","located in"," Northern"
"sextoytesters.co.uk","an  employer  ","located in",""
"infotransport.co.uk","  city  ","located in"," Galicia,"
"cbso.co.uk","  transducer  ","Located in"," the Compact."
"aviationarchive.org.uk","outback  town  ","located in"," the heart of"
"lombard.co.uk",": A  city  ","located in"," the Swiss Alps"
"lombard.co.uk","first  station  ","located in"," Australia"
"lombard.co.uk","  station  ","located in"," the Sahara is"
"lombard.co.uk","  camera  ","located in"," the control"
"blacks.co.uk","  pyramid  ","located in"," Egypt ''s"
"devfire.gov.uk","  devices  ","located in"," the ring"
"apartmentspain.co.uk","is a  city  ","located in"," the coastal"
"twyford-berkshire.co.uk","  facility  ","located in"," Mansfield"
"eurocomms.co.uk","Union  outlets  ","located in"," your vicinity"
"sec-ed.co.uk","modern  campus  ","located in"," one of the best"
"financewales.co.uk","  resort  ","located in"," the north of"
"foreverlivinghorses.co.uk","  apartment  ","located in"," Kapparis,"
"oneupmagazine.co.uk","systems  -are  ","located in"," the astral man"
"gty.org.uk","  restaurant  ","located in"," Dolphin"
"newswindon.co.uk","  building  ","located in"," the middle of"
"malefirst.co.uk","  refineries  ","located in"," Texas. The"
"sec-ed.co.uk","  teams  ","located in"," St. Asaph in"
"teachability.strath.ac.uk","  sites  ","located in"," the Borough."
"searchfreebies.co.uk","security  firm  ","located in"," Ireland."
"fertilityzone.co.uk","  community  ","located in"," the southern"
"cspcongress.co.uk","retail  brands  ","located in"," Southampton"
"kopnet.co.uk","stal  column  ","located in"," Main"
"ceg.org.uk","  equipment  ","located in"," rooms 5, 12, 14"
"dcn.ed.ac.uk",". All  schemes  ","located in"," the plan area"
"elementalsolutions.co.uk","built  hotel  ","located in"," the vicinity"
"lakes-mountains.co.uk",". There is a  pub  ","located in"," the nearby"
"weirdwiltshire.co.uk","of  materials  ","located in"," appendices."
"nottsccc.co.uk","- a  village  ","located in"," the the Jura"
"mackay.co.uk","''s  office  ","located in"," the Russian"
"polenta.dircon.co.uk","  headquarters  ","located in"," California"
"learnenglish.org.uk","drafty  castle  ","located in"," Scotland. It"
"times-olympics.co.uk","a small  museum  ","located in"," an old chapel"
"mackay.co.uk","a resort  hotel  ","located in"," a city. There"
"citychoir.org.uk","& clothes  line  ","located in"," the double"
"citychoir.org.uk","the  problems  ","located in"," cities and the"
"royalsociety.ac.uk","  facilities  ","located in"," Loughborough"
"shropshirefire.gov.uk","small  inlets  ","located in"," the surface"
"cruachan.co.uk","  members  ","located in"," branches in"
"ukpol.co.uk","has  clients  ","located in"," a different"
"beverley-association.org.uk","such  cluster  ","located in"," the Raxton and"
"mfo.ac.uk","to  companies  ","located in"," that country,"
"web13.co.uk","a US  company  ","located in"," Spain, and"
"econ.surrey.ac.uk"," ","located in"," green wedges"
"econ.surrey.ac.uk","to  properties  ","located in"," areas of"
"econ.surrey.ac.uk","  units  ","located in"," areas of"
"econ.surrey.ac.uk","  woodlands  ","located in"," the National"
"info.lboro.ac.uk","and  balconies  ","located in"," a no-mans land"
"info.lboro.ac.uk","  centers  ","located in"," 40 countries"
"axess.co.uk","  apartment  ","located in"," the church"
"rutland.gov.uk","in  lodgings  ","located in"," Mornington"
"cb-com.co.uk","war  graves  ","located in"," local"
"42.blogs.warnock.me.uk","  Indonesians  ","located in"," the border"
"cabotpark.co.uk"," ","located in"," the USA,"
"thoughtworks.co.uk","run  hotel  ","located in"," central"
"propertyforsalein.co.uk",", both  firms  ","located in"," New York. Yet"
"jjfox.co.uk","  hotel  ","located in"," Edinburgh"
"mackay.co.uk","  Townhouse  ","located in"," the City"
"citychoir.org.uk",", jet  fans  ","located in"," the tunnel"
"astraware.co.uk","  hotel  ","located in"," the West End of"
"astraware.co.uk","  hotel  ","located in"," Edinburgh"
"cb-com.co.uk","  headquarters  ","located in"," Paris."
"restormel.gov.uk","rare  jewels  ","located in"," the ship ''s"
"modern-languages.qmul.ac.uk","  register  ","located in"," the country of"
"westfocus.org.uk","driving  tang  ","located in"," slot of driver"
"westfocus.org.uk",", with  insert  ","located in"," nozzle thread"
"solosailing.co.uk","of gas  blocks  ","located in"," Nigeria. NTPC"
"solosailing.co.uk","  development  ","located in"," 2400m water"
"solosailing.co.uk","Tui  field  ","located in"," the Taranaki"
"catalogue4shopping.co.uk","of  businesses  ","located in"," UK, France,"
"quantum.leeds.ac.uk","budget  hotel  ","located in"," the Kings"
"livesandletters.ac.uk","  property  ","located in"," Oregon or any"
"42.blogs.warnock.me.uk","at  computers  ","located in"," other"
"bristol-link.co.uk","by  spouses  ","located in"," states"
"themall.co.uk"," ","located in"," the USA,"
"lucknampark.co.uk"," ","located in"," more than one"
"weirdwiltshire.co.uk","guest  house  ","located in"," the city"
"livesandletters.ac.uk","  information  ","located in"," the book as the"
"restormel.gov.uk","from  camps  ","located in"," the face of the"
"business-sciences.canterbury.ac.uk","SCANREGW.  EXE  ","located in"," the Windows"
"astraproject.org.uk","meeting  place  ","located in"," the hotel ''s"
"basingstoke.gov.uk","  aparthotel  ","located in"," the heart of"
"motorbooks.co.uk","  payphones  ","located in"," each Ward, Day"
"martialartsbooks.co.uk","raid  shelter  ","located in"," Montagu Place"
"socialfirms.co.uk","  areas  ","located in"," the State of"
"arcmusic.co.uk","  aparthotel  ","located in"," the heart of"
"stokenham-pc.gov.uk","  Townhouse  ","located in"," the City"
"stokenham-pc.gov.uk","  aparthotel  ","located in"," the heart of"
"weirdwiltshire.co.uk","  restaurant  ","located in"," the front wing"
"ybw.co.uk","  centre  ","located in"," central"
"weirdwiltshire.co.uk","for a café  bar  ","located in"," Holmfirth and"
"learnenglish.org.uk",". The  memorial  ","located in"," Arbour Hill"
"learnenglish.org.uk","the  memorial  ","located in"," Arbour Hill"
"weirdwiltshire.co.uk","  window  ","located in"," St Andrew ''s"
"minispace.co.uk","on wall  panels  ","located in"," Tyne Cot"
"minispace.co.uk","of the  graves  ","located in"," Tyne Cot"
"licensingaid.org.uk","  hotel  ","located in"," the much"
"loans.co.uk","  hotel  ","located in"," the West End of"
"rutland.gov.uk","for  students  ","located in"," these two"
"na-me.ac.uk","I  awardees  ","located in"," Delaware or"
"icplanning.co.uk","  participants  ","located in"," a number of"
"pps.ed.ac.uk","  subsidiaries  ","located in"," high tax"
"pps.ed.ac.uk","owns  assets  ","located in"," that"
"expresschemist.co.uk","  scheme  ","located in"," Ladybarn,"
"motorbooks.co.uk","value of  data  ","located in"," disparate"
"tynebridgebikehire.co.uk","to  companies  ","located in"," rich"
"cottoniancollection.org.uk","his work  place  ","located in"," Albion House."
"motorbooks.co.uk","this  hotel  ","located in"," the city"
"transportphotos.co.uk","name  plaques  ","located in"," areas of the"
"transportphotos.co.uk","of the  plaques  ","located in"," St Albans ("
"chirkfire.org.uk","a cocktail  bar  ","located in"," the lobby,"
"graeme.kirkwood.btinternet.co.uk","to a  mountain  ","located in"," Leverburgh."
"sportdevelopment.org.uk","in  schools  ","located in"," some of"
"nifb.org.uk","  hotel  ","located in"," Edinburgh"
"times-olympics.co.uk","nine  offices  ","located in"," London,"
"londonhigher.ac.uk","have a post  box  ","located in"," the school"
"parkinsonscambridge.org.uk","  islands  ","located in"," the Caribbean"
"sportdevelopment.org.uk","  organisms  ","located in"," separate"
"indymedia.org.uk","  employers  ","located in"," that region."
"ibls.gla.ac.uk","head  office  ","located in"," the heart of"
"solosailing.co.uk","  center  ","located in"," Memphis,"
"taa.org.uk","  restaurant  ","located in"," Esbjerg ''s"
"architecturaljobs.co.uk","  hotel  ","located in"," a quiet"
"sussexfilm.co.uk","  property  ","located in",""
"sportdevelopment.org.uk","  institution  ","located in"," the U. S. ("
"boards.gingerbeer.co.uk","  institution  ","located in"," the U. S. ("""
"newburyyouththeatre.co.uk","  institution  ","located in"," the U. S. ("""
"geoscan-research.co.uk","be  something  ","located in"," Exeter ''s"
"weirdwiltshire.co.uk",".  Boiler  ","located in"," the workshop."
"rdarby.demon.co.uk","  islands  ","located in"," the Caribbean"
"buildingconnections.co.uk","  bolt  ","located in"," the south wall"
"get2gripswith.co.uk","that  company  ","located in"," the UK. It is a"
"get2gripswith.co.uk","that  company  ","located in"," the UK. The"
"careeradvicenetwork.co.uk","  secretariat  ","located in"," Exeter."
"rapnews.co.uk","  homes  ","located in"," the grounds of"
"kentshowground.co.uk","  facility  ","located in"," the heart of"
"iowrock.demon.co.uk","  universities  ","located in"," Nottingham."
"d3e-jime.open.ac.uk","  sessions  ","located in"," the clinic."
"rutland.gov.uk","their  office  ","located in"," the race"
"wfb.org.uk","style  house  ","located in"," a privileged"
"weirdwiltshire.co.uk","modern  hotel  ","located in"," an exclusive"
"pharmacy.ac.uk","  advice  ","located in"," the North West"
"scitalk.org.uk"," ","located in"," the vicinity"
"westfocus.org.uk"," ","located in"," 22 offices"
"tensor.co.uk","  institution  ","located in"," the U. S. ("""
"tensor.co.uk","  institution  ","located in"," the U. S. ("""
"vlib.abertay.ac.uk","  institution  ","located in"," the U. S. ("
"cctv-surveillance.co.uk","Adobe  offices  ","located in"," the"
"tipiglen.dircon.co.uk","  destination  ","located in"," the Port of"
"babyfreebies.co.uk","  center  ","located in"," Memphis,"
"careeradvicenetwork.co.uk","to  pages  ","located in"," a specific"
"minispace.co.uk","  courts  ","located in"," Denver County"
"equestrianworld.co.uk","soft  surfaces  ","located in"," the main"
"kentrail.co.uk","  Sportsbook  ","located in"," Costa Rica,"
"students.shu.ac.uk","of all the  pubs  ","located in"," the most"
"co-opdirectory.co.uk","  companies  ","located in"," Europe and the"
"tvr-car-club.co.uk","golf  courses  ","located in"," Florida. Let"
"houseweb.co.uk","  school  ","located in"," Roquetas de"
"kentrail.co.uk","  languages  ","located in"," South Asia"
"star.bris.ac.uk","  workplaces  ","located in"," the five"
"wsfb.co.uk","tour  service  ","located in"," gairloch,"
"igindex.co.uk","  community  ","located in"," York. Sabia"
"locksmiths-london.co.uk"," ","located in"," the old Stable"
"keyence.co.uk","  organisation  ","located in"," the inner city"
"idigitalsales.co.uk","class  area  ","located in"," west Baghdad."
"learnenglish.org.uk","''s  quarters  ","located in"," front of it."
"armchairadvice.co.uk","  reputation  ","located in"," their town,"
"easyinkz.co.uk","  hatcheries  ","located in"," Khulna,"
"careeradvicenetwork.co.uk","is a  casino  ","located in"," Windsor,"
"fly.co.uk",",  properties  ","located in"," a rural area"
"ukjobsnet.co.uk","is a  nightclub  ","located in"," the heart of"
"trentriverstrust.co.uk","250  employees  ","located in"," 8 offices"
"5staryorkies.org.uk","a  terminal  ","located in"," a public place"
"dtol.ndirect.co.uk","resort  homes  ","located in"," Nags Head,"
"chatandcommunity.aol.co.uk","  property  ","located in",""
"boards.gingerbeer.co.uk","  servers  ","located in"," our data"
"papyrology.ox.ac.uk","quiet  course  ","located in"," Riolo Terme, a"
"employersforcarers.org.uk","from  villages  ","located in"," two different"
"sharedfinancialservices.co.uk","* Posting  jobs  ","located in"," countries"
"eastdunbarton.gov.uk","  organisation  ","located in"," the inner city"
"business.barclays.co.uk","  Headquarters  ","located in"," Skelton in the"
"erodent.co.uk","tile  panels  ","located in"," public places"
"iowrock.demon.co.uk",", quiet  park  ","located in"," a garden"
"sussexfilm.co.uk","94/  print/  ","Located in"," the heart of"
"hartfordmarina.co.uk","swimming  pool  ","located in"," the quaint"
"prospect.org.uk","market  towns  ","located in"," the rural"
"houseweb.co.uk","  pigeonholes  ","located in"," the"
"ed.napier.ac.uk","ceramic  work  ","located in"," Britain. This"
"link.med.ed.ac.uk","of  brokers  ","located in"," Great Britain"
"shoptour.co.uk","for My  Wife  ","Located in"," the heart of"
"bridgnorth-dc.gov.uk","small  company  ","located in"," South Bristol"
"signpostjournal.co.uk","  screens  ","located in"," the four"
"enterprise-resourcing.co.uk","  zone  ","located in"," Yunlin County"
"bahai.org.uk"," ","located in"," Kaohsiung. In"
"ralph.swan.ac.uk","border  city  ","located in"," North Africa)"
"houseweb.co.uk","  buttons  ","located in"," the same place"
"portman-group.co.uk","auction  house  ","located in"," the heart of"
"portman-group.co.uk","  organisation  ","located in"," London is"
"portman-group.co.uk","wide  charity  ","located in"," the west"
"portman-group.co.uk","with  offices  ","located in"," both the City &"
"portman-group.co.uk","  firm  ","located in"," the heart of"
"rbpn.org.uk",".  office  ","located in"," Canada,"
"pgmd.man.ac.uk","  company  ","located in"," the Midlands."
"scip.org.uk","  courts  ","located in"," New York"
"vm75.co.uk","of our  clients  ","located in"," the centre of"
"focusprojects.co.uk","is a  nightclub  ","located in"," the heart of"
"mmrg.ecs.soton.ac.uk","  researchers  ","located in"," each of the"
"speech.psychol.ucl.ac.uk","  systems  ","located in"," close"
"armchairadvice.co.uk","in the  country  ","located in"," our brand new,"
"get2gripswith.co.uk","  trailering  ","located in"," Somerset (UK)"
"get2gripswith.co.uk","mint A4.  Car  ","located in"," Ireland."
"get2gripswith.co.uk","sale.  Car  ","located in"," Worthing,"
"star.bris.ac.uk","? æ? ?åsç?  ©é¤¨  ","located in"," Yonghe æ°¸å ''?"
"jobs1.co.uk","  practice  ","located in"," Annandale"
"cstn.org.uk","  Company  ","located in"," London,"
"astro.keele.ac.uk","  centre  ","located in"," a unique"
"architecturaljobs.co.uk","an  installer  ","located in"," region 17"
"display.co.uk","  facility  ","located in"," the ''Purchase"
"brightonourstory.co.uk","A) A  customer  ","located in"," within a 10"
"brightonourstory.co.uk","a job  agency  ","located in"," Kingston on"
"lnrhwd.nhs.uk","demand  school  ","located in"," South West"
"nutritionsociety.org.uk","  house  ","located in"," the heart of"
"ed.napier.ac.uk","  center  ","located in"," California,"
"webprod1.leeds.ac.uk","  vacancies  ","located in"," holiday and"
"cottoniancollection.org.uk","Audio  company  ","located in"," Bath. This"
"pheasnt.demon.co.uk","on the  board  ","located in"," the bottom of"
"lifestyle.aol.co.uk","  operators  ","located in"," a county, or"
"mcalan.co.uk","  facility  ","located in"," the heart of"
"healtheschool.org.uk","  shipyard  ","located in"," the United"
"bahai.org.uk","to  students  ","located in"," our partner FE"
"houseweb.co.uk","  company  ","located in"," Calabasas,"
"wilkinsonhindle.co.uk","  town  ","located in"," the heart of"
"ar-turas.co.uk","on  servers  ","located in"," the UK that are"
"star.bris.ac.uk","  channels  ","located in"," the visible"
"newjobdirect.co.uk","  team  ","located in"," Sydney, has a"
"newjobdirect.co.uk","  team  ","located in"," Sydney, has a"
"wombles.org.uk","to a  friend  ","Located in"," Barcelona,"
"csbooks.co.uk","clam  farms  ","located in"," inter-tidal"
"elizabethmichael.co.uk","on  servers  ","located in"," countries"
"cstn.org.uk","  organisation  ","located in"," the inner city"
"arthistory.ed.ac.uk",". With  depots  ","located in"," the North West"
"get2gripswith.co.uk","  practices  ","located in"," London."
"get2gripswith.co.uk","  Company  ","located in"," the Central"
"get2gripswith.co.uk","  Company  ","located in"," the Central"
"keymed.co.uk","  wholesaler  ","located in"," London is"
"roc-taiwan.org.uk","  region  ","located in"," Orion ''s"
"guantanamo.org.uk","  printer  ","located in"," the room"
"rainbowsilks.co.uk","based  role  ","located in"," South London!"
"huddersfield.ac.uk","small  company  ","located in"," South Bristol"
"traidcraftshop.co.uk","  residence  ","located in"," the south"
"health.co.uk",". With 50  staff  ","located in"," high tech"
"field-galleries.co.uk","  apartment  ","located in"," East Cowes and"
"aslef.org.uk","  organisation  ","located in"," the inner city"
"wombles.org.uk","4 bedroom  home  ","located in"," the heart of"
"action.org.uk","  fabricators  ","located in"," the heart of"
"cvs.co.uk","  house  ","located in"," London. Due to"
"executivesonline.co.uk","same  set-up  ","located in"," an area away"
"cb-com.co.uk","  Personnel  ","located in"," Ashford, Kent"
"cb-com.co.uk","in  events  ","located in"," Surrey. Hits:"
"nomisweb.co.uk","the  textbase  ","located in"," any of the"
"crusaders.co.uk","  agency  ","located in"," Dorset, UK."
"martialartsbooks.co.uk","  function  ","located in"," Cardiff."
"creucymru.co.uk","games  players  ","located in"," England in a"
"ed.napier.ac.uk","  Hotel  ","located in"," the Lake"
"ophthalmos.co.uk","Audio  company  ","located in"," Bath. This"
"divorce.co.uk","a  readership  ","located in"," North America"
"boards.gingerbeer.co.uk","a dance  school  ","located in"," southend/"
"prospect.org.uk","HR  Consultant  ","located in"," Essex working"
"prospect.org.uk","dance  studios  ","located in"," Iwakuni,"
"uk-satellite-tv.co.uk","  function  ","located in"," Cardiff."
"armchairadvice.co.uk","4 bedroom  home  ","located in"," the heart of"
"pursuitdynamics.co.uk","on  servers  ","located in"," countries"
"mtaa.co.uk","of  solicitors  ","located in"," Exeter city"
"holborntraining.co.uk","job  recruiter  ","located in"," Clifton"
"holborntraining.co.uk","  vacancy  ","located in"," Devon? A"
"man.co.uk","or  machinery  ","located in"," the street"
"e-citizen.gov.uk","  Practice  ","located in"," a deprived"
"divorce.co.uk","4*  hotel  ","located in"," York is"
"extremenutrition.co.uk","is a  garage  ","located in"," garage block 1"
"cilco.co.uk","  staff  ","located in"," Leeds"
"bahai.org.uk","  practice  ","located in"," Brighton,"
"gwrfmbristol.co.uk","  school  ","located in"," Taunton,"
"holden.co.uk","  supplier  ","located in"," Bath and they"
"holden.co.uk","  Company  ","located in"," Torquay. Do"
"holden.co.uk","  organisation  ","located in"," Exeter. A fab"
"holden.co.uk","career  role  ","located in"," Exeter city"
"holden.co.uk","  role  ","located in"," Exeter? Be"
"holden.co.uk","an  chance  ","located in"," the Exeter"
"holden.co.uk","  environment  ","located in"," Devon? A"
"holden.co.uk","  role  ","located in"," Exeter? Be"
"learnhousing.co.uk","per  year  ","Located in"," Bristol but"
"assemblies.org.uk","fashion  store  ","located in"," Birminghams"
"vertigo.derby.ac.uk","of  stations  ","located in"," the heart of"
"itpmag.demon.co.uk","  forests  ","located in"," this area of"
"crusaders.co.uk","  aquarium  ","located in",""
"kirkbytimes.co.uk","a small  team  ","located in"," Edinburgh"
"kirkbytimes.co.uk","  monument  ","located in"," the north"
"huddersfield.ac.uk","  provider  ","located in"," Glasgow has an"
"roffesoft.co.uk","of  schools  ","located in"," the area,"
"mms.co.uk","have  papers  ","located in"," one or more"
"elmsmedicalcentre.co.uk","a  partnership  ","located in"," the Republic"
"topicrecords.co.uk","for  proteins  ","located in"," the nucleus"
"huddersfield.ac.uk","  channels  ","located in"," the visible"
"grappenhallheys.co.uk","to  purchasers  ","located in"," the UK or"
"surreycaretrust.co.uk","  Stations  ","located in"," the Time Out"
"emc.york.ac.uk","  vacancies  ","located in"," holiday and"
"rrc.co.uk","working  farm  ","located in"," Cumbria to"
"dcs.napier.ac.uk","  history  ","located in"," a"
"e-citizen.gov.uk","to a  friend  ","Located in"," Barcelona,"
"iaac.org.uk","nursing  home  ","located in"," the Essex area"
"bridgnorth-dc.gov.uk","  team  ","located in"," Chester. You"
"nrp.org.uk","will see  fans  ","located in"," either the"
"unions21.org.uk","  house  ","located in"," London. Due to"
"warwicktoday.co.uk","  apartments  ","located in"," The Old Town"
"newchaletclub.co.uk","  palaces  ","located in"," the"
"cdd.org.uk","  results  ","located in"," 1997 (Zone IV)"
"cdd.org.uk","other  walls  ","located in"," zone II D were"
"rrc.co.uk","  results  ","located in"," 1997 (Zone IV)"
"rrc.co.uk","other  walls  ","located in"," zone II D were"
"cdd.org.uk","  agency  ","located in"," the Midlands"
"whycycle.co.uk"," ","located in"," seven offices"
"missinglinkclassichorror.co.uk","  businesses  ","located in"," eligible"
"www-clic.ch.cam.ac.uk","to a  friend  ","Located in"," Barcelona,"
"courage.org.uk","events  venue  ","located in"," Bankside,"
"miller.co.uk","  affiliate  ","located in"," the United"
"jime.open.ac.uk","  hospitals  ","located in"," three"
"arsvcs.demon.co.uk","  house  ","located in"," the center of"
"webswonder.co.uk","bus  tickets  ","located in"," the link area"
"miragetheatre.co.uk","new  building  ","located in"," the Little"
"projectsmart.co.uk","new  venue  ","located in"," the heart of"
"uk-company-formation-director-secretary.ukincorp.co.uk","  university  ","located in"," Greenwich. If"
"ssascot.org.uk","UK  clients  ","located in"," the Thames"
"roc-taiwan.org.uk","A big  house  ","located in"," pretty valley"
"mps.org.uk","taxi  stances  ","located in"," busy areas"
"disruptive.org.uk","A big  house  ","located in"," pretty valley"
"missinglinkclassichorror.co.uk","a small  team  ","located in"," Edinburgh"
"frequent-virgin.co.uk","power  plant  ","located in"," northern"
"milos2.zoo.ox.ac.uk","IT  facilities  ","located in"," the"
"cha-walking.org.uk","Audio  company  ","located in"," Bath. This"
"str8up.co.uk","and  mystery  ","located in"," the Sinclair"
"martialartsbooks.co.uk","in  factories  ","located in"," those parts of"
"welshpages.glam.ac.uk","  desk  ","located in"," each arrival"
"aegon.co.uk","  desk  ","located in"," the middle of"
"dunmowkarate.co.uk","  company  ","located in"," North Bristol"
"fibbers.co.uk","  provider  ","located in"," Glasgow has an"
"gsttcharity.org.uk","fire  station  ","located in"," Frederick"
"gsttcharity.org.uk","fire  station  ","located in"," Frederick"
"mms.co.uk","  entity  ","located in"," the US; or a"
"thesportsjudge.co.uk","  artworks  ","located in"," all parts of"
"missinglinkclassichorror.co.uk","our  property  ","located in"," Aviemore"
"missinglinkclassichorror.co.uk","our  property  ","located in"," Aviemore"
"missinglinkclassichorror.co.uk","our  property  ","located in"," Aviemore"
"missinglinkclassichorror.co.uk","our  property  ","located in"," Aviemore"
"str8up.co.uk","  provider  ","located in"," Glasgow has an"
"kirkbytimes.co.uk","  attraction  ","located in"," London ''s"
"genealogymarketplace.co.uk","  provider  ","located in"," Glasgow has an"
"genealogymarketplace.co.uk","  provider  ","located in"," Glasgow has an"
"hraconsulting-ltd.co.uk","  servers  ","located in"," controlled"
"action.org.uk","fired  boiler  ","located in"," the breakfast"
"music.aol.co.uk","  boiler  ","located in"," the utility"
"games-player.co.uk","  areas  ","located in"," both Chicago a"
"serco.co.uk","Services  firm  ","located in"," Docklands."
"students.ucs.ed.ac.uk","global  bank  ","located in"," Canary Wharf."
"martialartsbooks.co.uk","  house  ","located in"," the center of"
"uk-company-formation-director-secretary.ukincorp.co.uk","  company  ","located in"," Middlesex."
"henry-moore-fdn.co.uk","100  Company  ","located in"," the City, who"
"priestlands-heritage.org.uk","global  bank  ","located in"," Canary Wharf."
"action.org.uk","  function  ","located in"," Cardiff."
"wm-enterprise.co.uk","fired  boiler  ","located in"," the boiler"
"dicksonminto.co.uk","is an  address  ","located in"," Switzerland,"
"mms.co.uk","visit the  desk  ","located in"," Terminal 1"
"pnoa.co.uk",".  com  ","LOCATED IN"," CENTRAL"
"deafnessresearch.org.uk","2.0m high  door  ","located in"," the end wall of"
"coventryairport.co.uk","  laboratories  ","located in"," Minnesota,"
"roc-taiwan.org.uk","a large  fire  ","located in"," one of the"
"roc-taiwan.org.uk",". SYS  files  ","located in"," the root"
"japangarden.co.uk","  center  ","located in"," Farmington,"
"japangarden.co.uk","  clinics  ","located in"," Chicago,"
"japangarden.co.uk","  clinics  ","located in"," Northern"
"bridgnorth-dc.gov.uk",".  Powerports  ","located in"," the seatback"
"scriptfactory.co.uk","  residence  ","located in"," Renaissance"
"careers.bham.ac.uk","Audio  company  ","located in"," Bath. This"
"wteast.co.uk","of out  clients  ","located in"," Avonmouth."
"uk-company-formation-director-secretary.ukincorp.co.uk","  laboratory  ","located in"," Silver Spring"
"thisislocallondon.co.uk","  provider  ","located in"," Glasgow has an"
"ehealthnurses.org.uk","and  offices  ","located in"," Ipswich or"
"cssc.co.uk","for the  copier  ","located in"," the photocopy"
"tightsplease.co.uk","  Company  ","located in"," the centre of"
"popcornpictures.co.uk","  areas  ","located in"," both Chicago a"
"ukgaynews.org.uk",".  Boiler  ","located in"," the workshop."
"yorkhill.scot.nhs.uk","of our  clients  ","located in"," the centre of"
"leverburgh.co.uk","  development  ","located in"," Peterlee"
"test.nepsecure.co.uk","of the  pin  ","located in"," the centre of"
"ukgaynews.org.uk","of  residence  ","located in"," Montpellier"
"sports-supplements.co.uk","PEGASE  room  ","located in"," Terminal 2F,"
"haemophilia.org.uk","  pools  ","located in"," its 24,000m2"
"makingtime.co.uk","  industry  ","located in"," the port and a"
"makingtime.co.uk","by  persons  ","located in"," the UK (except"
"ukgaynews.org.uk","shopping  area  ","located in"," the basement"
"ukgaynews.org.uk","access  points  ","located in"," the sitting"
"popcornpictures.co.uk","switch  gear  ","located in"," the interior"
"sonographersmedical.co.uk","of our  clients  ","located in"," the centre of"
"artsupplies.co.uk","  provider  ","located in"," Glasgow has an"
"opml.co.uk","shop  premises  ","located in"," central"
"opml.co.uk","shop  premises  ","located in"," central"
"icdvrat.reading.ac.uk","with  services  ","located in"," the booming"
"twpta.gov.uk","  property  ","located in"," the South of"
"haemophilia.org.uk","  practice  ","located in"," Portsmouth"
"go.reuters.co.uk","terrace  house  ","located in"," Arctic Road in"
"divetours.co.uk","  Managers  ","located in"," each of the"
"reading-buses.co.uk","by a  site  ","located in"," a less"
"reading-buses.co.uk","  sites  ","located in"," a less"
"motheratwork.co.uk","  centres  ","located in"," the complex of"
"motheratwork.co.uk","  area  ","located in"," the complex of"
"specialforces.co.uk","ethnic  group  ","located in"," the"
"ukgaynews.org.uk","is a  city  ","located in"," the comarca of"
"ukgaynews.org.uk","  development  ","located in"," the"
"ukgaynews.org.uk","is a  city  ","located in"," the comarca of"
"ukgaynews.org.uk","  apartments  ","located in"," the town of"
"healfarm.co.uk","  museum  ","located in"," Isambard"
"idontbite.co.uk","  development  ","located in"," the"
"idontbite.co.uk","  building  ","located in"," the inland"
"stephen-stratford.co.uk","  businesses  ","located in"," the UK ''s ''most"
"ukgaynews.org.uk","  hotels  ","located in"," the Town: -"
"precertnirvana.co.uk","and  managers  ","located in"," Bangalore."
"optimistsailing.org.uk","  apartments  ","located in"," the town of"
"optimistsailing.org.uk","  apartments  ","located in"," the town of"
"optimistsailing.org.uk","  apartments  ","located in"," the town of"
"optimistsailing.org.uk","  apartments  ","located in"," the town of"
"optimistsailing.org.uk","  apartments  ","located in"," the town of"
"yourguide.org.uk","law  firm  ","located in"," India. The"
"lees.co.uk","of our  clients  ","located in"," the centre of"
"rrcpc.org.uk","  company  ","located in"," London. The"
"makingtime.co.uk","  urbanisation  ","located in"," Gran Alacant,"
"cssc.co.uk","  organisation  ","located in"," East"
"fssaa-bowls.co.uk","  company  ","located in"," London. The"
"fruitmachineindex.co.uk","  tribes  ","located in"," the Sierra"
"hayesandjarvis.co.uk","to the  hotel  ","located in"," Bath and"
"bga.org.uk","new  promotion  ","located in"," LA ALFOQUIA,"
"bga.org.uk","new  promotion  ","located in"," LA ALFOQUIA,"
"bga.org.uk","new  promotion  ","located in"," LA ALFOQUIA,"
"bga.org.uk","  aparment  ","located in"," Vera Coast,"
"jardin-d-eden.co.uk","  resources  ","located in"," Chicago,"
"rrcpc.org.uk","is a  city  ","located in"," the comarca of"
"rrcpc.org.uk","is a  city  ","located in"," the comarca of"
"policememorial.org.uk","just 37  villas  ","located in"," the village of"
"policememorial.org.uk","just 37  villas  ","located in"," the village of"
"policememorial.org.uk","just 37  villas  ","located in"," the village of"
"policememorial.org.uk","just 37  villas  ","located in"," the village of"
"policememorial.org.uk","just 37  villas  ","located in"," the village of"
"icpug.org.uk","  development  ","located in"," the"
"yorkhill.scot.nhs.uk","  company  ","located in"," North Bristol"
"policememorial.org.uk","  shops  ","located in"," Church Gate."
"2womenshealth.co.uk","for a  Practice  ","located in"," Bristol. The"
"cx-gl.org.uk","class  hotel  ","located in"," a pristine"
"21stcentury.co.uk","  practice  ","located in"," Portsmouth"
"dhds.org.uk","media  group  ","located in"," London. The"
"dhds.org.uk","  company  ","located in"," London. The"
"frcc.co.uk","186,800  Euros  ","Located in"," Los Gallardos"
"bwtatennis.org.uk","massive  mills  ","located in"," Homestead."
"contracteye.co.uk","golf  course  ","located in"," Mojacar and a"
"familylawweek.co.uk","  artworks  ","located in"," all parts of"
"familylawweek.co.uk","  desk  ","located in"," Building 1"
"deafnessresearch.org.uk","  operation  ","located in"," Milford Haven"
"rethink-disability.org.uk","is a  republic  ","located in"," the Northwest"
"church.org.uk","sqm  apartment  ","located in"," the higher"
"willwriteforfood.co.uk","of modern  art  ","located in"," Buffalo, New"
"littlebluedog.co.uk","has 2 new  shops  ","located in"," Croydon"
"contracteye.co.uk","ethnic  group  ","located in"," the western"
"emra.gov.uk","  group  ","located in"," the Dallas -"
"fly.co.uk","  brands  ","located in"," Cambridge."
"uk-company-formation-director-secretary.ukincorp.co.uk","  development  ","located in"," the"
"uk-company-formation-director-secretary.ukincorp.co.uk","  building  ","located in"," the inland"
"slough.gov.uk","  building  ","located in"," the inland"
"slough.gov.uk","  building  ","located in"," the inland"
"slough.gov.uk","and 3  bedrooms  ","located in"," CAMPOAMOR All"
"slough.gov.uk","  maisonette  ","located in"," a quiet road at"
"studentacademicsupport.abertay.ac.uk","of  Bedouin  ","located in"," different"
"yorkhill.scot.nhs.uk","  projects  ","located in"," Nevada and"
"familylawweek.co.uk","on many  runs  ","located in"," the 5 main ski"
"gloucs.ac.uk","&a mile  city  ","located in"," southwest"
"littlebluedog.co.uk","  deposit  ","located in"," the Panfilo"
"yourguide.org.uk","for a  Practice  ","located in"," Bristol. The"
"specialforces.co.uk","for a  Practice  ","located in"," Bristol. The"
"goodbet.co.uk","the  majority  ","located in"," the fine and"
"test.nepsecure.co.uk","  group  ","located in"," London. The"
"abc-ukca.co.uk","  position  ","located in"," London ·"
"specialforces.co.uk","  businesses  ","located in"," Scotland, it"
"slough.gov.uk","  provider  ","located in"," Glasgow has an"
"slough.gov.uk","  provider  ","located in"," Glasgow has an"
"motoguzziclub.co.uk","post  offices  ","located in"," all major"
"fashionfinders.co.uk","  company  ","located in"," London. The"
"sessionsofyork.co.uk","ethnic  group  ","located in"," southwestern"
"huwlloyd-langton.co.uk","to  businesses  ","located in"," Derbyshire"
"anncookphotos.co.uk","  factory  ","located in"," Brislington"
"focalpoint.org.uk","  site  ","located in"," Fowey at"
"dine-online.co.uk","  holes  ","located in"," top left hand"
"dine-online.co.uk","  holes  ","located in"," top left hand"
"motheratwork.co.uk","for a  Practice  ","located in"," Bristol. The"
"stammering-stuttering.co.uk","  studio  ","located in"," Glasgow ''s"
"weddingforums.co.uk","Sales  team  ","located in"," Chancery Lane"
"healthcare.salford.ac.uk","  building  ","located in"," the inland"
"healthcare.salford.ac.uk","  building  ","located in"," the inland"
"students.ucs.ed.ac.uk","  development  ","located in"," the heart of"
"church.org.uk","new  Apartment  ","located in"," the village of"
"berkswich.org.uk","  practice  ","located in"," Portsmouth"
"killifish.f9.co.uk","  development  ","located in"," the"
"killifish.f9.co.uk","  development  ","located in"," the"
"killifish.f9.co.uk","  development  ","located in"," the"
"killifish.f9.co.uk","  development  ","located in"," the"
"surestop.co.uk","  business  ","located in"," Latin America"
"thedeco.co.uk","time  position  ","located in"," Berkshire."
"church.org.uk","  venue  ","located in"," the modern"
"efl.arts.gla.ac.uk","hunger  center  ","located in"," the"
"nrcp.co.uk","  townhouse  ","located in"," a sought after"
"nrcp.co.uk","  building  ","located in"," Guardamar del"
"nrcp.co.uk","  building  ","located in"," Guardamar del"
"nrcp.co.uk","  townhouses  ","located in"," the area known"
"nayo.org.uk","  Officers  ","located in"," the seven"
"slough.gov.uk","stone  cottage  ","located in"," the heart of"
"dine-online.co.uk","  Cowboys  ","located in"," Irving, Texas"
"services.ex.ac.uk","a steam  engine  ","located in"," the terminal"
"familylawweek.co.uk","''  button  ","located in"," the top left"
"familylawweek.co.uk","  cafés  ","located in"," 17th- and"
"orange.co.uk","  urbanization  ","located in"," a tranquil"
"orange.co.uk","  urbanization  ","located in"," a tranquil"
"orange.co.uk","  urbanization  ","located in"," a tranquil"
"glasgow.gov.uk","  villa  ","located in"," Los Carrascos"
"scentednarcissi.co.uk","  apartments  ","located in"," the town and"
"childrenssociety.org.uk","Services  firm  ","located in"," Docklands."
"orange.co.uk","  practice  ","located in"," Portsmouth"
"orange.co.uk","small  company  ","located in"," South Bristol"
"invo.org.uk","  centre  ","located in"," the Ministry"
"londonpropertywatch.co.uk","  position  ","located in"," Essex. For a"
"corearts.co.uk","8  carriages  ","located in"," the triangle"
"ngdp.co.uk","a  noticeboard  ","located in"," the main foyer"
"orange.co.uk","feature.  cols  ","located in"," GenRunData."
"kosmar.co.uk",", with  pitches  ","located in"," the centre of"
"sjo.org.uk","the car  park  ","located in"," Park Road,"
"jacksdale.org.uk","Île  d''Orléans  ","Located in"," the middle of"
"nortonmotors.co.uk","  business  ","located in"," Nashville"
"newtocycling.co.uk","  building  ","located in"," the centre of"
"flowcaritas.co.uk","  urbanisation  ","located in"," Algorfa. It is"
"flowcaritas.co.uk","  urbanisation  ","located in"," Algorfa. It is"
"flowcaritas.co.uk","  urbanisation  ","located in"," Algorfa. It is"
"flowcaritas.co.uk","  urbanisation  ","located in"," Algorfa. It is"
"flowcaritas.co.uk","  urbanisation  ","located in"," Algorfa. It is"
"flowcaritas.co.uk","  urbanisation  ","located in"," Algorfa. It is"
"grc.cf.ac.uk","  school  ","located in"," Sevastopol"
"orange.co.uk","Audio  company  ","located in"," Bath. The Role"
"lakesnw.co.uk","of  character  ","located in"," the centre of"
"thehenshouse.co.uk","of our  clients  ","located in"," the centre of"
"wasps.co.uk","  magazine  ","located in"," the seat-back"
"law.warwick.ac.uk","breakfast  inn  ","located in"," Sidney,"
"quality.stir.ac.uk","deposit  box  ","located in"," the reception"
"mossbros.co.uk","  locations  ","located in"," Chicago"
"drives.co.uk","  transducer  ","located in"," the cranial"
"drives.co.uk","  transducer  ","located in"," the left"
"go-betweens.org.uk","of its  staff  ","located in"," the nine"
"rigsville.org.uk","the  Schools  ","located in"," Queen ''s"
"ict.oxon-lea.gov.uk","  villa  ","located in"," the centre of"
"smileinvest.co.uk","Services  firm  ","located in"," Docklands."
"ccskills.org.uk","''  button  ","located in"," the top left"
"synergynewmedia.co.uk","  centres  ","located in"," one of the top"
"nautilus-consultants.co.uk","  optician  ","located in"," the Biko"
"emedia.brookes.ac.uk","  companies  ","located in"," America tend"
"emedia.brookes.ac.uk","  suppliers  ","located in"," America,"
"countrysideonline.co.uk","new  complex  ","located in"," the resort of"
"holmes.pwp.blueyonder.co.uk","  company  ","located in"," West Wales GG"
"seeitright.org.uk","For any  venues  ","located in"," the outlying"
"skillsactive.org.uk","  container  ","located in"," the City of"
"successmatrix.co.uk","  libraries  ","located in"," the"
"music-exchange.co.uk","in NHS  Trusts  ","located in"," and around"
"millhill.org.uk","the  Schools  ","located in"," Queen ''s"
"students.bugs.bham.ac.uk","for a  Practice  ","located in"," Bristol. The"
"tic.ac.uk","the  Schools  ","located in"," Queen ''s"
"british-cars.org.uk","the  Schools  ","located in"," Queen ''s"
"maudio.co.uk","the  Schools  ","located in"," Queen ''s"
"bedfordschool.org.uk","the  Schools  ","located in"," Queen ''s"
"bishops-stortford-college.herts.sch.uk","Centres  will  ","located in"," communities"
"millhill.org.uk","  institute  ","located in"," Dubai, United"
"sahfos.ac.uk","  practice  ","located in"," Bury St"
"fkbko.co.uk","tonearm  base  ","located in"," the base of the"
"ghost2ghosts.co.uk","on the  product  ","located in"," the "" View """
"glasgow.gov.uk","famous  hotel  ","located in"," the heart of"
"glasgow.gov.uk","  apartments  ","located in"," the heart of"
"groveroad.herts.sch.uk","  communities  ","located in"," business"
"abcfield.force9.co.uk","  Cowboys  ","located in"," Irving, Texas"
"nlbs.org.uk","  community  ","located in"," the Thames"
"nlbs.org.uk","  corporation  ","located in"," the region,"
"emids.uktradeinvest.gov.uk","star  hotel  ","located in"," the St."
"bishops-stortford-college.herts.sch.uk","  hotel  ","located in"," Paphos,"
"londonpropertywatch.co.uk","modern  hotel  ","located in"," the popular"
"skillsactive.org.uk","the  Schools  ","located in"," Queen ''s"
"top10news.co.uk","  chakra  ","located in"," the middle of"
"mspl.co.uk","  center  ","located in"," Palm Beach"
"dwt-exhibitions.co.uk","  banks  ","located in"," Bulgaria,"
"wspa.org.uk","barren  island  ","located in"," the mouth of"
"jogscotland.org.uk","  apartment  ","located in"," the heart of"
"golfplan.co.uk","to the  grove  ","located in"," Ndiel, and"
"golfplan.co.uk","in the  grove  ","located in"," Tiket. Hamlet"
"bcol.barclaycard.co.uk","  hotel  ","located in"," the heart of"
"bcol.barclaycard.co.uk","  hotel  ","located in"," the center of"
"ses.lincs.sch.uk","4 star  hotel  ","located in"," the centre of"
"ses.lincs.sch.uk","run  hotel  ","located in"," a typical"
"grc.cf.ac.uk","the  Schools  ","located in"," Queen ''s"
"uppinghamschool.co.uk","  provider  ","located in"," Glasgow has an"
"uppinghamschool.co.uk","  provider  ","located in"," Glasgow has an"
"wspa.org.uk","the  Schools  ","located in"," Queen ''s"
"durbin.co.uk","  institute  ","located in"," the British"
"ipswich.suffolk.sch.uk","and  students  ","located in"," Thornlea."
"wwwnotes2.leeds.ac.uk",". A  catalogue  ","located in"," the UK and with"
"tic.ac.uk","to a new  land  ","located in"," the middle of a"
"wspa.org.uk","Dakota  hotel  ","located in"," Nottingham, a"
"bedfordschool.org.uk","external  fuse  ","located in"," the IEC inlet."
"ufaw.org.uk","external  fuse  ","located in"," the IEC inlet."
"admat.org.uk","  hotel  ","located in"," the centre of"
"sportsunion.strath.ac.uk",", my  client  ","located in"," the centre of"
"scottishmotocross.co.uk","condo  rental  ","located in"," Kahuku, Oahu"
"creationvideo.co.uk","Cat  breeders  ","Located in"," the UK -"
"portsmouth-port.co.uk","This  hotel  ","located in"," the middle of"
"sfam.org.uk","have  servers  ","located in"," London near"
"invo.org.uk","  concerns  ","located in"," New York City"
"encountersontheedge.org.uk","  grounds  ","located in"," the centre of"
"education.manchester.ac.uk","  hospitality  ","located in",""
"seangabb.co.uk","an Allen  bolt  ","located in"," the base of the"
"bedfordschool.org.uk","  gem  ","located in"," 7.5 acres of"
"millhill.org.uk","training  ship  ","located in"," Sandon Half"
"simonwyndham.co.uk","  management  ","located in"," Scotland. The"
"artdes.mmu.ac.uk","town  house  ","located in"," Edinburgh ''s"
"bugatti.co.uk","  Apartments  ","located in"," the heart of"
"conscious.co.uk","stylish  hotel  ","located in"," the heart of"
"conscious.co.uk","  hotel  ","located in"," the"
"conscious.co.uk","stylish  hotel  ","located in"," the lively and"
"conscious.co.uk","  haven  ","located in"," a mature and"
"baesystems.co.uk","the  Schools  ","located in"," Queen ''s"
"s2c2.co.uk","  venue  ","located in"," the heart of"
"performancetyresdirect.co.uk","with one  slice  ","located in"," the centre of"
"ppa.nhs.uk","in  scars  ","located in"," anatomical"
"bedfordschool.org.uk","popular  hotel  ","located in"," a quieter"
"oundleschool.org.uk","  cottage  ","located in"," a quiet out of"
"nisranew.nisra.gov.uk","of  apartments  ","located in"," the popular"
"education.manchester.ac.uk","  lounges  ","located in"," Terminal 1 and"
"bedfordschool.org.uk","a  business  ","located in"," one EU member"
"millhill.org.uk","in  homes  ","located in"," these"
"bedfordschool.org.uk","  hotel  ","located in"," a prominent"
"avmsupport.org.uk","bedroom  hotel  ","located in"," Devonport,"
"christletonhigh.co.uk","the  Schools  ","located in"," Queen ''s"
"enjoy.co.uk","the  Schools  ","located in"," Queen ''s"
"artdes.mmu.ac.uk","the  Schools  ","located in"," Queen ''s"
"carrier-media.co.uk","organic  farm  ","located in"," the Berkshire"
"wolverhamptonps.co.uk","urban  living  ","located in"," the heart of"
"emedia.brookes.ac.uk","in NHS  Trusts  ","located in"," and around"
"grc.cf.ac.uk","  hotel  ","located in"," the"
"scottiknights.co.uk","water  tanks  ","located in"," the loft. All"
"enjoy.co.uk","  haven  ","located in"," the heart of"
"christletonhigh.co.uk","  outstation  ","located in"," Livonia"
"grc.cf.ac.uk",". All  theatres  ","located in"," the City were"
"bfinclusion.org.uk","  hotel  ","located in"," the West End of"
"bfinclusion.org.uk","3-star  hotel  ","located in"," the centre of"
"baesystems.co.uk","set of  objects  ","located in"," space, how can"
"londonrenting.co.uk","  hotel  ","located in"," the upmarket"
"londonrenting.co.uk","star  hotel  ","located in"," the heart of"
"cleansmartsupplies.co.uk","  servers  ","located in"," every counry"
"sahfos.ac.uk","theatre  group  ","located in"," West"
"happy-online.co.uk","  accounts  ","located in"," (? )Cyprus."
"dave.org.uk","  providers  ","located in"," Finland"
"gardenersclub.co.uk","is a new  hotel  ","located in"," the centre of"
"artdes.mmu.ac.uk","  hospitality  ","located in",""
"www2.halton.gov.uk","to a  computer  ","located in"," the United"
"pastperfect.org.uk","the  Schools  ","located in"," Queen ''s"
"mis.strath.ac.uk","country  house  ","located in"," the scenic"
"superbikesmanchester.co.uk","  village  ","located in"," the mountains"
"worldwidevolunteering.org.uk","set of  objects  ","located in"," space, how can"
"worldwidevolunteering.org.uk","set of  objects  ","located in"," space, how can"
"magic1054.co.uk","are four  MOLPs  ","located in"," South Shields"
"swinton.co.uk","  company  ","located in"," North Bristol"
"trialstar.co.uk","Rotary  clubs  ","located in"," 167 countries"
"decuisine.co.uk","for  premises  ","located in"," the Clear Zone"
"ruralways.org.uk","  company  ","located in"," Maidenhead,"
"ruralways.org.uk","  Firm  ","located in"," Central"
"medicinechest.co.uk","star  hotel  ","located in"," the heart of"
"theclancygroup.co.uk","sea  views  ","located in"," Ozone Terrace"
"dvdweb.co.uk","star  hotel  ","located in"," the heart of"
"mblab.gla.ac.uk","luxury  hotel  ","located in"," the heart of"
"calamander.co.uk","  purchases  ","located in"," the HOYS"
"ewan.co.uk","  hotel  ","located in"," the very heart"
"sportsunion.strath.ac.uk","on  wounds  ","located in"," difficult"
"weatherpictures.co.uk","  hotel  ","located in"," the upmarket"
"weatherpictures.co.uk","star  hotel  ","located in"," the heart of"
"www2.halton.gov.uk","set of  objects  ","located in"," space, how can"
"tueip.dircon.co.uk","PC  clusters  ","located in"," colleges,"
"interactiveknowhow.co.uk","  community  ","located in"," the heart of"
"interactiveknowhow.co.uk","  community  ","located in"," the heart of"
"grc.cf.ac.uk","  hotel  ","located in"," the upmarket"
"mercury-appliances.co.uk","  shops  ","located in"," high housing"
"equippingthechurch.co.uk","  company  ","located in"," North Bristol"
"victorian-novels.co.uk","  apartments  ","located in"," the heart of"
"victorian-novels.co.uk","2-star  hotel  ","located in"," the East of"
"narrowboats.apolloduck.co.uk","star  hotel  ","located in"," the heart of"
"peta.org.uk","tax  section  ","located in"," building 5 at"
"foundit4conferences.co.uk","a CAB  service  ","located in"," near by"
"thewire.co.uk","breeding  farm  ","located in"," Northeast/"
"het.org.uk","in  scars  ","located in"," anatomical"
"thewire.co.uk","  conversion  ","located in"," beautiful"
"courses.lsbu.ac.uk","by  schools  ","located in"," wards that are"
"countrysideonline.co.uk","  cottage  ","located in"," the heart of"
"dog-pictures.co.uk","healing  arts  ","located in"," Maryland, USA"
"ketteringbathrooms.co.uk","  road  ","located in"," the heart of"
"chela.co.uk","but busy  team  ","located in"," the"
"pastperfect.org.uk","  Consultant  ","located in"," St. Louis,"
"changeworks.org.uk","arts  spaces  ","located in"," a converted"
"equippingthechurch.co.uk","  building  ","located in"," the city"
"wenco.co.uk","  Property  ","located in"," one of the"
"ruralways.org.uk","third  picture  ","located in"," a picturesque"
"tmfsolutions.co.uk","  building  ","located in"," the heart of"
"psychics.co.uk","guest  house  ","located in"," the heart of"
"psychics.co.uk","4 stars  hotel  ","located in"," the centre of"
"pastperfect.org.uk","  style  ","located in"," a cul-de-sac"
"iloveyoursmile.co.uk","  complex  ","located in"," Tickford"
"knowledgeinteractive.co.uk"," ","located in"," the south of"
"info.lboro.ac.uk","2 star  hotel  ","located in"," the beautiful"
"q-rs.co.uk","  property  ","located in"," the centre of"
"histru.bournemouth.ac.uk","  cottage  ","located in"," the heart of"
"draughtsman.co.uk","  sensation  ","located in"," a specific"
"holiday-lakeland.co.uk","tax  section  ","located in"," building 5 at"
"ltsi.co.uk","tax  section  ","located in"," building 5 at"
"ltu.co.uk","tax  section  ","located in"," building 5 at"
"ltsi.co.uk","  community  ","located in"," the heart of"
"marketinglaw.co.uk","  community  ","located in"," rural"
"3form.co.uk","  Technohaze  ","located in"," the middle of"
"hawog.org.uk","major  city  ","located in"," the most"
"pastperfect.org.uk","  venue  ","located in"," the Theatre"
"countrysideonline.co.uk","guest  house  ","located in"," the heart of"
"countrysideonline.co.uk","4 stars  hotel  ","located in"," the centre of"
"e-n.org.uk","Bay  cottage  ","located in"," the ski resort"
"ltu.co.uk","federal  court  ","located in"," King County,"
"2wheeltreks.co.uk","coaching  inn  ","located in"," a quiet"
"racecar.co.uk","coaching  inn  ","located in"," a quiet"
"chela.co.uk","  actors  ","located in"," particular"
"equippingthechurch.co.uk","  apartments  ","located in"," the heart of"
"narrowboats.apolloduck.co.uk","  venue  ","located in"," the theatre"
"tueip.dircon.co.uk","  spaces  ","located in"," Moor Street"
"equippingthechurch.co.uk","  station  ","located in"," the gap"
"stjerome.co.uk","country  club  ","located in"," the lush"
"eastbournedownspct.nhs.uk","  office  ","located in"," the square"
"fenc.org.uk","family  home  ","located in"," Scarborough,"
"keswick-alhambra.co.uk","boar  signs  ","located in"," southern"
"test.org.uk","access to  jobs  ","located in"," the nearby"
"test.org.uk"," ","located in"," the area. This"
"cartoplus.co.uk","  fixtures  ","located in"," each of the"
"tic.ac.uk","''s Head  hotel  ","located in"," the market"
"tic.ac.uk","by  schools  ","located in"," wards which"
"comenius.soton.ac.uk",") dairy  farms  ","located in"," Israel ''s"
"thejournalcultureclub.co.uk","  hotel  ","located in"," the upmarket"
"thejournalcultureclub.co.uk","star  hotel  ","located in"," the heart of"
"album.sofeminine.co.uk","  hotel  ","located in"," the upmarket"
"album.sofeminine.co.uk","star  hotel  ","located in"," the heart of"
"futuremedia.co.uk","of  industries  ","located in"," the Bullring"
"savethechildren.org.uk","of three  lochs  ","located in"," the Great Glen"
"e-n.org.uk","  church  ","located in"," the Page Moss"
"pastperfect.org.uk","16 EUR/  person  ","located in"," the heart of"
"hotels-in-england.co.uk","after  village  ","located in"," South"
"cartoplus.co.uk","on  wounds  ","located in"," difficult"
"avolites.org.uk","  cottage  ","located in"," the heart of"
"ph.rhul.ac.uk","star  hotel  ","located in"," the heart of"
"kimfarnell.co.uk"," ","located in"," the Midlands"
"fire.org.uk"," ","located in"," the kitchen"
"fire.org.uk"," ","located in"," the kitchen"
"badger.org.uk",",  premium  ","Located in"," the pretty"
"wenco.co.uk","''s  office  ","located in"," Somerset"
"xcomm.co.uk","centre  hotel  ","located in"," traditional"
"isbe.man.ac.uk","  boards  ","located in"," the foyer and"
"funk.co.uk","is a  JobCentre  ","located in"," Lancaster at"
"pem.cam.ac.uk","  centre  ","located in"," Deptford. In"
"mitchellsinns.co.uk","  church  ","located in"," Mundon, Essex"
"grasssickness.org.uk","the  offices  ","located in"," the CBD were"
"dog-pictures.co.uk","  hotel  ","located in"," the centre of"
"sdhct.nhs.uk","budget  hotel  ","located in"," the heart of"
"clu.org.uk","  church  ","located in"," that area. He"
"jcn.co.uk","  technology  ","located in"," close"
"agcc.co.uk","local  service  ","located in"," places where"
"cca.rca.ac.uk","  office  ","located in"," the square"
"revision-notes.co.uk","  populations  ","located in"," latin America"
"funk.co.uk","  text  ","located in"," the notes"
"bayfordthrust.co.uk","car  makers  ","located in"," Hillfields."
"avolites.org.uk","  Apartments  ","located in"," the center of"
"avolites.org.uk",", charming  B&B  ","located in"," the center of"
"haveyoursay.org.uk","  facility  ","located in"," Furness Foyer"
"alumni.swansea.ac.uk"," ","located in"," Hillfields as"
"mcserver.gold.ac.uk","  companies  ","located in"," America ''s"
"au.ex.ac.uk","and  marketing  ","located in"," both the USA"
"jcn.co.uk","1930 ''s  cinema  ","located in"," the heart of"
"phis.org.uk","  facility  ","located in"," Cincinnati,"
"kingfisher.co.uk","excellent  pub  ","located in"," Benfleet,"
"kingfisher.co.uk","English  pub  ","located in"," Canewdon in"
"dertour.co.uk","  theories  ","located in"," discourses"
"equippingthechurch.co.uk","other  centres  ","located in"," and around the"
"intex.co.uk","  company  ","located in"," Maidenhead,"
"ttrecruit.co.uk","large  village  ","located in"," the Otter"
"headington.org.uk","  contractor  ","located in"," Lewisham."
"covlaw.org.uk","  companies  ","located in"," more?"
"dandad.co.uk","  distributors  ","located in"," the Province"
"dandad.co.uk","  distributors  ","located in"," the Province"
"jcn.co.uk","  vaults  ","located in"," competent"
"huss.ex.ac.uk","1.5-mile  oval  ","located in"," Motegi, Japan"
"headington.org.uk","  company  ","located in"," Boston,"
"striporama.co.uk","  apartments  ","located in"," the centre of"
"parish-wildlife.org.uk","- -  furnaces  ","located in"," wilderness"
"skillsactive.org.uk","''s  Hospital  ","located in"," Randwick"
"suffolkwildlife.co.uk","hedge  funds  ","located in"," London"
"wenco.co.uk","2000,  traders  ","located in"," the UK have"
"headington.org.uk","to  businesses  ","located in"," US. This was"
"instantmuscle.org.uk","sociable  hall  ","located in"," the heart of"
"suffolkwildlife.co.uk","  machine  ","located in"," engine room &"
"dartingtontech.co.uk","any  telephone  ","located in"," a public place"
"swanseapolitics.org.uk","  booths  ","located in"," the main"
"networks.nhs.uk","  facilities  ","located in"," close"
"netdepot.co.uk","  buffet  ","located in"," the trunk, and"
"suffolkwildlife.co.uk","  organisation  ","located in"," the state of"
"headington.org.uk","foreign  banks  ","located in"," London in"
"puzzling.caret.cam.ac.uk","quality  villa  ","located in"," a new"
"countryconnect.co.uk","a toy  store  ","located in"," Brooklyn, New"
"royal-windsor-horse-show.co.uk","  developments  ","located in"," the"
"blairhorsetrials.co.uk","  properties  ","located in"," a sheltered"
"bathspasu.co.uk","  machine  ","located in"," engine room &"
"traidcraftinteractive.org.uk","login? ?  link  ","located in"," the members"
"dpr.co.uk","  service  ","located in"," Streatham for"
"visitcoventry.co.uk","the use of  AEDs  ","located in"," universities"
"guidestar.org.uk","  property  ","located in"," a"
"derbyshirebiodiversity.org.uk","  positions  ","located in"," the gaps"
"1stfortoys.co.uk","old  farmhouse  ","located in"," a little"
"cowo.culham.ac.uk","  differential  ","located in"," the centre."
"christletonhigh.co.uk","  machine  ","located in"," engine room &"
"multiverse.ac.uk","to 10  booths  ","located in"," the main"
"westmidlandsrock.co.uk","  salerooms  ","located in"," New York and"
"visitcoventry.co.uk","  service  ","located in"," Streatham for"
"swslim.org.uk","soil, in a  bed  ","located in"," a sunny, or"
"fairbridge.org.uk","  claims  ","Located in"," London,"
"childsupportanalysis.co.uk","  Districts  ","located in"," the Coleraine"
"jesuit.org.uk","  details  ","Located in"," the popular"
"lancashirecare.nhs.uk","  glands  ","located in"," the neck"
"guerba.co.uk","have  offices  ","located in"," China, where"
"graphics.ed.ac.uk","  theories  ","located in"," discourses"
"spikeisland.org.uk","white  houses  ","located in"," the"
"tonystrading.co.uk","  mainstream  ","located in"," beautiful"
"crisis-forum.org.uk","Control  room  ","located in"," the aptly"
"headington.org.uk","second  farm  ","located in"," the Snowy"
"sobe.exeter.ac.uk","  truck  ","located in"," Area #3,"
"swslim.org.uk","terrace  house  ","located in"," a ''no through"
"jcn.co.uk","20  branches  ","located in"," Boston,"
"childsupportanalysis.co.uk","  concerns  ","located in"," the older"
"happy-online.co.uk","20  branches  ","located in"," Boston,"
"opportunity.org.uk","20  branches  ","located in"," Boston,"
"opportunity.org.uk","20  branches  ","located in"," Boston,"
"amandahowardassociates.co.uk","  evaporator  ","located in"," the boot. It"
"methuen.co.uk","  floorspace  ","located in"," the Harlequin"
"headington.org.uk","GP  principals  ","located in"," the West"
"jcn.co.uk","UK.  Centres  ","located in"," both Bradford"
"camda.org.uk","  courts  ","located in"," the above"
"graphics.ed.ac.uk","  property  ","located in"," England and in"
"amin.filmlondon.org.uk","  village  ","located in"," the historic"
"amin.filmlondon.org.uk","  centres  ","located in"," Havant and"
"queens.cheshire.sch.uk","  screens  ","located in"," the various"
"queens.cheshire.sch.uk","  townhouse  ","located in"," the heart of"
"seawatchfoundation.org.uk","  centre  ","located in"," the heart of"
"networks.nhs.uk","more  photos  ","Located in"," Stockton, New"
"networks.nhs.uk","  information  ","Located in"," Reno Nevada DJ"
"citrec.co.uk","  shipwrecks  ","located in"," the waters of"
"guidestar.org.uk","of  shipwrecks  ","located in"," the coastal"
"clearzones.org.uk","725619 (  Car  ","located in"," Kent) updated"
"northernstage.co.uk","  courts  ","located in"," the above"
"jcn.co.uk",", 2nd  floor  ","located in"," a converted"
"ukpol.co.uk","  courts  ","located in"," the above"
"avolites.org.uk","  hospital  ","located in"," the south west"
"peterwestern.f9.co.uk","  company  ","located in"," the Scottish"
"hinckley-bosworth.gov.uk","  centre  ","located in"," the heart of"
"appg.org.uk","of  English  ","located in"," peaceful"
"nowcast.co.uk","Options ''  link  ","located in"," the search"
"jesuit.org.uk","Fantastic  B&B  ","located in"," the foothills"
"netfreestuff.co.uk","  house  ","located in"," this"
"kestercunninghamjohn.co.uk","  apartment  ","located in"," this Georgian"
"nlg.nhs.uk","  apartment  ","located in"," this sought"
"visitcoventry.co.uk","  cabinets  ","located in"," Grade B rooms."
"info.lboro.ac.uk","  courts  ","located in"," the above"
"hcvs.org.uk","the 700  shops  ","located in"," the old city on"
"amandahowardassociates.co.uk","at the  tic  ","located in"," Birmingham ''s"
"cambridgescouts.org.uk","  businesses  ","located in"," Birmingham &"
"incense-man.co.uk","  facility  ","located in"," Maisach,"
"hotels-in-england.co.uk","  maisonette  ","located in"," this well"
"jcn.co.uk","video  files  ","located in"," distant video"
"ukpol.co.uk","  maisonette  ","located in"," a"
"electronicspecifier.co.uk","  attraction  ","located in"," Wisborough"
"businesslinktw.co.uk","a small  block  ","located in"," the popular"
"cambseastguides.org.uk","  institution  ","located in"," "" downtown """
"cambseastguides.org.uk","  resort  ","located in"," Frigate Bay on"
"multiverse.ac.uk","  supplier  ","located in"," Dallas, Texas"
"headington.org.uk","600  employees  ","located in"," Hamburg,"
"bigmen.co.uk","  cells  ","located in"," the cerebral"
"jcn.co.uk","  company  ","located in"," the West"
"ncrm.ac.uk","be these  lots  ","located in"," front of each"
"jcn.co.uk","built  block  ","located in"," one of the most"
"jcn.co.uk"," ","located in"," 23 offices"
"avolites.org.uk","style  house  ","located in"," the ever"
"avolites.org.uk","  house  ","located in"," the heart of"
"avolites.org.uk","  house  ","located in"," the heart of"
"jesuit.org.uk","  house  ","located in"," one of"
"dnv.co.uk","bedroom  house  ","located in"," the poular"
"latis.exeter.ac.uk","and  light  ","located in"," close"
"village.vossnet.co.uk","  maisonette  ","located in"," this popular"
"ncrm.ac.uk","and  breakfast  ","located in"," Ballymoney,"
"ncrm.ac.uk","  accomodation  ","located in"," Southampton"
"childsupportanalysis.co.uk","  facility  ","located in"," Bath. ..."
"marketinglaw.co.uk","  needs  ","located in"," Harlesden"
"whitereview.co.uk","to the  museum  ","located in"," Independence"
"learnenglish.org.uk","  garage  ","located in"," North Barnes"
"learnenglish.org.uk","  garden  ","located in"," North Barnes"
"hotels-in-england.co.uk","mews  house  ","located in"," the heart of"
"jcn.co.uk","1930 ''s  block  ","located in"," the stretch of"
"newsoft-solutions.co.uk","terrace  house  ","located in"," a cul-de-sac,"
"newsoft-solutions.co.uk","terrace  house  ","located in"," a cul de sac"
"newsoft-solutions.co.uk","family  home  ","located in"," a cul-de-sac"
"warwick-uk.co.uk","  circuit  ","located in"," a valley - very"
"zipper.co.uk","  Farmhouse  ","located in"," the"
"ukpol.co.uk","and  offices  ","located in"," the West"
"ex.ac.uk","  centre  ","located in"," Manchester ("
"dubaisands.co.uk","  programmers  ","located in"," individual"
"fetishlink.co.uk","licensed  bar  ","located in"," the beach"
"oceanvillageholidays.co.uk","town  house  ","located in"," a popular"
"hotelnet.co.uk","  office  ","located in"," the St. George"
"happy-online.co.uk","roof  terraces  ","located in"," this period"
"russialink.org.uk","  apartment  ","located in"," the heart of"
"chelmsford.gov.uk","four  circuses  ","located in"," Germany and in"
"lucy.ukc.ac.uk",", rocky  island  ","located in"," the middle of"
"russialink.org.uk","bedroom  house  ","located in"," a quiet"
"russialink.org.uk","  property  ","located in"," a popular"
"kopnet.co.uk","  suite  ","located in"," the ever..."
"ukpol.co.uk","of  computers  ","located in"," all parts of"
"uad.ac.uk","  house  ","located in"," a residential"
"uad.ac.uk","a major  firm  ","located in"," the area. One"
"warwick-uk.co.uk",". The  document  ","located in"," response to"
"web13.co.uk",". Pay  stations  ","located in"," the terminal"
"usedmusic.co.uk","  students  ","located in"," the Faculty of"
"kissthewitch.co.uk","  church  ","located in"," Troy, MI. USA."
"kissthewitch.co.uk","a local  church  ","located in"," Markham,"
"kissthewitch.co.uk","  Church  ","located in"," the Gladstone"
"kissthewitch.co.uk","  church  ","located in"," Sauquoit, NY ("
"kissthewitch.co.uk","web  site  ","located in"," Fort Worth,"
"swslim.org.uk","  church  ","located in"," Sauquoit, NY ("
"foxearth.org.uk","four  estates  ","located in"," the"
"siam.co.uk",", rocky  island  ","located in"," the middle of"
"chelmsford.gov.uk","theme  teams  ","located in"," relevant"
"info.lboro.ac.uk","  box  ","located in"," the lower part"
"warwick-uk.co.uk","  facility  ","located in"," the"
"easyinkz.co.uk","due to an  AVM  ","located in"," my Cerebellum"
"fineimages.co.uk","theme  teams  ","located in"," relevant"
"school-resources.co.uk","  apartment  ","located in"," a popular"
"withyking.co.uk","bedroom  house  ","located in"," wiltshire"
"marchmont.ac.uk","the golf  shop  ","located in"," the Pavilion"
"chelmsford.gov.uk","  condos  ","located in"," the south seas"
"siam.co.uk","a neutral  line  ","located in"," the centre of"
"chs.med.ed.ac.uk","group  members  ","located in"," the foyer with"
"alakazam.co.uk","of three  lochs  ","located in"," the Great Glen"
"uad.ac.uk","No »Is  content  ","located in"," sections you"
"cambridge-camra.org.uk","  country  ","located in"," West Africa"
"cambridge-camra.org.uk","French  troops  ","located in"," neighbouring"
"sport.ex.ac.uk","  church  ","located in"," Sauquoit, NY ("
"homework121.co.uk","  conversion  ","located in"," one of Putney"
"thegayzone.co.uk","  society  ","located in"," the heart of"
"mtmhols.co.uk","  maisonette  ","located in"," this popular"
"yeovalleyorganic.co.uk",", family  home  ","located in"," a"
"info.lboro.ac.uk","  apartment  ","located in"," the heart of"
"foxearth.org.uk","""  Matches  ","located in"," Birmingham or"
"odyssey.dircon.co.uk","pay  stations  ","located in"," the vicinity"
"vre.his.uea.ac.uk","  properties  ","located in"," prime"
"youtharts.org.uk","  apartment  ","located in"," this modern"
"vintageaircraftclub.org.uk","bedroom  house  ","located in"," sought after"
"sgpe.ac.uk","bedroom  house  ","located in"," beckton. the"
"econ.surrey.ac.uk","to  businesses  ","located in"," the programme"
"divamag.co.uk","star  hotel  ","Located in"," the heart of"
"londonstockexchange.co.uk","of former  USSR  ","located in"," Riga, Latvia."
"withyking.co.uk","  church  ","located in"," Sauquoit, NY ("
"airtransat.co.uk","  apartment  ","located in"," the heart of"
"lmaa.org.uk","with 24  rooms  ","located in"," the centre of"
"info.lboro.ac.uk","Travel  agency  ","located in"," Budapest and"
"madisontravel.co.uk","terrace  house  ","located in"," the heart of"
"madisontravel.co.uk","  house  ","located in"," the heart of"
"supplysomethingnew.co.uk","two star  hotel  ","located in",""
"learnenglish.org.uk","  park  ","located in"," the heart of"
"vet.gla.ac.uk","fired  heater  ","located in"," engine room"
"info.lboro.ac.uk","for this  page  ","located in"," your"
"info.lboro.ac.uk","College  site  ","located in"," Greenwich,"
"restormel.gov.uk","fax  machine  ","located in"," reception."
"tanfa.co.uk",". The  document  ","located in"," response to"
"aop.org.uk","  church  ","located in"," Sauquoit, NY ("
"malvern.co.uk","  apartment  ","located in"," a beautiful"
"nscretinopathy.org.uk","  shop  ","located in"," Woburn MA,"
"thegayzone.co.uk","  group  ","located in"," and around an"
"isrm.co.uk","  business  ","located in"," eastern"
"baileyshorsefeeds.co.uk","Call ""  table  ","located in"," front of the"
"gaynatter.co.uk","Handling  desk  ","located in"," zone L Gatwick"
"vet.gla.ac.uk","a few  rooms  ","located in"," the main hotel"
"wwwparent.qub.ac.uk","of  property  ","located in"," Spain is"
"wwwparent.qub.ac.uk","of  assets  ","located in"," Spain."
"culturalpolicy.arts.gla.ac.uk","team  members  ","located in"," the rear foyer"
"culturalpolicy.arts.gla.ac.uk","two  members  ","located in"," the rear foyer"
"ptarmigan-treks.co.uk","bedroom  house  ","located in"," this much"
"malcolmmiddleton.co.uk","web  site  ","located in"," Fort Worth,"
"ski-chalet-holidays-skiing-resorts.co.uk","high  density  ","located in"," the"
"ukpol.co.uk",". With  offices  ","located in"," Cambridge and"
"chelmsford.gov.uk","  apartment  ","located in"," this pleasant"
"chelmsford.gov.uk","  cottage  ","located in"," this pleasant"
"milton-keynes.gov.uk","townhouse  B&B  ","located in"," Westport,"
"milton-keynes.gov.uk"," ","located in"," the heart of"
"easington.gov.uk","  boxes  ","located in"," the church"
"fitproject.co.uk","six  colleges  ","located in"," Berkshire and"
"ukpol.co.uk","3star  hotel  ","located in"," the centre of"
"ukpol.co.uk","star  hotel  ","Located in"," the heart of"
"happy-online.co.uk","in a  church  ","located in"," Colorado, USA"
"dcn.ed.ac.uk","the  divisions  ","located in"," Sandwich, for"
"mtmhols.co.uk","to  equipment  ","located in"," the Science"
"gremlins.reviewer.co.uk","or  goodwill  ","located in"," that country"
"lfcgrimsby.co.uk","  park  ","located in"," the heart of"
"learnenglish.org.uk","bedroom  house  ","located in"," this quiet"
"friendsanimalrescue.org.uk","  categories  ","located in"," the top menu"
"cspcongress.co.uk","  cottage  ","located in"," a most sought"
"punk77.co.uk","air  scoop  ","located in"," the middle of"
"eevl.ac.uk","  practice  ","located in"," the outskirts"
"eevl.ac.uk","  machines  ","located in"," our ticket"
"industryforum.co.uk","small  slideis  ","located in"," the large"
"geh.nhs.uk","  organisation  ","located in"," the borough,"
"hip.hotels-london.co.uk","  streets  ","located in"," the old town."
"newaudiences.org.uk","  restaurants  ","located in"," the city"
"wisescheme.org.uk","4 star  hotel  ","located in"," the heart of"
"growinggrub.co.uk",".  Practice  ","located in"," a newly built"
"cres.lancs.ac.uk","  property  ","located in"," with easy"
"pinkproducts.co.uk","Jeep  club  ","located in"," North Georgia"
"onlineclarity.co.uk","''  button  ","located in"," the left hand"
"onlineclarity.co.uk","''  button  ","located in"," the left hand"
"onlineclarity.co.uk","''  button  ","located in"," the left hand"
"deanforestrailway.co.uk","1,400  lawyers  ","located in"," six European"
"alcatel.co.uk","  apartment  ","located in"," a gated"
"swaledaleoutdoorclub.org.uk","work  unit  ","located in"," a new build"
"itrs.co.uk","  workshop  ","located in"," its"
"swaledaleoutdoorclub.org.uk","  property  ","located in"," the heart of"
"onlineclarity.co.uk","elegant  hotel  ","located in"," the heart of"
"robert-frederick.co.uk","  resort  ","located in"," the south is a"
"penzance.co.uk","  offices  ","located in"," Birmingham,"
"wisescheme.org.uk","small  company  ","located in"," Reykjavik. We"
"britishdrama.org.uk","  practice  ","located in"," South Glasgow"
"mabels.org.uk","  bedrooms  ","located in"," the heart of"
"mabels.org.uk","  apartment  ","located in"," the heart of"
"newaudiences.org.uk","in the  chute  ","located in"," the area of the"
"gamegarage.co.uk","  apartment  ","located in"," the heart of"
"hamble.demon.co.uk","  team  ","located in"," our Edinburgh"
"cambarts.co.uk","  apartment  ","located in"," a"
"cambarts.co.uk","  maisonette  ","located in"," Isleworth."
"westendfestival.co.uk","  companies  ","located in"," Canada, the US"
"cathyburton.co.uk","  description  ","Located in"," a small town on"
"westendfestival.co.uk","bedroom  house  ","located in"," this central"
"christianbookshops.org.uk","  house  ","located in"," a quiet"
"entex.co.uk","  premises  ","located in"," the heart of"
"newaudiences.org.uk","all  visitors  ","located in"," a scenic,"
"britishdrama.org.uk","  park  ","located in"," the heart of"
"marktodd.org.uk","  hotel  ","located in"," the historic"
"christianbookshops.org.uk","in  companies  ","located in"," Europe and the"
"albumvote.co.uk","  specialist  ","located in"," Slough,"
"caravancampingsites.co.uk","  outlet  ","located in"," California,"
"superbike.co.uk","  body  ","located in"," Switzerland."
"cambridgejobsdatabase.co.uk","and  staff  ","located in"," remote, or"
"mabels.org.uk","  inspection  ","Located in"," the tiny"
"inverness-courier.co.uk","  maisonette  ","located in"," a popular"
"surreywebsight.org.uk",". The  rooms  ","located in"," the main hotel"
"esru.strath.ac.uk","  townhouse  ","located in"," South"
"esru.strath.ac.uk","dining  room  ","located in"," South"
"esru.strath.ac.uk","terrace  house  ","located in"," the popular"
"salthousehistory.co.uk","a short  period  ","located in"," Union Street,"
"cancerschool.gla.ac.uk","4 star  hotel  ","located in"," Westminster,"
"cancerschool.gla.ac.uk","4 star  hotel  ","located in"," London ''s"
"cancerschool.gla.ac.uk","4 star  hotels  ","located in"," London ''s"
"robert-frederick.co.uk","class  hotel  ","located in"," the business"
"punk77.co.uk","RART  offices  ","located in"," the North West"
"unison-scotland.org.uk","for  equipment  ","located in"," inaccessible"
"eevl.ac.uk","  cameras  ","located in"," healthcare"
"fulcrum-management.co.uk","from a web  site  ","located in"," another"
"cambarts.co.uk","  headquarters  ","located in"," Middlebury,"
"abpischools.org.uk","  switches  ","located in"," the rear of the"
"bikerlifestyle.co.uk","family  home  ","located in"," this ever"
"lupusuk.org.uk","  house  ","located in"," Hong Kong."
"onlineclarity.co.uk","  dealerships  ","located in"," Newbury,"
"onlineclarity.co.uk","  franchises  ","located in"," Bristol and"
"imedia.brookes.ac.uk","  office  ","located in"," France with"
"punk77.co.uk","  house  ","located in"," close"
"marktodd.org.uk","  balcony  ","located in"," the heart of"
"christianbookshops.org.uk","bedroom  house  ","located in"," this sought"
"deathboy.co.uk","senior  club  ","located in"," what can only"
"gardenitems.co.uk","demo.  School  ","located in"," Cupertino and"
"www2.rcn.org.uk","  property  ","located in"," a popular road"
"cambarts.co.uk","and  staff  ","located in"," remote, often"
"cambarts.co.uk","120  branches  ","located in"," towns"
"tttrain.co.uk","  mews-house  ","located in"," this very"
"tttrain.co.uk","  mews-house  ","located in"," this very"
"languagecoursesuk.co.uk","  facility  ","located in"," Atlas"
"open.mis.surrey.ac.uk","terrace  house  ","located in"," the heart of"
"esru.strath.ac.uk","style  house  ","located in"," this quiet"
"teddyboysreunited.co.uk","  hospitality  ","located in"," Eccleston"
"cambarts.co.uk","  structure  ","located in"," the"
"cambarts.co.uk","full of  charm  ","located in"," a very elegant"
"londonofficejobs.co.uk","  property  ","located in"," this"
"essential.tbs.uce.ac.uk","  property  ","located in"," this quiet"
"reprieve.org.uk","the same  name  ","located in"," Skirving"
"rxwildlife.org.uk","  property  ","located in"," this popular"
"punk77.co.uk","  facilities  ","located in"," a car park that"
"fusionhealth.co.uk","  townhouse  ","located in"," a"
"fusionhealth.co.uk","  townhouse  ","located in"," a"
"uksuperweb.co.uk","  company  ","located in"," Lancashire -"
"alcatel.co.uk","military  base  ","located in"," Rio Grande Do"
"rxwildlife.org.uk","  maisonette  ","located in"," a prime"
"alcatel.co.uk","Music  Studios  ","located in"," Londons '' West"
"maths.manchester.ac.uk","  property  ","located in"," Bromley North"
"maths.manchester.ac.uk","  house  ","located in"," Bromley North"
"thevistaforum.co.uk","  conversion  ","located in"," the heart of"
"punk77.co.uk","  students  ","Located in"," the heart of"
"subterra.co.uk","  students  ","Located in"," the heart of"
"beenthere-donethat.org.uk","town  house  ","located in"," the heart of"
"itarchitect.co.uk","  maisonette  ","located in"," the heart of"
"alcohol-drugs.co.uk","of  sculpture  ","located in"," the crypt by"
"smb.org.uk","  operatives  ","located in"," all parts of"
"blueleicester.co.uk","  appartment  ","located in"," the heart of"
"esru.strath.ac.uk","  product  ","located in"," the social"
"greatbridge.co.uk","art (e.  g.  ","located in"," the UK Patent"
"lgt.org.uk","  property  ","located in"," a popular"
"taketimeout.co.uk","demo.  School  ","located in"," Cupertino and"
"cds-studio.co.uk","demo.  School  ","located in"," Cupertino and"
"cambarts.co.uk",",  steel  ","located in"," particular"
"kcstadium.co.uk","  Societies  ","located in"," the UK and of"
"rossendale-bikeshow.co.uk","in each  room  ","located in"," the much"
"stebbes.org.uk","family  house  ","located in"," one of the most"
"hitched.co.uk","  students  ","Located in"," the heart of"
"alias.ltd.uk","demo.  School  ","located in"," Cupertino and"
"motorbike-news.co.uk","of  elegance  ","located in"," the heart of"
"devstud.org.uk","  building  ","located in"," nice location"
"forum.sofeminine.co.uk","  sculpture  ","located in"," the wall"
"astute-mortgages.co.uk","the  features  ","located in"," Int.7. This"
"devstud.org.uk","''s built  house  ","located in"," the"
"devstud.org.uk","''s built  house  ","located in"," this popular"
"devstud.org.uk","  property  ","located in"," this"
"devstud.org.uk","bedroom  house  ","located in"," this modern"
"bikegirl.co.uk","the  bookshop  ","located in"," Chancery Lane"
"geitf.co.uk","of  apartments  ","located in"," Norbury a"
"geitf.co.uk","of  apartments  ","located in"," Norbury a"
"geitf.co.uk","of  apartments  ","located in"," Norbury a"
"geitf.co.uk","of  apartments  ","located in"," Norbury a"
"hitched.co.uk","point  service  ","located in"," the main part"
"beenthere-donethat.org.uk","and Feel  tab  ","located in"," the"
"konicaminolta.co.uk","  students  ","Located in"," the heart of"
"bikegirl.co.uk","  generators  ","located in"," remote parts"
"m-u-f-c.co.uk","  students  ","Located in"," the heart of"
"plymouthmcc.org.uk","  conversion  ","located in"," one of South"
"www2.rcn.org.uk","  attractions  ","located in"," the area"
"www2.rcn.org.uk","  initiative  ","located in"," Newtown,"
"weathernet.co.uk","  house  ","located in"," a small,"
"mth.kcl.ac.uk","  house  ","located in"," a desirable"
"wdh.co.uk","  Cooperatives  ","located in"," the North and"
"indianriders.co.uk","  agencies  ","located in"," Australia."
"franchise4all.co.uk","  hardware  ","located in"," the GeForce3"
"motorbike-news.co.uk","  maisonette  ","located in"," a quiet road in"
"peterborough-diocese.org.uk","  property  ","located in"," this"
"livingclean.co.uk","of  interests  ","located in"," the IAA. This"
"ictchoice.org.uk","  signal  ","located in"," the"
"ictchoice.org.uk","? NG  sequence  ","located in"," the middle of"
"albumvote.co.uk","town  house  ","located in"," the heart of"
"history.arts.gla.ac.uk","bedroom  house  ","located in"," a quiet"
"btcb.org.uk","  house  ","located in"," this quiet and"
"taketimeout.co.uk","  property  ","located in"," the highly"
"cambarts.co.uk","  hospitality  ","located in"," Eccleston"
"ccp.uea.ac.uk","is also a  room  ","located in"," the College."
"click2quit.co.uk","  companies  ","located in"," the area. The"
"stgeorgesgravesend.org.uk","of  Excellence  ","located in"," Bangor,"
"albumvote.co.uk","of  elegance  ","located in"," the heart of"
"c-p.org.uk","shower  room  ","located in"," the... More"
"youclaim.co.uk","  bungalow  ","located in"," the heart of"
"youclaim.co.uk","bedroom  home  ","located in"," West Dulwich."
"bikegirl.co.uk","class  hotel  ","located in"," the heart of"
"cids.co.uk","  house  ","located in"," this favoured"
"gmcpressoffice.org.uk","  maisonette  ","located in"," close"
"thealegreen.org.uk","  apartment  ","located in"," the ''Groves ''"
"thetext.co.uk","  building  ","located in"," the heart of"
"www2.bitc.org.uk","Dean ''  house  ","located in"," a popular road"
"onlineclarity.co.uk","a  site  ","located in"," the"
"kcstadium.co.uk","lounge and  bar  ","located in"," the heart of"
"compasswest.co.uk","of  businesses  ","located in"," the capital --"
"motorcycle.co.uk","  apartment  ","located in"," Abingdon"
"dalkia.co.uk","  property  ","located in"," the ever"
"thevistaforum.co.uk","  maisonette  ","located in"," this well"
"info-majorca.co.uk","run  hotel  ","located in"," Camden in the"
"albumvote.co.uk","  hostel  ","located in"," the centre of"
"click2quit.co.uk","tube  station  ","Located in"," the next"
"click2quit.co.uk","in each  room  ","located in"," the much"
"kcstadium.co.uk","  publisher  ","located in"," NYC. We will"
"kcstadium.co.uk","  artist  ","located in"," NYC. I"
"familymediationscotland.org.uk","time to  time  ","located in"," a country"
"hitched.co.uk","  components  ","located in"," products what"
"acta.chadwyck.co.uk","guest  ranch  ","located in"," the heart of"
"ccmowners.co.uk","of the  groups  ","located in"," the old"
"popcorn.co.uk","  industry  ","located in"," Solihull are"
"win4now.co.uk","  computers  ","located in"," Swindon"
"win4now.co.uk","a  computer  ","located in"," a Swindon"
"win4now.co.uk","a  computer  ","located in"," a Swindon"
"win4now.co.uk","a  computer  ","located in"," a Swindon"
"win4now.co.uk","a  computer  ","located in"," a Swindon"
"win4now.co.uk","a  computer  ","located in"," a Swindon"
"win4now.co.uk","a  computer  ","located in"," a Swindon"
"win4now.co.uk","a  computer  ","located in"," a Swindon"
"win4now.co.uk","a  computer  ","located in"," a Swindon"
"win4now.co.uk","a  computer  ","located in"," a Swindon"
"radarpages.co.uk","are Help  Desks  ","located in"," the Edward"
"bikebrain.co.uk","with open  fire  ","located in"," the pretty"
"classics.arts.gla.ac.uk","  building  ","located in"," the heart of"
"gmcpressoffice.org.uk","bedroom  house  ","located in"," the highly"
"mth.kcl.ac.uk","  companies  ","located in"," the area. The"
"youclaim.co.uk","work  staff  ","located in"," community"
"the-scream.co.uk","and  archives  ","located in"," what was"
"helicon.co.uk","landfill  site  ","located in"," the Village of"
"leics-research.nhs.uk","with  stands  ","located in"," an adjacent"
"cambarts.co.uk","  hospitality  ","located in"," Eccleston"
"leics-research.nhs.uk","small  village  ","located in"," the west of the"
"cambsbikerforum.co.uk","lovely  studio  ","located in"," the heart of"
"kcstadium.co.uk","  departments  ","located in"," Newcastle,"
"rittal.co.uk","  maisonette  ","located in"," a popular"
"margatefchistory.co.uk","  house  ","located in"," this"
"northumberlandcaretrust.nhs.uk","  cottage  ","located in"," a quiet"
"radarpages.co.uk","sample.  htm  ","located in"," the root (/)"
"corporateentertainmentco.co.uk","the  register  ","located in"," the School"
"franchise4all.co.uk","  house  ","located in"," an"
"cambarts.co.uk","family  home  ","located in"," a private spot"
"bestofthe-bunch.co.uk","  hospitality  ","located in"," Eccleston"
"ski-esprit.co.uk","of Honour  book  ","located in"," the public"
"lbc973.co.uk","  firm  ","located in"," Los Angeles,"
"wesleymem.org.uk","  hostel  ","located in"," the centre of"
"franchise4all.co.uk","are also  banks  ","located in"," most cities in"
"astute-investor.co.uk","  resort  ","located in"," a secluded"
"tdgames.co.uk","  specimens  ","located in"," other"
"wide.ucreative.ac.uk","  maisonette  ","located in"," a small two"
"endurosidecars.org.uk"," ","located in"," a privileged"
"guysherratt.co.uk","  facility  ","located in"," the rolling"
"cambarts.co.uk","with open  fire  ","located in"," the pretty"
"youclaim.co.uk","  forest  ","located in"," the area."
"ridedrive.co.uk","With  churches  ","located in"," both the"
"devstud.org.uk","with  schools  ","located in"," areas of high"
"devstud.org.uk","from  schools  ","located in"," wards which"
"devstud.org.uk","by  schools  ","located in"," wards which"
"fantazia.org.uk","of the  summer  ","Located in"," the"
"fantazia.org.uk","  building  ","located in"," nice location"
"ttrb.ac.uk","  apartment  ","located in"," a leafy square"
"cambarts.co.uk","  researchers  ","located in"," various"
"cids.co.uk","  school  ","located in"," an area of"
"corporateentertainmentco.co.uk","the  buildings  ","located in"," the Campuses"
"aldbourne.org.uk","  injectors  ","located in"," the airbox."
"esinet.norfolk.gov.uk","from  schools  ","located in"," wards which"
"cids.co.uk","  universities  ","located in"," the Shanghai"
"jsss.group.cam.ac.uk","  components  ","located in"," products what"
"madeinmoray.co.uk","  community  ","located in"," New Castle,"
"madeinmoray.co.uk","guest  ranch  ","located in"," the heart of"
"gear-zone.co.uk","  artist  ","located in"," NYC. I"
"vista.bham.ac.uk","is also a  room  ","located in"," the College."
"railcar.co.uk","  courts  ","located in"," New York"
"busmuseum.org.uk","  bond  ","located in"," the"
"broadbandstuff.co.uk","  Hospitium  ","located in"," the beautiful"
"wargames.co.uk","  publisher  ","located in"," NYC. We will"
"bestofthe-bunch.co.uk","  school  ","located in"," an area of"
"tobyeadyassociates.co.uk",".  Dentists  ","located in"," Horbury,"
"careers.swan.ac.uk",".  Dentists  ","located in"," Horbury,"
"alladin.ac.uk",".  Dentists  ","located in"," Horbury,"
"wasdaleweb.co.uk","club car  park  ","located in"," Pontefract"
"pipe.ac.uk","car  parking  ","located in"," Clarence Road"
"baden.ipl.co.uk","the  A-Fields  ","located in"," the southern"
"summertownwinecafe.co.uk","Heritage  Site  ","located in"," 121 hectares"
"summertownwinecafe.co.uk","the  A-Fields  ","located in"," the southern"
"historyofglasgow.co.uk","to  computers  ","located in"," their segment"
"psm-sensors.co.uk","  courts  ","located in"," San Francisco"
"cambarts.co.uk","  sectors  ","located in"," the boroughs"
"women-returners.co.uk","3 star  hotel  ","located in"," the centre of"
"mapping.mkiobservatory.org.uk",".  Dentists  ","located in"," Horbury,"
"enterprise4all.co.uk",".  Dentists  ","located in"," Horbury,"
"youclaim.co.uk","of  discovery  ","located in"," the realm of"
"yourcommunications.co.uk","Beach  stars  ","located in"," the Island of"
"yourcommunications.co.uk","Beach  stars  ","located in"," the Island of"
"yourcommunications.co.uk","Beach  stars  ","located in"," the Island of"
"yourcommunications.co.uk","Beach  stars  ","located in"," the Island of"
"yourcommunications.co.uk","Beach  stars  ","located in"," the Island of"
"face2face.me.uk","  stream  ","located in"," a small valley"
"senate.gla.ac.uk","have a  library  ","located in"," a charming"
"beenthere-donethat.org.uk","art  exhibits  ","located in"," the lobby"
"wastecycle.co.uk","  discoveries  ","located in"," the Central"
"esinet.norfolk.gov.uk","  authority  ","located in"," south Wales."
"travellingfan.co.uk","oil  field  ","located in"," Block 21/ 12"
"talks.cam.ac.uk","  units  ","located in"," key markets"
"coins.welhat.gov.uk","town  guide  ","Located in"," Central"
"careers.swan.ac.uk","at  businesses  ","located in"," and round"
"youclaim.co.uk","  building  ","located in"," the city"
"ttrb.ac.uk","""  attraction  ","located in"," the heart of"
"expertcardirectory.co.uk","  practice  ","located in"," Battersea,"
"esinet.norfolk.gov.uk","a new  building  ","located in"," the St Georges"
"esinet.norfolk.gov.uk","  directory  ","located in"," the VKP"
"motorcycledirect.co.uk",".  Dentists  ","located in"," Horbury,"
"clubpavilion.co.uk",".  Dentists  ","located in"," Horbury,"
"moorsforthefuture.org.uk","  practice  ","located in"," Hemel"
"vadim.co.uk",".  Dentists  ","located in"," Horbury,"
"shire.org.uk","owned  company  ","located in",""
"beenthere-donethat.org.uk","cave  system  ","located in"," the Western"
"shire.org.uk","grand  style  ","located in"," Kinnear Road,"
"scottishboxing.co.uk","110  companies  ","located in"," 32 countries."
"uk-car-insurance.co.uk","gas  field  ","located in"," Block 48/ 9a,"
"colgate.co.uk","gas  fields  ","located in"," the southern"
"senate.gla.ac.uk","  structure  ","located in"," block 48/ 10b,"
"dundeecity.gov.uk","is an oil  field  ","located in"," block 16/ 12a"
"dundeecity.gov.uk","is an oil  field  ","located in"," block 16/ 12a"
"dundeecity.gov.uk","is an oil  field  ","located in"," blocks 16/ 12a"
"dundeecity.gov.uk","is an oil  field  ","located in"," block 21/ 19 in"
"dundeecity.gov.uk","oil  field  ","located in"," block 22/ 2a in"
"dundeecity.gov.uk","oil  discovery  ","located in"," block 13/ 21a"
"hardwick-cambs.org.uk","  start  ","located in"," the Home"
"women-returners.co.uk",". Away  fans  ","located in"," the John"
"showbus.co.uk","Tiffany  field  ","located in"," block 16/ 17"
"blackpoolstagparties.co.uk","by  artists  ","located in"," Hungary,"
"riocinema.ndirect.co.uk","art  gallery  ","located in"," Sydney,"
"scottishcroquet.org.uk","  Institutions  ","located in"," Firenze and"
"senate.gla.ac.uk","  bins  ","located in"," the MCR bar."
"senate.gla.ac.uk","drinking  cans  ","located in"," the MCR bar and"
"travellingfan.co.uk","to a  computer  ","located in"," the United"
"esru.strath.ac.uk","art  exhibits  ","located in"," the lobby"
"net4nowtforum.co.uk","For a  building  ","located in"," a"
"showbus.co.uk","350  offices  ","located in"," rural towns"
"quick-car-hire.co.uk","of  interests  ","located in"," the southern"
"salestarget.co.uk","  thermostat  ","located in"," the living"
"chacombeparish.co.uk","  prospect  ","located in"," Blocks 47/ 3h"
"comare.org.uk","bins for  glass  ","located in"," the Megaron."
"comare.org.uk","for  cans  ","located in"," the Megaron,"
"scottishboxing.co.uk","  school  ","located in"," an area of"
"glasgow.gov.uk","  restaurant  ","located in"," Kingston Park"
"the-scream.co.uk","3 month  period  ","located in"," South East"
"the-scream.co.uk","3 month  period  ","located in"," London. The"
"swap-web.co.uk","gins.  Diggers  ","Located in"," Angle Park"
"lbc973.co.uk","of our  clients  ","located in"," East London."
"aberdeen.ac.uk","the Panda  club  ","located in"," Chamonix and"
"bywaterswaste.co.uk","  dictionaries  ","located in"," Finland. You"
"france-holiday-offers.co.uk","  telephone  ","located in"," the entrance"
"showbus.co.uk","  company  ","located in"," Mayfair."
"scottishcroquet.org.uk","  information  ","located in"," their many"
"moblog.co.uk"," ","located in"," bustling"
"travellingfan.co.uk","study  course  ","Located in"," St."
"evanevans.co.uk","  hotel  ","located in"," the upmarket"
"culture-em.org.uk","Devonian  age  ","located in"," the Midland"
"biosci.rdg.ac.uk","  employees  ","located in"," over 600"
"aberdeen.ac.uk","  organization  ","located in"," Ramallah,"
"dundeecity.gov.uk","a work-  place  ","located in"," the same room"
"smedley-wellness.co.uk","  employees  ","located in"," over 600"
"leicestermusicscene.co.uk","is based  co  ","located in"," the market"
"vadim.co.uk","  equipment  ","located in"," the top half."
"ragus.co.uk","  thermostat  ","located in"," the living"
"corel.co.uk","by  companies  ","located in"," Canary Wharf."
"thisisnotmy.co.uk","of 13  people  ","located in"," four offices"
"smedley-wellness.co.uk","  zones  ","located in"," the dry and"
"edinburghacademy.org.uk","class  hotel  ","located in"," the business"
"edinburghacademy.org.uk","  apartments  ","located in"," the heart of"
"dentalclinique.co.uk","  courts  ","located in"," the State of"
"lenclume.co.uk","  hotel  ","located in"," West London."
"edinburghacademy.org.uk"," ","located in"," a. Should home"
"corel.co.uk","  hotels  ","located in"," the middle of"
"education.herefordshire.gov.uk","  facility  ","located in"," Hampshire."
"datagate.co.uk","of  franchises  ","located in"," the United"
"datagate.co.uk","of  franchises  ","located in"," 16 countries"
"dietetics.co.uk","two 48 ""  mains  ","located in"," the A13 trunk"
"glasgow.gov.uk","  university  ","located in"," a European"
"the-scream.co.uk","  surgeries  ","located in"," rundown"
"orange.co.uk","  facilities  ","located in"," or near our"
"rockpress.freeserve.co.uk","  townhouse  ","located in"," a very"
"leicestermusicscene.co.uk","For a  building  ","located in"," a"
"busweb.co.uk",". It is a  school  ","located in"," Cumbernauld"
"windwards-bananas.co.uk","System  Tray  ","located in"," the bottom"
"esinet.norfolk.gov.uk","  Discreetly  ","located in"," a 16th century"
"windwards-bananas.co.uk","call  stations  ","located in"," convenient"
"moblog.co.uk",")  databases  ","located in"," the directory"
"macroberts.co.uk","folding  seats  ","located in"," the boot."
"mulberry-england.co.uk","she. Up my  home  ","located in"," certain hold"
"hilltrek.co.uk","  facility  ","located in"," Cardiff ("
"tantrix.co.uk","  openings  ","located in"," the atrium"
"thegardenpath.co.uk","  organization  ","located in"," Ramallah,"
"oldmap.co.uk","  university  ","located in"," a European"
"dailyposteditor.welshblogs.co.uk","  university  ","located in"," a European"
"highflyers-dl.co.uk","class  hotel  ","located in"," the business"
"highflyers-dl.co.uk","  apartments  ","located in"," the heart of"
"corel.co.uk","class  hotel  ","located in"," the business"
"themagikthread.co.uk","call  stations  ","located in"," convenient"
"bikesure.co.uk","call  stations  ","located in"," convenient"
"viglen.co.uk","Star  property  ","located in"," Central"
"lincoln.ox.ac.uk","of  safety  ","located in"," the invert"
"orders.mkn.co.uk","DC9  aeroplane  ","located in"," the main foyer"
"astrazeneca.co.uk","as the  farmer  ","located in"," his/ her"
"riversideinnessex.co.uk","family  farm  ","located in"," the peaceful"
"the-tree.org.uk","  university  ","located in"," a European"
"the-tree.org.uk",".  com  ","Located in"," the two wings"
"lawyersonline.co.uk","  Office  ","located in"," the premises"
"up-and-running.co.uk","  zones  ","located in"," the dry and"
"scouts-scotland.org.uk","runner.  Bike  ","located in"," Switzerland"
"scouts-scotland.org.uk",": WA168.  Bike  ","located in"," Berlin,"
"scouts-scotland.org.uk","106036.  Bike  ","located in"," Berlin,"
"scouts-scotland.org.uk","16h.  Bike  ","located in"," north italy"
"viglen.co.uk","  restaurant  ","located in"," the main"
"cuimrc.cf.ac.uk","gift  shop  ","located in"," Warsaw"
"northernconcord.org.uk","  society  ","located in"," Bournemouth."
"policelaw.co.uk","  villa  ","located in"," Bowness"
"orange.co.uk"," ","located in"," Temple"
"orange.co.uk"," ","located in"," the Eden"
"rosswalker.co.uk","  studios  ","located in"," London. Cheap"
"rosswalker.co.uk","  studios  ","located in"," London. Cheap"
"rosswalker.co.uk","  studios  ","located in"," london. Short"
"rosswalker.co.uk","Star  property  ","located in"," Central"
"wales-direct.co.uk","for  equipment  ","located in"," different"
"heacf-awards.ac.uk","  facility  ","located in"," the heart of"
"busweb.co.uk","  Building  ","located in"," Dublin,"
"www2.securesiteserver.co.uk","a new  building  ","located in"," an urban"
"policelaw.co.uk","  chromosomes  ","located in"," the nucleus of"
"the-tree.org.uk","  businesses  ","located in"," the Temple"
"engin.cf.ac.uk"," ","Located in"," the heart of"
"geog.qmul.ac.uk","  industry  ","located in"," the Port and a"
"cuimrc.cf.ac.uk","and  archives  ","located in"," the"
"astrazeneca.co.uk","  receptors  ","located in"," the cytosol of"
"net4nowtforum.co.uk","  headquarters  ","located in"," and around the"
"lib5.leeds.ac.uk","a  launderette  ","located in"," the main"
"drives.co.uk","  company  ","located in"," the North of"
"portsmouthwater.co.uk","at one  company  ","located in"," Jona. 1992"
"orange.co.uk","other  windows  ","located in"," the BOTTOM"
"lincoln.ox.ac.uk","Star  property  ","located in"," Central"
"ukppg.org.uk","  information  ","located in"," a particular"
"ppleyard.org.uk","stone  cottage  ","located in"," the heart of"
"web.bio.ed.ac.uk","a hotel  chain  ","located in"," Kotohira,"
"medweb.cf.ac.uk","and  villages  ","located in"," river valleys"
"afm.ses.soton.ac.uk","  apartments  ","located in"," Sussex Square"
"lancspa.gov.uk","9m2  Staircase  ","located in"," the sitting"
"jobsav.co.uk","  hospitality  ","located in"," the"
"nuts.co.uk","by a  spring  ","located in"," the throttle"
"showbus.co.uk","  hotel  ","located in"," a beautiful"
"showbus.co.uk","  hostel  ","located in"," the centre of"
"clrgr.cf.ac.uk","a catch  tank  ","located in"," an easily"
"mfha.co.uk","  cottages  ","located in"," Thornthwaite"
"lawyersonline.co.uk","and  shop  ","located in"," a heritage"
"normanbaker.org.uk",".  Businesses  ","located in"," Shenfield and"
"apest.co.uk","house and  café  ","located in"," the small"
"apest.co.uk",".  com  ","Located in"," a residential"
"apest.co.uk","  cottage  ","located in"," a lovely rural"
"apest.co.uk","rental  villa  ","located in"," one of the most"
"astrazeneca.co.uk","the  f**ker  ","Located in"," the beautiful"
"prettys.co.uk","  site  ","located in"," Aylesford"
"cyberport.co.uk","home  page  ","Located in"," Fairlie, near"
"madeincumbria.co.uk","are drop  boxes  ","located in"," the Epsom"
"sytner.co.uk","  complex  ","located in"," La Manzanera"
"sytner.co.uk","  cinema  ","located in"," the town"
"westminsterbookshop.co.uk",", is an  island  ","located in"," the South"
"normanbaker.org.uk","NEW  Companies  ","located in"," Scotland"
"nwcl.salford.ac.uk","of  errors  ","located in"," an"
"bedfordschool.org.uk","  muscles  ","located in"," the head and"
"showbus.co.uk","your  hotel  ","located in"," the heart of"
"normanbaker.org.uk","Hot  Spring  ","located in"," the hotel. (B,"
"showbus.co.uk","by  craftsmen  ","located in"," the rain"
"uk-online-store.co.uk","App.  config  ","located in"," your Visual"
"clairegodwincoaching.co.uk","  businesses  ","located in"," the city"
"learntaichi.co.uk","  property  ","located in"," undulating"
"wikitextbook.co.uk","  village  ","located in"," another"
"praseg.org.uk","  history  ","located in"," the heart of"
"praseg.org.uk","  history  ","located in"," the heart of"
"reformationpress.co.uk","  apartment  ","located in"," the much"
"fasttrack.co.uk","and book  store  ","located in"," Egilsstatir)"
"hotelsin-london.co.uk","with  teams  ","located in"," North America"
"edgsolicitors.co.uk","""  function  ","located in"," the Start menu"
"beastmen.f9.co.uk","the  culvert  ","located in"," the courtyard"
"orange.co.uk","for  companies  ","located in"," Northern"
"orange.co.uk","  apartments  ","located in"," conservation"
"normanbaker.org.uk","  server  ","located in"," the Ambrit"
"glasgow.gov.uk","  facilities  ","located in"," the heart of"
"harwell.org.uk","  firm  ","located in"," Garden City"
"bhrhospitals.nhs.uk","  carotenoid  ","located in"," the center of"
"hotelsin-london.co.uk","area for  sites  ","located in"," the Pentland"
"londonpropertywatch.co.uk","for  buildings  ","located in",""
"metcbb.co.uk","your  hotel  ","located in"," the heart of"
"neon.airtime.co.uk","to your  hotel  ","located in"," the heart of"
"lanther.co.uk","about an  axis  ","located in"," the center of"
"lapsafe.co.uk","at a car  model  ","located in"," Detroit, for"
"unison-education.org.uk","  carotenoid  ","located in"," the center of"
"snazzypants.co.uk","is a fine  town  ","located in"," an area of"
"ww1.northumbria.police.uk","  property  ","located in"," the heart of"
"ww1.northumbria.police.uk","  bungalow  ","located in"," the pleasant"
"fasttrack.co.uk","mid town  house  ","located in"," the village of"
"fasttrack.co.uk","end town  house  ","located in"," the village of"
"fasttrack.co.uk","mid town  house  ","located in"," the village of"
"fasttrack.co.uk","end town  house  ","located in"," the village of"
"bfinance.co.uk","at its  depots  ","located in"," Kirkcaldy,"
"go-fly.co.uk","  project  ","located in"," the quarries"
"paull-williamsons.co.uk",", is an  island  ","located in"," the Eastern"
"onenessuniversity.co.uk","three  schools  ","located in"," highly"
"toysbymailorder.co.uk","art  galleries  ","located in"," the Wessex"
"grc.cf.ac.uk",".  Sensors  ","located in"," the same room"
"grc.cf.ac.uk","room.  Sensors  ","located in"," sleeping"
"grc.cf.ac.uk","  Sensors  ","located in"," sleeping"
"twofivesix.co.uk","new  dinosaur  ","located in"," Utah,"
"twofivesix.co.uk","new  dinosaur  ","located in"," Utah Dinosaur"
"happy-online.co.uk","  reports  ","located in"," 296 sites"
"archerssolicitors.co.uk","  feature  ","located in"," the"
"2templegardens.co.uk","  students  ","located in"," the Lamb and"
"ethnicbritain.co.uk","open  shafts  ","located in"," the floor a"
"axholme-fhs.org.uk","tiny  holes  ","located in"," the centre of"
"holidayscotland.org.uk","once a  month  ","located in"," it ''s"
"ncsl.co.uk","180  companies  ","located in"," 17 different"
"kosmar.co.uk","  sportsbook  ","located in"," San Jose,"
"wasps.co.uk","of the  islands  ","located in"," the middle of"
"livinglibrary.co.uk","  while  ","located in"," starship: $"
"staffweb.cms.gre.ac.uk","  cottage  ","located in"," a well"
"fotosense.co.uk","7,000  members  ","located in"," over 70"
"abcwin.co.uk","  hotel  ","located in"," an old village"
"webvideo4u.co.uk",", a  canyon  ","located in"," the foothills"
"grc.cf.ac.uk","meteor  crater  ","located in"," Arizona,"
"go-fly.co.uk","five  stations  ","located in"," California ("
"deni.gov.uk","  florist  ","located in"," Glasgow"
"williamsturges.co.uk","of the  cave  ","located in"," a Eucalyptus"
"supportme.co.uk","steel  works  ","located in"," the Don valley"
"bdha.org.uk","the same  venue  ","located in"," the Oxford"
"drives.co.uk","her  loan  ","located in"," a developer ''s"
"drives.co.uk"," ","located in"," the"
"londonpropertywatch.co.uk","  Bookshops  ","located in"," South Devon"
"twofivesix.co.uk","storey  house  ","located in"," the historic"
"deni.gov.uk","  maisonette  ","located in"," the town"
"deni.gov.uk","  property  ","located in"," the Lochside"
"deni.gov.uk","family  house  ","located in"," a pleasant"
"prontaprint.co.uk","  cottage  ","located in"," the coastal"
"noc.ac.uk","small  offices  ","located in"," Mill Road and"
"robinson-allfree.co.uk","own  workshop  ","located in"," the south of"
"happy-online.co.uk","  longhouse  ","located in"," the hamlet of"
"ubooty.co.uk","  centre  ","located in"," Chertsey and"
"carlton-group.co.uk","  libraries  ","located in"," 13 regional"
"affiliateteam.co.uk","  property  ","located in"," a cul de sac"
"noc.ac.uk",", real  estate  ","located in"," Salou (Golden"
"noc.ac.uk","the  building  ","located in"," the PROVISION"
"fasttrack.co.uk","  bungalow  ","located in"," a cul-de-sac 8"
"htd.co.uk","  cottage  ","located in"," a rural"
"htd.co.uk","  bungalow  ","located in"," a quiet sought"
"icra.org.uk","of  services  ","located in"," the heart of"
"emedia.brookes.ac.uk","ration  files  ","located in"," the/etc/ pam."
"macclesfield.gov.uk","2,  key  ","located in"," customer"
"ecs.lewisham.gov.uk","  institute  ","located in"," the"
"psbooks.co.uk","HOXB  genes  ","located in"," a cluster on"
"lakesnw.co.uk","  residence  ","located in"," the ever"
"keswick-alhambra.co.uk","  courts  ","located in"," the United"
"silvermansherliker.co.uk","family  estate  ","located in"," a small"
"parisol.co.uk","law  schools  ","located in"," Grenoble,"
"osborne-clarke.co.uk","  house  ","located in"," Camborne town"
"osborne-clarke.co.uk","  cottage  ","located in"," the popular"
"osborne-clarke.co.uk","style  house  ","located in"," the Melvill"
"kstrode.co.uk","Gold  property  ","located in"," Côte d''Ivoire"
"psbooks.co.uk","  apartment  ","located in"," a sort after"
"jmw.co.uk","  bungalow  ","located in"," the highly"
"bdha.org.uk","26  countries  ","located in"," Africa, Asia"
"bdha.org.uk","45  refineries  ","located in"," 25 countries"
"severewx.co.uk","  apartment  ","located in"," a sought after"
"severewx.co.uk","  guesthouse  ","located in"," Tenby town and"
"daisy.co.uk","  economist  ","Located in"," the renowned"
"herald24.co.uk","symbolic  name  ","located in","/etc/"
"bfinternet.co.uk","  technology  ","located in"," Bergen County"
"legend.net.uk","  house  ","located in"," Millfield,"
"icsolihull.icnetwork.co.uk","  house  ","located in"," a large"
"boltblue.co.uk","the same  name  ","located in"," two different"
"rdf.co.uk","  property  ","located in"," a no-through"
"alexandraapartments.co.uk","  property  ","located in"," the popular"
"practical-martial-arts.co.uk","band of  light  ","located in"," the spectrum"
"careers.homeoffice.gov.uk","book  store  ","located in"," Phibsboro in"
"sundaypapers.org.uk","  counters  ","located in"," the operating"
"windsor-telecom.co.uk","  bungalow  ","located in"," the popular"
"home.zen.co.uk","plot  position  ","located in"," this"
"cnc-ltd.co.uk","of  files  ","located in"," the directory"
"merlinrocket.co.uk","manual  pages  ","located in"," the specified"
"crosbycomms.co.uk","  school  ","located in"," the heart of"
"graith.co.uk","  features  ","located in"," the popular"
"alphabusiness.co.uk","  house  ","located in"," the Currock"
"alphabusiness.co.uk","family  house  ","located in"," a pleasant"
"alphabusiness.co.uk","attic  room  ","located in"," a pleasant"
"imaginet.co.uk","and  garage  ","located in"," a separate"
"asta.co.uk","  mansion  ","located in"," the"
"tamba.co.uk","  villa  ","located in"," the Monklands"
"tamba.co.uk","  villa  ","located in"," the popular"
"tamba.co.uk","  villa  ","located in"," the"
"asta.co.uk","  property  ","located in"," Hutton"
"asta.co.uk","  property  ","located in"," Prospect"
"skymarket.co.uk","are the  pools  ","located in"," the area and"
"synergic.co.uk","  property  ","located in"," a no-through"
"lukehaines.co.uk","  bungalow  ","located in"," quiet"
"icsolihull.icnetwork.co.uk","corner  plot  ","located in"," the popular"
"st-ives.co.uk","  bungalow  ","located in"," a pleasant"
"products-directory.co.uk","of fine  arts  ","located in"," Paris which"
"turfmoor.co.uk","  property  ","located in"," the"
"turfmoor.co.uk","  property  ","located in"," this popular"
"pricetracker.co.uk","  property  ","located in"," of a"
"pricetracker.co.uk","  property  ","located in"," a popular area"
"pricetracker.co.uk","mid town  house  ","located in"," a popular area"
"pricetracker.co.uk","  house  ","located in"," the Riddings"
"pricetracker.co.uk","  property  ","located in"," a popular area"
"pricetracker.co.uk","  property  ","located in"," a popular area"
"lsionline.co.uk","  property  ","located in"," Upper"
"computer-support-directory.co.uk","  houses  ","located in"," this small"
"vispa.co.uk","  cottages  ","located in"," Boot near"
"podboyrecords.co.uk","uk  woman  ","located in"," that is"
"home.zen.co.uk","(SR)  nodes  ","located in"," the service"
"idealhosting.co.uk","  technology  ","located in"," Bergen County"
"medoc.co.uk","and  artwork  ","located in"," South east..."
"graith.co.uk","  property  ","located in"," the popular"
"graith.co.uk","  property  ","located in"," a cul-de-sac."
"lsionline.co.uk","owner  quote  ","located in"," a much more"
"cstnet.co.uk","  apartment  ","located in"," a sought after"
"cstnet.co.uk","  guesthouse  ","located in"," Tenby town and"
"netdata.co.uk","  house  ","located in"," the west end of"
"margolis.co.uk","  parking  ","located in"," close"
"syan.co.uk","  setting  ","located in"," the Dundonald"
"syan.co.uk","  property  ","located in"," a popular,"
"jolt12.co.uk","this  dealer  ","located in"," London,"
"lc.communitiesscotland.gov.uk","  collection  ","located in"," New Zealand."
"gardeningexpress.co.uk","  property  ","located in"," Warwick. The"
"gardeningexpress.co.uk","  property  ","located in"," the popular"
"gardeningexpress.co.uk","  property  ","located in"," the sought"
"netbusiness.co.uk","  houses  ","located in"," their own"
"shoooop.co.uk","  house  ","located in"," Illogan with"
"whatcar.co.uk","  bungalow  ","located in"," a sought after"
"aquarist-classifieds.co.uk","  house  ","located in"," Crawcrook."
"aquarist-classifieds.co.uk","as a  garage  ","located in"," a separate"
"aquarist-classifieds.co.uk","  house  ","located in"," the village of"
"autism-awareness.org.uk","built  cottage  ","located in"," a rural"
"tdt.org.uk","detached  home  ","located in"," a desirable"
"practical-martial-arts.co.uk","  Views  ","Located in"," the"
"lc.communitiesscotland.gov.uk","  company  ","located in"," Mojave,"
"digipro.co.uk","detached  home  ","located in"," the popular"
"unheardwords.co.uk","file  status  ","located in"," the spooling"
"autism-in-scotland.org.uk","  house  ","located in"," a village and"
"portal.plus.net.uk","  bungalow  ","located in"," the Brinsley"
"hanggalloway.co.uk","  company  ","located in"," suburban"
"tylerlewis.co.uk","  bookstore  ","located in"," Summerville,"
"oldweb.northampton.ac.uk","  property  ","located in"," the pleasant"
"gaytravel.co.uk","the power  core  ","located in"," the opposing"
"divechannel.co.uk","  experience  ","located in"," large numbers"
"merlinrocket.co.uk","  house  ","located in"," the village of"
"nelmes.fsnet.co.uk","  operations  ","located in"," Desford,"
"aquarist-classifieds.co.uk","is a  garage  ","located in"," a block. The"
"sdcmh.org.uk","  workstations  ","located in"," sparsely"
"artsed.co.uk","in fine  order  ","located in"," Kidlington."
"nefariousdesigns.co.uk","  apartment  ","located in"," a sought after"
"nefariousdesigns.co.uk","  guesthouse  ","located in"," Tenby town and"
"abneys.co.uk","  features  ","located in"," the popular"
"villarana.freeserve.co.uk","  society  ","located in"," the heart of"
