"corpus","ukwac"
"subcorpus","-"
"concordance size","23504"
"query","Query:[lc=""used"" | lemma_lc=""used""][lc=""by"" | lemma_lc=""by""];Positive filter (excluding KWIC):1 1 1 [tag=""Nc.*""];GDEX:100 "
"cimhscaretrust.nhs.uk","wax candles"," used by","  nobles  to seal"
"poetrysociety.org.uk","which is being"," used by","  companies  to"
"persephonebooks.co.uk","'' has been"," used by","  society  to"
"www-jcsu.jesus.cam.ac.uk","WWW browsers"," used by","  people  who """
"clinicalanswers.nhs.uk",": Strategies"," used by","  11-year-olds"
"clinicalanswers.nhs.uk",": Strategies"," used by","  11-year-olds"
"wellchild.org.uk","raised may be"," used by","  way  of"
"education.independent.co.uk","could be"," used by","  parties  or"
"woodforde.co.uk","? Common terms"," used by","  translation"
"psnc.org.uk","a year. Horses"," used by","  market"
"theedge.abelgratis.co.uk","them which are"," used by","  individuals"
"city.ac.uk","other track is"," used by","  trains  from"
"darknessandlight.co.uk",". It should be"," used by","  commanders"
"accountability.org.uk",". The cookies"," used by","  painSupport"
"philobiblon.co.uk","to the style"," used by","  teachers"
"gssw.ac.uk","strategies"," used by","  lions  . Read"
"nfrc.co.uk","to those"," used by",""
"tandf.co.uk","and"," used by","  publishers  as"
"isi.salford.ac.uk",", which are"," used by","  filmmakers  to"
"gostak.demon.co.uk","They were also"," used by","  IRA  snipers."
"fpp.co.uk","an email is not"," used by","  mail  delivery"
"youngresources.co.uk","experiments)"," used by",""
"rcpbml.org.uk","that is"," used by",""
"fdean.gov.uk","knots"," used by","  anglers  ,"
"wasteonline.org.uk","these can be"," used by","  researchers  ."
"youngminds.org.uk","vocabulary"," used by","  clergymen"
"moggies.co.uk","increasingly"," used by","  researchers"
"ita.org.uk","and may be"," used by","  businesses"
"go.reuters.co.uk","a System that"," used by","  naturalists"
"bl.uk","track is also"," used by",""
"omayenin.com.mysite.wanadoo-members.co.uk","which can be"," used by","  attraction"
"moggies.co.uk","be shared and"," used by","  lecturers  in"
"linuxformat.co.uk","water was much"," used by","  country"
"accountability.org.uk","system was"," used by","  sponsors  and a"
"ias.org.uk","increasingly"," used by","  state  and"
"sherlock-holmes.classic-literature.co.uk",". Often"," used by","  community"
"uklug.co.uk","is being"," used by","  governments"
"garysdetecting.co.uk","being"," used by","  QPEP  in its"
"frenchconnections.co.uk","BioEthanol (","used by","  petrol  cars)"
"bordercrossings.org.uk","mechanisms"," used by","  students  to"
"salfordsoftware.co.uk","and should be"," used by",""
"mouthulcers.co.uk","will then be"," used by","  institutions"
"primaryresources.co.uk","remedies were"," used by","  pioneers  and"
"famousquotes.me.uk",", to be"," used by","  academics  ,"
"www-micro.msb.le.ac.uk",", it is now"," used by","  therapists  to"
"kwintessential.co.uk","Now it ''s being"," used by","  hip-hoppers  ,"
"carmarthenshire.gov.uk","is constantly"," used by","  spammers  ."
"holidaylettings.co.uk","should not be"," used by","  people  with"
"www3.indymedia.org.uk","display is"," used by","  longines  to"
"whisperingspirits.co.uk","that can be"," used by","  groups  around"
"srtl.co.uk","centre will be"," used by","  pupils  and"
"compsoc.dur.ac.uk","centre will be"," used by","  pupils  and"
"education.independent.co.uk","could be"," used by","  parties  ,"
"education.independent.co.uk","could be"," used by","  parties  or"
"raggedraven.co.uk","- it hasbeen"," used by","  food"
"transgirl.co.uk","frequently"," used by","  drug  misusers"
"ch.cam.ac.uk","and can also be"," used by","  joggers  and"
"pensionsworld.co.uk","board will be"," used by","  firefighters"
"sonypictures.co.uk","that can be"," used by","  anyone"
"telematica.co.uk","ways. It can be"," used by","  individuals"
"ardue.org.uk",". Gas is widely"," used by","  industry  and"
"lhc.org.uk","can be"," used by","  food"
"education.independent.co.uk","could be"," used by","  parties  ,"
"artlab.org.uk","criteria"," used by","  employers  to"
"cjd.ed.ac.uk","that it is not"," used by","  historians"
"cleanersafergreener.gov.uk","and can be"," used by","  learners  of"
"varietyclub.org.uk","also"," used by","  nationalists"
"phrases.org.uk","also"," used by","  nationalists"
"herts.ac.uk",", etc."," Used by","  business"
"city.ac.uk","track is"," used by","  passenger"
"geologywales.co.uk","","used by","  repr(  ). This"
"propertypro.co.uk","thinking"," used by","  tens  of"
"newcollegechoir.co.uk","and may not be"," used by","  anyone  else ("
"sndc.demon.co.uk","Act, has been"," used by","  celebrity  f"
"observer.guardian.co.uk","energy"," used by","  motor  cars, we"
"transgirl.co.uk","the past been"," used by",""
"4minutes.co.uk","is being"," used by","  scientists  at"
"people.co.uk","is widely"," used by","  staff  in the"
"baronage.co.uk","and freely"," used by","  park  visitors"
"railart.co.uk","they are being"," used by","  millions  of"
"wasteonline.org.uk","] have been"," used by","  researchers"
"education.independent.co.uk","could be"," used by","  litigants  ,"
"horseracingbets.co.uk","of propaganda"," used by","  architects  to"
"unionsquaremusic.co.uk","well as being"," used by",""
"littman.co.uk","increasingly"," used by","  people"
"direct.gov.uk","comparison"," used by","  samefile(  )"
"littman.co.uk","increasingly"," used by","  people"
"kbnet.co.uk","can be"," used by","  others  . 7.3"
"epsr-marx-lenin.co.uk","is"," used by",""
"soundbeam.co.uk","model"," used by","  IL  : "" The"
"ltscotland.org.uk","thrust"," used by","  aircraft  to"
"crocus.co.uk","commonly"," used by","  construction"
"medievalfreeco.org.uk","words"," used by","  IAS  ... "" lack"
"mountaineering-scotland.org.uk","that the mark"," used by","  someone  else"
"ayrshirehistory.org.uk","so should be"," used by","  programs"
"christis.org.uk","device"," used by","  authors  to add"
"compbio.dundee.ac.uk","that may be"," used by","  terrorists  ."
"thamesweb.co.uk","GAM was ` being"," used by","  subversion  ,"
"martialedge.co.uk",", the case map"," used by","  \l  , \L, \u and"
"untoldlondon.org.uk","really"," used by","  men  ; and, at"
"geologywales.co.uk","Rower is"," used by","  people  from"
"tribes.co.uk","like to be"," used by","  default  on the"
"brass.cf.ac.uk","continue to be"," used by","  politicians"
"cs.bris.ac.uk","systems"," used by","  tools  such as"
"cs.bris.ac.uk","base systems"," used by","  tools  like"
"natwest.co.uk","safety glass"," used by","  transport  and"
"mandrake.demon.co.uk","images are"," used by","  Buddhist"
"teachingenglish.org.uk","can also be"," used by","  authors  and"
"teachingenglish.org.uk","which can be"," used by",""
"ayrshirehistory.org.uk",". This may be"," used by","  life  sentence"
"bures-online.co.uk","no doubt been"," used by","  villagers"
"independentliving.co.uk","guidance"," used by","  staff  in"
"birminghamfoe.org.uk","behaviors are"," used by","  adults  to"
"exposure.co.uk","on an office"," used by","  forces  loyal"
"exposure.co.uk","it said was"," used by","  militants  . It"
"mara.org.uk","are"," used by","  TCP  to"
"motorinsurance.co.uk","has passed its"," used by","  date  ? Does St"
"britishhighcommission.gov.uk","for metaphor"," used by","  linguist"
"walterscott.lib.ed.ac.uk","guidance"," used by","  officials  in"
"article19.co.uk","that are often"," used by","  fox  hunts. I"
"rob.annable.co.uk","","used by","  health"
"congressfordemocracy.org.uk","'' is often"," used by","  providers  of"
"partnerships.org.uk","Act can be"," used by","  anyone  , even a"
"cheers-wine-merchants.co.uk","exploited and"," used by","  film  . """
"cilip.org.uk",". Taxed Carts"," used by","  persons"
"carnegieuktrust.org.uk","of System when"," used by","  Students  with"
"epilepsynse.org.uk","were widely"," used by","  leavers  from"
"britishdruidorder.co.uk","is normally"," used by","  programs  that"
"garethjmsaunders.co.uk","have been"," used by","  thousands  of"
"rodge.force9.co.uk","intended to be"," used by","  groups  of"
"britishdruidorder.co.uk","strategies"," used by","  teachers  ("
"ukbap.org.uk","that was"," used by","  ''every  man,"
"robertbuchanan.mysite.wanadoo-members.co.uk","endurance."," Used by","  hikers  and"
"clandonald.org.uk","strategies"," used by","  clinics  that"
"lums.lancs.ac.uk","strategies"," used by","  lions  . Skip"
"v-e-t-s.co.uk","is being"," used by","  schools  . We"
"phundria.org.uk","that can be"," used by","  anyone  -"
"saa.co.uk","the languages"," used by","  translators  ,"
"fairtrade.org.uk","Solution is"," used by",""
"fairtrade.org.uk",". It is also"," used by",""
"durhamcathedral.co.uk",", etc."," Used by","  business"
"thurrock.gov.uk","is being"," used by","  schools  ."
"fleet-tutors.co.uk",", not to be"," used by","  children  ,"
"mankind.co.uk","are usually"," used by","  asthma"
"alcs.group.shef.ac.uk","is not being"," used by",""
"g-l.co.uk","(LD) is"," used by","  biologists  to"
"freenetpages.co.uk","by others "" and"," used by","  others  "" and"
"contours.co.uk","the canvases"," used by","  lichen  and"
"bornfree.org.uk","the argument"," used by",""
"amlwchdata.co.uk","are often"," used by","  site"
"microscopy-uk.org.uk","and smearing"," used by","  liberals  to"
"dh.gov.uk","database is"," used by","  birdwatchers"
"diabetesdialogue.org.uk","and was"," used by","  Chaucer  in his"
"lff.org.uk",", it can be"," used by","  Police  to"
"railscot.co.uk","down a church"," used by","  Tongans  and"
"andsoitbegins.co.uk","), a company"," used by","  others  and"
"italian.classic-literature.co.uk","to Stream to be"," used by","  code  that"
"fashionunited.co.uk","which might be"," used by","  farmers"
"voiceoftheslug.org.uk","Strong,"," used by","  permission  ."
"nutrition.org.uk","is mainly"," used by","  alcohol"
"strathclyde.police.uk","of English"," used by","  speakers  of"
"hagstrom.org.uk","may have been"," used by","  pilgrims  for"
"neilwhite.org.uk","the section"," used by","  gamma"
"hazlewood-castle.co.uk","","used by","  gelfand  :"
"swwater.co.uk","examples"," used by","  pros  and"
"hpa.org.uk","ways. It can be"," used by","  individuals"
"kented.org.uk","bindings are"," used by","  default  ("
"kented.org.uk","to the ` - ''"," used by","  cd  and pushd."
"ess.uwe.ac.uk","expressions"," used by","  doctors  and"
"ess.uwe.ac.uk",". Metaphors"," used by","  patients  and"
"clieuk.co.uk","tools"," used by","  reps  to assist"
"cain.ulst.ac.uk",", is now"," used by","  hundreds  of"
"network-box.co.uk","all terrorism"," used by","  peoples  in"
"careers-scotland.org.uk",". Most items"," used by","  people"
"lang.soton.ac.uk","the criteria"," used by","  accreditors"
"leighday.co.uk","the program"," used by","  web  designers"
"parentzonescotland.gov.uk","or ''botnets '',"," used by","  spammers"
"aspirations.english.cam.ac.uk","are"," used by","  control  flow"
"thenortheast.fsnet.co.uk","Code has been"," used by","  millions  of"
"cs.nott.ac.uk","service"," used by","  individuals  ,"
"britishhighcommission.gov.uk","facts"," used by","  employer  ."
"teachers.org.uk","; this can be"," used by","  extensions  to"
"teachers.org.uk","scope can be"," used by","  methods  , as"
"ml-consult.co.uk","DHS). JRIES is"," used by","  police"
"tl2000inquiry.org.uk","system is"," used by",""
"retirement-matters.co.uk","which could be"," used by","  ministers  and"
"hysteria-lives.co.uk","that can be"," used by","  anyone  ."
"huddersfield1.co.uk",", inherited)"," Used by","  emulation"
"cedr.co.uk","this well was"," used by","  pilgrims  on"
"go-newfocus.co.uk","that may be"," used by","  teams  or the"
"ypressalient.co.uk","argument"," used by","  supporters  of"
"trichotillomania.co.uk","same as those"," used by","  tobacco"
"railart.co.uk","the bark. It is"," used by","  artists  ,"
"thamesweb.co.uk",". It is usually"," used by","  people  who do"
"artangel.co.uk","instrument"," used by","  banks  and"
"greatplaces.org.uk","BioEthanol (","used by","  petrol  cars)"
"debate.org.uk","","used by","  dog  clubs to"
"spidercox.co.uk","and readily be"," used by","  people  of all"
"cistercian-way.newport.ac.uk","report widely"," used by","  hunting"
"res.org.uk",". The range is"," used by","  RAF  , USAF and"
"exposure.co.uk","? Common terms"," used by","  translation"
"exposure.co.uk","common terms"," used by","  translation"
"exposure.co.uk","dictionary"," used by","  translators"
"whitedragon.org.uk","Base which is"," used by","  contact"
"ukge.co.uk","year and is now"," used by","  school"
"history.kessler-web.co.uk","technologies"," used by","  WaterAid  in"
"wightchurches.co.uk","and as such is"," used by","  children  the"
"missiedith.bentbacktulips.co.uk","that was then"," used by","  others  to form"
"missiedith.bentbacktulips.co.uk","subsequently"," used by",""
"lums.lancs.ac.uk","to the left are"," used by","  maintenance"
"lums.lancs.ac.uk","are loops"," used by","  freight"
"lums.lancs.ac.uk","was formerly"," used by","  trains  from"
"lums.lancs.ac.uk","west and is"," used by","  trains  from"
"rmd.dft.gov.uk","can also be"," used by","  individuals"
"ansible.co.uk",") and can be"," used by","  infantry"
"les.man.ac.uk","may need to be"," used by",""
"cph.rcm.ac.uk",", and will be"," used by","  employment"
"twyfordbowlingclub.org.uk","'' often"," used by","  politicians"
"streamcity.co.uk","that can be"," used by","  students  and"
"exporteastofengland.org.uk","rules"," used by","  staff  ; or in"
"activityvillage.co.uk","attack tools"," used by","  crackers  from"
"flycom.co.uk","small) best be"," used by","  learners  to"
"lux.org.uk","he was often"," used by","  opponents  of"
"richard.clark32.btinternet.co.uk","is a strategy"," used by","  athletes  to"
"cs.le.ac.uk","likely to be"," used by","  amateurs  ."
"nicap.dabsol.co.uk","of warrants as"," used by",""
"diamondhunt.co.uk","","used by","  emergency"
"diamondhunt.co.uk","","used by","  government"
"jdhooker.org.uk","are"," used by","  postgraduate"
"churchinwales.org.uk","habitually"," used by","  businessmen  ,"
"peakdistrict.gov.uk","? Its a saying"," used by","  pressure"
"peakdistrict.gov.uk","? Its a saying"," used by","  pressure"
"churchill-society-london.org.uk","services"," used by","  teachers"
"kenyabirds.org.uk","touched or"," used by","  someone"
"propertypro.co.uk","West '' era. As"," used by","  Madame"
"badgirls.co.uk","actions were"," used by","  students  and"
"the-shipman-inquiry.org.uk","most jars"," used by","  households"
"gjmedia.co.uk","is now widely"," used by","  politicians"
"ilford.org.uk","are"," used by","  telecom"
"socialistunitynetwork.co.uk","as Pluto are"," used by","  portal"
"socialistunitynetwork.co.uk","and have been"," used by","  developers"
"psigate.ac.uk","the interface"," used by","  hermes  . To"
"microsharp.co.uk","and should be"," used by",""
"kahun.man.ac.uk","that can be"," used by","  teachers  ,"
"haywardtravel.co.uk","sydenham is"," used by","  sydenham  is on"
"thorncroft.co.uk","The term can be"," used by","  anyone  at"
"cornishwebservices.co.uk","largely"," used by","  secretaries"
"lentontimes.co.uk",". They can be"," used by","  beginners  for"
"cpgb.org.uk","when"," used by","  people  ."
"news.bbc.co.uk","the aircraft"," used by","  Canadians  or"
"sitcom.co.uk","reservoirs"," used by","  bird  S06"
"phrases.org.uk","procedures"," used by","  employers"
"building-history.pwp.blueyonder.co.uk","harvested and"," used by","  humans  for"
"excite.co.uk","and coercion"," used by",""
"sanger.ac.uk","","used by",""
"thisistravel.co.uk","studies"," used by","  helmet"
"burnyourbonus.co.uk","horns are"," used by","  medicine  men"
"rcpbml.org.uk","scale. This is"," used by","  paramedics  or"
"phrases.org.uk","platforms"," used by","  railway  staff"
"nwda.co.uk","and would be"," used by","  airlines"
"city.ac.uk","closing tags"," used by","  authors  to"
"tyndale.cam.ac.uk","powerful drug"," used by","  mankind  "" An"
"thegoodwebguide.co.uk",". It can be"," used by","  teachers  and"
"cnetwork.co.uk","strategies"," used by","  pupils  who"
"cnetwork.co.uk","or emergent,"," used by",""
"cnetwork.co.uk","is a process"," used by","  teacher  in"
"classic-literature.co.uk","already being"," used by","  researchers"
"kwintessential.co.uk","They are often"," used by","  scam  artists."
"big-brother.me.uk",". It is also"," used by","  cruise"
"futuremovies.co.uk","as those once"," used by","  southerners"
"developments.org.uk","BNB), which is"," used by","  librarians"
"futuremovies.co.uk","is widely"," used by","  companies  to"
"mailman-new.greennet.org.uk","have been"," used by","  ruling  groups"
"ess.uwe.ac.uk","are commonly"," used by","  freight"
"fortunecity.co.uk","is regularly"," used by","  thousands  of"
"forum.digitalspy.co.uk","being"," used by","  projects  to"
"thegoodwebguide.co.uk","that can be"," used by","  food"
"ariadne.ac.uk","is being"," used by","  birdwatchers"
"number-10.gov.uk","often"," used by","  teachers  to"
"kwintessential.co.uk",". This is"," used by","  ps(1  ). It is"
"kwintessential.co.uk",", this is"," used by","  mount(1  ) to"
"kwintessential.co.uk","This is"," used by","  free(1  ) to"
"eduserv.org.uk","said could be"," used by","  visitors  . The"
"york.ac.uk","are widely"," used by","  athletes  and"
"york.ac.uk","large doses"," used by","  athletes  ."
"sundaymail.co.uk","temps are"," used by","  companies  to"
"incore.ulst.ac.uk","are"," used by",""
"pocket-lint.co.uk","strategies"," used by","  teachers  and"
"pocket-lint.co.uk","strategies"," used by","  teachers"
"pocket-lint.co.uk","strategies"," used by","  teachers"
"pocket-lint.co.uk","strategies"," used by","  pupils  are"
"pocket-lint.co.uk","strategies"," used by","  pupils  Pupil"
"pocket-lint.co.uk","strategies"," used by","  pupils  Pupil"
"spartacus.schoolnet.co.uk","It could not be"," used by","  someone  who"
"nationalschool.gov.uk","often been"," used by","  Republicans"
"nationalschool.gov.uk","and"," used by","  Republicans"
"nationalschool.gov.uk","'' The term"," used by","  Republicans"
"nationalschool.gov.uk","occasionally"," used by","  Republicans"
"nationalschool.gov.uk","'' is the term"," used by","  Nationalists"
"nationalschool.gov.uk","'' A term"," used by","  Unionists  and"
"nationalschool.gov.uk","'' This is a term"," used by","  Nationalists"
"nationalschool.gov.uk","exclusively,"," used by","  Unionists  and"
"nationalschool.gov.uk","is a euphemism"," used by","  people  in"
"nationalschool.gov.uk","commonly"," used by","  supporters"
"nationalschool.gov.uk","Veto '' Term"," used by","  Nationalists"
"nationalschool.gov.uk","term"," used by","  Nationalists"
"spartacus.schoolnet.co.uk","and models are"," used by","  governments"
"number-10.gov.uk","Dogs are often"," used by","  gamekeepers"
"english-heritage.org.uk","guidance"," used by","  officials  in"
"wdm.org.uk","fighting"," used by",""
"painsupport.co.uk","in operation,"," used by","  students  on"
"tate.org.uk","as those"," used by","  tcpdump(8  )"
"bnp.org.uk","The system"," used by","  trade  marks"
"undiscoveredscotland.co.uk","Base which is"," used by","  contact"
"burnyourbonus.co.uk","search path"," used by","  exec*p*(  ) if"
"acegamez.co.uk","currently"," used by","  competition"
"starlink.rl.ac.uk","guidance"," used by","  staff  in"
"fortunecity.co.uk","monitors are"," used by","  athletes  and"
"cf.ac.uk",": Strategies"," used by","  11-year-olds"
"cf.ac.uk",": Strategies"," used by","  11-year-olds"
"casi.org.uk","terminology"," used by","  projects  . And"
"justkampers.co.uk","regularly"," used by","  teachers  in"
"justkampers.co.uk","to be"," used by","  children  with"
"futuremovies.co.uk",", which can be"," used by","  track  workers"
"cpgb.org.uk","21 years old."," Used by","  permission  of"
"futurelab.org.uk","). OPTIONS -p"," Used by","  getty(8  ) to"
"developments.org.uk","thinking"," used by","  tens  of"
"cs.bham.ac.uk","are heavily"," used by","  pupils  during"
"iwar.org.uk","Act, has been"," used by","  celebrity  f"
"news.zdnet.co.uk",". This is"," used by","  detainees  who"
"news.zdnet.co.uk",". This is"," used by","  detainees  who"
"acegamez.co.uk","long sidings"," used by","  track"
"forum.anothersite.co.uk","of building"," used by","  council"
"forum.anothersite.co.uk","council depot"," used by","  refuse"
"chester.ac.uk","a trade route"," used by","  locals  dates"
"transglobal-aerospace.co.uk","guidance"," used by","  officials  in"
"transglobal-aerospace.co.uk","and can be"," used by","  people"
"lse.ac.uk","paths still"," used by","  travellers  on"
"eprints.gla.ac.uk","''s, Wick was"," used by","  sailors  to"
"thegoodwebguide.co.uk","will be"," used by","  teaching  and"
"bitc.org.uk","which may be"," used by","  anglers"
"brookes.ac.uk","have been"," used by","  ruling  groups"
"lse.ac.uk","displays"," used by","  pilots  to lock"
"lse.ac.uk","displays "" -"," used by","  pilots  to lock"
"moviemail-online.co.uk","bamboo pole is"," used by","  everyone  ,"
"rhs.org.uk","commonly"," used by","  bomb  disposal"
"ff1600.co.uk","photographs"," used by","  people  on"
"mygen.co.uk","platform,"," used by","  scientists"
"eprints.ecs.soton.ac.uk","which can be"," used by","  anyone"
"dca.gov.uk","pathway"," used by","  strain  and"
"hm-treasury.gov.uk","common method"," used by","  fraudsters  ."
"history.ac.uk","very commonly"," used by","  web  site"
"users.ox.ac.uk","is still"," used by","  farmers"
"users.ox.ac.uk","are regularly"," used by","  hunt"
"number-10.gov.uk","email lists"," used by","  societies  etc"
"jr2.ox.ac.uk","had first been"," used by",""
"burnyourbonus.co.uk","it is mainly"," used by","  pedestrians"
"hmrc.gov.uk","that can be"," used by","  teachers  ,"
"futurelab.org.uk",": Strategies"," used by","  11-year-olds"
"futurelab.org.uk",": Strategies"," used by","  11-year-olds"
"cain.ulst.ac.uk","). It is"," used by","  hospital"
"incore.ulst.ac.uk","SPSS have been"," used by","  analysts  to"
"jncc.gov.uk","steroids"," used by","  athletes  . How"
"somewhere.org.uk",""" Mavis Grind """," used by","  Vikings  as a"
"stalbans.gov.uk","well"," used by","  students  ?"
"personalfinance.iii.co.uk","of drugs"," used by","  prisoners  and"
"otherlandtoys.co.uk","if the card is"," used by","  someone  else."
"bfi.org.uk:8080","and complexes"," used by","  regime"
"vts.rdn.ac.uk","should be"," used by","  teachers  in"
"cpgb.org.uk","mistakenly"," used by","  politicians"
"number-10.gov.uk","also heavily"," used by","  students  from"
"ciao.co.uk","tolerances"," used by","  off-line  test"
"projects.ex.ac.uk","","used by","  people  with MS"
"users.ox.ac.uk","as strategies"," used by","  teachers  in"
"defra.gov.uk","criteria"," used by","  employers  to"
"headheritage.co.uk","Hall is well"," used by","  students  and"
"patent.gov.uk","India Baby."," Used by","  soldiers  in"
"tandf.co.uk","habitat being"," used by","  S01  . The"
"patent.gov.uk","SR-16 has been"," used by","  everyone  from"
"guardian.co.uk","XDR encoding"," used by","  default  as PVM"
"casi.org.uk","charac- ter. (","Used by","  shl  only. )"
"manchesteronline.co.uk","escape routes"," used by","  slaves  , and"
"city.ac.uk","and twigs, are"," used by","  cooks  to"
"eduserv.org.uk","solution"," used by","  web  site"
"cgi.ebay.co.uk","same rules as"," used by","  arithmetic"
"qub.ac.uk","where the till"," used by","  staff  for"
"netlawman.co.uk","is a phrase"," used by","  politicians"
"burnyourbonus.co.uk","way, cut water"," used by","  two-thirds  ."
"thegoodwebguide.co.uk","frequently"," used by","  terrorists  as"
"clieuk.co.uk","which can be"," used by","  individuals"
"foe.co.uk","fore cabin was"," used by","  staff  and"
"opsi.gov.uk","and routinely"," used by","  families  with"
"city.ac.uk","mosque is"," used by","  worshippers"
"birdtours.co.uk","and rights"," used by","  defence"
"tandf.co.uk","now become"," used by","  crack  cocaine"
"physiol.ox.ac.uk","hedonism are"," used by","  capitalism  as"
"burnyourbonus.co.uk",") function,"," used by","  lsof  or any"
"eng.warwick.ac.uk","search terms"," used by","  users  , to"
"skuds.co.uk","cannot be"," used by","  anyone  else."
"bized.ac.uk","and practices"," used by",""
"andrewduffmep.org.uk","them being"," used by","  money"
"forum.anothersite.co.uk","desire to be"," used by","  something"
"soulwalking.co.uk","can even be"," used by","  adults  at the"
"admin.cam.ac.uk","to the eye are"," used by","  navigators  ."
"history.ac.uk","and cannot be"," used by","  anybody  else."
"nwda.co.uk","months. It was"," used by","  Romans  during"
"nwda.co.uk","were once"," used by","  chimney"
"paulflynnmp.co.uk",". They are well"," used by","  locals"
"paulflynnmp.co.uk","the next route"," used by","  traffic"
"burnyourbonus.co.uk","then able to be"," used by","  someone  who"
"number-10.gov.uk","no doubt be"," used by","  others"
"tandf.co.uk","which can be"," used by","  schools  and"
"classic-literature.co.uk","as those"," used by","  strftime(  );"
"jr2.ox.ac.uk","are"," used by","  scientists"
"brad.ac.uk",". They can be"," used by","  beginners  for"
"sundaymail.co.uk","cards as"," used by","  today  ''s"
"irr.org.uk","of punishment"," used by","  whites"
"irr.org.uk","that can be"," used by","  teachers  ,"
"number-10.gov.uk","must not be"," used by","  companies  to"
"lse.ac.uk","to be"," used by","  aviation"
"arts.guardian.co.uk","medicine"," used by","  millions  for"
"chester.ac.uk",", and can be"," used by","  endurance"
"personalfinance.iii.co.uk","TeX or LaTeX,"," used by",""
"nottingham.ac.uk","this phrase"," used by","  observers"
"penguinclassics.co.uk","methods being"," used by","  government"
"thestage.co.uk","test"," used by","  courts  to"
"undiscoveredscotland.co.uk","might be"," used by","  liability"
"bized.ac.uk","infrequently"," used by","  ferries  ),"
"rhs.org.uk","size limits"," used by","  repr(  ) and the"
"computerarts.co.uk","route"," used by","  shepherds  . """
"cnetwork.co.uk","graphics are"," used by","  USGS  with"
"headheritage.co.uk","routines"," used by","  res_query(  )."
"headheritage.co.uk","This option is"," used by",""
"bl.uk","","used by","  researchers"
"jr2.ox.ac.uk",". It has been"," used by","  thousands  of"
"inminds.co.uk","2183) is often"," used by","  web"
"sitcom.co.uk","86. Methods"," used by","  community"
"news.bbc.co.uk","mechanisms"," used by","  search"
"kwintessential.co.uk","are"," used by","  thousands  ..."
"cabe.org.uk","the routes"," used by","  saboteurs  are"
"cabe.org.uk","If a terrier is"," used by","  permission  of"
"leeds.gov.uk",", Hyde is"," used by","  people  of many"
"leeds.gov.uk",". Hyde has been"," used by","  nationalists"
"leeds.gov.uk",". He has been"," used by","  advocates  of"
"british-history.ac.uk","global medium"," used by","  hundreds  of"
"news.zdnet.co.uk","methods"," used by","  mapmakers  to"
"news.zdnet.co.uk","and practices"," used by",""
"taxfreegold.co.uk","to the eye are"," used by","  navigators  ."
"riversidestudios.co.uk","skills"," used by","  managers"
"dailymail.co.uk","","used by","  students  ,"
"paulflynnmp.co.uk","that can be"," used by","  agencies  to"
"dumgal.gov.uk","frequently"," used by","  supporters  of"
"brookes.ac.uk","judgments are"," used by","  way  of"
"phpfreenews.co.uk","designed to be"," used by","  children  ,"
"bnp.org.uk","has been"," used by","  teachers  and"
"patp3.webbler.co.uk","trusts"," used by","  borough"
"defra.gov.uk","spectrum are"," used by","  astronomers"
"mtv.co.uk","that was"," used by","  hackers  in the"
"mtv.co.uk","being"," used by","  attackers  . At"
"foe.co.uk","and can be"," used by","  schools"
"newswales.co.uk","","used by","  children  who"
"robert-louis-stevenson.classic-literature.co.uk","was mostly"," used by","  visitors  to"
"penguinclassics.co.uk","charac- ter. (","Used by","  shl  only. )"
"history.ac.uk","strategies"," used by","  competitors"
"ysbl.york.ac.uk","which could be"," used by","  registration"
"bupa.co.uk","Designed to be"," used by","  parishes  and"
"number-10.gov.uk","bugles were"," used by","  fishermen  ,"
"number-10.gov.uk","an instrument"," used by","  minstrels  and"
"acegamez.co.uk",". Can be"," used by","  anyone  The"
"acegamez.co.uk","that it can be"," used by","  anyone  on a"
"photo-i.co.uk","pathways are"," used by","  students  for"
"manchester.gov.uk","that might be"," used by","  hundreds  of"
"sfc.ac.uk","of byways"," used by","  motorists  ,"
"mailman.ic.ac.uk","needs. It is"," used by","  fortune  100"
"hants.gov.uk","being"," used by","  institutions"
"jr2.ox.ac.uk","that can be"," used by","  policy  makers"
"journalonline.co.uk","corpus can be"," used by","  researchers  ."
"spartacus.schoolnet.co.uk","could be"," used by","  terrorists"
"clieuk.co.uk","technology"," used by","  recording"
"sanger.ac.uk","is already"," used by","  travellers"
"kwintessential.co.uk","attributions"," used by","  teachers"
"moviemail-online.co.uk","currently"," used by","  retailers  ."
"undiscoveredscotland.co.uk","most commonly"," used by","  respondents"
"socialistunitynetwork.co.uk","","used by",""
"eatwell.gov.uk","is now widely"," used by","  universities"
"qub.ac.uk","to have been"," used by","  impostors"
"observer.guardian.co.uk","inks that are"," used by","  pigment"
"spamfo.co.uk","As PRBS may be"," used by","  partner"
"patp3.webbler.co.uk","systems"," used by","  cyclists  ."
"clieuk.co.uk","model(s) of UI"," used by","  trusts  ii)"
"policyhub.gov.uk","increasingly"," used by","  unionists  to"
"dur.ac.uk","can be"," used by",""
"history.ac.uk","and is often"," used by","  doctors  and"
"classic-literature.co.uk","technology is"," used by",""
"dca.gov.uk","that can be"," used by","  students  at"
"cheng.cam.ac.uk","the horses"," used by","  hunt  staff."
"cheng.cam.ac.uk","of horses"," used by","  staff  and"
"policyhub.gov.uk","two servers"," used by","  Indymedia  , an"
"jr2.ox.ac.uk","should be"," used by","  applicants"
"forum.anothersite.co.uk","and currently"," used by","  others  within"
"forum.digitalspy.co.uk","This figure is"," used by","  industry  to"
"kingston.gov.uk","that is"," used by","  people  who"
"undiscoveredscotland.co.uk","will not be"," used by","  others  for"
"bnp.org.uk","'' (CFB)"," used by","  swimmers  in an"
"spartacus.schoolnet.co.uk","tobacco is"," used by","  half  of Sweden"
"undiscoveredscotland.co.uk","commonly"," used by","  employers  to"
"wessexscene.co.uk",", Oxford."," Used by","  permission  of"
"britishempire.co.uk","resources"," used by","  control  and"
"chem.ox.ac.uk","that can be"," used by","  groups  hiring"
"bupa.co.uk","normal and is"," used by","  everyone  to"
"manchesteronline.co.uk","; and it is"," used by","  people  . Many"
"routeone.co.uk","of punishment"," used by","  whites"
"routeone.co.uk","that can be"," used by","  teachers  ,"
"cygnus-books.co.uk","systems"," used by","  treatment"
"holdthefrontpage.co.uk","will only be"," used by","  officers"
"transglobal-aerospace.co.uk","which can be"," used by","  rogues  in this"
"customs.hmrc.gov.uk","likely to be"," used by","  teachers  who"
"rhs.org.uk","which they are"," used by","  researchers  ."
"pparc.ac.uk","which is being"," used by","  oppressors"
"poetrysociety.org.uk","to energy"," used by","  businesses  ("
"news.zdnet.co.uk","motorcycles"," used by","  outriders  and"
"shef.ac.uk","which can be"," used by","  everyone  -"
"holdthefrontpage.co.uk","rail, as"," used by","  contractors"
"southbucks.gov.uk","processed and"," used by","  resolvers  and"
"patp3.webbler.co.uk","because it is"," used by","  web  search"
"classic-literature.co.uk","known to be"," used by","  walkers  . Dog"
"bitc.org.uk","freshwater"," used by","  humans  each"
"bitc.org.uk","is so heavily"," used by","  farmers  that"
"geos.ed.ac.uk","were being"," used by","  tax  agents"
"business.guardian.co.uk",". It was also"," used by","  companions  of"
"shop.earthscan.co.uk",""" Go Pills """," used by","  pilots  to stay"
"ears.dmu.ac.uk","features"," used by","  subjects  when"
"skuds.co.uk","presentation"," used by","  FSA  speakers"
"greenparty.org.uk","same as those"," used by","  forward-word"
"greenparty.org.uk","same as those"," used by",""
"cpgb.org.uk","chair once"," used by","  attendants"
"netlawman.co.uk","are safely"," used by","  millions  of"
"taxfreegold.co.uk","are widely"," used by","  students  ; one"
"news.zdnet.co.uk","that could be"," used by",""
"defra.gov.uk",". They are"," used by","  investors  to"
"rcpbml.org.uk",". They are"," used by","  Hindus  , as"
"neptunepinkfloyd.co.uk","mechanism"," used by","  politicians"
"psigate.ac.uk","that ''s still"," used by","  filmmakers"
"web.ukonline.co.uk","been widely"," used by","  development"
"politics.guardian.co.uk","of war had been"," used by","  units"
"patent.gov.uk","now become"," used by","  crack  cocaine"
"ears.dmu.ac.uk","them are later"," used by","  spammers  . Do"
"clieuk.co.uk","picked up and"," used by","  newspapers  as"
"bfi.org.uk:8080","access will be"," used by","  vehicles"
"theregister.co.uk","'' owned and"," used by","  teachers  and"
"watford3r-pct.nhs.uk","seen being"," used by","  GIs  in the"
"dca.gov.uk","testing may be"," used by","  virtue  of a"
"number-10.gov.uk","a mailing list"," used by","  service"
"neptunepinkfloyd.co.uk","'' titles"," used by","  developers  in"
"phrases.org.uk","care services"," used by","  drug  misusers"
"skuds.co.uk","is commonly"," used by","  pollsters  ."
"psigate.ac.uk","software is"," used by","  choice  as part"
"cain.ulst.ac.uk",""" IFR "" is also"," used by","  aviators  and"
"cain.ulst.ac.uk","is also a term"," used by","  pilots  and"
"skuds.co.uk",") casually"," used by","  someone  who"
"patent.gov.uk","of punishment"," used by","  whites"
"cain.ulst.ac.uk","), that are"," used by","  antivirus"
"cain.ulst.ac.uk","that are"," used by","  viruses"
"fortunecity.co.uk","is meant to be"," used by","  linguists  as"
"shef.ac.uk","very heavily"," used by","  students  on"
"i-sis.org.uk",". CrossRef is"," used by","  publishers  to"
"cpgb.org.uk","regime were"," used by","  nationalists"
"patent.gov.uk","to that"," used by","  date(1  ). -t"
"patent.gov.uk","scheme"," used by","  tcpslice  to"
"brookes.ac.uk","which can be"," used by","  everyone  who"
"shef.ac.uk","likely to be"," used by","  researchers"
"union.ic.ac.uk","which can be"," used by","  subscribers"
"pocket-lint.co.uk","information"," used by","  learners  is"
"tate.org.uk","21 years old."," Used by","  permission  of"
"britishempire.co.uk",", a method"," used by","  spammers  to"
"hud.ac.uk","function is"," used by","  check(  ) as a"
"refer.nhs.uk","ultimate fuel"," used by","  muscles  for"
"patp3.webbler.co.uk","questioning"," used by","  interviewers"
"poetrysociety.org.uk","were"," used by","  officers  on"
"undiscoveredscotland.co.uk","now commonly"," used by",""
"bfi.org.uk:8080","can be"," used by","  anyone"
"bfi.org.uk:8080","can be"," used by","  anyone  on foot"
"bfi.org.uk:8080","is being"," used by","  anybody  not"
"bnp.org.uk","needs. It is"," used by","  fortune  100"
"observer.guardian.co.uk","a building"," used by","  militants  in"
"televisionheaven.co.uk","are also"," used by","  research"
"rvc.ac.uk","can be"," used by","  investors  to"
"paulflynnmp.co.uk","occasionally"," used by","  fertiliser"
"shef.ac.uk","of methods"," used by","  crackers  to"
"transglobal-aerospace.co.uk","on the care"," used by","  authors  in"
"athelstane.co.uk","initiative"," used by",""
"classic-literature.co.uk",", which were"," used by","  country  folk"
"projects.ex.ac.uk","'' was commonly"," used by","  witnesses"
"fishandfly.co.uk","which is"," used by",""
"mfiles.co.uk","numbers can be"," used by","  anyone  ,"
"lists.grok.org.uk","strategies"," used by","  lions  . The"
"tdwaterhouse.co.uk","the computers"," used by","  scientists"
"tdwaterhouse.co.uk","is now"," used by","  people  across"
"le.ac.uk","Scheme is"," used by","  employers  of"
"richmond.ac.uk","been mainly"," used by",""
"netribution.co.uk","! We are also"," used by","  companies  as a"
"orangeprize.co.uk","a piece of wood"," used by","  miners  and by"
"www3.open.ac.uk","and will be"," used by","  trading"
"burnyourbonus.co.uk",", they could be"," used by","  someone  else."
"brad.ac.uk","was then"," used by","  train"
"bubl.ac.uk","system"," used by","  combat  , CS,"
"bubl.ac.uk","instrument"," used by","  field"
"durham21.co.uk","ourselves be"," used by","  governments"
"burnyourbonus.co.uk","are later"," used by","  flycatchers  ,"
"heacademy.ac.uk","SAQ) have been"," used by","  sports"
"mtv.co.uk","Machinery"," used by","  miners  over"
"stalbans.gov.uk","was primarily"," used by",""
"darlington.gov.uk","slot may be"," used by","  others  . If you"
"ucl.ac.uk","of CS gas"," used by","  troops  is the"
"classic-literature.co.uk","about tactics"," used by","  electricity"
"durham21.co.uk","have also been"," used by","  adults  and"
"mqmagazine.co.uk","design often"," used by","  model  railway"
"mfiles.co.uk","common method"," used by","  club  members"
"reviewing.co.uk","data format"," used by","  pickle  is"
"dfid.gov.uk","is frequently"," used by","  teachers  ,"
"dfid.gov.uk","that can be"," used by","  students"
"pcpro.co.uk","programs"," used by","  sprinters"
"developments.org.uk","a view to being"," used by","  employers  or"
"duxford.iwm.org.uk","and is often"," used by","  historians  to"
"gimbo.org.uk","Ireland."," Used by","  permission  of"
"cpgb.org.uk","purposefully"," used by","  governments"
"sanger.ac.uk","port is mainly"," used by","  supertankers"
"fishandfly.co.uk","junction is"," used by","  trains  from"
"fishandfly.co.uk","junction was"," used by","  services  frm"
"mqmagazine.co.uk","first term is"," used by","  nationalists"
"www3.open.ac.uk","upon the care"," used by","  authors  in"
"crystal.dircon.co.uk","3:151, often"," used by","  terrorists  ."
"chm.org.uk","PSYOPS to be"," used by","  politicians"
"bl.uk","designed to be"," used by","  people"
"ariadne.ac.uk","and buildings"," used by","  charities  for"
"bupa.co.uk","normally only"," used by","  code  that"
"bupa.co.uk","normally only"," used by","  code  that"
"taxfreegold.co.uk",". His work was"," used by","  magazines"
"bubl.ac.uk","resources"," used by","  researchers"
"shef.ac.uk","they are often"," used by","  publishers"
"qub.ac.uk","procedures"," used by","  units  in"
"rhs.org.uk","upon the care"," used by","  authors  in"
"politics.co.uk","currency unit"," used by","  twelve"
"aiai.ed.ac.uk","pests and"," used by","  gamekeepers"
"iwar.org.uk","Code has been"," used by","  millions  of"
"projects.ex.ac.uk","effects app"," used by","  broadcast"
"soi.city.ac.uk",", a number"," used by","  investors  to"
"nutcote.demon.co.uk","so far been"," used by","  parents  to"
"paulflynnmp.co.uk","on an office"," used by","  forces  loyal"
"earlymodernweb.org.uk","to be"," used by","  students  is"
"www3.open.ac.uk","acquired and"," used by","  terrorists  is"
"thegoodwebguide.co.uk","is Roar,"," used by","  muscle  cars"
"eoc-law.org.uk","methods are"," used by","  traffickers"
"robert-louis-stevenson.classic-literature.co.uk","which could be"," used by","  greys  to"
"cygnus-books.co.uk","is also a term"," used by","  Orangemen"
"phrases.org.uk","is meant to be"," used by","  anyone"
"acegamez.co.uk","same format as"," used by","  gl  ."
"tyndale.cam.ac.uk","substances"," used by","  members  of"
"brianmac.demon.co.uk","the drugs"," used by","  members  of"
"brianmac.demon.co.uk","places mainly"," used by","  men  . NWLHPU/"
"psigate.ac.uk","apparatus"," used by","  scholars  . It"
"dailymail.co.uk","already much"," used by","  people  who"
"seniorsnetwork.co.uk","which can be"," used by","  surfers  to"
"lse.ac.uk","that have been"," used by","  bathers  , dogs"
"casi.org.uk","can only be"," used by","  callers  on the"
"wessexscene.co.uk","it can be"," used by","  groups  to"
"stalbans.gov.uk","intensively"," used by","  walkers  ."
"stalbans.gov.uk","'' that are"," used by","  animals"
"stalbans.gov.uk","that will be"," used by","  woodland"
"myweb.lsbu.ac.uk","on occasions"," used by","  people  who"
"gopetition.co.uk","dates dates"," used by","  formulae"
"crystal.dircon.co.uk","up it was only"," used by","  nerds  . Here we"
"fishandfly.co.uk","being"," used by","  cataloguers  ."
"teentoday.co.uk","block and was"," used by","  boys  and girls"
"athelstane.co.uk","bindings are"," used by","  default  ("
"athelstane.co.uk","to the ` - ''"," used by","  cd  and pushd."
"mfiles.co.uk","which are"," used by",""
"doc.ic.ac.uk","designed to be"," used by","  children  in"
"doc.ic.ac.uk","designed to be"," used by","  children  in"
"greenparty.org.uk","the Stn and SFA"," used by","  RAF  Marham"
"richmond.ac.uk","are"," used by","  depressives"
"cs.bham.ac.uk","","used by","  academics  in"
"inminds.co.uk","Code has been"," used by","  millions  of"
"casi.org.uk","locations"," used by","  members  of the"
"casi.org.uk","to be"," used by","  anyone  , or"
"patent.gov.uk","PCTs and is now"," used by","  community"
"bfi.org.uk:8080","commonly"," used by","  employers  to"
"paulflynnmp.co.uk","The term can be"," used by","  anyone  at"
"heacademy.ac.uk","Times was"," used by","  government"
"burnyourbonus.co.uk","information"," used by","  leaders  to"
"manchester.gov.uk","initiative"," used by",""
"bjhc.co.uk","methods"," used by","  troops  or"
"bjhc.co.uk","methods"," used by","  units  to"
"capita.co.uk","from that"," used by","  adults  . In"
"socialistunitynetwork.co.uk","more limited,"," used by","  commanders  to"
"cygnus-books.co.uk","be able to be"," used by","  MedHist  in any"
"maplin.co.uk","have been"," used by","  someone  else."
"railscot.co.uk","is sometimes"," used by","  network  cards"
"richmond.ac.uk","of course be"," used by","  teachers"
"rhs.org.uk",", currently"," used by","  individuals"
"ess.uwe.ac.uk","the term is"," used by",""
"ess.uwe.ac.uk","the term is"," used by",""
"hm-treasury.gov.uk","Doctors can be"," used by","  anyone  who"
"wdm.org.uk","buildings"," used by","  charities  is"
"eatwell.gov.uk","system"," used by","  combat  , CS,"
"eatwell.gov.uk","instrument"," used by","  field"
"eatwell.gov.uk","system will be"," used by","  engineer"
"spamfo.co.uk","is frequently"," used by","  teachers  ,"
"spamfo.co.uk","can be"," used by","  teachers  and"
"irr.org.uk","force terms"," used by","  mariners"
"irr.org.uk",", that can be"," used by","  resource"
"acegamez.co.uk","and may well be"," used by","  belligerents"
"ucl.ac.uk","from all ALSE"," used by","  flight  crew"
"cs.bham.ac.uk","should not be"," used by","  extension"
"paulflynnmp.co.uk",". It is"," used by","  media"
"huntinginquiry.gov.uk","techniques"," used by","  geologists  to"
"stalbans.gov.uk","to the ones"," used by","  divers  for"
"iglookids.co.uk","ones. The path"," used by","  tankers"
"projects.ex.ac.uk","vehicles"," used by","  occupiers  or"
"projects.ex.ac.uk","vehicles"," used by","  occupiers  or"
"projects.ex.ac.uk","vehicles"," used by","  occupiers  or"
"projects.ex.ac.uk","vehicles"," used by","  occupiers  or"
"dca.gov.uk","is one process"," used by","  soldiers  to"
"dca.gov.uk","IV that are"," used by","  maintenance"
"birdtours.co.uk","also the tools"," used by","  astronomers  ."
"reviewing.co.uk","and methods"," used by","  criminals  to"
"taxfreegold.co.uk","comparison"," used by","  ministers"
"roadrunnerrecords.co.uk","particularly"," used by","  politicians"
"ucl.ac.uk","is also often"," used by","  travellers  in"
"chester.ac.uk",". The pub was"," used by","  members  of the"
"news.cnet.co.uk","widely"," used by","  tourists  and"
"graigfarm.co.uk","been widely"," used by",""
"taxfreegold.co.uk","expected to be"," used by","  panels  in the"
"patent.gov.uk","being"," used by","  device"
"visitsouthwest.co.uk","aid"," used by","  mariners  and"
"nta.nhs.uk","have been"," used by","  others  . But"
"fantasticfiction.co.uk","is being"," used by","  academics  in"
"tech.plym.ac.uk","could be being"," used by","  terrorists  to"
"futuremovies.co.uk","is being"," used by","  practice"
"psigate.ac.uk","","used by","  depmod  and"
"photo-i.co.uk","speech can be"," used by","  anyone  good or"
"netribution.co.uk","speech can be"," used by","  anyone  good or"
"rvc.ac.uk","speech can be"," used by","  anyone  good or"
"refer.nhs.uk","effectively"," used by","  groups  and by"
"refer.nhs.uk",". It can be"," used by","  trainers  and"
"refer.nhs.uk",", clearly, be"," used by","  individuals"
"nta.nhs.uk","the word being"," used by","  Pakistanis"
"fantasticfiction.co.uk","are"," used by","  people  , not"
"bucksfreepress.co.uk",""" and has been"," used by","  distance"
"dca.gov.uk","Departure (%)"," used by","  visitors  to"
"dca.gov.uk","(%)"," used by","  visitors  ,"
"rafmarham.co.uk","''s a mechanism"," used by","  donor"
"untoldlondon.org.uk","being"," used by","  radio  ''s "" In"
"ucisa.ac.uk","which could be"," used by","  projects"
"nwda.co.uk","science is"," used by","  governments"
"brianmac.demon.co.uk","this can be"," used by","  managers  to"
"thegoodwebguide.co.uk","is being"," used by","  donor"
"televisionheaven.co.uk",". This was"," used by","  project"
"futurelab.org.uk","terms that are"," used by","  storm"
"gimbo.org.uk","harvesters"," used by","  spammers  . The"
"gimbo.org.uk","harvesters"," used by","  spammers  . The"
"rhs.org.uk","that can be"," used by","  businesses  to"
"politics.co.uk","a list of ports"," used by","  trojans--but"
"hmrc.gov.uk","index (BMI) is"," used by","  healthcare"
"mark-twain.classic-literature.co.uk","terminology"," used by","  horologists  ."
"eprints.gla.ac.uk","that are"," used by","  crops  growing"
"skuds.co.uk","institutions"," used by","  men  . The goal"
"www3.open.ac.uk",". ABM is"," used by","  students  and"
"dvdtimes.co.uk","are being"," used by","  governments"
"transglobal-aerospace.co.uk","routinely"," used by","  earth"
"fantasticfiction.co.uk","cartouche is"," used by","  bishops  and"
"wdm.org.uk","to one that is"," used by","  spammers  to"
"cf.ac.uk","techniques"," used by","  economists"
"ucisa.ac.uk","solvent model"," used by","  refmac  led to a"
"cs.bham.ac.uk","should not be"," used by","  prosecutors  ."
"shef.ac.uk","and have been"," used by","  ''College"
"archive.food.gov.uk","that have been"," used by","  farmers  in"
"cnetwork.co.uk",". It has been"," used by","  musicians  of"
"southbucks.gov.uk","that can be"," used by","  teachers  both"
"ioe.ac.uk",". new picture"," Used by","  controller  or"
"earlymodernweb.org.uk","enforcement"," used by","  creditors  to"
"futurelab.org.uk","devices"," used by","  writers  of"
"futurelab.org.uk","of Komatsu,"," used by","  geese  , swans"
"bized.ac.uk","most often"," used by","  negotiators  ."
"blue-witch.co.uk","being"," used by","  patients  in"
"fortunecity.co.uk","aid"," used by","  mariners  and"
"bbc.co.uk","can be"," used by","  electricity"
"bbc.co.uk","and energy"," used by",""
"transglobal-aerospace.co.uk","is now being"," used by","  web"
"cnetwork.co.uk","claim widely"," used by","  competitors  ."
"cnetwork.co.uk","units can be"," used by","  patients  in"
"doc.ic.ac.uk",", which were"," used by","  raptors  as"
"cnetwork.co.uk","definitions"," used by","  non-gays  ("
"richmond.ac.uk","the cod latin"," used by","  jugglers  (as"
"richmond.ac.uk","that are still"," used by","  conjurers  to"
"shef.ac.uk","medicines"," used by","  children  of"
"richmond.ac.uk","was hardly"," used by","  pedestrians"
"chester.ac.uk",", is widely"," used by","  consumers  to"
"bnp.org.uk","can also be"," used by","  sprinters  as a"
"theregister.co.uk","should not be"," used by","  people  with"
"rejesus.co.uk","name have been"," used by","  performers  as"
"futuremovies.co.uk","Class IX(A)?"," used by",""
"entsweb.co.uk","of the sort"," used by","  sprinters  for"
"cs.bham.ac.uk","and altitude"," used by","  attack"
"cnetwork.co.uk",", it was"," used by","  gangs  to"
"sundaymail.co.uk","may have been"," used by","  troops"
"publications.parliament.uk",", and this is"," used by","  people  very"
"cs.bham.ac.uk","they have been"," used by","  millions  of"
"seniorsnetwork.co.uk","to those"," used by","  opticians"
"kwintessential.co.uk","pages"," used by","  search"
"nwda.co.uk","the methods"," used by","  geologists  to"
"thegoodwebguide.co.uk","products are"," used by","  hundreds  of"
"cpgb.org.uk","may be"," used by","  individuals"
"somewhatmuchly.co.uk","being"," used by","  collections"
"poetrysociety.org.uk","myths"," used by","  supporters  of"
"gimbo.org.uk","should be"," used by","  lenders  when"
"dfid.gov.uk","are sometimes"," used by","  researchers  ,"
"bupa.co.uk","to those"," used by","  sprinters  -"
"nwda.co.uk","for the tools"," used by","  buddies  be the"
"action-tv.org.uk","solutions"," used by","  enterprises  ,"
"blogs.guardian.co.uk","at tracks"," used by","  smugglers"
"developments.org.uk","OSes"," used by","  handset"
"bathnes.gov.uk","workbenches"," used by","  companies"
"bitc.org.uk","making"," used by","  parents  , and"
"eprints.gla.ac.uk","[ 1 ] that can be"," used by","  nurses  at the"
"number-10.gov.uk","speech can be"," used by","  anyone  good or"
"wdm.org.uk","upon the care"," used by","  authors  in"
"mailman.ic.ac.uk","as commonly"," used by","  historians  ,"
"ess.uwe.ac.uk","week. It can be"," used by","  railway"
"ess.uwe.ac.uk","use, could be"," used by","  anybody  , so"
"headheritage.co.uk",", may be"," used by","  television"
"thegayvote.co.uk","weapons being"," used by","  groups  like"
"kent.ac.uk","terminology"," used by","  horologists  ."
"rhs.org.uk","there and were"," used by","  escapees  ."
"bfi.org.uk:8080",". ABM is"," used by","  students  and"
"phrases.org.uk","tools"," used by","  menus  and"
"phrases.org.uk","that it can be"," used by","  novices  , like"
"megalithic.co.uk","enforcement"," used by","  creditors  to"
"tech.plym.ac.uk","programs"," used by","  search"
"filmfocus.co.uk","which can be"," used by","  staff  in their"
"spamfo.co.uk","are now widely"," used by","  traders  and"
"spamfo.co.uk","all swaps"," used by","  companies"
"cgi.ebay.co.uk","should not be"," used by","  employers  as"
"durham21.co.uk","previously"," used by","  hunting  to"
"socialistunitynetwork.co.uk","active agents"," used by","  participants"
"duxford.iwm.org.uk","and"," used by","  researchers"
"refer.nhs.uk","is typically"," used by","  pro-  grams"
"iii.co.uk","upon the care"," used by","  authors  in"
"sciencecityyork.org.uk","2183) is often"," used by","  web"
"wdm.org.uk","ink is"," used by","  typists  . So if"
"forum.anothersite.co.uk","main concepts"," used by","  historians  ("
"mqmagazine.co.uk","and buildings"," used by","  charities  for"
"ff1600.co.uk","well known and"," used by","  tourists  to"
"capita.co.uk","frequently"," used by","  Loyalists  . It"
"socialistunitynetwork.co.uk","which could be"," used by","  trucks  ,"
"cain.ulst.ac.uk","being"," used by","  help  desk"
"sussex.ac.uk","as these be"," used by","  tutors  in"
"myweb.lsbu.ac.uk","should be"," used by","  students  to"
"foe.co.uk","which is"," used by","  students  to"
"inminds.co.uk","market and"," used by","  people  like"
"taxfreegold.co.uk","were then"," used by","  members  of the"
"eatwell.gov.uk",", a Roman motel"," used by","  officials  in a"
"nhs.uk","to be"," used by","  restore(8  ) to"
"wdm.org.uk","well as energy"," used by","  households  to"
"fishandfly.co.uk","terminology"," used by","  researchers"
"tech.plym.ac.uk","which has been"," used by","  artists  from"
"kwintessential.co.uk","CINs may be"," used by","  people  who"
"dvdtimes.co.uk","is frequently"," used by","  divers  ."
"theregister.co.uk","intended to be"," used by","  Samaritan  ''s"
"mark-twain.classic-literature.co.uk","now become"," used by","  crack  cocaine"
"overclock.co.uk","are also being"," used by","  others  , or"
"tech.plym.ac.uk","effectively"," used by","  crops  growing"
"futurelab.org.uk","but is also"," used by","  people  of"
"bgsnet.org.uk","patterns were"," used by","  others  in the"
"janus.lib.cam.ac.uk","the internet"," used by","  expatriates  ."
"huntinginquiry.gov.uk","procedures"," used by","  industry  ."
"futuremovies.co.uk",". It has been"," used by","  thousands  of"
"duxford.iwm.org.uk",". They are"," used by","  everything  on"
"richmond.ac.uk","must not be"," used by","  householders"
"thegoodwebguide.co.uk","likely to be"," used by","  contributors"
"bl.uk","the argument"," used by","  hackers  is"
"developments.org.uk","are routinely"," used by","  children  at"
"developments.org.uk","and are being"," used by","  children  ''s"
"dfid.gov.uk","most often"," used by","  people  with"
"gimbo.org.uk",". The energy"," used by","  buildings  and"
"rafmarham.co.uk","paths are also"," used by","  walkers  ,"
"2ndchancepc.co.uk","and are widely"," used by","  researchers  ."
"fortunecity.co.uk","to systems"," used by","  society  as a"
"fortunecity.co.uk","increasingly"," used by",""
"transglobal-aerospace.co.uk","upon the care"," used by","  authors  in"
"bdo.co.uk",", widely"," used by","  diabetics"
"seniorsnetwork.co.uk","when these are"," used by","  learners  in"
"netlawman.co.uk","syllabuses"," used by","  geography"
"spamfo.co.uk","and is now"," used by","  nurses  within"
"futurelab.org.uk","(IRA) would be"," used by","  Republicans"
"abeceder.co.uk","that could be"," used by","  identity"
"dumgal.gov.uk","being"," used by","  opponents  of"
"moviemail-online.co.uk","symbol, and is"," used by","  regiments  of"
"moviemail-online.co.uk","exclusively"," used by","  Nationalists"
"bnp.org.uk","and"," used by","  experts  in"
"bnp.org.uk","it could be"," used by","  trustees"
"greenparty.org.uk","and could be"," used by","  trade  union"
"classic-literature.co.uk","collected or"," used by","  Ticketmaster"
"imperial.ac.uk","that can be"," used by","  teachers"
"pandemonium.me.uk","can best be"," used by",""
"dumgal.gov.uk","Code has been"," used by","  millions  of"
"futuremovies.co.uk","British slang"," used by","  gays  . Web site"
"shop.highlander.co.uk","methods being"," used by","  government"
"incore.ulst.ac.uk","will only be"," used by","  officers"
"bgsnet.org.uk",": - DV can be"," used by","  pupils  as a"
"sfca.co.uk","of forms"," used by","  survivors  to"
"nationalschool.gov.uk","currently"," used by","  biologists  ("
"bjr.org.uk","arguments"," used by",""
"ospreys.org.uk","the data to be"," used by","  department"
"rejesus.co.uk","''satire '' - as"," used by","  critics  and"
"isec2005.org.uk","are usually"," used by","  birders  ."
"oneguyfrombarlick.co.uk","being"," used by","  terrorists"
"pandemonium.me.uk","dirt car-park"," used by","  fishermen  ."
"bgsnet.org.uk","and the line is"," used by","  commuters  to"
"kevala.co.uk","of structures"," used by","  ioctl  . The"
"flexibility.co.uk","These are only"," used by","  directors  at"
"passiondiscs.co.uk","file is later"," used by","  modprobe  to"
"classic-literature.co.uk",", Wasp-eze."," Used by","  dentists  and"
"skuds.co.uk","[ 3 ] Lindane is"," used by","  farmers  to"
"burnyourbonus.co.uk","function"," used by","  format  s,"
"bathnes.gov.uk","picked up and"," used by","  bacteria  ."
"lrb.co.uk","dormitories"," used by","  girls  being"
"rejesus.co.uk",". This inn, was"," used by","  people  to take"
"duxford.iwm.org.uk","Nehru was"," used by","  others  ,"
"big-brother.me.uk","is being well"," used by","  citizens  to"
"big-brother.me.uk","being well"," used by","  citizens  ."
"isec2005.org.uk","","used by","  society  such"
"isec2005.org.uk","has been"," used by","  children"
"projects.ex.ac.uk","which has been"," used by","  generations"
"bgsnet.org.uk","the outcomes"," used by","  authors  of the"
"moviemail-online.co.uk","likely to be"," used by","  families  in"
"eclectic.co.uk","which may be"," used by","  students  with"
"eclectic.co.uk","which may be"," used by","  students  with"
"cfoi.org.uk","procedure"," used by","  institutions"
"interact-sw.co.uk","that was being"," used by","  lorries  for"
"jncc.gov.uk","be found and"," used by","  others  . My"
"cnetwork.co.uk","that can be"," used by","  community"
"socialistunitynetwork.co.uk","it can be"," used by","  groups  to"
"mqmagazine.co.uk",". They are"," used by","  reference  to"
"refer.nhs.uk","practice"," used by","  swimmers  and"
"theregister.co.uk","being"," used by","  conference"
"dooyoo.co.uk","of plants"," used by","  gardeners"
"socialistunitynetwork.co.uk","argument"," used by","  supporters  of"
"rejesus.co.uk","pack, is being"," used by","  non-Poetry"
"hm-treasury.gov.uk","of old styles"," used by",""
"bbkphilsoc.org.uk","transmitters"," used by","  media"
"sciencecityyork.org.uk","a slang word,"," used by","  fans  and"
"britishempire.co.uk",". All of those"," used by","  tcsh(1  ) are"
"prisonreformtrust.org.uk","that, when"," used by","  learners  to"
"burnyourbonus.co.uk","passports"," used by","  individuals"
"pih.org.uk","of force"," used by","  combatants  in"
"ess.uwe.ac.uk","could be"," used by","  health"
"ess.uwe.ac.uk","measure"," used by","  purchasers  to"
"swtourism.co.uk","other slogans"," used by","  supermarkets"
"patent.gov.uk","which are"," used by","  researchers"
"rhs.org.uk","defence"," used by","  people  in"
"lothene.demon.co.uk","is still in"," used by","  yachts  and"
"futuremovies.co.uk","has been"," used by","  Islamophobes"
"bwpics.co.uk","new form can be"," used by","  trustees  of"
"parkinsons.org.uk","technique"," used by","  historians  in"
"brad.ac.uk","and words"," used by","  authors  of"
"unixhelp.ed.ac.uk","tools that are"," used by","  learners"
"gimbo.org.uk","on a minibus"," used by","  relatives  of"
"mailonsunday.co.uk","Tower Hill was"," used by",""
"clieuk.co.uk","setting can be"," used by","  coaches  and"
"blue-witch.co.uk","measures"," used by","  others  if they"
"phrases.org.uk","terminology"," used by","  horologists  ."
"moviemail-online.co.uk","practice"," used by","  programmers"
"abeceder.co.uk","not normally"," used by","  authors  , but"
"consumerdirect.gov.uk","of the realm"," used by","  warfighters"
"southmanchesterreporter.co.uk","This figure is"," used by","  industry  to"
"interact-sw.co.uk","which could be"," used by","  terrorists"
"aiai.ed.ac.uk","for roads"," used by","  buses  or as"
"games.moria.org.uk","was a symbol"," used by","  people"
"southbucks.gov.uk",", and much"," used by","  government"
"cain.ulst.ac.uk","of evidence ''"," used by","  patients  to"
"publications.parliament.uk","support can be"," used by","  aviation  to"
"alnwick.gov.uk","(IRA) would be"," used by","  Republicans"
"ospreys.org.uk","like this were"," used by",""
"eduserv.org.uk","of products"," used by","  businesses  to"
"eduserv.org.uk","of products"," used by","  businesses  to"
"arrivatrainswales.co.uk","was formerly"," used by","  persons"
"kevala.co.uk","will only be"," used by","  creditors  if,"
"brianmac.demon.co.uk","anaesthetic"," used by","  doctors  and"
"paulflynnmp.co.uk","initiative"," used by",""
"reviewing.co.uk",", may be"," used by","  television"
"iansmith.co.uk","therefore be"," used by","  hackers  as the"
"news.bbc.co.uk","increasingly"," used by","  pupils  in the"
"news.zdnet.co.uk","on areas"," used by","  troops  ,"
"inminds.co.uk","gadgetry"," used by","  people  today"
"gnn.gov.uk","Code has been"," used by","  millions  of"
"eduserv.org.uk","stolen and"," used by","  criminals  to"
"ruralgateway.org.uk","strategies"," used by","  genetics"
"british-history.ac.uk","that is widely"," used by","  bodies"
"domino.lancs.ac.uk","legal devices"," used by","  peasants  to"
"cementindustry.co.uk","language"," used by","  doctors  or the"
"genuki.org.uk","with those"," used by","  scientists  ,"
"iwar.org.uk","the bogus URLs"," used by","  scammers  and"
"kingsholm-chronicle.org.uk","on BBQ. . much"," used by","  locals  . Tip -"
"pparc.ac.uk","studies"," used by","  government  to"
"inminds.co.uk","with the mud."," Used by","  geologists  to"
"fishandfly.co.uk","which is"," used by","  information"
"betterthinking.co.uk","an instrument"," used by","  society  as a"
"reviewing.co.uk",": "" Zyban is"," used by","  patients  who"
"chronomaster.co.uk","internet and"," used by","  groups  such as"
"cain.ulst.ac.uk","the systems"," used by","  healthcare"
"pocket-lint.co.uk","1991 has been"," used by","  nationalist"
"forums.multiplay.co.uk","and can be"," used by","  anyone  with a"
"better-business.co.uk","enable it to be"," used by","  households  in"
"poetrysociety.org.uk",". They are then"," used by","  artists  to"
"soulwalking.co.uk","systems"," used by","  disease"
"painsupport.co.uk","once being"," used by","  students  as an"
"ioe.ac.uk","facilities"," used by","  researchers"
"abeceder.co.uk","form is not"," used by","  clients  ."
"sydenham.org.uk","my work being"," used by","  someone  else,"
"nta.nhs.uk","apparently"," used by","  loyalists  to"
"inminds.co.uk","should not be"," used by","  people  with"
"bishopandsewell.co.uk",") numbers are"," used by",""
"acegamez.co.uk","? an argument"," used by","  governments"
"cnetwork.co.uk",") are often"," used by","  installation"
"newsasithappens.co.uk","results are"," used by","  government  to"
"seniorsnetwork.co.uk","systems."," Used by","  gfftransform"
"seniorsnetwork.co.uk","flatfiles."," Used by","  exblxsym  . pl,"
"clieuk.co.uk","want Tactics"," used by","  doctors  to"
"clieuk.co.uk","Tactics"," used by","  patients  to"
"ariadne.ac.uk",", itâ? ?s only"," used by","  conference"
"onlinedmc.co.uk","weapon"," used by","  foot  soldiers"
"cygnus-books.co.uk","methods"," used by","  cults  to"
"fishandfly.co.uk","routes"," used by","  insurgents  ."
"eduserv.org.uk","on services"," used by","  people  with"
"netlawman.co.uk","punctuation"," used by","  scribes  was"
"bgsnet.org.uk","modules can be"," used by","  staff  in"
"bbkphilsoc.org.uk","''artistic, ''"," used by","  fools  as"
"pancreatitis.org.uk","The service is"," used by","  Sales  &"
"onlinedmc.co.uk","words"," used by","  IAS  ... "" lack"
"wateraid.org.uk","that is"," used by","  theorists  is"
"ff1600.co.uk","the GDS number"," used by","  schools  . The"
"society.guardian.co.uk","that can be"," used by","  schools  , look"
"onlinedmc.co.uk","not popularly"," used by","  psychics  , and"
"onlinedmc.co.uk","commonly"," used by","  magicians  to"
"jr2.ox.ac.uk","a term that was"," used by","  people  who did"
"presentationhelper.co.uk","tags"," used by","  website"
"wdm.org.uk","has been"," used by","  researchers"
"history.ac.uk","to XML, and is"," used by","  publishers  to"
"interact-sw.co.uk","is regularly"," used by","  inferiors  to"
"better-business.co.uk",", is often"," used by","  theists  to"
"bjr.org.uk","and tail. It is"," used by","  boarders  who"
"bupa.co.uk","and auditing"," used by","  university"
"ospreys.org.uk","site that is"," used by","  journalists"
"vts.rdn.ac.uk","of equipment"," used by","  astronomers"
"radioandtelly.co.uk","posting may be"," used by","  others  for"
"seniorsnetwork.co.uk","could only be"," used by","  people  who had"
"defra.gov.uk",". So they are"," used by","  people  whose"
"cpgb.org.uk",", the methods"," used by","  spreadsheet"
"customs.hmrc.gov.uk",""" The language"," used by","  teachers  to"
"forums.multiplay.co.uk","call; it is"," used by","  ducks  in a"
"number-10.gov.uk","main sources"," used by","  historians  to"
"phrases.org.uk","and widely"," used by","  members  of all"
"painsupport.co.uk",", can be"," used by","  anyone"
"brianmac.demon.co.uk","is commonly"," used by","  weather"
"projects.ex.ac.uk","rain gauge as"," used by",""
"cpgb.org.uk","the language"," used by","  reporters  for"
"ioe.ac.uk","punctures,"," used by","  cyclists  &"
"ioe.ac.uk","punctures,"," used by","  cyclists  &"
"ioe.ac.uk","punctures,"," used by","  cyclists  &"
"socialistunitynetwork.co.uk","service can be"," used by","  individuals"
"paulflynnmp.co.uk","scale"," used by","  BGS  when"
"paulflynnmp.co.uk","also the scale"," used by","  BGS  to"
"cleanlanguage.co.uk","have been"," used by","  farmers  to"
"number-10.gov.uk","are widely"," used by","  client"
"transglobal-aerospace.co.uk","principle, as"," used by","  theists  ,"
"nutcote.demon.co.uk","the language"," used by","  employers  in"
"acegamez.co.uk","The bank can be"," used by","  institutions"
"acegamez.co.uk","The bank can be"," used by","  institutions"
"acegamez.co.uk","The bank can be"," used by","  institutions"
"jr2.ox.ac.uk","two methods"," used by","  therapists"
"pandemonium.me.uk","and"," used by","  hunters  as"
"cnetwork.co.uk","technology"," used by","  terrorists"
"naijaman.cfmxdeveloper.co.uk","most often"," used by","  people  with"
"futuremovies.co.uk",". Barricades"," used by",""
"cfoi.org.uk","/DYE"," Used by","  candle  makers"
"ospreys.org.uk",". These are"," used by","  males  to"
"brad.ac.uk","shelter once"," used by","  moormen  , in"
"fishandfly.co.uk","forecasts are"," used by","  others  to"
"rolandandcaroline.co.uk","could now be"," used by","  water"
"rolandandcaroline.co.uk","in Japan being"," used by","  scientists"
"cfoi.org.uk","the area much"," used by","  residents  for"
"clieuk.co.uk","was once"," used by","  sailors  out at"
"paulflynnmp.co.uk","competences"," used by","  someone  when"
"heacademy.ac.uk","Testing A tool"," used by","  mediators"
"heacademy.ac.uk","A tool"," used by","  mediators"
"dumgal.gov.uk","was little"," used by","  music"
"york.ac.uk","dating,"," used by",""
"tyndale.cam.ac.uk","Helplines"," used by","  children  find"
"sfca.co.uk","should not be"," used by","  anyone"
"cpgb.org.uk","thus could be"," used by",""
"archive.food.gov.uk","'' is"," used by","  others  . It now"
"bized.ac.uk","were"," used by","  grass  ants to"
"inminds.co.uk","speed cameras"," used by","  bus  companies"
"interact-sw.co.uk","Inn of the sort"," used by","  sailors"
"checkpoint.ansible.co.uk","which is"," used by","  xrdb  ."
"mqmagazine.co.uk","is most often"," used by","  couples  who"
"eprints.gla.ac.uk","is in turn"," used by","  acpi  to"
"bbsrc.ac.uk","knowledge is"," used by","  experts  in"
"mqmagazine.co.uk","have our work"," used by","  someone"
"nationalschool.gov.uk","post"," used by","  forces"
"ulula.co.uk","- as widely"," used by","  millions  on"
"dailyreckless.co.uk","and is"," used by","  students  ,"
"unixhelp.ed.ac.uk","form of prayer"," used by","  Christians"
"graigfarm.co.uk","Z must be"," used by","  everyone  ""."
"eastdevon.gov.uk","- the term is"," used by","  sociologist"
"hadriel.caths.cam.ac.uk","that can be"," used by","  students  with"
"action-tv.org.uk","white spirit,"," used by","  arsonists  ..."
"robert-louis-stevenson.classic-literature.co.uk","which are"," used by","  companies  ,"
"poetrysociety.org.uk","; this area is"," used by","  grazing"
"painsupport.co.uk","light range"," used by","  adventure"
"projects.ex.ac.uk","system"," used by","  people  with"
"iansmith.co.uk","next bay was"," used by","  services  36"
"pcpro.co.uk","length to be"," used by","  client  or"
"fantasticfiction.co.uk","","used by",""
"kierenmccarthy.co.uk","sort of scales"," used by","  anglers  for"
"new.edp24.co.uk","commonly"," used by",""
"projects.ex.ac.uk","this figure is"," used by","  Arc  Property"
"action-tv.org.uk","of the hairs"," used by","  crickets  to"
"hm-treasury.gov.uk","reports are"," used by","  consultants  ,"
"cnetwork.co.uk","could be SR) is"," used by","  locals  for"
"burnyourbonus.co.uk","programs"," used by","  genealogists"
"oneguyfrombarlick.co.uk","language is"," used by","  politicians"
"oneguyfrombarlick.co.uk","is being"," used by","  government"
"oneguyfrombarlick.co.uk","technology"," used by","  terrorists"
"huntinginquiry.gov.uk","to those"," used by","  employers  ."
"rejesus.co.uk",". 7 It can be"," used by","  adults  and"
"euro.gov.uk","is being"," used by","  government"
"rcpbml.org.uk","can then be"," used by","  police  to"
"www3.open.ac.uk","some tricks"," used by","  religions  and"
"somethingjewish.co.uk","occasionally"," used by","  schedule"
"nef.org.uk","and concepts"," used by","  theother  ."
"news.bbc.co.uk",". Tandems are"," used by","  families  with"
"casi.org.uk","are commonly"," used by","  drug  addicts."
"ears.dmu.ac.uk","to be"," used by","  everyone"
"domino.lancs.ac.uk","on how they are"," used by","  man  , have the"
"psigate.ac.uk","being"," used by","  snooker"
"wateraid.org.uk","vessels"," used by","  people  in"
"hmrc.gov.uk","collected and"," used by","  others  and may"
"rvc.ac.uk","has been"," used by","  broadcasters"
"mirror.co.uk","increasingly"," used by","  museums  and"
"domino.lancs.ac.uk","''layers '',"," used by","  limestone"
"cnetwork.co.uk","they have been"," used by","  critics  of the"
"cnetwork.co.uk","a stick to be"," used by","  someone  else ("
"casi.org.uk","which can be"," used by","  delegates  by"
"houseandgardenfair.co.uk","was mostly"," used by","  boys  in Year 7."
"televisionheaven.co.uk","previously"," used by","  chickens  ."
"televisionheaven.co.uk","previously"," used by","  chickens"
"psigate.ac.uk","in 1962."," Used by","  contractors"
"genuki.org.uk","main method"," used by","  fraudsters"
"cgi.ebay.co.uk","techniques ''"," used by","  VIPs  - e. g."
"euro.gov.uk","factors"," used by","  plant  and"
"euro.gov.uk","lobe is"," used by","  sigma  54"
"housingpis.co.uk","School Grades"," Used by","  schools  who"
"passiondiscs.co.uk","have been"," used by","  doctors  ,"
"shop.highlander.co.uk","vocabulary"," used by","  employers  ("
"history.ac.uk","to XML, and is"," used by","  publishers  to"
"penguinclassics.co.uk","are now widely"," used by","  client"
"mirror.co.uk","which will be"," used by","  pupils  in all"
"chester.ac.uk","mate has been"," used by","  natives  ,"
"ukwhitegoods.co.uk","designed to be"," used by","  university"
"web.ukonline.co.uk",". These are"," used by","  males  to"
"painsupport.co.uk","blocks are"," used by",""
"nta.nhs.uk","solar system"," used by","  astronomers  ."
"big-brother.me.uk",") was often"," used by","  soccer  legend"
"moblog.co.uk",". It was only"," used by","  women  in the"
"moblog.co.uk","was"," used by","  women  in their"
"skuds.co.uk","by and"," used by","  others  . In"
"defra.gov.uk","record is"," used by","  researchers  ."
"richmond.ac.uk","standard"," used by","  fax  machines."
"blue-witch.co.uk","of cars being"," used by","  staff  to get to"
"british-history.ac.uk","has been often"," used by","  scholars"
"british-history.ac.uk","three frames"," used by","  actors  in"
"british-history.ac.uk","the frames"," used by","  actors  when"
"physiol.ox.ac.uk","if"," used by","  terrorists  ,"
"socialistunitynetwork.co.uk","and words"," used by","  Mahatma"
"interact-sw.co.uk","form) Can be"," used by","  employees  to"
"mark-twain.classic-literature.co.uk","of the means"," used by","  retailers  to"
"iguk.co.uk","to be"," used by","  everybody  in"
"fantasticfiction.co.uk","method"," used by","  athletes  to"
"presentationhelper.co.uk","the memory"," used by",""
"presentationhelper.co.uk",". The typemap"," used by",""
"presentationhelper.co.uk","scheme, as"," used by","  h2xs  , is to use"
"onlinedmc.co.uk","table that are"," used by","  client"
"i-sis.org.uk","Z must be"," used by","  everyone  ""."
"janus.lib.cam.ac.uk","was the key"," used by","  elements  of"
"bearskinrug.co.uk","extensively"," used by","  shipyard"
"purr-n-fur.org.uk","recyclate is"," used by",""
"conted.ox.ac.uk","programs"," used by","  hackers  (eg"
"conted.ox.ac.uk","and"," used by","  hackers  ."
"conted.ox.ac.uk","installed or"," used by","  worms  ."
"dur.ac.uk","programs"," used by","  genealogists"
"1st-for-french-property.co.uk","(ISO) glasses"," used by","  wine  (and"
"scaredofgirls.co.uk","no sticks were"," used by","  anyone  in the"
"chester.ac.uk","have been"," used by","  injection  and"
"chester.ac.uk","and are still"," used by","  mouth  for the"
"naijaman.cfmxdeveloper.co.uk","; work; images"," used by","  charities  ."
"luciesfarm.co.uk","is one tool"," used by","  individuals"
"brad.ac.uk","were"," used by","  grass  ants to"
"earthfirst.org.uk","is still"," used by","  blacksmiths"
"kent.ac.uk",": - (image"," used by","  permission"
"videoforums.co.uk","can be"," used by","  consumers  as a"
"bwpics.co.uk","the USA and are"," used by","  turkey"
"bitc.org.uk","used. They are"," used by","  people  with"
"femalefirst.co.uk","from the poles"," used by","  skiers  . In"
"graigfarm.co.uk","procedures"," used by","  staff  when"
"soulwalking.co.uk",", so it can be"," used by","  anyone  for any"
"euro.gov.uk","Methods"," used by","  Tutors  The"
"web.ukonline.co.uk","are often"," used by","  coal  trains ("
"painsupport.co.uk","ranges to be"," used by","  TCP  and UDP."
"pcpro.co.uk","it will be"," used by","  Gnome  and KDE"
"brad.ac.uk","routes often"," used by","  dog  walkers."
"ioe.ac.uk","and can only be"," used by","  doctors  who"
"ioe.ac.uk","may only be"," used by","  vehicles  that"
"ioe.ac.uk","and can only be"," used by","  market"
"incore.ulst.ac.uk","collected and"," used by","  others  and may"
"birdtours.co.uk","systems when"," used by","  expert"
"ucisa.ac.uk","is"," used by","  kind"
"better-business.co.uk","to that"," used by","  search"
"spelthorne.gov.uk","leading firms"," used by","  trade  unions,"
"acca.co.uk","twisted cars"," used by","  suicide"
"shop.earthscan.co.uk","which are"," used by","  people  and can"
"incore.ulst.ac.uk","but is well"," used by","  pedestrians"
"cleanlanguage.co.uk","can only be"," used by","  experts  ? A4."
"people.bath.ac.uk","that can be"," used by","  everyone"
"seniorsnetwork.co.uk","sea, and can be"," used by","  cyclists  as"
"patent.gov.uk","content is"," used by","  www  ."
"swtourism.co.uk",""" device as"," used by","  police  forces"
"chapmancentral.co.uk","techniques"," used by","  industry  ;"
"warwithoutend.co.uk","extensively"," used by","  pensions"
"reviewing.co.uk",". These may be"," used by","  food"
"reviewing.co.uk","is currently"," used by","  health"
"reviewing.co.uk",". Food tables (","used by","  health"
"mark-twain.classic-literature.co.uk","more widely"," used by","  anglers  it is"
"rvc.ac.uk","that was"," used by","  actors  ,"
"manchester.gov.uk","world and is"," used by",""
"acegamez.co.uk","they were"," used by","  capital  , and"
"soulwalking.co.uk","is"," used by","  kind"
"flexibility.co.uk","to be"," used by","  applicants"
"londonsalsa.co.uk","imaging"," used by","  film  stock. As"
"cassandraeason.co.uk","and"," used by","  others  , but"
"phgu.org.uk","normally"," used by","  barbers  for"
"essex.ac.uk","that it will be"," used by","  conference"
"graigfarm.co.uk","so it can''t be"," used by","  anyone  else. A"
"cleanlanguage.co.uk","could be"," used by","  learners  in a"
"isec2005.org.uk","language"," used by","  supervisors"
"kevala.co.uk","Mount."," Used by","  generations"
"foe.co.uk",""" CARTO-SOC """," used by",""
"cgoakley.demon.co.uk","programs"," used by","  spammers  , we"
"i-sis.org.uk","assessment"," used by","  government"
"pih.org.uk",". The terms are"," used by","  Aristotle  and"
"eng.warwick.ac.uk","technology"," used by","  terrorists"
"dur.ac.uk",". It is"," used by","  people  from"
"better-business.co.uk","of packaging"," used by","  supermarkets"
"lenymede.demon.co.uk","- refuse to be"," used by","  microsoft"
"traveldoctor.co.uk","to have been"," used by","  mistake  in"
"incore.ulst.ac.uk","elemcnt - to be"," used by","  parts  of a"
"patent.gov.uk","that normally"," used by","  knackers  ),"
"defra.gov.uk","Cross '' symbol"," used by","  Freemasons"
"cpgb.org.uk","designed and"," used by","  papermills"
"pocket-lint.co.uk","is sometime"," used by","  wood  workers"
"pocket-lint.co.uk","is the grade"," used by","  wood  workers."
"matazone.co.uk","chalk, as"," used by","  thousands  of"
"penguinclassics.co.uk","are then"," used by","  corporations"
"dailyreckless.co.uk","supplier, but"," used by","  thousands  of"
"netribution.co.uk","spaces were"," used by","  office"
"richmond.ac.uk",", a technique"," used by","  Kabbalists  ("
"adeptscience.co.uk","frequently"," used by","  people  from"
"esds.ac.uk","designed to be"," used by","  students  in"
"tvradiobits.co.uk","the methods"," used by","  ringers  and to"
"artscouncil.org.uk","which may be"," used by","  visitors  to"
"supertarot.co.uk","plants can be"," used by","  humans  to:"
"bond.org.uk","metaphors"," used by",""
"viva.org.uk",", so it can be"," used by","  anyone  for any"
"word-on-the-web.co.uk","space is"," used by","  researchers"
"mountaineering-scotland.org.uk","continue to be"," used by","  linguists"
"wen.org.uk","routes,"," used by","  traders  ,"
"iiss.org.uk","are widely"," used by","  corporations"
"unitedrant.co.uk","of practices"," used by","  mystics  to"
"man.ac.uk","coaching inns"," used by","  travellers  to"
"www-tus.csx.cam.ac.uk","collected and"," used by","  others  . We"
"npl.co.uk",". They may be"," used by","  people  who are"
"insight.zdnet.co.uk",", and are"," used by","  final-year"
"theatreguidelondon.co.uk","an instrument"," used by","  alienists  to"
"football.co.uk","being"," used by","  EWS  ? What"
"football.co.uk","; Yellow isn''t"," used by","  traincrews  ,"
"football.co.uk","The baton is"," used by","  platform"
"publicservice.co.uk","Variables are"," used by","  instructions"
"publicservice.co.uk","Sets colour"," used by","  P  . Doesn''t"
"publicservice.co.uk","designed to be"," used by","  children  . You"
"publicservice.co.uk","so the numbers"," used by","  P  are usually"
"raf.mod.uk","of wood, is"," used by","  herbalists"
"kcl.ac.uk","expert system"," used by","  doctors  to"
"professorharbottle.co.uk","86. Methods"," used by","  community"
"cep.lse.ac.uk","COSE Browser,"," used by","  tutors  and"
"jedisparadise.co.uk",", as commonly"," used by","  academics  at"
"antiquetools.co.uk","in 1758 and was"," used by","  horse  drawn"
"dpawson.co.uk",", but is mainly"," used by","  home  fans."
"harpercollins.co.uk","is widely"," used by","  visitors  for"
"hitched.co.uk","notice board"," used by","  market  makers"
"barnardos.org.uk","are"," used by","  scholars  from"
"hep.phys.soton.ac.uk","method often"," used by","  teachers  and"
"staff.brad.ac.uk","that will be"," used by","  students  and"
"barnardos.org.uk","here is"," used by","  permission  of"
"uktsupport.co.uk","which are then"," used by","  staff  teams to"
"beingmrkenny.co.uk","plants"," used by","  shamans  ,"
"beingmrkenny.co.uk",""" is being"," used by",""
"psnc.org.uk","of pigments"," used by","  artists  were"
"legendarydartmoor.co.uk","the model"," used by","  government"
"eternalnight.co.uk","church was"," used by","  villagers  in"
"westyorkshire.police.uk","is commonly"," used by","  fraudsters  as"
"psnc.org.uk","language is"," used by","  politicians"
"findachurch.co.uk","should not be"," used by","  people  with"
"cancerhelp.org.uk",", and is"," used by","  biologists"
"cancerhelp.org.uk",", and is"," used by","  biologists"
"derbyshireguide.co.uk","where they are"," used by","  village"
"rcpsglasg.ac.uk","is often"," used by","  authorities"
"healeyhero.co.uk","raw materials"," used by","  renderers  . 4"
"sainsburysbank.co.uk","tides are also"," used by",""
"eif.co.uk","and the shapes"," used by","  dancers  ,"
"educ.cam.ac.uk",", and it ''s"," used by","  millions  in"
"westyorkshire.police.uk","string"," used by","  printf  . For"
"artshole.co.uk","only resource"," used by","  twm  is"
"mountaineering-scotland.org.uk","that were once"," used by","  islanders  to"
"word-on-the-web.co.uk","- as widely"," used by","  millions  on"
"theweddingnetwork.co.uk","pencil may be"," used by","  researchers"
"accountability.org.uk","the standard"," used by",""
"accountingweb.co.uk","Z must be"," used by","  everyone  ""."
"cheshirefire.co.uk","cards can be"," used by","  individuals"
"bsactravelclub.co.uk","techniques"," used by","  states  and"
"lse.co.uk","Cemetery was"," used by","  units  and"
"footy4kids.co.uk","by truck or"," used by","  hand  . The"
"shu.ac.uk","programs"," used by","  genealogists"
"shu.ac.uk","programs"," used by","  genealogists"
"shu.ac.uk","programs"," used by","  genealogists"
"weatheronline.co.uk","posts are"," used by","  nightjars  as"
"wrap.org.uk","merely a word"," used by","  europhiles"
"asab.icapb.ed.ac.uk",", is widely"," used by","  authors  ,"
"illumin.co.uk","is a system"," used by","  people  who"
"subbrit.org.uk",". htm Dog boots"," used by","  service  and"
"comms.scitech.susx.ac.uk","on the means"," used by","  nature  to"
"uec.ac.uk","techniques"," used by","  cults  to break"
"lag.org.uk","encryption"," used by","  tv  providers"
"ccw.gov.uk","programs"," used by","  genealogists"
"forum.keypublishing.co.uk","heavy metals"," used by","  insects  in"
"barbecue-online.co.uk",", which is"," used by",""
"barbecue-online.co.uk","has long been"," used by","  homeopaths  to"
"epilepsynse.org.uk","were"," used by","  nobles  and"
"hillside.co.uk","Plus is being"," used by","  hundreds  of"
"caa.co.uk","face. Often"," used by","  supervisors"
"caa.co.uk","Kit only"," used by","  idiots  who"
"uea.ac.uk","collected and"," used by","  others  . In"
"perse.co.uk","which could be"," used by","  women  in"
"perse.co.uk","should be"," used by","  men  only, or by"
"perse.co.uk","should be"," used by","  men  only, or by"
"bexley.gov.uk","can be"," used by","  children"
"getahead.ltd.uk","engines"," used by","  humanity  is"
"raf.mod.uk","nomograms are"," used by","  researchers"
"seered.co.uk","the book can be"," used by","  people"
"new-agri.co.uk","budget will be"," used by","  industry  as a"
"cbonline.co.uk","should be"," used by","  popartists  ."
"health.org.uk",". '' The grammar"," used by","  Parmenides  in"
"edinphoto.org.uk",", are being"," used by","  individuals"
"dh.gov.uk","are otherwise"," used by","  Orbit  as"
"dh.gov.uk","are otherwise"," used by","  Orbit  as"
"beta.communities.msn.co.uk","the site may be"," used by","  SWW  for any"
"palimpsest.org.uk","? the terms"," used by","  nurses  only - a"
"artshole.co.uk","and is"," used by","  people  who are"
"gardenorganic.org.uk","were also"," used by","  charities  to"
"islamic-college.ac.uk","of evidence"," used by","  security"
"24hourmuseum.org.uk","can be"," used by","  health"
"cheshirefire.co.uk",". Also,"," used by","  business"
"hlst.heacademy.ac.uk","site is being"," used by","  visitors  and"
"edinphoto.org.uk","and is widely"," used by","  teachers  to"
"barbecue-online.co.uk","phrases were"," used by","  visitors  to"
"armedforces.co.uk","appear to be"," used by","  listeners  in"
"theatreguidelondon.co.uk","designed to be"," used by","  anyone  from"
"theatreguidelondon.co.uk","potential."," Used by","  thousands  of"
"hysteria-lives.co.uk","should only be"," used by","  women  of"
"kneeling.co.uk","when"," used by","  advocates  of"
"nhsplus.nhs.uk",", it is also"," used by","  hens  to make"
"nhsplus.nhs.uk","call is"," used by","  hens  to"
"nhsplus.nhs.uk","; it may also be"," used by","  hens  as"
"nhsplus.nhs.uk","call"," used by","  hen  puddle"
"bseinquiry.gov.uk","genebanks and"," used by","  plant"
"tuc.org.uk","to and"," used by","  people  who use"
"education.independent.co.uk","and may be"," used by","  someone  in a"
"birminghamfoe.org.uk","and can be"," used by","  GPs  ,"
"talkpolitics.users20.donhost.co.uk","zanamivir is"," used by","  everybody  , it"
"sovereignty.org.uk","being"," used by",""
"bseinquiry.gov.uk","from the ones"," used by","  mathematics"
"bseinquiry.gov.uk","'' versions are"," used by","  others  . In"
"theglobalsite.ac.uk","is being"," used by","  government"
"epilepsynse.org.uk","being"," used by","  nurses  and"
"epilepsynse.org.uk","products are"," used by","  thousands  of"
"damtp.cam.ac.uk","mean "" a file, """," used by","  blacksmiths"
"crbs.org.uk","techniques"," used by","  foam  gelatine"
"glaucus.org.uk","times, was"," used by","  people  in"
"caa.co.uk","address"," used by","  browsers  . WWW"
"talyllyn.co.uk",". Water is"," used by","  industry  , for"
"talyllyn.co.uk",". Water is"," used by","  industry  , for"
"pressbox.co.uk",". The hall is"," used by","  pupils  across"
"onlinenews.warwickshire.police.uk","increasingly"," used by","  doctors  in"
"dooyoo.co.uk",") should NOT be"," used by","  anyone  who has"
"melonfarmers.co.uk","publication"," used by","  publishers  ,"
"bhx.co.uk","application,"," used by","  students  to"
"gro-scotland.gov.uk","instruction"," used by","  colleges  and"
"missiedith.bentbacktulips.co.uk","from theory"," used by","  others  seems"
"marlab.ac.uk",", which can be"," used by","  interp_grid"
"realclassic.co.uk","commonly"," used by","  call  centre"
"intellectual-property.gov.uk","will be"," used by",""
"professorharbottle.co.uk","the language"," used by","  physicians"
"thecornerhouse.org.uk","case has been"," used by","  opponents  of"
"independentliving.co.uk","as"," used by","  hackers  and"
"skyscript.co.uk","is the method"," used by","  MBD  when"
"grangehillfans.co.uk","stand on sites"," used by","  smugglers  of"
"educ.cam.ac.uk","Xpress are"," used by","  design"
"education.independent.co.uk","processes"," used by","  artists  ,"
"digitalspy.co.uk",". It can be"," used by","  anyone  who"
"man.ac.uk",", of course, be"," used by","  garter"
"princes-trust.org.uk","powerful drug"," used by","  mankind  ""). He"
"ltu.mmu.ac.uk","plants"," used by","  shamans  ,"
"ltu.mmu.ac.uk",""" is being"," used by",""
"glavenvalley.co.uk","as those"," used by","  museums  and"
"g3pho.free-online.co.uk","designed to be"," used by",""
"armyoneverest.mod.uk","has been"," used by","  hoax"
"thekidswindow.co.uk","hospitality"," used by","  travellers"
"supertarot.co.uk","photos can be"," used by","  others  under"
"marlab.ac.uk","that can be"," used by","  churches  and"
"bhx.co.uk","will be"," used by","  people  all"
"cs.le.ac.uk","powerful drug"," used by","  mankind  ""). He"
"0-19.co.uk","stategy """," used by","  people  who ''ve"
"hysteria-lives.co.uk",", is widely"," used by","  authors  ,"
"lists.adeptscience.co.uk","which are also"," used by","  cyclists  and"
"gcr-rollingstocktrust.co.uk","which can be"," used by","  tenants  to"
"thetrousers.co.uk",", sometimes"," used by","  physicians  to"
"horniman.ac.uk","devices"," used by","  carpenters  to"
"forum.cantstopthesignal.co.uk","an epithet"," used by","  tyrants  to"
"rubberturnip.org.uk","may safely be"," used by","  cats  . Secure"
"wolseyartgallery.org.uk","the I. S. M. was"," used by","  men  on site in"
"kneeling.co.uk","of ESP ''s being"," used by","  army"
"kneeling.co.uk","have been"," used by","  entertainers"
"fantasyfactory.co.uk","(DTI) can be"," used by","  workers  ,"
"aaps.ed.ac.uk","","used by","  breeders  are"
"sfx.co.uk","ground to be"," used by","  festival"
"fanzone.co.uk",", is widely"," used by","  authors  ,"
"cyberselect.co.uk","was widely"," used by","  nobility  and"
"bond.org.uk","plot devices"," used by","  authors  down"
"thecornerhouse.org.uk","they might be"," used by","  health"
"uktsupport.co.uk","powerful drug"," used by","  mankind  ""). He"
"ability.org.uk","which could be"," used by","  contractors  ."
"gardenorganic.org.uk","that can be"," used by","  teacher"
"historylearningsite.co.uk","processes"," used by","  staff  needed"
"swan.ac.uk","path and is"," used by","  passengers"
"swan.ac.uk","). It is also"," used by","  employees  ("
"footy4kids.co.uk","GM maize to be"," used by","  farmers"
"croydoncavingclub.org.uk","to be"," used by","  classroom"
"viva.org.uk","extensively"," used by","  GPs  since 1996"
"lff.org.uk","energizer is"," used by","  lumberjacks"
"seered.co.uk","walls and is"," used by","  customers"
"cts.dmu.ac.uk","account is"," used by","  ePolicy  to"
"scips.worc.ac.uk","may be"," used by","  members  of the"
"redflag.org.uk","), but will be"," used by","  racists  to"
"uktvstylegardens.co.uk","entrance,"," used by","  visitors  to"
"mountaineering-scotland.org.uk","that may be"," used by","  institutions"
"uclan.ac.uk","will be"," used by","  students"
"show.me.uk","as"," used by","  parliament  in"
"tigersfc.co.uk","as relief was"," used by","  men  for"
"maths.qmul.ac.uk","), which can be"," used by","  firms  to apply"
"boschautoparts.co.uk","them"," used by","  others  ,"
"redflag.org.uk","are"," used by","  politicians"
"bcentral.co.uk",". They were"," used by","  hunters  with"
"mininginstitute.org.uk","must not be"," used by","  anyone  with"
"bcentral.co.uk","as those"," used by","  hospitals  . It"
"library.stir.ac.uk",": Products"," used by","  consumers"
"library.stir.ac.uk","equipment"," used by","  members  at a"
"library.stir.ac.uk","products are"," used by","  consumers"
"lda.gov.uk",". php are just"," used by","  programmers"
"newbusiness.co.uk","''Miss '' being"," used by","  surgeons"
"grangehillfans.co.uk","be"," used by","  Christians  on"
"grangehillfans.co.uk","109 can be"," used by","  Christians  as"
"elektor-electronics.co.uk","and"," used by","  analogy  to"
"thamesweb.co.uk",". Equipment"," used by","  reserve"
"cyberselect.co.uk","the SDK can be"," used by","  developers  to"
"westyorkshire.police.uk","The processes"," used by","  institutions"
"new-agri.co.uk","milk room is"," used by","  mothers  on the"
"rcsed.ac.uk","blogware to be"," used by","  people  that"
"24hourmuseum.org.uk",", and was being"," used by","  companies"
"squashsite.co.uk","should not be"," used by","  children  . If"
"mandrake.demon.co.uk","and is"," used by","  managers  to"
"mandrake.demon.co.uk","which can be"," used by","  individuals"
"num.org.uk","sound"," used by","  Hindus  to"
"worldwar1.co.uk","that could be"," used by","  teacher  with a"
"ardue.org.uk","or the bag"," used by","  shepherds  ; to"
"bronte.netfury.co.uk","is"," used by",""
"bectu.org.uk","information"," used by","  regulators  to"
"wolseyartgallery.org.uk","have long been"," used by","  designers  to"
"mountaineering-scotland.org.uk","shall not be"," used by","  anyone  else to"
"charles-darwin.classic-literature.co.uk","may only be"," used by","  members  of the"
"blackpig.co.uk","service most"," used by","  amphetamine"
"redking.co.uk","vocabulary"," used by","  employers  ("
"diydoctor.org.uk","and commonly"," used by","  combat"
"ids.ac.uk","commonly"," used by","  tool"
"careers.ed.ac.uk","methods"," used by","  fundies  all"
"graylab.ac.uk","criteria are"," used by","  NHS  Trusts and"
"abtn.co.uk","free, and are"," used by","  hundreds  of"
"abtn.co.uk","free, and are"," used by","  hundreds  of"
"word-on-the-web.co.uk","intend it to be"," used by","  guests  (the"
"ardue.org.uk",", which can be"," used by","  clients  to"
"cep.lse.ac.uk","strategies"," used by","  individuals"
"churchhouseconf.co.uk","and tools"," used by","  health  and"
"professorharbottle.co.uk",", they would be"," used by","  world  leaders"
"buyagift.co.uk","e-forms can be"," used by","  pharmacy"
"gardenorganic.org.uk","","used by","  firms  as part"
"liberty-human-rights.org.uk","arguments"," used by","  Christians"
"motoring.independent.co.uk","Support Guide"," used by","  staff  when"
"motoring.independent.co.uk","and the guides"," used by","  staff  when"
"gro-scotland.gov.uk","and events"," used by","  control"
"tht.org.uk","booth, to be"," used by","  students  to"
"brunel.ac.uk","? Often"," used by","  politicians"
"charles-darwin.classic-literature.co.uk",". It has been"," used by","  lamas  , sages,"
"liberty-human-rights.org.uk","which were"," used by","  moralists  as"
"recklessgardener.co.uk","more commonly"," used by","  people  in the"
"teaching-abroad.co.uk","websites"," used by","  production"
"pennyplain.co.uk","is frequently"," used by","  construction"
"epic.co.uk","Voicebank"," used by","  journalists"
"italian.classic-literature.co.uk","of tools"," used by","  consultants"
"viva.org.uk","Lead,"," used by",""
"viva.org.uk","and"," used by",""
"omni.ac.uk","frequently"," used by","  lecturers  was"
"dh.gov.uk","approved and"," used by","  others  in"
"publications.oxfam.org.uk","Bank were"," used by","  arms  dealer"
"pigstock.co.uk","extensively"," used by","  GPs  since 1996"
"thompsons.law.co.uk","terms to those"," used by","  others  of"
"bseinquiry.gov.uk","strategies"," used by","  families  who"
"orcadian.co.uk","argument"," used by","  web"
"supertarot.co.uk","- 2 (1 free - 1"," used by","  CD  ). 3.5 inch"
"supertarot.co.uk","- 3 (2 free - 1"," used by","  CD  ). 3.5 inch"
"supertarot.co.uk","- 3 (2 free - 1"," used by","  CD  ) 3.5 inch"
"supertarot.co.uk","- 2 (1 free - 1"," used by","  CD  ) 3.5 inch"
"publicservice.co.uk","obtained and"," used by","  terrorists  ,"
"socresonline.org.uk","techniques"," used by","  students  with"
"newstartmag.co.uk","of The Grove is"," used by","  students  and"
"theatreguidelondon.co.uk","that can be"," used by","  everyone  ,"
"localhistory.scit.wlv.ac.uk","study will be"," used by","  health"
"bcentral.co.uk","been cited"," used by","  apologists  in"
"ntu.ac.uk","tricks """," used by","  authors  who"
"healthmatters.org.uk","(or fate)"," used by","  people  to"
"rss.org.uk","when"," used by","  children  . But"
"winspiration.co.uk","a concept"," used by","  magickians"
"webtag.org.uk","successfully"," used by","  centres"
"show.me.uk",", and can be"," used by","  authors  to"
"garysturt.free-online.co.uk","to those"," used by",""
"npl.co.uk","the Net can be"," used by","  schools  in a"
"subbrit.org.uk","cannot be"," used by","  everyone  with"
"talkpolitics.users20.donhost.co.uk","portal"," used by","  clients  as"
"thetrousers.co.uk","- is primarily"," used by","  library"
"blog.outofthebedroom.co.uk","be"," used by","  learners  in"
"man.ac.uk","on a busy trail"," used by","  porters  and"
"harpercollins.co.uk","products"," used by","  ramblers  and"
"naldic.org.uk","- Not to be"," used by","  anyone  with a"
"advaita.org.uk",", will be"," used by","  teams  ,"
"jbe.gold.ac.uk","can be"," used by","  teachers  to"
"jbe.gold.ac.uk","approaches"," used by","  teachers  , and"
"virgintrains.co.uk","site that is"," used by","  journalists"
"marlab.ac.uk",", is widely"," used by","  authors  ,"
"tigersfc.co.uk","the force"," used by","  police  , not"
"uclan.ac.uk",", could then be"," used by","  anyone  . In the"
"underoneroofexchange.co.uk","designed to be"," used by","  business"
"nfpledbury.co.uk",", is widely"," used by","  authors  ,"
"bsactravelclub.co.uk","'' is only ever"," used by","  politicians  ,"
"ex-canaries.co.uk","library can be"," used by","  staff  of The"
"jbe.gold.ac.uk",", usually"," used by","  civilians  in"
"bronte.netfury.co.uk","is being"," used by","  learners  with"
"themostannoyingsiteintheworld.co.uk","? techniques"," used by","  trusts  to"
"www7.open.ac.uk","area and"," used by","  everyone  who"
"ccw.gov.uk","product is"," used by","  ASPs  such as"
"harpercollins.co.uk","designed to be"," used by","  volunteer"
"ccruni.gov.uk",", these can be"," used by","  teachers  to"
"ccruni.gov.uk","information"," used by","  learners  is"
"new-agri.co.uk","drugs (when"," used by","  someone  other"
"backroadstouring.co.uk","techniques"," used by","  police"
"portcities.org.uk","the route"," used by","  traders  ,"
"birminghamfoe.org.uk","can also be"," used by","  riders  who"
"primaryresources.co.uk","channels"," used by","  resource  poor"
"glasgowarchitecture.co.uk","that WPAD is"," used by","  web  proxy"
"buildingdesign.co.uk","which had been"," used by","  staff  of the"
"nurse-prescriber.co.uk","probably"," used by","  peat  cutters."
"uktvfood.co.uk","how these are"," used by","  people  and"
"num.org.uk","phrases"," used by","  nationalists"
"bornfree.org.uk","to XML, and is"," used by","  publishers  to"
"uktvfood.co.uk","The bank can be"," used by","  institutions"
"uktvfood.co.uk","The bank can be"," used by","  institutions"
"uktvfood.co.uk","The bank can be"," used by","  institutions"
"redflag.org.uk","grammars are"," used by","  parsers  to"
"earthscan.co.uk","''s Lodge, it is"," used by","  pupils  and"
"rgu.ac.uk","extensively"," used by","  teachers  and"
"path.cam.ac.uk","from being"," used by","  circuses  ."
"foundationtv.co.uk","which can be"," used by","  off-campus"
"eternalnight.co.uk","was"," used by","  deep-sea"
"show.me.uk","Canal is well"," used by","  boaters  ,"
"ids.ac.uk","reported to be"," used by","  swiftlets  are"
"camden.gov.uk","products"," used by","  children  are"
"lsbu.ac.uk","arguments"," used by","  Christians"
"gardenorganic.org.uk","are commonly"," used by","  lecturers  in"
"carnegiegreenaway.org.uk","as those"," used by","  museums  and"
"carnegiegreenaway.org.uk","sleeves as"," used by","  libraries  ,"
"independentliving.co.uk","part-books"," used by","  musicians  at"
"tin.nhs.uk","name most"," used by","  bass  players"
"hcd2.bupa.co.uk","XML is being"," used by",""
"mgcars.org.uk","never really"," used by","  end-users  , so"
"citizenshipfoundation.org.uk",". They were"," used by","  hunters  with"
"newburytheatre.co.uk","arguments"," used by","  Christians"
"money.independent.co.uk",", and widely"," used by","  teachers  and"
"ramagazine.org.uk","is new and"," used by","  skiers  in the"
"www-mice.cs.ucl.ac.uk","abortion is"," used by","  women  to"
"gardenorganic.org.uk","GM maize to be"," used by","  farmers"
"unitedrant.co.uk","extensively"," used by","  teachers  and"
"thompsons.law.co.uk","coupler can be"," used by","  people  with a"
"bluecross.org.uk","devices"," used by","  business"
"activityvillage.co.uk","and"," used by","  anybody  , but"
"skyscript.co.uk","similar terms"," used by","  employers  and"
"lag.org.uk","The station is"," used by","  thousands  of"
"nottinghillhousing.org.uk","strap is often"," used by","  divers  for"
"www-ermm.cbcu.cam.ac.uk","could only be"," used by","  people  using"
"insurgentdesire.org.uk","intended to be"," used by","  employers  ,"
"sudokuz.co.uk","currently"," used by","  practices  ."
"cer.org.uk","to the tactics"," used by","  people  who"
"jazzscript.co.uk","most commonly"," used by","  children"
"directgov.gov.uk","could be then"," used by","  output"
"iiss.org.uk","may also be"," used by",""
"practicalpc.co.uk","currently"," used by","  donors  , and"
"word-on-the-web.co.uk","should not be"," used by","  police  for"
"rmd.dft.gov.uk","that can be"," used by","  children  for"
"varietyclub.org.uk","technique"," used by",""
"hlst.heacademy.ac.uk","techniques"," used by","  saddam  to"
"citizenshipfoundation.org.uk","is often"," used by","  teachers  in"
"honestjohn.co.uk","that are"," used by","  travel  agents"
"newburytheatre.co.uk","and can be"," used by","  software"
"buildingdesign.co.uk","set that is"," used by","  shareware"
"teachingenglish.org.uk","are"," used by","  teachers  to"
"teachingenglish.org.uk","same as those"," used by","  hearing"
"bhx.co.uk","codes"," used by","  hospitals  ,"
"lse.co.uk","can be"," used by","  people  with"
"primaryresources.co.uk",". Horses are"," used by","  shamans  to"
"preachtheword.co.uk",", And"," used by","  giants  who do"
"squashsite.co.uk","power. Land"," used by","  peasants  to"
"tptb.co.uk","murder bags"," used by","  detectives  ."
"focusmag.co.uk","core skills"," used by",""
"fitz.cam.ac.uk","too noisy to be"," used by","  everyone  ."
"fdean.gov.uk","file are NOT"," used by","  nmbd  to answer"
"churchinwales.org.uk","the websites"," used by","  production"
"thenewspaper.org.uk","much loved or"," used by","  audiences  , it"
"thenewspaper.org.uk","''re hardly"," used by","  viewers  and"
"preachtheword.co.uk","tool"," used by","  police"
"malehealth.co.uk","game can be"," used by","  groups  of 4"
"ability.org.uk","it is a retreat"," used by","  anglers  and"
"missiedith.bentbacktulips.co.uk","38H were all"," used by","  paratroops  ."
"educ.cam.ac.uk","of brand names"," used by",""
"backroadstouring.co.uk","should not be"," used by","  people  who are"
"cstr.ed.ac.uk","the notation"," used by","  bell  ringers."
"blogigo.co.uk","are widely"," used by","  employers  as"
"bornfree.org.uk","amount of fuel"," used by","  vehicles  on"
"kavkaz.org.uk","which is still"," used by","  herbalists"
"bplans.co.uk","is"," used by","  students  and"
"tvradiobits.co.uk","is a term often"," used by","  fantasy"
"professorharbottle.co.uk","be directly"," used by","  worms  , but"
"path.cam.ac.uk","is only"," used by","  drugs  which"
"turkeyrealestate.co.uk","strategies"," used by","  immigrant"
"jazzscript.co.uk","has also"," used by","  women  in"
"skyscript.co.uk","is a technique"," used by","  people  who try"
"lancs.ac.uk","was primarily"," used by","  militia  units"
"championshipmanager.co.uk","that can be"," used by","  learners  ,"
"raf.mod.uk","is being"," used by",""
"winspiration.co.uk","hill fort was"," used by","  people  in the"
"poetrymagazines.org.uk","commonly"," used by","  auditors  . The"
"rousette.org.uk","has been"," used by","  hoax"
"fairy-tales.classic-literature.co.uk","that is being"," used by","  everyone  , and"
"www2.netdoctor.co.uk","and were later"," used by","  scholars  like"
"peteralan.co.uk","extensively"," used by","  teachers  and"
"theatre-wales.co.uk","sleeves as"," used by","  libraries  ,"
"advaita.org.uk","that can be"," used by","  growers  . In"
"newstartmag.co.uk","could later be"," used by","  supply"
"archive.official-documents.co.uk","sleeves as"," used by","  libraries  ,"
"www7.open.ac.uk","it has been"," used by","  man  , in the"
"talyllyn.co.uk","transceiver,"," used by","  thousands  of"
"sciencenet.org.uk",", is widely"," used by","  authors  ,"
"esrcsocietytoday.ac.uk","data-sets,"," used by","  others  to show"
"blackpig.co.uk","group. Mainly"," used by","  adults  . No"
"kcl.ac.uk","strategies"," used by","  teachers  and"
"glasgow.gov.uk","increasingly"," used by","  employers  and"
"backroadstouring.co.uk","most"," used by","  people  in"
"placeboworld.co.uk","the intuition"," used by","  nurses  ; the"
"placeboworld.co.uk","are"," used by","  nurses  - both"
"spa.ex.ac.uk","shouldn''t be"," used by","  people  who"
"winspiration.co.uk","increasingly"," used by","  health"
"platform-end.co.uk","that can be"," used by","  everyone  ,"
"jazzscript.co.uk","that was"," used by","  critics  of"
"webtag.org.uk","Kr krypton Not"," used by","  superman  ! BUT"
"ind.homeoffice.gov.uk","The processes"," used by","  institutions"
"ookami.co.uk","to that"," used by","  hackers  and"
"glaucus.org.uk","that can be"," used by",""
"glaucus.org.uk","more widely"," used by","  industry  and"
"glaucus.org.uk","designed to be"," used by",""
"proquest.co.uk","SAMs have been"," used by","  terrorists  as"
"hazelden.org.uk",". XSLfast is"," used by","  customers  in"
"psychol.ucl.ac.uk","junction was"," used by","  trains  from"
"psychol.ucl.ac.uk","junction was"," used by","  trains  from"
"essex.police.uk",". Strategies"," used by","  leagues  to"
"defence-estates.mod.uk","P 84 Locations"," used by","  contestants"
"raf.mod.uk","but often"," used by","  bunglers  . The"
"holidaylettings.co.uk","of CPU time"," used by","  UGAMP  for each"
"drugscope.org.uk","designed to be"," used by","  engineering"
"mybrightonandhove.org.uk","scenarios """," used by","  apologists  of"
"platform-end.co.uk","should not be"," used by","  individuals"
"rousette.org.uk","software to be"," used by","  groups  who are"
"bexley.gov.uk","which is a tool"," used by","  road"
"mookychick.co.uk","fed back to and"," used by","  coaches  . As"
"selsdonbaptist.org.uk",". SPS can be"," used by","  everyone  else"
"cronab.demon.co.uk","and can be"," used by","  parents  or"
"microscopy-uk.org.uk","to have been"," used by","  smugglers  ."
"uncommon-knowledge.co.uk",", has been"," used by","  scientists  ,"
"mansfield.gov.uk","tools being"," used by",""
"rmd.dft.gov.uk","techniques"," used by","  forest"
"rmd.dft.gov.uk","fire is also"," used by","  plantation"
"ppewww.ph.gla.ac.uk",". SFH is"," used by","  staff  and"
"bma.org.uk",". It has been"," used by","  groups  in"
"bma.org.uk",", it is being"," used by","  groups  in"
"museums.ncl.ac.uk","have been"," used by","  rapists  to"
"thecornerhouse.org.uk","scanners are"," used by","  architects  ,"
"seered.co.uk","which must be"," used by","  pharmacists"
"ukdf.org.uk","paper were"," used by","  nobles  and"
"wellchild.org.uk","to be"," used by",""
"hulltrains.co.uk","when 4x4s are"," used by","  parents  on the"
"hulltrains.co.uk","school routes"," used by","  children  . ·"
"seethru.co.uk","name have been"," used by","  authors  and"
"yourcounty.co.uk","site that is"," used by","  journalists"
"bseinquiry.gov.uk","intended to be"," used by","  employers  ,"
"questors.org.uk","","used by","  women  who have"
"questors.org.uk","and it is"," used by","  men  for"
"questors.org.uk",". "" 11 "" Abuta is"," used by","  men  in the"
"pressbox.co.uk","continue to be"," used by","  politicians"
"familiesonline.co.uk","and can be"," used by","  teachers"
"battleoffulford.org.uk","which can be"," used by","  teachers  of"
"varley9.freeserve.co.uk","normally"," used by","  enzymes  . The"
"newcastle.ac.uk","to have been"," used by","  launderers  '' ("
"arts.ac.uk",", asphalt"," used by","  contractors"
"cts.dmu.ac.uk","most commonly"," used by","  samplers  and"
"cts.dmu.ac.uk","most commonly"," used by","  samplers  and"
"theatreguidelondon.co.uk","opioids may be"," used by","  substance"
"spa.ex.ac.uk","'' is a word"," used by","  accountants"
"spa.ex.ac.uk",". It ''s a word"," used by","  bullies  to"
"nurse-prescriber.co.uk","the methods"," used by","  health"
"sarahfreelance.co.uk","that it can be"," used by","  bloggers  with"
"skyscript.co.uk","The bank can be"," used by","  institutions"
"digitalliving.cnet.co.uk","cannot he"," used by","  females  or"
"lewisham.nhs.uk","when"," used by","  criminals  or"
"blitzkrieg-portal.co.uk","may also be"," used by","  walkers  ,"
"blitzkrieg-portal.co.uk","it is heavily"," used by","  walkers  and"
"sovereignty.org.uk",", etc.)"," used by","  laypersons  to"
"lda.gov.uk","designed and"," used by","  papermills"
"drugscope.org.uk","in Montana are"," used by","  people"
"antarctica.ac.uk",", it can be"," used by","  ideals"
"eif.co.uk","will be"," used by","  athletes"
"sphericalbowl.co.uk","the energy"," used by","  consumers  ("
"tin.nhs.uk","be"," used by","  learners  in"
"ventris.org.uk","the hardware"," used by","  soldiers  and"
"careers.ed.ac.uk","(which can be"," used by","  anybody  , even"
"seethru.co.uk","must not be"," used by","  Clubs  or"
"orgs.man.ac.uk","categories"," used by","  humanities"
"stif.co.uk","); coffee (","used by","  sufis  during"
"moggies.co.uk","which could be"," used by","  iron  founders"
"naturalpetcare.co.uk","can be"," used by","  anyone  , but"
"virgintrains.co.uk","to be widely"," used by","  publishers  ,"
"jamescowper.co.uk","techniques"," used by",""
"glasgowarchitecture.co.uk","that they were"," used by","  orators  , not"
"glasgowarchitecture.co.uk","are"," used by","  robber"
"glasgowarchitecture.co.uk","a worry, and if"," used by","  bards  in the"
"smart.co.uk","be stolen or"," used by","  others"
"saints-alive.co.uk","Sudbury were"," used by","  farmers  to"
"languagesabroad.co.uk","and are"," used by","  industry  to"
"spuc.org.uk","indicators"," used by","  development"
"americansc.org.uk","hidden, file"," used by","  Locoscript  to"
"thamesweb.co.uk","well as being"," used by","  others"
"thamesweb.co.uk","been a carpark"," used by","  Historians"
"btp.police.uk","in a monastery"," used by","  clerics  or"
"peakdistrict.gov.uk",""" was first"," used by","  anarchist"
"slough.gov.uk","that can be"," used by","  everyone  ,"
"motoring.independent.co.uk","are widely"," used by","  government"
"motoring.independent.co.uk","frequently"," used by","  mailrooms  and"
"disabilitynow.org.uk","Boards"," used by","  target"
"disabilitynow.org.uk","Boards"," used by","  schools  and"
"questors.org.uk",": "" The seed is"," used by","  mountebank"
"davidlammy.co.uk","of address"," used by","  teaching"
"cssplay.co.uk",". It is"," used by","  members  and"
"newcastle.ac.uk","site that is"," used by","  journalists"
"barbecue-online.co.uk","2 and 3 is to be"," used by","  Boards  of"
"abtn.co.uk","batteries."," Used by","  doctors  and"
"baggagereclaim.co.uk","phrases"," used by","  Socialisers  :"
"baggagereclaim.co.uk","phrases"," used by","  killers  : """
"portal.surrey.ac.uk","which could be"," used by","  safety  reps to"
"armedforces.co.uk","synthetase is"," used by","  authors  , it"
"disabilitynow.org.uk","poets, and are"," used by","  poets  , though"
"initiative.co.uk","that has been"," used by","  natives  and"
"worldwar1.co.uk",", formerly"," used by","  smugglers  , is"
"horticulture.org.uk","should not be"," used by","  coaches  of"
"sofacinema.co.uk",", which can be"," used by","  learners  at"
"clwww.essex.ac.uk","How it is being"," used by",""
"beingmrkenny.co.uk","quoted and"," used by","  policy  makers"
"acmsu.nerc.ac.uk","frequently"," used by","  politicians"
"herbalfusion.co.uk","sure it can be"," used by","  classroom"
"ids.ac.uk","data can be"," used by","  others  at a"
"archives.gla.ac.uk","- a weapon"," used by","  knights"
"indigogroup.co.uk","2 and 3 is to be"," used by","  Boards  of"
"e-learningcentre.co.uk","It will also be"," used by","  vehicles  in"
"newburytheatre.co.uk",". One cup is"," used by","  everyone  and"
"rss.org.uk","","used by","  sales"
"mostlylucid.co.uk",", have been"," used by","  man  for"
"staff.ncl.ac.uk","which may be"," used by","  visitors  to"
"jobsite.co.uk",", and could be"," used by","  individuals"
"materials.ac.uk","baskets were"," used by","  boys  in those"
"stories.the-times.co.uk","is a stimulant"," used by","  doctors  to"
"arts.ac.uk","have been"," used by","  students  to"
"jobsite.co.uk","are likewise"," used by","  dyers  for"
"talyllyn.co.uk","games has been"," used by","  economists  to"
"digitalliving.cnet.co.uk","of culture as"," used by",""
"tastyfanzine.org.uk","worst it may be"," used by","  officials  to"
"jardmail.co.uk","measures"," used by","  farmers  ,"
"gardenorganic.org.uk",") are being"," used by","  scientists  at"
"islamic-college.ac.uk","pillows may be"," used by","  people  who"
"ics.ltsn.ac.uk","developed and"," used by","  public  as well"
"nevadaradio.co.uk","They are often"," used by","  websites  that"
"warwickshire-wildlife-trust.org.uk",". This will be"," used by","  reviewers  to"
"portcities.org.uk","which may be"," used by","  landlords  ."
"sainsburysbank.co.uk","collected and"," used by","  others  . In"
"horniman.ac.uk","placements"," used by","  students  on"
"horniman.ac.uk","placements"," used by","  students  on"
"horniman.ac.uk","feature is"," used by","  tutors  to"
"horniman.ac.uk","placements"," used by","  students  on"
"horniman.ac.uk","placements"," used by","  students  on"
"chinese-embassy.org.uk","which will be"," used by","  health  and"
"bond.org.uk","how they are"," used by","  others  and"
"num.org.uk","methods"," used by","  staff  ."
"partnerships.org.uk",", paced style"," used by","  hypnotists"
"ardue.org.uk","Room Widely"," used by","  staff  ,"
"getahead.ltd.uk","and tricks"," used by","  designers  to"
"reviews.zdnet.co.uk","then commonly"," used by","  travellers  ."
"healeyhero.co.uk","to XML, and is"," used by","  publishers  to"
"practicalpc.co.uk","and can be"," used by","  groups"
"forum.easports.co.uk","were first"," used by","  athletes  in"
"bronte.netfury.co.uk","area and can be"," used by","  patients  ,"
"rockmine.music.co.uk","but is well"," used by","  pedestrians"
"cps.gov.uk","has also been"," used by","  body  builders"
"the-fan.co.uk","buses"," used by","  operators"
"fie.org.uk",", only being"," used by","  pedestrians  ("
"younggreens.org.uk","PCs that can be"," used by","  students  when"
"src.le.ac.uk",", well"," used by","  students  ("
"src.le.ac.uk",", well"," used by","  students  . 56"
"src.le.ac.uk",", well"," used by","  students  ("
"src.le.ac.uk",", well"," used by","  students  ("
"userfocus.co.uk",". Atropine is"," used by","  opticians  to"
"rsaum.co.uk","and were much"," used by","  artisans  of"
"cts.dmu.ac.uk","intended to be"," used by","  employers  ,"
"squashsite.co.uk",", is widely"," used by","  authors  ,"
"lancashire.police.uk","site that is"," used by","  journalists"
"educ.cam.ac.uk","by Ian Davey;"," used by","  kind"
"advaita.org.uk","that it was"," used by","  physicians  of"
"nao.org.uk","is typically"," used by","  hardware"
"music.ed.ac.uk","already being"," used by","  others  and"
"findachurch.co.uk","our website is"," used by","  customers"
"medical-acupuncture.co.uk","are sometimes"," used by","  patients  with"
"birdfinders.co.uk","that it can be"," used by","  bloggers  with"
"comedycv.co.uk","technique"," used by","  hackers  . We"
"well.ac.uk","been"," used by","  worms  and"
"dcs.gov.uk","techniques"," used by","  farmers  ,"
"shepherd-neame.co.uk",") alphabets"," used by","  books  and the"
"preachtheword.co.uk","ports that are"," used by","  webcams  ."
"orcadian.co.uk","sun pottery is"," used by","  supporters  of"
"barbecue-online.co.uk","fossil fuels"," used by","  cars  ; lorries"
"portakabin.co.uk","designed to be"," used by","  trainees  in"
"unitedrant.co.uk","foremost to be"," used by","  ethics"
"link2exports.co.uk","likely to be"," used by","  wheelchair"
"ex-canaries.co.uk","which can be"," used by","  teachers  of"
"forum.cantstopthesignal.co.uk",". It may be"," used by","  children  of"
"glaucus.org.uk","is not much"," used by","  students  with"
"teamtechnology.co.uk","number that is"," used by","  computers  on"
"library.stir.ac.uk","products are"," used by","  developers"
"staff.ncl.ac.uk","","used by","  marketing"
"initiative.co.uk",". The language"," used by","  women  to"
"publicservice.co.uk","systems"," used by","  state"
"naldic.org.uk","data are"," used by","  researchers"
"bseinquiry.gov.uk","330 journals."," Used by","  researchers"
"theglobalsite.ac.uk","being"," used by","  church"
"epic.co.uk","sort of Latin"," used by","  clerks  and"
"epic.co.uk","which were"," used by","  students  for"
"roymech.co.uk","to be"," used by","  network"
"missiedith.bentbacktulips.co.uk","was once"," used by","  sailors  out at"
"uclan.ac.uk","dog and was"," used by","  estate  owners"
"huddersfield1.co.uk","should be"," used by","  students  from"
"nic.uk","products are"," used by","  developers"
"mookychick.co.uk",". The encoding"," used by","  default  is"
"mountaineering-scotland.org.uk","is"," used by","  chemical"
"ookami.co.uk","the approach"," used by",""
"whitedragon.org.uk","but le is often"," used by","  Samoans  where"
"darkstar1.co.uk","levels are"," used by","  default  , even"
"markboulton.co.uk","retail stores"," used by","  employees  ,"
"raf.mod.uk",", is widely"," used by","  authors  ,"
"windowsproject.demon.co.uk","likely to be"," used by",""
"digitalliving.cnet.co.uk","that were"," used by","  participants"
"optimumimpact.co.uk","have been"," used by","  tourism"
"optimumimpact.co.uk","strategies"," used by","  hospitality"
"mastersgames.co.uk","arguments"," used by","  Christians"
"cll.bham.ac.uk","which is only"," used by","  men  of great"
"hush-hush.co.uk","questions are"," used by","  students  as"
"hush-hush.co.uk","them at a"," used by","  scientists"
"j-sainsbury.co.uk","to be"," used by","  researchers"
"uncaged.co.uk","car manuals -"," used by","  generations"
"janeandrichard.co.uk","is often"," used by","  florists  in"
"sunion.warwick.ac.uk","and evidence"," used by","  students  in"
"epic.co.uk","long file name"," used by","  information"
"varietyclub.org.uk","that can be"," used by","  amateurs  as"
"link2exports.co.uk","common option"," used by","  doctors  to"
"footstepstooxford.co.uk","that were"," used by","  groups  such as"
"edinphoto.org.uk","the hot water"," used by","  visitors  . The"
"questors.org.uk","which can be"," used by","  teachers  in"
"legendarydartmoor.co.uk","70 % of energy"," used by","  rail  is"
"legendarydartmoor.co.uk",", a title also"," used by","  sister"
"scholarships.ed.ac.uk",", which was"," used by","  partners  in"
"footstepstooxford.co.uk","consciously)"," used by","  speakers  to"
"well.ac.uk","% of processes"," used by",""
"galensgarden.co.uk","of which may be"," used by","  staff  and"
"raf.mod.uk","report is"," used by","  lenders  when"
"show.me.uk","to those"," used by","  graduates  in"
"prochoiceforum.org.uk","47:1 1977);"," used by","  permission  ."
"savoy.abel.co.uk","has been long"," used by","  therapists"
"kenyabirds.org.uk","as yet -- been"," used by","  countries  or"
"kenyabirds.org.uk","minutes are"," used by","  dispute"
"hazelden.org.uk","are"," used by",""
"fashionunited.co.uk","chiefly being"," used by","  languages"
"justride.co.uk","very widely"," used by","  people  in many"
"show.scot.nhs.uk","et al. 2000)."," Used by","  permission  of"
"allaboutgames.co.uk","can only be"," used by","  patients  with"
"persephonebooks.co.uk","that could be"," used by",""
"archive.official-documents.co.uk","Video '' images"," used by","  kind  perm"
"archive.official-documents.co.uk","Video '' images"," used by","  kind  perm"
"financial-ombudsman.org.uk","designed to be"," used by","  anyone"
"pro-g.co.uk",", initially"," used by","  community"
"pro-g.co.uk",", initially"," used by","  community"
"pro-g.co.uk","rooms,"," used by","  speech  and"
"pro-g.co.uk",", initially"," used by","  community"
"pro-g.co.uk",", initially"," used by","  community"
"lhc.org.uk","continuously"," used by","  faculty  and"
"women.timesonline.co.uk","which has been"," used by","  mathematics"
"missiedith.bentbacktulips.co.uk","techniques"," used by","  industry  . It"
"frca.co.uk","that is"," used by","  radio"
"dvd.reviewer.co.uk","system that is"," used by","  meerkats  ,"
"westyorkshire.police.uk","fuels - are"," used by","  cogeneration"
"informatics.nhs.uk","sound of a is"," used by","  default  after"
"rbge.org.uk",". Language is"," used by","  musicians  and"
"lums.lancs.ac.uk","engine. It was"," used by","  twenty-four"
"miketaylor.org.uk","also widely"," used by","  programmers  ."
"rail-reg.gov.uk","which is also"," used by","  utilities  to"
"poetrymagazines.org.uk","intended to be"," used by","  print"
"portal.surrey.ac.uk","the languages"," used by","  children  in"
"portal.surrey.ac.uk","been widely"," used by","  teachers  of"
"chart.ac.uk","when has been"," used by","  HSE  as an"
"diydoctor.org.uk","for materials"," used by",""
"thetrousers.co.uk","on the kind"," used by","  vehicle  lease"
"sfx.co.uk","strap is often"," used by","  divers  for"
"sfx.co.uk","strap is often"," used by","  divers  for"
"teamtechnology.co.uk","of exercises"," used by","  employers  as a"
"teamtechnology.co.uk","and measures"," used by","  employers  to"
"boredramblings.co.uk","stands are"," used by",""
"footy4kids.co.uk","isn''t solely"," used by","  men  ! Often, as"
"insurgentdesire.org.uk","is always"," used by","  bosses  when we"
"forum.cantstopthesignal.co.uk","The bank can be"," used by","  institutions"
"horniman.ac.uk","ones which are"," used by","  witches  for"
"eastman.ucl.ac.uk","that it can be"," used by","  individuals"
"haileybury.herts.sch.uk","from the model"," used by","  supermarkets"
"fanzone.co.uk","is mainly"," used by","  schools  , and"
"allspirit.co.uk","previously"," used by","  Mrs  William"
"beingmrkenny.co.uk","phases. May be"," used by","  students"
"richmondreview.co.uk",", which was"," used by","  pilgrims"
"supertarot.co.uk","to XML, and is"," used by","  publishers  to"
"tda.gov.uk","how these are"," used by","  people  and"
"princes-trust.org.uk","have been"," used by",""
"theobamber.co.uk","upon and"," used by","  campaigners"
"spacecentre.co.uk","extensively"," used by","  teachers  and"
"stories.the-times.co.uk","displayed or"," used by","  students  and"
"theweddingnetwork.co.uk","cloth"," used by","  mankind  to"
"blog.outofthebedroom.co.uk","the excuse"," used by","  hunters"
"music.ed.ac.uk","of regimes"," used by","  growers  of GM"
"fashionunited.co.uk","that can be"," used by","  children  and"
"princelyrics.co.uk","is very rarely"," used by","  authors  , and"
"abtn.co.uk","stones were"," used by","  Druids  for"
"thebiographychannel.co.uk","can be"," used by","  policy  makers"
"eternalnight.co.uk","worst it may be"," used by","  officials  to"
"aslan.demon.co.uk",". Name"," Used By","  Clients  to"
"stories.the-times.co.uk","- but may be"," used by","  bona  fide"
"soundservice.co.uk","how it can be"," used by","  teachers  of"
"shiftydisco.co.uk","can also be"," used by","  speakers  from"
"lums.lancs.ac.uk","service"," used by","  industry  to"
"barbecue-online.co.uk","is only a term"," used by",""
"ucreative.ac.uk","so it could be"," used by","  leper  . A"
"thenewspaper.org.uk","and cannot be"," used by","  anyone  else at"
"rmd.dft.gov.uk",". Equipment"," used by","  nurses  in"
"salters.co.uk","are widely"," used by","  scholars  to"
"rms-gb.org.uk","criteria"," used by","  lecturers  in"
"artshole.co.uk","FTP is often"," used by","  web  server"
"justride.co.uk","''s labs are"," used by","  students  of"
"extra.rdg.ac.uk","which are"," used by","  policy  makers"
"amos-sct.org.uk","are sometimes"," used by","  members  of the"
"thewestonmercury.co.uk","is repeatedly"," used by","  armies  of all"
"shiftydisco.co.uk","group can be"," used by","  system"
"stainer.co.uk","of medicines"," used by","  optometrists"
"fairy-tales.classic-literature.co.uk","sometimes"," used by","  Buddhists"
"gcr-rollingstocktrust.co.uk","movements"," used by","  people"
"comms.scitech.susx.ac.uk","have been"," used by","  ''stalkers  '' in"
"labour.org.uk","intended to be"," used by","  employers  ,"
"churchill-society-london.org.uk","should only be"," used by","  members  who"
"people.ex.ac.uk",", which can be"," used by","  pet-owners  or"
"canterbury.ac.uk","and are well"," used by","  students  ("
"canterbury.ac.uk","and are well"," used by","  students  ("
"murderousmaths.co.uk","are also"," used by","  management  to"
"premierhomesinternational.co.uk",""". "" Theory "" as"," used by","  scientists"
"premierhomesinternational.co.uk","is only ever"," used by","  creationists"
"firesafetytoolbox.org.uk","Cross '' symbol"," used by","  Freemasons"
"aeroflight.co.uk",", they were"," used by","  faculty  who"
"citizenshipfoundation.org.uk","revered and"," used by","  humankind"
"orate.co.uk","(or cannot) be"," used by","  adults  (or"
"whom.co.uk","technology"," used by","  pioneers"
"uncommon-knowledge.co.uk",", or"," used by","  service"
"bexley.gov.uk","which can be"," used by","  members  and at"
"sas.ac.uk","will mainly be"," used by","  pre-flight"
"newburytheatre.co.uk",", 1984), and"," used by","  permission  . ]"
"materials.ac.uk","of phrases"," used by","  griots  to"
"lhc.org.uk","scenarios """," used by","  apologists  of"
"mythofcreation.co.uk","it could be"," used by","  people  in"
"avaya.co.uk","technique"," used by",""
"churchinwales.org.uk",", is widely"," used by","  authors  ,"
"chester.gov.uk","a technique"," used by","  spammers  to"
"ati.surrey.ac.uk","objects may be"," used by","  participants"
"focusmag.co.uk","and"," used by","  individuals"
"epic.co.uk","Simple Way."," Used by","  permission  of"
"epic.co.uk","Simple Way."," Used by","  permission  of"
"bexley.gov.uk","and can only be"," used by",""
"supertarot.co.uk","Royston cave -"," used by","  saints  or"
"supertarot.co.uk","Royston cave -"," used by","  saints  or"
"kuoni.co.uk",". This is"," used by","  families  and"
"sainsburysbank.co.uk","and how it is"," used by",""
"bornfree.org.uk","notice boards"," used by","  travellers"
"gradunion.cam.ac.uk","to be"," used by","  teachers  for"
"coeliac.org.uk","seldom if ever"," used by","  Christians  ,"
"cps.gov.uk","machines"," used by","  banks  and"
"synergy-health.co.uk","anaesthetic"," used by","  vets  and"
"find-me-a-gift.co.uk","can only be"," used by","  licensees"
"bexley.gov.uk","regularly"," used by","  members  of the"
"show.me.uk","collected and"," used by","  others  . We"
"easyweb.easynet.co.uk","and can be"," used by","  geologists  ,"
"welhat.gov.uk","pub much"," used by","  locals  . Pay"
"portakabin.co.uk","meta data (","used by","  search"
"ccw.gov.uk","there were"," used by","  humans  to"
"emagictricks.co.uk","''"," used by","  humans  When,"
"missiedith.bentbacktulips.co.uk","ordinarily"," used by","  businesses"
"brake.org.uk","must not be"," used by","  Clubs  or"
"islamic-college.ac.uk",". PayPal is"," used by","  eBay  buyers"
"digitalradiotech.co.uk","key resource"," used by","  sports  and"
"bibic.org.uk",", which are"," used by","  road  safety"
"skyscript.co.uk","effectively"," used by","  insurgents  ,"
"laptopsdirect.co.uk","are scams"," used by","  fraudsters  in"
"laptopsdirect.co.uk","Trojans are"," used by","  fraudsters  to"
"homepages.ucl.ac.uk","the stage and"," used by","  everyone  , and"
"in-the-spirit.co.uk","process"," used by","  pupils  , in an"
"turningtools.co.uk","? Trojans are"," used by","  fraudsters  to"
"mandrake.demon.co.uk","Trojans are"," used by","  fraudsters  to"
"people.ex.ac.uk","key resources"," used by","  lecturer  - key"
"cps.gov.uk","could also be"," used by","  presenters  ,"
"blitzkrieg-portal.co.uk","of the symbols"," used by","  countries  and"
"outdoormegastore.co.uk","site that is"," used by","  journalists"
"luxonline.org.uk","currently"," used by","  baby  food"
"bornfree.org.uk","has been"," used by",""
"spacecentre.co.uk",". This could be"," used by","  members  to"
"technology.timesonline.co.uk","to be properly"," used by","  soil  . BD508"
"nationalarchives.gov.uk","that tend to be"," used by","  researchers  ("
"americansc.org.uk","gadgets"," used by","  countries  to"
"advaita.org.uk","''s stages are"," used by",""
"cyberselect.co.uk",", is widely"," used by","  authors  ,"
"newcastle.ac.uk","is therefore"," used by","  police  to"
"lifesci.sussex.ac.uk","- Not to be"," used by","  anyone  with a"
"bhx.co.uk","laboratory"," used by","  students  , is"
"optimumimpact.co.uk","(PSHE),"," used by",""
"gla.ac.uk","a site to be"," used by",""
"italian.classic-literature.co.uk","may be"," used by","  officials  or"
"gwydir.demon.co.uk","is rarely"," used by","  Samoans  and"
"shiftydisco.co.uk","''. It ''s"," used by","  police  as well"
"eng.bham.ac.uk","proforma to be"," used by","  project  staff"
"kenyabirds.org.uk","commonly"," used by","  business  ."
"allaboutgames.co.uk","successfully"," used by","  people  with"
"dancing-times.co.uk","well as being"," used by","  others"
"terramedia.co.uk","been commonly"," used by","  peasants  who"
"royalcollection.org.uk","package is"," used by","  scientists"
"bose.co.uk","the caves were"," used by","  smugglers  in"
"llandrillo.ac.uk","are currently"," used by",""
"birds-eye-view.co.uk","and"," used by","  defence"
"ias.org.uk","which would be"," used by","  students  for"
"nwsgc.ac.uk","that is well"," used by","  students"
"gondolin.org.uk","of water"," used by","  pupils  each"
"money.independent.co.uk","systems"," used by","  man  are basic"
"boneheadshirts.co.uk","is more easily"," used by","  people  who are"
"talkingteaching.co.uk","to be"," used by","  air  operators"
"birdinghawaii.co.uk","consistently"," used by","  trainees  ."
"constipationadvice.co.uk","is regularly"," used by","  university"
"lda.gov.uk","that can be"," used by",""
"brucesfingers.co.uk","like the ones"," used by","  children"
"prochoiceforum.org.uk","Proportion is"," used by","  artists  and"
"drugscope.org.uk","2004) Tactics"," used by","  sports"
"clwww.essex.ac.uk","on the kind"," used by","  vehicle  lease"
"newcastle.gov.uk",". Also,"," used by","  business"
"artscentral.co.uk","of objects"," used by","  soldiers  in"
"bma.org.uk","to be"," used by","  network"
"bma.org.uk","to be"," used by","  network"
"publicfinance.co.uk",". It began to be"," used by","  passenger"
"uktvfood.co.uk","","used by","  speakers  at"
"uktvfood.co.uk","","used by","  speakers"
"airpistol.co.uk","it was often"," used by","  grocers  to"
"phoenixs.co.uk",". This CD is"," used by","  teachers  ,"
"phoenixs.co.uk","designed to be"," used by","  people  with no"
"thetrousers.co.uk","that may be"," used by","  customers  to"
"theatreguidelondon.co.uk","The arguments"," used by","  scientists  in"
"martynmission.cam.ac.uk","they are being"," used by","  institutions"
"greenwichcollege.co.uk","commonly"," used by","  guitarists"
"bacta.org.uk","cactus"," used by","  people  of the"
"ukbusinesspark.co.uk","which could be"," used by","  everyone  . The"
"squashsite.co.uk","all terrorism"," used by","  peoples  in"
"csa.gov.uk","might be"," used by","  people  of a"
"csa.gov.uk","language"," used by","  speakers  in"
"csa.gov.uk","seldom those"," used by","  adults  to form"
"csa.gov.uk","the lexicon"," used by","  adult"
"csa.gov.uk","the language"," used by","  people  living"
"csa.gov.uk","vocabulary"," used by","  conscripts  ,"
"people.ex.ac.uk",""", which is"," used by","  hundreds  of"
"battleoffulford.org.uk","was indeed"," used by","  monks  . â? Mr"
"c2c-guide.co.uk",", seemingly"," used by","  wagons  . The"
"schoolshistory.org.uk","were often"," used by","  Vikings  and"
"foundationtv.co.uk",". Excerpt"," used by","  kind"
"murderousmaths.co.uk","could then be"," used by","  governments"
"ics.ltsn.ac.uk","wasn''t really"," used by","  programmers"
"newbusiness.co.uk","were"," used by","  medicine  men"
"bettybookmark.co.uk","have long been"," used by","  capital  as a"
"p-jones.demon.co.uk","of medicines"," used by","  optometrists"
"gleeson0.demon.co.uk",". The DTD is"," used by","  applications"
"europ-assistance.co.uk","as a tool"," used by","  politicians"
"aeroflight.co.uk","that they are"," used by","  elites  to"
"teaching-abroad.co.uk","it was often"," used by","  stage"
"extra.rdg.ac.uk",", is widely"," used by","  authors  ,"
"liberty-human-rights.org.uk","strategies"," used by","  firms  such as"
"liberty-human-rights.org.uk","strategies"," used by","  firms  such as"
"cbonline.co.uk","collection is"," used by","  families  ,"
"bettybookmark.co.uk",", which was"," used by","  community"
"battleoffulford.org.uk","The bridge was"," used by","  pupils  on"
"dcs.gov.uk","mechanisms"," used by","  plants  to"
"ch.cam.ac.uk","is not sent or"," used by","  lenders  to"
"kineticart.co.uk","it was widely"," used by","  escadrilles"
"orthodoxengland.btinternet.co.uk","will be"," used by","  NHS  QIS to"
"btp.police.uk","should also be"," used by","  applicants"
"hibberts.co.uk","- Not to be"," used by","  anyone  with a"
"cma.soton.ac.uk","they can be"," used by","  visitors  and"
"brucesfingers.co.uk",", is widely"," used by","  authors  ,"
"justride.co.uk","abortion is"," used by","  women  to"
"dancing-times.co.uk",", and are"," used by","  persons"
"cyberselect.co.uk","shuttle much"," used by","  businessmen  ,"
"magonia.demon.co.uk","it is often"," used by",""
"geologywales.co.uk","very rarely"," used by","  men  . It made me"
"furthermore.org.uk",", effectively"," used by","  women  and does"
"alternatetakes.co.uk","how it can be"," used by","  teachers  of"
"jolt.co.uk","in the UK and"," used by","  businesses"
"education.leeds.ac.uk","and plant is"," used by","  shaman  in the"
"bexley.gov.uk",". The site is"," used by","  teachers"
"defence-estates.mod.uk","have been"," used by","  someone  very"
"saints-alive.co.uk","supposedly"," used by","  abortionists"
"theatreguidelondon.co.uk","is commonly"," used by","  mythologists"
"toast-uk.org.uk","strategies"," used by","  firms  such as"
"toast-uk.org.uk","strategies"," used by","  firms  such as"
"internationalhero.co.uk","many articles"," used by","  earth  people,"
"littman.co.uk","of the venues"," used by","  colleges  as"
"bond.org.uk","materials"," used by","  industries"
"gwydir.demon.co.uk","can be"," used by","  shops  ,"
"birds-eye-view.co.uk","can be easily"," used by","  plants  . Can"
"hicksdesign.co.uk","that will be"," used by","  authorities"
"uncaged.co.uk","towed by a boat"," used by","  drug"
"emotionalprocessing.org.uk",". It was first"," used by","  humans  as a"
"professorharbottle.co.uk","splendour Is"," used by","  ladies  of"
"tlc-direct.co.uk","from being"," used by","  humans  . The"
"tastyfanzine.org.uk","'' as"," used by","  text"
"travelagentexplorer.co.uk","of the systems"," used by","  enterprises"
"torro.org.uk","Pages"," used by","  webmasters  ("
"bsactravelclub.co.uk","processes"," used by","  staff  needed"
"theatremuseum.org.uk",""" tables"," used by",""
"skyscript.co.uk","started to be"," used by","  infantry  ,"
"cardcollectors.co.uk",". SIGN can be"," used by",""
"hulltrains.co.uk","weapon when"," used by","  defenders"
"aspirations.english.cam.ac.uk","producer ''"," used by","  member  states"
"freefalluniversity.co.uk","increasingly"," used by","  virus  makers"
"freefalluniversity.co.uk","commonly"," used by","  malware  to"
"easterneyeuk.co.uk","like it can be"," used by","  safety"
"irfilters.reading.ac.uk",". Painting"," used by","  permission"
"lhc.org.uk","been widely"," used by","  researchers"
"bravo.co.uk",". It is also"," used by","  web  browsers"
"literacytrust.org.uk","guides are"," used by","  students  and"
"visionofbritain.org.uk","that could be"," used by","  police  forces"
"a-n.co.uk","components"," used by","  industry  and"
"educ.cam.ac.uk",", is widely"," used by","  authors  ,"
"walterscott.lib.ed.ac.uk","giant,"," used by","  thousands  of"
"retirement-matters.co.uk",". It is often"," used by","  schools  as"
"cleanersafergreener.gov.uk","charity much"," used by","  teachers  to"
"the-woods.co.uk","n them,"," used by","  tribes  for"
"risc.org.uk","","used by","  pastoralists"
"in-the-spirit.co.uk","gait,"," used by","  ladies  ;"
"drivetech.co.uk","by the phrases"," used by",""
"drivetech.co.uk","is a cop-out"," used by","  theists  when"
"nic.uk","should be"," used by","  banks  for site"
"the-philosopher.co.uk","song. It was"," used by","  tribes"
"vam.ac.uk",". This study is"," used by","  defendants  in"
"sundog.clara.co.uk","those"," used by","  GSM  and"
"wwwfom.sk.med.ic.ac.uk","editor can be"," used by","  students  to"
"debate.org.uk","plate armour"," used by","  knights  ."
"bio.bris.ac.uk","are usually"," used by","  investors  to"
"trichotillomania.co.uk","MOO MOOs can be"," used by","  anyone  with"
"biblicalstudies.org.uk","that can be"," used by","  university"
"smmgp.org.uk","total number"," used by","  gypsies  and"
"liverpool.freeexchange.co.uk","agent agent"," used by","  bees  to"
"ardue.org.uk",". It is widely"," used by","  model"
"midleykent.fsnet.co.uk",") file and"," used by","  getpwent(3  )"
"midleykent.fsnet.co.uk",") file and"," used by","  getgrent(3  )"
"midleykent.fsnet.co.uk","This option is"," used by","  developers"
"uknetguide.co.uk","of moderation"," used by","  bbc  . co. uk?"
"uktvfood.co.uk","and so can be"," used by","  children  with"
"newsoftheworld.co.uk","sources"," used by","  community"
"biblicalstudies.org.uk","solar time,"," used by","  astronomers  ."
"savoy.abel.co.uk","option often"," used by","  people  who are"
"surreypa.gov.uk","was little"," used by","  passengers  ,"
"healthscience.swansea.ac.uk","? Photograph"," used by","  kind"
"sat.dundee.ac.uk","will not be"," used by","  passengers  ,"
"museums.ncl.ac.uk","operations"," used by","  humans  to"
"horniman.ac.uk",", often"," used by","  politics"
"romansinsussex.co.uk","techniques"," used by","  database"
"ethox.org.uk","space that is"," used by","  SD  and HDTV"
"clwww.essex.ac.uk","increasingly"," used by","  businesses  to"
"caledonian.ac.uk","photograph"," used by","  kind"
"top50freebies.co.uk","this credit is"," used by","  individuals"
"micromaterials.co.uk",", and is widely"," used by","  engineers  and"
"saa.co.uk","to only being"," used by","  people  in"
"nbtea.co.uk","frequency as"," used by","  microwave"
"ch.cam.ac.uk","currently"," used by","  industry  ("
"candlemaking.org.uk","was the term"," used by","  politicians"
"durhamcathedral.co.uk","should not be"," used by","  users  of"
"lonympics.co.uk","to a side door,"," used by","  servants  , and"
"questors.org.uk","may be"," used by","  students"
"questors.org.uk","that may be"," used by","  students  as"
"compbio.dundee.ac.uk","more heavily"," used by","  goods  trains"
"sainsburysbank.co.uk","should not be"," used by","  consumers  to"
"bordercrossings.org.uk","diminutives"," used by","  Nature  in her"
"windowsproject.demon.co.uk","could be"," used by","  landscape"
"supertarot.co.uk",", buildings"," used by","  Indymedia"
"supertarot.co.uk","- should not be"," used by","  children  ."
"supertarot.co.uk","was being"," used by","  hardline"
"markboulton.co.uk","systems"," used by","  AEC"
"teamtechnology.co.uk","tags"," used by","  shops  for"
"portcities.org.uk","commonly"," used by","  butchers  - a"
"yogamagazine.co.uk","must be"," used by","  persons"
"professorharbottle.co.uk","is commonly"," used by","  system"
"professorharbottle.co.uk","","used by","  chemists  . The"
"sarahfreelance.co.uk","in the UK to be"," used by","  schools  in"
"retirement-matters.co.uk","tool,"," used by",""
"artshole.co.uk","passwords"," used by","  individuals  ,"
"thecornerhouse.org.uk","term,"," used by","  pundits  from"
"cd.ciao.co.uk","barn, once"," used by","  drovers  to"
"e-learningcentre.co.uk","As history was"," used by","  churchmen  to"
"sd-commission.org.uk","resources"," used by","  students  on"
"bures-online.co.uk","exclusively"," used by","  spammers  ."
"staff.ncl.ac.uk","gained is"," used by","  students  in"
"dh.gov.uk","system"," used by","  PCs  . DAVE does"
"diydoctor.org.uk","charity much"," used by","  teachers  to"
"dancing-times.co.uk",", such as those"," used by","  generals  in"
"richardtaylor.org.uk","was commonly"," used by","  masons"
"dh.gov.uk","criteria"," used by","  editors  and"
"kenyabirds.org.uk","or could be"," used by","  pharmacy"
"redking.co.uk","products are"," used by","  Help  authors"
"handicap-international.org.uk",", after being"," used by","  ''C  '' Flight of"
"iwradio.co.uk","that can be"," used by","  line"
"dpawson.co.uk","Heavily"," used by","  ecologists"
"iserv.abertay.ac.uk","in Nailsea -"," used by","  children  to"
"roehampton.ac.uk","to those"," used by","  associations"
"arts.ac.uk","are not"," used by","  companies  to"
"fairtrade.org.uk","figures"," used by","  print"
"orgs.man.ac.uk","technique,"," used by","  life"
"iofilm.co.uk","that is well"," used by","  locals  of most"
"dft.gov.uk",", which will be"," used by","  students  as a"
"digitalliving.cnet.co.uk","picks, are"," used by","  guitar"
"mcbishop.co.uk","is well"," used by","  staff  from the"
"ayrshirehistory.org.uk","of the rafts"," used by","  coolies  ; Fuji"
"thecornerhouse.org.uk","successfully"," used by","  eleven  sewage"
"greenleaf.demon.co.uk","minor plants"," used by","  mankind  for"
"labour.org.uk","instruments"," used by","  members  of the"
"womens-health.co.uk","adopted and"," used by","  MLs  carrying"
"astroman.fsnet.co.uk","may be safely"," used by","  someone"
"property.timesonline.co.uk","last month was"," used by","  sceptics  to"
"shiftydisco.co.uk","interfaces"," used by","  tagholders"
"careers.ed.ac.uk","is to be"," used by","  police  in"
"frenchconnections.co.uk","models"," used by","  investment"
"lang.soton.ac.uk","of childcare"," used by","  respondents"
"sovereignty.org.uk","- is primarily"," used by","  library"
"northlight-images.co.uk","and scooters"," used by","  children  . A"
"bc.bangor.ac.uk","flight pool"," used by","  wildfowl  ."
"samoa.co.uk","factory often"," used by","  people"
"redking.co.uk","which can be"," used by","  anyone  , able"
"hewett.norfolk.sch.uk","animals"," used by","  departments"
"disabilitynow.org.uk","(often"," used by","  film  makers as"
"dulwichcommunityhospital.nhs.uk","and standards"," used by","  institutions"
"dulwichcommunityhospital.nhs.uk","points"," used by","  institutions"
"lccc.co.uk","Inn of the sort"," used by","  sailors"
"railart.co.uk","can only be"," used by","  people  of"
"railart.co.uk","can only be"," used by","  metas  and"
"stone.newton.cam.ac.uk","instrument is"," used by","  men  to"
"natcorp.ox.ac.uk","being well"," used by","  staff  and"
"caa.co.uk","on 24th April,"," used by","  NHS  providers"
"cph.rcm.ac.uk","Balm has been"," used by","  herbalists"
"fie.org.uk","been"," used by","  coolie  labour"
"dmag.org.uk","to XML, and is"," used by","  publishers  to"
"english-online.org.uk","being"," used by","  poachers  ."
"learningtechnologies.co.uk","Impreza"," used by","  rally  stars"
"efestivals.co.uk","","used by","  business  to"
"newtonproject.ic.ac.uk","have been"," used by","  students  in"
"educ.cam.ac.uk","well"," used by","  radiography"
"surreypa.gov.uk","of beaches"," used by","  turtles  in the"
"samoa.co.uk","indicator"," used by","  economists  to"
"legendarydartmoor.co.uk",". This was"," used by","  patients  from"
"lums.lancs.ac.uk","were"," used by","  learners  in"
"isrm.co.uk","data can be"," used by","  others  at a"
"fisheries.co.uk",", is widely"," used by","  authors  ,"
"turkeyrealestate.co.uk","file are NOT"," used by","  nmbd  to answer"
"footy4kids.co.uk",", and is also"," used by","  neutrophils"
"nhsplus.nhs.uk","that it can be"," used by","  children  in"
"foodmanufacture.co.uk","oil mediums"," used by","  artists  . Up"
"teachingenglish.org.uk","that are"," used by",""
"bornfree.org.uk","body. Abuta is"," used by","  men  in the"
"cls.ioe.ac.uk","are widely"," used by","  designers  ,"
"peakdistrict.gov.uk","at any doorway"," used by","  wheelchairs"
"thesmallholdingcentre.co.uk","lead weights"," used by","  anglers  , or"
"thamesweb.co.uk","of choice"," used by","  thousands  of"
"cbonline.co.uk","are mostly"," used by","  adults  ,"
"guide-information.org.uk","in Windsor was"," used by",""
"monologues.co.uk","it was better"," used by","  vessel  and"
"hfma.org.uk",". Mostly to be"," used by","  developers  or"
"hfma.org.uk",". Mostly to be"," used by","  developers  or"
"drugscope.org.uk","is also being"," used by","  community"
"boredramblings.co.uk","has been"," used by","  women  to limit"
"stone.newton.cam.ac.uk",". This was"," used by","  noblemen  who"
"gleeson0.demon.co.uk","all the method"," used by","  nation-sates"
"middle-ages.org.uk","Tutor is"," used by","  tennis  pros at"
"aslan.demon.co.uk","generally"," used by","  women  as the"
"aslan.demon.co.uk","the shield was"," used by","  men  ),"
"tqc.co.uk","to be"," used by","  anyone"
"thinkroadsafety.gov.uk","This is"," used by","  shamans  in the"
"drugscope.org.uk",". This could be"," used by","  hackers  to"
"isfp.co.uk","that has been"," used by","  companies  of"
"teachingenglish.org.uk","routine"," used by","  dynamic_cast"
"thenewspaper.org.uk","approach"," used by","  teachers  was"
"varley9.freeserve.co.uk","common tools"," used by","  farmers  were"
"alternatetakes.co.uk","core skills"," used by",""
"schoolshistory.org.uk","formula"," used by","  emperors  and"
"nurse-prescriber.co.uk","park, which is"," used by","  members  of the"
"isfp.co.uk","it being"," used by","  parents  of"
"chinese-embassy.org.uk","to be"," used by","  others  to the"
"bronte.netfury.co.uk","system can be"," used by","  anyone  who can"
"cpb.bio.ic.ac.uk","Sam Gratrix,"," used by","  kind"
"marar.co.uk","that cannot be"," used by","  Christians"
"focusmag.co.uk","the force"," used by","  police  , not"
"furthermore.org.uk","of the trade ''"," used by","  artists  from"
"surreypa.gov.uk","Library may be"," used by","  members  of the"
"skyscript.co.uk","on Sunday ''."," Used by","  permission  of"
"blog.ctrlbreak.co.uk","being"," used by","  QPEP  in its"
"proquest.co.uk",", the type"," used by","  women  to paint"
"crwth.org.uk","not yet been"," used by","  podiatrists  ."
"templerecords.co.uk","of the tactics"," used by","  hackers  and"
"edietsuk.co.uk","embossers are"," used by","  offices  to"
"edietsuk.co.uk","are widely"," used by","  government"
"edietsuk.co.uk","embossers are"," used by","  offices  to"
"edietsuk.co.uk","are widely"," used by","  government"
"edietsuk.co.uk","embossers are"," used by","  offices  to"
"edietsuk.co.uk","are widely"," used by","  government"
"htlc.hants.gov.uk","mode is only"," used by","  people  with a"
"hcd2.bupa.co.uk","T3 which was"," used by","  passengers  on"
"wpbschoolhouse.btinternet.co.uk","be linked and"," used by","  managers  ,"
"defence-estates.mod.uk","which could be"," used by","  doctors  to"
"maths.qmul.ac.uk","same tactic"," used by",""
"preachtheword.co.uk","A weapon"," used by","  attackers  to"
"atschool.eduweb.co.uk","one technique"," used by",""
"literacytrust.org.uk","paper were"," used by","  nobles  and"
"literacytrust.org.uk",", the cards"," used by","  pilgrims  to be"
"wpbschoolhouse.btinternet.co.uk","in the methods"," used by","  health"
"hlst.heacademy.ac.uk",". It can be"," used by","  parents"
"coeliac.org.uk","EAPs could be"," used by","  employers  to"
"biblicalstudies.org.uk","need and is"," used by","  healthcare"
"lda.gov.uk","was widely"," used by","  country  folk,"
"hiddenhurt.co.uk","Name that is"," used by","  someone  else,"
"ncadc.org.uk","charity, much"," used by","  teachers  to"
"bectu.org.uk","the NDNS is"," used by","  government  ,"
"mgcars.org.uk","subsequently"," used by","  others  . All"
"www-micro.msb.le.ac.uk","touched or"," used by","  someone"
"people.ex.ac.uk",", much"," used by","  mothers  with"
"abtn.co.uk","plants"," used by","  tribals  in"
"hrionline.ac.uk","tool to be"," used by","  clinicians  ,"
"indigogroup.co.uk",". It has been"," used by","  clinicians"
"the-woods.co.uk","(or had been)"," used by","  supporters  of"
"alt.ac.uk","volatility is"," used by","  traders  , risk"
"sundog.clara.co.uk",". Barricades"," used by",""
"motorbike-search-engine.co.uk","should not be"," used by","  anyone  who is"
"motorbike-search-engine.co.uk","are"," used by","  firms  of"
"channelregister.co.uk","is also"," used by","  cyclists  . Not"
"orangebikes.co.uk","fossil fuels"," used by","  buses  . - The"
"thenortheast.fsnet.co.uk","risible term"," used by","  locals  to"
"allspirit.co.uk","the controls"," used by","  regulators"
"ookami.co.uk","7, ''Sunday ''."," Used by","  permission  of"
"cph.rcm.ac.uk","most fares"," used by","  commuters  ,"
"buildingdesign.co.uk","been and are"," used by","  economists  ."
"ias.org.uk","not only being"," used by","  commerce  and"
"unemployeddoctor.co.uk","are still"," used by","  employers  ,"
"keyworth.leeds.ac.uk","it be stolen or"," used by","  anyone  else. b"
"garysturt.free-online.co.uk","to or"," used by","  anyone  else,"
"blog.natbat.co.uk",", and can be"," used by","  everyone  . "" ("
"blog.natbat.co.uk","that no system"," used by","  nation  states"
"birdinghawaii.co.uk",". Others can be"," used by","  individuals"
"lhc.org.uk","and are widely"," used by","  clinicians"
"rmd.dft.gov.uk","7, ''Sunday ''."," Used by","  permission  of"
"spacecentre.co.uk","two schemes"," used by","  prison"
"pearsoned.co.uk","a direct route"," used by","  cats  , so it is"
"extra.rdg.ac.uk","services are"," used by","  GP  ''s/NHS &"
"periodproperty.co.uk","argument"," used by","  campaigners"
"uktsupport.co.uk","the practise"," used by","  employers  of"
"miketaylor.org.uk","increasingly"," used by","  leisure  boats"
"carnegieuktrust.org.uk","the practise"," used by","  employers  of"
"oudancesport.co.uk","popular route"," used by","  leisure"
"silverprint.co.uk",". It is also"," used by","  staff  to give"
"thetrousers.co.uk","Airbus 330 ''s"," used by","  bmi  on"
"ukbap.org.uk",", is widely"," used by","  authors  ,"
"cssplay.co.uk","radio units"," used by","  police"
"perse.co.uk","incentives"," used by","  retailers"
"ncadc.org.uk","frequently"," used by","  mailrooms  and"
"ncadc.org.uk","frequently"," used by","  mailrooms  and"
"idler.co.uk","should not be"," used by","  users  without"
"amos-sct.org.uk","is being well"," used by","  staff  in"
"lewisham.nhs.uk","is not being"," used by","  criminals  ,"
"pdsg.org.uk","on how they are"," used by","  students  ."
"hysteria-lives.co.uk","head,"," used by","  joiners  and"
"phoenixs.co.uk","The PDS will be"," used by","  GPs  ,"
"phoenixs.co.uk","already beind"," used by","  GPs  and others"
"portsmouth.gov.uk","hitherto"," used by","  AF  under a"
"deni.gov.uk","are often"," used by","  fraudsters  to"
"ccruni.gov.uk","and stable and"," used by","  folks  who do"
"edietsuk.co.uk","Card could be"," used by","  patients  in"
"nbtea.co.uk","to have been"," used by","  someone  with"
"ookami.co.uk","machines are"," used by","  students  for"
"parentzonescotland.gov.uk","and it is being"," used by","  partners  to"
"unitnews.co.uk","definition"," used by","  ECGD  in the"
"unitnews.co.uk","burden '' may be"," used by","  exporters  to"
"durhamcathedral.co.uk","main criteria"," used by","  search"
"durhamcathedral.co.uk","ALT text is"," used by","  search"
"taylorbells.co.uk","above are"," used by","  schools  or"
"mehbooba.co.uk","are widely"," used by","  NHS  Trusts"
"gostak.demon.co.uk","building"," used by",""
"lathes.co.uk","gorge to a cave"," used by","  sangomas  ."
"kneeling.co.uk","so it cannot be"," used by","  novices  for"
"william-shakespeare.org.uk","pm have been"," used by","  others  . Back"
"ayrshirehistory.org.uk","tools will be"," used by","  aircraft"
"justgambling.co.uk","may be"," used by","  surgeons  to"
"karibuni.co.uk","materials,"," used by","  smiths  and"
"oakham.cs.ucl.ac.uk","have been"," used by","  herbalists"
"richard.clark32.btinternet.co.uk","system that is"," used by","  thousands  of"
"acidsmile.co.uk","Westray being"," used by","  locals  and"
"politics.guardian.co.uk","CAM has been"," used by","  engineering"
"andsoitbegins.co.uk","on Sunday ''."," Used by","  permission  of"
"thisislondon.co.uk","can be"," used by","  children  at"
"wine-education-service.co.uk","being"," used by","  athletes  ;"
"britishblogs.co.uk","on Sunday ''."," Used by","  permission  of"
"samoa.co.uk","also"," used by","  sons  ["
"literacytrust.org.uk","system (not"," used by","  businesses  )."
"fanderson.org.uk","continue to be"," used by","  enforcement"
"warpoetry.co.uk","the systems"," used by","  Colleges  ,"
"warpoetry.co.uk","and systems"," used by","  Colleges  and"
"bmb.leeds.ac.uk","knife is still"," used by","  children"
"shaneglobal.co.uk",", they would be"," used by","  world  leaders"
"blog.ctrlbreak.co.uk","worst it may be"," used by","  officials  to"
"compsoc.dur.ac.uk","that will be"," used by","  authorities"
"alt.ac.uk",", and contacts"," used by","  newsrooms"
"healthmatters.org.uk","research is"," used by","  nurses  in"
"jardin-d-eden.co.uk","and seats"," used by","  clients  in the"
"jardin-d-eden.co.uk","and seats"," used by","  clients  in the"
"jardin-d-eden.co.uk","and seats"," used by","  clients  in the"
"rousette.org.uk","were later"," used by","  ships  from the"
"lib.ox.ac.uk","vocabulary"," used by","  historians  ."
"obv.org.uk","at present"," used by","  music"
"channings.co.uk","which may be"," used by","  landlords  ."
"magonia.demon.co.uk","techniques"," used by","  artists  to"
"freenetpages.co.uk","codes are"," used by","  someone  else"
"freenetpages.co.uk","codes are"," used by","  someone  with"
"freenetpages.co.uk","if the card is"," used by","  someone"
"freenetpages.co.uk","If the card is"," used by","  someone  with"
"brucesfingers.co.uk","size to be"," used by","  tar  , in"
"unitedrant.co.uk","can be"," used by","  people  of all"
"teaching-abroad.co.uk",", the criteria"," used by","  departments"
"bad.org.uk","still"," used by","  employers  of"
"portakabin.co.uk","are being"," used by","  spammer  ? With"
"webmaster.lycos.co.uk","same as those"," used by","  radar  at"
"bad.org.uk","that can be"," used by","  nurses  to"
"supertarot.co.uk","powerful tool"," used by","  companies  to"
"barbecue-online.co.uk","Designed to be"," used by",""
"carbonflo.co.uk","","used by","  people  in the"
"ladyhelencharters.co.uk","and should be"," used by",""
"pgeconomics.co.uk","and is the type"," used by","  emergency"
"archaeology.co.uk","to only being"," used by","  people  in"
"archaeology.co.uk","to only being"," used by","  people  in"
"spuc.org.uk","talks may be"," used by","  individuals"
"hawog.org.uk","Palace Museum"," used by","  architects"
"pocketgamer.co.uk","is more widely"," used by","  governments"
"alto.aber.ac.uk","appears to be"," used by","  parents"
"musicandhealth.co.uk","implements"," used by","  women  on the"
"wovenwheatwhispers.co.uk","sale and are"," used by","  ships  of many"
"web.onyxnet.co.uk","option is"," used by","  developers  to"
"web.onyxnet.co.uk","option is"," used by","  developers  to"
"golftoday.co.uk","that may be"," used by",""
"keele.ac.uk","that can be"," used by","  everyone  ,"
"pparc.ac.uk","to be"," used by","  women  who take"
"theorieslandscapes.co.uk","system that is"," used by","  meerkats  ,"
"homepages.gold.ac.uk","whether it is"," used by","  parents  ,"
"csm.uwe.ac.uk","were"," used by","  RAF  bomber"
"spri.cam.ac.uk","will be widely"," used by","  company  staff"
"outdoormegastore.co.uk","method"," used by","  startup"
"nwsgc.ac.uk","face foam, (as"," used by","  Madame"
"wildfowling.co.uk","","used by",""
"markboulton.co.uk",". It is often"," used by","  politicians"
"healthscience.swansea.ac.uk","eventually"," used by","  ministers  to"
"youclaim.co.uk","of letters"," used by","  solicitors"
"btp.police.uk","service"," used by","  staff  and"
"gammassl.co.uk","device"," used by","  listeners  ,"
"britishblogs.co.uk","should only be"," used by","  experts  . If"
"accomodata.co.uk","likely to be"," used by","  tourists  on"
"www3.indymedia.org.uk","the reasons"," used by","  firms  when"
"selsdonbaptist.org.uk","to make data"," used by","  NHS  Direct"
"swan.ac.uk","type of hammer"," used by","  man  laying"
"scips.worc.ac.uk","Adapted and"," used by","  permission  A"
"businessmatch.org.uk",", screens"," used by","  staff  should"
"golgotha.org.uk","which can be"," used by","  airports"
"moneybasics.co.uk","that can be"," used by","  chatters  to"
"harringtonmuseum.org.uk","which can be"," used by","  groups"
"lang.ltsn.ac.uk","-"," used by","  Universities"
"alcs.group.shef.ac.uk","is meant to be"," used by","  students  ."
"henrytudor.co.uk",". This was"," used by","  people  in the"
"clandonald.org.uk","why they are"," used by","  architects  ,"
"culham.ac.uk","of the kind"," used by",""
"webmaster.lycos.co.uk","Clinic is now"," used by",""
"sfeu.ac.uk",". Some can be"," used by","  anyone  with"
"swan.ac.uk","spaces often"," used by","  computer"
"healthscience.swansea.ac.uk","images to be"," used by","  lecturers  in"
"britishdruidorder.co.uk",", that is still"," used by","  VR"
"hyperguide.co.uk","how they can be"," used by","  media"
"esrcsocietytoday.ac.uk","images to be"," used by","  lecturers  in"
"yorkracecourse.co.uk","adopted and"," used by","  others  to"
"sovereignty.org.uk","the roads were"," used by","  traders  and"
"culturalprofiles.org.uk","2 and 3 is to be"," used by","  Boards  of"
"fametastic.co.uk","techniques"," used by","  scammers  . The"
"digitalspy.co.uk","and is also"," used by","  employees  of"
"bllearning.co.uk","page can be"," used by","  members  to"
"cancerhelp.org.uk","is regularly"," used by","  visitors  to"
"library.nhs.uk","will be"," used by","  islanders  who"
"uclan.ac.uk","exclusively"," used by","  goods  trains"
"silent-thunder.co.uk","swimming pool"," used by","  today  ''s hotel"
"exeter.gov.uk","talks may be"," used by","  individuals"
"churchinwales.org.uk","''s church was"," used by","  snipers"
"mgcars.org.uk","wedge of punch"," used by","  miners  );"
"mypharmacy.co.uk","and premises"," used by","  members  of the"
"www-same.dur.ac.uk","work could be"," used by","  millions  of"
"money.independent.co.uk","being"," used by","  subversion"
"accountingweb.co.uk","forum, or be"," used by","  subscribers"
"nya.org.uk","they have been"," used by",""
"cep.lse.ac.uk","doorsets to be"," used by","  designers"
"jesus.org.uk",". These can be"," used by","  travellers  to"
"portal.surrey.ac.uk","","used by","  market  leader"
"rob.annable.co.uk","was formerly"," used by","  Immigration"
"portal.surrey.ac.uk","bonus rates as"," used by","  life  offices."
"phill.co.uk","of bottles"," used by","  cyclists  , are"
"orcadian.co.uk","- the leach"," used by","  surgeons  to"
"rafmuseum.org.uk","that tend to be"," used by","  researchers  ("
"vam.ac.uk","should be"," used by","  GPs  who do not"
"literacytrust.org.uk","to be"," used by","  home  users."
"journalism.cf.ac.uk","will be"," used by","  students"
"literacytrust.org.uk","missile being"," used by","  nations  who"
"countrybookshop.co.uk","measure"," used by","  offices  ,"
"nya.org.uk","as it ''s often"," used by","  dog  walkers. """
"orcadian.co.uk","which is not"," used by","  people  in our"
"cwn.org.uk","of language"," used by","  someone  whoâ?"
"cheshirefire.co.uk","gained is"," used by","  students  in"
"csp.org.uk","- is being"," used by","  companies  for"
"library.nhs.uk","websites are"," used by","  lots  of our"
"money.independent.co.uk","are still"," used by","  lots  of"
"uce.ac.uk","which is being"," used by","  campaigners"
"exeter.ac.uk","technologies"," used by","  call  centres"
"jesus.org.uk","and open sites"," used by","  maroons  ("
"saa.co.uk","Bristol, are"," used by","  today  ''s"
"nhsdirect.nhs.uk","systems"," used by","  farmers  . """
"theweddingnetwork.co.uk","1 and 2 is to be"," used by","  Boards  of"
"www-same.dur.ac.uk","with those"," used by","  students  and"
"www-same.dur.ac.uk","which is often"," used by","  students  with"
"mgcars.org.uk","life. It can be"," used by","  women  at any"
"portal.surrey.ac.uk","frequently"," used by","  policeforces"
"glaucus.org.uk",". The methods"," used by","  suppliers  to"
"socresonline.org.uk","ink was"," used by","  members  of an"
"dvd.reviewer.co.uk","- sepia - is"," used by","  painters  to do"
"theanswerbank.co.uk","blade,"," used by","  farm  workers"
"faegre.co.uk","measures are"," used by","  management  at"
"macdonaldhotels.co.uk","and being"," used by","  children  and"
"thompsons.law.co.uk","activities"," used by","  educators  who"
"caledonian.ac.uk","can be"," used by","  institutions"
"ogc.gov.uk","that can be"," used by","  schools  can be"
"smile.co.uk","are often"," used by","  people  on the"
"nationalarchives.gov.uk","defence"," used by","  people  in"
"insight.zdnet.co.uk","is also"," used by","  smbclient  ."
"j-sainsbury.co.uk","most often"," used by","  respondents"
"ids.ac.uk","that can be"," used by","  men  or women"
"ids.ac.uk","adopted and"," used by","  businesses"
"buildingdesign.co.uk","abbreviation"," used by","  doctors  to"
"cinemas-online.co.uk","which may be"," used by","  students  who"
"portcities.org.uk",", which was"," used by","  pilgrims"
"theatrebristol.co.uk","have been"," used by","  doctors  ,"
"niassembly.gov.uk","the language"," used by","  development"
"mkheritage.co.uk","is usually"," used by","  historians  as"
"football.co.uk","may be"," used by","  students  of"
"niassembly.gov.uk","still"," used by","  millions"
"itchyyork.co.uk","negative"," used by",""
"investing.thisismoney.co.uk","ended pick"," used by","  rolleywaymen"
"artshole.co.uk","regularly"," used by","  design  , where"
"squashsite.co.uk","was being"," used by","  contractors"
"germany.co.uk","studios are"," used by","  production"
"natwest.co.uk","- a crooked awl"," used by","  shoemakers"
"newworknetwork.org.uk","is also"," used by","  specialists"
"msm.cam.ac.uk","commonly"," used by","  children"
"www2.sas.ac.uk","- picks, tools"," used by","  masons  ("
"niassembly.gov.uk","as a dolabrum,"," used by","  soldiers  for"
"www1.indymedia.org.uk",". It began to be"," used by","  passenger"
"touristguides.org.uk","that can be"," used by","  non-literacy"
"enemydown.co.uk","products - as"," used by","  market"
"whom.co.uk",", etc.)"," used by","  laypersons  to"
"makemyvotecount.org.uk","movies can be"," used by","  others"
"natwest.co.uk","drugs"," used by","  epileptics  ,"
"natwest.co.uk",". Should not be"," used by","  diabetics"
"natwest.co.uk","- Should not be"," used by","  patients  with"
"pkf.co.uk","well"," used by","  day  trippers"
"bexley.gov.uk","so it cannot be"," used by","  novices  for"
"jesus.org.uk","''s unity are"," used by","  Moslems  as"
"pro-g.co.uk","can be"," used by","  health"
"rothwells.co.uk","widely"," used by","  dive"
"rail-reg.gov.uk",", which can be"," used by","  thieves  to"
"ulster.ac.uk","it should be"," used by","  people  in our"
"countrybookshop.co.uk","are sometimes"," used by","  people  who"
"uce.ac.uk","profile"," used by","  student"
"rangers.premiumtv.co.uk","services"," used by","  children  of"
"gradunion.cam.ac.uk","that it is"," used by","  sections  of"
"countrybookshop.co.uk","paint"," used by","  vandals  to"
"brainfire.co.uk","of the tests"," used by","  employers  to"
"uea.ac.uk","Child "","," used by","  fishermen  in"
"man.ac.uk",", but is mainly"," used by","  home  fans."
"borkowski.co.uk","how it can be"," used by","  individuals"
"wai.org.uk","are not being"," used by","  people  who do"
"geog.le.ac.uk","where it was"," used by","  clothing"
"thompsons.law.co.uk","can also be"," used by","  staff  who do"
"direct.gov.uk","of them are"," used by","  people  who"
"teachers.org.uk","ID string is"," used by","  clients  and"
"squashsite.co.uk","computers"," used by","  home  workers."
"maths.leeds.ac.uk","on green land"," used by","  walkers  and as"
"governornet.co.uk","collected and"," used by","  others  . In"
"artshole.co.uk","were widely"," used by","  leavers  from"
"journalism.cf.ac.uk","roads are"," used by","  cars  . If a"
"portal.surrey.ac.uk","actively"," used by","  customers  . In"
"brunel.ac.uk","electricity"," used by",""
"literacytrust.org.uk","effectively"," used by","  students  who"
"canterbury.ac.uk","term"," used by","  miners  of the"
"internationalhero.co.uk",". Agents can be"," used by","  marketing"
"welhat.gov.uk","- a substance"," used by","  pitmen  as a"
"welhat.gov.uk","- small nails"," used by","  cobblers"
"welhat.gov.uk",""" 2 pick - a tool"," used by","  pitmen  in"
"nationalarchives.gov.uk","part of a tool"," used by","  carpenters"
"nationalarchives.gov.uk","sword,"," used by","  soldiers  ."
"balfourbeatty.co.uk","be correctly"," used by","  speakers"
"duncancumming.co.uk","provision"," used by","  women  , and"
"cherryred.co.uk",", it was"," used by","  grandparents"
"milesfaster.co.uk","being"," used by","  spammers  to"
"gradunion.cam.ac.uk","have been"," used by","  soldiers  in"
"money.independent.co.uk","choice words"," used by","  others  , over"
"pro-g.co.uk","designed to be"," used by","  youth  workers"
"smoothhound.co.uk","2 and 3 is to be"," used by","  Boards  of"
"cwn.org.uk","that are"," used by","  businesses"
"insight.zdnet.co.uk",", both little"," used by","  wheelchair"
"www1.indymedia.org.uk","of all animals"," used by","  humans  . What"
"shop.gameplay.co.uk",", it is also"," used by","  naturopaths"
"intersites.co.uk",", formerly"," used by","  builders"
"artshole.co.uk","have been"," used by","  students  to"
"prudential.co.uk","cost of space"," used by","  staff"
"msm.cam.ac.uk","is being"," used by","  education"
"msm.cam.ac.uk","that are"," used by","  cells  as"
"www-same.dur.ac.uk","and drawings"," used by","  architects  to"
"cep.lse.ac.uk","is currently"," used by","  midwives"
"epilepsy.org.uk","can be"," used by","  victim  (and"
"pfc.org.uk","it will be"," used by",""
"wizdforums.co.uk","way, I ''ve seen"," used by","  Christians  to"
"makemyvotecount.org.uk","is commonly"," used by","  fraudsters  as"
"direct.gov.uk",", energy"," used by","  plant  , and"
"msm.cam.ac.uk",", which is"," used by","  thousands  of"
"cherryred.co.uk","the system"," used by","  astronomers"
"essex.police.uk","All entrances"," used by","  wheelchair"
"tutorials.beginners.co.uk","All entrances"," used by","  wheelchair"
"ecmselection.co.uk","to that"," used by","  chemists"
"ecmselection.co.uk","being"," used by","  companies  for"
"ecmselection.co.uk","being"," used by","  companies  for"
"nao.org.uk",". Whether"," used by","  crusader  ,"
"portcities.org.uk","plot devices"," used by","  authors  down"
"microscopy-uk.org.uk","they can be"," used by","  groups  and"
"rail-reg.gov.uk","Road) and was"," used by","  coaches  and"
"bectu.org.uk","systems are"," used by","  companies"
"iiss.org.uk","is the date"," used by","  shops  to help"
"journalism.cf.ac.uk","badge to be"," used by","  someone  else."
"portal.surrey.ac.uk","most commonly"," used by","  samplers  and"
"portal.surrey.ac.uk","most commonly"," used by","  samplers  and"
"www1.indymedia.org.uk","the products"," used by","  feed"
"digitalspy.co.uk","was clearly"," used by","  someone  keen"
"socresonline.org.uk","successfully"," used by","  millions  of"
"socresonline.org.uk","and it can be"," used by","  adults  and"
"nationalarchives.gov.uk","is often"," used by","  economists  as"
"nao.org.uk","profile"," used by","  trainees  in"
"health.org.uk","example"," used by","  republicans"
"artshole.co.uk","code numbers"," used by","  computers  to"
"digitalspy.co.uk","womb could be"," used by","  doctors  to"
"glaucus.org.uk","intended to be"," used by","  webmasters  to"
"goldsmiths.ac.uk","may be freely"," used by",""
"abtn.co.uk","network is"," used by","  vehicles  and"
"bectu.org.uk","road networks"," used by","  thousands  of"
"gla.ac.uk","is now being"," used by","  officers  in"
"weddingguide.co.uk","which may be"," used by","  children  . ("
"ownersdirect.co.uk","that used to be"," used by","  side  shows in"
"niassembly.gov.uk","the word beck"," used by","  people  in"
"niassembly.gov.uk","for the speech"," used by","  miners  . Our"
"essex.police.uk","to be widely"," used by",""
"uclan.ac.uk","designation"," used by","  Members  of"
"met.police.uk","that could be"," used by","  artists  or"
"buildingdesign.co.uk","terminology"," used by","  model"
"epilepsy.org.uk","are the kind"," used by",""
"gla.ac.uk","not commonly"," used by","  enzymes  , and"
"blogigo.co.uk","are often"," used by","  vegetarians"
"show.me.uk","the language"," used by","  priests  ,"
"esds.ac.uk","one that can be"," used by","  everyone  ,"
"giveusahome.co.uk",". They may be"," used by","  libraries  to"
"giveusahome.co.uk","and may be"," used by","  participants"
"shop.gameplay.co.uk","methods"," used by","  tobacco"
"insolvency.gov.uk","it was being"," used by","  claims"
"bexley.gov.uk","page was first"," used by","  publisher"
"health.org.uk","most commonly"," used by","  samplers  and"
"health.org.uk","most commonly"," used by","  samplers  and"
"poetrymagazines.org.uk","and is"," used by","  celebrity"
"rail-reg.gov.uk",", which is"," used by","  firm  such as"
"enemydown.co.uk","can be"," used by","  babies  from 4"
"digitalspy.co.uk","that can be"," used by","  generalists"
"jazzscript.co.uk","the line was"," used by","  ambulance"
"direct.gov.uk","of divination"," used by","  others  , and"
"insolvency.gov.uk","may also be"," used by","  otters  as"
"historylearningsite.co.uk","construction"," used by","  scientists  in"
"staffordshire.gov.uk","work could be"," used by","  millions  of"
"ability.org.uk","internet is"," used by","  millions  of"
"nya.org.uk","this is mainly"," used by","  locals  and"
"secure.bfi.org.uk","medicines"," used by",""
"virgintrains.co.uk","often"," used by","  coffee  house"
"historylearningsite.co.uk","the site was"," used by","  students  ,"
"uclan.ac.uk","the list is"," used by",""
"microscopy-uk.org.uk","Cottage may be"," used by","  members  , plus"
"age-net.co.uk","the methods"," used by","  sociologists"
"vam.ac.uk","main routes"," used by","  criminals  t"
"lancs.ac.uk","which was well"," used by","  staff  ;"
"borkowski.co.uk","they can''t be"," used by","  intruders  ,"
"maths.leeds.ac.uk","could be"," used by","  government  to"
"justamemory.co.uk","increasingly"," used by","  first-timers"
"usdaw.org.uk","devices"," used by","  infantry"
"borkowski.co.uk","has been"," used by","  dozens  of"
"natwest.co.uk","suite is"," used by","  staff  and"
"voa.gov.uk","services are"," used by","  GP  ''s/NHS &"
"bectu.org.uk","cards being"," used by","  criminals"
"subbrit.org.uk","can be"," used by","  image  editing"
"caledonian.ac.uk","cushions"," used by","  others  . High"
"caledonian.ac.uk","e. those most"," used by","  plebs  . Circus"
"bettybookmark.co.uk","should not be"," used by","  people  with"
"artshole.co.uk","Hindu names"," used by","  astrologers"
"direct.gov.uk","method"," used by","  Iago  in his"
"jesus.org.uk","and how is it"," used by","  students  ?"
"newworknetwork.org.uk","products are"," used by","  libraries"
"jazzscript.co.uk","frequently"," used by","  students  and"
"petplanet.co.uk",". It will be"," used by","  participants"
"digitalspy.co.uk","call also was"," used by","  militants  in"
"money.independent.co.uk","into a product"," used by","  women  - "" After"
"touristguides.org.uk","should not be"," used by","  women  with"
"forcesreunited.org.uk","such a tool be"," used by","  teachers  ?"
"vam.ac.uk","are"," used by","  families  in"
"niace.org.uk","can only be"," used by","  NHS"
"orcadian.co.uk","and is still"," used by","  diatomists"
"niftc.co.uk","a tent complex"," used by","  scientists  ,"
"blogigo.co.uk","of software"," used by","  registrars"
"bexley.gov.uk","inhabited or"," used by","  farm"
"ah.brookes.ac.uk","may be"," used by","  divers  . The"
"aimhigher.ac.uk","below) is"," used by","  course"
"viva.org.uk","a charity to be"," used by","  parents  in"
"historylearningsite.co.uk","which are"," used by","  government  ,"
"mimas.ac.uk","the route"," used by","  merchant"
"edinburghfestivals.co.uk","is only being"," used by","  mistake  , when"
"accountingweb.co.uk","visible and is"," used by","  astronomers"
"accountingweb.co.uk","instruments"," used by","  astronomers  -"
"gradunion.cam.ac.uk","can only be"," used by","  party  and"
"squashsite.co.uk","has also been"," used by","  people  whose"
"sfeu.ac.uk","tests are"," used by","  employers  as"
"sfeu.ac.uk",". They will be"," used by","  employers  who"
"iiss.org.uk","Internet is"," used by","  people  for all"
"theweddingnetwork.co.uk","is commonly"," used by","  businesses"
"theweddingnetwork.co.uk","is"," used by","  businesses"
"theweddingnetwork.co.uk","of transport"," used by","  suppliers  and"
"moggies.co.uk","powerful drug"," used by","  mankind  ""). He"
"exeter.ac.uk","","used by","  students  . I"
"blog.ctrlbreak.co.uk","was being"," used by","  students"
"justamemory.co.uk","heart. Gold is"," used by","  doctors  to"
"cheltenham.gov.uk","of the methods"," used by","  humans  to"
"healthmatters.org.uk","and may be"," used by","  guests  at all"
"uea.ac.uk","believed to be"," used by","  people"
"ymss.org.uk","a language"," used by","  telephony"
"hlst.heacademy.ac.uk","powerful drug"," used by","  mankind  ""). He"
"makemyvotecount.org.uk","should not be"," used by",""
"oakham.cs.ucl.ac.uk","that the road"," used by","  motorists"
"tutorials.beginners.co.uk",", that could be"," used by","  anyone  for"
"uktsupport.co.uk","class scheme"," used by","  advertisers"
"localhistory.scit.wlv.ac.uk","of the water"," used by","  mankind  . But,"
"insolvency.gov.uk","forms to be"," used by","  nurse"
"lists.adeptscience.co.uk","can be"," used by","  litigants  on"
"machinery.co.uk","that can be"," used by","  specialists"
"viva.org.uk","equipment"," used by","  Internet"
"carmarthenshire.gov.uk",", can be"," used by","  anyone"
"ulster.ac.uk","and is often"," used by","  people"
"bsactravelclub.co.uk","in youth clubs"," used by","  children  as"
"periodproperty.co.uk","service can be"," used by","  individuals"
"primaryresources.co.uk","avoid areas"," used by","  sheep  "" and"
"insight.zdnet.co.uk","wheel has been"," used by","  Yamaha  on a"
"glaucus.org.uk",""" text, often"," used by","  people  with"
"efestivals.co.uk","sources"," used by","  community"
"brunel.ac.uk","are currently"," used by","  building"
"bsacforum.co.uk","gospel being"," used by","  culture  for"
"ownersdirect.co.uk","invention '' is"," used by","  patent"
"artshole.co.uk","are not"," used by",""
"insolvency.gov.uk","data have been"," used by",""
"lists.adeptscience.co.uk","how they can be"," used by","  teachers  to"
"chester.gov.uk",". The criteria"," used by","  departments"
"greenbelt.org.uk","the theme to be"," used by","  others  ). If it"
"blogigo.co.uk","of 1549 - to be"," used by","  church-goers"
"a-day-in-the-life.powys.org.uk","that can be"," used by","  providers  and"
"aaps.ed.ac.uk","but little"," used by","  schools  ), all"
"aaps.ed.ac.uk","Forms"," used by","  inspectors"
"payaway.co.uk","is new and"," used by","  skiers  in the"
"intersites.co.uk","holes are"," used by","  worms  ,"
"primaryresources.co.uk","you will be"," used by","  participants"
"motoring.independent.co.uk","methods"," used by","  Mahatma"
"historylearningsite.co.uk","and codes"," used by","  government"
"age-net.co.uk","inhabited or"," used by","  farm"
"armedforces.co.uk",", could also be"," used by","  cottage"
"bournemouth.gov.uk","dog is also"," used by","  school"
"payaway.co.uk","They might be"," used by","  hackers  A, B,"
"cer.org.uk","addresses"," used by","  computers  ."
"lincoln.ac.uk","can be"," used by","  women  as "" body"
"rail-reg.gov.uk","idea can be"," used by","  programs"
"cambs.police.uk",", not the steel"," used by","  rivals  . There"
"armedforces.co.uk","the frequency"," used by",""
"article19.co.uk","gallery can be"," used by","  paedophiles"
"voa.gov.uk","and illness"," used by","  doctors  and"
"chester.gov.uk","the vehicles"," used by","  staff  , from"
"insolvency.gov.uk","was a vessel"," used by","  salvagers"
"football.co.uk","standard"," used by","  trading"
"malehealth.co.uk","than that"," used by","  experts  . This"
"citizenshipfoundation.org.uk","can legally be"," used by","  everyone  ."
"museums.ncl.ac.uk","being"," used by","  priests  to"
"intersites.co.uk","to any place"," used by","  bats  for"
"era.anthropology.ac.uk","gathered and"," used by","  others  for"
"bond.org.uk","can be"," used by","  schools"
"periodproperty.co.uk","comics,"," used by","  writers"
"www-same.dur.ac.uk","injections"," used by","  diabetics  ."
"epilepsy.org.uk","to be often"," used by","  others  as a"
"epilepsy.org.uk","which were"," used by","  interviewees"
"periodproperty.co.uk",". may be"," used by",""
"periodproperty.co.uk","when"," used by","  foreigners  ."
"sas.ac.uk","by LCSH and"," used by","  specialists"
"pkf.co.uk","inevitably be"," used by","  opponents  of"
"geraldengland.co.uk","TORCH such as"," used by","  cavers  and"
"surreycc.gov.uk","recipes"," used by","  entrants  in"
"shu.ac.uk","popular sites"," used by","  teachers  and"
"chester.gov.uk","component"," used by","  security  firm"
"chester.gov.uk","site, could be"," used by","  attackers  to"
"talkpolitics.users20.donhost.co.uk","widely"," used by","  furniture  and"
"ncvo-vol.org.uk",", apparently"," used by","  employees  for"
"age-net.co.uk","instantly."," Used by","  Australiaâ  ?"
"voa.gov.uk","to be mainly"," used by","  community"
"insolvency.gov.uk","charity much"," used by","  teachers  to"
"bectu.org.uk",") and are still"," used by",""
"ogc.gov.uk","of a woman"," used by","  everyone  (it"
"borkowski.co.uk","and"," used by","  hundreds  of"
"borkowski.co.uk","Formula!"," Used By","  Thousands  Of"
"niftc.co.uk","or she is being"," used by","  hate  in the"
"wycombe.gov.uk","being"," used by","  juveniles  in"
"machinery.co.uk","can be"," used by","  business"
"tutorials.beginners.co.uk","that are"," used by","  peer-to-peer"
"journalism.cf.ac.uk","1955. It was"," used by","  members  of the"
"artscouncil.org.uk","and might be"," used by","  community  and"
"viva.org.uk","tools being"," used by","  BGS  for the"
"healthmatters.org.uk",", is widely"," used by","  authors  ,"
"socresonline.org.uk","have been"," used by",""
"money.independent.co.uk","mechanism"," used by","  web  pages and"
"bsactravelclub.co.uk","the addresses"," used by","  billing"
"accountingweb.co.uk","for women;"," used by","  men  after 180;"
"pfc.org.uk",". Method When"," used by","  police  and"
"staffs.ac.uk","have long been"," used by","  lenders  to"
"pkf.co.uk","raider,"," used by","  pirates"
"viva.org.uk","cards being"," used by","  criminals"
"mimas.ac.uk","information"," used by","  bitmaps  . As"
"housepricecrash.co.uk","","used by","  county"
"geog.le.ac.uk","Cued Speech is"," used by","  families  to"
"exeter.gov.uk","instruments"," used by","  jazz"
"www2.netdoctor.co.uk","amount of fuel"," used by","  field  staff"
"surreycc.gov.uk","bands"," used by","  802.11a  , b and"
"surreycc.gov.uk","a tent complex"," used by","  scientists  ,"
"samoa.co.uk","to the poor"," used by","  government"
"hollies.co.uk","should not be"," used by","  pacemaker"
"eternalnight.co.uk","card being"," used by","  someone  else."
"gre.ac.uk","object is"," used by","  classes  in the"
"historylearningsite.co.uk","of premises"," used by","  children  1."
"bexley.gov.uk","that can be"," used by","  delegates  for"
"era.anthropology.ac.uk","models are now"," used by","  engineers  all"
"staffs.ac.uk","program"," used by","  interviewers"
"ownersdirect.co.uk","on techniques"," used by","  cults  to"
"journalism.cf.ac.uk","that can be"," used by","  discovery"
"peta.org.uk","work could be"," used by","  millions  of"
"epilepsy.org.uk","XP was being"," used by",""
"jolt.co.uk","tactics"," used by","  schools"
"historylearningsite.co.uk","that they are"," used by","  politicians  ,"
"vam.ac.uk","technology"," used by","  everyone  from"
"nurse-prescriber.co.uk","has been"," used by","  climbers  from"
"nurse-prescriber.co.uk","hasn''t been"," used by","  vehicles"
"glaucus.org.uk","still the term"," used by","  postmen  today"
"healthmatters.org.uk","longer trains"," used by","  train"
"insight.zdnet.co.uk",""" swap "" rates"," used by","  banks  in the"
"maths.leeds.ac.uk","adjectives"," used by","  teachers  to"
"maths.leeds.ac.uk","of feedback"," used by","  teachers  in"
"bond.org.uk",", can be"," used by","  children  to"
"chester.gov.uk","John Kinsey (","Used by","  kind"
"uktsupport.co.uk","in libraries"," used by","  children  and"
"les.man.ac.uk","algorithm"," used by",""
"les.man.ac.uk","method"," used by",""
"les.man.ac.uk","is actually"," used by","  staff  working"
"forcesreunited.org.uk","that can be"," used by","  everyone  . For"
"vam.ac.uk","name was first"," used by","  Pliny  the"
"hollies.co.uk","is going to be"," used by",""
"squashsite.co.uk","not be seen or"," used by","  lenders  to"
"pkf.co.uk","practices"," used by","  community"
"niace.org.uk","are still"," used by","  doctors  today"
"reviews.zdnet.co.uk","of the phrases"," used by","  women  to"
"beingmrkenny.co.uk",". It can also be"," used by","  employees  to"
"activityvillage.co.uk","is widely"," used by","  consumers  to"
"bexley.gov.uk","English"," used by","  people"
"motoring.independent.co.uk","shot guns"," used by","  farmers  and"
"lamp.ac.uk","site, could be"," used by","  attackers  to r"
"calderdale.gov.uk","Sam was widely"," used by","  hardware"
"rafmuseum.org.uk","PFC website is"," used by","  academics  ,"
"epilepsy.org.uk","or the notes"," used by","  lecturers"
"spuc.org.uk","it can also be"," used by","  individuals  ."
"forcesreunited.org.uk","offensive if"," used by","  someone"
"eternalnight.co.uk","it was mostly"," used by","  goods"
"ageconcern.org.uk","should be"," used by","  applicants  ."
"ownersdirect.co.uk","> 0.7) when"," used by","  surgeons  who"
"insight.zdnet.co.uk",", can be"," used by","  customers  to"
"lounge2bedroom.co.uk","typically"," used by",""
"holidaylettings.co.uk","and can only be"," used by","  others  if"
"cheshirefire.co.uk",", that can be"," used by","  teachers"
"education.independent.co.uk","match those"," used by","  patients  in"
"users.netmatters.co.uk","that might be"," used by","  hackers  to"
"users.netmatters.co.uk","bands"," used by","  802.11a  , b and"
"users.netmatters.co.uk","a tent complex"," used by","  scientists  ,"
"users.netmatters.co.uk","is widely"," used by","  consumers  to"
"ogc.gov.uk","has since been"," used by","  researchers"
"show.scot.nhs.uk","bands"," used by","  802.11a  , b and"
"bond.org.uk",". net have been"," used by",""
"bond.org.uk","is frequently"," used by",""
"pet.cam.ac.uk","tablets) are"," used by","  people  who"
"macdonaldhotels.co.uk","tend to be"," used by","  locals  with"
"macdonaldhotels.co.uk","docks were"," used by","  cargo  vessels"
"roehampton.ac.uk","commonly"," used by",""
"msn.netdoctor.co.uk","how it might be"," used by","  trainees  ,"
"mountaineering-scotland.org.uk","the schedules"," used by","  nurses  and"
"web16713.vs.netbenefit.co.uk","Software"," used by","  SD2001"
"staffs.ac.uk","crash helmets"," used by","  stars  such as"
"word-on-the-web.co.uk",", which can be"," used by","  residents  ,"
"homeoffice.gov.uk","repetitions"," used by","  carers  at"
"niassembly.gov.uk","charity much"," used by","  teachers  to"
"amd.uwe.ac.uk","varnishes are"," used by","  ink  makers,"
"british-athletics.co.uk","that can be"," used by","  teachers  and"
"princes-trust.org.uk","that are"," used by","  staff  and"
"uea.ac.uk","successfully"," used by","  staff  in the"
"epic.co.uk","inhabited or"," used by","  farm"
"teachingenglish.org.uk","and those"," used by","  individuals"
"weddingguide.co.uk","remedies"," used by","  shamans  and"
"healthmatters.org.uk","fuels? are"," used by","  cogeneration"
"peta.org.uk","a toolkit to be"," used by","  students  in"
"esds.ac.uk",". It was widely"," used by","  universities"
"princelyrics.co.uk","is to be"," used by","  fire  officers"
"forum.thebears.co.uk","iswap to be"," used by","  people"
"bond.org.uk","] is"," used by","  computer"
"korguksupport.co.uk","of stone tools"," used by","  hominids  from"
"advfilms.co.uk","networks"," used by","  cable  TV"
"fashionunited.co.uk","Agency is"," used by","  governments"
"hollies.co.uk","fuel mixtures"," used by","  enemy"
"brad.ac.uk","sources"," used by","  community"
"historylearningsite.co.uk","air shaft was"," used by","  mushroom"
"bcentral.co.uk","effects if"," used by","  children  ."
"bcentral.co.uk","hog pancreas."," Used by","  millions  of"
"holidaylettings.co.uk","plans will be"," used by","  departments"
"vads.ahds.ac.uk","markets, and"," used by","  lenders  to"
"thetrousers.co.uk","photograph"," used by","  kind"
"housepricecrash.co.uk","), and later"," used by","  gladiators  ,"
"primaryresources.co.uk","Drum was then"," used by","  farmers  in the"
"exeter.ac.uk","medicines"," used by",""
"uea.ac.uk","work could be"," used by","  millions  of"
"sas.ac.uk","seriously and"," used by","  learners  . It"
"libdems.org.uk","Software"," used by","  SD2001"
"gla.ac.uk","service is"," used by","  academics  in"
"football.co.uk","which can be"," used by","  women  who have"
"cherryred.co.uk","age test"," used by","  doctors  ."
"theatreguidelondon.co.uk","actively"," used by","  customers  . In"
"shu.ac.uk","this credit is"," used by","  individuals"
"epic.co.uk","that could be"," used by","  others  in"
"rbg.kew.org.uk","- A service"," used by","  Clients  often"
"rbg.kew.org.uk","- A service"," used by","  Clients  whose"
"adriandenning.co.uk","can only be"," used by","  managers  on a"
"adriandenning.co.uk","together and"," used by","  government"
"beingmrkenny.co.uk","are"," used by","  pilots  and"
"mountaineering-scotland.org.uk",". It is"," used by","  people  with"
"primarycarecontracting.nhs.uk","on each minute"," used by","  customers  on"
"ownersdirect.co.uk",", Wasp-eze."," Used by","  dentists  and"
"dvd.reviewer.co.uk","that is also"," used by","  government"
"healeyhero.co.uk","that can be"," used by","  client"
"rail-reg.gov.uk","those"," used by","  employees  at"
"bcentral.co.uk","has long been"," used by",""
"nutrition.org.uk","could not be"," used by","  computer"
"maths.leeds.ac.uk","'' line"," used by","  passenger"
"cwn.org.uk",". They are"," used by","  students"
"gro-scotland.gov.uk","page, but are"," used by","  search"
"word-on-the-web.co.uk","which can be"," used by","  members  , so do"
"kcl.ac.uk","radar is first"," used by","  RAF  Bomber"
"literacytrust.org.uk","in methods"," used by","  projects"
"calderdale.gov.uk","language is"," used by","  teachers  to"
"information-britain.co.uk","Software"," used by","  SD2001"
"bectu.org.uk","charity much"," used by","  teachers  to"
"nya.org.uk","of the methods"," used by","  scientists  ."
"wakefield.gov.uk","not be seen or"," used by","  lenders  to"
"citizenshipfoundation.org.uk","XP was being"," used by",""
"glavenvalley.co.uk","should not be"," used by","  sufferers  of"
"microscopy-uk.org.uk","techniques"," used by","  surrealists"
"ability.org.uk","and must be"," used by","  you/  your team"
"accomodata.co.uk","Forms"," used by","  inspectors"
"ucs.ed.ac.uk","is"," used by","  funders  ,"
"partyoffers.co.uk","be able to be"," used by","  students  from"
"www-users.york.ac.uk","can only be"," used by","  managers  on a"
"www-users.york.ac.uk","together and"," used by","  government"
"fantasyfactory.co.uk","inhabited or"," used by","  farm"
"housepricecrash.co.uk","been"," used by","  man  to guard"
"lathes.co.uk",", each day more"," used by","  pain  . The"
"squashsite.co.uk","charity much"," used by","  teachers  to"
"learningtechnologies.co.uk","explosive and"," used by","  spies  as booby"
"hsc.uwe.ac.uk","reporting"," used by","  management"
"cheshirefire.co.uk","polyamides"," used by","  PMA  are"
"iiss.org.uk","board"," used by","  tutors  to"
"scarborough.gov.uk","as being"," used by","  sailors"
"housepricecrash.co.uk","strategies"," used by","  players  to"
"ulster.ac.uk","threshold"," used by","  purge_pha  to"
"pkf.co.uk","and may be"," used by","  list  members"
"talkmagic.co.uk","is with a tool"," used by","  security"
"melonfarmers.co.uk",""" that could be"," used by","  anybody  . The"
"blackpresence.co.uk","sometimes"," used by","  theatre"
"theanswerbank.co.uk","it was often"," used by","  grocers  to"
"maths.leeds.ac.uk","is the method"," used by","  experts  . The"
"tin.nhs.uk","charity much"," used by","  teachers  to"
"healthmatters.org.uk","are not widely"," used by","  people  who"
"edinburgh-tattoo.co.uk","facilities"," used by","  visitors"
"hollies.co.uk","track"," used by","  walkers  ,"
"emagictricks.co.uk","both widely"," used by","  amateurs  and"
"chem.leeds.ac.uk","Designed to be"," used by","  path"
"education.independent.co.uk","1959 but was"," used by","  boat  trains"
"healeyhero.co.uk","charity, much"," used by","  teachers  to"
"man.ac.uk","development"," used by","  colleges"
"antarctica.ac.uk","field may be"," used by","  report"
"uclan.ac.uk","criteria"," used by","  universities"
"smoothhound.co.uk","designed to be"," used by","  Histotechs  as"
"thefword.org.uk","work could be"," used by","  millions  of"
"uea.ac.uk","is not usually"," used by","  individuals"
"croquet.org.uk","frequently"," used by","  showroom"
"vmg.co.uk","successfully"," used by",""
"maths.leeds.ac.uk","which can be"," used by","  staff  in their"
"maths.leeds.ac.uk",". These can be"," used by","  researchers  ,"
"citizenshipfoundation.org.uk","equipment"," used by","  astronauts  to"
"archive.official-documents.co.uk","and could be"," used by","  students"
"ulster.ac.uk","it is commonly"," used by","  people  who are"
"mountaineering-scotland.org.uk",". Techniques"," used by","  mediators"
"word-on-the-web.co.uk","","used by","  students"
"thefword.org.uk","and has been"," used by","  patients  for"
"hollies.co.uk","can be"," used by","  walkers  and"
"niace.org.uk","procedures"," used by","  health"
"browsewebsites.co.uk",": Products"," used by","  consumers"
"browsewebsites.co.uk","equipment"," used by","  members  at a"
"browsewebsites.co.uk","products are"," used by","  consumers"
"onlinenews.warwickshire.police.uk","water"," used by","  car-makers  . *"
"ability.org.uk","it was a word"," used by","  Christians  in"
"thetrousers.co.uk","illustration"," used by","  kind"
"mailman.greennet.org.uk","But it has been"," used by","  government  as"
"theanswerbank.co.uk","designed to be"," used by","  mothers  and"
"glaucus.org.uk","ports. Ports"," used by","  services  like"
"galumpia.co.uk","be stored and"," used by","  support  staff"
"fashionunited.co.uk","says, be"," used by","  employers  to"
"healeyhero.co.uk",". These can be"," used by","  musicians  ,"
"glavenvalley.co.uk","cafe already"," used by","  members  ."
"find-me-a-gift.co.uk",", and to be"," used by",""
"literacytrust.org.uk","is so widely"," used by","  market"
"iserv.abertay.ac.uk","monies may be"," used by","  PCTs  and"
"bsacforum.co.uk","pillars were"," used by","  merchants  , in"
"gl.rhbnc.ac.uk","well"," used by","  day  trippers"
"artshole.co.uk","are often"," used by","  people"
"antiquity.ac.uk","actively"," used by","  customers  . In"
"barbecue-online.co.uk","tool"," used by","  SLPs  &"
"cs.bris.ac.uk","them. It is"," used by","  writers"
"emagictricks.co.uk","however be"," used by","  someone  who"
"emagictricks.co.uk","therefore be"," used by","  landlords  to"
"fametastic.co.uk","commonly"," used by","  owners"
"esds.ac.uk","are all being"," used by","  enthusiasts"
"periodproperty.co.uk","ideas and be"," used by","  healthcare"
"thetrousers.co.uk","'' - Read V2,"," used by","  GPs  in Primary"
"goldsmiths.ac.uk","inhabited or"," used by","  farm"
"bournemouth.gov.uk",", but may be"," used by","  someone  else,"
"lsbu.ac.uk","franchises"," used by","  publishers  to"
"cma.soton.ac.uk","designed to be"," used by","  members  in"
"bond.org.uk","toy that may be"," used by","  children  from"
"word-on-the-web.co.uk","is widely"," used by","  treasurers  to"
"uktvfood.co.uk","animals"," used by","  persons  with"
"ownersdirect.co.uk",", should be"," used by","  women  who"
"literacytrust.org.uk","form should be"," used by","  Colleges  when"
"careers.ed.ac.uk","and property"," used by","  charities  ."
"iserv.abertay.ac.uk","of routes"," used by","  pupils  on"
"antarctica.ac.uk","are often"," used by","  authors  to"
"maths.qmul.ac.uk","and are being"," used by","  applicants"
"buildingdesign.co.uk","from those"," used by","  genealogists"
"illumin.co.uk","created or"," used by","  mentors  using"
"cer.org.uk","the VLE must be"," used by","  students  as"
"antarctica.ac.uk","and was widely"," used by","  precision"
"talyllyn.co.uk","Website ["," used by","  kind"
"kcl.ac.uk","1948. Photo"," used by","  kind"
"niace.org.uk","have been"," used by",""
"jesus.org.uk","","used by","  Scotlandâ  ? ?s"
"brunel.ac.uk","anaesthetic"," used by","  dentists  . It"
"onlinenews.warwickshire.police.uk","harbour"," used by","  divers"
"caledonian.ac.uk","and have been"," used by","  policymakers"
"liverpool.freeexchange.co.uk","were being"," used by","  people"
"viva.org.uk","any guidance"," used by","  Trusts  . We"
"money.independent.co.uk","software"," used by","  search"
"emagictricks.co.uk","shares. Often"," used by","  companies"
"ah.brookes.ac.uk","received and"," used by","  journalists"
"dpawson.co.uk","is largely"," used by","  schools  , but"
"nio.gov.uk","most commonly"," used by","  artists  and"
"ucs.ed.ac.uk","any computers"," used by","  non-members"
"mountaineering-scotland.org.uk","and widely"," used by","  employers  ."
"ex-canaries.co.uk","glazes are"," used by","  potters  for"
"nimr.mrc.ac.uk","inhabited or"," used by","  farm"
"bullbearings.co.uk","inhabited or"," used by","  farm"
"esds.ac.uk","is being"," used by","  governments"
"pfc.org.uk","was"," used by","  universities"
"carmarthenshire.gov.uk","that may be"," used by","  tutors  to"
"skyscript.co.uk",", which is"," used by","  families"
"ilrt.bris.ac.uk","Technologies"," Used by","  Help  Desk Some"
"ilrt.bris.ac.uk","technologies"," used by","  Help  Desk"
"dh.gov.uk","yet generally"," used by",""
"iiss.org.uk","techniques"," used by","  law"
"hlst.heacademy.ac.uk",". Itâ? ?s"," used by","  companies  to"
"antiquity.ac.uk","most commonly"," used by","  speech  and"
"edinphoto.org.uk","computers as"," used by","  meter  readers"
"cambs.police.uk","also actually"," used by","  members  for"
"bullbearings.co.uk","may be"," used by","  researchers"
"welhat.gov.uk","Rewley, it was"," used by","  monks  from"
"blog.ctrlbreak.co.uk","2: Scripts"," used by","  callers"
"healeyhero.co.uk",", and is being"," used by","  staff  and"
"voa.gov.uk","needles"," used by","  drug  addicts,"
"uec.ac.uk","COSE Browser,"," used by","  tutors  and"
"bectu.org.uk","was least"," used by","  students  . The"
"samoa.co.uk","drug of choice"," used by","  paramedics  to"
"antiquity.ac.uk","(also"," used by",""
"eternalnight.co.uk","which is"," used by","  web"
"cinemas-online.co.uk","META tags,"," used by","  search"
"blog.ctrlbreak.co.uk","may be"," used by","  massage  , or"
"nya.org.uk","and is not"," used by","  farm  animals,"
"nya.org.uk","a light cart"," used by","  boy  scouts for"
"uktvfood.co.uk","that are"," used by","  dogs  as this"
"mypharmacy.co.uk","inhabited or"," used by","  farm"
"lff.org.uk","which can be"," used by","  visitors"
"barbecue-online.co.uk","commonly"," used by","  economists  ."
"portcities.org.uk","may be"," used by","  non-donors  to"
"eprints.whiterose.ac.uk","Occasionally"," used by","  trampers  it is"
"forum.thebears.co.uk","was"," used by","  tobacco"
"viva.org.uk",". Primarily"," used by","  prescribers"
"gre.ac.uk","motor-cycles"," used by","  parachute"
"healthmatters.org.uk","camera to be"," used by","  amateurs  as"
"education.independent.co.uk","(such as those"," used by","  artists  )."
"historylearningsite.co.uk","products are"," used by","  libraries"
"educ.cam.ac.uk","designed to be"," used by","  portals  and"
"rss.org.uk","to make data"," used by","  NHS  Direct"
"hewett.norfolk.sch.uk","which were"," used by","  drug  addicts."
"taxationweb.co.uk","designed to be"," used by","  students  who"
"aspirations.english.cam.ac.uk","it was mostly"," used by","  goods"
"cambs.police.uk","track will be"," used by","  staff  and"
"practicalpc.co.uk","Name that is"," used by","  someone  else,"
"word-on-the-web.co.uk","is still"," used by",""
"word-on-the-web.co.uk","taken over and"," used by","  students  . It"
"citizenshipfoundation.org.uk","format"," used by","  police"
"orcadian.co.uk","in the dies"," used by","  dippers  and"
"archives.gla.ac.uk","pass has been"," used by","  manager  Billy"
"practicalpc.co.uk","now ready to be"," used by",""
"emagictricks.co.uk","and. gov. uk -"," used by","  government"
"niace.org.uk",", and is also"," used by","  students  to"
"niace.org.uk","that can be"," used by","  teachers  to"
"bioinf.org.uk","the formulae"," used by","  authorities"
"csp.org.uk","and is"," used by","  fashion"
"unitedrant.co.uk","), which are"," used by","  mail  clients"
"pet.cam.ac.uk",". It is also"," used by","  members  as a"
"themostannoyingsiteintheworld.co.uk","products are"," used by","  libraries"
"cts.dmu.ac.uk","are being"," used by","  management  ."
"cheshirefire.co.uk","designed to be"," used by","  members  in"
"calderdale.gov.uk","is frequently"," used by","  employers  as a"
"colc.co.uk","term is rarely"," used by","  anybody  as"
"shu.ac.uk","should not be"," used by","  consumers  to"
"squashsite.co.uk","that are"," used by","  researchers"
"education.independent.co.uk","could be"," used by",""
"insolvency.gov.uk","standards,"," used by","  researchers"
"croquet.org.uk","are meant to be"," used by","  countries  ,"
"niace.org.uk","powerful drug"," used by","  mankind  ""). He"
"gl.rhbnc.ac.uk","ideas and be"," used by","  healthcare"
"tutorials.beginners.co.uk","expressions"," used by","  others  ."
"sciencenet.org.uk","information"," used by","  learners  is"
"path.cam.ac.uk","Not commonly"," used by","  users  . A"
"nbs.ntu.ac.uk","cooking terms"," used by","  chefs  and"
"lsbu.ac.uk","much"," used by","  students  ."
"pfc.org.uk","subsequently"," used by","  students  to"
"ookami.co.uk","drugs usually"," used by","  bodybuilders"
"bllearning.co.uk","","used by",""
"partnerships.org.uk",", was once"," used by","  composer  Sir"
"football.co.uk",", as they are"," used by","  www  . surreycc"
"les.man.ac.uk","data and are"," used by","  kind"
"bsactravelclub.co.uk","could be"," used by","  women"
"wisa.org.uk","inhabited or"," used by","  farm"
"easyweb.easynet.co.uk","them are later"," used by","  spammers  . Do"
"money.independent.co.uk","to be"," used by","  doctors  with a"
"theatreguidelondon.co.uk","and motifs"," used by","  designer  and"
"faegre.co.uk","originally"," used by","  authors  of"
"exeter.ac.uk","to be"," used by","  football"
"growingbusiness.co.uk","machinery"," used by","  researchers"
"periodproperty.co.uk","and eight were"," used by","  AT  & T on cross"
"ah.brookes.ac.uk","forms"," used by","  ORs  can be"
"olympics.org.uk","is"," used by","  drug"
"football.co.uk",", peder a§a (","used by","  son  or younger"
"wen.org.uk","methods"," used by","  clubs  are"
"artshole.co.uk","Name that is"," used by","  someone  else,"
"epilepsy.org.uk","the GNU cpp as"," used by","  gcc  . cvs - is a"
"shu.ac.uk","while it may be"," used by","  clients"
"princelyrics.co.uk","apparently"," used by","  everyone  from"
"wisa.org.uk","regularly"," used by","  journalists"
"eng.bham.ac.uk","number of cars"," used by","  students  . It"
"cma.soton.ac.uk",", is widely"," used by","  authors  ,"
"samoa.co.uk","TORCH such as"," used by","  cavers  and"
"new-agri.co.uk","","used by","  surveyors  to"
"cedr.co.uk","techniques"," used by","  film"
"wen.org.uk","have been"," used by","  ''Welfare  '' and"
"collectbritain.co.uk","power sources"," used by","  industry  ,"
"journalism.cf.ac.uk","which may be"," used by","  individuals"
"bcentral.co.uk","","used by","  conservators"
"bcentral.co.uk","as having been"," used by","  Copts  were"
"llandrillo.ac.uk","should then be"," used by","  departments"
"bullbearings.co.uk","which can be"," used by",""
"e-epilepsy.org.uk","not be seen or"," used by","  lenders  to"
"outdoormegastore.co.uk","are then"," used by","  examiners  as"
"education.independent.co.uk","to have been"," used by","  EPCAP  in"
"borkowski.co.uk",", is widely"," used by","  authors  ,"
"wolseyartgallery.org.uk","must not be"," used by","  members  of"
"rgu.ac.uk","may be"," used by","  divers  . The"
"rgu.ac.uk","one may be"," used by","  divers  , but I"
"hartjournals.co.uk","could be"," used by","  athletes  to"
"cheshirefire.co.uk",", they could be"," used by","  athletes  in"
"glaucus.org.uk","are generally"," used by","  modems  for"
"glaucus.org.uk","is generally"," used by","  bb-network  ."
"publicservice.co.uk","equipment"," used by","  staff  other"
"hlst.heacademy.ac.uk","ceremonies"," used by","  universities"
"eternalnight.co.uk","accessed and"," used by","  others  . Care"
"directgov.gov.uk","can be"," used by","  participants"
"caledonian.ac.uk","frequencies"," used by","  dolphins  . If"
"greatplacetowork.co.uk","which must be"," used by","  graduates  ."
"westyorkshire.police.uk","should not be"," used by","  women  that are"
"ogc.gov.uk","originally"," used by","  authors  of"
"mgcars.org.uk","should not be"," used by","  consumers  to"
"chester.gov.uk","timber lodged"," used by","  visitors  who"
"essex.police.uk","","used by","  students  . The"
"nervous.co.uk",") will be"," used by","  default  ."
"harpercollins.co.uk","here is still"," used by","  pleasure"
"healeyhero.co.uk","the premises"," used by","  clients  must"
"wen.org.uk",", is widely"," used by","  authors  ,"
"shipit.co.uk","to technology"," used by","  Internet"
"niftc.co.uk",". This area was"," used by","  track"
"ubu.org.uk","methods can be"," used by","  teachers"
"uclan.ac.uk","includes toys"," used by","  children  in"
"vacant.org.uk","it was often"," used by","  grocers  to"
"nervous.co.uk","and knowledge"," used by","  staff  to solve"
"antarctica.ac.uk",", meetings"," used by","  community"
"new-agri.co.uk","it could be"," used by","  trustees"
"bectu.org.uk",". Images"," used by","  permission  of"
"clean-image.co.uk","tools"," used by","  fisherman  to"
"e-epilepsy.org.uk","and materials"," used by","  schools  . Six"
"csp.org.uk","software"," used by","  scientists"
"hlst.heacademy.ac.uk","are commonly"," used by","  biologists  ,"
"hlst.heacademy.ac.uk","not often"," used by",""
"palimpsest.org.uk","some routes"," used by","  children"
"palimpsest.org.uk","that is"," used by",""
"ownersdirect.co.uk","room were"," used by","  boarders  and"
"ownersdirect.co.uk","invariably be"," used by","  students"
"ownersdirect.co.uk","which is"," used by","  inmates  will"
"ownersdirect.co.uk","","used by","  staff  which"
"sainsburysbank.co.uk","forms"," used by","  youth  workers"
"uec.ac.uk","cross but it is"," used by","  crocodiles  ,"
"primaryresources.co.uk","that could be"," used by","  teachers  ,"
"mkheritage.co.uk","commonly"," used by","  children  in"
"money.independent.co.uk","£1m is being"," used by","  radiotherapy"
"calderdale.gov.uk","was very well"," used by","  students  ."
"pfc.org.uk","is a word"," used by","  historians  to"
"pfc.org.uk","is a word"," used by","  historians  to"
"pfc.org.uk","is a word"," used by","  historians  to"
"surreycc.gov.uk",". Propaganda"," used by","  governments"
"adriandenning.co.uk","has been often"," used by","  scholars"
"csa.gov.uk","."," Used by","  locals  and"
"rss.org.uk","? They could be"," used by","  health"
"olympics.org.uk","Adapted and"," used by","  permission"
"les.man.ac.uk","such space is"," used by",""
"libdems.org.uk",", in order to be"," used by","  schools  and"
"sciencenet.org.uk","system was"," used by","  IFF  in"
"underoneroofexchange.co.uk","it was often"," used by","  grocers  to"
"libdems.org.uk","are much"," used by","  villagers  for"
"historylearningsite.co.uk","of the threads"," used by","  spiders  for"
"lancs.ac.uk","software"," used by","  museums  ,"
"clean-image.co.uk","? PAIN is a word"," used by","  humans  to"
"direct.gov.uk","regularly"," used by","  people  , to"
"newburytheatre.co.uk","collected or"," used by","  government"
"princes-trust.org.uk","were rarely"," used by","  inventors  - so"
"princes-trust.org.uk","to it, could be"," used by","  someone  else."
"ccruni.gov.uk","methodology"," used by","  economists  ."
"ookami.co.uk","fiction can be"," used by","  women  to"
"fass.kingston.ac.uk","file type is"," used by","  iTunes  , which"
"newcastle.gov.uk",". Rooms"," used by","  members  of the"
"word-on-the-web.co.uk","frequencies"," used by","  microwave"
"word-on-the-web.co.uk","The network is"," used by","  residents  for"
"glaucus.org.uk","being"," used by","  teachers  in"
"itchyyork.co.uk","is regularly"," used by","  schools  ,"
"rafmuseum.org.uk","factors"," used by","  suppliers  in"
"dcs.shef.ac.uk",", which are"," used by","  universities"
"usdaw.org.uk","of technology"," used by","  visitors  . The"
"intellectual-property.gov.uk","strategies"," used by","  schools  which"
"uec.ac.uk","technology"," used by","  people  with"
"education.independent.co.uk","? Answer: A hut"," used by","  watchmen  on"
"armyoneverest.mod.uk","could also be"," used by","  persons  with"
"miketaylor.org.uk","reproduced or"," used by","  others"
"shu.ac.uk","label value"," used by","  -c"
"liberty-human-rights.org.uk","is commonly"," used by","  Internet"
"nutrition.org.uk",", which is"," used by","  lots  of"
"nutrition.org.uk","that are"," used by","  broadcasters"
"macdonaldhotels.co.uk","when they were"," used by","  groups  of"
"spuc.org.uk",". It is"," used by","  lecturers  to"
"money.independent.co.uk","slam '' were"," used by","  planes  . In the"
"citizensonline.org.uk",", is widely"," used by","  authors  ,"
"primaryresources.co.uk","of buildings"," used by","  Government"
"ubu.org.uk","it was often"," used by","  grocers  to"
"aimhigher.ac.uk","the language"," used by","  journalists"
"colerainebc.gov.uk","were"," used by","  grazers  from a"
"underoneroofexchange.co.uk","of which are"," used by","  boats  which"
"underoneroofexchange.co.uk","of which are"," used by","  pleasure"
"microscopy-uk.org.uk","is not to be"," used by","  people  riding"
"num.org.uk","can also be"," used by","  paedophiles"
"virago.co.uk","main headings"," used by","  police"
"sainsburysbank.co.uk",". They may be"," used by","  libraries  to"
"sainsburysbank.co.uk","and may be"," used by","  participants"
"coinet.org.uk","; they may be"," used by","  anyone  and do"
"armyoneverest.mod.uk","rates"," used by","  industry  will"
"ookami.co.uk","the systems"," used by","  Colleges  and"
"gla.ac.uk","","used by","  enzyme  GP is"
"gla.ac.uk","contexts"," used by","  GP  , biology"
"gla.ac.uk","","used by","  enzyme  GP,"
"punkoiuk.co.uk","will be mainly"," used by","  records"
"ccruni.gov.uk","of the data"," used by",""
"find-me-a-gift.co.uk","be easily"," used by","  management  to"
"havering.gov.uk","can be"," used by","  devices"
"chem.leeds.ac.uk","mechanisms"," used by","  neurones  to"
"elektor-electronics.co.uk","is likely to be"," used by","  parents  with"
"varietyclub.org.uk","to the one"," used by","  team  leader"
"healthscience.swansea.ac.uk","has been"," used by",""
"dptac.gov.uk",""" is often"," used by",""
"buildingdesign.co.uk",". Barricades"," used by",""
"bseinquiry.gov.uk","that can be"," used by",""
"publicservice.co.uk","ideas and be"," used by","  healthcare"
"havering.gov.uk","microscopes"," used by","  hobbyists  are"
"vmg.co.uk","server; was"," used by",""
"vmg.co.uk","front-end was"," used by",""
"vmg.co.uk",": a sub-system"," used by","  staff  in the"
"vmg.co.uk",": a sub-system"," used by",""
"artshole.co.uk","is to be"," used by","  fire  officers"
"kavkaz.org.uk","that can be"," used by","  image"
"nationalarchives.gov.uk","seen being"," used by","  politicians"
"spuc.org.uk","which is"," used by","  employees  ."
"disabilitynow.org.uk","RBA can also be"," used by","  agencies  to"
"epic.co.uk","ceremony to be"," used by","  non-members  ."
"forcesreunited.org.uk","We want it to be"," used by","  research"
"borkowski.co.uk","workstations"," used by","  ''users  '' to be"
"education.independent.co.uk","media image"," used by","  headline"
"jolt.co.uk","Most of the ink"," used by","  Victorians"
"ucs.ed.ac.uk","seat is to be"," used by","  children  from"
"squashsite.co.uk","in the DSO is"," used by","  specialist"
"cancerhelp.org.uk","normally"," used by","  departments"
"javu.co.uk","will be"," used by","  councils"
"shepherd-neame.co.uk","which are"," used by",""
"historylearningsite.co.uk","are being"," used by","  others  and the"
"word-on-the-web.co.uk","and this was"," used by","  priests  and"
"pkf.co.uk","page can be"," used by","  members  to"
"practicalpc.co.uk","page can be"," used by","  members  to"
"esds.ac.uk","","used by","  enzyme  GP"
"ymss.org.uk","of the route"," used by","  southside"
"voa.gov.uk","resource"," used by","  university"
"educ.cam.ac.uk","Appeal will be"," used by","  defendants  to"
"psnc.org.uk","is to be"," used by","  police  in"
"bseinquiry.gov.uk","Mac equipment"," used by","  journal"
"epic.co.uk","of £120 to be"," used by","  members  who"
"epic.co.uk","page was"," used by","  members  to"
"camp-sites.co.uk","can be"," used by","  students  on"
"footy4kids.co.uk","in roads not"," used by","  buses  ."
"healthmatters.org.uk","number"," used by","  billing"
"grangehillfans.co.uk","upper torso"," used by","  workers"
"grangehillfans.co.uk","of a long foot."," Used by","  platelayer  ''s"
"inclusive.co.uk","they have been"," used by",""
"stainer.co.uk","and practices"," used by","  Boards  and"
"aol.co.uk","and"," used by","  geographers"
"theatre-wales.co.uk",", can only be"," used by","  policy  holder"
"psnc.org.uk","have been"," used by","  parents  for"
"glaucus.org.uk","it ''s """," used by","  militants  to"
"aimhigher.ac.uk","are"," used by","  employers  to"
"canterbury.ac.uk","assessments"," used by","  defendant"
"rgu.ac.uk","techniques"," used by",""
"ind.homeoffice.gov.uk","is widely"," used by","  police"
"gradsoc.jesus.cam.ac.uk","wood or stone."," Used by","  shipwrights  ."
"asab.icapb.ed.ac.uk","likely to be"," used by","  someone"
"thefword.org.uk","line."," Used by","  boatbuilders"
"welhat.gov.uk","and have been"," used by","  designers  ,"
"jobsite.co.uk","gardens"," used by","  patrons  of"
"kavkaz.org.uk","given can be"," used by","  ethno  and"
"npl.co.uk","stock of names"," used by","  parents  was"
"pharmafield.co.uk","which were"," used by","  journalists"
"anticapitalism.org.uk","can be"," used by","  teachers"
"idmu.co.uk","of the route"," used by","  southside"
"dice.inf.ed.ac.uk","of it can be"," used by","  classroom"
"psci-com.ac.uk","year, which is"," used by","  housing"
"theheritagetrail.co.uk","frequencies"," used by","  wireless"
"culturewars.org.uk","animals"," used by","  departments"
"david-clelland.org.uk","held and"," used by","  citizens  ;"
"faber.co.uk","sweat house,"," used by","  women  during"
"andymerrett.co.uk","could be"," used by","  others  draft"
"tourism.brighton.co.uk","to the one"," used by","  government"
"meaningmatters.co.uk","repeatedly"," used by","  donor"
"scoutbase.org.uk",". This is a tool"," used by","  business"
"hep.ucl.ac.uk","should not be"," used by","  individuals"
"rd4u.org.uk","hut must be"," used by","  women  who"
"alliance-leicester.co.uk","already being"," used by","  auditees  in"
"ceredigion.gov.uk","have been"," used by",""
"anticapitalism.org.uk",", is widely"," used by","  authors  ,"
"birdpages.co.uk","song which was"," used by","  iron-workers"
"bordergameangling.co.uk","mostly been"," used by","  healthcare"
"poptel.org.uk","injections"," used by","  diabetics  ."
"newble.co.uk","forum can be"," used by","  members  to"
"hse-databases.co.uk","might be"," used by","  others  as a"
"newble.co.uk","which are not"," used by","  anything  else"
"www2.newsquest.co.uk","are often"," used by","  phone  company"
"gayyouthuk.org.uk","sack,"," used by","  choir  members"
"ncsl.org.uk","were"," used by","  staff  in"
"catholic.org.uk",", still"," used by","  sailing  boats"
"dice.inf.ed.ac.uk","and seats"," used by","  clients  in the"
"philosophers.co.uk","arts to be"," used by","  youth  groups"
"beerwise.co.uk","number"," used by","  billing"
"travelhouseuk.co.uk","number"," used by","  billing"
"idiotica.co.uk","the methods"," used by","  employers  to"
"idiotica.co.uk","the methods"," used by","  employers"
"www2.shu.ac.uk","number"," used by","  billing"
"philosophers.co.uk","materials are"," used by","  companies"
"amnesty.org.uk","technologies"," used by",""
"ourdogs.co.uk","the approach"," used by","  email"
"hyperion-records.co.uk","missile,"," used by","  countries"
"rssb.co.uk","name Le Jo''g is"," used by","  kind"
"rcoa.ac.uk",", is widely"," used by","  authors  ,"
"rssb.co.uk","can be"," used by","  everyone  ,"
"rssb.co.uk","to those"," used by","  people  with"
"nccc.co.uk","is being"," used by","  firms  for"
"internetfiction.co.uk","- a buzzword"," used by","  policy  makers"
"internetfiction.co.uk","has been"," used by","  government  in"
"faith.org.uk","starting to be"," used by","  hospitals  and"
"internetfiction.co.uk","we ban tactics"," used by","  tobacco"
"craigmurray.co.uk","page can be"," used by","  members  to"
"bluedome.co.uk","forum can be"," used by","  members  to"
"alliance-leicester-group.co.uk","page can be"," used by","  members  to"
"turkisheconomy.org.uk","reserved."," Used by","  permission  . I"
"unison.org.uk","RBA can also be"," used by","  agencies  to"
"jesus.cam.ac.uk","sugar can be"," used by","  people  with"
"alliance-leicester-group.co.uk","machines"," used by","  businesses"
"ourdogs.co.uk","from being"," used by","  extremists  ,"
"ourdogs.co.uk","SATs) could be"," used by","  universities"
"bspp.org.uk","to that"," used by","  Boccaccio  in"
"hsl.gov.uk","water sold or"," used by","  food"
"catholic.org.uk",", which are"," used by","  universities"
"re-xs.ucsm.ac.uk","words often"," used by","  participants"
"netscape.co.uk","block schemes"," used by","  companies  to"
"teamdiscovery.co.uk","block schemes"," used by","  companies  to"
"www-edc.eng.cam.ac.uk","which can be"," used by","  teachers  and"
"poptel.org.uk","the language"," used by","  today  ''s"
"altis.ac.uk",", to be"," used by","  schools  and"
"usdaw.org.uk","has been"," used by","  artists  since"
"usdaw.org.uk","computer is"," used by","  artists"
"www-edc.eng.cam.ac.uk","to accounting"," used by","  businesses"
"nyt.co.uk","can be"," used by","  devices"
"bspp.org.uk","and Neck) Term"," used by","  doctors  to"
"culturewars.org.uk",""" was being"," used by","  employers  as"
"ricability.org.uk","were first"," used by","  companies  in"
"travelhouseuk.co.uk","is regularly"," used by","  broadcasters"
"leslies-fishing.co.uk","number"," used by","  billing"
"scunthorpeunited-mad.co.uk","School are"," used by","  year  4 when"
"hse-databases.co.uk","cannot be"," used by","  people  with a"
"cpat.org.uk","that is"," used by","  universities"
"culturewars.org.uk","with. It can be"," used by","  management  to"
"rgc.aberdeen.sch.uk","forum can be"," used by","  members  to"
"exeter.gov.uk",", is widely"," used by","  authors  ,"
"calica.co.uk","page can be"," used by","  members  to"
"thedials.co.uk","actively"," used by","  customers  . In"
"egtf.co.uk","be collected"," used by","  partner"
"giveusahome.co.uk","page can be"," used by","  members  to"
"binarymoon.co.uk",". These are"," used by","  business  ,"
"bryant-broadcast.co.uk","should not be"," used by","  people  with"
"cot.org.uk","Farm building"," used by","  battery  26"
"cot.org.uk","cotttages"," used by","  battery  27"
"downloads.theregister.co.uk",", and is often"," used by","  flower"
"lshtm.ac.uk","should not be"," used by","  non-smokers"
"hippy.freeserve.co.uk","should not be"," used by","  non-smokers"
"competition-law.ox.ac.uk",", which is now"," used by","  providers"
"arch.ox.ac.uk","can be"," used by","  devices"
"ece.eps.hw.ac.uk","were"," used by","  hundreds  of"
"supportweb.cs.bham.ac.uk","This is mainly"," used by","  businesses  to"
"catholic.org.uk","software"," used by","  services  can"
"travelex.co.uk","has long been"," used by","  industry  as a"
"catholic.org.uk","times can be"," used by","  patients  and"
"nycos.co.uk","is not"," used by","  tobacco"
"nycos.co.uk","is not"," used by","  tobacco"
"nycos.co.uk","time; and when"," used by","  children"
"dtcrafts.co.uk",". Can be"," used by","  teachers  ,"
"ece.eps.hw.ac.uk","still little"," used by","  employers"
"ece.eps.hw.ac.uk","is being"," used by","  employers  in"
"druginfozone.nhs.uk","same weapons"," used by","  crackers  ,"
"www2.newsquest.co.uk","data"," used by","  schools  Most"
"exeter.gov.uk","being"," used by","  stakeholders"
"sustransshop.co.uk",", the model"," used by","  History  MRes"
"lawteacher.ac.uk","that could be"," used by","  enemy  planes"
"smr.herefordshire.gov.uk","of the methods"," used by","  donor"
"digitalsky.org.uk",", is widely"," used by","  authors  ,"
"activehome.co.uk","forum can be"," used by","  members  to"
"optimnem.co.uk","actively"," used by","  customers  . In"
"n-base.org.uk","are often"," used by",""
"specialistschools.org.uk","out of code, is"," used by","  cooks  in the 19"
"rsscse.org.uk","garages"," used by","  drug  users."
"manifest.co.uk","could not be"," used by","  services"
"hyperion-records.co.uk","if a site can be"," used by","  anyone"
"zerooneart.co.uk",". Bullet marks"," used by","  default  in"
"alternativemeats.co.uk","should not be"," used by","  consumers  to"
"ourdogs.co.uk","often"," used by","  authors  ("" the"
"bigga.org.uk","is heavily"," used by","  quarry"
"poptel.org.uk","that it can be"," used by","  machines  not"
"askatl.org.uk","factor,"," used by","  families  with"
"askatl.org.uk","factor,"," used by","  parents  ,"
"askatl.org.uk","overall,"," used by","  parents  , of"
"culturewars.org.uk","are widely"," used by","  fitness"
"faith.org.uk","which can be"," used by",""
"teem.org.uk","forms to be"," used by","  participants"
"holkham.co.uk",","," used by","  seaman"
"nelsonsnavy.co.uk","Hazel rods are"," used by","  water"
"nelsonsnavy.co.uk","solar panels"," used by","  spacecraft"
"leslies-fishing.co.uk","ability to be"," used by","  hand  , so"
"jahtruth.co.uk","drawings are"," used by",""
"supportweb.cs.bham.ac.uk","alcohol being"," used by","  employees  and"
"newble.co.uk",". '' These are"," used by","  farmers  ,"
"adslguide.org.uk",", may be"," used by","  television"
"kingswood.co.uk","card being"," used by","  someone  else."
"urc.org.uk","were widely"," used by","  tourists  and"
"cll.strath.ac.uk","to accounting"," used by","  businesses"
"derbyshire.gov.uk","'' is often"," used by","  politicians"
"iqmedia.co.uk","the systems"," used by","  Colleges  and"
"hippy.freeserve.co.uk",". Funds are"," used by","  trade  unions"
"cornwall-online.co.uk","which can be"," used by","  classroom"
"homeinsurance.co.uk","already being"," used by","  racegoers  . """
"competition-law.ox.ac.uk","'' and can be"," used by","  anyone  as they"
"digital.anime.org.uk","habitats"," used by","  barbastelle"
"savagewar.co.uk","sites may be"," used by","  bats  ,"
"savagewar.co.uk","unlikely to be"," used by","  bats  in this"
"winhealth.co.uk","band, not"," used by","  anything"
"adultmoviedatabase.co.uk","and those"," used by","  TV  stations,"
"reviews.zdnet.co.uk","can be"," used by","  image  editing"
"tandems.co.uk","the markings"," used by","  tyre"
"lawteacher.ac.uk","a sacristy -"," used by","  priests  to"
"howdenins.co.uk","the platform"," used by","  parcel"
"chm.bris.ac.uk","might be"," used by","  students  with"
"chm.bris.ac.uk","might be"," used by","  students  who"
"chm.bris.ac.uk","might be"," used by","  students  with"
"chm.bris.ac.uk","may also be"," used by","  students  who"
"chm.bris.ac.uk","may also be"," used by","  students  who"
"chm.bris.ac.uk","may also be"," used by","  students  who"
"ruthdudleyedwards.co.uk","that this is"," used by","  school  ,"
"trafficmaster.co.uk","the line was"," used by","  ambulance"
"authenticbusiness.co.uk","Manager are"," used by","  researchers  ,"
"urc.org.uk","has been"," used by","  aircraft"
"urc.org.uk","is being"," used by","  design"
"birdpages.co.uk","have been well"," used by","  cirl  buntings"
"havering-college.ac.uk","accepted and"," used by","  health"
"urc.org.uk","waste can be"," used by","  everyone  to"
"gayyouthuk.org.uk","are usually"," used by","  individuals"
"n-base.org.uk","frequently"," used by","  home  users is"
"n-base.org.uk","methods"," used by","  intruders  to"
"n-base.org.uk","commonly"," used by","  intruders  to"
"n-base.org.uk",", it can be"," used by","  intruders  to"
"pingwales.co.uk","can be easily"," used by","  beginners  to"
"derbyshire.gov.uk","can be easily"," used by","  beginners  to"
"jbutler.org.uk","such as those"," used by","  histologists"
"advisorybodies.doh.gov.uk","which can be"," used by","  people  with"
"nelh.nhs.uk","batts (","used by","  potters  for"
"la-articles.org.uk","may be"," used by","  staff  in the"
"travelex.co.uk","is being"," used by","  researchers  ,"
"travelex.co.uk","sort of camera"," used by",""
"travelex.co.uk","like those"," used by","  computer"
"westminster.ac.uk",". It is"," used by","  teachers  for a"
"arc.org.uk",". They are also"," used by","  inspectors  as"
"cll.strath.ac.uk","which can be"," used by","  teachers  with"
"keyskills.canterbury.ac.uk","has also been"," used by","  lawyers  in the"
"lshtm.ac.uk","is being"," used by",""
"moglit.demon.co.uk","which can be"," used by","  staff  to"
"urc.org.uk","VR6 (normally"," used by","  ''er  indoors)"
"hippy.freeserve.co.uk","Play Schemes"," used by","  Children"
"rehab-www.eng.cam.ac.uk",", and is"," used by","  maths  and"
"yarmouthstadium.co.uk","that should be"," used by","  couples  who"
"visitbath.co.uk","), and is"," used by","  staff  ,"
"winhealth.co.uk",". When each is"," used by","  mistake  : ie"
"pingwales.co.uk",". The method"," used by","  management  to"
"bigga.org.uk","'' and can be"," used by","  anyone  as they"
"forecourttrader.co.uk","which has been"," used by","  bats  . How do I"
"birdpages.co.uk","of the hairs"," used by","  crickets  to"
"tonybingham.co.uk","Chain Pier was"," used by","  pleasure"
"advisorybodies.doh.gov.uk","collected and"," used by","  others  . In"
"unison.org.uk","they came to be"," used by","  children  ''s"
"mi6.co.uk","than those"," used by","  airmen  . I have"
"esrc.ac.uk","media"," used by","  radiologists"
"quechua.org.uk","this point was"," used by","  coffin"
"istructe.org.uk","policies are"," used by","  agencies  to"
"ricability.org.uk","'' has been"," used by","  software"
"greenhowards.org.uk","route was"," used by","  travellers  of"
"mrc-cbu.cam.ac.uk","style"," used by","  directors  to"
"egeneration.co.uk",", energy"," used by","  plant  , and"
"n-base.org.uk","were usually"," used by",""
"trafficmaster.co.uk","available and"," used by","  researchers  ."
"cornwall-online.co.uk","are usually"," used by","  investors  to"
"percepp.demon.co.uk","option often"," used by","  people  who are"
"cgce.co.uk","system."," Used by","  parents  and"
"travelhouseuk.co.uk","units were"," used by","  banks  ,"
"rspca.org.uk","is commonly"," used by","  computer"
"permaculture.co.uk","habitat"," used by","  bats  . (ACTION"
"nyt.co.uk","the datasets"," used by","  growth"
"womenrepublic.co.uk","were being"," used by","  teachers"
"genesis.ac.uk","than the one"," used by","  WEP  but works"
"hse-databases.co.uk","they came to be"," used by","  children  ''s"
"cctv-information.co.uk","currently"," used by","  enforcement"
"downloads.theregister.co.uk","and when"," used by","  others  we find"
"www2.netdoctor.co.uk","for men but"," used by","  women  ? 3. Are"
"uktvstylegardens.co.uk","robots are"," used by","  places  such as"
"towerhamlets.gov.uk","were usually"," used by",""
"idiotica.co.uk","are heavily"," used by","  teenagers  ,"
"libertas.co.uk","can be"," used by","  businesses  to"
"bristolcityst.org.uk","are well"," used by","  students  . The"
"hyperion-records.co.uk","machine can be"," used by","  beginners  in"
"newble.co.uk","30 years and is"," used by","  scientists  ,"
"craigmurray.co.uk","and seats"," used by","  clients  in the"
"lshtm.ac.uk","with are still"," used by","  computing  and"
"mrc-cbu.cam.ac.uk","frequently"," used by","  farmers  in"
"mrc-cbu.cam.ac.uk","and is widely"," used by","  gamekeepers  ,"
"hse-databases.co.uk",". They are"," used by","  males  who want"
"unitnews.co.uk","equipment"," used by","  fire  services"
"direct.gov.uk","accessed and"," used by","  employees  ,"
"cont-ed.cam.ac.uk","resource"," used by","  researchers"
"itchycambridge.co.uk","products are"," used by","  women"
"dawntracker.co.uk","are still"," used by","  makers  today."
"pingwales.co.uk","software"," used by","  scheme"
"dyfed-powys.police.uk","are widely"," used by","  education  and"
"exeter.gov.uk","the wording"," used by","  AR  , is implied"
"dyfed-powys.police.uk",". The beam was"," used by","  customs"
"scunthorpeunited-mad.co.uk","computers are"," used by","  pupils  in"
"secure.bfi.org.uk","techniques"," used by","  computers"
"localgov.monster.co.uk","- they are"," used by",""
"emda.org.uk","should not be"," used by","  staff  members"
"westberks.gov.uk","may be"," used by","  businesses"
"punkoiuk.co.uk","diagnosis now"," used by","  two-thirds  of"
"arc.org.uk","was owned and"," used by","  chairman  Mao"
"literacytrust.org.uk",") high band"," used by","  emergency"
"acsedu.co.uk","legal methods"," used by","  farmers  and"
"acsedu.co.uk","have been"," used by","  hunts  to"
"cityoflondon.police.uk","from that"," used by","  sheep  . Horses"
"downloads.cnet.co.uk","legal methods"," used by","  farmers  and"
"arc.org.uk","which DSTs are"," used by","  decision"
"enemydown.co.uk","system."," Used by","  parents  and"
"cornwall-online.co.uk","system."," Used by","  parents  and"
"borkowski.co.uk","wing squares,"," used by","  pawns  and"
"roehampton.ac.uk","have been"," used by","  industry  . Yet"
"warwickshire.police.uk","The card can be"," used by","  staff  ,"
"jesushouse.org.uk","be easily"," used by","  someone  with"
"iccheshireonline.icnetwork.co.uk","and songs"," used by","  prisoners  ."
"cont-ed.cam.ac.uk","Crossings"," used by","  cyclists  are"
"carmarthenshire.gov.uk","water bag"," used by","  tribespeople"
"bdmlr.org.uk","to those"," used by","  mums"
"tandems.co.uk","may not be"," used by","  anyone  else"
"cgi.www.highland.gov.uk","which can be"," used by","  teachers  to"
"conceptcar.co.uk",". All effects"," used by","  Pyrojunkies"
"balagan.org.uk","will also be"," used by","  staff  and"
"dice.inf.ed.ac.uk","therapies"," used by","  people  with"
"cityoflondon.police.uk","of the terms"," used by","  banks  when"
"weddingguide.co.uk","will mainly be"," used by","  software"
"blogigo.co.uk","that it can be"," used by","  everyone  . A"
"usdaw.org.uk","of forks"," used by","  cannibals  !"
"carfaxhotel.co.uk","and"," used by","  Freemasonry"
"slas.org.uk","not so heavily"," used by","  family"
"find-me-a-gift.co.uk","were being"," used by","  software"
"manifest.co.uk",", is widely"," used by","  authors  ,"
"bravo.co.uk","programmes"," used by","  schools  to"
"bluedome.co.uk","internet is"," used by","  millions  of"
"libdems.org.uk","of format"," used by","  people"
"urc.org.uk","economy is"," used by",""
"businesseye.org.uk","studied when"," used by","  level  two"
"cityoflondon.police.uk",", sometimes"," used by",""
"reading.gov.uk","objects can be"," used by","  means  of"
"socialistfuture.org.uk","is a technique"," used by","  people  who try"
"secure.bfi.org.uk","","used by","  downloaders  ("
"canterbury.ac.uk","empty and is"," used by","  walkers  ."
"arc.org.uk","sheets"," used by","  markers  ."
"voa.gov.uk","they are"," used by","  tanners  and"
"westberks.gov.uk","will also be"," used by","  students  from"
"enemydown.co.uk","are commonly"," used by","  women  who have"
"amd.uwe.ac.uk","of brightness"," used by","  astronomers  ."
"nos.org.uk","destruction"," used by","  terrorists  . A"
"businesseye.org.uk","were they to be"," used by","  police"
"cwn.org.uk","that it can be"," used by","  people  who"
"digitalspy.co.uk","to tanks and"," used by","  government"
"scunthorpeunited-mad.co.uk","furnaces"," used by","  assay"
"cgi.www.highland.gov.uk","trials will be"," used by","  researchers"
"cgi.www.highland.gov.uk","software is"," used by","  architects"
"rssb.co.uk","system."," Used by","  parents  and"
"cityoflondon.police.uk","that GO can be"," used by","  people"
"dsa.gov.uk",". They are"," used by","  people  who"
"hippy.freeserve.co.uk","policies are"," used by","  agencies  to"
"manifest.co.uk","Hall was first"," used by","  day"
"holiday-rentals.co.uk","the list may be"," used by","  individuals"
"nhsdirect.nhs.uk","batteries."," Used by","  doctors  and"
"shirleycollins.co.uk",", paced style"," used by","  hypnotists"
"artscouncil.org.uk","economy is"," used by",""
"cicerone.co.uk","frequently"," used by","  headache"
"rd4u.org.uk","been tools"," used by","  scientists"
"alvechurchdata.co.uk","native IPSEC (","used by","  cisco  )) if"
"nhsdirect.nhs.uk","be"," used by","  patients  who"
"westberks.gov.uk","material is"," used by","  scientists  to"
"bcsnsg.org.uk","may be"," used by","  others  in"
"cgi.www.highland.gov.uk",", and can be"," used by","  women  who"
"bluedome.co.uk","information"," used by","  managers  in"
"arc.org.uk","designed to be"," used by","  beginners  to"
"socialistfuture.org.uk","is likely to be"," used by","  bats  in your"
"westberks.gov.uk","models"," used by","  staff  at"
"usdaw.org.uk","this credit is"," used by","  individuals"
"usdaw.org.uk","term, as it is"," used by","  media  pundits"
"pingwales.co.uk",", that can be"," used by","  geographers"
"lshtm.ac.uk","have been"," used by","  production"
"bluedome.co.uk","should not be"," used by","  people"
"bluedome.co.uk","should not be"," used by","  children  ."
"bluedome.co.uk","should not be"," used by","  children"
"bluedome.co.uk","should not be"," used by","  people"
"socialistfuture.org.uk","realism. As"," used by","  philosophers"
"bluedome.co.uk","Sam was widely"," used by","  hardware"
"cwn.org.uk","which will be"," used by","  students  . "" I"
"etoile.co.uk","practices"," used by","  governments"
"rctalk.co.uk","which has been"," used by","  generations"
"rctalk.co.uk","has been"," used by","  millions  of"
"usdaw.org.uk",") are widely"," used by","  schools  (27 %)"
"businesseye.org.uk",". It can be"," used by","  children"
"tangents.co.uk","contracts are"," used by","  corporations"
"cityoflondon.police.uk","system."," Used by","  parents  and"
"metalmonk.co.uk","Known methods"," used by","  criminals  to"
"alvechurchdata.co.uk","can also be"," used by","  others  to"
"jolt.co.uk","Designed to be"," used by","  people  in all"
"westberks.gov.uk","spray can be"," used by","  adults  aged 18"
"samuri.co.uk","machines to be"," used by","  departments  ."
"lgps.org.uk","it had been"," used by","  director"
"borkowski.co.uk","of the tactics"," used by","  distraction"
"westberks.gov.uk","and"," used by","  geographers"
"northern-angels.co.uk","'' as"," used by","  biologists  . A"
"nhsdirect.nhs.uk","hill. It can be"," used by","  walkers  ,"
"stirling.gov.uk","system"," used by","  academics  and"
"bluedome.co.uk","key phrases"," used by","  members  of the"
"ondamar.demon.co.uk","techniques"," used by",""
"telewest.co.uk","suite is"," used by","  staff  and"
"urc.org.uk","suite is"," used by","  staff  and"
"reviews.zdnet.co.uk","can be"," used by","  teachers  and"
"samuri.co.uk","system."," Used by","  parents  and"
"hse-databases.co.uk","that can be"," used by","  parents  to"
"brunel.ac.uk","reduce water"," used by","  businesses  ,"
"emagictricks.co.uk",", that can be"," used by","  geographers"
"westbury.co.uk","centre"," used by","  city  children"
"cityoflondon.police.uk","which are"," used by","  pupils  to get"
"efestivals.co.uk","are routinely"," used by",""
"voa.gov.uk","comparison"," used by","  student"
"runnersworld.co.uk","of bytes"," used by","  numbers  - or by"
"thetrousers.co.uk","may be"," used by","  burglars  or"
"ncvo-vol.org.uk","'' and was"," used by","  scientists  as"
"poetrypf.co.uk","word commonly"," used by","  record"
"secure.bfi.org.uk","Ordnance. Pen"," used by","  Col  F. H."
"weddingguide.co.uk","also has been"," used by","  crackers  ."
"nos.org.uk","is adapted and"," used by","  permission  of"
"housepricecrash.co.uk","of tactics"," used by","  offenders  and"
"usdaw.org.uk","are sometimes"," used by","  botanists  ,"
"usdaw.org.uk","are sometimes"," used by","  botanists  ,"
"usdaw.org.uk","are sometimes"," used by","  botanists  ,"
"usdaw.org.uk","are sometimes"," used by","  botanists  ,"
"usdaw.org.uk","are sometimes"," used by","  botanists  ,"
"usdaw.org.uk","are sometimes"," used by","  botanists  ,"
"usdaw.org.uk","are sometimes"," used by","  botanists  ,"
"usdaw.org.uk","are sometimes"," used by","  botanists  ,"
"usdaw.org.uk","are sometimes"," used by","  botanists  ,"
"usdaw.org.uk","are sometimes"," used by","  botanists  ,"
"usdaw.org.uk","are sometimes"," used by","  botanists  ,"
"usdaw.org.uk","are sometimes"," used by","  botanists  ,"
"usdaw.org.uk","are sometimes"," used by","  botanists  ,"
"usdaw.org.uk","are sometimes"," used by","  botanists  ,"
"usdaw.org.uk","are sometimes"," used by","  botanists  ,"
"usdaw.org.uk","are sometimes"," used by","  botanists  ,"
"usdaw.org.uk","are sometimes"," used by","  botanists  ,"
"usdaw.org.uk","are sometimes"," used by","  botanists  ,"
"usdaw.org.uk","are sometimes"," used by","  botanists  ,"
"usdaw.org.uk","are sometimes"," used by","  botanists  ,"
"metalmonk.co.uk","could even be"," used by","  councils  . The"
"ncvo-vol.org.uk","system."," Used by","  parents  and"
"lancs.ac.uk","lounge can be"," used by","  children"
"cont-ed.cam.ac.uk","software"," used by","  architects  to"
"ids.ac.uk","usually only"," used by","  people  who"
"mailorder2000.co.uk","that can be"," used by","  mice  clean up"
"niace.org.uk","sometimes be"," used by","  parents  , in"
"show.scot.nhs.uk","clues could be"," used by","  goalkeepers"
"maths.qmul.ac.uk","definition is"," used by","  extropians  ,"
"maths.qmul.ac.uk","increasingly"," used by",""
"nao.org.uk","being widely"," used by","  children  with"
"southwestrda.org.uk","system"," used by","  academics  and"
"ondamar.demon.co.uk","these are not"," used by","  horses  , but"
"family-historian.co.uk",", sometimes"," used by",""
"yarmouthstadium.co.uk",". It will be"," used by",""
"portcities.org.uk","THE SLOGAN ''as"," used by",""
"portcities.org.uk","on a utility"," used by","  Psion  artists"
"find-me-a-gift.co.uk","likely to be"," used by","  someone"
"carmarthenshire.gov.uk","all, might be"," used by","  institutions"
"iccheshireonline.icnetwork.co.uk","suite is"," used by","  staff  and"
"urc.org.uk","way that can be"," used by","  cyclists  ."
"crockford.org.uk","that can be"," used by","  Aspose  . Pdf to"
"pkf.co.uk","habitats"," used by","  barbastelle"
"pkf.co.uk","habitat"," used by","  bats  ."
"pkf.co.uk","habitat"," used by","  bats  . (ACTION"
"bexley.gov.uk","techniques"," used by","  sociologists"
"edinphoto.org.uk","well as being"," used by","  members  and"
"businesseye.org.uk","and chemicals"," used by","  research  and"
"arc.org.uk",", or plant"," used by","  transferor  ''s"
"roehampton.ac.uk","habitats"," used by","  barbastelle"
"roehampton.ac.uk","habitat"," used by","  bats  ."
"roehampton.ac.uk","habitat"," used by","  bats  . (ACTION"
"exeter.ac.uk","on links"," used by","  cyclists"
"borkowski.co.uk","Room may be"," used by","  appointment"
"artshole.co.uk","the methods"," used by","  today  ''s"
"microscopy-uk.org.uk","offices "" (e. g"," used by","  engineers  ,"
"microscopy-uk.org.uk","to or"," used by","  employees  of"
"blogigo.co.uk","like those"," used by","  airport"
"niace.org.uk","just an escape"," used by","  doctors  to"
"bexley.gov.uk","which can be"," used by","  students  to"
"giveusahome.co.uk","and machinery"," used by","  industries"
"metalmonk.co.uk","which can be"," used by","  teachers"
"usdaw.org.uk","S32 can also be"," used by","  someone  who is"
"opas.org.uk","angiography"," used by","  eye  doctors is"
"themagiceye.co.uk","angiography"," used by","  eye  doctors is"
"liverpoolvictoria.co.uk","that can be"," used by","  sports  ''"
"indict.org.uk","be"," used by","  patients  who"
"lincstrust.org.uk","has been"," used by",""
"uktvfood.co.uk","term and are"," used by","  body  builders"
"scunthorpeunited-mad.co.uk","suite is"," used by","  staff  and"
"exeter.ac.uk","commonly"," used by","  suicide"
"learningtechnologies.ac.uk","lives to be"," used by","  others  . This"
"businesseye.org.uk","will be"," used by","  developers  as"
"www-same.dur.ac.uk","may also be"," used by","  vehicles  , but"
"runnersworld.co.uk","to make data"," used by","  NHS  Direct"
"borkowski.co.uk","to make data"," used by","  NHS  Direct"
"edinphoto.org.uk","routes"," used by","  fish  such as"
"uce.ac.uk","are often"," used by","  smokers  who"
"cwn.org.uk","that have been"," used by",""
"socialexclusion.gov.uk",", and is widely"," used by","  researchers  ."
"poetrypf.co.uk","pattern"," used by","  mothers  ) and"
"varsity.co.uk","which could be"," used by","  tutors  ,"
"cityoflondon.police.uk","would be"," used by","  players  at"
"scifi.demon.co.uk","Talk is"," used by","  thousands  of"
"bluedome.co.uk","in the games"," used by","  mothers  to"
"bluedome.co.uk","features"," used by","  gelada"
"staffordshire.gov.uk","words often"," used by","  participants"
"emagictricks.co.uk","and may not be"," used by","  anyone  else to"
"opas.org.uk","strings"," used by","  humans  for"
"lpilsley.co.uk","often heavily"," used by","  walkers  , are"
"enemydown.co.uk","are sometimes"," used by","  botanists  ,"
"enemydown.co.uk","are sometimes"," used by","  botanists  ,"
"enemydown.co.uk","are sometimes"," used by","  botanists  ,"
"enemydown.co.uk","are sometimes"," used by","  botanists  ,"
"enemydown.co.uk","are sometimes"," used by","  botanists  ,"
"enemydown.co.uk","are sometimes"," used by","  botanists  ,"
"enemydown.co.uk","are sometimes"," used by","  botanists  ,"
"enemydown.co.uk","are sometimes"," used by","  botanists  ,"
"enemydown.co.uk","are sometimes"," used by","  botanists  ,"
"enemydown.co.uk","are sometimes"," used by","  botanists  ,"
"enemydown.co.uk","are sometimes"," used by","  botanists  ,"
"enemydown.co.uk","are sometimes"," used by","  botanists  ,"
"enemydown.co.uk","are sometimes"," used by","  botanists  ,"
"enemydown.co.uk","are sometimes"," used by","  botanists  ,"
"enemydown.co.uk","are sometimes"," used by","  botanists  ,"
"enemydown.co.uk","are sometimes"," used by","  botanists  ,"
"cityoflondon.police.uk","strategies"," used by","  pupils"
"downloads.zdnet.co.uk","are also"," used by","  spirit"
"advfilms.co.uk",", will often be"," used by","  browsers  when"
"reviews.zdnet.co.uk","is normally"," used by","  therapists  to"
"microscopy-uk.org.uk","to make data"," used by","  NHS  Direct"
"secure.bfi.org.uk","and is"," used by","  bodies  as"
"reviews.zdnet.co.uk","equipment"," used by","  teams  . They"
"bsacforum.co.uk","guidelines"," used by","  churches  when"
"blogigo.co.uk","are sometimes"," used by","  botanists  ,"
"blogigo.co.uk","are sometimes"," used by","  botanists  ,"
"blogigo.co.uk","are sometimes"," used by","  botanists  ,"
"blogigo.co.uk","are sometimes"," used by","  botanists  ,"
"blogigo.co.uk","are sometimes"," used by","  botanists  ,"
"blogigo.co.uk","are sometimes"," used by","  botanists  ,"
"blogigo.co.uk","are sometimes"," used by","  botanists  ,"
"blogigo.co.uk","are sometimes"," used by","  botanists  ,"
"blogigo.co.uk","are sometimes"," used by","  botanists  ,"
"blogigo.co.uk","are sometimes"," used by","  botanists  ,"
"blogigo.co.uk","are sometimes"," used by","  botanists  ,"
"blogigo.co.uk","are sometimes"," used by","  botanists  ,"
"blogigo.co.uk","are sometimes"," used by","  botanists  ,"
"blogigo.co.uk","are sometimes"," used by","  botanists  ,"
"blogigo.co.uk","are sometimes"," used by","  botanists  ,"
"blogigo.co.uk","are sometimes"," used by","  botanists  ,"
"blogigo.co.uk","are sometimes"," used by","  botanists  ,"
"blogigo.co.uk","are sometimes"," used by","  botanists  ,"
"blogigo.co.uk","are sometimes"," used by","  botanists  ,"
"blogigo.co.uk","are sometimes"," used by","  botanists  ,"
"blogigo.co.uk","are sometimes"," used by","  botanists  ,"
"blogigo.co.uk","are sometimes"," used by","  botanists  ,"
"blogigo.co.uk","are sometimes"," used by","  botanists  ,"
"blogigo.co.uk","are sometimes"," used by","  botanists  ,"
"secure.bfi.org.uk",", which can be"," used by","  customers  as a"
"aaps.ed.ac.uk","device"," used by","  knights"
