"corpus","ukwac"
"subcorpus","-"
"concordance size","27275"
"query","Query:[lc=""used"" | lemma_lc=""used""][lc=""by"" | lemma_lc=""by""];Positive filter (excluding KWIC):-1 -1 -1 [tag=""Nc.*""];GDEX:100 "
"cimhscaretrust.nhs.uk","wax  candles  ","used by"," nobles to seal"
"politicalcartoon.co.uk","a key  enzyme  ","used by"," the virus to"
"scottishweddingdirectory.co.uk","on  plants  ","used by"," the"
"apinfo.co.uk",", the  language  ","used by"," both. "" The"
"jfortune.radiomagic.co.uk","mailing  list  ","used by"," UCISA."
"onevision.co.uk",",  traditions  ","used by"," many"
"www-jcsu.jesus.cam.ac.uk","WWW  browsers  ","used by"," people who """
"clinicalanswers.nhs.uk",":  Strategies  ","used by"," 11-year-olds"
"applebymanor.co.uk","  company  ","used by"," Porsche for"
"clinicalanswers.nhs.uk",":  Strategies  ","used by"," 11-year-olds"
"woodforde.co.uk","? Common  terms  ","used by"," translation"
"psnc.org.uk","a year.  Horses  ","used by"," market"
"chippendale.co.uk","on the  model  ","used by"," HM Treasury."
"greywall.demon.co.uk","from a  glass  ","used by"," an infected"
"countywedding.co.uk","the  material  ","used by"," Greys. I will"
"wellchild.org.uk","figure of 50  %  ","used by"," the developer"
"compbio.dundee.ac.uk","  vehicle  ","used by"," the Service to"
"optimumimpact.co.uk","the key  fuels  ","used by"," the cells of"
"accountability.org.uk",". The  cookies  ","used by"," painSupport"
"phrases.org.uk","the  language  ","used by"," existential"
"hrionline.ac.uk","  process  ","used by"," the"
"philobiblon.co.uk","to the  style  ","used by"," teachers"
"gssw.ac.uk","  strategies  ","used by"," lions. Read"
"jdhooker.org.uk","of  sources  ","used by"," Hirst are"
"arts.guardian.co.uk","  procedure  ","used by"," the Military"
"marine.gov.uk","  relaxation  ","used by"," many"
"graysathletic.co.uk","  name  ","used by"," the local"
"congressfordemocracy.org.uk","a key  resource  ","used by"," a wide number"
"thealbany.org.uk","nerve  gas  ","used by"," U. S. forces in"
"unionsquaremusic.co.uk","  studio  ","used by"," the major"
"fdean.gov.uk","  knots  ","used by"," anglers,"
"visitsouthwest.co.uk","up all  space  ","used by"," any file"
"pumasoft.co.uk",", in the  form  ","used by"," the"
"youngminds.org.uk","  vocabulary  ","used by"," clergymen"
"blackheathrugby.co.uk","  definition  ","used by"," the"
"monkoptics.co.uk","  certificate  ","used by"," Skype to sign"
"monkoptics.co.uk","  certificate  ","used by"," Skype to sign"
"epoxy-resins.co.uk","alkali  levels  ","used by"," concrete"
"scalibor.co.uk","is a  component  ","used by"," the debugger"
"eternalnight.co.uk","  tests  ","used by"," the Northern"
"tps.org.uk","of unique  IDs  ","used by"," the core OS as"
"bordercrossings.org.uk","  mechanisms  ","used by"," students to"
"lums.lancs.ac.uk","  thresholds  ","used by"," the ISC in"
"greenbuildingstore.co.uk","and the  model  ","used by"," C# and Java to"
"tps.org.uk","with an  ID  ","used by"," one of your"
"palimpsest.org.uk","the  systems  ","used by"," them to cope"
"uec.ac.uk","  articles  ","used by"," Red Hat ''s"
"raggedraven.co.uk","- it  hasbeen  ","used by"," food"
"shaneglobal.co.uk","  facility  ","used by"," the Council is"
"nimh.org.uk","  munitions  ","used by"," the allied"
"cnetwork.co.uk","the  Breviary  ","used by"," the clergy,"
"philobiblon.co.uk","of  skills  ","used by"," the higher"
"robertmoir.co.uk","  information  ","used by"," us to manage"
"freenetpages.co.uk","major  docks  ","used by"," the British"
"artlab.org.uk","  criteria  ","used by"," employers to"
"virgintrains.co.uk","  catchment  ","used by"," migratory and"
"busybeebasics.co.uk","the  standard  ","used by"," both the U. S."
"natwest.co.uk","safety  glass  ","used by"," transport and"
"assetprotections.co.uk","  scheme  ","used by"," the"
"biomed.abdn.ac.uk",", the  force  ","used by"," the ruling"
"geologywales.co.uk"," ","used by"," repr(). This"
"propertypro.co.uk","  thinking  ","used by"," tens of"
"sandstonevolunteers.nildram.co.uk","was the  method  ","used by"," the Germans"
"cheers-wine-merchants.co.uk","other  symbols  ","used by"," the League to"
"observer.guardian.co.uk","  energy  ","used by"," motor cars, we"
"baronage.co.uk","  resource  ","used by"," a variety of"
"baronage.co.uk","  resource  ","used by"," a variety of"
"compbio.dundee.ac.uk","  operations  ","used by"," military"
"accountability.org.uk",". The  cookies  ","used by"," Exec2Exec"
"foe.co.uk","an  expression  ","used by"," either which"
"horseracingbets.co.uk","of  propaganda  ","used by"," architects to"
"cs.bris.ac.uk","base  systems  ","used by"," tools like"
"wpbschoolhouse.btinternet.co.uk","  conventions  ","used by"," the software,"
"thekeyboard.org.uk","  agreements  ","used by"," the US"
"mandrake.demon.co.uk","of  objects  ","used by"," the"
"direct.gov.uk","  comparison  ","used by"," samefile()"
"fantasyfactory.co.uk","of  objects  ","used by"," the"
"arts.guardian.co.uk","  software  ","used by"," the Military"
"passiondiscs.co.uk","the  position  ","used by"," S08 for a"
"soundbeam.co.uk","  model  ","used by"," IL: "" The"
"wellchild.org.uk","  comparator  ","used by"," the Council,"
"ltscotland.org.uk","  thrust  ","used by"," aircraft to"
"churchhouseconf.co.uk","  articles  ","used by"," UK health"
"medievalfreeco.org.uk","  words  ","used by"," IAS... "" lack"
"scips.worc.ac.uk","all  providers  ","used by"," the purchaser"
"mountaineering-scotland.org.uk","that the  mark  ","used by"," someone else"
"cs.bris.ac.uk","  systems  ","used by"," tools such as"
"medievalfreeco.org.uk","  material  ","used by"," the Home"
"essex.police.uk","of  power  ","used by"," 500 homes or to"
"wolseyartgallery.org.uk","of the  reasons  ","used by"," the registrar"
"traveleditions.co.uk","-- the  camera  ","used by"," NASA that"
"bsactravelclub.co.uk","  denomination  ","used by"," Sardinia"
"christis.org.uk","  device  ","used by"," authors to add"
"freenetpages.co.uk","the  technique  ","used by"," the men to"
"obv.org.uk","data  files  ","used by"," the CSCI and"
"artlab.org.uk","  items  ","used by"," Jean Baptiste"
"journalism.cf.ac.uk","  items  ","used by"," Jean Baptiste"
"independentliving.co.uk","  guidance  ","used by"," staff in"
"martialedge.co.uk",", the case  map  ","used by"," \l, \L, \u and"
"sherlock-holmes.classic-literature.co.uk","and  phrases  ","used by"," English"
"southwestrda.org.uk","of  hounds  ","used by"," the Mink Hound"
"exposure.co.uk","on an  office  ","used by"," forces loyal"
"exposure.co.uk","  building  ","used by"," Hamas was the"
"mara.org.uk","send  buffer  ","used by"," each TCP"
"mara.org.uk","send  buffer  ","used by"," each TCP"
"cantrell.org.uk","  techniques  ","used by"," Civil War"
"scalibor.co.uk","  guidelines  ","used by"," various parts"
"britishhighcommission.gov.uk","for  metaphor  ","used by"," linguist"
"clwww.essex.ac.uk","was no  doubt  ","used by"," Masons as it"
"walterscott.lib.ed.ac.uk","  guidance  ","used by"," officials in"
"rob.annable.co.uk"," ","used by"," health"
"christie.man.ac.uk","credit  system  ","used by"," Sussex (and"
"naldic.org.uk","only the  words  ","used by"," different"
"congressfordemocracy.org.uk",". ) The  model  ","used by"," Endeavour and"
"skyscript.co.uk","travel  times  ","used by"," local"
"saints-alive.co.uk","  guidelines  ","used by"," public"
"saints-alive.co.uk","  materials  ","used by"," it. (Items (i)"
"saints-alive.co.uk","  materials  ","used by"," it which"
"roymech.co.uk","copy the  style  ","used by"," Morricone in"
"bplans.co.uk","the  phrase  ","used by"," the Pro Grand"
"the-philosopher.co.uk","! ) "" The  bows  ","used by"," them are not"
"bexley.gov.uk","  directives  ","used by"," the compiler"
"bexley.gov.uk","CPU  time  ","used by"," the program"
"research.nottingham.ac.uk","travel  times  ","used by"," local"
"orcadian.co.uk","only  energy  ","used by"," Ground Source"
"cilip.org.uk",". Taxed  Carts  ","used by"," persons"
"met.rdg.ac.uk","  language  ","used by"," WWW Free"
"skyscript.co.uk","customs  agent  ","used by"," Gold Crown"
"kno.org.uk","  variable  ","used by"," PerlIO. A"
"cheltenham.gov.uk",", the  methods  ","used by"," Mark Hurst to"
"busybeebasics.co.uk","  format  ","used by"," most digital"
"teachingenglish.org.uk","other  space  ","used by"," the user(s) of"
"lccc.co.uk","the  data  ","used by"," a 1997"
"lccc.co.uk","the  data  ","used by"," the"
"mrl.nott.ac.uk","'' a  metaphor  ","used by"," a client, what"
"kent.gov.uk","in the  method  ","used by"," the Council to"
"britishdruidorder.co.uk","  strategies  ","used by"," teachers ("
"ukstt.org.uk","on all  capital  ","used by"," the NHS, 2 and"
"newenglishartclub.co.uk","  character  ","used by"," the"
"clandonald.org.uk","  strategies  ","used by"," clinics that"
"lums.lancs.ac.uk","  strategies  ","used by"," lions. Skip"
"abarnett.demon.co.uk","  statistics  ","used by"," the experts."
"liberty-human-rights.org.uk","the  tricks  ","used by"," all pathogens"
"saa.co.uk","the  languages  ","used by"," translators,"
"iankitching.me.uk","of  habitat  ","used by"," wintering"
"ibsecretarialservices.co.uk","the  methods  ","used by"," those"
"bowness.demon.co.uk","  categories  ","used by"," Marx, Engels,"
"medievalfreeco.org.uk","  strategy  ","used by"," HSE and Local"
"reedtraining.co.uk","  envelope  ","used by"," the transport"
"royalpioneercorps.co.uk","name of the  gas  ","used by"," the Nazi"
"rapnews.co.uk","  denomination  ","used by"," Papal States"
"key-arts.co.uk","and  models  ","used by"," the teacher."
"key-arts.co.uk","  styles  ","used by"," the"
"laptopsdirect.co.uk","  premises  ","used by"," two or more sex"
"flyinghaggis.co.uk","  everything  ","used by"," America in"
"members.freezone.co.uk","  process  ","used by"," an expert to"
"greatplacetowork.co.uk","  places  ","used by"," them ''convey a"
"contours.co.uk","the  canvases  ","used by"," lichen and"
"bornfree.org.uk","the  argument  ","used by",""
"lewisham.nhs.uk","the  process  ","used by"," the"
"tclt.org.uk","registry  keys  ","used by"," Python."
"bavington.nildram.co.uk","  processes  ","used by"," its suppliers"
"railscot.co.uk","down a  church  ","used by"," Tongans and"
"whitedragon.org.uk","The  technique  ","used by"," the support"
"andsoitbegins.co.uk","), a  company  ","used by"," others and"
"fashionunited.co.uk","  packs  ","used by"," the Fox"
"strathclyde.police.uk","of  English  ","used by"," speakers of"
"neilwhite.org.uk","of  storage  ","used by"," a dynamic"
"neilwhite.org.uk","  requirements  ","used by"," derived data"
"neilwhite.org.uk","the  section  ","used by"," gamma"
"hazlewood-castle.co.uk"," ","used by"," gelfand:"
"swwater.co.uk","  examples  ","used by"," pros and"
"wales-consumer.org.uk","  methodology  ","used by"," the surveys"
"police.homeoffice.gov.uk","coat of  arms  ","used by"," the Premier"
"newcollegechoir.co.uk","and  energy  ","used by"," the system to"
"cyclingtimetrials.org.uk","  techniques  ","used by"," the artist. ''"
"building-history.pwp.blueyonder.co.uk",", a  term  ","used by"," reforming"
"ess.uwe.ac.uk","  expressions  ","used by"," doctors and"
"ess.uwe.ac.uk",".  Metaphors  ","used by"," patients and"
"ess.uwe.ac.uk","  expressions  ","used by"," general"
"clieuk.co.uk","  tools  ","used by"," reps to assist"
"casi.org.uk","rate  criteria  ","used by"," them,"
"bl.uk","time  model  ","used by"," the ISC on a"
"overclock.co.uk","  company  ","used by"," Porsche for"
"overclock.co.uk","  company  ","used by"," Porsche for"
"overclock.co.uk","  company  ","used by"," Porsche for"
"bl.uk","  camouflage  ","used by"," the Allied"
"boardsonline.co.uk","of  joker  ","used by"," other teams"
"fitz.cam.ac.uk","  monsters  ","used by"," the likes of"
"network-box.co.uk","all  terrorism  ","used by"," peoples in"
"careers-scotland.org.uk",". Most  items  ","used by"," people"
"karibuni.co.uk","  guidelines  ","used by"," it for the"
"whisperingspirits.co.uk","  language  ","used by"," the therapist"
"lang.soton.ac.uk","the  criteria  ","used by"," accreditors"
"src.le.ac.uk","  weapons  ","used by"," the US and UK."
"news.cheapflights.co.uk","a  technology  ","used by"," the US to raze"
"qcanet.co.uk","  material  ","used by"," the group is"
"leighday.co.uk","the  program  ","used by"," web designers"
"625.org.uk","  applications  ","used by"," their"
"thenewspaper.org.uk","on a  design  ","used by"," Rolf Wahl in"
"armyoneverest.mod.uk","of web  servers  ","used by"," UK"
"armyoneverest.mod.uk","The  database  ","used by"," the Netcraft"
"cs.nott.ac.uk","  service  ","used by"," individuals,"
"mysouthbank.co.uk","  strategies  ","used by"," the farmers"
"britishhighcommission.gov.uk","  facts  ","used by"," employer."
"mandarina.co.uk","study  design  ","used by"," the authors is"
"blog.natbat.co.uk","  syllables  ","used by"," the"
"wildfowling.co.uk","  codes  ","used by"," more advanced"
"teachers.org.uk","  attributes  ","used by"," the common"
"elsham.pwp.blueyonder.co.uk","of  calories  ","used by"," the body when"
"tl2000inquiry.org.uk","  containers  ","used by"," the children"
"huddersfield1.co.uk","  variables  ","used by"," the DBI or DBD"
"huddersfield1.co.uk","of  digits  ","used by"," the data type ("
"ypressalient.co.uk","  argument  ","used by"," supporters of"
"trichotillomania.co.uk","the  tactics  ","used by"," the refined"
"sfx.co.uk","  schemes  ","used by"," Information"
"digitalradiotech.co.uk","  language  ","used by"," Alastair"
"itcclassics.co.uk","  name  ","used by"," many people"
"youngresources.co.uk","the sea  routes  ","used by"," Shackleton at"
"durhamwriters.org.uk","  language  ","used by"," Mr Gladstone,"
"woodlands-junior.kent.sch.uk",". The  methods  ","used by"," the ruling"
"lewisham.gov.uk",". 80 % of  energy  ","used by"," the domestic"
"artangel.co.uk","  instrument  ","used by"," banks and"
"jamescowper.co.uk","same  feeling  ","used by"," later writers"
"gmgplc.co.uk","a SW  route  ","used by"," other birds."
"gmgplc.co.uk","usual  perches  ","used by"," the"
"liverpool.freeexchange.co.uk","  number  ","used by"," us and our"
"exposure.co.uk","? Common  terms  ","used by"," translation"
"exposure.co.uk","common  terms  ","used by"," translation"
"exposure.co.uk","  dictionary  ","used by"," translators"
"amynelson.co.uk","the  materials  ","used by"," the RNLI in"
"history.kessler-web.co.uk","  technologies  ","used by"," WaterAid in"
"teesvalleyfinance.co.uk","Internet  site  ","used by"," more than one"
"lums.lancs.ac.uk","are  loops  ","used by"," freight"
"fphm.org.uk","  hovercraft  ","used by"," all"
"top50freebies.co.uk","  expressions  ","used by"," all Unix"
"redking.co.uk","  methodology  ","used by"," Dr McCarthy in"
"exporteastofengland.org.uk","  rules  ","used by"," staff; or in"
"touchtbl.co.uk","  terminology  ","used by"," the then prime"
"word-on-the-web.co.uk","  interviews  ","used by"," Human Rights"
"ggr-associates.co.uk","large  ones  ","used by"," the Navy. 8-65"
"medical-solutions.co.uk",", were  means  ","used by"," the"
"activityvillage.co.uk","attack  tools  ","used by"," crackers from"
"persephonebooks.co.uk","  programming  ","used by"," various bits"
"horniman.ac.uk","in  buildings  ","used by"," Cluster flies"
"upofloor.co.uk","Lodge  room  ","used by"," Glamis Lodge"
"richard.clark32.btinternet.co.uk","is a  strategy  ","used by"," athletes to"
"artifact.ac.uk","of the  words  ","used by"," the pundits to"
"propertypro.co.uk","  mechanisms  ","used by"," certain"
"diamondhunt.co.uk"," ","used by"," emergency"
"diamondhunt.co.uk"," ","used by"," government"
"knowledgestorm.co.uk","  techniques  ","used by"," pitiless"
"millcroftvets.co.uk","  interviews  ","used by"," Human Rights"
"rhul.ac.uk","  frequencies  ","used by"," the US Secret"
"trinitycollege.co.uk","the  technique  ","used by"," the ISC at"
"churchill-society-london.org.uk","  services  ","used by"," teachers"
"bma.org.uk","  measures  ","used by"," these other"
"oudancesport.co.uk","  language  ","used by"," these Users ''"
"stopurban4x4s.org.uk","the  locations  ","used by"," the LRDG (Long"
"xibalba.demon.co.uk","word or  phrase  ","used by"," a client has a"
"the-shipman-inquiry.org.uk","most  jars  ","used by"," households"
"renux.dmed.ed.ac.uk","  solutions  ","used by"," Loop"
"occhealth.co.uk","only  labels  ","used by"," the"
"psigate.ac.uk","the  interface  ","used by"," hermes. To"
"spiked-online.co.uk","). The  storage  ","used by"," an"
"spiked-online.co.uk","the  storage  ","used by"," a particular"
"hsrc.ac.uk",":  LANGUAGES  ","USED BY"," STAFF IN EU"
"omlet.co.uk","  instances  ","used by"," one or more"
"fashion.arts.ac.uk","of the  hotels  ","used by"," Defence"
"alexanderharris.co.uk","from a  glass  ","used by"," an infected"
"woodlandsfarm.co.uk","The  roots  ","used by"," the Egytians"
"observer.guardian.co.uk","of  arguments  ","used by"," those who put"
"physiol.ox.ac.uk","telephone  set  ","used by"," an agent in a"
"ff1600.co.uk"," ","used by"," Smith and"
"news.bbc.co.uk","the  aircraft  ","used by"," Canadians or"
"sitcom.co.uk","  reservoirs  ","used by"," bird S06"
"phrases.org.uk","  procedures  ","used by"," employers"
"stalbans.gov.uk","on the  model  ","used by"," HM Treasury"
"kierenmccarthy.co.uk","the  route  ","used by"," Simon van der"
"hacan.org.uk","with the  ports  ","used by"," masquerading"
"hm-treasury.gov.uk","  variables  ","used by"," the function ("
"hm-treasury.gov.uk","the  literals  ","used by"," the bytecode;"
"hm-treasury.gov.uk","the  names  ","used by"," the bytecode;"
"excite.co.uk","and  coercion  ","used by",""
"brookes.ac.uk","to  formats  ","used by"," existing ISC"
"brookes.ac.uk","in the  files  ","used by"," the old"
"cnetwork.co.uk","  pathogens  ","used by"," Iraq for its"
"sanger.ac.uk"," ","used by",""
"lentontimes.co.uk","  company  ","used by"," Porsche for"
"thisistravel.co.uk","  studies  ","used by"," helmet"
"futurelab.org.uk","of new  methods  ","used by"," the IAEA which"
"nwda.co.uk"," ","used by"," the ISC. The JB"
"bbk.ac.uk","  systems  ","used by"," all, others"
"phrases.org.uk","  platforms  ","used by"," railway staff"
"city.ac.uk","closing  tags  ","used by"," authors to"
"tyndale.cam.ac.uk","  preferences  ","used by"," the other"
"tyndale.cam.ac.uk","powerful  drug  ","used by"," mankind "" An"
"cnetwork.co.uk","  strategies  ","used by"," pupils who"
"cnetwork.co.uk","is a  process  ","used by"," teacher in"
"number-10.gov.uk","  approaches  ","used by"," natural"
"bmwsquad.co.uk","BAC  resources  ","used by"," the group were"
"cain.ulst.ac.uk","  strategies  ","used by"," lesbian"
"iwar.org.uk","  arrangements  ","used by"," small"
"spamfo.co.uk","  standard  ","used by"," the United"
"eprints.gla.ac.uk","Wizard  Money  ","used by"," the pupils at"
"futuremovies.co.uk","the same  tone  ","used by"," an elderly"
"sfc.ac.uk","  approach  ","used by"," the PSI. The"
"kwintessential.co.uk","  definitions  ","used by"," the modules(X"
"kwintessential.co.uk","and  buffers  ","used by"," the kernel. It"
"projects.ex.ac.uk","the  approach  ","used by"," graduate"
"eng.warwick.ac.uk","to the  styles  ","used by"," other"
"york.ac.uk","large  doses  ","used by"," athletes."
"icteesside.icnetwork.co.uk","at the  options  ","used by"," the"
"casi.org.uk","  techniques  ","used by"," the different"
"phgu.org.uk","71 EAT, the  JES  ","used by"," the employers"
"futurelab.org.uk","  principles  ","used by"," Thomas"
"thisistravel.co.uk","set of  options  ","used by"," an invocation"
"cf.ac.uk","  systems  ","used by"," Israel in air"
"blogs.guardian.co.uk","the  procedure  ","used by"," the DENI to"
"pocket-lint.co.uk","  strategies  ","used by"," teachers and"
"pocket-lint.co.uk","  strategies  ","used by"," teachers"
"pocket-lint.co.uk","  strategies  ","used by"," teachers"
"pocket-lint.co.uk","  strategies  ","used by"," pupils are"
"pocket-lint.co.uk","  strategies  ","used by"," pupils Pupil"
"pocket-lint.co.uk","  strategies  ","used by"," pupils Pupil"
"pocket-lint.co.uk","  strategies  ","used by"," this sample of"
"personalfinance.iii.co.uk","  procedures  ","used by"," the areas of"
"admin.cam.ac.uk","of the  tactics  ","used by"," the British"
"visitsouthwest.co.uk",", the  device  ","used by"," the EqPA to"
"nationalschool.gov.uk","'' The  term  ","used by"," Republicans"
"nationalschool.gov.uk","a  covername  ","used by"," the Irish"
"nationalschool.gov.uk","be a  covername  ","used by"," some members"
"nationalschool.gov.uk","'' is the  term  ","used by"," Nationalists"
"nationalschool.gov.uk","  slogan  ","used by"," the Unionist/"
"nationalschool.gov.uk","'' A  term  ","used by"," Unionists and"
"nationalschool.gov.uk","'' This is a  term  ","used by"," Nationalists"
"nationalschool.gov.uk","Ireland A  term  ","used by"," some"
"nationalschool.gov.uk","is a  euphemism  ","used by"," people in"
"nationalschool.gov.uk","of the  terms  ","used by"," some"
"nationalschool.gov.uk",". A  covername  ","used by"," the Ulster"
"nationalschool.gov.uk","Veto ''  Term  ","used by"," Nationalists"
"nationalschool.gov.uk","  term  ","used by"," Nationalists"
"nationalschool.gov.uk","was the  title  ","used by"," the youth wing"
"nationalschool.gov.uk","- the  terms  ","used by"," the original"
"cpgb.org.uk","for the  routes  ","used by"," S01, S09 and"
"acegamez.co.uk",". The  rhetoric  ","used by"," Cummins and"
"city.ac.uk","the  constants  ","used by"," C programs."
"english-heritage.org.uk","  guidance  ","used by"," officials in"
"thisistravel.co.uk","the  means  ","used by"," the working"
"wdm.org.uk","  fighting  ","used by",""
"bubl.ac.uk","another  term  ","used by"," the travel"
"painsupport.co.uk","  workstations  ","used by"," first and"
"wdm.org.uk","exact  wording  ","used by"," the parties. A"
"cain.ulst.ac.uk","on the  table  ","used by"," the survey"
"socialistunitynetwork.co.uk","the  methods  ","used by"," the French in"
"socialistunitynetwork.co.uk","of the  methods  ","used by"," Mathieu ''s men"
"kingston.gov.uk","on the  badges  ","used by"," the two sides,"
"bnp.org.uk","The  system  ","used by"," trade marks"
"thegoodwebguide.co.uk","  mechanisms  ","used by"," the parasite"
"burnyourbonus.co.uk","  string  ","used by"," the OS to refer"
"burnyourbonus.co.uk","  string  ","used by"," the OS to refer"
"burnyourbonus.co.uk","The  character  ","used by"," the OS to"
"burnyourbonus.co.uk","  character  ","used by"," the OS to"
"burnyourbonus.co.uk","search  path  ","used by"," exec*p*() if"
"starlink.rl.ac.uk","  guidance  ","used by"," staff in"
"dumgal.gov.uk","  directory  ","used by"," the upstream"
"classic-literature.co.uk","  system  ","used by"," many open"
"chm.org.uk","to the  maps  ","used by"," most walkers."
"cf.ac.uk",":  Strategies  ","used by"," 11-year-olds"
"cf.ac.uk",":  Strategies  ","used by"," 11-year-olds"
"arts.guardian.co.uk","  settings  ","used by"," the secondary"
"casi.org.uk","  terminology  ","used by"," projects. And"
"spartacus.schoolnet.co.uk","many  weapons  ","used by"," Cyota to help"
"transglobal-aerospace.co.uk","of the  words  ","used by"," the pundits to"
"developments.org.uk","  thinking  ","used by"," tens of"
"hmrc.gov.uk","  methods  ","used by"," each faculty"
"acegamez.co.uk","long  sidings  ","used by"," track"
"burnyourbonus.co.uk","an  expression  ","used by"," the emperor"
"forum.anothersite.co.uk","of  building  ","used by"," council"
"forum.anothersite.co.uk","council  depot  ","used by"," refuse"
"chester.ac.uk","a trade  route  ","used by"," locals dates"
"transglobal-aerospace.co.uk","  guidance  ","used by"," officials in"
"orangeprize.co.uk","of the  kind  ","used by"," Professor"
"casi.org.uk","the  version  ","used by"," Windows NT4."
"www-jcsu.jesus.cam.ac.uk","  repository  ","used by"," a community of"
"hm-treasury.gov.uk","Travel  agents  ","used by"," NIO for"
"clieuk.co.uk",", it is no  doubt  ","used by"," some whose"
"rcpbml.org.uk","  connection  ","used by"," many external"
"eduserv.org.uk","upon the  terms  ","used by"," both parties."
"classic-literature.co.uk","was the  term  ","used by"," Scientology"
"lse.ac.uk","  displays  ","used by"," pilots to lock"
"number-10.gov.uk","out  documents  ","used by"," the"
"centrica.co.uk","display  axis  ","used by"," the"
"ff1600.co.uk","  photographs  ","used by"," people on"
"classic-literature.co.uk","of the  economy  ","used by"," the Treasury"
"guardian.co.uk","a dirty  word  ","used by"," those with"
"shef.ac.uk","  traits  ","used by"," Härke are"
"ucisa.ac.uk","  sampling  ","used by"," each store and"
"ioe.ac.uk","the  technique  ","used by"," the ISC at"
"rvc.ac.uk","of the  words  ","used by"," the pundits to"
"untoldlondon.org.uk","other  sources  ","used by"," the authors of"
"dca.gov.uk","  pathway  ","used by"," strain and"
"hm-treasury.gov.uk","common  method  ","used by"," fraudsters."
"nationalschool.gov.uk","  cartridges  ","used by"," most shooting"
"rhs.org.uk","  software  ","used by"," visually"
"headheritage.co.uk","a working  name  ","used by"," a few SF types"
"irr.org.uk","  method  ","used by"," many these"
"news.cnet.co.uk","  terminology  ","used by"," the then prime"
"patp3.webbler.co.uk","of  Product  ","used by"," me. I will"
"bubl.ac.uk","of the  words  ","used by"," the pundits to"
"manchesteronline.co.uk","  trick  ","used by"," illegal"
"foe.co.uk","  applications  ","used by"," the majority"
"jr2.ox.ac.uk","and  methods  ","used by"," PGC to monitor"
"brookes.ac.uk","  artifacts  ","used by"," the"
"qub.ac.uk","and the  ground  ","used by"," the girls as a"
"number-10.gov.uk","email  lists  ","used by"," societies etc"
"cheng.cam.ac.uk","the  argument  ","used by"," the Select"
"foe.co.uk","on any  highway  ","used by"," vehicular"
"futurelab.org.uk",":  Strategies  ","used by"," 11-year-olds"
"futurelab.org.uk",":  Strategies  ","used by"," 11-year-olds"
"foe.co.uk","  modes  ","used by"," 1379 ''Group A ''"
"foe.co.uk","2:  Strategies  ","used by"," deaf children"
"jncc.gov.uk","  steroids  ","used by"," athletes. How"
"socialistunitynetwork.co.uk","into the  hole  ","used by"," the fox and"
"psigate.ac.uk","  solidaire  ","used by"," the"
"phgu.org.uk","  guidelines  ","used by"," public"
"phgu.org.uk",") any  guidance  ","used by"," the authority"
"spartacus.schoolnet.co.uk","  methodology  ","used by"," the surveys"
"personalfinance.iii.co.uk","of  drugs  ","used by"," prisoners and"
"railscot.co.uk","  guidelines  ","used by"," public"
"railscot.co.uk",") any  guidance  ","used by"," the authority"
"bbc.co.uk",", the case  map  ","used by"," \ l, \ L, \"
"futuremovies.co.uk","  method  ","used by"," ACORD is that"
"cpgb.org.uk","of  glass  ","used by"," Paxton for the"
"gnn.gov.uk","Baghdad  house  ","used by"," Saddam"
"gnn.gov.uk","  suburbs  ","used by"," Qusay, who is"
"gnn.gov.uk","  phone  ","used by"," al-Qaeda in"
"bfi.org.uk:8080","and  complexes  ","used by"," regime"
"neptunepinkfloyd.co.uk","  mechanisms  ","used by"," the infected"
"refer.nhs.uk","a flash  camera  ","used by"," Khan ''s"
"dca.gov.uk","  techniques  ","used by"," the DWP to"
"acegamez.co.uk",", the  criteria  ","used by"," both"
"bubl.ac.uk","is a  weapon  ","used by"," the wreckers."
"burnyourbonus.co.uk","  methodology  ","used by"," the surveys"
"nmm.ac.uk","  invective  ","used by"," a character"
"wdm.org.uk","  reservoirs  ","used by"," the adult"
"bized.ac.uk",". Test  Events  ","used by"," Global Test of"
"ciao.co.uk","  tolerances  ","used by"," off-line test"
"projects.ex.ac.uk"," ","used by"," people with MS"
"brookes.ac.uk","the  systems  ","used by"," the"
"socialistunitynetwork.co.uk","of  planes  ","used by"," Germany from"
"users.ox.ac.uk","as  strategies  ","used by"," teachers in"
"defra.gov.uk","  criteria  ","used by"," employers to"
"computerarts.co.uk","  systems  ","used by"," the"
"patent.gov.uk","  unit  ","used by"," the army. It"
"cabe.org.uk","of  empire  ","used by"," France and"
"manchestereveningnews.co.uk","  directives  ","used by"," the compiler"
"kingston.gov.uk"," ","used by"," al-Qaeda. I"
"chat.dailymail.co.uk","germ  warfare  ","used by"," the US forces?"
"richmond.gov.uk","the  mile  ","used by"," John Ogilby, a"
"videoforums.co.uk","''s a  restraint  ","used by"," Pankeeran"
"politics.guardian.co.uk"," ","used by"," the liberal"
"cpgb.org.uk",".  Techniques  ","Used by"," Farming"
"cpgb.org.uk","  methods  ","used by"," various"
"burnyourbonus.co.uk","  denomination  ","used by"," Parma include"
"sundaymail.co.uk","type of  socket  ","used by"," the server;"
"tandf.co.uk","  mechanisms  ","used by"," a grassroots"
"manchesteronline.co.uk","escape  routes  ","used by"," slaves, and"
"newswales.co.uk",") The  methods  ","used by"," the GESTAPO"
"newswales.co.uk","Other  methods  ","used by"," the GESTAPO"
"eduserv.org.uk","  solution  ","used by"," web site"
"cgi.ebay.co.uk","  variables  ","used by"," the"
"wessexscene.co.uk","­ the same  word  ","used by"," President"
"kwintessential.co.uk",".  Constants  ","used by"," the library"
"big-brother.me.uk","was a  term  ","used by"," early English"
"pparc.ac.uk","  arguments  ","used by"," the animal"
"pparc.ac.uk","  harassment  ","used by"," animal rights"
"overclock.co.uk","  assessments  ","used by"," all future"
"gfdl.marxists.org.uk","of  objects  ","used by"," the"
"lse.ac.uk","  information  ","used by"," the printf()"
"bandsman.co.uk","  strategies  ","used by"," financial"
"eduserv.org.uk","  terms  ","used by"," the"
"netlawman.co.uk","is a  phrase  ","used by"," politicians"
"burnyourbonus.co.uk","way, cut  water  ","used by"," two-thirds."
"opsi.gov.uk","the same  ones  ","used by"," Gladstone and"
"lse.ac.uk","another  tool  ","used by"," both"
"bjhc.co.uk","same  tactic  ","used by"," the U. S."
"kwintessential.co.uk","  warfare  ","used by",""
"jncc.gov.uk","of  plants  ","used by"," indigenous"
"wateraid.org.uk","]  card  ","used by"," Nelson to"
"developments.org.uk","  system  ","used by"," the Tariff"
"wessexscene.co.uk","  systems  ","used by"," the OS and UTM"
"foe.co.uk","that the  data  ","used by"," public"
"birdtours.co.uk","and  rights  ","used by"," defence"
"chester.ac.uk","  airspace  ","used by"," the host"
"chester.ac.uk","  airspace  ","used by"," US military"
"eng.warwick.ac.uk","search  terms  ","used by"," users, to"
"kierenmccarthy.co.uk","and  materials  ","used by"," the learners,"
"nationalschool.gov.uk","the same  path  ","used by"," the young boys"
"bized.ac.uk","and  practices  ","used by",""
"clieuk.co.uk","  material  ","used by"," CSN members"
"eng.warwick.ac.uk","  calendar  ","used by"," the Mayans. It"
"bized.ac.uk","  arrangements  ","used by"," the Probation"
"paulflynnmp.co.uk","the next  route  ","used by"," traffic"
"soulwalking.co.uk","on the  stack  ","used by"," the program"
"tate.org.uk",", any  area  ","used by"," the"
"paulflynnmp.co.uk",",  items  ","used by"," Bonnie Prince"
"paulflynnmp.co.uk","Age  axeheads  ","used by"," Skye ''s"
"paulflynnmp.co.uk","  terms  ","used by"," the British"
"paulflynnmp.co.uk","  terms  ","used by"," the British"
"irr.org.uk","of  punishment  ","used by"," whites"
"arts.guardian.co.uk","  medicine  ","used by"," millions for"
"thisistravel.co.uk","  indicators  ","used by"," the company to"
"nottingham.ac.uk","this  phrase  ","used by"," observers"
"thestage.co.uk","''  verdict  ","used by"," the legal"
"thestage.co.uk","  test  ","used by"," courts to"
"headheritage.co.uk","is the  process  ","used by"," Government"
"rhs.org.uk","size  limits  ","used by"," repr() and the"
"computerarts.co.uk","  route  ","used by"," shepherds. """
"headheritage.co.uk","  routines  ","used by"," res_query()."
"vts.rdn.ac.uk","  wording  ","used by"," and between"
"nationalschool.gov.uk","the  resources  ","used by"," Passmores"
"patent.gov.uk","from a  phrase  ","used by"," one of the"
"sitcom.co.uk","86.  Methods  ","used by"," community"
"dailymail.co.uk","the  money  ","used by"," the U. S."
"news.bbc.co.uk","  mechanisms  ","used by"," search"
"jncc.gov.uk","the  interface  ","used by"," local support"
"qub.ac.uk","seen  rifles  ","used by"," a gunpack in"
"cabe.org.uk","the  routes  ","used by"," saboteurs are"
"ariadne.ac.uk","of  suicide  ","used by"," male farmers"
"i-sis.org.uk","the  services  ","used by"," Windows XP and"
"british-history.ac.uk","global  medium  ","used by"," hundreds of"
"conted.ox.ac.uk",".  Information  ","used by"," the Treasury"
"futuremovies.co.uk","is a  framework  ","used by"," all"
"news.zdnet.co.uk","  methods  ","used by"," mapmakers to"
"news.zdnet.co.uk","and  practices  ","used by",""
"riversidestudios.co.uk","  skills  ","used by"," managers"
"hants.gov.uk","  poverty  ","used by"," the"
"projects.ex.ac.uk","capture  tools  ","used by"," the recording"
"abeceder.co.uk","float  fishing  ","used by"," lesser"
"patp3.webbler.co.uk","  trusts  ","used by"," borough"
"gimbo.org.uk","so the  texts  ","used by"," the"
"eatwell.gov.uk","the  arguments  ","used by"," the mass of"
"kingston.gov.uk","in UK?  Sonars  ","used by"," the British"
"teentoday.co.uk","of  computers  ","used by"," large"
"history.ac.uk","  strategies  ","used by"," competitors"
"futurelab.org.uk","and  methods  ","used by"," local"
"futurelab.org.uk","and  methods  ","used by"," local"
"number-10.gov.uk","an  instrument  ","used by"," minstrels and"
"number-10.gov.uk","was a  pipe  ","used by"," the military,"
"irr.org.uk","Nicking  motto  ","used by"," Doyle Brunson"
"jncc.gov.uk","  company  ","used by"," the supposed"
"sfc.ac.uk","of  byways  ","used by"," motorists,"
"taxfreegold.co.uk","water  points  ","used by"," 500 people in"
"spamfo.co.uk","  writings  ","used by"," the community"
"headheritage.co.uk","of the  stack  ","used by"," the child"
"golftoday.co.uk","of the  tactics  ","used by"," the Sunni"
"tate.org.uk","  magnificence  ","used by"," powerful"
"ioe.ac.uk","''  system  ","used by"," EPSRC. Making"
"brookes.ac.uk","  criteria  ","used by"," those filling"
"dca.gov.uk","the  term  ","used by",""
"dca.gov.uk","  ones  ","used by"," Zen Master"
"clieuk.co.uk","  technology  ","used by"," recording"
"kwintessential.co.uk","  attributions  ","used by"," teachers"
"jr2.ox.ac.uk",". bat  files  ","used by"," MS-DOS and"
"ariadne.ac.uk","the  Breviary  ","used by"," the clergy,"
"kingston.gov.uk","  engines  ","used by"," University"
"kingston.gov.uk","by  Excite  ","used by"," 19 sites (11.9"
"lists.grok.org.uk","  strategies  ","used by"," deaf children"
"soulwalking.co.uk","  techniques  ","used by"," smaller meat"
"refer.nhs.uk",". The  sample  ","used by"," most such"
"refer.nhs.uk","  scales  ","used by"," the DSS to"
"defra.gov.uk",""" (the  term  ","used by"," St Isaac the"
"rcpbml.org.uk","data  stores  ","used by"," the RCC during"
"rcpbml.org.uk"," ","used by"," RCC, yet it is"
"socialistunitynetwork.co.uk"," ","used by",""
"eatwell.gov.uk","  services  ","used by"," UK"
"burnyourbonus.co.uk","any  facility  ","used by"," the public,"
"somewhatmuchly.co.uk","inshore  areas  ","used by"," non-breeding"
"somewhatmuchly.co.uk","  method  ","used by"," the SAST is"
"sec.isi.salford.ac.uk","a wooden  club  ","used by"," Paleolithic"
"jr2.ox.ac.uk","the  Hebrew  ","used by"," those Jews who"
"jr2.ox.ac.uk","the  languages  ","used by"," the"
"eng.warwick.ac.uk","  policies  ","used by"," all OECD"
"irr.org.uk","The  arguments  ","used by"," Roosevelt and"
"rhs.org.uk","an  arena  ","used by"," the Roman"
"rhs.org.uk","the  procedure  ","used by"," Ralph Cobham"
"spartacus.schoolnet.co.uk","of  condoms  ","used by"," each couple"
"tandf.co.uk","  set-ups  ","used by"," the school to"
"patp3.webbler.co.uk","  systems  ","used by"," cyclists."
"number-10.gov.uk","  objects  ","used by"," the"
"neptunepinkfloyd.co.uk","  expressions  ","used by"," a human expert"
"brookes.ac.uk","  techniques  ","used by"," the army when"
"pcanswers.co.uk","the  arguments  ","used by"," the"
"sitcom.co.uk","  material  ","used by"," the Judicial"
"jncc.gov.uk","of the  looms  ","used by"," the weavers"
"cheng.cam.ac.uk","the  horses  ","used by"," hunt staff."
"cheng.cam.ac.uk","of  horses  ","used by"," staff and"
"policyhub.gov.uk","two  servers  ","used by"," Indymedia, an"
"netdoctor.co.uk","  package  ","used by"," most"
"kwintessential.co.uk","of the  tactics  ","used by"," the Sunni"
"jr2.ox.ac.uk","as the  object  ","used by"," it,"
"sundaymail.co.uk","  observation  ","used by"," the Institute"
"photo-i.co.uk","Agency  data  ","used by"," FOE only"
"allotment.org.uk","the  systems  ","used by"," CCS staff to"
"allotment.org.uk","the  systems  ","used by"," CCS staff to"
"bitc.org.uk","  ammunition  ","used by"," the ground"
"pocket-lint.co.uk","  planes  ","used by"," the Zionists"
"headheritage.co.uk","  techniques  ","used by"," Net: :OAI:"
"defra.gov.uk","Army was a  name  ","used by"," several"
"netribution.co.uk","the  means  ","used by"," the oppressed"
"ess.uwe.ac.uk","nominal  body  ","used by"," the left"
"moviemail-online.co.uk","  techniques  ","used by"," the intruders"
"city.ac.uk","grade  system  ","used by"," all the"
"spartacus.schoolnet.co.uk","  equipment  ","used by"," the local"
"history.ac.uk","and  magicians  ","used by"," the nations"
"cpgb.org.uk","and  powders  ","used by"," Indians for"
"dur.ac.uk","raw  materials  ","used by"," UK feed"
"britishempire.co.uk","  resources  ","used by"," control and"
"oneguyfrombarlick.co.uk","  methodology  ","used by"," PACEC to"
"starlink.rl.ac.uk","  weapons  ","used by"," US and British"
"manchesteronline.co.uk","  facilities  ","used by"," UK"
"routeone.co.uk","of  punishment  ","used by"," whites"
"cygnus-books.co.uk","  misuse  ","used by"," the"
"cygnus-books.co.uk","  systems  ","used by"," treatment"
"i-sis.org.uk","  materials  ","used by"," Robert"
"arts.guardian.co.uk","  method  ","used by"," the Israeli"
"eatwell.gov.uk","top of the  RAM  ","used by"," the Operating"
"fishandfly.co.uk","the  buildings  ","used by"," the model"
"poetrysociety.org.uk","to  energy  ","used by"," businesses ("
"news.zdnet.co.uk","of  limousines  ","used by"," the former"
"news.zdnet.co.uk","  motorcycles  ","used by"," outriders and"
"fortunecity.co.uk","DRM)  software  ","used by"," Sony BMG by"
"poetrysociety.org.uk","of the  fuel  ","used by"," its vast"
"bitc.org.uk","  freshwater  ","used by"," humans each"
"le.ac.uk","  networks  ","used by"," some"
"cain.ulst.ac.uk","manage  items  ","used by"," the Army."
"skuds.co.uk","  resort  ","used by"," Hitchcock for"
"shop.highlander.co.uk","ralge  finder  ","used by"," the US Marine"
"allotment.org.uk","5 % of the  land  ","used by"," the hunt"
"painsupport.co.uk","  instruments  ","used by"," the griot"
"english-heritage.org.uk","  companies  ","used by"," UK groups is"
"huntinginquiry.gov.uk","of  sugar  ","used by"," Europeans has"
"ears.dmu.ac.uk","  features  ","used by"," subjects when"
"www3.open.ac.uk","default  class  ","used by"," Bastion()."
"skuds.co.uk","  presentation  ","used by"," FSA speakers"
"pandemonium.me.uk","  program  ","used by"," the"
"www3.open.ac.uk","a  diary  ","used by"," Damien. I"
"cnetwork.co.uk","  models  ","used by"," other funders"
"neptunepinkfloyd.co.uk","  mechanism  ","used by"," politicians"
"ess.uwe.ac.uk","and  system  ","used by"," the Red"
"fpp.co.uk","base  forecast  ","used by"," the Virtual"
"headheritage.co.uk","of  services  ","used by"," the people of"
"tyndale.cam.ac.uk","of  control  ","used by"," Countryside"
"ebi.ac.uk","of a  syringe  ","used by"," Charles"
"theregister.co.uk","the same  path  ","used by"," the young boys"
"mailman.ic.ac.uk","  website  ","used by"," local"
"discuss.pressgazette.co.uk","  parries  ","used by"," our British"
"users.ox.ac.uk","of those  areas  ","used by"," the whole"
"sport.guardian.co.uk","  strategies  ","used by"," your business"
"futuremovies.co.uk","the  spelling  ","used by"," the authors of"
"megalithic.co.uk","to the  rules  ","used by"," the C compiler"
"manchestereveningnews.co.uk","a hunters ''  den  ","used by"," both spotted"
"thegoodwebguide.co.uk","  conventions  ","used by",""
"ucisa.ac.uk","button  design  ","used by"," the Ordnance"
"number-10.gov.uk","a mailing  list  ","used by"," service"
"history.ac.uk","of the  methods  ","used by"," some of the"
"neptunepinkfloyd.co.uk","''  titles  ","used by"," developers in"
"phrases.org.uk","care  services  ","used by"," drug misusers"
"janus.lib.cam.ac.uk","  tactics  ","used by"," Saddam, the"
"janus.lib.cam.ac.uk","  tactics  ","used by"," Saddam, the"
"ess.uwe.ac.uk","  terminology  ","used by"," al-Umari,"
"cain.ulst.ac.uk","is also a  term  ","used by"," pilots and"
"exhibitions.co.uk","  vehicle  ","used by"," them. The"
"patent.gov.uk","of  punishment  ","used by"," whites"
"cain.ulst.ac.uk","scan  strings  ","used by"," some scanners"
"cheng.cam.ac.uk",")  weapons  ","used by"," the United"
"cheng.cam.ac.uk","  equipment  ","used by"," the regime of"
"hud.ac.uk","  standard  ","used by"," most"
"news.zdnet.co.uk","of the  trade  ","used by"," unidentified"
"patent.gov.uk","  scheme  ","used by"," tcpslice to"
"pcanswers.co.uk","of  insurance  ","used by"," many"
"gimbo.org.uk","  terminology  ","used by"," Moore was"
"pocket-lint.co.uk","  information  ","used by"," learners is"
"pocket-lint.co.uk","web  pages  ","used by"," online"
"passiondiscs.co.uk","by  munitions  ","used by"," British and U."
"radioandtelly.co.uk",":  Website  ","used by"," Slicker had"
"tech.plym.ac.uk","2004),  fuel  ","used by"," private"
"britishempire.co.uk",", a  method  ","used by"," spammers to"
"discuss.pressgazette.co.uk","  techniques  ","used by"," mass mailing"
"ess.uwe.ac.uk","  medium  ","used by"," a player is a"
"refer.nhs.uk","ultimate  fuel  ","used by"," muscles for"
"patp3.webbler.co.uk","  forms  ","used by"," graduate"
"starlink.rl.ac.uk","  procedures  ","used by"," the"
"nationalschool.gov.uk","tag of the  type  ","used by"," British"
"bfi.org.uk:8080","the  works  ","used by"," Sir M. Digby"
"shop.earthscan.co.uk","the  criteria  ","used by"," Lloyd et al. ("
"personalfinance.iii.co.uk","  strategy  ","used by"," the public"
"personalfinance.iii.co.uk","  strategy  ","used by"," the private"
"bized.ac.uk","the  ones  ","used by"," 78rpm"
"jr2.ox.ac.uk","  device  ","used by"," Yevtushenko"
"brianmac.demon.co.uk","the key  phrase  ","used by"," the"
"defra.gov.uk","of  democracy  ","used by"," the States are"
"computerarts.co.uk","English  words  ","used by"," the"
"dca.gov.uk","  structure  ","used by"," the Python"
"city.ac.uk","sized  tunnels  ","used by"," professional"
"kent.ac.uk","  methods  ","used by"," the Women ''s"
"observer.guardian.co.uk","a  building  ","used by"," militants in"
"admin.cam.ac.uk","  strategies  ","used by"," UK"
"qub.ac.uk","oxygen  masks  ","used by"," the Army ''s"
"holdthefrontpage.co.uk","  Otterhound  ","used by"," a registered"
"holdthefrontpage.co.uk","and  terriers  ","used by"," Mink Hunts are"
"shef.ac.uk","of  methods  ","used by"," crackers to"
"visitsouthwest.co.uk","of  calories  ","used by"," the body at"
"number-10.gov.uk","XML  standards  ","used by"," traditional"
"casi.org.uk","  programs  ","used by"," the system and"
"transglobal-aerospace.co.uk","on the  care  ","used by"," authors in"
"painsupport.co.uk","the. hdr  files  ","used by"," the BIL format"
"futuremovies.co.uk","all the  tools  ","used by"," the United"
"tiscali.co.uk","  techniques  ","used by"," Berkeley"
"hm-treasury.gov.uk","  numbers  ","used by"," the Unix"
"hm-treasury.gov.uk","  information  ","used by"," the Secure RPC"
"athelstane.co.uk","  initiative  ","used by",""
"cpgb.org.uk","  calculation  ","used by"," the Druids."
"chester.ac.uk","was the  title  ","used by"," Geoffrey of"
"chester.ac.uk","  term  ","used by"," the ''educated"
"cnetwork.co.uk","the  language  ","used by"," the old ones"
"presentationhelper.co.uk","display  units  ","used by"," F-16 pilots."
"lists.grok.org.uk","  strategies  ","used by"," lions. The"
"developments.org.uk","the "" No ""  signs  ","used by"," the"
"tdwaterhouse.co.uk","the  computers  ","used by"," scientists"
"taxfreegold.co.uk","  system  ","used by"," the Exchange"
"bjhc.co.uk","of  substances  ","used by"," white"
"mailman.ic.ac.uk","the  evidence  ","used by"," academic"
"orangeprize.co.uk","a piece of  wood  ","used by"," miners and by"
"publicwhip.org.uk","  modes  ","used by"," Linux, this"
"amazon.co.uk","the  computers  ","used by"," many"
"poetrysociety.org.uk","model  licence  ","used by"," JISC staff or"
"poetrysociety.org.uk","Site  Licence  ","used by"," the NESLI"
"observer.guardian.co.uk","news  services  ","used by"," US audiences."
"bl.uk","the  methods  ","used by"," HMPS and QAHCS"
"onlinedmc.co.uk","to buy a  pipe  ","used by"," former"
"squaremeal.co.uk","  buildings  ","used by"," Saddam ''s"
"bubl.ac.uk","  system  ","used by"," combat, CS,"
"bubl.ac.uk","  instrument  ","used by"," field"
"greenparty.org.uk","  spacecraft  ","used by"," Sir Richard"
"wateraid.org.uk","  electricity  ","used by"," cooking"
"earthfirst.org.uk","chat  site  ","used by"," Nazis closed"
"amazon.co.uk","in the  weapons  ","used by"," the United >"
"essex.ac.uk","hare  hounds  ","used by"," Xenophon in"
"ich.ucl.ac.uk","ergogenic  aid  ","used by"," many top"
"hants.gov.uk",", some  methods  ","used by"," PR"
"richmond.ac.uk","the  longships  ","used by"," the lords of"
"euro.gov.uk","  environments  ","used by"," younger"
"ucl.ac.uk","of CS  gas  ","used by"," troops is the"
"poetrysociety.org.uk","the  arguments  ","used by"," the White"
"irr.org.uk","  procedures  ","used by"," CFIA, as"
"futurelab.org.uk","English  words  ","used by"," the"
"classic-literature.co.uk","about  tactics  ","used by"," electricity"
"business.guardian.co.uk","  terminology  ","used by"," Provident"
"incore.ulst.ac.uk","to the  data  ","used by"," the"
"mfiles.co.uk","common  method  ","used by"," club members"
"archinet.co.uk","  language  ","used by"," the Tamils."
"eprints.ecs.soton.ac.uk","route of  march  ","used by"," the tactical"
"reviewing.co.uk","data  format  ","used by"," pickle is"
"inminds.co.uk","  materials  ","used by"," Robert"
"pcpro.co.uk","  programs  ","used by"," sprinters"
"bearskinrug.co.uk","  terminology  ","used by"," the designers"
"cygnus-books.co.uk","the  colours  ","used by"," Francis Bacon"
"cygnus-books.co.uk","  material  ","used by"," Francis Bacon"
"euro.gov.uk","is a  hashref  ","used by"," all the useful"
"ucl.ac.uk","  uranium  ","used by"," the Allies. As"
"sanger.ac.uk","two main  ports  ","used by"," Iraq to"
"kent.ac.uk","  definitions  ","used by"," various"
"kent.ac.uk","  strategies  ","used by"," the state and"
"www3.open.ac.uk","upon the  care  ","used by"," authors in"
"shop.highlander.co.uk","the  phrase  ","used by"," the Pro Grand"
"excite.co.uk","  instruments  ","used by"," the research"
"chm.org.uk","  means  ","used by"," Coalition"
"ariadne.ac.uk","and  buildings  ","used by"," charities for"
"bitc.org.uk",", the  typology  ","used by"," the Bechers"
"birdtours.co.uk","the  platform  ","used by"," the signalman"
"mqmagazine.co.uk","  systems  ","used by"," the genome"
"manchesteronline.co.uk","  telephone  ","used by"," al-Qa''eda in"
"politics.co.uk","the  language  ","used by"," their"
"bubl.ac.uk","  resources  ","used by"," researchers"
"televisionheaven.co.uk","to a  compass  ","used by"," Livingstone"
"televisionheaven.co.uk","a  Chair  ","used by"," Dr"
"greenparty.org.uk",", the  term  ","used by"," some"
"mackies.co.uk","the  distance  ","used by"," the men as a"
"bnp.org.uk","  systems  ","used by",""
"qub.ac.uk","  procedures  ","used by"," units in"
"rhs.org.uk","upon the  care  ","used by"," authors in"
"politics.co.uk","currency  unit  ","used by"," twelve"
"policyhub.gov.uk","  criterion  ","used by"," the US for"
"gimbo.org.uk","of  deduction  ","used by"," Sherlock"
"greatwriting.co.uk","  database  ","used by"," HM Treasury to"
"fishandfly.co.uk"," ","used by"," the authors"
"projects.ex.ac.uk","effects  app  ","used by"," broadcast"
"peterhead.org.uk","  arsenals  ","used by"," those"
"soi.city.ac.uk",", a  number  ","used by"," investors to"
"www3.open.ac.uk","(the  word  ","used by"," the"
"paulflynnmp.co.uk","on an  office  ","used by"," forces loyal"
"games.moria.org.uk","  technique  ","used by"," the big"
"wdm.org.uk","of God '' a  title  ","used by"," both King"
"physiol.ox.ac.uk","  budgets  ","used by"," DAT"
"infinityplus.co.uk","a  GISFrame  ","used by"," a processing"
"cygnus-books.co.uk","is also a  term  ","used by"," Orangemen"
"applegate.co.uk","  software  ","used by"," UK"
"forums.multiplay.co.uk","with the  cup  ","used by"," Jesus during"
"pocket-lint.co.uk","up in the  terms  ","used by"," Oswald"
"refer.nhs.uk",", the same  word  ","used by"," the"
"kevala.co.uk","  facility  ","used by"," WIN to provide"
"tyndale.cam.ac.uk","  substances  ","used by"," members of"
"tyndale.cam.ac.uk","of  substances  ","used by"," white"
"tyndale.cam.ac.uk","the main  drug  ","used by"," a small sample"
"brianmac.demon.co.uk","the  drugs  ","used by"," members of"
"psigate.ac.uk","  apparatus  ","used by"," scholars. It"
"inminds.co.uk","  line  ","used by"," this device."
"inminds.co.uk","shared  memory  ","used by"," this device."
"capita.co.uk","  airplanes  ","used by"," the Israeli"
"stalbans.gov.uk","in the  weapons  ","used by"," the United"
"kwintessential.co.uk","and  data  ","used by"," the School;"
"uklug.co.uk","same  process  ","used by"," a mapmaker as"
"sciencecityyork.org.uk","  woodland  ","used by"," the Hunt. It is"
"southbucks.gov.uk","  aircraft  ","used by"," both the RAF"
"heacademy.ac.uk","the  language  ","used by"," the boys."
"myweb.lsbu.ac.uk","on  occasions  ","used by"," people who"
"gopetition.co.uk","dates  dates  ","used by"," formulae"
"fishandfly.co.uk","of  drainage  ","used by"," other"
"pocket-lint.co.uk","  conventions  ","used by",""
"mfiles.co.uk","of  genetics  ","used by"," different"
"i-sis.org.uk","  trick  ","used by"," illegal"
"nta.nhs.uk","  treatment  ","used by"," the DAT"
"hants.gov.uk","  sources  ","used by"," both the House"
"otherlandtoys.co.uk","  languages  ","used by"," many of the WSN"
"kingston.gov.uk","for  systems  ","used by"," the voluntary"
"cs.bham.ac.uk"," ","used by"," academics in"
"casi.org.uk","  locations  ","used by"," members of the"
"entsweb.co.uk","  school-rooms  ","used by"," the whole"
"bgsnet.org.uk","  technologies  ","used by"," WaterAid"
"patent.gov.uk","  telephone  ","used by"," al-Qa''eda in"
"burnyourbonus.co.uk","  information  ","used by"," the commander"
"burnyourbonus.co.uk","  information  ","used by"," leaders to"
"manchester.gov.uk","  initiative  ","used by",""
"bjhc.co.uk","  methods  ","used by"," troops or"
"bjhc.co.uk","  methods  ","used by"," units to"
"acegamez.co.uk","the  criteria  ","used by"," the BL under"
"rejesus.co.uk","  software  ","used by"," CERN."
"socialistunitynetwork.co.uk","  activities  ","used by"," the U. S."
"cambridge.gov.uk","the  guidebook  ","used by"," all German"
"chm.org.uk","same  process  ","used by"," a map maker as"
"myweb.lsbu.ac.uk",". The  approach  ","used by"," this document"
"railscot.co.uk","  settings  ","used by"," the callout"
"railscot.co.uk","  settings  ","used by"," the dialin"
"rvc.ac.uk","  measures  ","used by"," Massey and"
"rvc.ac.uk","0.1-1  scale  ","used by"," Massey and"
"poole.gov.uk","''s a  technique  ","used by"," various"
"ariadne.ac.uk","to the  rules  ","used by"," the Unix shell"
"capita.co.uk",", a  theme  ","used by"," Denis"
"wdm.org.uk","  buildings  ","used by"," charities is"
"eatwell.gov.uk","  system  ","used by"," combat, CS,"
"eatwell.gov.uk","  instrument  ","used by"," field"
"thisistravel.co.uk","area of  land  ","used by"," a large number"
"thisistravel.co.uk","the  tools  ","used by"," animal health"
"sundaymail.co.uk","  language  ","used by"," the Tamils."
"irr.org.uk","force  terms  ","used by"," mariners"
"foe.co.uk","  software  ","used by"," Sony on some"
"web.ukonline.co.uk","in the  phrase  ","used by"," Danny"
"leeds.gov.uk","  destruction  ","used by"," the United"
"cpgb.org.uk","  format  ","used by"," other"
"ucl.ac.uk","from all  ALSE  ","used by"," flight crew"
"ioe.ac.uk","  forms  ","used by"," the agencies"
"cpgb.org.uk","at army  bases  ","used by"," the Iraqi"
"bupa.co.uk","  gravels  ","used by"," them for"
"wdm.org.uk","  database  ","used by"," SOPO (The"
"wdm.org.uk","  database  ","used by"," the UK utility"
"huntinginquiry.gov.uk","  techniques  ","used by"," geologists to"
"sitcom.co.uk",", a  symbol  ","used by"," the neo-Nazis"
"somewhere.org.uk","of the  methods  ","used by"," the illegal"
"filmfocus.co.uk","to the  studios  ","used by"," many of the"
"stalbans.gov.uk","to the  ones  ","used by"," divers for"
"iglookids.co.uk","ones. The  path  ","used by"," tankers"
"projects.ex.ac.uk","  vehicles  ","used by"," occupiers or"
"projects.ex.ac.uk","  vehicles  ","used by"," occupiers or"
"projects.ex.ac.uk","  vehicles  ","used by"," occupiers or"
"projects.ex.ac.uk","  vehicles  ","used by"," occupiers or"
"dca.gov.uk","is one  process  ","used by"," soldiers to"
"birdtours.co.uk","also the  tools  ","used by"," astronomers."
"birdtours.co.uk"," ","used by"," the team in"
"poetrysociety.org.uk","  vocabulary  ","used by"," PubMed? that"
"fishandfly.co.uk","  facility  ","used by"," senior"
"jr2.ox.ac.uk","the  materials  ","used by"," the Russians"
"reviewing.co.uk","and  methods  ","used by"," criminals to"
"taxfreegold.co.uk","  comparison  ","used by"," ministers"
"bitc.org.uk","the  moneyis  ","used by"," various"
"chester.ac.uk",") a  covername  ","used by"," the Ulster"
"chester.ac.uk","a  covername  ","used by"," the Ulster"
"chester.ac.uk","a  covername  ","used by"," the Ulster"
"chester.ac.uk","a  covername  ","used by"," the Ulster"
"chester.ac.uk","a  covername  ","used by"," the Ulster"
"chester.ac.uk","), a  covername  ","used by"," the Ulster"
"chester.ac.uk","), a  covername  ","used by"," the Ulster"
"chester.ac.uk","), a  covername  ","used by"," the Irish"
"reviewing.co.uk","of DU  weapons  ","used by"," the US against"
"transglobal-aerospace.co.uk","the  lines  ","used by"," the Canadian"
"transglobal-aerospace.co.uk","is the  acronym  ","used by"," OECD and other"
"genuki.org.uk","  information  ","used by"," this company"
"brad.ac.uk","  conventions  ","used by",""
"taxfreegold.co.uk","  criteria  ","used by"," Planning"
"mqmagazine.co.uk","DU  weapons  ","used by"," NATO in the"
"mqmagazine.co.uk","that DU  rounds  ","used by"," British and US"
"nabd.org.uk",", "" the  refrain  ","used by"," former"
"visitsouthwest.co.uk","  aid  ","used by"," mariners and"
"refer.nhs.uk",", the  device  ","used by"," the EqPA to"
"eatwell.gov.uk","  engine  ","used by"," the Army."
"phrases.org.uk",", the  spectrum  ","used by"," DAB is already"
"netdoctor.co.uk","the  methods  ","used by"," the group"
"netdoctor.co.uk","data  systems  ","used by"," Earthscope:"
"reviewing.co.uk","Baghdad  house  ","used by"," Saddam"
"reviewing.co.uk",""" in a  house  ","used by"," his boss Qusay"
"physiol.ox.ac.uk","Diemen  RF01  ","used by"," Orlando"
"squaremeal.co.uk","  forum  ","used by"," such: "" If you"
"earthfirst.org.uk","largest  bomb  ","used by"," the IRA to this"
"earthfirst.org.uk","), a  covername  ","used by"," the Ulster"
"earthfirst.org.uk","), a  covername  ","used by"," the Ulster"
"bbk.ac.uk","for the  method  ","used by"," one examiner ("
"bbk.ac.uk","for the  method  ","used by"," the other"
"myweb.lsbu.ac.uk","a simple  sofa  ","used by"," the Imam for"
"psigate.ac.uk"," ","used by"," depmod and"
"televisionheaven.co.uk","  tactics  ","used by"," the WSPU. Like"
"brad.ac.uk","  phone  ","used by"," al-Qaeda in"
"netdoctor.co.uk","  procedures  ","used by"," the type unit"
"richmond.gov.uk","  resource  ","used by"," a variety of"
"televisionheaven.co.uk","cluster  bombs  ","used by"," the RAF"
"seniorsnetwork.co.uk","  dictionary  ","used by"," Jane Austen"
"observer.guardian.co.uk","'' -- a  term  ","used by"," Canon to"
"rafmarham.co.uk","''s a  mechanism  ","used by"," donor"
"rvc.ac.uk","  descriptions  ","used by"," the users to"
"spartacus.schoolnet.co.uk","the Rome  hotel  ","used by"," the stars of"
"bwpics.co.uk",";  sources  ","used by"," the public to"
"acegamez.co.uk","  flora  ","used by"," Tuhoe Maori '',"
"undiscoveredscotland.co.uk","  records  ","used by"," him are rolls"
"gimbo.org.uk","  harvesters  ","used by"," spammers. The"
"gimbo.org.uk","  harvesters  ","used by"," spammers. The"
"york.ac.uk","on a  route  ","used by"," the Kosovo"
"onlinedmc.co.uk","the link  road  ","used by"," the"
"politics.co.uk","a list of  ports  ","used by"," trojans--but"
"mark-twain.classic-literature.co.uk","  terminology  ","used by"," horologists."
"bubl.ac.uk","in  offices  ","used by"," several"
"bubl.ac.uk","in  offices  ","used by"," France,"
"refer.nhs.uk","  values  ","used by"," the raster."
"tdwaterhouse.co.uk","  photographs  ","used by"," Pritchard in"
"rejesus.co.uk","IARC  results  ","used by"," ISCRUNI in"
"skuds.co.uk","  institutions  ","used by"," men. The goal"
"rhs.org.uk","the heavy  pans  ","used by"," Victorian"
"ucisa.ac.uk","care  resource  ","used by"," an increasing"
"theregister.co.uk","the  policies  ","used by"," Newly"
"theregister.co.uk","  system  ","used by"," Chile; the MAI"
"dvdtimes.co.uk","  policies  ","used by"," OECD"
"sundaymail.co.uk","  quarters  ","used by"," their own"
"burnyourbonus.co.uk","  vehicle  ","used by"," NBC. The car"
"burnyourbonus.co.uk","as a  vehicle  ","used by"," the foreign"
"news.zdnet.co.uk","on the  methods  ","used by"," the security"
"cf.ac.uk","  techniques  ","used by"," economists"
"ucisa.ac.uk","solvent  model  ","used by"," refmac led to a"
"greatwriting.co.uk","  strategy  ","used by"," the? Thinking"
"televisionheaven.co.uk",". The  amount  ","used by"," small firms is"
"seniorsnetwork.co.uk","the  arguments  ","used by"," the religious"
"warwithoutend.co.uk","of  contracts  ","used by"," many"
"headheritage.co.uk","the  spores  ","used by"," the"
"chem.ox.ac.uk","  strategies  ","used by"," the"
"ioe.ac.uk",". An  order  ","used by"," a ship"
"ioe.ac.uk",". pogo. A  term  ","used by"," a controlling"
"ioe.ac.uk",". new  picture  ","Used by"," controller or"
"abeceder.co.uk","  sources  ","used by"," both Houses."
"earlymodernweb.org.uk","  enforcement  ","used by"," creditors to"
"poetrysociety.org.uk","  font  ","used by"," the Web"
"moviemail-online.co.uk","the  phrase  ","used by"," an Ali G-type"
"futurelab.org.uk","  devices  ","used by"," writers of"
"futurelab.org.uk",". 10. The  term  ","used by"," the"
"sanger.ac.uk","Reliant  van  ","used by"," Del Boy in the"
"socialistunitynetwork.co.uk","  clapboards  ","used by"," nearly every"
"kierenmccarthy.co.uk","of the  claims  ","used by"," McVeigh ''s"
"socialistunitynetwork.co.uk","of  chemicals  ","used by"," Iraq ''s"
"futuremovies.co.uk","target  area  ","used by"," high speed"
"heacademy.ac.uk","be a  covername  ","used by"," the Ulster"
"users.ox.ac.uk","  information  ","used by"," the squadron"
"fortunecity.co.uk","  aid  ","used by"," mariners and"
"acegamez.co.uk","the  language  ","used by"," the boys."
"number-10.gov.uk","of many  cues  ","used by"," a listener for"
"bbc.co.uk","and  energy  ","used by",""
"seniorsnetwork.co.uk","with  language  ","used by"," olden day"
"transglobal-aerospace.co.uk","), a  covername  ","used by"," the Ulster"
"undiscoveredscotland.co.uk","of new  methods  ","used by"," the IAEA which"
"qub.ac.uk","), a  covername  ","used by"," the Ulster"
"qub.ac.uk","), a  covername  ","used by"," the Ulster"
"southbucks.gov.uk","a tax  loophole  ","used by"," wealthy"
"eatwell.gov.uk",", the  device  ","used by"," the EqPA to"
"sundaymail.co.uk","  aircraft  ","used by"," the raf in the"
"acegamez.co.uk","  tactics  ","used by"," the Colombian"
"cnetwork.co.uk","  definitions  ","used by"," non-gays ("
"richmond.ac.uk","the cod  latin  ","used by"," jugglers (as"
"cnetwork.co.uk","many  gels  ","used by"," my Doctor. The"
"irr.org.uk","all  services  ","used by"," the long-stay"
"shef.ac.uk","  medicines  ","used by"," children of"
"stalbans.gov.uk","the  documents  ","used by"," The Times."
"stalbans.gov.uk","of an  office  ","used by"," the"
"entsweb.co.uk","of the  sort  ","used by"," sprinters for"
"netribution.co.uk","  protocol  ","used by"," a number of the"
"cs.bham.ac.uk","and  altitude  ","used by"," attack"
"undiscoveredscotland.co.uk",".  Software  ","used by"," UKOLN staff"
"darlington.gov.uk","  conventions  ","used by",""
"cambridge.gov.uk","the  language  ","used by"," those"
"british-history.ac.uk"," ","used by"," Biz/ ed by the"
"i-sis.org.uk","  measures  ","used by"," cantonal"
"kwintessential.co.uk","  pages  ","used by"," search"
"archive.food.gov.uk","of  suppliers  ","used by"," the priory for"
"mackies.co.uk","the  language  ","used by"," Atkinson"
"cf.ac.uk","  munitions  ","used by"," the allied"
"nwda.co.uk","the  methods  ","used by"," geologists to"
"bjhc.co.uk","in a  house  ","used by"," Saddam ''s son,"
"sciencecityyork.org.uk",""" > in a  house  ","used by"," his boss Qusay"
"cpgb.org.uk","  software  ","used by"," Boeing,"
"cpgb.org.uk","  software  ","used by"," most of the"
"poetrysociety.org.uk","  myths  ","used by"," supporters of"
"casi.org.uk","  grammar  ","used by"," Python. This"
"bjhc.co.uk","on  tactics  ","used by"," U. S. aircraft"
"chester.ac.uk","all  providers  ","used by"," the purchaser"
"entsweb.co.uk","is the  unit  ","used by"," British"
"spartacus.schoolnet.co.uk","  techniques  ","used by"," the drugs"
"duxford.iwm.org.uk","  strategies  ","used by"," the farmers."
"somewhatmuchly.co.uk","''? It is a  name  ","used by"," any person,"
"nwda.co.uk","for the  tools  ","used by"," buddies be the"
"janus.lib.cam.ac.uk","and  accent  ","used by"," the upper"
"action-tv.org.uk","  solutions  ","used by"," enterprises,"
"blogs.guardian.co.uk","at  tracks  ","used by"," smugglers"
"soulwalking.co.uk","than the  192k  ","used by"," R3. In fact,"
"soulwalking.co.uk","than the  192k  ","used by"," R3. I''ll bet it"
"developments.org.uk","  OSes  ","used by"," handset"
"spartacus.schoolnet.co.uk",", is the  phrase  ","used by"," US rightwing"
"bathnes.gov.uk","  workbenches  ","used by"," companies"
"allotment.org.uk","  image  ","used by"," BBC Worldwide"
"dca.gov.uk","a website  name  ","used by"," BJHC Limited"
"pcanswers.co.uk","  vocabulary  ","used by"," American"
"bitc.org.uk","  making  ","used by"," parents, and"
"wdm.org.uk","upon the  care  ","used by"," authors in"
"nhs.uk","  packages  ","used by"," some of the"
"business.guardian.co.uk","'' (in the  sense  ","used by"," Gramsci)"
"defra.gov.uk","of  images  ","used by"," ` findsp '' has"
"chester.ac.uk",", in the  units  ","used by"," the data -"
"chester.ac.uk",", in the  units  ","used by"," the data -"
"isec2005.org.uk",")  ammunition  ","used by"," the US-led"
"cf.ac.uk","subject  codes  ","used by"," HESA and UCAS,"
"bized.ac.uk","  preparations  ","used by"," the UK"
"thegoodwebguide.co.uk","  weapons  ","used by"," the Zionists,"
"kent.ac.uk","  terminology  ","used by"," horologists."
"flexibility.co.uk","  procedures  ","used by"," the pupils."
"uklug.co.uk","the  materials  ","used by"," the"
"burnyourbonus.co.uk","site  policies  ","used by"," the"
"manchester.gov.uk","  terms  ","used by"," the British"
"tdwaterhouse.co.uk",", the  terms  ","used by"," us and the"
"phrases.org.uk","  tools  ","used by"," menus and"
"phrases.org.uk","search  lists  ","used by"," Ved and the"
"phrases.org.uk","search  lists  ","used by"," Ved and the"
"iwar.org.uk","model  numbers  ","used by"," Advanced"
"megalithic.co.uk","  enforcement  ","used by"," creditors to"
"defra.gov.uk","from the  ones  ","used by"," Fascism, the"
"cpgb.org.uk","search  engine  ","used by"," serial"
"tech.plym.ac.uk","  programs  ","used by"," search"
"acegamez.co.uk","  conventions  ","used by"," Journal of"
"soulwalking.co.uk","), a  covername  ","used by"," the Ulster"
"spamfo.co.uk","all  swaps  ","used by"," companies"
"ariadne.ac.uk","on the  methods  ","used by"," the security"
"developments.org.uk","  criteria  ","used by"," London"
"jr2.ox.ac.uk","  methods  ","used by"," BAT. It"
"ariadne.ac.uk","the same  codec  ","used by"," the rival to"
"socialistunitynetwork.co.uk","active  agents  ","used by"," participants"
"manchester.gov.uk","? a  device  ","used by"," the"
"southbucks.gov.uk",", the  device  ","used by"," the EqPA to"
"developerfusion.co.uk","of  algorithms  ","used by"," the"
"shef.ac.uk","source of  fuel  ","used by"," the muscles to"
"refer.nhs.uk",", the  language  ","used by"," various"
"eef.org.uk","FITS  headers  ","used by"," ORAC-DR. At"
"iii.co.uk","upon the  care  ","used by"," authors in"
"socialistunitynetwork.co.uk","file  format  ","used by"," most digital"
"forum.anothersite.co.uk","main  concepts  ","used by"," historians ("
"mqmagazine.co.uk","and  buildings  ","used by"," charities for"
"pandemonium.me.uk","  criteria  ","used by"," some other"
"capita.co.uk","on  offices  ","used by"," the two"
"lse.ac.uk","the  language  ","used by"," the zionists -"
"classic-literature.co.uk","on a  system  ","used by"," NASA to help"
"action-tv.org.uk","  effects  ","used by"," this book are """
"heacademy.ac.uk","  model  ","used by"," the original"
"lists.grok.org.uk"," ","used by"," the invaders"
"bized.ac.uk","by a  term  ","used by"," Antoinette"
"eprints.gla.ac.uk","of the  weapons  ","used by"," all of us who"
"ariadne.ac.uk","the  location  ","used by"," the regexp"
"customs.hmrc.gov.uk","  spaces  ","used by"," electronic"
"eatwell.gov.uk",", a Roman  motel  ","used by"," officials in a"
"kingston.gov.uk","  parameters  ","used by"," ` dsa_input '',"
"lse.ac.uk","crown  device  ","used by"," the"
"britishempire.co.uk","  phrase  ","used by"," the"
"wdm.org.uk","well as  energy  ","used by"," households to"
"fishandfly.co.uk","  terminology  ","used by"," researchers"
"tech.plym.ac.uk","  materials  ","used by"," British"
"tech.plym.ac.uk","the  methods  ","used by"," present day"
"customs.hmrc.gov.uk","words,  words  ","used by"," different"
"fishandfly.co.uk","  database  ","used by"," the"
"birdtours.co.uk","  colours  ","used by"," the"
"rvc.ac.uk",""" is the  term  ","used by"," Washington to"
"janus.lib.cam.ac.uk","the  internet  ","used by"," expatriates."
"huntinginquiry.gov.uk","  procedures  ","used by"," industry."
"ruralgateway.org.uk","  policies  ","used by"," eight"
"ariadne.ac.uk","  applications  ","used by"," the bank and"
"theregister.co.uk","the  phrase  ","used by"," stable lads"
"bl.uk","the  argument  ","used by"," hackers is"
"cf.ac.uk","on the  stack  ","used by"," the program"
"english-heritage.org.uk",") is the  word  ","used by"," both the legal"
"myweb.lsbu.ac.uk","  design  ","used by"," most good pa"
"earlymodernweb.org.uk","  systems  ","used by"," the richest"
"classic-literature.co.uk","or motor  car  ","used by"," or in the"
"nta.nhs.uk","  platform  ","used by"," the"
"politics.co.uk","  contexts  ","used by"," the"
"gimbo.org.uk",". The  energy  ","used by"," buildings and"
"televisionheaven.co.uk","pit  latrine  ","used by"," a household of"
"football.guardian.co.uk","  tariffs  ","used by"," developing"
"mailonsunday.co.uk","  catalog  ","used by"," the functions"
"bupa.co.uk","the  code  ","used by"," the fighter"
"fortunecity.co.uk","to  systems  ","used by"," society as a"
"peterhead.org.uk","  term  ","used by"," the Pentagon"
"bized.ac.uk","), a  covername  ","used by"," the Ulster"
"transglobal-aerospace.co.uk","upon the  care  ","used by"," authors in"
"sfca.co.uk","  frameworks  ","used by"," each agency."
"netlawman.co.uk","  syllabuses  ","used by"," geography"
"tiscali.co.uk","an air  base  ","used by"," US bombers in"
"cs.bham.ac.uk","  documents  ","used by"," the KDP"
"photo-i.co.uk"," ","used by"," deaf,"
"cygnus-books.co.uk","HTTP  servers  ","used by"," most"
"skuds.co.uk",". XEND is  TEND  ","used by"," GROWYT, YEND"
"wdm.org.uk","key  concepts  ","used by"," its advocates"
"cf.ac.uk","very  language  ","used by"," President"
"nhs.uk","out of the  map  ","used by"," Islamic"
"nationalschool.gov.uk","port  numbers  ","used by"," the"
"cabe.org.uk",", the  price  ","used by"," Russian"
"earlymodernweb.org.uk","and  terms  ","used by"," a radio"
"passiondiscs.co.uk","  processes  ","used by"," the supported"
"futuremovies.co.uk","British  slang  ","used by"," gays. Web site"
"unixhelp.ed.ac.uk",")  ammunition  ","used by"," US NATO forces"
"unixhelp.ed.ac.uk","  ammunition  ","used by"," U. S. troops in"
"unixhelp.ed.ac.uk","DU  munitions  ","used by"," the United"
"fortunecity.co.uk","in  ammunition  ","used by"," American"
"fortunecity.co.uk","  weapons  ","used by"," Nato troops in"
"isec2005.org.uk","71 EAT, the  JES  ","used by"," the employers"
"sfca.co.uk","of  forms  ","used by"," survivors to"
"classic-literature.co.uk","the  models  ","used by"," the forgotten"
"bjr.org.uk","  arguments  ","used by",""
"onlinedmc.co.uk",", is the  system  ","used by"," the UK Higher"
"onlinedmc.co.uk","  settings  ","used by"," Internet"
"bized.ac.uk","is now a  pier  ","used by"," the ferryboat"
"wateraid.org.uk","and XMP  data  ","used by"," Adobe"
"nef.org.uk","as the  robot  ","used by"," the AltaVista"
"flexibility.co.uk","0800  numbers  ","used by"," some ISP ''s to"
"dolphinmusic.co.uk","thrust  rating  ","used by"," the pilot. If"
"passiondiscs.co.uk"," ","used by"," the poet as"
"pandemonium.me.uk","dirt  car-park  ","used by"," fishermen."
"iansmith.co.uk","  headers  ","used by"," the recipes"
"kevala.co.uk","of  structures  ","used by"," ioctl. The"
"wateraid.org.uk",") is the  term  ","used by"," the NHS Plan to"
"duxford.iwm.org.uk","is the  mould  ","used by"," the OS to make"
"lmra.co.uk","  tactics  ","used by"," both"
"chm.org.uk","way. The  moves  ","used by"," the Bowen"
"bjr.org.uk","a cover  name  ","used by"," the Ulster"
"graigfarm.co.uk","  information  ","used by"," all echelons"
"fortunecity.co.uk","  agents  ","used by"," an enemy. The"
"burnyourbonus.co.uk","  function  ","used by"," format s,"
"dailymail.co.uk","Desk  system  ","used by"," the"
"bgsnet.org.uk","English  words  ","used by"," the"
"better-business.co.uk","a key  enzyme  ","used by"," the virus to"
"pcpro.co.uk","  statements  ","used by"," the media thus"
"lrb.co.uk","  dormitories  ","used by"," girls being"
"admin.cam.ac.uk","  space  ","used by"," local people,"
"bwpics.co.uk",") a  covername  ","used by"," the UDA."
"bwpics.co.uk","a  cover-name  ","used by"," the UDA and as"
"bgsnet.org.uk","the  outcomes  ","used by"," authors of the"
"janus.lib.cam.ac.uk","), a  covername  ","used by"," the Ulster"
"archive.food.gov.uk","of the  sources  ","used by"," Morris will be"
"transglobal-aerospace.co.uk","the  methods  ","used by"," the"
"nutcote.demon.co.uk",", in the  units  ","used by"," the data -"
"nutcote.demon.co.uk",", in the  units  ","used by"," the data -"
"cfoi.org.uk","  procedure  ","used by"," institutions"
"inminds.co.uk","taxi  driver  ","used by"," Andy ''s groups"
"poetrysociety.org.uk","martial  style  ","used by"," Mahler in some"
"cleanlanguage.co.uk","of the  rooms  ","used by"," the Queen"
"televisionheaven.co.uk","  ammunition  ","used by"," U. S. forces in"
"refer.nhs.uk","  practice  ","used by"," swimmers and"
"mqmagazine.co.uk",". The  fields  ","used by"," the database"
"isec2005.org.uk","  lines  ","used by"," the coalition"
"jr2.ox.ac.uk","on main  roads  ","used by"," arriving"
"fishandfly.co.uk","The  interface  ","used by"," the public"
"dooyoo.co.uk","of  plants  ","used by"," gardeners"
"psigate.ac.uk","range of  media  ","used by"," Musgrave"
"highpointfilms.co.uk","to the  songs  ","used by"," the assembly,"
"socialistunitynetwork.co.uk","  argument  ","used by"," supporters of"
"ioe.ac.uk",". A  cellphone  ","used by"," a member of the"
"ariadne.ac.uk","was a  pretext  ","used by"," Washington"
"ucl.ac.uk","of  services  ","used by"," those"
"ucl.ac.uk","of  services  ","used by"," those"
"rolandandcaroline.co.uk","  system  ","used by"," 10"
"abeceder.co.uk",", an army  base  ","used by"," U. S. forces in"
"ucl.ac.uk","  terms  ","used by"," the"
"hm-treasury.gov.uk","of old  styles  ","used by",""
"cfoi.org.uk","were the  words  ","used by"," the judges to"
"dumgal.gov.uk","is the  term  ","used by"," the United"
"bbkphilsoc.org.uk","to  facilities  ","used by"," the adversary"
"bbkphilsoc.org.uk","  transmitters  ","used by"," media"
"developments.org.uk","  primitism  ","used by"," the early Mary"
"cfoi.org.uk","  statement  ","used by"," the"
"youngfoundation.org.uk","  settings  ","used by"," VS. NET 2002."
"burnyourbonus.co.uk","  passports  ","used by"," individuals"
"kevala.co.uk","  systems  ","used by"," Commonwealth"
"cfoi.org.uk",", in the  units  ","used by"," the data -"
"cfoi.org.uk",", in the  units  ","used by"," the data -"
"ariadne.ac.uk"," ","used by"," a range of"
"pih.org.uk","of  force  ","used by"," combatants in"
"pih.org.uk","  test  ","used by"," US Navy Judge"
"ospreys.org.uk",""" Mugu is a  term  ","used by"," the scammers"
"ess.uwe.ac.uk","  measure  ","used by"," purchasers to"
"swtourism.co.uk","other  slogans  ","used by"," supermarkets"
"patent.gov.uk","  facilities  ","used by"," the research"
"bjr.org.uk","  libraries  ","used by"," RCLIB."
"teentoday.co.uk","mode of  speech  ","used by"," the higher"
"dooyoo.co.uk","  propaganda  ","used by"," the tsarist"
"rhs.org.uk","  defence  ","used by"," people in"
"cementindustry.co.uk","the  command  ","used by"," the forward"
"cementindustry.co.uk","CLOSE  command  ","used by"," an observer to"
"bgsnet.org.uk","volume of  peat  ","used by"," the"
"manchestereveningnews.co.uk","  approaches  ","used by"," faith-based"
"qub.ac.uk","), a  covername  ","used by"," the Ulster"
"soton.ac.uk","as  property  ","used by",", or held by, a"
"parkinsons.org.uk","  technique  ","used by"," historians in"
"football.guardian.co.uk","). So a  phrase  ","used by"," me to describe"
"brad.ac.uk","and  words  ","used by"," authors of"
"gimbo.org.uk","on a  minibus  ","used by"," relatives of"
"gimbo.org.uk","), a cover  name  ","used by"," the Ulster"
"thisistravel.co.uk","  airline  ","used by"," Globespan the"
"burnyourbonus.co.uk","is a  term  ","used by"," political"
"blue-witch.co.uk","  measures  ","used by"," others if they"
"housingpis.co.uk","inittab  file  ","used by"," the"
"phrases.org.uk","  terminology  ","used by"," horologists."
"sydenham.org.uk","  mechanisms  ","used by"," the AMS change"
"moviemail-online.co.uk","  practice  ","used by"," programmers"
"painsupport.co.uk","was the  phrase  ","used by"," Lindsey"
"classic-literature.co.uk","a generic  form  ","used by"," ORAC-DR. Not"
"consumerdirect.gov.uk","of the  realm  ","used by"," warfighters"
"allotment.org.uk","the  tactics  ","used by"," the 8th Air"
"holdthefrontpage.co.uk","  memory  ","used by"," the task, in"
"holdthefrontpage.co.uk","shared  memory  ","used by"," the task is"
"holdthefrontpage.co.uk","the CPU  time  ","used by"," the process ''s"
"aiai.ed.ac.uk","for  roads  ","used by"," buses or as"
"bjhc.co.uk","  constants  ","used by"," MacTCP. Since"
"games.moria.org.uk","was a  symbol  ","used by"," people"
"spelthorne.gov.uk","(IRC), a  tool  ","used by"," the semantic"
"publications.parliament.uk","are  tools  ","used by"," the S2 to"
"publications.parliament.uk"," ","used by"," the aviation"
"ysbl.york.ac.uk","a cover  name  ","used by"," the Ulster"
"ysbl.york.ac.uk","be a  covername  ","used by"," the Irish"
"kierenmccarthy.co.uk","of  energy  ","used by"," the plant. e. g"
"eduserv.org.uk","of  products  ","used by"," businesses to"
"eduserv.org.uk","of  products  ","used by"," businesses to"
"shef.ac.uk","to those  logos  ","used by"," local health"
"geog.port.ac.uk","of  explosives  ","used by"," the"
"thisistravel.co.uk","), a  covername  ","used by"," the Ulster"
"thisistravel.co.uk","), a  covername  ","used by"," the Ulster"
"thisistravel.co.uk","), a  covername  ","used by"," the Ulster"
"femalefirst.co.uk","  mechanism  ","used by"," Symantec Scan"
"femalefirst.co.uk","  model  ","used by"," the"
"pocket-lint.co.uk","  house  ","used by"," all kinds of"
"brianmac.demon.co.uk","  anaesthetic  ","used by"," doctors and"
"paulflynnmp.co.uk","  initiative  ","used by",""
"leisureconnection.co.uk","news  services  ","used by"," US audiences."
"hud.ac.uk","  information  ","used by"," the"
"shef.ac.uk","the  energy  ","used by"," individual"
"pandemonium.me.uk","  filesystem  ","used by"," Linux for"
"pandemonium.me.uk","  filesystem  ","used by"," DOS, Windows,"
"pandemonium.me.uk","  filesystem  ","used by"," Linux. It adds"
"pandemonium.me.uk","  filesystem  ","used by"," Microsoft"
"news.zdnet.co.uk","on  areas  ","used by"," troops,"
"bgsnet.org.uk","of  delivery  ","used by"," these types of"
"concept2.co.uk","is the  tool  ","used by"," God to develop"
"concept2.co.uk","is the  tool  ","used by"," God to develop"
"groups.google.co.uk","? the  term  ","used by"," these experts"
"justkampers.co.uk"," ","used by"," each study ("
"thestage.co.uk","false  claims  ","used by"," the Home"
"inminds.co.uk","  gadgetry  ","used by"," people today"
"dfid.gov.uk","of the  muscles  ","used by"," as much as 30"
"pparc.ac.uk","the  language  ","used by"," the officers"
"pressies4princesses.co.uk","  workshops  ","used by"," these"
"ruralgateway.org.uk","  strategies  ","used by"," genetics"
"iguk.co.uk","  products  ","used by"," the academic"
"domino.lancs.ac.uk","legal  devices  ","used by"," peasants to"
"cementindustry.co.uk","  language  ","used by"," doctors or the"
"cs.bham.ac.uk","  network  ","used by"," the 800 series"
"cs.bham.ac.uk","than the  CDPD  ","used by"," OmniSky. You"
"headheritage.co.uk","the  ships  ","used by"," President"
"bnp.org.uk",".  Documents  ","used by"," the Council in"
"headheritage.co.uk","  force  ","used by"," those"
"manchester.gov.uk","  tests  ","used by"," the US"
"iwar.org.uk","the bogus  URLs  ","used by"," scammers and"
"keoghs.co.uk","  documents  ","used by"," South"
"pparc.ac.uk","  studies  ","used by"," government to"
"clieuk.co.uk","  control  ","used by"," the former"
"ioe.ac.uk","  argument  ","used by"," the Socialist"
"darlington.gov.uk","  methods  ","used by"," each study to"
"big-brother.me.uk","the  packaging  ","used by"," Waitrose for"
"futurelab.org.uk","or  place  ","used by"," a scheduled"
"betterthinking.co.uk","an  instrument  ","used by"," society as a"
"socialistunitynetwork.co.uk",""" are the  units  ","used by"," the input"
"mirror.co.uk","to three  bases  ","used by"," U. S. forces,"
"mirror.co.uk","to three  bases  ","used by"," US forces,"
"cain.ulst.ac.uk","the  systems  ","used by"," healthcare"
"birdtours.co.uk","model  method  ","used by"," Pfam. To learn"
"soulwalking.co.uk","  systems  ","used by"," disease"
"hud.ac.uk","the  formalism  ","used by"," HMMs ("
"acegamez.co.uk","the  sequences  ","used by"," Pfam could be"
"eclectic.co.uk","Gatling  guns  ","used by"," the men in the"
"mirror.co.uk","  mechanism  ","used by"," the"
"ioe.ac.uk","  facilities  ","used by"," researchers"
"ioe.ac.uk","  facilities  ","used by"," their"
"amazonsystems.co.uk","data  systems  ","used by"," Earthscope:"
"pcpro.co.uk","[ 1 ] The  phrase  ","used by"," Manuel"
"dca.gov.uk","  uranium  ","used by"," US troops in"
"dfid.gov.uk","the  features  ","used by"," the British"
"acegamez.co.uk","? an  argument  ","used by"," governments"
"teentoday.co.uk","  helicopters  ","used by"," the IDF in the"
"seniorsnetwork.co.uk","The  algorithm  ","used by"," the program is"
"brad.ac.uk","the  methods  ","used by"," different"
"sfca.co.uk","research  time  ","used by"," the British"
"ff1600.co.uk","the  method  ","used by"," Suwaiyan and"
"number-10.gov.uk","is a  weapon  ","used by"," both sides in a"
"clieuk.co.uk","of  tactics  ","used by"," both sides to"
"clieuk.co.uk","want  Tactics  ","used by"," doctors to"
"clieuk.co.uk","  Tactics  ","used by"," patients to"
"onlinedmc.co.uk","  weapon  ","used by"," foot soldiers"
"cygnus-books.co.uk","  methods  ","used by"," cults to"
"kingsholm-chronicle.org.uk",": Art  gallery  ","used by"," Ellingham"
"jncc.gov.uk","''  language  ","used by"," the lecturers"
"cnetwork.co.uk",". The  formats  ","used by"," GAMESS-UK"
"patent.gov.uk","  system  ","used by"," professional"
"fishandfly.co.uk","  routes  ","used by"," insurgents."
"eprints.gla.ac.uk","the  tactics  ","used by"," the US and"
"eduserv.org.uk","on  services  ","used by"," people with"
"netlawman.co.uk","  punctuation  ","used by"," scribes was"
"housingpis.co.uk","  assumptions  ","used by"," the"
"ess.uwe.ac.uk","and  figures  ","used by"," Kerry - and"
"rolandandcaroline.co.uk","  scheme  ","used by"," Professor"
"presentationhelper.co.uk","is the  method  ","used by"," Mathers. Dion"
"dailymail.co.uk","Tarot  Spread  ","used by"," the Order."
"onlinedmc.co.uk","  words  ","used by"," IAS... "" lack"
"onlinedmc.co.uk","  material  ","used by"," the Home"
"cpgb.org.uk","and  words  ","used by"," Sir Winston"
"ff1600.co.uk","as the  number  ","used by"," the calling"
"ff1600.co.uk","of the  GDS  ","used by"," Schools:"
"ff1600.co.uk","the GDS  number  ","used by"," schools. The"
"patp3.webbler.co.uk","'' a  term  ","used by"," Grice (1975)"
"fortunecity.co.uk","the  examples  ","used by"," the UK"
"euro.gov.uk","  propoganda  ","used by"," such software"
"euro.gov.uk","  propoganda  ","used by"," such software"
"rvc.ac.uk","watt/  hours  ","used by"," the battery"
"chester.ac.uk","  divination  ","used by"," Waite (The"
"inminds.co.uk",": the  process  ","used by"," the"
"inminds.co.uk","the  process  ","used by"," their"
"sciencecityyork.org.uk","  antennas  ","used by"," these"
"cheng.cam.ac.uk","  compression  ","used by"," Video"
"pcpro.co.uk","- the  rooms  ","used by"," the day"
"presentationhelper.co.uk","  tags  ","used by"," website"
"railscot.co.uk",". The  argument  ","used by"," Fontes and"
"bwpics.co.uk","a term of  abuse  ","used by"," black people"
"big-brother.me.uk","of the  seal  ","used by"," the cathedral"
"birdtours.co.uk","of  warfare  ","used by"," the fascists"
"earthfirst.org.uk","  service  ","used by"," the MKi"
"ultimateanimals.co.uk","  version  ","used by"," ninja was"
"onlinedmc.co.uk","and  words  ","used by"," Richard Nixon"
"pocket-lint.co.uk","  information  ","used by"," Kye Tallett"
"amazon.co.uk","lower  doses  ","used by"," Doh-ura and"
"jisc.ac.uk","a small  island  ","used by"," the German"
"thisistravel.co.uk","  variables  ","used by"," the select ("
"bupa.co.uk","and  auditing  ","used by"," university"
"shop.highlander.co.uk","  system  ","used by"," most"
"vts.rdn.ac.uk","of  equipment  ","used by"," astronomers"
"eoc-law.org.uk","  affectation  ","used by"," the speaker to"
"iansmith.co.uk","actual  method  ","used by"," the 75%-90 % of"
"heacademy.ac.uk","there is a  camp  ","used by"," TNC. After a"
"fortunecity.co.uk","as the  number  ","used by"," the calling"
"sfca.co.uk","(ISO)  glasses  ","used by"," the"
"parishmouse.co.uk","main  device  ","used by"," the children"
"cpgb.org.uk",", the  methods  ","used by"," spreadsheet"
"cpgb.org.uk","of the  methods  ","used by"," the package to"
"customs.hmrc.gov.uk",""" The  language  ","used by"," teachers to"
"televisionheaven.co.uk","  types  ","used by"," Leeuwenhoek"
"number-10.gov.uk","main  sources  ","used by"," historians to"
"ultimateanimals.co.uk","of the  stylus  ","used by"," the scribe."
"scit.wlv.ac.uk","the GBA  format  ","used by"," the adapter."
"cpgb.org.uk","the  language  ","used by"," reporters for"
"paulflynnmp.co.uk","  scale  ","used by"," BGS when"
"paulflynnmp.co.uk","also the  scale  ","used by"," BGS to"
"iglookids.co.uk","the  figure  ","used by"," the Low Pay"
"nutcote.demon.co.uk","the  language  ","used by"," employers in"
"ariadne.ac.uk","those  assets  ","used by"," the"
"sydenham.org.uk","the  examples  ","used by"," the UK"
"abeceder.co.uk","the  sailcloth  ","used by"," the Royal Navy"
"jr2.ox.ac.uk","two  methods  ","used by"," therapists"
"cnetwork.co.uk","  technology  ","used by"," terrorists"
"developments.org.uk",". KSF  files  ","used by"," the"
"futuremovies.co.uk",".  Barricades  ","used by",""
"opsi.gov.uk","  system  ","used by"," the alarm"
"parkinsons.org.uk",") is a  protocol  ","used by"," the Windows"
"parkinsons.org.uk","the  ports  ","used by"," RPC, visit the"
"interact-sw.co.uk","the  pictures  ","used by"," Hudson."
"littleredboat.co.uk","  mechanism  ","used by"," the Control"
"euro.gov.uk","  program  ","used by"," the BBC to"
"nabd.org.uk","  approach  ","used by"," Winfield ["
"watford3r-pct.nhs.uk","and  words  ","used by"," Sir Winston"
"britishempire.co.uk",", the  methods  ","used by"," Elliott and"
"britishempire.co.uk",". The  methods  ","used by"," Elliott and"
"people.bath.ac.uk","  techniques  ","used by"," the tattoo"
"cementindustry.co.uk","the  methods  ","used by"," us to identify"
"paulflynnmp.co.uk","  competences  ","used by"," someone when"
"heacademy.ac.uk","Testing A  tool  ","used by"," mediators"
"heacademy.ac.uk","A  tool  ","used by"," mediators"
"developments.org.uk","the  method  ","used by"," the"
"ff1600.co.uk","  numbers  ","used by"," the Scotch"
"parkinsons.org.uk","the  resources  ","used by"," your site."
"kingston.gov.uk","as the  scourge  ","used by"," the Lord for"
"poetrysociety.org.uk","and  words  ","used by"," the famous"
"bjhc.co.uk","  device  ","used by"," those seeking"
"people.bath.ac.uk","  projections  ","used by"," the satellite"
"inminds.co.uk","speed  cameras  ","used by"," bus companies"
"heacademy.ac.uk","  plants  ","used by"," the "" healers """
"heacademy.ac.uk","  plants  ","used by"," the native"
"maplin.co.uk","  systems  ","used by"," many ancient"
"huntinginquiry.gov.uk","  parameters  ","used by"," IUEDR"
"mqmagazine.co.uk","Main  office  ","used by"," Julian, the"
"interact-sw.co.uk","Inn of the  sort  ","used by"," sailors"
"opsi.gov.uk","of  competence  ","used by"," NCVQ and the"
"big-brother.me.uk","  techniques  ","used by"," successful"
"big-brother.me.uk","  strategies  ","used by"," the industry"
"web.ukonline.co.uk","  shells  ","used by"," US-led forces"
"spartacus.schoolnet.co.uk","of the  method  ","used by"," Israeli"
"people.bath.ac.uk","  premises  ","used by"," the"
"eprints.gla.ac.uk","is in  turn  ","used by"," acpi to"
"sparc.airtime.co.uk","the  violence  ","used by"," John Brown at"
"steelmirrors.co.uk","the  language  ","used by"," Lynch as the"
"mqmagazine.co.uk","have our  work  ","used by"," someone"
"nationalschool.gov.uk","  post  ","used by"," forces"
"pparc.ac.uk",", a  term  ","used by"," Joseph Beuys"
"unixhelp.ed.ac.uk","form of  prayer  ","used by"," Christians"
"eastdevon.gov.uk","- a  term  ","used by"," Barthes to"
"eastdevon.gov.uk","ISA) - the  term  ","used by"," the French"
"eastdevon.gov.uk","Flow - the  term  ","used by"," Katz and"
"painsupport.co.uk","two  books  ","used by"," the Builder ''s"
"web.ukonline.co.uk","the  pork  ","used by"," Christian"
"foe.co.uk","was the  name  ","used by"," a German"
"bdo.co.uk","about  tactics  ","used by"," Suffragettes"
"crystal.dircon.co.uk","of  tools  ","used by"," suspicious"
"painsupport.co.uk","light  range  ","used by"," adventure"
"acegamez.co.uk","and  rabbits  ","used by"," Feldberg and"
"projects.ex.ac.uk","  system  ","used by"," people with"
"lists.grok.org.uk","  advertising  ","used by"," Cheltenham"
"lists.grok.org.uk","  system  ","used by"," the business"
"televisionheaven.co.uk","  deck-bus  ","used by"," most"
"fortunecity.co.uk","  techniques  ","used by"," the pros, so"
"bbsrc.ac.uk","the  Insults  ","used by"," the great Bard"
"acegamez.co.uk","also the  RMs  ","used by"," BEA to"
"poole.gov.uk","known  hymns  ","used by"," ''The Brethren"
"projects.ex.ac.uk","the  examples  ","used by"," the UK"
"youngminds.org.uk",". One  excuse  ","used by"," small"
"kierenmccarthy.co.uk","sort of  scales  ","used by"," anglers for"
"robert-louis-stevenson.classic-literature.co.uk","and  words  ","used by"," the famous"
"phrases.org.uk","  methods  ","used by"," these fakers"
"action-tv.org.uk","of the  hairs  ","used by"," crickets to"
"interact-sw.co.uk","  subcarriers  ","used by"," DRM depends on"
"interact-sw.co.uk","  duration  ","used by"," DAB is only 246"
"interact-sw.co.uk","to the 2.66  ms  ","used by"," DRM in"
"nta.nhs.uk","  cleansers  ","used by"," professional"
"burnyourbonus.co.uk","  programs  ","used by"," genealogists"
"oneguyfrombarlick.co.uk","the  examples  ","used by"," the UK"
"oneguyfrombarlick.co.uk","  technology  ","used by"," terrorists"
"essex.ac.uk","and  words  ","used by"," John F."
"ultimateanimals.co.uk","- a  word  ","used by"," both Freud and"
"graigfarm.co.uk",". The  letters  ","used by"," each port - a"
"casi.org.uk","  method  ","used by"," the Viking 1 & 2"
"www3.open.ac.uk","some  tricks  ","used by"," religions and"
"customs.hmrc.gov.uk","the  memory  ","used by"," the matrix is"
"nef.org.uk","and  concepts  ","used by"," theother."
"ess.uwe.ac.uk","of the  probe  ","used by"," the doctor."
"cpgb.org.uk","and  words  ","used by"," Nelson"
"socialistunitynetwork.co.uk","  definition  ","used by"," Tony himself,"
"wateraid.org.uk","  vessels  ","used by"," people in"
"news.zdnet.co.uk","an old  track  ","used by"," the peat"
"new.edp24.co.uk","the  tools  ","used by"," modern"
"isec2005.org.uk","was of  course  ","used by"," the stone"
"new.edp24.co.uk","and  words  ","used by"," Mark Twain in"
"sport.guardian.co.uk","  trails  ","used by"," native"
"acegamez.co.uk","a  mnemonic  ","used by"," Shepherd:"
"cnetwork.co.uk","and  images  ","used by"," Saunders,"
"cleanlanguage.co.uk","and  words  ","used by"," Abraham"
"essex.ac.uk","  equipment  ","used by"," the music"
"genuki.org.uk","main  method  ","used by"," fraudsters"
"gimbo.org.uk","and out  system  ","used by"," the clients ''"
"painsupport.co.uk","  signs  ","used by"," Washoe to"
"painsupport.co.uk","other  methods  ","used by"," other chimps"
"huntinginquiry.gov.uk","  spectrum  ","used by"," 802.11b is"
"euro.gov.uk","  factors  ","used by"," plant and"
"flexibility.co.uk","  treatment  ","used by"," the"
"swtourism.co.uk"," ","used by"," Mingus and"
"nabd.org.uk","  textbook  ","used by"," the college ("
"mirror.co.uk","the  metadata  ","used by"," the service"
"shop.highlander.co.uk","  vocabulary  ","used by"," employers ("
"tate.org.uk","is a main  text  ","used by"," Predictive"
"history.ac.uk","  databases  ","used by"," Dr Brown ''s"
"incore.ulst.ac.uk","and  words  ","used by"," President"
"dca.gov.uk","the  pseudonym  ","used by"," the maverick"
"nta.nhs.uk","solar  system  ","used by"," astronomers."
"lrb.co.uk","of  plants  ","used by"," traditional"
"moblog.co.uk","of  vocabulary  ","used by"," the women in"
"lovethedogs.co.uk","and  words  ","used by"," Harry S Truman"
"text.valeofglamorgan.co.uk","  investment  ","used by",""
"publications.parliament.uk","of  conduct  ","used by"," my club. You"
"mqmagazine.co.uk","of the  shops  ","used by"," local people ("
"richmond.ac.uk","  standard  ","used by"," fax machines."
"bjr.org.uk","and  shaker  ","used by"," their"
"ff1600.co.uk","wider  limits  ","used by"," other authors"
"ruralgateway.org.uk","exam  software  ","used by",""
"wessexscene.co.uk","  systems  ","used by"," many ancient"
"essex.ac.uk","  Outline  ","used by"," the Group (2)"
"british-history.ac.uk","of the  frames  ","used by"," the"
"british-history.ac.uk","  means  ","used by"," the actors to"
"british-history.ac.uk","three  frames  ","used by"," actors in"
"british-history.ac.uk","the  frames  ","used by"," actors when"
"policyhub.gov.uk","font  format  ","used by"," Windows users"
"socialistunitynetwork.co.uk","and  words  ","used by"," Mahatma"
"mfiles.co.uk",". A  method  ","used by"," many"
"skuds.co.uk","of law  books  ","used by",", e. g. Land"
"ciao.co.uk","is a  residence  ","used by"," Milosevic,"
"cabe.org.uk","  format  ","used by"," the nextract"
"mark-twain.classic-literature.co.uk","of the  means  ","used by"," retailers to"
"pih.org.uk",".  Language  ","used by"," the Bush"
"fantasticfiction.co.uk","  method  ","used by"," athletes to"
"presentationhelper.co.uk","typemap  entry  ","used by"," an XSUB"
"presentationhelper.co.uk","  structures  ","used by"," the C"
"presentationhelper.co.uk","the  memory  ","used by",""
"presentationhelper.co.uk",". The  typemap  ","used by",""
"videoforums.co.uk","the many  media  ","used by"," Surrealist"
"a-london-guide.co.uk","with the  texts  ","used by"," McKoon and"
"a-london-guide.co.uk","of the  texts  ","used by"," McKoon and"
"classic-literature.co.uk","  piano  ","used by"," Pastor Wang ''s"
"janus.lib.cam.ac.uk","''  key  ","used by"," German supply"
"janus.lib.cam.ac.uk","was the  key  ","used by"," elements of"
"myweb.lsbu.ac.uk",", the  tools  ","used by"," the Quarrymen"
"pih.org.uk","  types  ","used by"," the"
"conted.ox.ac.uk","  programs  ","used by"," hackers (eg"
"conted.ox.ac.uk",""" a set of  tools  ","used by"," an intruder"
"cain.ulst.ac.uk","or XML  icons  ","used by"," other sites."
"dur.ac.uk","  programs  ","used by"," genealogists"
"1st-for-french-property.co.uk","(ISO)  glasses  ","used by"," wine (and"
"cpgb.org.uk","aerial  bomb  ","used by"," the Luftwaffe"
"muslimparliament.org.uk","(ISO)  glasses  ","used by"," professional"
"lothene.demon.co.uk","Hind, the  ship  ","used by"," Sir Francis"
"swtourism.co.uk","of  channels  ","used by"," your GPS"
"oneguyfrombarlick.co.uk",""", a  term  ","used by"," the"
"naijaman.cfmxdeveloper.co.uk","; work;  images  ","used by"," charities."
"luciesfarm.co.uk","is one  tool  ","used by"," individuals"
"hmrc.gov.uk","the  approach  ","used by"," Wiltshire"
"ess.uwe.ac.uk","  monitor  ","used by"," the Director"
"peterhead.org.uk","  procedure  ","used by"," Catalyst has"
"peterhead.org.uk","edits the  menu  ","used by"," the startup"
"peterhead.org.uk","The menu  file  ","used by"," the BASIC"
"peterhead.org.uk",". The menu  file  ","used by"," the Pascal"
"thegayvote.co.uk","the  catalogue  ","used by"," human beings"
"netdoctor.co.uk","of the  line  ","used by"," loaded"
"thegayvote.co.uk","of  sentences  ","used by"," the subjects"
"ioe.ac.uk","- A  term  ","used by"," some - usually"
"kent.ac.uk",": - (  image  ","used by"," permission"
"number-10.gov.uk","  advisers  ","used by"," them. In"
"bjr.org.uk","DIN  sockets  ","used by"," Apple."
"femalefirst.co.uk","from the  poles  ","used by"," skiers. In"
"graigfarm.co.uk","The  guides  ","used by"," Child Support"
"graigfarm.co.uk","The  guides  ","used by"," Child Support"
"graigfarm.co.uk","  procedures  ","used by"," staff when"
"euro.gov.uk","  Methods  ","used by"," Tutors The"
"nationalschool.gov.uk","  systems  ","used by"," social"
"sydenham.org.uk","of  terms  ","used by"," Aristotle."
"eclectic.co.uk","the  examples  ","used by"," the UK"
"scienceandsociety.co.uk","in the  words  ","used by"," Micah as a"
"scienceandsociety.co.uk","in  terms  ","used by"," Isaiah to"
"foe.co.uk","  income  ","used by"," rich"
"kingsholm-chronicle.org.uk","  laboratory  ","used by"," Leonardo da"
"cygnus-books.co.uk","  language  ","used by"," you browser."
"cygnus-books.co.uk","  code  ","used by"," tlc-direct"
"dca.gov.uk"," ","used by"," different"
"bnp.org.uk"," ","used by"," Mingus and"
"mqmagazine.co.uk","V8  engine  ","used by"," Rover was?"
"stalbans.gov.uk","  stations  ","used by"," Virgin Trains"
"southbucks.gov.uk","and  words  ","used by"," Richard Nixon"
"action-tv.org.uk","Kente  strips  ","used by"," many black"
"dolphinmusic.co.uk","  measures  ","used by"," the police,"
"worldofcamping.co.uk","vast  canvas  ","used by"," the PR"
"2ndchancepc.co.uk","Survey  maps  ","used by"," the tithe"
"nwda.co.uk","number of  cars  ","used by"," those"
"isc.ac.uk","such  data  ","used by"," Bose for"
"groups.google.co.uk","of the  logic  ","used by"," Euclid in his"
"i-sis.org.uk","''  methods  ","used by"," local"
"patent.gov.uk","and  words  ","used by"," John F."
"british-history.ac.uk","and  tips  ","used by"," De''vo for your"
"spelthorne.gov.uk","leading  firms  ","used by"," trade unions,"
"history.ac.uk","  words  ","used by"," the poet seems"
"acca.co.uk","twisted  cars  ","used by"," suicide"
"eoc-law.org.uk","and  words  ","used by"," Lyndon B."
"teentoday.co.uk","the  discourse  ","used by"," key figures in"
"nabd.org.uk","and  words  ","used by"," George Bush in"
"ulula.co.uk","  process  ","used by"," the"
"ulula.co.uk","  process  ","used by"," the"
"chapmancentral.co.uk","  techniques  ","used by"," industry;"
"onlinedmc.co.uk","(ISO)  glasses  ","used by"," the"
"bwpics.co.uk","to the  machine  ","used by"," human"
"sanger.ac.uk","and  words  ","used by"," Ronald Reagan"
"spelthorne.gov.uk","  sequences  ","used by"," lutenists/"
"rcpbml.org.uk","  technology  ","used by"," US federal"
"leisureconnection.co.uk",".  Churches  ","used by"," these"
"fishandfly.co.uk","your  forms  ","used by"," your company."
"essex.ac.uk","and  words  ","used by"," John F."
"dur.ac.uk","the  ships  ","used by"," Queen"
"classic-literature.co.uk","the  arguments  ","used by"," the Arian"
"arts.ed.ac.uk","and  words  ","used by"," John F."
"blogs.guardian.co.uk","  definition  ","used by"," the GROS."
"kitmax.co.uk","2 is a  coenzyme  ","used by"," many enzymes"
"flexibility.co.uk","the  strategy  ","used by"," C. C. R. U. to"
"londonsalsa.co.uk","at the  moulds  ","used by"," professional"
"londonsalsa.co.uk","  imaging  ","used by"," film stock. As"
"mod.uk","and  words  ","used by"," King Edward"
"bjhc.co.uk","the skin  boats  ","used by"," the Welsh,"
"cleanlanguage.co.uk","the  technique  ","used by"," Laroche at his"
"lists.grok.org.uk","a  speech  ","used by"," Tony Blair to"
"prisonreformtrust.org.uk","in the  methods  ","used by"," our artists"
"prisonreformtrust.org.uk","the  colours  ","used by"," the Japanese"
"prisonreformtrust.org.uk","  calendar  ","used by"," the Japanese"
"watches.co.uk"," ","used by"," the Claritas"
"rcpbml.org.uk","  headline  ","used by"," both the"
"isc.ac.uk","  database  ","used by"," this facility"
"chm.org.uk","style of  font  ","used by"," your browser."
"chm.org.uk","style of  font  ","used by"," your browser."
"isec2005.org.uk","  language  ","used by"," supervisors"
"bwpics.co.uk","the  types  ","used by"," the bushi and"
"nutcote.demon.co.uk","was the  system  ","used by"," the business"
"nutcote.demon.co.uk","was the  system  ","used by"," the business"
"foe.co.uk","is a  standard  ","used by"," various GIS"
"cgoakley.demon.co.uk","  programs  ","used by"," spammers, we"
"presentationhelper.co.uk","held  plectrum  ","used by"," a shamisen"
"i-sis.org.uk","  assessment  ","used by"," government"
"pocket-lint.co.uk","  tactics  ","used by"," Sober. p."
"eng.warwick.ac.uk","the  examples  ","used by"," the UK"
"eng.warwick.ac.uk","  technology  ","used by"," terrorists"
"better-business.co.uk","of  packaging  ","used by"," supermarkets"
"cleanlanguage.co.uk","  molecules  ","used by"," a number of"
"undiscoveredscotland.co.uk","  language  ","used by"," the"
"richmond.ac.uk",",  programs  ","used by"," the Farm"
"richmond.ac.uk","and  programs  ","used by"," Faculty"
"incore.ulst.ac.uk"," ","used by"," the hardware."
"incore.ulst.ac.uk","""  variables  ","used by"," the function"
"incore.ulst.ac.uk","the  objects  ","used by"," a Z-code"
"incore.ulst.ac.uk","  storage  ","used by"," old objects"
"incore.ulst.ac.uk","  table  ","used by"," the "" input """
"defra.gov.uk","Cross ''  symbol  ","used by"," Freemasons"
"nef.org.uk",". All  energy  ","used by"," a creature is"
"pocket-lint.co.uk","is the  grade  ","used by"," wood workers."
"kwintessential.co.uk","is a  term  ","used by"," Lacan in order"
"nta.nhs.uk","of  paper  ","used by"," your school"
"fortunecity.co.uk","Suite in  TLS  ","used by"," Phase 1 S-7 ("
"fishandfly.co.uk","  formats  ","used by"," the Forest Of"
"checkpoint.ansible.co.uk"," ","used by"," the"
"dur.ac.uk","  pseudoymns  ","used by"," Lady Eleanor"
"conted.ox.ac.uk","known  hymns  ","used by"," Strict"
"richmond.ac.uk",", a  technique  ","used by"," Kabbalists ("
"tech.plym.ac.uk","was the  term  ","used by"," Achenwall of"
"insight.zdnet.co.uk","of the  tactics  ","used by"," animal rights"
"tvradiobits.co.uk","the  methods  ","used by"," ringers and to"
"learningtechnologies.co.uk","  constructs  ","used by"," the mining"
"lse.co.uk","  tolerance  ","used by"," the founders."
"primaryresources.co.uk","  propoganda  ","used by"," such software"
"primaryresources.co.uk","  propoganda  ","used by"," such software"
"focusmag.co.uk","  devices  ","used by"," professional"
"essex.police.uk","and  words  ","used by"," Lyndon B"
"championshipmanager.co.uk","  tool  ","used by"," a data base"
"bond.org.uk","  metaphors  ","used by",""
"new-agri.co.uk","the 160  acres  ","used by"," the Nursery,"
"socresonline.org.uk","and  words  ","used by"," John F."
"desistuff.co.uk","  example  ","used by"," Robert, would"
"ramagazine.org.uk","the  examples  ","used by"," the UK"
"essex.police.uk","to the  ships  ","used by"," William of"
"dorsetaonb.org.uk","of the  process  ","used by"," the"
"dorsetaonb.org.uk","  process  ","used by"," the"
"dorsetaonb.org.uk","and  process  ","used by"," the"
"orcadian.co.uk","  format  ","used by"," the 3G devices"
"orcadian.co.uk","H.225  formats  ","used by"," the H.323"
"orcadian.co.uk","(AMR)  formats  ","used by"," the 3G devices"
"orcadian.co.uk","  formats  ","used by"," H.323"
"orcadian.co.uk","  framerates  ","used by"," the various"
"internationalhero.co.uk","  methods  ","used by"," those in"
"internationalhero.co.uk","of  defence  ","used by"," most Germans"
"theatreguidelondon.co.uk","the  products  ","used by"," the general"
"debate.org.uk","but was a  term  ","used by"," public school"
"unitedrant.co.uk","of  practices  ","used by"," mystics to"
"man.ac.uk","coaching  inns  ","used by"," travellers to"
"somis.dundee.ac.uk","and  words  ","used by"," Martin Luther"
"hlst.heacademy.ac.uk","  technologies  ","used by"," the high"
"www-ermm.cbcu.cam.ac.uk","  arrangements  ","used by"," the Big Band on"
"sciencenet.org.uk","employ a  term  ","used by"," Lacan - or of?"
"armedforces.co.uk","the  metadata  ","used by"," the service"
"theatreguidelondon.co.uk","an  instrument  ","used by"," alienists to"
"shu.ac.uk","the  argument  ","used by"," Greeves that:"
"ioewebserver.ioe.ac.uk","the  format  ","used by"," the old APLAWS"
"bcentral.co.uk",". The  aircraft  ","used by"," the"
"publicservice.co.uk","at 1.  Counter  ","used by"," N or any"
"publicservice.co.uk","  language  ","used by"," young British"
"publicservice.co.uk","so the  numbers  ","used by"," P are usually"
"publicservice.co.uk","  identifiers  ","used by"," K and J are"
"kcl.ac.uk","expert  system  ","used by"," doctors to"
"orgs.man.ac.uk","a wooden  hut  ","used by"," them during"
"professorharbottle.co.uk","86.  Methods  ","used by"," community"
"cyberselect.co.uk","vast  canvas  ","used by"," the PR"
"orcadian.co.uk","  information  ","used by"," the third"
"hitched.co.uk","notice  board  ","used by"," market makers"
"footy4kids.co.uk","  methods  ","used by"," successful"
"malehealth.co.uk","and  words  ","used by"," Pope John Paul"
"beingmrkenny.co.uk","(the  language  ","used by"," a student in"
"beingmrkenny.co.uk","  plants  ","used by"," shamans,"
"nya.org.uk","  database  ","used by"," Knight Ridder"
"psnc.org.uk","of  pigments  ","used by"," artists were"
"legendarydartmoor.co.uk","the  model  ","used by"," government"
"uncommon-knowledge.co.uk","and  words  ","used by"," Sir Winston"
"westyorkshire.police.uk","  address  ","used by"," many"
"weatheronline.co.uk","bad  arguments  ","used by"," Camus and"
"sohp.soton.ac.uk","the  wording  ","used by"," the Executive"
"tvradiobits.co.uk","a  workroom  ","used by"," Jekyll,"
"jedisparadise.co.uk","the  colours  ","used by"," the designer"
"jedisparadise.co.uk","the  fonts  ","used by"," the designer"
"theedge.abelgratis.co.uk","the  vehicles  ","used by"," this operator"
"pepesplace.co.uk","the  grounds  ","used by"," Lancashire,"
"legendarydartmoor.co.uk","  procedure  ","used by"," Compton may be"
"avtalk.co.uk","the  aerodrome  ","used by"," the Boss ''s """
"healeyhero.co.uk","raw  materials  ","used by"," renderers. 4"
"24hourmuseum.org.uk","  process  ","used by"," Gilardoni who"
"bose.co.uk","of  techniques  ","used by"," the experts."
"literacytrust.org.uk","  form  ","used by"," Community"
"eif.co.uk","and the  shapes  ","used by"," dancers,"
"carnegieuktrust.org.uk","  code  ","used by"," the UK"
"shepherd-neame.co.uk","  procedures  ","used by"," Clark and"
"shepherd-neame.co.uk","  questions  ","used by"," the Clarks"
"hysteria-lives.co.uk","was a  term  ","used by"," the"
"kensington-unitarians.org.uk","  identifiers  ","used by"," the URLs in"
"caa.co.uk","  instruments  ","used by"," Galileo to"
"accomodata.co.uk","  criteria  ","used by"," different"
"npl.co.uk","  residences  ","used by"," Milosevic,"
"hlst.heacademy.ac.uk","  spelling  ","used by"," the Kings of"
"westyorkshire.police.uk","  string  ","used by"," printf. For"
"artshole.co.uk","only  resource  ","used by"," twm is"
"artshole.co.uk","  squares  ","used by"," the resize"
"path.cam.ac.uk","by the  methods  ","used by"," the ruling"
"desistuff.co.uk","  equipment  ","used by"," your child"
"accountability.org.uk","the  standard  ","used by",""
"publicservice.co.uk","'' is a  term  ","used by"," Paul Gilbert"
"bexley.gov.uk","  system  ","used by"," professional"
"wakefield.gov.uk","the  arguments  ","used by"," the Yes"
"portcities.org.uk","in the  text  ","used by"," Tatian when"
"portcities.org.uk","main  source  ","used by"," the author of"
"avreview.co.uk","  criterion  ","used by"," the person"
"bsactravelclub.co.uk","the  methods  ","used by"," the state is"
"bsactravelclub.co.uk","  techniques  ","used by"," states and"
"sciencenet.org.uk",", the  tools  ","used by"," the Quarrymen"
"practicalpc.co.uk","paper  format  ","used by"," about 95 % of"
"practicalpc.co.uk","size  system  ","used by"," > 90 % of the"
"portakabin.co.uk","of the  words  ","used by"," the"
"portakabin.co.uk","is the  sense  ","used by"," Macaulay when"
"shu.ac.uk","  programs  ","used by"," genealogists"
"shu.ac.uk","  programs  ","used by"," genealogists"
"shu.ac.uk","  programs  ","used by"," genealogists"
"sovereignty.org.uk","of  space  ","used by"," a table/ index"
"prudential.co.uk","  intimidation  ","used by"," the monks was"
"wrap.org.uk","merely a  word  ","used by"," europhiles"
"healthmatters.org.uk",", the  step  ","used by"," the gents in"
"epic.co.uk","pathetic  ploy  ","used by"," these sad"
"cherryred.co.uk","  documents  ","used by"," current and"
"illumin.co.uk","main  tricks  ","used by"," those music-"
"illumin.co.uk","is a  system  ","used by"," people who"
"crassh.cam.ac.uk"," ","used by"," many systems"
"subbrit.org.uk","the  ones  ","used by"," the police and"
"subbrit.org.uk",". htm Dog  boots  ","used by"," service and"
"ccw.gov.uk","other  cinemas  ","used by"," the LFF."
"comms.scitech.susx.ac.uk","on the  means  ","used by"," nature to"
"uec.ac.uk","  techniques  ","used by"," cults to break"
"lag.org.uk","  encryption  ","used by"," tv providers"
"direct.gov.uk","be the  methods  ","used by"," Uri. A viewing"
"money.independent.co.uk","of the  water  ","used by"," a similar"
"ccw.gov.uk","  programs  ","used by"," genealogists"
"chaosscience.org.uk","  minerals  ","used by"," Baileys."
"chaosscience.org.uk","yeast  culture  ","used by"," Baileys."
"roehampton.ac.uk"," ","used by"," FR have been"
"spaced-out.org.uk","  approach  ","used by"," Occupational"
"forum.keypublishing.co.uk","heavy  metals  ","used by"," insects in"
"guysandstthomas.nhs.uk","  electricity  ","used by"," a Good Energy"
"pcadvisor.co.uk","''s  dollars  ","used by"," Moss). This"
"uea.ac.uk"," ","used by"," PSU as part of"
"calderdale.gov.uk","  significance  ","used by"," those"
"alt.ac.uk",", the  method  ","used by"," the Agency:"
"alt.ac.uk","the pink  types  ","used by"," some butchers"
"alt.ac.uk","  practices  ","used by",", other"
"getahead.ltd.uk","  engines  ","used by"," humanity is"
"archaeology.co.uk","is  ''still  ","used by"," some as a"
"exeter.gov.uk","  workshop  ","used by"," Raynet. The"
"historic-scotland.gov.uk","  protocol  ","used by"," trabditional"
"buildingdesign.co.uk","such  data  ","used by"," Bose for"
"citizenshipfoundation.org.uk","Ages  weapons  ","used by"," the lower"
"barnardos.org.uk",", the  church  ","used by"," the"
"health.org.uk",". '' The  grammar  ","used by"," Parmenides in"
"uktsupport.co.uk","  computation  ","used by"," al-Khalili in"
"blogigo.co.uk","the  headings  ","used by"," the"
"partnerships.org.uk","  techniques  ","used by"," NSE"
"thecornerhouse.org.uk","the  technique  ","used by"," Daguerre to"
"education.independent.co.uk","  apparatus  ","used by"," Florey and"
"bmic.co.uk","made ''  venues  ","used by"," Chippenham,"
"palimpsest.org.uk","? the  terms  ","used by"," nurses only - a"
"islamic-college.ac.uk","of  evidence  ","used by"," security"
"independentliving.co.uk","the  hosts  ","used by"," several"
"spuc.org.uk","and  words  ","used by"," Ronald Reagan"
"focusmag.co.uk","  strategies  ","used by"," 10 global"
"wakefield.gov.uk","in the  band  ","used by"," DAB will all"
"brunel.ac.uk","- it is the  term  ","used by"," Freud - a"
"cph.rcm.ac.uk","there is a  camp  ","used by"," TNC. After a"
"sickthingsuk.co.uk","  objects  ","used by"," the living"
"valentine.chadwyck.co.uk","(ISO)  glasses  ","used by"," the"
"nhsplus.nhs.uk","  call  ","used by"," hen puddle"
"cls.ioe.ac.uk","of the  plants  ","used by"," the kahuna"
"ownersdirect.co.uk","and  words  ","used by"," Tony Blair in"
"thecornerhouse.org.uk","  strategies  ","used by"," leading"
"omni.ac.uk","the  ships  ","used by"," the archaic"
"omni.ac.uk","  terms  ","used by"," medieval"
"theanswerbank.co.uk","of IP  numbers  ","used by"," the member,"
"atschool.eduweb.co.uk","the  criteria  ","used by"," these schemes"
"adeptscience.co.uk","of No 4  rifles  ","used by"," British"
"age-net.co.uk","  diagnoses  ","used by"," the DoD and DVA"
"age-net.co.uk","  system  ","used by"," the DoD and DVA"
"redflag.org.uk","  approach  ","used by"," most"
"palimpsest.org.uk","  technology  ","used by"," our visitors."
"shop.gameplay.co.uk",": "" The  saddles  ","used by"," the City of"
"cer.org.uk","from  sources  ","used by"," higher castes"
"careers.ed.ac.uk","  table  ","used by"," the clerk ever"
"bseinquiry.gov.uk","from the  ones  ","used by"," mathematics"
"lhc.org.uk","  plants  ","used by"," the natives ("
"aimhigher.ac.uk","  browser  ","used by"," many visually"
"asab.icapb.ed.ac.uk","and  tips  ","used by"," De''vo for your"
"crbs.org.uk","  techniques  ","used by"," foam gelatine"
"crbs.org.uk","- the  type  ","used by"," professional"
"healeyhero.co.uk","a bent  head  ","used by"," a shepherd."
"healeyhero.co.uk",". For a  crook  ","used by"," a bishop use"
"edinburgh-tattoo.co.uk","uba, a  plant  ","used by"," the Amazon"
"onlinenews.warwickshire.police.uk","  guidelines  ","used by"," the Unit are"
"caa.co.uk","  algorithm  ","used by"," MPEG-1 DGN"
"caa.co.uk","was the  name  ","used by"," the three"
"caa.co.uk"," ","used by"," the European"
"caa.co.uk","  protocol  ","used by"," most Internet"
"caa.co.uk","  architecture  ","used by"," the HFC (IEEE"
"caa.co.uk","  address  ","used by"," browsers. WWW"
"uec.ac.uk","Lives  survey  ","used by"," Davies et al ("
"shepherd-neame.co.uk",". The  rhetoric  ","used by"," Taylor in ''The"
"melonfarmers.co.uk","  publication  ","used by"," publishers,"
"money.independent.co.uk","  present  ","used by"," Paul to"
"word-on-the-web.co.uk","the  excuse  ","used by"," the sad folk"
"gro-scotland.gov.uk","  instruction  ","used by"," colleges and"
"carnegiegreenaway.org.uk","and  words  ","used by"," Abraham"
"missiedith.bentbacktulips.co.uk","from  theory  ","used by"," others seems"
"primaryresources.co.uk","the small  hut  ","used by"," the stones ''"
"diydoctor.org.uk","  substantives  ","used by"," Jackson to"
"diydoctor.org.uk","the  method  ","used by"," the taster to"
"redflag.org.uk","and so the  work  ","used by"," most of us for"
"ability.org.uk","ridge  route  ","used by"," prehistoric"
"professorharbottle.co.uk","the  language  ","used by"," physicians"
"hlst.heacademy.ac.uk","  example  ","used by"," Robert, would"
"teachingcitizenship.org.uk","  system  ","used by"," Paul Smith"
"crbs.org.uk","the  methods  ","used by"," the man they"
"skyscript.co.uk","is the  method  ","used by"," MBD when"
"grangehillfans.co.uk","stand on  sites  ","used by"," smugglers of"
"educ.cam.ac.uk","''  addresses  ","used by"," the computers"
"education.independent.co.uk","  processes  ","used by"," artists,"
"www2.netdoctor.co.uk","and  tools  ","used by"," commercial"
"princes-trust.org.uk","powerful  drug  ","used by"," mankind ""). He"
"ltu.mmu.ac.uk","  plants  ","used by"," shamans,"
"sovereignty.org.uk","the  arguments  ","used by"," those who"
"mandrake.demon.co.uk","all the  gear  ","used by"," the Club in the"
"artshole.co.uk",""" is the  term  ","used by"," the observer"
"islamic-college.ac.uk","  alphabet  ","used by"," sighted"
"ouabc.co.uk","  techniques  ","used by"," top"
"warwickshire-wildlife-trust.org.uk","  techniques  ","used by"," those doctors"
"soup.co.uk","that  data  ","used by"," ESA to manage"
"abtn.co.uk","the  imagery  ","used by"," Moses in"
"epilepsy.org.uk","in any  slogan  ","used by"," the anti-euro"
"eclipselegal.co.uk","  Presentation  ","used by"," Carol Twigg"
"eclipselegal.co.uk","  Presentation  ","used by"," Etienne"
"abi.co.uk","  techniques  ","used by"," diagnostic"
"zx81.org.uk","of the  weapons  ","used by"," the killer"
"thekidswindow.co.uk","  hospitality  ","used by"," travellers"
"ri.ac.uk","and  words  ","used by"," Lancelot"
"blackpig.co.uk","the  ones  ","used by"," the ETRANS"
"www2.netdoctor.co.uk","  standards  ","used by"," the"
"lense.net.uk","the  databases  ","used by"," Zhangmen 8,"
"cs.le.ac.uk","powerful  drug  ","used by"," mankind ""). He"
"glasgowarchitecture.co.uk","is a  measure  ","used by"," Transport for"
"horniman.ac.uk","  devices  ","used by"," carpenters to"
"forum.cantstopthesignal.co.uk","an  epithet  ","used by"," tyrants to"
"theatreguidelondon.co.uk","all the  words  ","used by"," the great"
"divinity.cam.ac.uk","is the  service  ","used by"," Windows NT"
"kneeling.co.uk","of many  ruses  ","used by"," professed"
"dvd.reviewer.co.uk","  colour  ","used by"," the local"
"tutorials.beginners.co.uk","the RAW  format  ","used by"," many digital"
"lse.co.uk","is the  service  ","used by"," Windows NT"
"ulster.ac.uk","and  words  ","used by"," Robert F."
"cd.ciao.co.uk","  directory  ","used by"," the SARA"
"lcace.org.uk","the input  file  ","used by"," flower97: if"
"footy4kids.co.uk","and  words  ","used by"," General"
"cheshirefire.co.uk",". The bit  rates  ","used by"," the BBC has"
"ardue.org.uk","of a  type  ","used by"," the County"
"unitedrant.co.uk","the  factories  ","used by"," the"
"realclassic.co.uk","  algorithms  ","used by"," such search"
"cyberselect.co.uk","head by  rifle  ","used by"," a concealed"
"uce.ac.uk","  language  ","used by"," the Russian"
"bond.org.uk","plot  devices  ","used by"," authors down"
"bond.org.uk","  ideas  ","used by"," many people"
"thamesweb.co.uk","debug  level  ","used by"," the server. If"
"charles-darwin.classic-literature.co.uk","  address  ","used by"," the System"
"uktsupport.co.uk","powerful  drug  ","used by"," mankind ""). He"
"thamesweb.co.uk","and  words  ","used by"," Ronald Reagan"
"geraldengland.co.uk","the  arguments  ","used by"," Job and his"
"alistlookalikes.co.uk","screen  area  ","used by"," the browser"
"islamic-college.ac.uk","to the  word  ","used by"," North Koreans"
"housepricecrash.co.uk","and  words  ","used by"," Martin Luther"
"poetrymagazines.org.uk","  calendar  ","used by"," the writers of"
"historylearningsite.co.uk","  processes  ","used by"," staff needed"
"show.me.uk","PC  platform  ","used by"," Apple."
"warwickshire-wildlife-trust.org.uk","'' the  term  ","used by"," Home Office,"
"theatre-wales.co.uk"," ","used by"," these """
"jardmail.co.uk","and  words  ","used by"," Martin Luther"
"ndad.nationalarchives.gov.uk","  aids  ","used by"," Samuel de"
"chaosscience.org.uk","was on the  site  ","used by"," the Admiralty"
"dpawson.co.uk","  method  ","used by"," Indian"
"mininginstitute.org.uk","lanes and  cuts  ","used by"," the moor"
"foundationtv.co.uk","precise  words  ","used by"," Sgt. Cox to"
"essex.police.uk",", is the  cup  ","used by"," Jesus at the"
"cwn.org.uk","  criteria  ","used by"," the British"
"mininginstitute.org.uk","This was a  term  ","used by"," Avalon ''s"
"buildingdesign.co.uk",". 5 The  method  ","used by"," the Medieval"
"nya.org.uk","and  surveying  ","used by"," the Romans"
"nya.org.uk","the  ritual  ","used by"," Black Elk (an"
"sfx.co.uk","the  equipment  ","used by"," Paul Widger,"
"getahead.ltd.uk","  methods  ","used by"," successful"
"library.stir.ac.uk",":  Products  ","used by"," consumers"
"library.stir.ac.uk","  equipment  ","used by"," members at a"
"library.stir.ac.uk","power  tools  ","used by"," skilled,"
"shiftydisco.co.uk","of the  codes  ","used by"," this scheme"
"glos.ac.uk","to the  Emetics  ","used by"," some"
"psnc.org.uk","  forms  ","used by"," the prophets"
"thamesweb.co.uk",".  Equipment  ","used by"," reserve"
"kavkaz.org.uk","  accessories  ","used by"," an ornamental"
"thecornerhouse.org.uk","the coble  boat  ","used by"," Grace in her"
"westyorkshire.police.uk","The  processes  ","used by"," institutions"
"num.org.uk","  sound  ","used by"," Hindus to"
"squashsite.co.uk","% of the  energy  ","used by"," the UK ''s"
"ardue.org.uk","or the  bag  ","used by"," shepherds; to"
"bectu.org.uk","  information  ","used by"," regulators to"
"accountability.org.uk","or  writing  ","used by"," a particular"
"cancerhelp.org.uk","  plasters  ","used by"," Barbara"
"advaita.org.uk","  language  ","used by"," the Russian"
"ccruni.gov.uk","  vehicle  ","used by"," Batman. Was"
"new-agri.co.uk","  class  ","used by"," System. Web."
"lang.soton.ac.uk","  methods  ","used by"," successful"
"ucs.ed.ac.uk","text  searches  ","used by"," OCA are based"
"wen.org.uk","and  words  ","used by"," Ronald Reagan"
"pro-g.co.uk","  frequencies  ","used by"," the body ''s own"
"rss.org.uk","  terminology  ","used by"," the medical"
"squashsite.co.uk","and  words  ","used by"," Dwight D."
"thecornerhouse.org.uk","Mk1  shells  ","used by"," the"
"thecornerhouse.org.uk","de Aviz ''  badge  ","used by"," pro-Franco"
"redking.co.uk","  vocabulary  ","used by"," employers ("
"theatreguidelondon.co.uk","  activities  ","used by"," the SAP teams"
"savoy.abel.co.uk","  premises  ","used by"," young people."
"ridley.cam.ac.uk","of the  Koran  ","used by"," Muhammad"
"cofepow.org.uk","  techniques  ","used by"," theoretical"
"poetrymagazines.org.uk","  carriage  ","used by"," the Gardiners"
"marlab.ac.uk","  messages  ","used by"," routing"
"careers.ed.ac.uk","  methods  ","used by"," fundies all"
"vacant.org.uk","are old  tracks  ","used by"," the"
"workingintheuk.gov.uk","on the  helmets  ","used by"," the Canadian"
"workingintheuk.gov.uk","of  helmet  ","used by"," the German"
"word-on-the-web.co.uk","  control  ","used by"," OWA for HTML"
"jardmail.co.uk","of  speech  ","used by"," young people"
"fdean.gov.uk","  utility  ","used by"," UMAP, now is"
"cep.lse.ac.uk","  strategies  ","used by"," the sample of"
"cep.lse.ac.uk","  strategies  ","used by"," individuals"
"churchhouseconf.co.uk","and  tools  ","used by"," health and"
"publicfinance.co.uk","ancient  track  ","used by"," the monks of"
"diydoctor.org.uk","and  words  ","used by"," John F."
"redflag.org.uk","  emblems  ","used by"," British"
"korguksupport.co.uk","  techniques  ","used by"," top"
"gardenorganic.org.uk"," ","used by"," firms as part"
"liberty-human-rights.org.uk","  arguments  ","used by"," Christians"
"wda.co.uk","is the  bell  ","used by"," Perrin and"
"ati.surrey.ac.uk","  categories  ","used by"," Evans in"
"clean-image.co.uk","  numbers  ","used by"," the European"
"pfc.org.uk","and  words  ","used by"," George W Bush"
"motoring.independent.co.uk","and the  guides  ","used by"," staff when"
"princelyrics.co.uk","the  system  ","used by"," Medicare in"
"gro-scotland.gov.uk","and  events  ","used by"," control"
"palimpsest.org.uk","  definition  ","used by"," IACMST in its"
"bcentral.co.uk","  source  ","used by"," both Matthew"
"brad.ac.uk","  aids  ","used by"," Henry Hudson"
"teaching-abroad.co.uk","  websites  ","used by"," production"
"wen.org.uk","of the  ship  ","used by"," Jacques"
"wen.org.uk","  aids  ","used by"," Jacques"
"epic.co.uk","  Voicebank  ","used by"," journalists"
"italian.classic-literature.co.uk","of  tools  ","used by"," consultants"
"omni.ac.uk","of web  content  ","used by"," the"
"edinphoto.org.uk","  process  ","used by"," EPSRC to"
"eif.co.uk","on: Show  terms  ","used by",": [ all ] ADL"
"magonia.demon.co.uk","  browser  ","used by"," many blind web"
"orcadian.co.uk","of the  flint  ","used by"," West Heath"
"publications.oxfam.org.uk","  firms  ","used by"," the Bank also"
"surreycc.gov.uk","and  words  ","used by"," Bill Clinton"
"theatreguidelondon.co.uk","  locomotives  ","used by"," NNPC, sold to"
"healthscience.swansea.ac.uk","  fetuses  ","used by"," the pro-life"
"healthscience.swansea.ac.uk","  fetuses  ","used by"," pro-life"
"selectideas.co.uk","  method  ","used by"," K&N to develop"
"archives.gla.ac.uk",". The  power  ","used by"," a cyclotron is"
"blogigo.co.uk","  techniques  ","used by"," the UK social"
"thamesweb.co.uk","  technologies  ","used by"," the website"
"healeyhero.co.uk","the  resources  ","used by"," the Police to"
"request.org.uk","that the  ships  ","used by"," the"
"bseinquiry.gov.uk","  strategies  ","used by"," families who"
"theglobalsite.ac.uk","  standard  ","used by"," Apple"
"theweddingnetwork.co.uk","  co-repressor  ","used by"," several"
"huddersfield1.co.uk","and  words  ","used by"," Nelson"
"harpercollins.co.uk","inlet  system  ","used by"," the MS-200 the"
"armedforces.co.uk","  application  ","used by"," all world"
"orcadian.co.uk","  argument  ","used by"," web"
"ilrt.bris.ac.uk","  techniques  ","used by"," the group is"
"supertarot.co.uk","the  chassis  ","used by"," Acer Acros"
"erieri.co.uk","channel  group  ","used by"," the"
"blogigo.co.uk","a RIS  image  ","used by"," your virtual"
"caa.co.uk","- the  process  ","used by"," the"
"hiroshige.org.uk","  question  ","used by"," mischievous"
"socresonline.org.uk","  techniques  ","used by"," students with"
"dh.gov.uk","the XML  format  ","used by"," the Pappocom"
"cambs.police.uk",", the  ships  ","used by"," both William"
"buildingdesign.co.uk","NiMH  battery  ","used by"," GM EV1, though"
"dpawson.co.uk","  systems  ","used by"," US forces in"
"turkeyrealestate.co.uk","as the  lance  ","used by"," the blind"
"bibic.org.uk","  counterstamp  ","used by"," the potter"
"winspiration.co.uk","a  concept  ","used by"," magickians"
"unitnews.co.uk","  parameters  ","used by"," the Court of"
"webtag.org.uk","  alternative  ","used by"," the car driver"
"eternalnight.co.uk","  plant  ","used by"," the Shamans"
"ownersdirect.co.uk","and  concepts  ","used by"," the New"
"tht.org.uk","are the  means  ","used by"," the Sage to"
"talkpolitics.users20.donhost.co.uk","  portal  ","used by"," clients as"
"professorharbottle.co.uk",", the  latrines  ","used by"," several"
"man.ac.uk","on a busy  trail  ","used by"," porters and"
"natwest.co.uk","the  sources  ","used by"," the biblical"
"natwest.co.uk","Eastern  myths  ","used by"," the writer but"
"comedycv.co.uk","  Stations  ","used by"," SYSTEM E) of"
"harpercollins.co.uk","  products  ","used by"," ramblers and"
"journalism.cf.ac.uk","  systems  ","used by"," their pilots"
"cherryred.co.uk","  bases  ","used by"," the United"
"unitedrant.co.uk","the  memory  ","used by"," each mode is"
"jbe.gold.ac.uk","  positions  ","used by"," Ernest (1991)"
"jbe.gold.ac.uk","  approaches  ","used by"," teachers, and"
"recklessgardener.co.uk","amount of  oil  ","used by"," the country ''s"
"tigersfc.co.uk","the  force  ","used by"," police, not"
"epic.co.uk",",  properties  ","used by"," the disabled"
"insolvency.gov.uk","  aircraft  ","used by"," the RAF. To"
"newbusiness.co.uk","the  software  ","used by"," your brain? """
"placeboworld.co.uk","disc of  lead  ","used by"," Greek scribes"
"placeboworld.co.uk","in the  model  ","used by"," the copyist?"
"themostannoyingsiteintheworld.co.uk","?  techniques  ","used by"," trusts to"
"seethru.co.uk","  methods  ","used by"," the Israeli,"
"seethru.co.uk",""" The ""  method  ","used by"," Uri in these"
"lff.org.uk","the  rhetoric  ","used by"," the political"
"gradsoc.jesus.cam.ac.uk","  Literature  ","used by"," the da''is is"
"healthscience.swansea.ac.uk","  aids  ","used by"," Vasco da Gama"
"portakabin.co.uk","the  chart  ","used by"," Jeffrey Sachs"
"whitedragon.org.uk","the  methods  ","used by"," the?"
"recklessgardener.co.uk","  system  ","used by"," dynamic"
"weddingguide.co.uk","and  words  ","used by"," Margaret"
"ccruni.gov.uk","  information  ","used by"," learners is"
"mountaineering-scotland.org.uk",". Soul/  jazz  ","used by"," Ben to let out"
"portcities.org.uk","an  expression  ","used by"," the first"
"buildingdesign.co.uk",". Place  names  ","used by"," the earliest"
"backroadstouring.co.uk","  techniques  ","used by"," police"
"portcities.org.uk","the  route  ","used by"," traders,"
"primaryresources.co.uk","  channels  ","used by"," resource poor"
"glasgowarchitecture.co.uk","the. PAC  files  ","used by"," the parent"
"esds.ac.uk",") A  ratio  ","used by"," Swedish life"
"esds.ac.uk","  tool  ","used by"," UK companies"
"learningtechnologies.co.uk","  service  ","used by"," many UK"
"alt.ac.uk","are  terms  ","used by"," Shi`is to"
"num.org.uk","  example  ","used by"," Mary Marien on"
"num.org.uk","  phrases  ","used by"," nationalists"
"raf.mod.uk","  codecs  ","used by"," DRM), and as it"
"italian.classic-literature.co.uk","and  words  ","used by"," Mother Teresa"
"hazelden.org.uk","the  passwords  ","used by"," you in"
"dcs.shef.ac.uk","  enclosures  ","used by"," the miners and"
"footy4kids.co.uk","and  sights  ","used by"," the Chinese"
"ecmselection.co.uk","  techniques  ","used by"," Hezbollah in"
"hlst.heacademy.ac.uk","  microphone  ","used by",""
"ymss.org.uk","  techniques  ","used by"," Geller! ) He"
"ids.ac.uk","for  swiftlets  ","used by"," Chamorro"
"ids.ac.uk",".  Caves  ","used by"," A. (v.)"
"eclipselegal.co.uk",", the  figures  ","used by"," the US and"
"eclipselegal.co.uk",". The  software  ","used by"," the"
"gardenorganic.org.uk","  pathways  ","used by"," these"
"islamic-college.ac.uk","and  words  ","used by"," Adolf Hitler"
"camden.gov.uk","  products  ","used by"," children are"
"lsbu.ac.uk","  arguments  ","used by"," Christians"
"vam.ac.uk","  directory  ","used by"," the SARA"
"independentliving.co.uk","  part-books  ","used by"," musicians at"
"insight.zdnet.co.uk","and  words  ","used by"," George C."
"bluetack.co.uk","of  contempt  ","used by"," the other"
"theglobalsite.ac.uk","the  premises  ","used by"," the"
"jedisparadise.co.uk","pickup  tracks  ","used by"," the local"
"the-fan.co.uk","  horizon  ","used by"," Pro displays"
"newburytheatre.co.uk","  arguments  ","used by"," Christians"
"warwickshire-wildlife-trust.org.uk","of the  tactics  ","used by"," the"
"unitnews.co.uk","network  card  ","used by"," the guest"
"unitnews.co.uk","all the  files  ","used by"," Pear PC. ppc."
"marlab.ac.uk","The  mechanism  ","used by"," the"
"abtn.co.uk","the  memory  ","used by"," a dynamic"
"fuk.co.uk","  designation  ","used by"," SNH to denote"
"psychol.ucl.ac.uk",". The  language  ","used by"," that client"
"scholarships.ed.ac.uk","  electricity  ","used by"," a video"
"dh.gov.uk","the  evening  ","Used by"," experienced"
"fashionunited.co.uk","  explanation  ","used by"," ITV for its"
"bluecross.org.uk","  devices  ","used by"," business"
"skyscript.co.uk","similar  terms  ","used by"," employers and"
"saa.co.uk","of the  toolkit  ","used by"," the programme"
"thewestonmercury.co.uk","  template  ","used by"," the animators"
"fitz.cam.ac.uk","the  fonts  ","used by"," the PcW16 are"
"ppewww.ph.gla.ac.uk","to the  ones  ","used by"," TVR. It turned"
"cer.org.uk","to the  tactics  ","used by"," people who"
"themostannoyingsiteintheworld.co.uk","  applications  ","used by"," many blind"
"omni.ac.uk","and  ideas  ","used by"," the teacher."
"healthscience.swansea.ac.uk","of  expression  ","used by"," the Japanese -"
"essex.police.uk","  factories  ","used by"," the"
"sfx.co.uk","  equipment  ","used by"," you to access"
"new-agri.co.uk","  accessories  ","used by"," an ornamental"
"bectu.org.uk","  scheme  ","used by"," most"
"varietyclub.org.uk","  technique  ","used by",""
"hlst.heacademy.ac.uk","  techniques  ","used by"," saddam to"
"amos-sct.org.uk","the  aircraft  ","used by"," the Securite"
"show.me.uk","  texts  ","used by"," Sitchin have"
"qaa.ac.uk"," ","used by"," the OrangeUSB"
"dpawson.co.uk","14 nissen  huts  ","used by"," American"
"dpawson.co.uk","gun  bullets  ","used by"," the bomber and"
"proquest.co.uk","as the  colours  ","used by"," GoogleEarth"
"teachingenglish.org.uk",".  Strategies  ","used by",""
"bhx.co.uk","  codes  ","used by"," hospitals,"
"westminster.gov.uk","the  dugout  ","used by"," Wilfred Owen"
"lhc.org.uk","L, double  room  ","used by"," 1 person"
"lhc.org.uk","L, double  room  ","used by"," 1 person"
"redflag.org.uk","but the  slogan  ","used by"," the company"
"rcsed.ac.uk","and  words  ","used by"," Richard Nixon"
"met.police.uk","MPEG2  files  ","used by"," AutoGK). If"
"armedforces.co.uk","  techniques  ","used by"," top"
"squashsite.co.uk","power.  Land  ","used by"," peasants to"
"richmondreview.co.uk","  formations  ","used by"," the famous"
"cofepow.org.uk","some  measure  ","used by"," all civil"
"tptb.co.uk","murder  bags  ","used by"," detectives."
"tptb.co.uk","motor  car  ","used by"," the Flying"
"focusmag.co.uk","core  skills  ","used by",""
"uktsupport.co.uk","  Scriptures  ","used by"," the Jews and"
"uktsupport.co.uk","the same  book  ","used by"," the Jews and"
"malehealth.co.uk","square  sails  ","used by"," the Roman, and"
"churchinwales.org.uk","the  websites  ","used by"," production"
"thenewspaper.org.uk",", the bit  rates  ","used by"," the Virgin/BT"
"cambs.police.uk","  choice  ","used by"," local"
"preachtheword.co.uk","  tool  ","used by"," police"
"crassh.cam.ac.uk","the  methods  ","used by"," Hopkins to"
"crassh.cam.ac.uk","  techniques  ","used by"," Hopkins and"
"inclusive.co.uk","and  words  ","used by"," Malcolm X in"
"cronab.demon.co.uk","and  words  ","used by"," Harold Ickes"
"healthmatters.org.uk","to the  scheme  ","used by"," Mackintosh"
"ramagazine.org.uk","same  piping  ","used by"," the Luftwaffe"
"uec.ac.uk","the high  dose  ","used by"," the Bwiti for a"
"sovereignty.org.uk","file  format  ","used by"," popular CAD/"
"orgs.man.ac.uk","and  words  ","used by"," James Monroe"
"healthscience.swansea.ac.uk","and  skis  ","used by"," Scott and"
"ability.org.uk","it is a  retreat  ","used by"," anglers and"
"rss.org.uk","and  words  ","used by"," Woodrow"
"missiedith.bentbacktulips.co.uk","Other  weapons  ","used by"," the German"
"missiedith.bentbacktulips.co.uk","other  weapons  ","used by"," German"
"missiedith.bentbacktulips.co.uk","The small  arms  ","used by"," the"
"missiedith.bentbacktulips.co.uk","as the  ones  ","used by"," their"
"educ.cam.ac.uk","of brand  names  ","used by",""
"www-users.york.ac.uk","okapi  ranking  ","used by"," SPS for search"
"cstr.ed.ac.uk","the  notation  ","used by"," bell ringers."
"icnorthwales.icnetwork.co.uk","debug  level  ","used by"," the client. If"
"bornfree.org.uk","amount of  fuel  ","used by"," vehicles on"
"supertarot.co.uk","  vocabularies  ","used by"," Scottish"
"javu.co.uk","and  words  ","used by"," John F Kennedy"
"comp.glam.ac.uk","the  methods  ","used by"," us to identify"
"ind.homeoffice.gov.uk","normal  dates  ","used by"," the National"
"educ.cam.ac.uk","tRNA  primer  ","used by"," the virus to"
"turkeyrealestate.co.uk","  strategies  ","used by"," immigrant"
"skyscript.co.uk","is a  technique  ","used by"," people who try"
"redflag.org.uk","  weapons  ","used by"," all soccer"
"comms.scitech.susx.ac.uk","the  technique  ","used by"," Laroche; a"
"comms.scitech.susx.ac.uk","  techniques  ","used by"," Laroche early"
"orgs.man.ac.uk","and  words  ","used by"," Earl of"
"victorianartinbritain.co.uk","and  words  ","used by"," Franklin D."
"newstartmag.co.uk","  program  ","used by"," many IMC sites"
"publicfinance.co.uk","on the  methods  ","used by"," Harold"
"bond.org.uk","  company  ","used by"," the"
"croydoncavingclub.org.uk",", the  studio  ","used by"," the"
"omni.ac.uk","  metaphors  ","used by"," most"
"barnardos.org.uk","  weapon  ","used by"," the Tories. To"
"ubu.org.uk","  techniques  ","used by"," the UK social"
"dptac.gov.uk","to be the  form  ","used by"," the man"
"dptac.gov.uk","the  source  ","used by"," Carrick"
"winspiration.co.uk",", a  hillfort  ","used by"," the Dacians,"
"winspiration.co.uk",", a  hillfort  ","used by"," Russians in"
"epic.co.uk",". Other  means  ","used by"," my"
"epic.co.uk","  strategy  ","used by"," Ikea to"
"charles-darwin.classic-literature.co.uk"," ","used by"," its players:"
"fashionunited.co.uk","  galleys  ","used by"," Mark Antony at"
"qaa.ac.uk","  technologies  ","used by"," disabled"
"talkingteaching.co.uk","  English  ","used by"," the UK"
"findachurch.co.uk","and  words  ","used by"," Lyndon B."
"damtp.cam.ac.uk","and  words  ","used by"," Sir Winston"
"www7.open.ac.uk","  flora  ","used by"," the Caribs of"
"www7.open.ac.uk","  flora  ","used by"," the Caribs of"
"kuoni.co.uk","seen this  hold  ","used by"," c&eacuteilí"
"forum.cantstopthesignal.co.uk","the  metadata  ","used by"," the service"
"legendarydartmoor.co.uk",". The  cannon  ","used by"," the Borough"
"turkeyrealestate.co.uk","  methodology  ","used by"," these western"
"turkeyrealestate.co.uk","Greek  sources  ","used by"," Rodinson"
"kcl.ac.uk","  strategies  ","used by"," teachers and"
"blackpig.co.uk","as a cup or  dish  ","used by"," Christ at the"
"rousette.org.uk","points  system  ","used by"," Defra to offer"
"cer.org.uk",""" is the  term  ","used by"," the"
"soundservice.co.uk","the  processes  ","used by"," foreign"
"borkowski.co.uk","or  networks  ","used by",""
"gardenorganic.org.uk","an  identifier  ","used by"," the website"
"thewestonmercury.co.uk","a tea  bar  ","used by"," the cab"
"wen.org.uk","of  rounds  ","used by"," any"
"turkeyrealestate.co.uk","  designation  ","used by"," SNH to denote"
"placeboworld.co.uk","the  intuition  ","used by"," nurses; the"
"unitedrant.co.uk","  designation  ","used by"," SNH to denote"
"portcities.org.uk","  stations  ","used by"," Virgin Trains"
"portcities.org.uk","  stations  ","used by"," Virgin Trains"
"ind.homeoffice.gov.uk","The  processes  ","used by"," institutions"
"savoy.abel.co.uk","  system  ","used by"," NSA/ GCHQ is"
"talkpolitics.users20.donhost.co.uk","  equipment  ","used by"," you to access"
"healeyhero.co.uk"," ","used by"," Service"
"proquest.co.uk","an  apartment  ","used by"," Palestinian"
"intellectual-property.gov.uk","  arguments  ","used by"," the OFT in its"
"ventris.org.uk","  pattern  ","used by"," every XSLT"
"gsec.co.uk",""" is the  house  ","used by"," General Sir"
"essex.police.uk",".  Strategies  ","used by"," leagues to"
"defence-estates.mod.uk","P 84  Locations  ","used by"," contestants"
"path.cam.ac.uk","  cosmology  ","used by"," Culpeper and"
"holidaylettings.co.uk","of CPU  time  ","used by"," all UGAMP Cray"
"holidaylettings.co.uk","of CPU  time  ","used by"," UGAMP for each"
"buildingdesign.co.uk","  helicopter  ","used by"," the Royal Air"
"bexley.gov.uk","which is a  tool  ","used by"," road"
"mansfield.gov.uk","maximum  RAM  ","used by"," any mode is 8K."
"rmd.dft.gov.uk","  techniques  ","used by"," forest"
"sd-commission.org.uk","and  words  ","used by"," Queen"
"thekidswindow.co.uk","and  words  ","used by"," Martin Luther"
"dspace.stir.ac.uk","  methods  ","used by"," the Indian"
"havering.gov.uk","  language  ","used by"," the numerous"
"mkheritage.co.uk","is the old  way  ","used by"," most engine"
"galensgarden.co.uk","15 The  figures  ","used by"," national"
"naldic.org.uk","  techniques  ","used by"," you in the"
"hulltrains.co.uk","school  routes  ","used by"," children. ·"
"bronte.netfury.co.uk","the  language  ","used by"," working class"
"cls.ioe.ac.uk","and  words  ","used by"," Ronald Reagan"
"essex.police.uk",". The RS  code  ","used by"," both DVB-H and"
"themostannoyingsiteintheworld.co.uk","coat of  arms  ","used by"," Mansfield"
"themostannoyingsiteintheworld.co.uk","to the  crest  ","used by"," the Borough of"
"a-day-in-the-life.powys.org.uk","  file  ","used by"," Samba 2.2 is"
"a-day-in-the-life.powys.org.uk","same  password  ","used by"," Windows 95/ 98"
"jolt.co.uk","all  vehicles  ","used by"," or for the"
"mlfhs.org.uk","  device  ","used by"," the crowd in"
"exporteastofengland.org.uk","the  idea  ","used by"," some more"
"darkstar1.co.uk","  criteria  ","used by"," the medical"
"perse.co.uk","the  technique  ","used by"," this"
"perse.co.uk","The  technique  ","used by"," this dhIra is"
"tailor-made.co.uk","the  charset  ","used by"," the linux side"
"arts.ac.uk",",  asphalt  ","used by"," contractors"
"arts.ac.uk","car  park  ","used by"," a solicitors ''"
"gardenorganic.org.uk","  recording  ","used by"," the licensee"
"becta.org.uk","and York  boats  ","used by"," French and"
"spa.ex.ac.uk","'' is a  word  ","used by"," accountants"
"spa.ex.ac.uk",". It ''s a  word  ","used by"," bullies to"
"nurse-prescriber.co.uk","the  methods  ","used by"," health"
"forum.thebears.co.uk","of the  slides  ","used by"," the presenter"
"pasa.doh.gov.uk","  techniques  ","used by"," Tyson et al."
"lff.org.uk",""", a  technique  ","used by"," professional"
"cronab.demon.co.uk",", in a  phrase  ","used by"," one,?"
"historylearningsite.co.uk","Royal  trains  ","used by"," our kings and"
"socresonline.org.uk","  language  ","used by"," the Russian"
"constipationadvice.co.uk","the  approach  ","used by"," Lund"
"num.org.uk","short  periods  ","used by"," Ovaska will"
"mostlylucid.co.uk","comprise a  set  ","used by"," a Noh theatre"
"sphericalbowl.co.uk","the  energy  ","used by"," consumers ("
"teachingenglish.org.uk","  scheme  ","used by"," the likes of"
"toppetshop.co.uk","  vocabulary  ","used by"," the"
"web16713.vs.netbenefit.co.uk","Greek  word  ","used by"," St Paul"
"girlonfire.co.uk","the  technique  ","used by"," many"
"ppewww.ph.gla.ac.uk","  translations  ","used by"," Jews down the"
"hadas.org.uk","and  water  ","used by"," the previous"
"martynmission.cam.ac.uk","ones.  Memory  ","used by"," an array - size"
"ventris.org.uk","the  hardware  ","used by"," soldiers and"
"in-the-spirit.co.uk","the  mark-up  ","used by"," different"
"archive.official-documents.co.uk","  components  ","used by"," IUEDR are"
"gostak.demon.co.uk","  evasion  ","used by"," certain"
"orgs.man.ac.uk","  categories  ","used by"," humanities"
"nceplus.co.uk","10GHz ssb  gear  ","used by"," me in the early"
"morrisinquiry.gov.uk","  minerals  ","used by"," a previous"
"familiesonline.co.uk","left hand  side  ","used by"," the golfers,"
"blog.outofthebedroom.co.uk","Model (UM  ­  ","used by"," the UKMO and"
"blog.outofthebedroom.co.uk","(FUB  ­  ","used by"," the FU of"
"saints-alive.co.uk","of  terms  ","used by"," the"
"boredramblings.co.uk","The  database  ","used by"," ANPR includes"
"aeroflight.co.uk","? , was a  phrase  ","used by"," Bede in his"
"hartjournals.co.uk","  aids  ","used by"," Sir Francis"
"jamescowper.co.uk","  techniques  ","used by",""
"glasgowarchitecture.co.uk","  imagery  ","used by"," the Welsh and"
"businessmatch.org.uk",""" A common  term  ","used by"," various"
"bseinquiry.gov.uk","an  occasion  ","used by"," Imam Reda (A. S"
"iwa.org.uk","the  language  ","used by"," comic book"
"hrsu.mrc.ac.uk","the  evidence  ","used by"," the ''Times was"
"trichotillomania.co.uk","card  scheme  ","used by"," high street"
"spuc.org.uk","  indicators  ","used by"," development"
"savoy.abel.co.uk","  excuses  ","used by"," the CSA the"
"shaneglobal.co.uk","enamel  paints  ","used by"," military"
"antiquefairs.co.uk","  mechanisms  ","used by"," living"
"thamesweb.co.uk","been a  carpark  ","used by"," Historians"
"btp.police.uk","- A  staircase  ","used by"," the monks to"
"btp.police.uk","in a  monastery  ","used by"," clerics or"
"moneybasics.co.uk","  studio  ","used by"," the Society."
"hulltrains.co.uk","the  arguments  ","used by"," PJ in an"
"pondprofessorpumps.co.uk","  philosophy  ","used by"," the RAF to"
"fitz.cam.ac.uk","on the  sectors  ","used by"," the Financial"
"pressbox.co.uk","rubber  stamp  ","used by"," the Council on"
"samoa.co.uk","'' in the  sense  ","used by"," Christiansen"
"wasteawarenesswales.org.uk","number  words  ","used by"," Lincolnshire"
"spa.ex.ac.uk","of  assessment  ","used by"," DMRB and TAG,"
"hiroshige.org.uk","  spectrometer  ","used by"," H. G. J."
"hiroshige.org.uk","a  blackboard  ","used by"," Einstein on 16"
"artscentral.co.uk","m 2  building  ","used by"," Beijing Gas"
"disabilitynow.org.uk","  Boards  ","used by"," target"
"disabilitynow.org.uk","  Boards  ","used by"," schools and"
"davidlammy.co.uk","of  address  ","used by"," teaching"
"people.co.uk","in the  form  ","used by"," the person"
"barbecue-online.co.uk","final  marks  ","used by"," the Board of"
"baggagereclaim.co.uk","  phrases  ","used by"," Achievers: "" I"
"baggagereclaim.co.uk","  phrases  ","used by"," Explorers: """
"baggagereclaim.co.uk","  phrases  ","used by"," Socialisers:"
"baggagereclaim.co.uk","  phrases  ","used by"," killers: """
"biblicalstudies.org.uk","and  measures  ","used by"," the Mistery ''"
"scottishtorymeps.org.uk","5. The  buses  ","used by"," Menzies are"
"comment.zdnet.co.uk","  system  ","used by"," the teachers,"
"cll.bham.ac.uk",")  formula  ","used by"," the"
"tvradiobits.co.uk","&  authorities  ","used by"," Sir Isaac in"
"initiative.co.uk","Grado  extract  ","used by"," Peruvian"
"rail-reg.gov.uk","  calendars  ","used by"," various"
"ymss.org.uk","  description  ","used by"," BECTa:?"
"hysteria-lives.co.uk","the  rhetoric  ","used by"," the political"
"newburytheatre.co.uk","  approaches  ","used by"," six"
"varley9.freeserve.co.uk",". Zealots  Term  ","used by"," Josephus for a"
"archives.gla.ac.uk","- a  weapon  ","used by"," knights"
"indigogroup.co.uk","final  marks  ","used by"," the Board of"
"rss.org.uk"," ","used by"," sales"
"thecornerhouse.org.uk","  machines  ","used by"," both adult and"
"tda.gov.uk","MRD  format  ","used by"," the"
"shu.ac.uk","is the  book  ","used by"," the Chaldeans"
"materials.ac.uk","hour  model  ","used by"," English"
"voice-online.co.uk","with an  area  ","used by"," heavy live"
"stories.the-times.co.uk","is a  stimulant  ","used by"," doctors to"
"cronab.demon.co.uk","an SSE  office  ","used by"," Kevin"
"edinphoto.org.uk","  definitions  ","used by"," the ONS which"
"silverprint.co.uk","  assessments  ","used by"," external"
"windowsproject.demon.co.uk","  devices  ","used by"," disabled"
"thinkroadsafety.gov.uk","rising  motif  ","used by"," Stan Getz at"
"pdsg.org.uk","''s  dollars  ","used by"," Moss). This"
"victorianartinbritain.co.uk","an  expression  ","used by"," John ''s"
"jardmail.co.uk","  measures  ","used by"," farmers,"
"dulwichpicturegallery.org.uk","an  algorithm  ","used by"," a large number"
"planning.ed.ac.uk","disk  cache  ","used by"," Windows 95 by"
"uncommon-knowledge.co.uk","  matrix  ","used by"," VideoVision"
"gradunion.cam.ac.uk","  assessment  ","used by"," occupational"
"res.org.uk","  numbers  ","used by"," the RNAS were"
"e-epilepsy.org.uk","of  reviewer  ","used by"," the Agency:"
"woodlands-junior.kent.sch.uk","  ground  ","used by"," Newcastle"
"woodlands-junior.kent.sch.uk","of a  Priory  ","used by"," the monks of"
"epilepsy.org.uk","  livery  ","used by"," Stagecoach in"
"teaching-abroad.co.uk","  boat  ","used by"," working"
"windmill.co.uk","  products  ","used by"," Double Image"
"nceplus.co.uk","the  material  ","used by"," an accused"
"vam.ac.uk","  files  ","used by"," the"
"newstartmag.co.uk","were the  dogs  ","used by"," the Roman"
"horniman.ac.uk","  placements  ","used by"," students on"
"horniman.ac.uk","  placements  ","used by"," students on"
"horniman.ac.uk","  placements  ","used by"," students on"
"horniman.ac.uk","  placements  ","used by"," students on"
"num.org.uk","  methods  ","used by"," staff."
"e-learningcentre.co.uk",". The  phrases  ","used by"," him in"
"ocr.org.uk","''  language  ","used by"," Jesus in the"
"partnerships.org.uk",", paced  style  ","used by"," hypnotists"
"palimpsest.org.uk","atomic  bomb  ","used by"," Truman"
"show.me.uk","of  IUESIPS  ","used by"," the Ground"
"oxford-chiltern-bus-page.co.uk"," ","used by"," a senior"
"thinkroadsafety.gov.uk","  letters  ","used by"," Foxe that"
"getahead.ltd.uk","and  tricks  ","used by"," designers to"
"forum.cantstopthesignal.co.uk","  terms  ","used by"," the"
"theatre-wales.co.uk","earliest  form  ","used by"," Hiroshige"
"the-fan.co.uk","  buses  ","used by"," operators"
"consensusmediation.co.uk",", it is any  case  ","used by"," a man of"
"generous.org.uk","or  chemicals  ","used by"," the ancients."
"uncaged.co.uk","  submarines  ","used by"," the military ("
"gardenorganic.org.uk","bomb  victim  ","used by"," 419 email"
"thetrousers.co.uk","the  resources  ","used by"," that element"
"nhm.ac.uk","(the  name  ","used by"," the West"
"ukdf.org.uk","  placements  ","used by"," the CRE. Only"
"mininginstitute.org.uk","of the  clay  ","used by"," the Roman"
"comedycv.co.uk","  technique  ","used by"," hackers. We"
"dcs.gov.uk","  techniques  ","used by"," farmers,"
"shepherd-neame.co.uk",")  alphabets  ","used by"," books and the"
"healthscience.swansea.ac.uk","  variable  ","used by"," ProFit when"
"windowsproject.demon.co.uk","gold  standard  ","used by"," the FDA, and"
"cherryred.co.uk","to be a  concept  ","used by"," different"
"spazmonkey.co.uk",""", a  concept  ","used by"," 19th-century"
"chaosscience.org.uk","and  vehicles  ","used by"," U. S. Troops ("""
"hiroshige.org.uk","in the  weights  ","used by"," the Hebrew"
"barbecue-online.co.uk","fossil  fuels  ","used by"," cars; lorries"
"forum.cantstopthesignal.co.uk","on the  methods  ","used by"," different"
"italian.classic-literature.co.uk","DMA  channels  ","used by"," that system ("
"birdfinders.co.uk","legal  files  ","used by"," the Council ''s"
"staff.ncl.ac.uk"," ","used by"," marketing"
"initiative.co.uk",". The  language  ","used by"," women to"
"publicservice.co.uk","  systems  ","used by"," state"
"education.leeds.ac.uk","the  language  ","used by"," a"
"comment.zdnet.co.uk","  language  ","used by"," many"
"welhat.gov.uk","in the  address  ","used by"," the"
"cronab.demon.co.uk","  types  ","used by"," Port is given"
"uea.ac.uk","of the  methods  ","used by"," the WTO in"
"lib.gla.ac.uk","  definition  ","used by"," the National"
"thenortheast.fsnet.co.uk","  mumbo-jumbo  ","used by"," the police"
"cre.gov.uk","in the  sense  ","used by"," RCS---which"
"kneeling.co.uk","on  methods  ","used by"," Buckingham.."
"ookami.co.uk","the  approach  ","used by",""
"darley.co.uk","on the  tools  ","used by"," the Internet"
"technology.timesonline.co.uk","  reference  ","used by"," the local"
"darkstar1.co.uk","in the  syntax  ","used by"," GNU emacs. A"
"darkstar1.co.uk","the  files  ","used by"," the web server"
"chem.leeds.ac.uk","  medium  ","used by"," the"
"markboulton.co.uk","retail  stores  ","used by"," employees,"
"smmgp.org.uk","  symbolism  ","used by"," the Dogon to"
"miketaylor.org.uk","of the  land  ","used by"," MOD in the UK"
"questors.org.uk",". The  imagery  ","used by"," modern"
"optimumimpact.co.uk","  strategies  ","used by"," hospitality"
"search.reviews.ebay.co.uk","slang  words  ","used by"," his older"
"jazzscript.co.uk","in the  format  ","used by"," the ISO C"
"mastersgames.co.uk","  arguments  ","used by"," Christians"
"bronte.netfury.co.uk","  screens  ","used by"," the"
"sunion.warwick.ac.uk","and  evidence  ","used by"," students in"
"epic.co.uk","long file  name  ","used by"," information"
"epilepsy.org.uk","  boathouses  ","used by"," Arthur Jacobs"
"catapult.co.uk","  procedures  ","used by"," early"
"laptopsdirect.co.uk","The  vehicles  ","used by"," Walters"
"link2exports.co.uk","common  option  ","used by"," doctors to"
"irmuk.co.uk","% of the  energy  ","used by"," the UK ''s"
"edinphoto.org.uk","the hot  water  ","used by"," visitors. The"
"orcadian.co.uk","  schemes  ","used by"," different"
"panos.org.uk","of  documents  ","used by"," the community"
"legendarydartmoor.co.uk","70 % of  energy  ","used by"," rail is"
"mybrightonandhove.org.uk","  connector  ","used by"," Backstage,"
"teachingenglish.org.uk","  symbolism  ","used by"," the"
"well.ac.uk","% of  processes  ","used by",""
"ramagazine.org.uk","the  guideline  ","used by"," the American"
"artscentral.co.uk","zero  concept  ","used by"," ancient"
"atschool.eduweb.co.uk","  coaches  ","used by"," First. I saw"
"westyorkshire.police.uk","are the  files  ","used by"," ProCite to"
"bcis.org.uk","  range  ","used by"," the German"
"biblicalstudies.org.uk","  term  ","used by"," salty sailors"
"abtn.co.uk","the  costs  ","used by"," the demand"
"scotcourts.gov.uk","and  shaker  ","used by"," their"
"archive.official-documents.co.uk","Video ''  images  ","used by"," kind perm"
"archive.official-documents.co.uk","Video ''  images  ","used by"," kind perm"
"hcd2.bupa.co.uk","chalice or  cup  ","used by"," Christ at the"
"middle-ages.org.uk","and  weapons  ","used by"," a Knight were"
"lamp.ac.uk","  distinction  ","used by"," some"
"pro-g.co.uk","  tool  ","used by"," both Leeds"
"gardenorganic.org.uk","  system  ","used by"," the Sumerians"
"businessbureau-uk.co.uk","In the  version  ","used by"," the"
"mybrightonandhove.org.uk",". The  excuse  ","used by"," the bosses for"
"insurgentdesire.org.uk","  ammunition  ","used by"," defending"
"hiroshige.org.uk","was one  phrase  ","used by"," Simon Hughes -"
"missiedith.bentbacktulips.co.uk","  techniques  ","used by"," industry. It"
"dealclick.co.uk","child  minders  ","used by"," very young"
"enemydown.co.uk","short  periods  ","used by"," Ovaska will"
"ukbusinesspark.co.uk","  numbers  ","used by"," the ATOC"
"hadas.org.uk","is a  weapon  ","used by"," the State to"
"biochem.ucl.ac.uk","  process  ","used by"," Cambridge"
"turkeyrealestate.co.uk","  shelters  ","used by"," the men for"
"digitalspy.co.uk","  system  ","used by"," the Health"
"portal.surrey.ac.uk","the  languages  ","used by"," children in"
"giveusahome.co.uk","  objects  ","used by"," the"
"diydoctor.org.uk","for  materials  ","used by",""
"thetrousers.co.uk","on the  kind  ","used by"," vehicle lease"
"selsdonbaptist.org.uk","the  name  ","used by"," Bucks County"
"teamtechnology.co.uk","of  exercises  ","used by"," employers as a"
"teamtechnology.co.uk","and  measures  ","used by"," employers to"
"request.org.uk","was the  emblem  ","used by"," other noble"
"vet.ed.ac.uk","with the  ball  ","used by"," the superstar"
"digitalspy.co.uk","  categories  ","used by"," Wood (1999) to"
"digitalspy.co.uk"," ","used by"," Franke and"
"seered.co.uk","of  address  ","used by"," Royal Mail (RM"
"antarctica.ac.uk","Tigris  routes  ","used by"," the"
"law.cam.ac.uk","DMA  channel  ","used by"," that system ("
"haileybury.herts.sch.uk","from the  model  ","used by"," supermarkets"
"socresonline.org.uk","of the  data  ","used by"," these authors"
"desistuff.co.uk","In  workplaces  ","used by"," more than one"
"princes-trust.org.uk",".  Techniques  ","used by"," the Iraqis"
"diydoctor.org.uk","of the  phrase  ","used by"," Roy Castle,"
"dealclick.co.uk","  system  ","used by"," many airports"
"socresonline.org.uk","  plasters  ","used by"," Wakefield"
"theweddingnetwork.co.uk","  cloth  ","used by"," mankind to"
"jbe.gold.ac.uk","is the  method  ","used by"," many"
"jbe.gold.ac.uk","a trade  secret  ","used by"," some of the"
"italian.classic-literature.co.uk","  aircraft  ","used by"," both the RAF"
"blog.outofthebedroom.co.uk","the  excuse  ","used by"," hunters"
"music.ed.ac.uk","of  regimes  ","used by"," growers of GM"
"digitalliving.cnet.co.uk","and  tools  ","used by"," large"
"backroadstouring.co.uk","the  computers  ","used by"," the staff and"
"aslan.demon.co.uk",".  Name  ","Used By"," Clients to"
"insurgentdesire.org.uk","  methods  ","used by"," the Sudoku"
"mininginstitute.org.uk","  nomenclature  ","used by"," the ancient"
"weddingguide.co.uk","the  arguments  ","used by"," the """
"legendarydartmoor.co.uk","and  phrases  ","used by"," Chair Jason E"
"shiftydisco.co.uk",". The  language  ","used by"," different"
"shiftydisco.co.uk","the  language  ","used by"," French"
"shiftydisco.co.uk","the  language  ","used by"," most people"
"shiftydisco.co.uk","  language  ","used by"," the Romans,"
"lums.lancs.ac.uk","  service  ","used by"," industry to"
"barbecue-online.co.uk","is only a  term  ","used by",""
"epic.co.uk","  methods  ","used by"," other local"
"business.heacademy.ac.uk","a type of  spear  ","used by"," the ancient"
"cofepow.org.uk","of  aircraft  ","used by"," the RAF during"
"cofepow.org.uk","of  aircraft  ","used by"," the RAF in the"
"cofepow.org.uk","of  aircraft  ","used by"," the USAAF"
"cofepow.org.uk","  aircraft  ","used by"," the RAF may be"
"rmd.dft.gov.uk",".  Equipment  ","used by"," nurses in"
"rms-gb.org.uk","  criteria  ","used by"," lecturers in"
"perse.co.uk","The data  model  ","used by"," XSLT is the"
"financial-ombudsman.org.uk","and the  sites  ","used by"," some"
"independentliving.co.uk","on the  cars  ","used by"," the Saint *"
"www1.indymedia.org.uk","  designs  ","used by"," ancient"
"stainer.co.uk","of  medicines  ","used by"," optometrists"
"epilepsy.org.uk","  mechanism  ","used by"," RAL will be"
"gcr-rollingstocktrust.co.uk","  movements  ","used by"," people"
"cyberselect.co.uk","  constructs  ","used by"," the mining"
"fashionunited.co.uk","command  word  ","used by"," our secret"
"lang.ltsn.ac.uk","same  criteria  ","used by"," the librarian"
"premierhomesinternational.co.uk","the  processes  ","used by"," their God. ©"
"firesafetytoolbox.org.uk","Cross ''  symbol  ","used by"," Freemasons"
"whom.co.uk","  technology  ","used by"," pioneers"
"essex.police.uk","5.  Evidence  ","used by"," SENCOs for"
"essex.police.uk","8.  Criteria  ","used by"," SENCOs for"
"essex.police.uk","  evidence  ","used by"," SENCOs a."
"essex.police.uk","and  criteria  ","used by"," the LEA and a"
"orthodoxengland.btinternet.co.uk",""" is the  term  ","used by"," the observer"
"iits.dircon.co.uk",": The  process  ","used by"," the Index for"
"iits.dircon.co.uk","  procedures  ","used by"," the Index from"
"bplans.co.uk","  formats  ","used by"," the ESDS. The"
"samoa.co.uk","Church  yacht  ","used by"," a minister as a"
"materials.ac.uk","of  phrases  ","used by"," griots to"
"calderdale.gov.uk","a  speech  ","used by"," Tony Blair to"
"artscentral.co.uk","  calibrator  ","used by"," G4KNZ."
"birminghamfoe.org.uk","  information  ","used by"," the European"
"mythofcreation.co.uk","is the  tactic  ","used by"," the"
"avaya.co.uk","  technique  ","used by",""
"btp.police.uk","an  expression  ","used by"," Alec"
"turkeyrealestate.co.uk","and air  miles  ","used by"," 62 % and 55 % of"
"chester.gov.uk","a  technique  ","used by"," spammers to"
"g3pho.free-online.co.uk","key  residues  ","used by"," Oxford"
"publicfinance.co.uk","epoxy  resin  ","used by"," my client is a"
"squashsite.co.uk","The  strimmers  ","used by"," our gardening"
"churchhouseconf.co.uk","Panther  coach  ","used by"," Abingdon"
"bornfree.org.uk","notice  boards  ","used by"," travellers"
"coeliac.org.uk","  formula  ","used by"," the Jews of"
"cps.gov.uk","  machines  ","used by"," banks and"
"synergy-health.co.uk","  anaesthetic  ","used by"," vets and"
"kneeling.co.uk","of  rhetoric  ","used by"," the author and"
"kneeling.co.uk","  portions  ","used by"," Paul in"
"nya.org.uk","light  tramway  ","used by"," the old Bush"
"legendarydartmoor.co.uk",""" The green  oak  ","used by"," Chris is"
"redking.co.uk","  formats  ","used by"," the Forest Of"
"historylearningsite.co.uk","any  method  ","used by"," those working"
"winspiration.co.uk","  notes  ","used by"," Work Permits ("
"www-tus.csx.cam.ac.uk","  aircraft  ","used by"," British"
"ltu.mmu.ac.uk","the  systems  ","used by"," most dealers."
"cpo-online.org.uk","  language  ","used by"," the authors,"
"num.org.uk","spike the  ball  ","used by"," the other team"
"toast-uk.org.uk","  stones  ","used by"," the ancients"
"persephonebooks.co.uk","  vocabulary  ","used by"," the"
"savoy.abel.co.uk","  settings  ","used by"," your"
"digitalradiotech.co.uk","key  resource  ","used by"," sports and"
"barbecue-online.co.uk","  stations  ","used by"," Virgin Trains"
"barbecue-online.co.uk","  stations  ","used by"," our trains. In"
"skyscript.co.uk","% of  material  ","used by"," the North"
"laptopsdirect.co.uk","are  scams  ","used by"," fraudsters in"
"lusu.co.uk","  source  ","used by"," UK film"
"in-the-spirit.co.uk","  process  ","used by"," pupils, in an"
"people.ex.ac.uk","key  resources  ","used by"," lecturer - key"
"people.ex.ac.uk","is a  tool  ","used by"," most"
"people.ex.ac.uk","and  models  ","used by"," other"
"people.ex.ac.uk","the  documents  ","used by"," the"
"blitzkrieg-portal.co.uk","  explanations  ","used by"," other"
"blitzkrieg-portal.co.uk","of the  symbols  ","used by"," countries and"
"dh.gov.uk","  documents  ","used by"," local"
"avaya.co.uk","in the  pubs  ","used by"," the fighter"
"qaa.ac.uk","training  camp  ","used by"," the"
"americansc.org.uk","the  imagery  ","used by"," Tolkien and"
"americansc.org.uk","  gadgets  ","used by"," countries to"
"dealclick.co.uk","  software  ","used by"," CSUCI) and"
"sohp.soton.ac.uk","seat 747?  400s  ","used by"," JAL and ANA for"
"vam.ac.uk","  software  ","used by"," ESDS"
"irdp.co.uk","of  barrels  ","used by"," Phil Taylor."
"irdp.co.uk","of  barrels  ","used by"," Phil Taylor."
"persephonebooks.co.uk","was the  emblem  ","used by"," other noble"
"york.gov.uk","  monoplanes  ","used by"," the Germans."
"sundog.clara.co.uk","the  code  ","used by"," St. Germain ''s"
"practicalpc.co.uk","  opportunity  ","used by"," Sir Alex"
"lawsociety.org.uk","a drying  area  ","used by"," local farmers"
"bhx.co.uk","  laboratory  ","used by"," students, is"
"fisheries.co.uk","tiny  cottages  ","used by"," the mill"
"sat.dundee.ac.uk","were  words  ","used by"," the judges to"
"durhamcathedral.co.uk","of  space  ","used by",""
"languagesabroad.co.uk","the  metaphor  ","used by"," Walter"
"samoa.co.uk","the  route  ","used by"," various"
"ex-canaries.co.uk","  techniques  ","used by"," the"
"insurgentdesire.org.uk","  terminology  ","used by"," Barth and"
"supertarot.co.uk","  aircraft  ","used by"," the RAF in a"
"darley.co.uk","), the  words  ","used by"," both"
"getahead.ltd.uk","of  attack  ","used by"," Sitchin ''s"
"newburytheatre.co.uk","to the  format  ","used by"," Bruker ''s"
"persephonebooks.co.uk","current  badge  ","used by"," the force used"
"italian.classic-literature.co.uk","the  company  ","used by"," them to weed"
"advfilms.co.uk","than the 384  kb  ","used by"," Dolby AC-3."
"nwsgc.ac.uk","  system  ","used by"," this course"
"legendarydartmoor.co.uk","  thread  ","used by"," your program"
"gondolin.org.uk","of  water  ","used by"," pupils each"
"money.independent.co.uk","  systems  ","used by"," man are basic"
"scholarships.ed.ac.uk","the  files  ","used by"," Migration"
"luxonline.org.uk",", a  device  ","used by"," fashionable"
"phundria.org.uk","  procedures  ","used by"," Compton are"
"hysteria-lives.co.uk","  techniques  ","used by"," Umayyids"
"adeptscience.co.uk","  process  ","used by"," the"
"cwjobs.co.uk","of  equipment  ","used by"," Delirious? is"
"thetrousers.co.uk","found the  room  ","used by"," the Bristol go"
"literacytrust.org.uk","on  methods  ","used by"," Buckingham.."
"sundog.clara.co.uk","  measures  ","used by"," many standard"
"debate.org.uk","or  quotations  ","used by"," Woody Allen."
"brucesfingers.co.uk","like the  ones  ","used by"," children"
"lusu.co.uk",", and a  cave  ","used by"," John the"
"sudokuz.co.uk","of the  area  ","used by"," early man. We"
"stories.the-times.co.uk","  vendor  ","used by"," the examples"
"walterscott.lib.ed.ac.uk","  strategies  ","used by"," a number of US"
"queens.ox.ac.uk",". The  power  ","used by"," this cooking"
"clwww.essex.ac.uk","on the  kind  ","used by"," vehicle lease"
"whitedragon.org.uk","the  standards  ","used by"," the "" Seller"
"artscentral.co.uk","of  objects  ","used by"," soldiers in"
"uktvfood.co.uk"," ","used by"," speakers at"
"uktvfood.co.uk"," ","used by"," speakers"
"udsu.co.uk","the RCS  files  ","used by"," CVS end in `, v ''"
"varley9.freeserve.co.uk","of  reviewers  ","used by"," a journal,"
"biblicalstudies.org.uk","only  concept  ","used by"," the previous"
"www-tus.csx.cam.ac.uk","  test  ","used by"," some"
"theatreguidelondon.co.uk","The  arguments  ","used by"," scientists in"
"cres1.lancs.ac.uk","new  elements  ","used by"," Acme > corp. ("
"bures-online.co.uk","was a  device  ","used by"," the early"
"bures-online.co.uk","same  duality  ","used by"," the ancient"
"asp.wlv.ac.uk","of the  wind  ","used by"," our Lord is"
"sas.ac.uk","in  software  ","used by"," the"
"bacta.org.uk","  cactus  ","used by"," people of the"
"es.ucl.ac.uk","the  methods  ","used by"," individual"
"martininstitute.ox.ac.uk","and  tools  ","used by"," TALL. Marion"
"derek-hasted.co.uk","  interfaces  ","used by"," a storage"
"localhistory.scit.wlv.ac.uk","''  system  ","used by"," the Land"
"squashsite.co.uk","all  terrorism  ","used by"," peoples in"
"csa.gov.uk","  language  ","used by"," speakers in"
"csa.gov.uk","the  lexicon  ","used by"," adult"
"csa.gov.uk","  qualifiers  ","used by"," French"
"csa.gov.uk","the  language  ","used by"," educated"
"csa.gov.uk","of  language  ","used by"," young people"
"csa.gov.uk","the  language  ","used by"," people living"
"csa.gov.uk","of  language  ","used by"," young people"
"csa.gov.uk","  jargon  ","used by"," a particular"
"csa.gov.uk","  vocabulary  ","used by"," conscripts,"
"csa.gov.uk","the  language  ","used by"," marginalised"
"csa.gov.uk","the  language  ","used by"," the criminal"
"foundationtv.co.uk",".  Excerpt  ","used by"," kind"
"footstepstooxford.co.uk","the  symbols  ","used by"," secret"
"ridley.cam.ac.uk","was the  shield  ","used by"," Crossbow men."
"ridley.cam.ac.uk","to the  shields  ","used by"," the Crossbow"
"p-jones.demon.co.uk","of  medicines  ","used by"," optometrists"
"glaucus.org.uk"," ","used by"," a senior"
"ethox.org.uk","  field  ","used by"," the CRT to aim"
"gre.ac.uk","added to  lists  ","used by"," the industry."
"europ-assistance.co.uk","as a  tool  ","used by"," politicians"
"elsham.pwp.blueyonder.co.uk","data  provider  ","used by"," most in the"
"gro-scotland.gov.uk","the  ones  ","used by"," Oxford. Ralph"
"gro-scotland.gov.uk","exact  yellow  ","used by"," the operators"
"liberty-human-rights.org.uk","  strategies  ","used by"," firms such as"
"liberty-human-rights.org.uk","  strategies  ","used by"," firms such as"
"footy4kids.co.uk","''  electricity  ","used by"," the BBC has now"
"dcs.gov.uk","  mechanisms  ","used by"," plants to"
"glaucus.org.uk","the  words  ","used by"," DS Crowley,"
"redflag.org.uk","a  motif  ","used by"," Steven"
"lewisham.nhs.uk","  designation  ","used by"," some"
"exporteastofengland.org.uk","and  economics  ","used by"," the Poyry"
"punk77.co.uk","is the  area  ","used by"," the birds with"
"ecotravel.org.uk","is the  program  ","used by"," some"
"show.me.uk","the  lighting  ","used by"," a"
"toast-uk.org.uk","  strategies  ","used by"," firms such as"
"toast-uk.org.uk","  strategies  ","used by"," firms such as"
"thetablet.co.uk","''The  trolleys  ","used by"," the company"
"internationalhero.co.uk","many  articles  ","used by"," earth people,"
"littman.co.uk","of the  venues  ","used by"," colleges as"
"bond.org.uk","  materials  ","used by"," industries"
"emotionalprocessing.org.uk",", the same  site  ","used by"," the"
"glasgow.gov.uk","  strategies  ","used by",""
"uncaged.co.uk","towed by a  boat  ","used by"," drug"
"talkingteaching.co.uk","report  forms  ","used by"," clinical"
"bseinquiry.gov.uk","  airfield  ","used by"," the"
"tptb.co.uk","of  farmland  ","used by"," local"
"tastyfanzine.org.uk","of  literacy  ","used by"," the"
"travelagentexplorer.co.uk","of the  systems  ","used by"," enterprises"
"magonia.demon.co.uk","  technique  ","used by"," these"
"bsactravelclub.co.uk","  processes  ","used by"," staff needed"
"www-tus.csx.cam.ac.uk","  definition  ","used by"," the"
"theatremuseum.org.uk","""  tables  ","used by",""
"skyscript.co.uk","  armour  ","used by"," the Romans?"
"skyscript.co.uk","  armour  ","used by"," the Romans? A:"
"moneybasics.co.uk","  spaces  ","used by"," their staff."
"ukbap.org.uk","Izmir  house  ","used by"," the founder of"
"archive.official-documents.co.uk","(the  ones  ","used by"," HTML) can be"
"samoa.co.uk","is the  unit  ","used by"," JANET"
"ridley.cam.ac.uk","The  interface  ","used by"," the students"
"railwaychildren.org.uk","  database  ","used by"," Knight Ridder"
"freefalluniversity.co.uk","  scheme  ","used by"," Sony to lock"
"freefalluniversity.co.uk","  management  ","used by"," both Sony and"
"irfilters.reading.ac.uk",".  Painting  ","used by"," permission"
"newenglishartclub.co.uk"," ","used by"," each region"
"lhc.org.uk","  research  ","used by"," the Glasgow"
"bravo.co.uk","  description  ","used by"," NDAD in"
"hazlewood-castle.co.uk","some  terms  ","used by"," Max Weber. A"
"idler.co.uk","): Module  Size  ","Used by",""
"lateralscience.co.uk","the  language  ","used by"," the adviser"
"visionofbritain.org.uk","  spectrum  ","used by"," 802.11b."
"a-n.co.uk","  components  ","used by"," industry and"
"wellho.co.uk","  techniques  ","used by"," the media to"
"armyoneverest.mod.uk","a generic  form  ","used by"," the"
"careers.manchester.ac.uk","and  towns  ","used by"," both as"
"makemyvotecount.org.uk","  vehicle  ","used by"," the students"
"the-woods.co.uk","to be tired,  ad  ","used by"," some African"
"barbecue-online.co.uk","  defintitions  ","used by"," Docbook, HTML"
"drivetech.co.uk","by the  phrases  ","used by",""
"drivetech.co.uk","is a  cop-out  ","used by"," theists when"
"birdfinders.co.uk","  equipment  ","used by"," the telco and"
"www-tus.csx.cam.ac.uk","  method  ","used by"," Mohandas"
"edinburghfestivals.co.uk","Gill Sans  font  ","used by"," the BBC since"
"mininginstitute.org.uk","particle  tape  ","used by"," all D-9"
"furthermore.org.uk","of the  genes  ","used by"," the parasite."
"debate.org.uk","plate  armour  ","used by"," knights."
"studentcentral.co.uk","  theory  ","used by"," most neural"
"smmgp.org.uk","total  number  ","used by"," gypsies and"
"liverpool.freeexchange.co.uk","agent  agent  ","used by"," bees to"
"irmuk.co.uk","  designs  ","used by"," medical"
"hrsu.mrc.ac.uk","found the  room  ","used by"," the Bristol go"
"networkdvd.co.uk","  systems  ","used by"," the"
"alternatetakes.co.uk","the  frequency  ","used by"," the radar"
"uknetguide.co.uk","of  moderation  ","used by"," bbc. co. uk?"
"newsoftheworld.co.uk","  sources  ","used by"," community"
"ling.ed.ac.uk",",  language  ","used by"," SMEs and"
"biochem.ucl.ac.uk","of  sources  ","used by"," Ripa,"
"healthscience.swansea.ac.uk","?  Photograph  ","used by"," kind"
"museums.ncl.ac.uk","  operations  ","used by"," humans to"
"teachers.org.uk","scale  model  ","used by"," Kirkegaard"
"ukspa.org.uk","  scale  ","used by"," the other"
"romansinsussex.co.uk","  techniques  ","used by"," database"
"publicfinance.co.uk","of  instrument  ","used by"," Anthonie van"
"caledonian.ac.uk","  photograph  ","used by"," kind"
"pumasoft.co.uk","  definition  ","used by"," GROS. First,"
"ch.cam.ac.uk","  conditions  ","used by"," the industry,"
"candlemaking.org.uk","was the  term  ","used by"," politicians"
"medinfo.co.uk","file  format  ","used by"," the master to"
"windmill.co.uk","  readers  ","used by"," many"
"bordercrossings.org.uk","  diminutives  ","used by"," Nature in her"
"midleykent.fsnet.co.uk","and  process  ","used by"," the team and"
"davidcheethamgardens.co.uk","  form  ","used by"," Community"
"dmflightsim.co.uk","slogan of  joy  ","used by"," Muslims for"
"weeks-g.dircon.co.uk","  bombs  ","used by"," al Qa''eda and"
"supertarot.co.uk",",  buildings  ","used by"," Indymedia"
"legendarydartmoor.co.uk","  definitions  ","used by"," UK"
"markboulton.co.uk","  systems  ","used by"," AEC"
"spazmonkey.co.uk","and  software  ","used by"," CCC in its"
"bristolcyclingcampaign.org.uk","  shortcomings  ","used by"," the SAS to"
"commedia.org.uk","  categories  ","used by"," European"
"commedia.org.uk","  categories  ","used by"," European"
"islamic-college.ac.uk","The 70 %  figure  ","used by"," Gudgin and"
"islamic-college.ac.uk","the 70 %  figure  ","used by"," Gudgin and"
"islamic-college.ac.uk","the 70 %  figure  ","used by"," Gudgin and"
"teamtechnology.co.uk","  tags  ","used by"," shops for"
"www1.indymedia.org.uk","same  skills  ","used by"," some of the"
"talyllyn.co.uk",". Of the  roses  ","used by"," the ancients,"
"vet.ed.ac.uk","the nest ""  scam  ","used by"," the World Bank"
"forum.cantstopthesignal.co.uk","  language  ","used by"," the Incas. The"
"murderousmaths.co.uk","  tests  ","used by"," the top"
"star.ucl.ac.uk","fresh  water  ","used by"," more than 60"
"redflag.org.uk","  places  ","used by"," the smugglers"
"hfma.org.uk","  statistic  ","used by"," the Sunday"
"professorharbottle.co.uk","glass ''  cursor  ","used by"," RasMol to"
"professorharbottle.co.uk"," ","used by"," the colour"
"c2c-guide.co.uk","of  services  ","used by"," a project,"
"ukdf.org.uk","  objects  ","used by"," the"
"artshole.co.uk","  passwords  ","used by"," individuals,"
"talyllyn.co.uk","  movement  ","used by"," the Tsarist"
"birminghamfoe.org.uk","main  airfield  ","used by"," the Luftwaffe"
"ascl.org.uk","  system  ","used by"," many airports"
"sovereignty.org.uk","common  tactic  ","used by"," all sorts of"
"sovereignty.org.uk","  definitions  ","used by"," the author you"
"fastcart.co.uk"," ","used by"," Smith and"
"sd-commission.org.uk","  tools  ","used by"," other HEIs."
"sd-commission.org.uk","  resources  ","used by"," students on"
"submitresponse.co.uk","the  measures  ","used by"," The Guardian"
"msm.cam.ac.uk","a key  document  ","used by"," DfT in"
"dh.gov.uk","  system  ","used by"," PCs. DAVE does"
"frca.co.uk","a  definition  ","used by"," the German"
"dh.gov.uk","  criteria  ","used by"," editors and"
"monologues.co.uk","only a  concept  ","used by"," the mind ("
"carnegiegreenaway.org.uk","the  aircraft  ","used by"," the Luftwaffe"
"ilook.fsnet.co.uk","to  frameworks  ","used by"," other"
"num.org.uk","  approach  ","used by"," JTP should not"
"ukdf.org.uk","the  method  ","used by"," Marx in The"
"languagesabroad.co.uk","  functions  ","used by"," IBM PC"
"fairtrade.org.uk","  figures  ","used by"," print"
"ecotravel.org.uk","bus  services  ","used by"," such people"
"theedge.abelgratis.co.uk","character  set  ","used by"," the original"
"theedge.abelgratis.co.uk","character  set  ","used by"," included ("
"ayrshirehistory.org.uk","of the  rafts  ","used by"," coolies; Fuji"
"roehampton.ac.uk","debug  level  ","used by"," the server. If"
"sle.sharp.co.uk","of new  media  ","used by"," both"
"learningtechnologies.co.uk","  ratings  ","used by"," all"
"citizenshipfoundation.org.uk","  alternative  ","used by"," the car driver"
"greenleaf.demon.co.uk","minor  plants  ","used by"," mankind for"
"labour.org.uk","  instruments  ","used by"," members of the"
"clean-image.co.uk","  curve  ","used by"," PROCHECK is"
"shiftydisco.co.uk","  interfaces  ","used by"," tagholders"
"frenchconnections.co.uk","  models  ","used by"," investment"
"rmd.dft.gov.uk","  tools  ","used by",""
"lang.soton.ac.uk","of  childcare  ","used by"," respondents"
"allaboutgames.co.uk","The  calendars  ","used by"," various"
"music.ed.ac.uk","  architecture  ","used by"," the Normans"
"northants-chamber.co.uk","tiny  cottages  ","used by"," the mill"
"punk77.co.uk","  ENUMERATIONS  ","Used by"," many of the"
"andsoitbegins.co.uk","  electricity  ","used by"," the heat pump."
"g3pho.free-online.co.uk","  debenture  ","used by"," National"
"northlight-images.co.uk","and  scooters  ","used by"," children. A"
"talyllyn.co.uk","  information  ","used by"," the Decision"
"bc.bangor.ac.uk","flight  pool  ","used by"," wildfowl."
"smart.co.uk","on a  route  ","used by"," more than one"
"electricstuff.co.uk",".  Vehicles  ","used by"," disabled"
"guysandstthomas.nhs.uk","the  weighting  ","used by"," the students ''"
"scope.nottingham.ac.uk","  procedures  ","used by"," the"
"hewett.norfolk.sch.uk","  animals  ","used by"," departments"
"sfeu.ac.uk","  system  ","used by"," the Borough"
"dulwichcommunityhospital.nhs.uk","and  standards  ","used by"," institutions"
"dulwichcommunityhospital.nhs.uk","  points  ","used by"," individual"
"dulwichcommunityhospital.nhs.uk","  points  ","used by"," institutions"
"dulwichcommunityhospital.nhs.uk","and  processes  ","used by"," an"
"dulwichcommunityhospital.nhs.uk","in the  sense  ","used by"," ELIR is a"
"lccc.co.uk","Inn of the  sort  ","used by"," sailors"
"rya.org.uk","of the  methods  ","used by"," its"
"culham.ac.uk","master  switch  ","used by"," the cell to"
"students.bath.ac.uk","again ""  slogan  ","used by"," some sealant"
"persephonebooks.co.uk","  electricity  ","used by"," the light on"
"museums.ncl.ac.uk","  content  ","used by"," the"
"museums.ncl.ac.uk","  content  ","used by"," the"
"gingerbeer.co.uk","  versions  ","used by"," the RAF have a"
"antibes.co.uk","the  technique  ","used by"," a tutor on a"
"antibes.co.uk","specific  pen  ","used by"," your tutor,"
"littman.co.uk","  term  ","used by"," the milkman in"
"bcs-mt.org.uk","is a  leitmotiv  ","used by"," all the young"
"assetprotections.co.uk","number of  bins  ","used by"," the on-line"
"citizenshipfoundation.org.uk","  method  ","used by"," many school?"
"westyorkshire.police.uk","  objects  ","used by"," the founder of"
"walltowall.co.uk","in the  locale  ","used by"," NDAD This is"
"spuc.org.uk","with the  words  ","used by"," the Foreign"
"efestivals.co.uk"," ","used by"," business to"
"footy4kids.co.uk","  standard  ","used by"," most large"
"surreypa.gov.uk","of  beaches  ","used by"," turtles in the"
"www2.sas.ac.uk","  imagery  ","used by"," English"
"fylde.demon.co.uk","'' is the  term  ","used by"," Advaita for"
"samoa.co.uk","  indicator  ","used by"," economists to"
"retirement-matters.co.uk",". Soul/  jazz  ","used by"," Ben to let out"
"moneybasics.co.uk","a nose  wheel  ","used by"," the Royal Air"
"tptb.co.uk","  biomaterials  ","used by"," the dental"
"constipationadvice.co.uk","  definitions  ","used by"," AbM are used."
"nwsgc.ac.uk","  system  ","used by"," the Samba Team"
"dcs.warwick.ac.uk","in the  pubs  ","used by"," the fighter"
"gerald-massey.org.uk","  file  ","used by"," Samba 2.0 is"
"gerald-massey.org.uk","same  password  ","used by"," Windows 95/ 98"
"woodlands-junior.kent.sch.uk","  bars  ","used by"," some of his"
"woodlands-junior.kent.sch.uk","of the  marks  ","used by"," this firm -"
"shiftydisco.co.uk","  software  ","used by"," the DETR for"
"foodmanufacture.co.uk","oil  mediums  ","used by"," artists. Up"
"laptopsdirect.co.uk","  method  ","used by"," the Sufis."
"materials.ac.uk","  codepage  ","used by"," the smbd"
"comms.scitech.susx.ac.uk","of  travel  ","used by"," Elizabeth"
"peakdistrict.gov.uk","at any  doorway  ","used by"," wheelchairs"
"frenchconnections.co.uk","and  systems  ","used by"," many users, in"
"thecornerhouse.org.uk","and  tools  ","used by"," TALL. Marion"
"indigogroup.co.uk","  tool  ","used by"," The Media Edge"
"thesmallholdingcentre.co.uk","lead  weights  ","used by"," anglers, or"
"missiedith.bentbacktulips.co.uk","hollow  walls  ","used by"," the Normans"
"thamesweb.co.uk","of  choice  ","used by"," thousands of"
"greenfutures.org.uk","  method  ","used by"," most"
"derek-hasted.co.uk","the  numbers  ","used by"," us are"
"schoolshistory.org.uk","  algorithm  ","used by"," the software"
"cre.gov.uk",", the  database  ","used by"," the Office to"
"practical-martial-arts.co.uk","both  metres  ","used by"," Whitney in"
"practical-martial-arts.co.uk","in  metres  ","used by"," Whitney, but"
"hiddenhurt.co.uk","to the  power  ","used by"," a chip. With"
"lincoln.ac.uk","  services  ","used by"," their"
"monologues.co.uk","the four  ports  ","used by"," these ships to"
"hfma.org.uk","debug  level  ","used by"," the client. If"
"fvi.org.uk","the DRM  system  ","used by"," the iTunes"
"gleeson0.demon.co.uk","all the  method  ","used by"," nation-sates"
"ch.cam.ac.uk","of  sources  ","used by"," Ripa,"
"sovereignty.org.uk","line  number  ","used by"," the Riverside"
"teachingenglish.org.uk","  routine  ","used by"," dynamic_cast"
"americansc.org.uk","at  systems  ","used by"," other"
"ucreative.ac.uk","the  evidence  ","used by"," the"
"ucreative.ac.uk","of  delivery  ","used by"," the"
"thenewspaper.org.uk","  approach  ","used by"," teachers was"
"varley9.freeserve.co.uk","common  tools  ","used by"," farmers were"
"hadas.org.uk","the  premises  ","used by"," the West"
"alternatetakes.co.uk","core  skills  ","used by",""
"dmag.org.uk","  monkey  ","used by"," the Air Force"
"platform-end.co.uk","  tests  ","used by"," the Northern"
"les.man.ac.uk","of  strategies  ","used by"," the pupils for"
"les.man.ac.uk","  strategies  ","used by"," different"
"princelyrics.co.uk","the  frequency  ","used by"," the radar"
"roymech.co.uk","  strategies  ","used by"," a number of"
"roymech.co.uk","of  mechanisms  ","used by"," subject"
"chart.ac.uk","and  acronyms  ","used by"," various"
"fairy-tales.classic-literature.co.uk",", the  system  ","used by"," Companies"
"schoolshistory.org.uk","  formula  ","used by"," emperors and"
"homeoffice.gov.uk","  term  ","used by"," corrupt"
"liberty-human-rights.org.uk","(a  technique  ","used by"," the very"
"bagpipeworld.co.uk","VSL  functions  ","used by"," DDD. Replace"
"moremusic.co.uk","Bt  varieties  ","used by"," the farmers"
"walterscott.lib.ed.ac.uk","the  measures  ","used by"," the"
"cs.ucl.ac.uk","  terminology  ","used by"," the"
"byhandsandfeet.co.uk","prima  method  ","used by"," the"
"focusmag.co.uk","the  force  ","used by"," police, not"
"mookychick.co.uk","  package  ","used by"," the research"
"italian.classic-literature.co.uk","  techniques  ","used by"," the UK social"
"tlc-direct.co.uk","  criteria  ","used by"," the team in"
"universalenergycentre.co.uk","of  water  ","used by"," Israelis"
"proquest.co.uk",", the  type  ","used by"," women to paint"
"focusmag.co.uk","the  methods  ","used by"," some sectors"
"sohp.soton.ac.uk","the white  cat  ","used by"," the baddie in"
"templerecords.co.uk","of the  tactics  ","used by"," hackers and"
"penninewaterways.co.uk",".  Ships  ","used by"," the"
"electricstuff.co.uk","output  file  ","used by"," the second"
"connectpa.co.uk","  words  ","used by"," the students,"
"sudokuz.co.uk","  tactics  ","used by"," animal rights"
"maths.qmul.ac.uk","same  tactic  ","used by",""
"cippm.org.uk","same  measure  ","used by"," the Hebrews,"
"squashsite.co.uk","and  equipment  ","used by"," no fewer than"
"preachtheword.co.uk","A  weapon  ","used by"," attackers to"
"sunion.warwick.ac.uk","or  quotations  ","used by"," Isaac Asimov."
"atschool.eduweb.co.uk","one  technique  ","used by",""
"victorianartinbritain.co.uk","the  code  ","used by"," the Japanese"
"literacytrust.org.uk",", the  cards  ","used by"," pilgrims to be"
"newburytheatre.co.uk","and  headlines  ","used by"," the?"
"iomnet.org.uk","The  livery  ","used by"," the early"
"wpbschoolhouse.btinternet.co.uk","in the  methods  ","used by"," health"
"dptac.gov.uk","  argument  ","used by"," "" S &#256;"
"msm.cam.ac.uk","with  material  ","used by"," EPIC and other"
"theobamber.co.uk",") is a  weapon  ","used by"," the working"
"abtn.co.uk","  plants  ","used by"," tribals in"
"sundog.clara.co.uk",".  Barricades  ","used by",""
"qaa.ac.uk","  crossings  ","used by"," those taking"
"smart.co.uk","System.  Forms  ","used by"," Policy"
"thenewspaper.org.uk","on  ships  ","used by"," the"
"simba.co.uk","  techniques  ","used by"," HM Revenue &"
"simba.co.uk","the  tactics  ","used by"," their"
"path.cam.ac.uk","  procedures  ","used by"," the road"
"orangebikes.co.uk","fossil  fuels  ","used by"," buses. - The"
"thenortheast.fsnet.co.uk","risible  term  ","used by"," locals to"
"allspirit.co.uk","the  controls  ","used by"," regulators"
"mailman.greennet.org.uk","  figure  ","used by"," the"
"northill.demon.co.uk","  types  ","used by"," a specific"
"dptac.gov.uk","of a bus  route  ","used by"," elderly"
"cph.rcm.ac.uk","most  fares  ","used by"," commuters,"
"shiftydisco.co.uk","  practices  ","used by"," political"
"mythofcreation.co.uk","of the  slides  ","used by"," Professor Bob"
"historyhouse.co.uk","key  messages  ","used by"," the training"
"education.bham.ac.uk","  alphabet  ","used by"," sighted"
"spazmonkey.co.uk","report  form  ","used by"," external"
"spazmonkey.co.uk","any  mechanism  ","used by"," a faculty for"
"islamic-college.ac.uk","on  cod-ends  ","used by"," the Nephrops"
"islamic-college.ac.uk","on  cod-ends  ","used by"," the Nephrops"
"thenortheast.fsnet.co.uk","  system  ","used by"," Swansea"
"blog.natbat.co.uk","that no  system  ","used by"," nation states"
"admissions.ox.ac.uk","The  process  ","used by"," the"
"spacecentre.co.uk","two  schemes  ","used by"," prison"
"pearsoned.co.uk","a direct  route  ","used by"," cats, so it is"
"periodproperty.co.uk","  argument  ","used by"," campaigners"
"toast-uk.org.uk",", the  account  ","used by"," the"
"hrionline.ac.uk","; a  phrase  ","used by"," Jesus cadet -"
"northlight-images.co.uk","  technique  ","used by"," the Priority"
"oudancesport.co.uk","popular  route  ","used by"," leisure"
"isec2000.org.uk","  methods  ","used by"," the peer"
"lhc.org.uk","the  transfers  ","used by"," the LNER"
"tptb.co.uk","  schemes  ","used by"," different"
"cssplay.co.uk","radio  units  ","used by"," police"
"perse.co.uk","  incentives  ","used by"," retailers"
"kenyabirds.org.uk","and  resources  ","used by"," these groups."
"submitresponse.co.uk","the  concepts  ","used by"," a sample of"
"stonyhurst.ac.uk","in the  terms  ","used by"," the more"
"comms.scitech.susx.ac.uk","  pathways  ","used by"," the fusion"
"hysteria-lives.co.uk","of  iron  ","used by"," the English in"
"phoenixs.co.uk","already  beind  ","used by"," GPs and others"
"fpa.org.uk","is the  system  ","used by"," all reputable"
"advfilms.co.uk","  guidelines  ","used by"," CRO ''s when"
"northants-chamber.co.uk","of  symbols  ","used by"," Ashmole. 24."
"jolt.co.uk","debug  level  ","used by"," the client. If"
"karibuni.co.uk","  properties  ","used by"," their owners"
"unitnews.co.uk","  definition  ","used by"," ECGD in the"
"savethechildren.org.uk","  helicopter  ","used by"," the British"
"durhamcathedral.co.uk","main  criteria  ","used by"," search"
"fisheries.co.uk","of the  power  ","used by"," the United"
"stonyhurst.ac.uk","and  rationale  ","used by"," the other """
"ind.homeoffice.gov.uk","to page  memory  ","used by"," the guest"
"idler.co.uk","  key  ","used by"," NOMINET UK to"
"fitz.cam.ac.uk","  methodology  ","used by"," the surveys"
"gostak.demon.co.uk","  building  ","used by",""
"law.cam.ac.uk","  strategies  ","used by",""
"uknetguide.co.uk","  techniques  ","used by"," Greek food"
"lathes.co.uk","gorge to a  cave  ","used by"," sangomas."
"bibic.org.uk","the  lineage  ","used by"," all Chinese"
"sspx.co.uk","  terminology  ","used by"," the"
"punk77.co.uk","  software  ","used by"," the DETR to"
"karibuni.co.uk",", is an old  term  ","used by"," the famous"
"scotlandoffice.gov.uk","  instrument  ","used by"," the"
"woodforde.co.uk","the  models  ","used by"," the"
"thewestonmercury.co.uk","  strategies  ","used by"," the team,"
"referendum.org.uk","of  assessment  ","used by"," DMRB and"
"wolftrust.org.uk","and  phrases  ","used by"," Chair Jason E"
"setdanceteacher.co.uk","  body  ","used by"," Alan Klima"
"cistercian-way.newport.ac.uk","of a bus  route  ","used by"," elderly"
"texas.teamxlink.co.uk","the  tactics  ","used by"," their"
"bc.bangor.ac.uk","is the  symbols  ","used by"," Luminary nuns"
"baggagereclaim.co.uk","form of  name  ","used by"," their"
"sandstonevolunteers.nildram.co.uk","legal  drugs  ","used by"," the"
"churchill-society-london.org.uk","and  tools  ","used by"," the author may"
"mandrake.demon.co.uk","  phrasing  ","used by"," the Buddha"
"v-e-t-s.co.uk","  techniques  ","used by"," the author to"
"cs.le.ac.uk","training  tool  ","used by"," the US Marine"
"fanderson.org.uk","  premises  ","used by"," the"
"retirement-matters.co.uk","of  arguments  ","used by"," those who put"
"warpoetry.co.uk","the  systems  ","used by"," Colleges,"
"warpoetry.co.uk","and  systems  ","used by"," Colleges and"
"robertmoir.co.uk"," ","used by"," NRPB, houses"
"lums.lancs.ac.uk","study  areas  ","used by"," other BKCC"
"cheshirefire.co.uk","short  periods  ","used by"," Ovaska will"
"diydoctor.org.uk",", a  discourse  ","used by"," Elizabethan"
"davies2003.eclipse.co.uk","  methodology  ","used by"," the"
"freewheelers.co.uk","as the  model  ","used by"," the Society on"
"advfilms.co.uk","exchange  rate  ","used by"," the payment"
"hiroshige.org.uk","  statements  ","used by"," both sides and"
"alt.ac.uk",", and  contacts  ","used by"," newsrooms"
"jardin-d-eden.co.uk","and  seats  ","used by"," clients in the"
"jardin-d-eden.co.uk","and  seats  ","used by"," clients in the"
"jardin-d-eden.co.uk","and  seats  ","used by"," clients in the"
"footy4kids.co.uk","course  codes  ","used by"," both"
"lib.ox.ac.uk","  vocabulary  ","used by"," historians."
"lib.ox.ac.uk","  idioms  ","used by"," professional"
"magonia.demon.co.uk","  techniques  ","used by"," artists to"
"brucesfingers.co.uk","  requests  ","used by"," the Windows"
"teaching-abroad.co.uk",", the  criteria  ","used by"," departments"
"go.reuters.co.uk","iron gall  inks  ","used by"," an individual"
"go.reuters.co.uk","  cakes  ","used by"," British"
"leyman.demon.co.uk","and  tools  ","used by"," TALL. Marion"
"missinglinkclassichorror.co.uk","  curves  ","used by",""
"yourdrivingyourbusiness.co.uk","  vehicles  ","used by"," the mines"
"supertarot.co.uk","powerful  tool  ","used by"," companies to"
"e-epilepsy.org.uk","  methodology  ","used by"," the"
"savoy.abel.co.uk",", the  device  ","used by"," most bony fish"
"youngresources.co.uk","of the  methods  ","used by"," NGOs to"
"esrcsocietytoday.ac.uk","the  password  ","used by"," them in"
"higherstate.co.uk",". ? An  area  ","used by"," the pigs two"
"jokefile.co.uk","is a Hausa  term  ","used by"," the Mambila"
"jokefile.co.uk","Hausa  term  ","used by"," the Mambila,"
"pgeconomics.co.uk","and is the  type  ","used by"," emergency"
"thurrock.gov.uk","  passwords  ","used by"," Samba"
"pet.cam.ac.uk","is the  process  ","used by"," financial"
"prime50plus.co.uk","  equipment  ","used by"," Special"
"pocketgamer.co.uk","and  benefits  ","used by"," the Army Corps"
"staff.city.ac.uk","the  connector  ","used by"," most modern PC"
"building-history.pwp.blueyonder.co.uk",", the  account  ","used by"," the"
"ariadne.ac.uk",". The  gauzes  ","used by"," Davy were 28"
"woodbridgeproductions.co.uk","the  rhetoric  ","used by"," the US and"
"mediadesk.co.uk","the  language  ","used by"," both the media"
"outdoormegastore.co.uk","  method  ","used by"," startup"
"wildfowling.co.uk"," ","used by",""
"wycombe.gov.uk","is the  rate  ","used by"," audio CDs. The"
"italian.classic-literature.co.uk","  forecasts  ","used by"," the World Bank"
"youclaim.co.uk","of  letters  ","used by"," solicitors"
"blackpresence.co.uk","  definitions  ","used by"," UK"
"signcharity.org.uk","exchange  rate  ","used by"," the payment"
"richard.clark32.btinternet.co.uk","last  notebook  ","used by"," the singer Jim"
"btp.police.uk","  sources  ","used by"," the UK higher"
"btp.police.uk","  service  ","used by"," staff and"
"gammassl.co.uk","  device  ","used by"," listeners,"
"www3.indymedia.org.uk","the  reasons  ","used by"," firms when"
"selsdonbaptist.org.uk","to make  data  ","used by"," NHS Direct"
"new-agri.co.uk"," ","used by"," the deaf"
"new-agri.co.uk","the  signs  ","used by"," deaf people. A"
"swan.ac.uk","  monkey  ","Used by"," old-time"
"swan.ac.uk","type of  hammer  ","used by"," man laying"
"naldic.org.uk","driver  string  ","used by"," Windows Sets"
"women.timesonline.co.uk","  practices  ","used by"," political"
"kensington-unitarians.org.uk","to  language  ","used by"," Mr Cedric"
"niace.org.uk","the  procedure  ","used by"," the DENI to"
"furthermore.org.uk","  Program  ","used by"," the RAF ''s"
"tptb.co.uk","a web  server  ","used by"," the Chechen"
"learnaboutgolf.co.uk",". All  areas  ","used by"," the Club"
"learnaboutgolf.co.uk","and that  areas  ","used by"," the Club are"
"buildingdesign.co.uk","All the  pectin  ","used by"," the food"
"motorbike-search-engine.co.uk",", was the  basis  ","used by"," Nature in"
"inmac.co.uk",". The  energy  ","used by"," the new"
"businessmatch.org.uk",",  screens  ","used by"," staff should"
"exposure.co.uk","  documents  ","used by"," the team"
"harringtonmuseum.org.uk","a copy of a  form  ","used by"," English"
"my-history.co.uk","from the  ways  ","used by"," human cells."
"pro-g.co.uk","  template  ","used by"," the forum for"
"karibuni.co.uk","of  address  ","used by"," himself; to"
"horseracingbets.co.uk","  systems  ","used by"," GROS permit"
"culham.ac.uk","of the  kind  ","used by",""
"focusmag.co.uk","the  processes  ","used by"," Northern"
"spotonmarketing.co.uk","the  arguments  ","used by"," some"
"cedr.co.uk"," ","used by"," external fund"
"hilton.org.uk","final  marks  ","used by"," the Board of"
"psychol.ucl.ac.uk","  software  ","used by"," ESDS"
"warpoetry.co.uk","a  technique  ","used by"," conventional"
"fdsystems.co.uk"," ","used by"," the Agency"
"pers-www.wlv.ac.uk","  components  ","used by"," Alfred Böning"
"ncvo-vol.org.uk","the  language  ","used by"," Marie Curie in"
"fametastic.co.uk","  techniques  ","used by"," scammers. The"
"marlab.ac.uk","the  language  ","used by"," Hillary"
"reviews.zdnet.co.uk","  manufacture  ","used by"," the"
"sage-rsa.org.uk","  wording  ","used by"," the police to"
"chester.gov.uk","d any  aliases  ","used by"," the debtor."
"carmarthenshire.gov.uk","the  language  ","used by"," Susan B."
"shop.gameplay.co.uk","  system  ","used by"," Atlas for this"
"uktvfood.co.uk","  currencies  ","used by"," popular stag"
"gardenorganic.org.uk","  tools  ","used by"," placing paper"
"ogc.gov.uk","  alphabet  ","used by"," sighted"
"ids.ac.uk","  resource  ","used by"," a variety of"
"ids.ac.uk","  resource  ","used by"," a variety of"
"malehealth.co.uk","  organisation  ","used by"," local"
"cs.le.ac.uk","and  sites  ","used by"," and for the"
"cs.le.ac.uk","and  sites  ","used by"," and for the"
"nya.org.uk","  tests  ","used by"," the top"
"artshole.co.uk",". 2 The  aspects  ","used by"," Knudsen are"
"journalism.cf.ac.uk","bed  days  ","used by"," this group of"
"uktvfood.co.uk",". Other  tanks  ","used by"," Hobart ''s"
"glaucus.org.uk","  tool  ","used by"," modern"
"thebiographychannel.co.uk","a ride on  boats  ","used by"," ancient"
"silent-thunder.co.uk","swimming  pool  ","used by"," today ''s hotel"
"silent-thunder.co.uk","in the  cottage  ","used by"," Stephen Ward."
"mgcars.org.uk","wedge of  punch  ","used by"," miners);"
"mypharmacy.co.uk","and  premises  ","used by"," members of the"
"niassembly.gov.uk","heavy  bomber  ","used by"," Bomber"
"blogigo.co.uk","  protocols  ","used by"," a domain"
"blogigo.co.uk","  protocol  ","used by"," Microsoft to"
"usdaw.org.uk","  items  ","used by"," the Armed"
"gardenorganic.org.uk","  tables  ","used by"," electrical"
"bournemouth.gov.uk","or  quotations  ","used by"," Sir Francis"
"gla.ac.uk","and  language  ","used by"," the"
"reviews.zdnet.co.uk","our  ball  ","used by"," the world ''s"
"theweddingnetwork.co.uk"," ","used by"," the keynote"
"gre.ac.uk","  frequency  ","used by"," most other"
"portal.surrey.ac.uk"," ","used by"," market leader"
"brunel.ac.uk","light  system  ","used by"," Action 2000"
"phill.co.uk","of  bottles  ","used by"," cyclists, are"
"orcadian.co.uk","- the  leach  ","used by"," surgeons to"
"borkowski.co.uk","size of a  cache  ","used by"," Samba while"
"borkowski.co.uk","An  aircraft  ","used by"," the CIA to"
"borkowski.co.uk","  routes  ","used by"," the nuclear"
"nimr.mrc.ac.uk","  mile  ","used by"," the Welsh"
"mypharmacy.co.uk","  procedure  ","used by"," the"
"lancs.ac.uk","  reason  ","used by"," Bush ''s admin"
"countrybookshop.co.uk","  measure  ","used by"," offices,"
"cwn.org.uk","of  language  ","used by"," someone whoâ?"
"orcadian.co.uk","the maze  game  ","used by"," Garrod &"
"surreycc.gov.uk","was the  knife  ","used by"," the brother"
"surreycc.gov.uk","was the  knife  ","used by"," the brother"
"www1.indymedia.org.uk","with the  cup  ","used by"," Jesus in the"
"bectu.org.uk","  methods  ","used by"," the National"
"publications.oxfam.org.uk","as the  general  ","used by"," the Emperor to"
"cinemas-online.co.uk","the  figures  ","used by"," the Union come"
"scotcourts.gov.uk","case  studies  ","used by"," the Materials"
"borkowski.co.uk","of  records  ","used by"," Raine are"
"exeter.ac.uk","  technologies  ","used by"," call centres"
"bsacforum.co.uk","the  equipment  ","used by"," the Team. The"
"jesus.org.uk","and open  sites  ","used by"," maroons ("
"nic.uk",""" is the  term  ","used by"," the observer"
"gradunion.cam.ac.uk","from the  foam  ","used by"," the"
"orcadian.co.uk","of the  method  ","used by"," Ben to prepare"
"nhsdirect.nhs.uk","  systems  ","used by"," farmers. """
"theweddingnetwork.co.uk","final  marks  ","used by"," the Board of"
"les.man.ac.uk","the  pseudonym  ","used by"," the maverick"
"punkoiuk.co.uk","the  language  ","used by"," Sojourner"
"glaucus.org.uk",". The  methods  ","used by"," suppliers to"
"punkoiuk.co.uk","the  language  ","used by"," Elizabeth"
"carmarthenshire.gov.uk","the  language  ","used by"," Condoleezza"
"cs.le.ac.uk","DRAM  chips  ","used by"," the"
"thompsons.law.co.uk","  mechanisms  ","used by"," the Assembly,"
"ownersdirect.co.uk","the  language  ","used by"," Nancy"
"anglingdirect.co.uk","  device  ","used by"," the"
"thompsons.law.co.uk","  activities  ","used by"," educators who"
"glaucus.org.uk","is a  concept  ","used by"," major"
"earthscan.co.uk","guest  account  ","used by"," Samba. The"
"insight.zdnet.co.uk","of  negatives  ","used by"," Valentines of"
"portal.surrey.ac.uk","The  materials  ","used by"," Metzger"
"orcadian.co.uk","  defintitions  ","used by"," Docbook, HTML"
"www2.netdoctor.co.uk","exchange  rate  ","used by"," the payment"
"scotcourts.gov.uk","and  tools  ","used by"," TALL. Marion"
"nationalarchives.gov.uk","  defence  ","used by"," people in"
"ex-canaries.co.uk","  methods  ","used by"," their less"
"microscopy-uk.org.uk","  definition  ","used by"," the"
"uk.sonymusic.co.uk","  strategies  ","used by"," the"
"earthscan.co.uk","  techniques  ","used by"," the UK social"
"housepricecrash.co.uk","  approaches  ","used by"," local"
"bravo.co.uk","is an  artefact  ","used by"," Hopi Indians."
"buildingdesign.co.uk","  abbreviation  ","used by"," doctors to"
"shu.ac.uk","of the  words  ","used by"," the writers it"
"esd.org.uk","  venues  ","used by"," Ladyfest"
"gre.ac.uk","of  firms  ","used by"," local"
"niassembly.gov.uk","the  language  ","used by"," development"
"niassembly.gov.uk","  assessment  ","used by"," certain"
"uea.ac.uk","? An  argument  ","used by"," those"
"money.independent.co.uk","the  protocol  ","used by"," the security ="
"armedforces.co.uk","was an  inn  ","used by"," Roman"
"investing.thisismoney.co.uk","ended  pick  ","used by"," rolleywaymen"
"digitalspy.co.uk","the  criteria  ","used by"," Railtrack in"
"nya.org.uk","last  notebook  ","used by"," the singer Jim"
"ability.org.uk",""" is a  term  ","used by"," some to"
"gre.ac.uk"," ","used by"," the Claritas"
"msm.cam.ac.uk","of the  program  ","used by"," the IMC UK site"
"football.co.uk","360  aircraft  ","used by"," Loganair are"
"theweddingnetwork.co.uk","the SAP  system  ","used by"," Siemens,"
"chester.gov.uk","the  process  ","used by"," a proxy/ stub"
"gla.ac.uk","and  reports  ","used by"," the engineers"
"eternalnight.co.uk","good  phrases  ","used by"," the students"
"natwest.co.uk","- a crooked  awl  ","used by"," shoemakers"
"squashsite.co.uk","  batteries  ","used by"," the project"
"www2.sas.ac.uk","- picks,  tools  ","used by"," masons ("
"whom.co.uk","are  elements  ","used by"," Derbi in their"
"subbrit.org.uk","  term  ","used by"," the"
"nya.org.uk","  systems  ","used by"," GROS permit"
"touristguides.org.uk","  approach  ","used by"," Blackburn"
"natwest.co.uk","  drugs  ","used by"," epileptics,"
"niassembly.gov.uk","  elements  ","used by"," Freese in his"
"dvd.reviewer.co.uk","case. The  word  ","used by"," the Koran and"
"microscopy-uk.org.uk","  framework  ","used by"," the borough of"
"enemydown.co.uk","  technology  ","used by"," NASA and"
"socresonline.org.uk","final  marks  ","used by"," the Board of"
"socresonline.org.uk","final  results  ","used by"," the Board of"
"cwn.org.uk","data  systems  ","used by"," 18"
"archives.gla.ac.uk","  tools  ","used by"," the EU is the"
"archives.gla.ac.uk","  tools  ","used by"," the EU is the"
"punkoiuk.co.uk","the  language  ","used by"," Mother Teresa"
"ulster.ac.uk","the  language  ","used by"," Eleanor"
"money.independent.co.uk","  procedures  ","used by"," the European"
"uce.ac.uk","  profile  ","used by"," student"
"rangers.premiumtv.co.uk","  services  ","used by"," children of"
"scarborough.gov.uk","and  equipment  ","used by"," the city ''s"
"scarborough.gov.uk","  equipment  ","used by"," the Sheffield"
"countrybookshop.co.uk","  paint  ","used by"," vandals to"
"brainfire.co.uk","of the  tests  ","used by"," employers to"
"brainfire.co.uk","the  tests  ","used by"," many"
"orcadian.co.uk","that the  table  ","used by"," Slade was"
"literacytrust.org.uk",""" (in the  sense  ","used by"," Pirard) has"
"punkoiuk.co.uk",". The  policie  ","used by"," Henry the"
"punkoiuk.co.uk",". The  policie  ","used by"," the King and"
"kavkaz.org.uk","  instrument  ","used by"," the"
"countrybookshop.co.uk","the  methods  ","used by"," rural radio"
"uclan.ac.uk","  house  ","used by"," them and any"
"shu.ac.uk","do with  tracks  ","used by"," the Britons."
"chester.gov.uk","  constructs  ","used by"," these"
"literacytrust.org.uk","  resources  ","used by"," ANNIE (our IE"
"squashsite.co.uk","  computers  ","used by"," home workers."
"maths.leeds.ac.uk","on green  land  ","used by"," walkers and as"
"theweddingnetwork.co.uk","1.11 Each  room  ","used by"," the Club must"
"show.me.uk","  method  ","used by"," the Office for"
"duncancumming.co.uk","  definition  ","used by"," the Labour"
"armedforces.co.uk","  strategies  ","used by"," the ruling"
"brunel.ac.uk","  electricity  ","used by",""
"brunel.ac.uk","  statistics  ","used by"," those who seek"
"canterbury.ac.uk","a  tool-chest  ","used by"," the deputy """
"canterbury.ac.uk","  term  ","used by"," miners of the"
"eternalnight.co.uk","and  rules  ","used by"," SurfControl"
"nationalarchives.gov.uk","the  processes  ","used by"," the network"
"welhat.gov.uk","- a  substance  ","used by"," pitmen as a"
"welhat.gov.uk","- small  nails  ","used by"," cobblers"
"welhat.gov.uk",""" 2 pick - a  tool  ","used by"," pitmen in"
"nationalarchives.gov.uk","part of a  tool  ","used by"," carpenters"
"nationalarchives.gov.uk","are iron  tools  ","used by"," a farrier - a"
"niassembly.gov.uk","the  premises  ","used by"," the Club are"
"bond.org.uk","the  interface  ","used by"," the customer"
"www2.sas.ac.uk"," ","used by"," Slater to"
"duncancumming.co.uk","  provision  ","used by"," women, and"
"payaway.co.uk","  means  ","used by"," Buddhas and"
"payaway.co.uk",", the  criteria  ","used by"," the compilers"
"balfourbeatty.co.uk","The  rules  ","used by"," Social"
"smile.co.uk","of  evidence  ","used by"," Nasa"
"jesus.org.uk","  elements  ","used by"," Freese in his"
"money.independent.co.uk","choice  words  ","used by"," others, over"
"geraldengland.co.uk","of the  method  ","used by"," Ben to prepare"
"enemydown.co.uk",""" is the  term  ","used by"," the observer"
"www1.indymedia.org.uk","of all  animals  ","used by"," humans. What"
"ppewww.ph.gla.ac.uk","  machines  ","used by"," the Suzuki"
"cep.lse.ac.uk","The  procedure  ","used by"," Faculty PGS"
"publications.oxfam.org.uk","the  language  ","used by"," Maya Angelou"
"vam.ac.uk","really a  camp  ","used by"," an"
"ex-canaries.co.uk","  channels  ","used by"," individual"
"prudential.co.uk","cost of  space  ","used by"," staff"
"spuc.org.uk","  apparatus  ","used by"," the Romans -"
"www-same.dur.ac.uk","and  drawings  ","used by"," architects to"
"cedr.co.uk","the I/ O  ports  ","used by"," COM1, COM2,"
"milesfaster.co.uk","  methods  ","used by"," the outreach"
"forum.thebears.co.uk","of the  C-130E  ","used by"," the United"
"cancerhelp.org.uk","  families  ","used by"," Maureen to"
"pkf.co.uk","  techniques  ","used by"," the old"
"spuc.org.uk",""" pick. ? a  tool  ","used by"," a hewer. it"
"spuc.org.uk",". ? a low  seat  ","used by"," a coal-hewer """
"makemyvotecount.org.uk","  address  ","used by"," many"
"diabetes.org.uk","along the  runs  ","used by"," the network"
"direct.gov.uk",",  energy  ","used by"," plant, and"
"direct.gov.uk",", and  energy  ","used by"," our vehicle"
"cherryred.co.uk","the  system  ","used by"," astronomers"
"essex.police.uk","All  entrances  ","used by"," wheelchair"
"tutorials.beginners.co.uk","All  entrances  ","used by"," wheelchair"
"historic-scotland.gov.uk","of  authority  ","used by"," Teresa de"
"uktvstylegardens.co.uk","or  quotation  ","used by"," the famous"
"forum.thebears.co.uk","  airfield  ","used by"," the early"
"archives.gla.ac.uk","exact  words  ","used by"," the BAF Panel"
"portcities.org.uk","plot  devices  ","used by"," authors down"
"portcities.org.uk","  ideas  ","used by"," many people"
"punkoiuk.co.uk","  software  ","used by"," the accounts"
"punkoiuk.co.uk",", CRM  software  ","used by"," the sales team"
"www2.netdoctor.co.uk","  vehicles  ","used by"," the Flying"
"forums.ic-games.co.uk","was a  station  ","used by"," the whaling"
"newworknetwork.org.uk","the  language  ","used by"," Helen Keller"
"bectu.org.uk",". The  tunnels  ","used by"," the smugglers"
"iiss.org.uk","is the  date  ","used by"," shops to help"
"macdonaldhotels.co.uk","the  password  ","used by"," the engineers"
"literacytrust.org.uk","the  language  ","used by"," Urvashi Vaid"
"www1.indymedia.org.uk","the  products  ","used by"," feed"
"devonline.gov.uk","stats  package  ","used by"," a lot of hosts."
"mysouthbank.co.uk","of  architects  ","used by"," Orkney"
"nao.org.uk","  profile  ","used by"," trainees in"
"health.org.uk","  example  ","used by"," republicans"
"microscopy-uk.org.uk","mail  server  ","used by"," the recipient"
"artshole.co.uk","code  numbers  ","used by"," computers to"
"nhsdirect.nhs.uk","  agents  ","used by"," many SSL"
"churchinwales.org.uk","  interpreter  ","used by"," SMERSH when"
"malehealth.co.uk","type of  shaker  ","used by"," professional"
"planning.ed.ac.uk","  equipment  ","used by"," a teleworker"
"bectu.org.uk","road  networks  ","used by"," thousands of"
"diabetes.org.uk","storage  area  ","used by"," Windows to"
"internationalhero.co.uk","  products  ","used by"," your"
"niassembly.gov.uk","the word  beck  ","used by"," people in"
"niassembly.gov.uk","for the  speech  ","used by"," miners. Our"
"germany.co.uk",", the  argument  ","used by"," the city ''s"
"uclan.ac.uk","  designation  ","used by"," Members of"
"chester.gov.uk","  inspiration  ","used by"," God in the"
"buildingdesign.co.uk","  terminology  ","used by"," model"
"antarctica.ac.uk"," ","used by"," them would be"
"roehampton.ac.uk","  technology  ","used by"," its 2.3"
"epilepsy.org.uk","the  language  ","used by"," Beth Chapman"
"epilepsy.org.uk","are the  kind  ","used by",""
"pkf.co.uk","  prayer  ","used by"," every Moslem"
"mgcars.org.uk","the  language  ","used by"," Princess"
"show.me.uk","the  language  ","used by"," priests,"
"journalism.cf.ac.uk","  strategies  ","used by"," the teacher to"
"ids.ac.uk","  tactics  ","used by"," fast food"
"shop.gameplay.co.uk","  methods  ","used by"," tobacco"
"cwn.org.uk","of the  style  ","used by"," Coppola in his"
"rbg.kew.org.uk","the  equipment  ","used by"," a mining"
"thompsons.law.co.uk","  resolver  ","used by"," the CrossFire"
"thompsons.law.co.uk","  resolver  ","used by"," Zetoc if your"
"bond.org.uk","the  technique  ","used by"," a fresco"
"direct.gov.uk","of  divination  ","used by"," others, and"
"texas.teamxlink.co.uk","  Methodology  ","used by"," the Office for"
"aaps.ed.ac.uk","in the  format  ","used by"," the"
"historylearningsite.co.uk","  construction  ","used by"," scientists in"
"thebiographychannel.co.uk","winning  stone  ","used by"," the women ''s"
"dvd.ciao.co.uk","was a  pistol  ","used by"," German"
"uclan.ac.uk"," ","used by"," the logicians"
"jesushouse.org.uk","of the  tricks  ","used by"," the sellers:"
"libdems.org.uk","central  image  ","used by"," Milton in"
"artscouncil.org.uk","data  format  ","used by"," Survex by"
"secure.bfi.org.uk","  medicines  ","used by",""
"vads.ahds.ac.uk","the  chart  ","used by"," Jeffrey Sachs"
"wycombe.gov.uk","  sources  ","used by"," the"
"eternalnight.co.uk","5 % of the  water  ","used by"," the fire"
"internationalhero.co.uk",". All the  sites  ","used by"," LSR are deeper"
"geog.le.ac.uk","  devices  ","used by"," "" quacks "" in"
"holidaylettings.co.uk","  technology  ","used by"," the VOA was"
"age-net.co.uk","the  methods  ","used by"," sociologists"
"archive.official-documents.co.uk","  agencies  ","used by"," the Group upon"
"vam.ac.uk","main  routes  ","used by"," criminals t"
"literacytrust.org.uk","of the  words  ","used by"," the writer"
"motoring.independent.co.uk","and  phrases  ","used by"," Chair Jason E"
"uktvfood.co.uk","  spectrum  ","used by"," 802.11b."
"silent-thunder.co.uk","of  space  ","used by"," all of the"
"usdaw.org.uk","  devices  ","used by"," infantry"
"web.staffs.ac.uk","of  treatment  ","used by"," other doctors"
"rafmuseum.org.uk","to the  kind  ","used by"," Saddam"
"southwestrda.org.uk","the  vehicles  ","used by"," the Airborne"
"rail-reg.gov.uk","main  bomber  ","used by"," the American"
"essex.police.uk","  techniques  ","used by"," medieval"
"essex.police.uk","  sources  ","used by"," the 19th"
"cheshirefire.co.uk","the  nappies  ","used by"," offering an"
"caledonian.ac.uk","  cushions  ","used by"," others. High"
"hollies.co.uk","the  style  ","used by"," Journal of the"
"lists.adeptscience.co.uk","the  rooms  ","used by"," many district"
"museums.ncl.ac.uk","the  language  ","used by"," Anita Roddick"
"artshole.co.uk","Hindu  names  ","used by"," astrologers"
"roehampton.ac.uk","on the  charts  ","used by"," alarmist"
"direct.gov.uk","  method  ","used by"," Iago in his"
"lancs.ac.uk","that the  money  ","used by"," the state must"
"money.independent.co.uk","  method  ","used by"," many"
"partyoffers.co.uk","Some  examples  ","used by"," various"
"epilepsynse.org.uk","  software  ","used by"," ESDS"
"nya.org.uk","the  technique  ","used by"," the painter."
"calderdale.gov.uk","and  services  ","used by"," the industry"
"insight.zdnet.co.uk","  equipment  ","used by"," the armed"
"artshole.co.uk","  glass  ","used by"," Dutch seamen"
"blog.ctrlbreak.co.uk","  routes  ","used by"," the Border"
"insolvency.gov.uk",", a  technique  ","used by"," earlier"
"money.independent.co.uk","into a  product  ","used by"," women - "" After"
"pet.cam.ac.uk","with the  sword  ","used by"," Elizabeth I to"
"caledonian.ac.uk","-  terms  ","used by"," the novelist"
"niftc.co.uk","  spectrum  ","used by"," 802.11b."
"niftc.co.uk","  equipment  ","used by"," US"
"niftc.co.uk","a tent  complex  ","used by"," scientists,"
"blogigo.co.uk","of  software  ","used by"," registrars"
"journalism.cf.ac.uk","  drugs  ","used by"," 60-70 per cent"
"epilepsy.org.uk","). The  methods  ","used by"," the"
"exporteastofengland.org.uk","blood  sample  ","used by"," any other"
"vam.ac.uk","  facility  ","used by"," a major"
"moggies.co.uk","such as a  PC  ","used by"," several"
"viva.org.uk",". The  strategy  ","used by"," the Notts"
"digitalspy.co.uk","to  medicines  ","used by"," their Mayan"
"digitalspy.co.uk","  plants  ","used by"," the"
"rafmuseum.org.uk","the  language  ","used by"," the lower"
"mimas.ac.uk","the  route  ","used by"," merchant"
"shipit.co.uk","and  engine  ","used by"," the RAF,"
"forums.ic-games.co.uk","  strategies  ","used by"," the Axis and"
"sfeu.ac.uk","the  language  ","used by"," Sarah Brady in"
"nationalarchives.gov.uk","  process  ","used by"," the EU, and to"
"nationalarchives.gov.uk","  process  ","used by"," the EU, and to"
"digitalspy.co.uk","firing  ranges  ","used by"," the British"
"accountingweb.co.uk","  instruments  ","used by"," astronomers -"
"platform-end.co.uk","  method  ","used by"," many"
"uclan.ac.uk","  helicopter  ","used by"," Liberal"
"faegre.co.uk","of  equipment  ","used by"," an 11 year old"
"shop.gameplay.co.uk",") (  c)Eastside  ","Used by"," older"
"uk-muscle.co.uk","of  frames  ","used by"," social"
"uk-muscle.co.uk","to  frames  ","used by"," other parties"
"bectu.org.uk","in any  case  ","used by"," just a tiny"
"lamp.ac.uk","is the  kayak  ","used by"," the Eskimos of"
"theweddingnetwork.co.uk","of  transport  ","used by"," suppliers and"
"healthmatters.org.uk","for the  system  ","used by"," the city"
"jazzscript.co.uk","  methodology  ","used by"," the Social"
"jazzscript.co.uk","  indicators  ","used by"," the Social"
"moggies.co.uk","powerful  drug  ","used by"," mankind ""). He"
"exeter.ac.uk"," ","used by"," students. I"
"eternalnight.co.uk","  modes  ","used by"," various"
"surreycc.gov.uk","A  plant  ","used by"," the San"
"ymss.org.uk","  systems  ","used by"," the police -"
"cheltenham.gov.uk","of the  methods  ","used by"," humans to"
"lathes.co.uk","  radiance  ","used by"," Raymond Lee(3"
"ymss.org.uk","a  language  ","used by"," telephony"
"hlst.heacademy.ac.uk","powerful  drug  ","used by"," mankind ""). He"
"hlst.heacademy.ac.uk","the  chart  ","used by"," Jeffrey Sachs"
"motoring.independent.co.uk","and  analyses  ","used by"," eminent"
"theweddingnetwork.co.uk","of a  computer  ","used by"," a former"
"vmg.co.uk","  systems  ","used by"," GROS permit"
"oakham.cs.ucl.ac.uk","that the  road  ","used by"," motorists"
"uktsupport.co.uk","class  scheme  ","used by"," advertisers"
"aimhigher.ac.uk","  approach  ","used by"," Berger and"
"localhistory.scit.wlv.ac.uk","of the  water  ","used by"," mankind. But,"
"essex.police.uk","of the  methods  ","used by"," Amnesty"
"faq.quickbooks.co.uk","  algorithm  ","used by"," the software"
"uktvstylegardens.co.uk","  moniker  ","used by"," XLANG"
"football.co.uk","  systems  ","used by"," social"
"viva.org.uk","  equipment  ","used by"," Internet"
"ids.ac.uk","is now a  room  ","used by"," the choir. The"
"localhistory.scit.wlv.ac.uk","in the  rim  ","used by"," Odd Job to try"
"bsactravelclub.co.uk","in youth  clubs  ","used by"," children as"
"primaryresources.co.uk","avoid  areas  ","used by"," sheep "" and"
"cedr.co.uk","on, the  words  ","used by"," those in"
"barbecue-online.co.uk","  descriptors  ","used by"," the"
"barbecue-online.co.uk","  language  ","used by"," the"
"epilepsy.org.uk","steel  frames  ","used by"," many other"
"ramagazine.org.uk","  optics  ","used by"," Solargenix in"
"rafmuseum.org.uk","1080i  formats  ","used by"," Sky ''s HDTV"
"rafmuseum.org.uk","video  signals  ","used by"," terrestrial"
"fantasyfactory.co.uk","  strategies  ","used by"," upper primary"
"met.police.uk",". Other  rooms  ","used by"," the family"
"a-day-in-the-life.powys.org.uk","provide a  form  ","used by"," English"
"bsactravelclub.co.uk","  systems  ","used by"," CSU. Park the"
"efestivals.co.uk","  sources  ","used by"," community"
"bectu.org.uk","(the  format  ","used by"," PCWs), which"
"bectu.org.uk","character  set  ","used by"," DOS word"
"microscopy-uk.org.uk","  application  ","used by"," my company has"
"dvd.reviewer.co.uk","  spectrum  ","used by"," 802.11b."
"insolvency.gov.uk","  processes  ","used by"," your people."
"efestivals.co.uk",", "" a loose  term  ","used by"," the US"
"insight.zdnet.co.uk","  electricity  ","used by"," the site and"
"gro-scotland.gov.uk",". The  example  ","used by"," Kate was not"
"chester.gov.uk",". The  criteria  ","used by"," departments"
"internationalhero.co.uk","the  framework  ","used by"," the plant"
"aaps.ed.ac.uk","  Forms  ","used by"," inspectors"
"motoring.independent.co.uk","the  tactic  ","used by"," interested"
"cherryred.co.uk","m 2  building  ","used by"," Beijing Gas"
"essex.police.uk","yellow  boat  ","used by"," Meket-re to"
"rbs.co.uk","are  elements  ","used by"," Derbi in their"
"motoring.independent.co.uk","  methods  ","used by"," Mahatma"
"historylearningsite.co.uk","and  codes  ","used by"," government"
"greenbelt.org.uk","  calculation  ","used by"," English"
"cer.org.uk","  addresses  ","used by"," the Internet."
"cer.org.uk","  addresses  ","used by"," computers."
"canterbury.ac.uk","  model  ","used by"," the Research"
"www2.netdoctor.co.uk","  conditions  ","used by"," the Tidy"
"man.ac.uk","  predicates  ","used by"," many programs"
"cambs.police.uk",", not the  steel  ","used by"," rivals. There"
"armedforces.co.uk","the  frequency  ","used by",""
"viva.org.uk","the key  device  ","used by"," most"
"forum.thebears.co.uk",", is  today  ","used by"," the"
"lists.adeptscience.co.uk","IMAP  protocol  ","used by"," the staffmail"
"lists.adeptscience.co.uk","mailbox  files  ","used by"," other clients"
"peta.org.uk","  tools  ","used by"," Chawak"
"webmaster.lycos.co.uk","  methods  ","used by"," smaller"
"voa.gov.uk","and  illness  ","used by"," doctors and"
"chester.gov.uk","the  vehicles  ","used by"," staff, from"
"justgambling.co.uk","  measurement  ","used by"," nonprofit"
"insolvency.gov.uk","was a  vessel  ","used by"," salvagers"
"football.co.uk","  standard  ","used by"," trading"
"localhistory.scit.wlv.ac.uk","  procedures  ","used by"," your"
"virgintrains.co.uk","  procedures  ","used by"," your"
"intersites.co.uk","to any  place  ","used by"," bats for"
"vmg.co.uk","the  clones  ","used by"," the Great"
"payaway.co.uk","  strategies  ","used by"," many lenders"
"uktvstylegardens.co.uk","the  addresses  ","used by"," the network"
"www-same.dur.ac.uk","  injections  ","used by"," diabetics."
"churchinwales.org.uk","set of  routes  ","used by"," the skidoos."
"lists.adeptscience.co.uk","major  surveys  ","used by"," secondary"
"thompsons.law.co.uk","of the  kind  ","used by"," European"
"surreycc.gov.uk","  recipes  ","used by"," entrants in"
"shu.ac.uk","popular  sites  ","used by"," teachers and"
"chester.gov.uk","  component  ","used by"," security firm"
"bsacforum.co.uk","main  language  ","used by"," the media, so"
"rafmuseum.org.uk","  collection  ","used by"," the"
"ogc.gov.uk","of a  woman  ","used by"," everyone (it"
"unitnews.co.uk","  substances  ","used by"," the firm, and"
"countrybookshop.co.uk","  methods  ","used by"," different"
"brunel.ac.uk","Text, a  name  ","used by"," Westcott and"
"cherryred.co.uk","and  ingenuity  ","used by"," the hackers in"
"niftc.co.uk","  styles  ","used by"," many honest"
"niftc.co.uk","  sentiment  ","used by"," both"
"niftc.co.uk",", and is a  term  ","used by"," honest and as"
"reviews.zdnet.co.uk","  techniques  ","used by"," the UK social"
"fametastic.co.uk","  parser  ","used by"," former"
"insolvency.gov.uk","turn of  phrase  ","used by"," one author may"
"microscopy-uk.org.uk","major  surveys  ","used by"," secondary"
"essex.police.uk","the  language  ","used by"," the GPL),"
"conceptcar.co.uk","major  surveys  ","used by"," secondary"
"canterbury.ac.uk","  methods  ","used by"," each of the 5"
"money.independent.co.uk","  mechanism  ","used by"," web pages and"
"iiss.org.uk","the  processes  ","used by"," Network Rail"
"boysstuff.co.uk","  keys  ","used by"," the 802.11b"
"fuk.co.uk","  spectrum  ","used by"," 802.11b."
"fuk.co.uk","  equipment  ","used by"," US"
"ymss.org.uk","  mechanism  ","used by"," the learners."
"bsactravelclub.co.uk","the  addresses  ","used by"," billing"
"bsactravelclub.co.uk","of  return  ","used by"," the Agency to"
"canterbury.ac.uk","major  surveys  ","used by"," secondary"
"pet.cam.ac.uk","turn of  phrase  ","used by"," one author may"
"pkf.co.uk","  construction  ","used by"," all the"
"scotcourts.gov.uk","file  format  ","used by"," Macromedia"
"mimas.ac.uk","  information  ","used by"," bitmaps. As"
"epilepsy.org.uk","Zealots.  Term  ","used by"," Josephus for a"
"show.me.uk","(AOAC)  method  ","used by"," other EU"
"housepricecrash.co.uk"," ","used by"," county"
"smile.co.uk","found the  room  ","used by"," the Bristol go"
"exeter.gov.uk","  instruments  ","used by"," jazz"
"southwestrda.org.uk","the  services  ","used by"," local"
"nutrition.org.uk","  engines  ","used by"," MessageLabs."
"www1.indymedia.org.uk","at all  stops  ","used by"," the Hoppa."
"spuc.org.uk","million  words  ","used by"," Shakespeare,"
"www2.netdoctor.co.uk","amount of  fuel  ","used by"," field staff"
"illumin.co.uk","shaped  boards  ","used by"," the Lib Dems"
"moggies.co.uk","major  surveys  ","used by"," secondary"
"uktvstylegardens.co.uk","  multiple  ","used by"," most banks and"
"surreycc.gov.uk","  spectrum  ","used by"," 802.11b."
"surreycc.gov.uk","  bands  ","used by"," 802.11a, b and"
"surreycc.gov.uk","  equipment  ","used by"," US"
"surreycc.gov.uk","a tent  complex  ","used by"," scientists,"
"motoring.independent.co.uk","a  network  ","used by"," about 40,000"
"buildingdesign.co.uk","it was an  area  ","used by"," the secret"
"insight.zdnet.co.uk","  language  ","used by"," Secretary of"
"show.scot.nhs.uk","public  areas  ","used by"," large numbers"
"rafmuseum.org.uk","an  example  ","used by"," Frances Yates"
"money.independent.co.uk","  submarines  ","used by"," the"
"gre.ac.uk","wrapper  class  ","used by"," the"
"gre.ac.uk","of the  trees  ","used by"," the HIC system"
"historylearningsite.co.uk","of  premises  ","used by"," children 1."
"healthmatters.org.uk","  classes  ","used by"," the system to"
"healthmatters.org.uk","its  contents  ","used by"," the"
"ids.ac.uk","  routes  ","used by"," the port"
"healthmatters.org.uk",". The  language  ","used by"," that client"
"staffs.ac.uk","  program  ","used by"," interviewers"
"ownersdirect.co.uk","on  techniques  ","used by"," cults to"
"lounge2bedroom.co.uk","  techniques  ","used by"," social"
"jolt.co.uk","  tactics  ","used by"," schools"
"artshole.co.uk","  argument  ","used by"," "" Saantideva."
"vam.ac.uk","  technology  ","used by"," everyone from"
"canterbury.ac.uk","  procedures  ","used by"," the Video"
"goldsmiths.ac.uk","that the  name  ","used by"," the ancients"
"essex.police.uk","  conventions  ","used by"," the"
"cherryred.co.uk","  carriers  ","used by"," the Eighth"
"glaucus.org.uk","still the  term  ","used by"," postmen today"
"roehampton.ac.uk","of  words  ","used by",", say, the"
"healthmatters.org.uk","longer  trains  ","used by"," train"
"insight.zdnet.co.uk",""" swap ""  rates  ","used by"," banks in the"
"maths.leeds.ac.uk","  adjectives  ","used by"," teachers to"
"maths.leeds.ac.uk","of  feedback  ","used by"," teachers in"
"exeter.gov.uk","  classes  ","used by"," the system to"
"avtalk.co.uk","  packages  ","used by"," those"
"edinburghfestivals.co.uk","the  language  ","used by"," the top 50 law"
"uktsupport.co.uk","in  libraries  ","used by"," children and"
"les.man.ac.uk","to the  methods  ","used by"," the """
"les.man.ac.uk","  algorithm  ","used by",""
"les.man.ac.uk",". The  rule  ","used by"," the system is"
"les.man.ac.uk","  method  ","used by",""
"les.man.ac.uk","  construction  ","used by"," the"
"les.man.ac.uk","is the  format  ","used by"," the system and"
"msn.netdoctor.co.uk","was at one  time  ","used by"," the monks. The"
"nervous.co.uk","  spectrum  ","used by"," 802.11b."
"journalism.cf.ac.uk","EC budget  line  ","used by"," EU"
"money.independent.co.uk","set of  posters  ","used by"," BPS comes from"
"taxationweb.co.uk","  routes  ","used by"," the club ''s"
"vmg.co.uk","  spectrum  ","used by"," 802.11b."
"bsactravelclub.co.uk","adapt a  phrase  ","used by"," Keynes, are """
"bsactravelclub.co.uk","adapt a  phrase  ","used by"," Keynes, are """
"bsactravelclub.co.uk","adapt a  phrase  ","used by"," Keynes, are """
"socresonline.org.uk","DVD-VR  format  ","used by"," DVD-based"
"pkf.co.uk","  practices  ","used by"," community"
"literacytrust.org.uk","GM  chassis  ","used by"," the Chevy"
"literacytrust.org.uk","  platform  ","used by"," the Chevy"
"reviews.zdnet.co.uk","of the  phrases  ","used by"," women to"
"activityvillage.co.uk","  spectrum  ","used by"," 802.11b."
"olympics.org.uk",": an  image  ","used by"," Prudential"
"bexley.gov.uk","  English  ","used by"," people"
"motoring.independent.co.uk","shot  guns  ","used by"," farmers and"
"epilepsy.org.uk","or the  notes  ","used by"," lecturers"
"danacentre.org.uk","the  criteria  ","used by"," her"
"fashionunited.co.uk","  rooms  ","used by"," Fellows and"
"vmg.co.uk","to those  being  ","used by"," the Pentagon"
"reviews.zdnet.co.uk","  system  ","used by"," many large"
"cep.lse.ac.uk","of  transport  ","used by"," local"
"forcesreunited.org.uk","of  reference  ","used by"," young working"
"reviews.zdnet.co.uk","after the  boat  ","used by"," the Colne"
"jolt.co.uk","the exact  form  ","used by"," the library or"
"chem.leeds.ac.uk","  assumptions  ","used by"," the actuaries"
"chem.leeds.ac.uk","A  term  ","used by"," nuclear"
"staff.ncl.ac.uk","  methodology  ","used by"," the Agency in"
"essex.police.uk",""" key  words  ","used by"," the public in"
"uce.ac.uk","  string  ","used by"," the wireless"
"unitedrant.co.uk","the  hardware  ","used by"," English"
"unitedrant.co.uk","  system  ","used by"," English"
"literacytrust.org.uk","the  format  ","used by"," Maple"
"reviews.zdnet.co.uk","from  craft  ","used by"," the Britons,"
"webmaster.lycos.co.uk","of the  seals  ","used by"," Tudor kings"
"dh.gov.uk","mix of the  type  ","used by"," London Taxi"
"ogc.gov.uk","  plating  ","used by"," fighting"
"money.independent.co.uk","  methodology  ","used by"," TACT in"
"ids.ac.uk","character  set  ","used by"," an electronic"
"ulster.ac.uk","  techniques  ","used by"," medieval"
"users.netmatters.co.uk","  spectrum  ","used by"," 802.11b."
"users.netmatters.co.uk","  bands  ","used by"," 802.11a, b and"
"users.netmatters.co.uk","  equipment  ","used by"," US"
"users.netmatters.co.uk","a tent  complex  ","used by"," scientists,"
"show.scot.nhs.uk","  spectrum  ","used by"," 802.11b."
"show.scot.nhs.uk","  bands  ","used by"," 802.11a, b and"
"show.scot.nhs.uk","  equipment  ","used by"," US"
"lists.adeptscience.co.uk","and  trappings  ","used by"," Queen"
"bectu.org.uk","one of the  ones  ","used by"," the escaping"
"vads.ahds.ac.uk","the same  rates  ","used by"," 802.11b. The"
"vads.ahds.ac.uk","  spectrum  ","used by"," 802.11b."
"vads.ahds.ac.uk","  equipment  ","used by"," US"
"dcs.shef.ac.uk","as any  process  ","used by"," a firm as part"
"essex.police.uk","  centre  ","used by"," the travel"
"mountaineering-scotland.org.uk","the  schedules  ","used by"," nurses and"
"new-agri.co.uk","content  words  ","used by"," them as plain"
"staffs.ac.uk","crash  helmets  ","used by"," stars such as"
"publicservice.co.uk","  services  ","used by"," poor people in"
"lamp.ac.uk","''  approach  ","used by"," the Higashi"
"homeoffice.gov.uk","  repetitions  ","used by"," carers at"
"education.independent.co.uk","of  water  ","used by"," these people"
"web16713.vs.netbenefit.co.uk","  definitions  ","used by"," each member"
"phill.co.uk","of the  methods  ","used by"," the parents to"
"antarctica.ac.uk","the  data  ","used by"," his"
"buildingdesign.co.uk","  instruments  ","used by"," serious comet"
"tin.nhs.uk","dancer  image  ","used by"," the National"
"uclan.ac.uk","  mechanisms  ","used by"," our brains in"
"nhsdirect.nhs.uk","  systems  ","used by"," ONS."
"dvd.reviewer.co.uk","  translation  ","used by"," Kenny,"
"sovereignty.org.uk","  files  ","used by"," ASP. NET and"
"lathes.co.uk","  phrase  ","used by"," Fetherstone"
"word-on-the-web.co.uk","  forms  ","used by"," the official"
"weddingguide.co.uk","  remedies  ","used by"," shamans and"
"a-n.co.uk","of the  tests  ","used by"," the"
"barbecue-online.co.uk","  system  ","used by"," JPEG works"
"korguksupport.co.uk","of stone  tools  ","used by"," hominids from"
"advfilms.co.uk","  networks  ","used by"," cable TV"
"advfilms.co.uk","the  spectrum  ","used by"," the military"
"pensionsworld.co.uk","the  resources  ","used by"," the attacker."
"insight.zdnet.co.uk","stats  package  ","used by"," a lot of hosts."
"caledonian.ac.uk","also a  route  ","used by",""
"mountaineering-scotland.org.uk","order  form  ","used by"," the County"
"theatrebristol.co.uk","The  resources  ","used by"," the"
"sel.cam.ac.uk","  definition  ","used by"," the"
"hollies.co.uk","fuel  mixtures  ","used by"," enemy"
"edietsuk.co.uk","  methods  ","used by"," those"
"edietsuk.co.uk","  means  ","used by"," DTI officials"
"brad.ac.uk","  sources  ","used by"," community"
"croydoncavingclub.org.uk","and  equipment  ","used by"," the outgoing"
"rcsed.ac.uk","legal  files  ","used by"," the Council ''s"
"essex.police.uk","of the  band  ","used by"," ADSL) by as"
"thetrousers.co.uk","  photograph  ","used by"," kind"
"exeter.ac.uk","  medicines  ","used by",""
"materials.ac.uk","access  point  ","used by"," the vast"
"hollies.co.uk","  structures  ","used by"," the ISE. Of"
"insight.zdnet.co.uk","secret  codes  ","used by"," the Nazis."
"football.co.uk","the same  ones  ","used by"," the"
"football.co.uk","the same  ones  ","used by"," the"
"football.co.uk","to  pictures  ","used by"," the"
"cherryred.co.uk","age  test  ","used by"," doctors."
"hollies.co.uk","of  security  ","used by"," a supplier of"
"rbg.kew.org.uk","- A  service  ","used by"," Clients often"
"rbg.kew.org.uk","- A  service  ","used by"," Clients whose"
"growingbusiness.co.uk",".  Crossings  ","used by"," heavy goods"
"socresonline.org.uk","of  questions  ","used by"," the American"
"macdonaldhotels.co.uk","British  humor  ","used by"," the Goons (or"
"primarycarecontracting.nhs.uk","on each  minute  ","used by"," customers on"
"cwn.org.uk","of debt  terms  ","used by"," the courts and"
"holidaylettings.co.uk","peat. The  kiln  ","used by"," Laphroaig was"
"maths.leeds.ac.uk","''  line  ","used by"," passenger"
"maths.leeds.ac.uk",". The  bridge  ","used by"," these lines to"
"poetrymagazines.org.uk",". The  process  ","used by"," NetStumbler"
"olympics.org.uk","): The  title  ","used by"," my Department"
"bravo.co.uk","  categories  ","used by"," the people"
"lancs.ac.uk","  Bulldozer  ","used by"," the Forces. It"
"literacytrust.org.uk","in  methods  ","used by"," projects"
"cheshirefire.co.uk","  frequencies  ","used by"," the body. ·"
"outdoors1st.co.uk","  codes  ","used by"," BP-Amoco for"
"nutrition.org.uk","and  phrases  ","used by"," Chair Jason E"
"forcesreunited.org.uk","the  equations  ","used by"," the engineers"
"spuc.org.uk","and  phrases  ","used by"," Chair Jason E"
"bournemouth.gov.uk","to  protocols  ","used by"," commercial"
"bournemouth.gov.uk","of  outreach  ","used by"," the Library."
"nya.org.uk","of the  methods  ","used by"," scientists."
"citizenshipfoundation.org.uk","  addresses  ","used by"," the Internet."
"microscopy-uk.org.uk","  techniques  ","used by"," surrealists"
"staff.brad.ac.uk","to "" the  urinal  ","used by"," the hated"
"accomodata.co.uk","  Forms  ","used by"," inspectors"
"niftc.co.uk","the key  fuels  ","used by"," the cells of"
"hazelden.org.uk","are the  series  ","used by"," the IMF and"
"dh.gov.uk","name  field  ","used by"," the"
"dh.gov.uk","  field  ","used by"," the"
"hazelden.org.uk","the  criteria  ","used by"," his"
"hazelden.org.uk",", the  system  ","used by"," the Housing"
"caledonian.ac.uk","  system  ","used by"," most schools ("
"caledonian.ac.uk","  service  ","used by"," the"
"caledonian.ac.uk",": The  vehicle  ","used by"," the mobile"
"caledonian.ac.uk","  criteria  ","used by"," Roads Service"
"caledonian.ac.uk","the  criteria  ","used by"," Roads Service"
"chem.leeds.ac.uk","was a  route  ","used by"," well-do-to"
"staffs.ac.uk","a real  cipher  ","used by"," French spies."
"avreview.co.uk","of the  glass  ","used by"," Moon: in the"
"beingmrkenny.co.uk","on the  methods  ","used by"," cognitive"
"publicservice.co.uk","  software  ","used by"," relatively"
"caledonian.ac.uk","  techniques  ","used by"," the"
"bectu.org.uk","to the  colors  ","used by"," RasMol. This"
"talkmagic.co.uk","  techniques  ","used by"," these authors"
"hollies.co.uk","(a  term  ","used by"," the authors to"
"users.netmatters.co.uk","  grids  ","used by"," the"
"hsc.uwe.ac.uk","  reporting  ","used by"," management"
"cheshirefire.co.uk","  polyamides  ","used by"," PMA are"
"iiss.org.uk","  board  ","used by"," tutors to"
"accomodata.co.uk","  methodology  ","used by"," the"
"housepricecrash.co.uk","  strategies  ","used by"," players to"
"southwestrda.org.uk","  definition  ","used by"," the Office of"
"theweddingnetwork.co.uk",". The  routes  ","used by"," the learners"
"theweddingnetwork.co.uk","the  approach  ","used by"," the HEIs will"
"ulster.ac.uk","this  arrival  ","used by"," the program"
"ulster.ac.uk","  threshold  ","used by"," purge_pha to"
"money.independent.co.uk","  approaches  ","used by"," selected"
"www-tus.csx.cam.ac.uk","  methods  ","used by"," the Home"
"www-tus.csx.cam.ac.uk","  software  ","used by"," the Home"
"www-tus.csx.cam.ac.uk","  syntax  ","used by"," the Home"
"ids.ac.uk","  levers  ","used by"," hedge funds"
"hlst.heacademy.ac.uk","  pathways  ","used by"," different NK"
"subbrit.org.uk","  circuits  ","used by"," the"
"talkmagic.co.uk","is with a  tool  ","used by"," security"
"maths.leeds.ac.uk","is the  method  ","used by"," experts. The"
"antarctica.ac.uk","a similar  word  ","used by"," the Berber"
"historylearningsite.co.uk","  house  ","used by"," all kinds of"
"maths.leeds.ac.uk","of  memory  ","used by"," the DOM"
"nutrition.org.uk","of the  format  ","used by"," LD. After 2006"
"vam.ac.uk","of  water  ","used by"," a dairy farm."
"ex-canaries.co.uk","  session  ","used by"," Pittenger et"
"ex-canaries.co.uk","the  methods  ","used by"," Pittenger et"
"edinburgh-tattoo.co.uk","  facilities  ","used by"," visitors"
"education.independent.co.uk","of  violence  ","used by"," the police in"
"princes-trust.org.uk","  criteria  ","used by"," my Department"
"british-athletics.co.uk","PFI as a  tool  ","used by",""
"british-athletics.co.uk","of note  paper  ","used by"," Richard"
"reviews.zdnet.co.uk",". The  barley  ","used by"," Royal"
"hollies.co.uk","  track  ","used by"," walkers,"
"sovereignty.org.uk","  phrases  ","used by"," both"
"library.stir.ac.uk","the  tactics  ","used by"," all parties;"
"maths.leeds.ac.uk","  techniques  ","used by"," the modern"
"weddingguide.co.uk","?The  evidence  ","used by"," some"
"smoothhound.co.uk","the  tactics  ","used by"," some"
"bournemouth.gov.uk","  methodology  ","used by"," the Office for"
"man.ac.uk","  development  ","used by"," colleges"
"antarctica.ac.uk","the  currency  ","used by"," the customer."
"historylearningsite.co.uk","  distinctions  ","used by"," the Welsh"
"uclan.ac.uk","at  criteria  ","used by"," the Institute"
"uclan.ac.uk"," ","used by"," the Staff and"
"uclan.ac.uk","; the  criteria  ","used by"," the Quality"
"uclan.ac.uk","  criteria  ","used by"," universities"
"hollies.co.uk","chilli  powder  ","used by"," Premier Foods"
"giveusahome.co.uk","  rates  ","used by"," Thomas Cook. A"
"avreview.co.uk","  bodysuits  ","used by"," Team GB"
"caroluk.co.uk","  information  ","used by"," UNIX"
"motoring.independent.co.uk","  resolution  ","used by"," a widescreen"
"citizenshipfoundation.org.uk","  equipment  ","used by"," astronauts to"
"publicservice.co.uk","the  metatags  ","used by"," the"
"football.co.uk","  procedures  ","used by"," Railtrack,"
"football.co.uk","  intervals  ","used by"," Railtrack are"
"mountaineering-scotland.org.uk",".  Techniques  ","used by"," mediators"
"tutorials.beginners.co.uk",". The  types  ","used by"," A. J. S. with a 2"
"word-on-the-web.co.uk","two  servers  ","used by"," the group."
"niace.org.uk","  procedures  ","used by"," health"
"library.stir.ac.uk","  approach  ","used by"," Blackburn"
"reviews.zdnet.co.uk","the  methods  ","used by"," such surveys,"
"browsewebsites.co.uk",":  Products  ","used by"," consumers"
"browsewebsites.co.uk","  equipment  ","used by"," members at a"
"browsewebsites.co.uk","power  tools  ","used by"," skilled,"
"onlinenews.warwickshire.police.uk","  water  ","used by"," car-makers. *"
"ability.org.uk","it was a  word  ","used by"," Christians in"
"thetrousers.co.uk","  illustration  ","used by"," kind"
"glaucus.org.uk","ports.  Ports  ","used by"," services like"
"phill.co.uk"," ","used by"," the people of"
"milesfaster.co.uk","  substrates  ","used by"," IRST. The"
"rcpsglasg.ac.uk","  technique  ","used by"," Eddie Murphy"
"flooringsupplies.co.uk","drawn  wagons  ","used by"," the LMS to and"
"motoring.independent.co.uk","  arguments  ","used by"," those opposed"
"res.org.uk","and  machinery  ","used by"," a bankrupt"
"biochem.ucl.ac.uk","  approach  ","used by"," Blackburn"
"socresonline.org.uk","  approach  ","used by"," Blackburn"
"olympics.org.uk","  approach  ","used by"," Blackburn"
"hlst.heacademy.ac.uk","  exercises  ","used by"," ancient Greek"
"insight.zdnet.co.uk","the  guidance  ","used by"," local"
"barbecue-online.co.uk","  tool  ","used by"," SLPs &"
"psi.org.uk","its  products  ","used by"," Ernault,"
"epic.co.uk","have an  office  ","used by"," the Effective"
"ncvo-vol.org.uk",".  Methods  ","used by"," the group"
"wakefield.gov.uk","in the  methods  ","used by"," the GPU in such"
"npl.co.uk","  character  ","used by"," the writer as"
"lsbu.ac.uk","  franchises  ","used by"," publishers to"
"cambs.police.uk","  method  ","used by"," most couples."
"archives.gla.ac.uk","  language  ","used by"," Mr. Frere"
"uktvfood.co.uk","  animals  ","used by"," persons with"
"macdonaldhotels.co.uk","  technique  ","used by"," holistic"
"careers.ed.ac.uk","and  property  ","used by"," charities."
"themostannoyingsiteintheworld.co.uk","and  tactics  ","used by"," the Empire for"
"iserv.abertay.ac.uk","of  routes  ","used by"," pupils on"
"ogc.gov.uk","the  brutality  ","used by"," both, though"
"insolvency.gov.uk","  process  ","used by"," TWU to keep the"
"cheshirefire.co.uk","of  subjects  ","used by"," UCAS and HESA"
"cambs.police.uk","same  criteria  ","used by"," the librarian"
"teachingenglish.org.uk","letter  codes  ","used by"," TEXTSTAR and"
"calderdale.gov.uk","* is a wild  card  ","used by"," CorpusSearch"
"calderdale.gov.uk","is a wild  card  ","used by"," CorpusSearch"
"rcsed.ac.uk","motor  vehicle  ","used by"," a member for a"
"vet.ed.ac.uk","  string  ","used by"," the MID$"
"kcl.ac.uk","1948.  Photo  ","used by"," kind"
"jazzscript.co.uk","  procedure  ","used by"," the"
"mimas.ac.uk","  approach  ","used by"," The Scottish"
"jesus.org.uk"," ","used by"," Scotlandâ? ?s"
"taxationweb.co.uk","and  areas  ","used by"," the Student."
"new-agri.co.uk","  operations  ","used by"," ` convert/"
"brunel.ac.uk","  anaesthetic  ","used by"," dentists. It"
"bsactravelclub.co.uk","  cultivators  ","used by"," some growers"
"onlinenews.warwickshire.police.uk","  harbour  ","used by"," divers"
"talkpolitics.users20.donhost.co.uk","  tactics  ","used by"," the Gestapo"
"talkpolitics.users20.donhost.co.uk","  resolver  ","used by"," the CrossFire"
"talkpolitics.users20.donhost.co.uk","  resolver  ","used by"," Zetoc if your"
"bsactravelclub.co.uk","in the  formats  ","used by"," our business"
"calderdale.gov.uk","and  systems  ","used by"," RAE, TQA and"
"viva.org.uk","any  guidance  ","used by"," Trusts. We"
"money.independent.co.uk","  software  ","used by"," search"
"money.independent.co.uk","character  set  ","used by"," the current"
"motorbike-search-engine.co.uk","  methods  ","used by"," Lane and Lane ("
"olympics.org.uk","Fulda  organ  ","used by"," Rübsam in his"
"olympics.org.uk","Fulda  organ  ","used by"," Rübsam in his"
"lamp.ac.uk","  pharmacists  ","used by"," them and work"
"thompsons.law.co.uk","an  expression  ","used by"," the Inland"
"peta.org.uk","Some  terms  ","used by"," this"
"bseinquiry.gov.uk","in the  form  ","used by"," other"
"borkowski.co.uk","was the  method  ","used by"," John for"
"glasgow.gov.uk","  facility  ","used by"," the Serbian"
"sfx.co.uk","short  periods  ","used by"," Ovaska will"
"ucs.ed.ac.uk","any  computers  ","used by"," non-members"
"perse.co.uk","  cycles  ","used by"," unnecessary"
"alt.ac.uk","  scaffolding  ","used by"," the third"
"skyscript.co.uk","  comparators  ","used by"," the"
"thetrousers.co.uk","hour  model  ","used by"," English"
"library.stir.ac.uk","  product  ","used by"," the wealthy in"
"malehealth.co.uk","  investment  ","used by",""
"gerald-massey.org.uk","  strategies  ","used by"," the"
"ex-canaries.co.uk","glaze  recipes  ","used by"," different"
"liberty-human-rights.org.uk","the  mechanism  ","used by"," PIs to convert"
"shipit.co.uk","of  insolvency  ","used by"," the PPF but"
"proquest.co.uk","and the  method  ","used by"," the supplier"
"beingmrkenny.co.uk","  concept  ","used by"," the"
"ah.brookes.ac.uk","  method  ","used by"," most couples"
"drps.ed.ac.uk","The  resources  ","used by"," the"
"thompsons.law.co.uk","source of  data  ","used by"," the object."
"squashsite.co.uk","the  programs  ","used by"," he and Hammel"
"careers.ed.ac.uk","  procedure  ","used by"," the"
"psi.org.uk","  strategies  ","used by"," the Europeans"
"themostannoyingsiteintheworld.co.uk","and  disaster  ","used by"," the judges of"
"sfeu.ac.uk","Islam  words  ","used by"," the hacker are"
"ilrt.bris.ac.uk","  technologies  ","used by"," Help Desk"
"boysstuff.co.uk","  strategies  ","used by"," the group can"
"unitedrant.co.uk","text  styles  ","used by"," Maple and/ or"
"unitedrant.co.uk","over the  text  ","used by"," Maple."
"iiss.org.uk","  techniques  ","used by"," law"
"ilrt.bris.ac.uk","  process  ","used by"," T-Mobile and"
"hlst.heacademy.ac.uk",". Itâ?  ?s  ","used by"," companies to"
"hlst.heacademy.ac.uk","the  pages  ","used by"," your Internet"
"ex-canaries.co.uk",". The  examples  ","used by"," STEPS are"
"ex-canaries.co.uk","  function  ","used by"," STEPS for this"
"antiquity.ac.uk",". Any  signs  ","used by"," your child can"
"iiss.org.uk","  booklet  ","used by"," the students."
"practicalpc.co.uk","''  bomb  ","used by"," 617 Squadron"
