"corpus","ukwac"
"subcorpus","-"
"concordance size","1879916"
"query","Query:[lc=""has"" | lemma_lc=""has""];Positive filter (excluding KWIC):-1 -1 -1 [tag=""Nc.*""];GDEX:100 "
"peteralan.co.uk","  children  ","has"," fallen from 73"
"samoa.co.uk","  ''Everybody  ","Has"," Some Dues To"
"peteralan.co.uk",", the  figure  ","has"," gone down from"
"rcpsglasg.ac.uk","the  appeal  ","has"," to be made"
"tonearm.co.uk","medical  skill  ","has"," failed to keep"
"peteralan.co.uk","  government  ","has"," grudgingly"
"peteralan.co.uk","issue of  water  ","has"," become"
"crbs.org.uk","a  connection  ","has"," been opened,"
"peteralan.co.uk","  WaterAid  ","has"," come up with an"
"jollyfarmer.co.uk",", the  battle  ","has"," been won."
"samoa.co.uk",". This  song  ","has"," echoes of the"
"samoa.co.uk","woman. This  CD  ","has"," been lovingly"
"samoa.co.uk",". This  song  ","has"," stopped me"
"bordercrossings.org.uk","  development  ","has"," been uniquely"
"medievalfreeco.org.uk","the  homepage  ","has"," been given not"
"baas.ac.uk","God the  family  ","has"," a far greater"
"samoa.co.uk","one  person  ","has"," reviewed an"
"placeboworld.co.uk","! P. S. A  sinus  ","has"," cleared I know"
"jollyfarmer.co.uk",". This  quote  ","has"," become a stock"
"solid-edge.co.uk","But the  second  ","has"," performed"
"horseracingbets.co.uk","tabula  rasa  ","has"," had a very"
"martininstitute.ox.ac.uk","  change  ","has"," to be the use of"
"christian.org.uk","  government  ","has"," let us down"
"medievalfreeco.org.uk","that  standard  ","has"," been met. 4."
"ageconcern.org.uk","v) Your  credit  ","has"," no monetary"
"dancecity.co.uk","which  biology  ","has"," hitherto been"
"cwn.org.uk","so much  time  ","has"," been spent in"
"hsc.uwe.ac.uk",". As the  author  ","has"," drawn him, his"
"medievalfreeco.org.uk","relevant  link  ","has"," been included"
"christian.org.uk","  government  ","has"," chosen not to"
"fantasyfactory.co.uk","The  turkey  ","has"," been taken out"
"oink.demon.co.uk","  research  ","has"," been"
"bordercrossings.org.uk","  events  ","has"," been modified"
"samoa.co.uk","  delivery  ","has"," been turning"
"dancecity.co.uk","on this  topic  ","has"," provided an"
"samoa.co.uk","''. The  man  ","has"," been very"
"peteralan.co.uk",". The  colony  ","has"," no latrines,"
"jollyfarmer.co.uk","""? The  leaflet  ","has"," seven points."
"dancecity.co.uk","  experiments  ","has"," sufficiently"
"horseracingbets.co.uk",":  everything  ","has"," become the"
"hi-europe.co.uk","% - this  figure  ","has"," improved"
"samoa.co.uk","that her  sound  ","has"," been compared"
"ageconcern.org.uk","of my best  work  ","has"," been removed ("
"rdmengineering.co.uk","that his  head  ","has"," been shaved,"
"rcpsglasg.ac.uk",". Once  default  ","has"," occurred it"
"peteralan.co.uk","  population  ","has"," access to"
"medievalfreeco.org.uk","  information  ","has"," been tacked on"
"christian.org.uk","  government  ","has"," betrayed us."
"bowness.demon.co.uk","  experience  ","has"," been framed by"
"martininstitute.ox.ac.uk","--  phonics  ","has"," been touted as"
"bowness.demon.co.uk","  experience  ","has"," been framed by"
"hsc.uwe.ac.uk",". No  man  ","has"," ever left a"
"jollyfarmer.co.uk","  points  ","has"," been regular"
"martininstitute.ox.ac.uk","little  island  ","has"," some sort of"
"martininstitute.ox.ac.uk","what  someone  ","has"," said i ''m"
"medievalfreeco.org.uk","legal  advisor  ","has"," a copy of the"
"samoa.co.uk",". This  version  ","has","n''t been out"
"medievalfreeco.org.uk","relevant  link  ","has"," been included"
"xibalba.demon.co.uk","''s  insight  ","has"," been to see"
"dancecity.co.uk","? in  question  ","has"," to be man-made"
"exposure.co.uk",". The  campaign  ","has"," given"
"talyllyn.co.uk",". This  country  ","has"," been subject"
"blog.outofthebedroom.co.uk","or a wet  route  ","has"," to be followed"
"xibalba.demon.co.uk","this  hatred  ","has",", according to"
"carbonflo.co.uk","your  body  ","has"," to burn extra"
"samoa.co.uk","daytime  radio  ","has"," become so"
"tps.org.uk","the  software  ","has"," to work with."
"dancecity.co.uk","that the  human  ","has"," never been one"
"martininstitute.ox.ac.uk","be ''the  team  ","has",". '' Paul"
"dancecity.co.uk","  processing  ","has"," as its direct"
"crbs.org.uk","  option  ","has"," been enabled,"
"propheticvision.org.uk",", our local  vet  ","has"," since"
"talyllyn.co.uk","our  country  ","has"," been"
"brigglife.co.uk","the  industry  ","has"," seen"
"hi-europe.co.uk",". The  packer  ","has"," a duty to mark"
"jollyfarmer.co.uk","the  situation  ","has"," been"
"medievalfreeco.org.uk","that more  care  ","has"," not been taken"
"hsc.uwe.ac.uk","which  display  ","has"," less power to"
"chichesterjazzclub.co.uk","The  framework  ","has"," been"
"dancecity.co.uk","  programme  ","has"," allowed"
"martininstitute.ox.ac.uk","of people  use  ","has"," the potential"
"letsgogardening.co.uk","  philosophy  ","has"," held sway"
"medievalfreeco.org.uk","''s  reputation  ","has"," been so"
"cwn.org.uk","for what  radio  ","has"," filtered out"
"jdhooker.org.uk","The  enclosure  ","has"," an excellent"
"fantasyfactory.co.uk","  eviction  ","has"," been; Kate ''s"
"bowness.demon.co.uk","where  work  ","has"," been"
"cwn.org.uk"," ","has"," been"
"ageconcern.org.uk","your  credit  ","has"," reached £10,"
"talyllyn.co.uk",".  Gentleman  ","has"," pursued these"
"peteralan.co.uk","it. The  row  ","has"," provoked"
"rcpsglasg.ac.uk","  employer  ","has"," the right of"
"dancecity.co.uk","of  biology  ","has"," been to view"
"fantasyfactory.co.uk","asks if  anyone  ","has"," got the tea"
"dptac.gov.uk","  information  ","has"," to be provided"
"medievalfreeco.org.uk","produced ""  IAS  ","has"," now published"
"dancecity.co.uk","of a  machine  ","has"," undergone an"
"dancecity.co.uk","this  ability  ","has"," to be"
"mariners-l.co.uk","this  process  ","has"," been central"
"rcpsglasg.ac.uk","a full tax  year  ","has"," passed"
"crbs.org.uk","  option  ","has"," been enabled,"
"crbs.org.uk","  option  ","has"," been enabled."
"crbs.org.uk","systems,  echo  ","has"," to be turned"
"nowt2do.co.uk","  playing  ","has"," influenced"
"journalism.cf.ac.uk","  beachfront  ","has"," yet to recover"
"journalism.cf.ac.uk","  health  ","has"," a long and"
"uxisweb1.brunel.ac.uk","every  care  ","has"," been taken in"
"oncology.cam.ac.uk","  Convention  ","has"," already been"
"oncology.cam.ac.uk","to  health  ","has"," since been"
"oncology.cam.ac.uk","  imperative  ","has"," become a major"
"oncology.cam.ac.uk","AIDS  pandemic  ","has"," given this"
"oncology.cam.ac.uk","  imperative  ","has"," become a major"
"oncology.cam.ac.uk","  literature  ","has"," emerged on"
"glasgowarchitecture.co.uk","the  telescope  ","has"," the curious"
"bronte.netfury.co.uk",". The  project  ","has"," flushed out"
"bronte.netfury.co.uk","  activity  ","has"," been"
"bronte.netfury.co.uk","as the  owner  ","has"," now taken an"
"bronte.netfury.co.uk","platform  area  ","has"," actually been"
"brucesfingers.co.uk","  thickness  ","has"," been achieved"
"fanderson.org.uk",". The  article  ","has"," just appeared"
"horniman.ac.uk","in  suffering  ","has"," been"
"horniman.ac.uk","God where  evil  ","has"," been overcome"
"horniman.ac.uk","or  heroine  ","has"," to die or go"
"cheers-wine-merchants.co.uk","if every  human  ","has"," their ` rights"
"cheers-wine-merchants.co.uk","  anthropology  ","has"," a ` moral '' role"
"cheers-wine-merchants.co.uk","  parties  ","has"," different"
"cheers-wine-merchants.co.uk","social  scene  ","has"," been strong."
"victorianartinbritain.co.uk","in a  system  ","has"," an effect on"
"victorianartinbritain.co.uk",". If a  pump  ","has"," more than one"
"victorianartinbritain.co.uk","pump ''s  output  ","has"," a free-flow"
"victorianartinbritain.co.uk",",). This  pump  ","has"," a circular"
"victorianartinbritain.co.uk","diffuser  pump  ","has"," a series of"
"victorianartinbritain.co.uk","3-10), a  pump  ","has"," a stationary,"
"victorianartinbritain.co.uk",". When a  pump  ","has"," an uneven"
"victorianartinbritain.co.uk",". A slide  block  ","has"," two pairs of"
"victorianartinbritain.co.uk","  pump  ","has"," oil bubbles"
"britishblogs.co.uk",".  Defence  ","has"," always"
"britishblogs.co.uk","''s  stock  ","has"," defied Wall"
"britishblogs.co.uk","if a  company  ","has"," an"
"mookychick.co.uk","Quiz  Everyone  ","has"," a favourite"
"teachingenglish.org.uk","in the  economy  ","has"," a significant"
"teachingenglish.org.uk","(the  public  ","has"," increased"
"englishmonarchs.co.uk","[ This  paper  ","has"," been prepared"
"englishmonarchs.co.uk",". The  paper  ","has"," been agreed by"
"englishmonarchs.co.uk","term.  No-one  ","has"," a"
"englishmonarchs.co.uk","  survey  ","has"," shown, an"
"englishmonarchs.co.uk","of their  time  ","has"," to be spent"
"englishmonarchs.co.uk","of  donations  ","has"," a positive"
"englishmonarchs.co.uk","and  ingenuity  ","has"," gone into"
"englishmonarchs.co.uk","  investment  ","has"," emerged in"
"candlemaking.org.uk","  productivity  ","has"," been found to"
"candlemaking.org.uk","  agribusiness  ","has"," a vested"
"uec.ac.uk","the  service  ","has"," opened up"
"cronab.demon.co.uk","our  council  ","has"," not focussed"
"mimas.ac.uk","LRB web  site  ","has"," recently been"
"accfinweb.account.strath.ac.uk","  displacement  ","has"," to be fed back"
"accfinweb.account.strath.ac.uk","the  velocity  ","has"," to be fed back"
"accfinweb.account.strath.ac.uk","  signal  ","has"," been ''drawn '',"
"golgotha.org.uk","when the  seal  ","has"," not been"
"hazelden.org.uk","850g  product  ","has"," a 1GHz VIA C7M"
"go.reuters.co.uk",". But  history  ","has"," shown that"
"thepixiepit.co.uk",", yet  research  ","has"," consistently"
"flycom.co.uk","  letter  ","has"," arrived from"
"biop.ox.ac.uk","  curriculum  ","has"," UK-wide"
"biop.ox.ac.uk","out of  hours  ","has",""
"biop.ox.ac.uk",", the  EWTD  ","has"," prompted a"
"brmb.co.uk","  setback  ","has"," shaken the"
"ownersdirect.co.uk","  version  ","has"," 36 place names"
"hazlewood-castle.co.uk","  hand  ","has"," written over"
"hazlewood-castle.co.uk","By what  decree  ","has"," salt been sown"
"geologywales.co.uk",". If your  phone  ","has"," already been"
"thamesweb.co.uk","2002 our  news  ","has"," stopped being"
"dodger.co.uk","  therapy  ","has"," many benefits"
"fodac.org.uk","  theology  ","has"," one"
"fodac.org.uk",",  mission  ","has"," ceased to mean"
"fodac.org.uk","20 th  Century  ","has"," seen the"
"fodac.org.uk",". One  result  ","has"," been a massive"
"fodac.org.uk","this  growth  ","has"," not been"
"fodac.org.uk","this  growth  ","has"," slowed"
"fodac.org.uk","this  insight  ","has"," been"
"fodac.org.uk","  Christianity  ","has"," a past as well"
"jamescowper.co.uk","the  plughole  ","has"," remained"
"jamescowper.co.uk","down the  drain  ","has"," at least"
"jamescowper.co.uk","much of my  life  ","has"," been wasted,"
"age-exchange.org.uk","  information  ","has"," been started."
"missiedith.bentbacktulips.co.uk","for our  sector  ","has"," the advantage"
"masterfind.co.uk","  project  ","has"," won the 2002"
"wildfowling.co.uk","? "" "" No! A  cat  ","has"," nine lives,"
"boardsonline.co.uk","''s  campaign  ","has"," the support of"
"boardsonline.co.uk","mental  health  ","has"," suffered due"
"artangel.co.uk","  equipment  ","has",". The"
"dulwichcommunityhospital.nhs.uk","mobile  plant  ","has"," been a"
"esbhhealth.nhs.uk","world  crisis  ","has"," deepened"
"esbhhealth.nhs.uk","  agenda  ","has"," become the"
"esbhhealth.nhs.uk","of  sanctions  ","has"," remained for"
"esbhhealth.nhs.uk","  leader  ","has"," three"
"creditplus.co.uk",". The  workshop  ","has"," produced"
"creditplus.co.uk","War  museum  ","has"," just opened a"
"fantasyfactory.co.uk","African  woman  ","has"," been"
"fantasyfactory.co.uk","tragic  event  ","has"," captivated"
"fantasyfactory.co.uk","of  history  ","has"," long"
"skiptonweb.co.uk","the  boycott  ","has"," dominated"
"csm.uwe.ac.uk","(good)  art  ","has"," to survive the"
"csm.uwe.ac.uk","(good)  art  ","has"," to survive the"
"hyperguide.co.uk","the tip  sheet  ","has"," a good enough"
"thenortheast.fsnet.co.uk","your  teacher  ","has"," given you."
"ace.abertay.ac.uk","and the  report  ","has"," been"
"ace.abertay.ac.uk","as day  cases  ","has"," been at 50 per"
"ace.abertay.ac.uk","  consultation  ","has"," been"
"ace.abertay.ac.uk","that  process  ","has"," been"
"ace.abertay.ac.uk","what  progress  ","has"," been made on (a"
"ace.abertay.ac.uk","  authority  ","has",""
"fie.org.uk","  experience  ","has"," shown that the"
"fie.org.uk","product  line  ","has"," its own centre"
"fie.org.uk"," ","has"," been tackled"
"fie.org.uk","business  case  ","has"," a greater"
"num.org.uk","If the  profits  ","has"," turned out to"
"newburytheatre.co.uk","  conference  ","has"," established"
"newburytheatre.co.uk","  artists  ","has"," experience of"
"insideoutpr.co.uk","the  public  ","has"," access to"
"insideoutpr.co.uk","general  duty  ","has"," to be prepared"
"insideoutpr.co.uk","  government  ","has"," said that an"
"insideoutpr.co.uk","  minorities  ","has"," a"
"thecornerhouse.org.uk","reason the  day  ","has"," been coined"
"thecornerhouse.org.uk","revenue  tax  ","has"," risen by"
"thecornerhouse.org.uk","gains  tax  ","has"," increased by"
"thecornerhouse.org.uk","  tax  ","has"," increased by"
"thecornerhouse.org.uk","''s  research  ","has"," revealed that"
"thecornerhouse.org.uk","  taxpayers  ","has"," risen from 2"
"thecornerhouse.org.uk","nine  years  ","has"," risen by an"
"thecornerhouse.org.uk","four per  cent  ","has"," increased the"
"marywardcentre.ac.uk","  ''immigration  ","has"," a colour. It is"
"andrealevy.co.uk","  installation  ","has"," not yet passed"
"andrealevy.co.uk","an  operator  ","has"," made or is"
"andrealevy.co.uk","  application  ","has"," been"
"andrealevy.co.uk","  application  ","has"," not been"
"andrealevy.co.uk","an  operator  ","has"," failed, is"
"andrealevy.co.uk","a) an  operator  ","has"," made or is"
"andrealevy.co.uk","  application  ","has"," not been"
"andrealevy.co.uk","the  operator  ","has"," made an"
"andrealevy.co.uk","  installation  ","has"," already been"
"andrealevy.co.uk","  assessment  ","has"," been prepared"
"alt.ac.uk","the first  coat  ","has"," been applied"
"contemporaryart4all.co.uk","This  specimen  ","has"," lost the"
"pointlessnostalgic.co.uk","  approach  ","has"," already met"
"fbs.leeds.ac.uk","  management  ","has"," to"
"galensgarden.co.uk","time. ? The  SE  ","has"," no"
"galensgarden.co.uk","the  Website  ","has"," links."
"galensgarden.co.uk",". ? The  SE  ","has"," no liability"
"authorsonline.co.uk","whose  funding  ","has"," been crucial"
"authorsonline.co.uk",". The  assembly  ","has"," a base"
"authorsonline.co.uk",".  Zebrafish  ","has"," been updated"
"authorsonline.co.uk","  caspase-12  ","has"," been"
"authorsonline.co.uk","human  history  ","has"," favoured"
"authorsonline.co.uk","the  redesign  ","has"," been the"
"authorsonline.co.uk",", the whole  set  ","has"," never been"
"authorsonline.co.uk",". This  series  ","has"," been designed"
"authorsonline.co.uk",", the whole  set  ","has"," never been"
"authorsonline.co.uk","Y  chromosome  ","has"," degenerated)"
"authorsonline.co.uk","  Zebrafish  ","has"," direct links"
"cigarbuyer.co.uk",". The  map  ","has"," no compass"
"voiceoftheslug.org.uk",". The  focus  ","has"," also shifted"
"teachingenglish.org.uk"," ","has"," three"
"nottinghillhousing.org.uk",". Once the  dust  ","has"," settled, been"
"swwater.co.uk",", the  service  ","has"," been"
"swwater.co.uk","pm The  service  ","has"," a long history"
"swwater.co.uk","the  prejudice  ","has"," to be real,"
"assetprotections.co.uk","  format  ","has"," been"
"daydreamnation.co.uk","  property  ","has"," been"
"littman.co.uk","  theory  ","has"," developed as"
"graysathletic.co.uk",". The  bursary  ","has"," been"
"langtrymanor.co.uk","No such  advice  ","has"," been sought or"
"langtrymanor.co.uk","once  removal  ","has"," taken place."
"wildfowling.co.uk"," ","has"," been advised"
"uhlc.org.uk","  release  ","has"," a unique aim -"
"uhlc.org.uk","and its  music  ","has"," become a"
"uhlc.org.uk","His film  music  ","has"," included "" The"
"uhlc.org.uk","sonic  variety  ","has"," been"
"uhlc.org.uk","2001. The  show  ","has"," retained Mel"
"uhlc.org.uk","of this  CD  ","has"," now closed."
"lums.lancs.ac.uk","  someone  ","has"," a symptom of ''a"
"lums.lancs.ac.uk","the  client  ","has"," successfully"
"lums.lancs.ac.uk","  location  ","has"," been a real"
"lums.lancs.ac.uk","the  client  ","has"," a discourse"
"lums.lancs.ac.uk",": The  stuff  ","has"," been passed on"
"lums.lancs.ac.uk","  science  ","has"," moved on to the"
"rostau.org.uk","  occupation  ","has"," taken that to"
"rostau.org.uk","less than  half  ","has"," been spent."
"rostau.org.uk","  Unemployment  ","has"," sky-rocketed"
"stewardsschool.co.uk","The  site  ","has"," two key areas"
"dcs.gov.uk","X  chromosome  ","has"," a unique"
"mybrightonandhove.org.uk","Your  magazine  ","has"," been a ray of"
"sainsburysbank.co.uk","poor  fellow  ","has"," been lying"
"eng.ox.ac.uk","  miles  ","has"," panoramic"
"voicetraining.co.uk","  operator  ","has"," developed a"
"voicetraining.co.uk","  minister  ","has"," claimed that"
"handicap-international.org.uk","first  issue  ","has"," a bizarre"
"handicap-international.org.uk","''s  fanwriting  ","has"," been largely"
"handicap-international.org.uk","  cartoonwork  ","has"," enlivened his"
"crusaders.org.uk","  communities  ","has"," focused"
"crusaders.org.uk","this  project  ","has"," sought to"
"crusaders.org.uk","This  research  ","has"," indicated"
"crusaders.org.uk","  schools  ","has"," been the"
"nhsplus.nhs.uk","of  treatment  ","has"," been reduced"
"peta.org.uk","temple. The  GP  ","has"," put me on"
"peta.org.uk","  detachment  ","has"," left me with"
"assemblage.group.shef.ac.uk","  Business  ","has"," recruited"
"thecornerhouse.org.uk",". This  work  ","has"," gathered pace"
"thecornerhouse.org.uk","  development  ","has"," an impact on"
"thecornerhouse.org.uk",". The  flat  ","has"," one double"
"thecornerhouse.org.uk",". The  block  ","has"," security"
"planetveggie.co.uk","as the Jedi  box  ","has"," a blue"
"cedr.co.uk","  consent  ","has"," now been"
"cedr.co.uk","; this  sum  ","has"," been"
"cedr.co.uk",". The sum of  £5m  ","has"," been"
"cedr.co.uk","Good  progress  ","has"," been made with"
"cedr.co.uk",", a grant of  £3m  ","has"," been"
"cedr.co.uk","of  £13.89m  ","has"," been raised."
"contours.co.uk","  terrorism  ","has"," on peoples"
"library.nhs.uk"," ","has"," already taken"
"library.nhs.uk","on  benefit  ","has"," fallen by 24"
"library.nhs.uk","  recipients  ","has"," begun to fall."
"library.nhs.uk","  unemployment  ","has"," been"
"library.nhs.uk","  unemployment  ","has"," been cut by 32"
"ccruni.gov.uk","Hire The  bfi  ","has"," two 36 seat"
"shocknet.org.uk","that a  website  ","has"," got to be"
"word-on-the-web.co.uk","of  taxation  ","has"," also been"
"word-on-the-web.co.uk",". What  effects  ","has"," this had on the"
"man.ac.uk","the modern  IRA  ","has"," taken the"
"wolftrust.org.uk",". The  clinic  ","has"," recently been"
"henrytudor.co.uk","  technique  ","has"," been used to"
"martininstitute.ox.ac.uk","  change  ","has"," taken place."
"tps.org.uk","the  heatpad  ","has"," a low power"
"tps.org.uk","dog lead  set  ","has"," a very"
"tps.org.uk","dog lead  set  ","has"," a very"
"tps.org.uk","dog  harness  ","has"," been designed"
"higherstate.co.uk","far this  year  ","has"," concluded"
"geologywales.co.uk",". So if  someone  ","has"," Scott ''s book,"
"gleeson0.demon.co.uk","on type  making  ","has"," been made for"
"winspiration.co.uk","  technology  ","has"," arrived. The"
"winspiration.co.uk","? If my  HDTV  ","has"," only one HDMI"
"ukspa.org.uk","this  study  ","has"," been based, it"
"ukspa.org.uk","  review  ","has"," provided some"
"ukspa.org.uk","  agents  ","has"," been"
"ukspa.org.uk","  vaccination  ","has"," potential"
"ukspa.org.uk","  examination  ","has"," sufficient"
"ukspa.org.uk"," ","has"," shown that"
"ukspa.org.uk","  evaluation  ","has"," indicated"
"ukspa.org.uk","  minorities  ","has"," been"
"ukspa.org.uk","  treatment  ","has"," the potential"
"ukspa.org.uk"," ","has"," been shown to"
"selecthr.co.uk",". This  website  ","has"," been"
"4minutes.co.uk","  dissertation  ","has"," been to"
"4minutes.co.uk","  argument  ","has"," played a"
"stonyhurst.ac.uk","The NGR  system  ","has"," been in use"
"stonyhurst.ac.uk","lat long  grid  ","has"," to be"
"stonyhurst.ac.uk","north  border  ","has"," smaller unit"
"stonyhurst.ac.uk","an early  map  ","has"," lat and long"
"stonyhurst.ac.uk","on some  maps  ","has"," been"
"royalascot.co.uk","Ok, so the  blog  ","has"," seemed a"
"royalascot.co.uk","  t-shirt  ","has"," entered a new"
"royalascot.co.uk",". My  mother  ","has"," had her"
"royalascot.co.uk","of the  project  ","has"," now changed to"
"dpawson.co.uk","in his  life  ","has"," been Jaffa"
"masterfind.co.uk","dark  cloud  ","has"," a silver"
"masterfind.co.uk","Every  dog  ","has"," his day Every"
"masterfind.co.uk","day Every  man  ","has"," his price"
"masterfind.co.uk","Every  stick  ","has"," two ends"
"masterfind.co.uk","the  horse  ","has"," bolted It ''s"
"masterfind.co.uk","speed  Music  ","has"," charms to"
"tuc.org.uk","  sector  ","has"," shown that it"
"childsafety.co.uk",": This  page  ","has"," been"
"childsafety.co.uk","  manufacturer  ","has"," added a"
"childsafety.co.uk",". The  paper  ","has"," challenged"
"childsafety.co.uk","''s  example  ","has"," now been"
"dcs.gov.uk",". Each  scheme  ","has"," a turnover"
"culham.ac.uk","  block  ","has"," just been"
"wellerassociates.co.uk","This  section  ","has"," information"
"urbanforum.org.uk","  authorities  ","has"," included our"
"leaguesnooker.co.uk","  affair  ","has"," also raised"
"durhamwriters.org.uk","a valid  file  ","has"," been received"
"mikosw.co.uk","  unemployment  ","has"," fallen by half"
"mikosw.co.uk","  unemployment  ","has"," fallen by 75"
"mikosw.co.uk","  unemployment  ","has"," fallen by 89"
"www2.netdoctor.co.uk","call  centre  ","has"," a role to play"
"www2.netdoctor.co.uk","call  centre  ","has"," to transform"
"www2.netdoctor.co.uk","  company  ","has"," spent a lot of"
"www2.netdoctor.co.uk","  transactions  ","has"," sometimes"
"assemblyrooms.org.uk","  balance  ","has"," become one of"
"assemblyrooms.org.uk","only  parent  ","has"," to work all"
"assemblyrooms.org.uk","- the  solution  ","has"," to revolve"
"mailman.greennet.org.uk","the  category  ","has"," grown to"
"mailman.greennet.org.uk","our  community  ","has"," suffered from"
"youngresources.co.uk","the  region  ","has"," still not"
"gingerbeer.co.uk","this  omission  ","has"," been so"
"gingerbeer.co.uk","other  author  ","has"," matched?"
"admissions.ox.ac.uk","  constraints  ","has"," increased the"
"admissions.ox.ac.uk","time the  focus  ","has"," tended to move"
"admissions.ox.ac.uk","  component  ","has"," a particular"
"cll.bham.ac.uk","live. The  page  ","has"," revised and"
"socialism.org.uk"," ","has"," always been a"
"socialism.org.uk","little  row  ","has"," been bubbling"
"socialism.org.uk","  archive  ","has"," hundreds of"
"socialism.org.uk","robes.  Death  ","has"," transformed"
"socialism.org.uk","in art.  ''Art  ","has"," always played"
"socialism.org.uk",". '' ''The  base  ","has"," a unique"
"socialism.org.uk","sex  predator  ","has"," been"
"socialism.org.uk",". ''Kimono  site  ","has"," info on"
"socialism.org.uk","Roberg ''s  work  ","has"," been featured"
"socialism.org.uk","art. His  work  ","has"," shown in many"
"atmedia2005.co.uk","of  tolerance  ","has"," led us to"
"atmedia2005.co.uk","great  house  ","has"," one or two"
"inclusive.co.uk","War  allies  ","has"," cooled. Jack"
"natcorp.ox.ac.uk","  presence  ","has"," been missed by"
"ucml.org.uk","  delivery  ","has"," an intensity"
"ucml.org.uk","site  visitor  ","has"," been trying to"
"ucml.org.uk","''s  album  ","has"," a lovely image"
"ucml.org.uk","man  upstairs  ","has"," taken the best"
"ucml.org.uk","Me Out ''  album  ","has"," a great"
"ucml.org.uk","whole  album  ","has"," stood the test"
"ucml.org.uk",". This  album  ","has"," a very"
"ucml.org.uk","is this  album  ","has"," stood the test"
"ucml.org.uk","''s  career  ","has"," had it ''s ups"
"ucml.org.uk","the  industry  ","has"," credited him"
"ucml.org.uk",". This  album  ","has"," become one of"
"ucml.org.uk","''. That  melody  ","has"," been utilised"
"nimr.mrc.ac.uk",". This  unit  ","has"," features and"
"nimr.mrc.ac.uk",". This  unit  ","has"," features and"
"streamcity.co.uk","  activity  ","has"," been made"
"streamcity.co.uk","and  diseases  ","has"," prompted a"
"streamcity.co.uk",",  genetics  ","has"," also become a"
"streamcity.co.uk","new  biologism  ","has"," advanced: we"
"streamcity.co.uk",",  sociology  ","has"," largely been"
"barnardos.org.uk","Your  site  ","has"," been a """
"barnardos.org.uk",". Your  work  ","has"," a sense of"
"barnardos.org.uk","''. The  content  ","has"," really lured"
"gfwi.org.uk","that  milk  ","has"," been"
"gfwi.org.uk",". If your  child  ","has"," vomiting or"
"taxibus.org.uk","friend A  MAN  ","has"," died in a"
"taxibus.org.uk","A POLICE  chief  ","has"," infuriated"
"slough.gov.uk","years,  demand  ","has"," far"
"bodystressrelease.co.uk",": This  page  ","has"," been"
"stopurban4x4s.org.uk","  institution  ","has"," different"
"stopurban4x4s.org.uk","  component  ","has"," to be replaced"
"aeroflight.co.uk",", the  centre  ","has"," reprinted"
"aeroflight.co.uk","third  project  ","has"," been"
"aeroflight.co.uk"," ","has"," ever been"
"aeroflight.co.uk","  schools  ","has"," not yet become"
"aeroflight.co.uk","  education  ","has"," suggested"
"aeroflight.co.uk","such a  survey  ","has"," been written"
"aeroflight.co.uk","This  research  ","has"," helped to"
"littman.co.uk","  service  ","has"," kicked off the"
"littman.co.uk","  singles  ","has"," gone live."
"gerty.ncl.ac.uk","these  awards  ","has"," now been"
"gerty.ncl.ac.uk","; if  anyone  ","has"," a nice one we ''d"
"gerty.ncl.ac.uk","new  fanzine  ","has","n''t settled"
"fontoon.co.uk","war a  division  ","has"," opened up"
"fontoon.co.uk","  resistance  ","has"," become"
"fontoon.co.uk","* U. S.  victory  ","has"," steep price in"
"westyorkshire.police.uk","web  site  ","has"," an article"
"childrens.uk-shoponline.co.uk",". Baird ''s  work  ","has"," rarely been"
"cwn.org.uk","drinks  cans  ","has"," become a"
"ookami.co.uk","and  dialects  ","has"," accepted a"
"ookami.co.uk","  researcher  ","has"," helped give"
"schoolshistory.org.uk",", the  comedian  ","has"," had his bail"
"psalmody.co.uk","ISC web  site  ","has"," been improved"
"esbhhealth.nhs.uk","  incident  ","has"," placed"
"esbhhealth.nhs.uk","  profile  ","has"," been deleted"
"mybrightonandhove.org.uk","East  region  ","has"," a valuable"
"comp.glam.ac.uk","past few  years  ","has"," come up with a"
"comp.glam.ac.uk"," ","has"," been long"
"comp.glam.ac.uk","  whipping-boy  ","has","n''t saved the"
"howitis.org.uk","  line  ","has"," a different"
"assemblyrooms.org.uk","  specimen  ","has"," silently"
"sedayne.co.uk","his  research  ","has"," been"
"mandarina.co.uk","These days  ICT  ","has"," the potential"
"mandarina.co.uk","the past  year  ","has"," gone and what"
"insurgentdesire.org.uk",". This  shovel  ","has"," a long,"
"learningtogether.co.uk","  power  ","has"," increased by"
"learningtogether.co.uk","  reliability  ","has"," changed as"
"learningtogether.co.uk","  improvement  ","has"," tended to"
"learningtogether.co.uk","voice  quality  ","has"," also improved"
"learningtogether.co.uk","of IP  systems  ","has"," also improved"
"learningtogether.co.uk","call  centre  ","has"," yet to go -- and"
"cssplay.co.uk",", and  nothing  ","has"," happened. "" """
"cssplay.co.uk",",  something  ","has","! "" said"
"cssplay.co.uk","out. ""  Someone  ","has","! "" cried"
"diydoctor.org.uk","Llaird  plant  ","has"," been"
"diydoctor.org.uk",". The  company  ","has"," been"
"diydoctor.org.uk","  strategy  ","has"," to be"
"diydoctor.org.uk","  funds  ","has"," changed. That"
"diydoctor.org.uk","of  civilians  ","has"," long been a"
"voice-online.co.uk","service  user  ","has"," both rights"
"voice-online.co.uk","  provider  ","has"," an obligation"
"voice-online.co.uk","A service  user  ","has"," the right to:"
"youngresources.co.uk",". The  group  ","has"," also"
"philobiblon.co.uk",", '' as the  book  ","has"," been on sale"
"philobiblon.co.uk",",  information  ","has"," come from many"
"scope.nottingham.ac.uk","this  habitat  ","has"," declined. The"
"freenetpages.co.uk",". The  agenda  ","has"," not been"
"freenetpages.co.uk","Cullen ''s  yarn  ","has"," a common"
"vacant.org.uk","  institutions  ","has"," risen,"
"vacant.org.uk","This  site  ","has"," been built to"
"thurrock.gov.uk","  profession  ","has"," a poor"
"waysidecommunity.org.uk",". Each  node  ","has"," a local copy of"
"waysidecommunity.org.uk","  sessions  ","has"," been grouped"
"beeinvited.co.uk",". Each  section  ","has"," an"
"nasuwt.org.uk","  employee  ","has"," prompted the"
"nasuwt.org.uk","  education  ","has"," on the child ''s"
"nasuwt.org.uk",". "" The  focus  ","has"," to be on the"
"practicalpc.co.uk","This cat  bed  ","has"," been made in a"
"practicalpc.co.uk","inner  cushion  ","has"," the wine"
"practicalpc.co.uk","cosy cat  bed  ","has"," a double sided"
"practicalpc.co.uk",". This cat  bed  ","has"," very high"
"practicalpc.co.uk","cosy cat  bed  ","has"," a double sided"
"practicalpc.co.uk","of the cat  bed  ","has"," a waterproof"
"practicalpc.co.uk","cat dome  bed  ","has"," been designed"
"practicalpc.co.uk",". Once your  cat  ","has"," his/ her own"
"practicalpc.co.uk","  cover  ","has"," a zipped rear"
"practicalpc.co.uk","  cover  ","has"," a zipped rear"
"selectideas.co.uk","  thinker  ","has"," time for the"
"davidcheethamgardens.co.uk","Plaskitt  MP  ","has"," been in"
"davidcheethamgardens.co.uk","the past  year  ","has"," been boosted"
"davidcheethamgardens.co.uk","a Defra  grant  ","has"," helped this"
"pocketgps.co.uk",". This  word  ","has"," since been"
"pocketgps.co.uk","if  something  ","has","n''t got a"
"london-culture.co.uk","The  team  ","has"," won a number of"
"bcentral.co.uk","  thresholding  ","has"," taken place"
"bcentral.co.uk","  re-analysis  ","has"," the most"
"bcentral.co.uk","  association  ","has"," erred on only"
"robertbuchanan.mysite.wanadoo-members.co.uk",". The hard  copy  ","has"," the cycling"
"fdean.gov.uk","Knot This  knot  ","has"," the advantage"
"spitfiresociety.demon.co.uk","level  anyone  ","has"," ever seen."
"spitfiresociety.demon.co.uk","  version  ","has"," been"
"haileybury.herts.sch.uk","of  evidence  ","has"," been"
"haileybury.herts.sch.uk","  homeworking  ","has"," changed"
"haileybury.herts.sch.uk","  technologies  ","has"," transformed"
"haileybury.herts.sch.uk",". The  report  ","has"," many"
"aimhigher.ac.uk","the  left  ","has"," failed to make"
"nationalarchives.gov.uk","to the  return  ","has"," first been"
"upofloor.co.uk"," ","has"," been carried"
"fastcart.co.uk","). The  system  ","has"," been designed"
"fastcart.co.uk","  musician  ","has"," plenty of"
"ouabc.co.uk","to me that  life  ","has"," always been"
"ouabc.co.uk","  generation  ","has"," mountains to"
"ouabc.co.uk","  generation  ","has"," to decide how"
"ouabc.co.uk","  congregation  ","has"," to decide who"
"bodystressrelease.co.uk","this  site  ","has"," been up and"
"bures-online.co.uk","  co-morbidity  ","has"," led to new"
"bures-online.co.uk","  discharge  ","has"," been delayed."
"bures-online.co.uk","  policy  ","has",", however,"
"path.cam.ac.uk","a full  report  ","has"," been"
"higherstate.co.uk","  football  ","has"," shaken off its"
"higherstate.co.uk","the Iraq  war  ","has"," boosted"
"swaine.me.uk",". When a  horse  ","has"," moved between"
"warpoetry.co.uk",". The  area  ","has"," much to offer"
"raworths.co.uk","F.  Everybody  ","has"," beauty. Apart"
"westyorkshire.police.uk"," ","has"," included new"
"homepages.gold.ac.uk","global  energy  ","has"," a reduced"
"homepages.gold.ac.uk","  physics  ","has"," become highly"
"homepages.gold.ac.uk","string  theory  ","has"," failed as yet"
"homepages.gold.ac.uk","that  system  ","has"," already given"
"homepages.gold.ac.uk","Kent ''s  work  ","has"," been much"
"homepages.gold.ac.uk"," ","has"," used a"
"homepages.gold.ac.uk","the  system  ","has"," an unknown"
"homepages.gold.ac.uk","  observer  ","has"," complete"
"homepages.gold.ac.uk","  computation  ","has"," been the"
"homepages.gold.ac.uk","a fair  coin  ","has"," been tossed,"
"homepages.gold.ac.uk","  approach  ","has"," some"
"homepages.gold.ac.uk","  theory  ","has"," solved the"
"uclan.ac.uk","that your  item  ","has"," been"
"ukcorporator.co.uk","  Experience  ","has"," shown that"
"northill.demon.co.uk","their  campus  ","has"," earned a"
"northill.demon.co.uk","  academic  ","has"," received a"
"psalmody.co.uk",". The  aim  ","has"," been to"
"psalmody.co.uk","that  feminism  ","has"," got itself"
"psalmody.co.uk",". The  LSE  ","has"," got a lot of"
"psalmody.co.uk",". The  author  ","has"," given her"
"ipaqrepair.co.uk","  experience  ","has"," seen him work"
"ipaqrepair.co.uk","  background  ","has"," come through"
"ipaqrepair.co.uk",". If  someone  ","has"," a "" secret """
"wellerassociates.co.uk","This  site  ","has"," been built"
"wellerassociates.co.uk","This  site  ","has"," been built to"
"omayenin.com.mysite.wanadoo-members.co.uk",".  Everyone  ","has"," heard of Jack"
"omayenin.com.mysite.wanadoo-members.co.uk",". Yet the  case  ","has"," taken on a"
"taylorbells.co.uk","the  symposium  ","has"," an"
"taylorbells.co.uk","''. The  meeting  ","has"," already"
"in-the-spirit.co.uk","  name  ","has"," been removed"
"in-the-spirit.co.uk","''s. The  inside  ","has"," also been"
"burn-it.freeserve.co.uk",", the  author  ","has"," delivered a"
"ml-consult.co.uk","  downstairs  ","has"," an sf section"
"ability.org.uk","my  parser  ","has"," no option but"
"richmondreview.co.uk","  research  ","has"," a great"
"libertas.demon.co.uk","this  conflict  ","has"," been"
"smmgp.org.uk","  theory  ","has"," to tell us"
"brucesfingers.co.uk","when a  genome  ","has"," been"
"brucesfingers.co.uk","  destruction  ","has"," to be"
"brucesfingers.co.uk",".  Formulation  ","has"," the potential"
"glasgowarchitecture.co.uk","  religions  ","has"," died out. This"
"glasgowarchitecture.co.uk","  practice  ","has"," very little to"
"glasgowarchitecture.co.uk","  group  ","has"," just spent"
"vue.org.uk","the first  file  ","has"," been read. {"
"penrhosprivatedaynursery.co.uk",". The  book  ","has"," a very narrow"
"antiquity.ac.uk","as  research  ","has"," become"
"antiquity.ac.uk","  prosperity  ","has"," climbed up the"
"antiquity.ac.uk","  practice  ","has"," included: the"
"antiquity.ac.uk","of his  work  ","has"," been extended"
"antiquity.ac.uk","in  principle  ","has"," been reached"
"people.ex.ac.uk","if your  parcel  ","has"," not arrived"
"galensgarden.co.uk","5 % of the  time  ","has"," been donated"
"spazmonkey.co.uk","as the  bird  ","has"," began to"
"rapnews.co.uk","but the  role  ","has","n''t been"
"englishmonarchs.co.uk","  series  ","has"," returned to"
"medinfo.co.uk","after the  item  ","has"," been sent out."
"ownersdirect.co.uk","and  watches  ","has"," been"
"ownersdirect.co.uk","the past  year  ","has"," been boosted"
"ownersdirect.co.uk","in  cash  ","has"," been seized"
"royalpioneercorps.co.uk","the  timetable  ","has"," been decided,"
"rifi.soton.ac.uk","RCPL  journal  ","has"," about 5"
"rifi.soton.ac.uk",", where a  fee  ","has"," been paid to a"
"kenyabirds.org.uk","  hospital  ","has"," a large staff"
"xibalba.demon.co.uk","  practitioner  ","has"," mastered in"
"hlst.heacademy.ac.uk","  seniority  ","has"," the effect of"
"hlst.heacademy.ac.uk","pay  practice  ","has"," a"
"hlst.heacademy.ac.uk","the  employer  ","has"," difficulty"
"teamtechnology.co.uk","  work  ","has"," been done, or"
"teamtechnology.co.uk","  illustration  ","has"," been"
"blog.natbat.co.uk","led  coalition  ","has"," to withdraw"
"blog.natbat.co.uk","  movement  ","has"," been and"
"birds-eye-view.co.uk"," ","has"," not arrived,"
"birds-eye-view.co.uk"," ","has"," not arrived,"
"birds-eye-view.co.uk"," ","has"," arrived, but"
"birds-eye-view.co.uk","; their  script  ","has"," been timing"
"new.overseas-trade.co.uk",",  experience  ","has"," shown that"
"antibes.co.uk","The  Greyhound  ","has"," lost its"
"antibes.co.uk","the car  park  ","has"," been sold for"
"sherlock-holmes.classic-literature.co.uk","A  website  ","has"," been launched"
"sherlock-holmes.classic-literature.co.uk",". The  website  ","has"," been created"
"megagrip.co.uk","how my  style  ","has"," developed"
"ardue.org.uk","the  future  ","has"," in store."
"barbecue-online.co.uk","  friend  ","has"," gotten hung up"
"recyclezone.org.uk"," ","has"," been replaced"
"recyclezone.org.uk","service  user  ","has"," housing needs"
"motorbike-search-engine.co.uk","  assessor  ","has"," carried out an"
"primarycarecontracting.nhs.uk","on your  site  ","has"," paid off"
"whisperingspirits.co.uk","  resistance  ","has"," been"
"whisperingspirits.co.uk",". This  view  ","has"," come to be"
"whisperingspirits.co.uk","  literature  ","has"," grown up"
"whisperingspirits.co.uk","of the  book  ","has"," escalated"
"whisperingspirits.co.uk",". The  book  ","has"," spawned so"
"whisperingspirits.co.uk","While the  book  ","has"," its scholarly"
"whisperingspirits.co.uk",". (No  proof  ","has"," emerged,"
"cmtr.co.uk",". As the  law  ","has"," become more"
"cmtr.co.uk","  chambers  ","has"," been"
"cmtr.co.uk","or  agreement  ","has"," been"
"cmtr.co.uk","of the  scheme  ","has"," been critical"
"cmtr.co.uk","rota for  cover  ","has"," been devolved"
"cmtr.co.uk"," ","has"," proved a"
"mehbooba.co.uk","your  address  ","has"," been added to"
"schoolshistory.org.uk","  program  ","has"," to be"
"schoolshistory.org.uk","the  athlete  ","has"," a medical"
"schoolshistory.org.uk","If the  athlete  ","has"," a target"
"ipaqrepair.co.uk","). The  book  ","has"," arisen from"
"durhamcathedral.co.uk","  society  ","has"," in the past"
"durhamcathedral.co.uk","holy  well  ","has"," been"
"durhamcathedral.co.uk","least the  well  ","has"," been saved"
"punkoiuk.co.uk","this  work  ","has"," been widely,"
"punkoiuk.co.uk",". The  project  ","has"," also written a"
"punkoiuk.co.uk","  publisher  ","has"," to be"
"punkoiuk.co.uk","of  deposit  ","has"," been the usage"
"punkoiuk.co.uk","  repository  ","has"," been"
"punkoiuk.co.uk","  repositories  ","has"," the effect of"
"seered.co.uk","  Principal  ","has"," appointed E"
"duncancumming.co.uk","  system  ","has"," just been made"
"duncancumming.co.uk",". This  problem  ","has"," been around"
"chart.ac.uk","This  letter  ","has"," been sent by"
"mabels-tables.co.uk","!  Roadrunner  ","has"," things"
"mabels-tables.co.uk","the  focus  ","has"," largely been"
"warwickshire-wildlife-trust.org.uk","in his  stomach  ","has"," lead to"
"warwickshire-wildlife-trust.org.uk","in his  stomach  ","has"," lead to"
"lse.co.uk","for  action  ","has"," been"
"lse.co.uk","  equipment  ","has"," negated this"
"sedayne.co.uk","this  box-set  ","has"," completely"
"orange.co.uk","  concentrator  ","has"," a recessed"
"hisc.co.uk","to the  euro  ","has"," been"
"ltu.mmu.ac.uk","until a  fix  ","has"," been"
"ltu.mmu.ac.uk","mailing  list  ","has"," an exploit"
"ltu.mmu.ac.uk","federal  court  ","has"," granted a"
"ltu.mmu.ac.uk",".  com  ","has"," an obscure"
"squashsite.co.uk","Which  group  ","has"," gained the"
"squashsite.co.uk","? Which  group  ","has"," gained the"
"squashsite.co.uk","? Which  group  ","has"," gained the"
"squashsite.co.uk","? Which  group  ","has"," gained the"
"cistercian-way.newport.ac.uk","of  teaching  ","has"," been"
"skiclub.co.uk",""". The  school  ","has"," dormitories"
"music.ed.ac.uk","the Durham  ITS  ","has"," installed"
"bcis.org.uk"," ","has"," ''broken down ''"
"bcis.org.uk","each  metaphor  ","has"," been used by"
"bcis.org.uk","the new  plant  ","has"," established"
"connells.co.uk","power  supply  ","has"," been designed"
"connells.co.uk","the  amplifier  ","has"," enormous"
"connells.co.uk","as the  circuit  ","has"," been set to"
"troubleatwork.org.uk","  evaluation  ","has"," been designed"
"troubleatwork.org.uk","the  focus  ","has"," necessarily"
"troubleatwork.org.uk","  sharing  ","has"," been used in"
"canadapost.co.uk","no  scoundrel  ","has"," hidden more"
"members.lycos.co.uk",", if the  person  ","has"," signed an"
"members.lycos.co.uk","if > the  person  ","has"," attained the"
"windmill.co.uk",". The  nymph  ","has"," biting"
"saints-alive.co.uk","  groups  ","has"," planned a"
"alnwick-fair.co.uk",". The  well  ","has"," had a triple"
"alnwick-fair.co.uk","of the  custom  ","has"," yet been"
"vads.ahds.ac.uk","the  public  ","has"," in doctors """
"vads.ahds.ac.uk",". Each  party  ","has"," a duty to work"
"ridley.cam.ac.uk","''s  office  ","has"," given BBC"
"show.me.uk","), whose  work  ","has"," been"
"vacant.org.uk","  contribution  ","has"," been to"
"vacant.org.uk","the  client  ","has"," stated or"
"vacant.org.uk","the  client  ","has"," referred to"
"vacant.org.uk","our  criteria  ","has"," moved away"
"walltowall.co.uk","  boy  ","has"," thrust in a"
"walltowall.co.uk","the war  scare  ","has"," sent Ingle off"
"greywall.demon.co.uk","  vaccination  ","has"," largely"
"greywall.demon.co.uk",", the  disease  ","has"," not"
"greywall.demon.co.uk","  immunity  ","has"," waned are at"
"greywall.demon.co.uk","  meningitis  ","has"," been. The risk"
"greywall.demon.co.uk","  person  ","has"," coughed,"
"greywall.demon.co.uk",". The  disease  ","has"," been commonly"
"greywall.demon.co.uk",". A blood  test  ","has"," also been"
"greywall.demon.co.uk","of an  outbreak  ","has"," not been"
"asab.icapb.ed.ac.uk","is that the  AWS  ","has"," permanently"
"armedforces.co.uk","  profession  ","has"," agreed not to"
"armedforces.co.uk","  association  ","has"," its own"
"armedforces.co.uk","level  someone  ","has"," trained. GP ''s"
"armedforces.co.uk","the  public  ","has"," confidence"
"armedforces.co.uk","once the  work  ","has"," been"
"nasuwt.org.uk",". The  author  ","has"," given his"
"bplans.co.uk","the  surgeon  ","has"," to tear the"
"micromaterials.co.uk","XT Address  XT  ","has"," been updated"
"micromaterials.co.uk","  v1.0  ","has"," been"
"micromaterials.co.uk",", the  stock  ","has"," traded"
"micromaterials.co.uk","at  dogMelon  ","has"," told me a"
"psy.gla.ac.uk","  notice  ","has"," been served on"
"psy.gla.ac.uk","  government  ","has"," said that"
"psy.gla.ac.uk","  government  ","has"," promised to"
"blackheathrugby.co.uk","If any  party  ","has"," registered a"
"blackheathrugby.co.uk","  proposal  ","has"," strategic"
"mud.co.uk","for  mediation  ","has"," problems of"
"mud.co.uk","peace  treaty  ","has"," had third"
"mud.co.uk","  activity  ","has"," been crucial."
"mud.co.uk","myth.  History  ","has"," helped the"
"mud.co.uk","  mediation  ","has"," been used in"
"mud.co.uk","  comparison  ","has"," always been"
"mud.co.uk","  comparison  ","has"," been unclear"
"mud.co.uk","  divisions  ","has"," been"
"mud.co.uk",", this  debate  ","has"," a role to play"
"mud.co.uk","whole  society  ","has"," been caught up"
"mud.co.uk","that  nothing  ","has"," happened"
"mud.co.uk","Tiger  leader  ","has"," his birthday"
"ramagazine.org.uk","now, the  brain  ","has"," gone "" Stanley"
"kavkaz.org.uk","  work  ","has"," been aimed at"
"kavkaz.org.uk","on  schools  ","has"," been variable"
"kavkaz.org.uk","  need  ","has"," undoubtedly"
"kavkaz.org.uk","  environment  ","has"," an enduring"
"kavkaz.org.uk","that  research  ","has"," made to"
"kavkaz.org.uk","youth  clubs  ","has"," had on the"
"rousette.org.uk","the  scribe  ","has"," re-inked his"
"rousette.org.uk","the  scribe  ","has"," lifted his pen"
"rousette.org.uk","11, our  scribe  ","has"," dipped his pen"
"tripadvisor.co.uk","  exhibition  ","has"," shocked and"
"tripadvisor.co.uk","""  drug  ","has"," begun"
"tripadvisor.co.uk","  professor  ","has"," been fitted"
"tripadvisor.co.uk","an open  sewer  ","has"," turned out to"
"shopping.excite.co.uk","  government  ","has"," its roots in"
"shopping.excite.co.uk","Sadly the  well  ","has"," been drained"
"cherryred.co.uk","of  teaching  ","has"," gone down the"
"cherryred.co.uk",". km: my  box  ","has"," b33n hacked"
"cedr.co.uk","music  school  ","has"," his name from"
"vishnu.lse.ac.uk","  strategies  ","has"," never been"
"thecornerhouse.org.uk","or  placement  ","has"," taken place to"
"rodge.force9.co.uk"," ","has"," been"
"rodge.force9.co.uk","  resistance  ","has"," developed to"
"victorianartinbritain.co.uk","  schools  ","has",", in the past,"
"victorianartinbritain.co.uk","  attempt  ","has"," ever been made"
"victorianartinbritain.co.uk","  expertise  ","has"," been made"
"readers.penguin.co.uk","  authority  ","has"," this"
"bspd.co.uk","from  school  ","has",""
"bspd.co.uk","  difficulties  ","has"," serious"
"tertiary.consoleroom.btinternet.co.uk"," ","has"," 48 hours"
"www-micro.msb.le.ac.uk",". The  process  ","has"," now entered"
"www-micro.msb.le.ac.uk","the  symbol  ","has"," meaning for us"
"www-micro.msb.le.ac.uk","the  client  ","has"," spent a lot of"
"www-micro.msb.le.ac.uk","way the  mind  ","has"," of denoting"
"www-micro.msb.le.ac.uk","of his  jigsaw  ","has"," dramatically"
"www-micro.msb.le.ac.uk","  mindbody  ","has"," evolved the"
"bdga.org.uk",". This  issue  ","has"," a high profile"
"bdga.org.uk","working  group  ","has"," been"
"mimas.ac.uk","Perstel  DR301  ","has"," a sleep"
"mimas.ac.uk","), but the  box  ","has"," a "" Plays"
"mimas.ac.uk","if  anyone  ","has"," heard"
"imaginativeicing.demon.co.uk","  immunity  ","has"," waned are at"
"imaginativeicing.demon.co.uk","over ten  years  ","has"," elapsed since"
"imaginativeicing.demon.co.uk","if ten  years  ","has"," elapsed since"
"imaginativeicing.demon.co.uk","  exposure  ","has"," taken place -"
"imaginativeicing.demon.co.uk","efficacy  data  ","has"," been"
"bbcgovernors.co.uk","as the  sector  ","has"," grown bigger."
"bbcgovernors.co.uk","  environment  ","has"," to be built up"
"bbcgovernors.co.uk","whose  remit  ","has"," been to"
"bbcgovernors.co.uk","  schools  ","has"," quadrupled"
"bbcgovernors.co.uk","level  schools  ","has"," increased"
"bbcgovernors.co.uk","  project  ","has"," been"
"bbcgovernors.co.uk",". This  tension  ","has"," also made it"
"bbcgovernors.co.uk","  approval  ","has"," been granted"
"bbcgovernors.co.uk","  schools  ","has"," been"
"bbcgovernors.co.uk","the  council  ","has"," a"
"bbcgovernors.co.uk","this  study  ","has"," addressed."
"bbcgovernors.co.uk","of six  years  ","has"," inevitably"
"bbcgovernors.co.uk","of  coverage  ","has"," not quite been"
"bbcgovernors.co.uk","  picture  ","has"," been"
"bbcgovernors.co.uk","  education  ","has"," always been a"
"taxibus.org.uk","of  meetings  ","has"," been set up, on"
"cronab.demon.co.uk","This  document  ","has"," been compiled"
"telematica.co.uk","the  client  ","has"," embodied new"
"telematica.co.uk",". Our  research  ","has"," shown that"
"telematica.co.uk","the  client  ","has"," the solution"
"bobsticks.co.uk",",  email  ","has"," not yet been"
"bobsticks.co.uk","an  employee  ","has"," set up dial-up"
"bobsticks.co.uk","LGMB  report  ","has"," a section on"
"larrywheeler.co.uk","that ''a  fable  ","has"," turned the"
"verisign.co.uk","  activities  ","has"," been"
"nevadaradio.co.uk",".  com  ","Has"," anyone here"
"nevadaradio.co.uk","UCH. My  physio  ","has"," suggested the"
"poetrymagic.co.uk","  information  ","has"," been released"
"poetrymagic.co.uk","  information  ","has"," been released"
"direct.bl.uk","  information  ","has"," been withheld"
"direct.bl.uk","the  Campaign  ","has"," questioned. ("
"turkeyrealestate.co.uk","  institution  ","has"," stated that it"
"thamesweb.co.uk","  service  ","has"," a"
"thamesweb.co.uk","  research  ","has"," shown that"
"thamesweb.co.uk","  programmes  ","has"," also shown"
"thamesweb.co.uk"," ","has"," shown the"
"thamesweb.co.uk","outcome  study  ","has"," been carried"
"thamesweb.co.uk","  study  ","has"," been carried"
"thamesweb.co.uk"," ","has"," recently been"
"thamesweb.co.uk","  research  ","has"," found the use"
"thamesweb.co.uk","service  user  ","has"," achieved"
"medical-solutions.co.uk","Only one  study  ","has"," estimated the"
"medical-solutions.co.uk",") The  view  ","has"," been"
"tpr.co.uk","how much  ink  ","has"," been used."
"propertypro.co.uk",".  None  ","has"," done more to"
"propertypro.co.uk",". uk) This  book  ","has"," been on my own"
"propertypro.co.uk","  principle  ","has"," since been"
"propertypro.co.uk","the  speaker  ","has"," said. With the"
"propertypro.co.uk",". His  message  ","has"," become"
"ids.ac.uk","  company  ","has"," developed a"
"ids.ac.uk","the past  year  ","has"," been boosted"
"musictech.org.uk","  migration  ","has"," both costs and"
"musictech.org.uk","when the  club  ","has"," been"
"musictech.org.uk",". A  brochure  ","has"," been produced"
"musictech.org.uk","A new  contract  ","has"," been signed"
"fodac.org.uk",": Tooth  loss  ","has"," been"
"clandonald.org.uk",": This  page  ","has"," been"
"clandonald.org.uk","  survey  ","has"," been"
"westyorkshire.police.uk","  comrade  ","has"," another shot I"
"bristolfiesta.co.uk","recent  years  ","has"," not been of a"
"bristolfiesta.co.uk","  consultation  ","has"," been"
"taots.co.uk","  Anthropology  ","has"," been formed"
"taots.co.uk",": This  cluster  ","has"," a broad"
"taots.co.uk",": This  cluster  ","has"," a broad mix of"
"taots.co.uk","  cluster  ","has"," strong"
"ilook.fsnet.co.uk","race  equality  ","has"," been"
"ilook.fsnet.co.uk","  process  ","has"," revealed some"
"ilook.fsnet.co.uk","and  policy  ","has"," been assigned"
"ilook.fsnet.co.uk","a  department  ","has"," completed an"
"wellingboroughtownfc.co.uk","racing  line  ","has"," enough"
"readgroup.biology.ed.ac.uk","in this  pack  ","has"," a message on it"
"badgirls.co.uk","Each  object  ","has",": its own"
"badgirls.co.uk","of an  array  ","has"," a single data"
"badgirls.co.uk","  module  ","has"," a file browser"
"badgirls.co.uk","field  module  ","has"," two input"
"badgirls.co.uk","uniform  field  ","has"," no"
"badgirls.co.uk","in the  data  ","has"," an explicit"
"badgirls.co.uk","  structure  ","has"," been defined"
"badgirls.co.uk",", 1283 The  file  ","has"," a line of"
"badgirls.co.uk","data  value  ","Has"," regular"
"badgirls.co.uk",". Each  element  ","has"," five floating"
"badgirls.co.uk","Each  element  ","has"," some"
"badgirls.co.uk","each  cell  ","has"," a shape,"
"dcs.ed.ac.uk","). Each  mosaic  ","has"," its bad pixels"
"slickrock.co.uk",": This  page  ","has"," been"
"slickrock.co.uk","  company  ","has"," a US license,"
"slickrock.co.uk","  government  ","has"," recently"
"slickrock.co.uk","a British  MP  ","has"," from"
"battleoffulford.org.uk","  problems  ","has"," long been"
"battleoffulford.org.uk","the  president  ","has"," nominated a"
"battleoffulford.org.uk","The  president  ","has"," one fewer"
"battleoffulford.org.uk","that the  court  ","has"," signed up to"
"battleoffulford.org.uk","  community  ","has"," much at stake"
"battleoffulford.org.uk","  majority  ","has"," been nibbling"
"battleoffulford.org.uk","four  majority  ","has"," been"
"battleoffulford.org.uk",", but the  word  ","has","n''t reached"
"battleoffulford.org.uk",". The  court  ","has"," recently and"
"battleoffulford.org.uk","  government  ","has"," become a"
"battleoffulford.org.uk","  government  ","has"," its limits. It"
"fastcart.co.uk","the DS  version  ","has"," another"
"fastcart.co.uk",". Your  car  ","has"," also"
"fastcart.co.uk","sanity  high  ","has"," its benefits"
"golflinks.co.uk","gradual  curve  ","has"," had strategic"
"teamtechnology.co.uk","  handbook  ","has"," been called """
"germantutor.co.uk","your  entry  ","has"," been set up on"
"rpca.co.uk","). His  work  ","has"," frequently"
"gbstamps.co.uk","  foods  ","has"," in more recent"
"gbstamps.co.uk","and  bottling  ","has"," taken place"
"gbstamps.co.uk","  legislation  ","has"," affected the"
"zem.demon.co.uk",". Once the  disk  ","has"," been written,"
"stopurban4x4s.org.uk",", which in  turn  ","has"," betrayed Dr"
"stopurban4x4s.org.uk",". My  research  ","has"," shown that"
"gerty.ncl.ac.uk","of mixed  race  ","has"," been created"
"gerty.ncl.ac.uk","the  state  ","has"," manufactured"
"gerty.ncl.ac.uk",". The  book  ","has"," a poetic"
"qcanet.co.uk","  government  ","has"," pledged to"
"qcanet.co.uk","of  volunteers  ","has"," led to a"
"qcanet.co.uk","Devon ice  rink  ","has"," launched a new"
"qcanet.co.uk","  syndrome  ","has"," been given as"
"qcanet.co.uk","  government  ","has"," pledged to do"
"qcanet.co.uk","Gorges  dam  ","has"," been left"
"qcanet.co.uk","of her  time  ","has"," been spent"
"qcanet.co.uk","her own  health  ","has"," seriously"
"turkeyrealestate.co.uk","  waste  ","has"," given Chinese"
"jwnash.co.uk","This  position  ","has"," been"
"jwnash.co.uk","  consensus  ","has"," been"
"jwnash.co.uk","  position  ","has"," also been"
"jwnash.co.uk","in this  area  ","has"," been the"
"jwnash.co.uk","''  position  ","has"," been the only"
"jwnash.co.uk","''s  approach  ","has"," not won"
"jwnash.co.uk","Western  text  ","has"," taken pains to"
"jwnash.co.uk","  tradition  ","has"," two"
"jwnash.co.uk","  presentation  ","has"," been"
"jwnash.co.uk","). This  term  ","has"," remained,"
"jwnash.co.uk","  addition  ","has"," three forms,"
"clientsuccess.org.uk","  omission  ","has"," to be judged in"
"readgroup.biology.ed.ac.uk"," ","has"," been"
"teamtechnology.co.uk","of  doubt  ","has"," visited me"
"teamtechnology.co.uk","  microphone  ","has"," been replaced"
"mbdevelopments.co.uk","waiting  list  ","has"," dropped. So,"
"mbdevelopments.co.uk","letter  column  ","has"," a typically"
"mbdevelopments.co.uk","  immortality  ","has"," been gained by"
"mbdevelopments.co.uk","means  someone  ","has"," guessed my"
"org.suw.org.uk","the  family  ","has"," to walk to the"
"redbridge.gov.uk","our food  crops  ","has"," been"
"zem.demon.co.uk"," ","has"," a number of"
"rumwoodnurseries.co.uk","). This  idea  ","has"," led to the"
"rumwoodnurseries.co.uk","). This  idea  ","has"," led to the"
"rumwoodnurseries.co.uk"," ","has"," a past and a"
"rumwoodnurseries.co.uk","that  mind  ","has"," no direct"
"rumwoodnurseries.co.uk","of  coins  ","has"," no fair entry"
"rumwoodnurseries.co.uk","that the  brain  ","has"," somehow"
"rumwoodnurseries.co.uk","of a  brain  ","has"," a very large"
"rumwoodnurseries.co.uk",". That  space  ","has"," so many"
"rumwoodnurseries.co.uk","  indicators  ","has"," already been"
"rumwoodnurseries.co.uk","  situation  ","has"," eventually"
"rumwoodnurseries.co.uk","  equilibrium  ","has"," been observed"
"rumwoodnurseries.co.uk","of this  paper  ","has"," been on the"
"swaine.me.uk","  release  ","has"," a unique aim -"
"swaine.me.uk","and its  music  ","has"," become a"
"swaine.me.uk","  soundtrack  ","has"," been crafted"
"swaine.me.uk","His film  music  ","has"," included "" The"
"swaine.me.uk","sonic  variety  ","has"," been"
"swaine.me.uk","2001. The  show  ","has"," retained Mel"
"swaine.me.uk","of this  CD  ","has"," now closed."
"tonearm.co.uk","their own  team  ","has"," reached. Also"
"tonearm.co.uk","the  learning  ","has"," been"
"tonearm.co.uk","new  edition  ","has"," been"
"tonearm.co.uk"," ","has"," taken its"
"tonearm.co.uk","  organization  ","has"," grown."
"scottishsweets.co.uk","This  document  ","has"," been produced"
"geog.ox.ac.uk",""" some  fool  ","has"," installed a"
"silverprint.co.uk","  agreement  ","has"," a profound and"
"silverprint.co.uk","  country  ","has"," a ''country"
"silverprint.co.uk","a  government  ","has"," committed a"
"silverprint.co.uk","a  government  ","has"," listed its"
"silverprint.co.uk","  services  ","has"," left every one"
"silverprint.co.uk","a  government  ","has"," committed to"
"tonearm.co.uk","  cottage  ","has"," one double and"
"tonearm.co.uk","  apartment  ","has"," everything"
"weddingdesignbyapril.co.uk","like  mine  ","has"," thought of it,"
"byteachers.org.uk","my  balance  ","has"," become"
"easterneyeuk.co.uk","to master  fear  ","has"," been inherent"
"easterneyeuk.co.uk","to master  fear  ","has"," changed over"
"easterneyeuk.co.uk","  sentence  ","has"," now been"
"dreamconstructionjobs.co.uk"," ","has"," hauled many"
"dreamconstructionjobs.co.uk",", the  study  ","has"," aroused more"
"dreamconstructionjobs.co.uk","The  criticism  ","has"," been partly"
"dreamconstructionjobs.co.uk","  policy  ","has"," been"
"dreamconstructionjobs.co.uk","East  policy  ","has"," not been"
"dreamconstructionjobs.co.uk","  interest  ","has"," dictated"
"dreamconstructionjobs.co.uk","''s  strategy  ","has"," ever carried"
"dreamconstructionjobs.co.uk"," ","has"," been"
"dreamconstructionjobs.co.uk"," ","has"," progressed,"
"dreamconstructionjobs.co.uk",", and the  lobby  ","has"," played a huge"
"dreamconstructionjobs.co.uk","when the  lobby  ","has"," waned. But it"
"dreamconstructionjobs.co.uk","that the  lobby  ","has"," sustained and"
"dreamconstructionjobs.co.uk","  relationship  ","has"," continued to"
"dreamconstructionjobs.co.uk","-Israeli  bond  ","has"," always had its"
"dreamconstructionjobs.co.uk","  scholar  ","has"," described the"
"dreamconstructionjobs.co.uk","; each  country  ","has","? grafted? the"
"dreamconstructionjobs.co.uk","  relationship  ","has"," grown"
"dreamconstructionjobs.co.uk",", a  lobby  ","has"," the power to"
"dreamconstructionjobs.co.uk","which  party  ","has"," been in power,"
"dreamconstructionjobs.co.uk","the  lobby  ","has"," exerted in"
"dreamconstructionjobs.co.uk","  oppression  ","has"," come, very"
"dreamconstructionjobs.co.uk","  councils  ","has"," been"
"dreamconstructionjobs.co.uk","that the  lobby  ","has"," been able to"
"dreamconstructionjobs.co.uk","that the  lobby  ","has"," succeeded for"
"dreamconstructionjobs.co.uk","moderate  tone  ","has"," emerged in the"
"dreamconstructionjobs.co.uk","  opposition  ","has"," prevented"
"business.heacademy.ac.uk","else in  garage  ","has"," done anything"
"zem.demon.co.uk","of the  game  ","has"," all"
"zem.demon.co.uk","entire  life  ","has"," led up to the"
"orcadian.co.uk","the  world  ","has"," yet seen, its"
"scottishtorymeps.org.uk","strange  fare  ","has"," been found in"
"mbdevelopments.co.uk","of  violence  ","has"," erupted again"
"atob.org.uk","  fandom  ","has"," been strongly"
"atob.org.uk","  barrier  ","has"," fouled up"
"codexbooks.co.uk",". The  book  ","has"," a chapter"
"hewett.norfolk.sch.uk",",  disclosure  ","has"," to be"
"hewett.norfolk.sch.uk","of  disclosure  ","has"," to be balanced"
"hewett.norfolk.sch.uk","  treatment  ","has"," occurred then"
"hewett.norfolk.sch.uk","an  individual  ","has"," a disability."
"hewett.norfolk.sch.uk",", that  someone  ","has"," contravened"
"hewett.norfolk.sch.uk","  conciliation  ","has"," been"
"gorleston-on-sea.co.uk",", the  spool  ","has"," to be placed"
"englishmonarchs.co.uk",". "" No  name  ","has"," been agreed"
"compsoc.dur.ac.uk","  warehouse  ","has"," a sense of a"
"mbdevelopments.co.uk","every  birder  ","has"," a different"
"mbdevelopments.co.uk",". Our  flat  ","has"," two wide and"
"mbdevelopments.co.uk","  vegetation  ","has"," been cleared"
"mbdevelopments.co.uk","farm, the  car  ","has"," to be sprayed"
"bio.ic.ac.uk","for  prawns  ","has"," resulted in a"
"themostannoyingsiteintheworld.co.uk","  industry  ","has"," the"
"appiedaizepm.co.uk",". That  vision  ","has"," catapulted"
"appiedaizepm.co.uk","''s  success  ","has"," been built."
"appiedaizepm.co.uk","  chronograph  ","has"," a twelve hour"
"appiedaizepm.co.uk",". The  watch  ","has"," a sapphire"
"appiedaizepm.co.uk",", this  design  ","has"," been around"
"appiedaizepm.co.uk","watch to  date  ","has"," been a huge"
"appiedaizepm.co.uk",". The  watch  ","has"," an anti"
"appiedaizepm.co.uk",". The  case  ","has"," got screw bars"
"appiedaizepm.co.uk",". The  watch  ","has"," a water"
"appiedaizepm.co.uk","  objective  ","has"," been to offer"
"appiedaizepm.co.uk",". The  watch  ","has"," been"
"appiedaizepm.co.uk",". That  vision  ","has"," catapulted"
"appiedaizepm.co.uk","''s  success  ","has"," been built."
"appiedaizepm.co.uk","  chronograph  ","has"," a twelve hour"
"appiedaizepm.co.uk",". The  watch  ","has"," a solid steel"
"appiedaizepm.co.uk","and the  case  ","has"," an attractive"
"appiedaizepm.co.uk","  objective  ","has"," been to offer"
"appiedaizepm.co.uk","  objective  ","has"," been to offer"
"appiedaizepm.co.uk",". This  watch  ","has"," been well"
"intermusica.co.uk","ship  tenacity  ","has"," a nice ring to"
"intermusica.co.uk","so that  def  ","has",""
"wellho.co.uk","  point  ","has"," to be? not some"
"shadowsonthewall.co.uk","working.  HOP  ","has"," invested in a"
"glaucus.org.uk","  journalism  ","has"," quite rightly"
"glaucus.org.uk","  news  ","has"," had its own"
"superboss.co.uk","the RDS  radio  ","has"," been built"
"alba.org.uk","this  image  ","has"," such a"
"alba.org.uk","  satellite  ","has"," produced its"
"alba.org.uk","  atmosphere  ","has"," now returned."
"alba.org.uk","  Science  ","has"," announced"
"alba.org.uk","death. ''  ''It  ","has"," been"
"alba.org.uk","sort of  thing  ","has"," been going on"
"alba.org.uk","of  physics  ","has"," been"
"alba.org.uk","  disciplines  ","has"," found that the"
"alba.org.uk","past 100  years  ","has"," left a major"
"alba.org.uk","other  claims  ","has"," been that it is"
"alba.org.uk","  creature  ","has"," been prowling"
"alba.org.uk","  company  ","has"," discovered 70"
"st-andrews.ac.uk","  medicine  ","has"," no future '',"
"masud.co.uk","spokes a  wheel  ","has",", the easier it"
"masud.co.uk","the  motion  ","has"," slipped"
"masud.co.uk","graphics  card  ","has"," been"
"wessexscene.co.uk",". Big  business  ","has"," often been"
"friendsreunitedjobs.co.uk","  project  ","has"," tons of info on"
"birdtours.co.uk","  basis  ","has"," been adduced"
"kingston.gov.uk","each  repair  ","has"," different"
"kingston.gov.uk","the  repair  ","has"," been carried"
"meccsa.org.uk","  evaluation  ","has"," shown that"
"meccsa.org.uk"," ","has"," shown that"
"meccsa.org.uk","  evaluation  ","has"," indicated"
"lists.aldigital.co.uk",". Each  race  ","has"," three laps and"
"nomad-online.co.uk","The  die  ","has"," been cast The"
"nomad-online.co.uk","go where no  man  ","has"," gone before To"
"web.ukonline.co.uk","it, but  racism  ","has"," not been"
"web.ukonline.co.uk","  identity  ","has"," not been"
"psni.police.uk",". The  company  ","has"," built one"
"racoon.dircon.co.uk","  photography  ","has"," provided us"
"racoon.dircon.co.uk","and this  year  ","has"," seen the first"
"racoon.dircon.co.uk","at the  garden  ","has"," revealed more"
"asa-training.co.uk","the  text  ","has"," been"
"saferhealthcare.org.uk","  movie  ","has"," to be analogue"
"clarence.ndirect.co.uk","  company  ","Has"," kept Customer"
"clarence.ndirect.co.uk","of  customers  ","has"," more than"
"vavatch.co.uk","the  house  ","has"," undergone"
"dh.gov.uk","say  everyone  ","has"," at least one"
"picturesofgateshead.co.uk","too?  durham21  ","has"," been going for"
"picturesofgateshead.co.uk","  durham21  ","has"," regular"
"ninotchka.co.uk","minimum  wage  ","has"," been"
"ninotchka.co.uk","pace of  change  ","has"," been slow, the"
"ninotchka.co.uk","for  retailers  ","has"," been launched"
"ninotchka.co.uk","and  nuisance  ","has"," a direct"
"untoldlondon.org.uk",". The  team  ","has"," the capacity"
"addenbrookes.org.uk","the  museum  ","has"," developed"
"addenbrookes.org.uk","modern  times  ","has"," a sovereign"
"addenbrookes.org.uk","  company  ","has"," always been"
"addenbrookes.org.uk","violent  death  ","has"," become a part"
"christinajones.co.uk","year my  life  ","has"," changed,"
"christinajones.co.uk","and the  move  ","has"," worked out"
"hypnos.co.uk","  exposure  ","has"," not been"
"hypnos.co.uk","  day  ","has"," been set by the"
"hypnos.co.uk","every  effort  ","has"," been made to"
"monsanto.co.uk",". The  euro  ","has"," been a boon for"
"monsanto.co.uk","? The  euro  ","has"," moved the"
"dailyreckoning.co.uk",": This  page  ","has"," been"
"suffolkchurches.co.uk","  compulsion  ","has"," suffered"
"suffolkchurches.co.uk","  safety  ","has"," improved with"
"suffolkchurches.co.uk","  promotion  ","has"," been tried at a"
"suffolkchurches.co.uk","  Government  ","has"," admitted that"
"suffolkchurches.co.uk","  safety  ","has"," improved due"
"yealm-holidays.co.uk","four  years  ","has"," shown that the"
"yealm-holidays.co.uk",".  Infighting  ","has"," increased"
"yealm-holidays.co.uk","  unions  ","has"," fallen off"
"yealm-holidays.co.uk","of  leaders  ","has"," begun to"
"forums3.jolt.co.uk","as  payment  ","has"," been cleared,"
"zzap64.co.uk","  policy  ","has"," a clause that"
"tauntondeane.gov.uk","  provision  ","has"," expanded and"
"tauntondeane.gov.uk","The  programme  ","has"," a finite"
"psni.police.uk","for his  part  ","has"," worked with a"
"psni.police.uk","latter  film  ","has"," an exciting"
"creativematch.co.uk","  region  ","has"," certainly"
"sciencemadesimple.co.uk","  training  ","Has"," not affected"
"sciencemadesimple.co.uk","the wider  NHS  ","has"," been critical"
"sciencemadesimple.co.uk","  Government  ","has"," said that its"
"sciencemadesimple.co.uk","on his  hours  ","has"," won a"
"tps.org.uk",", but  none  ","has"," been looked"
"tps.org.uk","but the  series  ","has"," never been"
"lag.org.uk","  service  ","has"," the facility """
"gardenaction.co.uk",". The  protocol  ","has"," found"
"gardenaction.co.uk","'' of  metadata  ","has"," enabled"
"gardenaction.co.uk","this  process  ","has"," benefited"
"gardenaction.co.uk","  community  ","has"," been slow. One"
"gardenaction.co.uk","  participant  ","has"," to do is create"
"gardenaction.co.uk"," ","has"," been"
"parentzonescotland.gov.uk","the  therapist  ","has"," a"
"parentzonescotland.gov.uk","  information  ","has"," been done"
"parentzonescotland.gov.uk","  intervention  ","has"," truly made a"
"parentzonescotland.gov.uk","a  solution  ","has"," occurred"
"evuk.co.uk","sport  diving  ","has"," become"
"evuk.co.uk","after the  dive  ","has"," finished and,"
"evuk.co.uk","is if the  diver  ","has"," travelled in"
"evuk.co.uk",". If the  dive  ","has"," been deep or of"
"natural-law-party.org.uk","  non-uniform  ","has"," come to light."
"natural-law-party.org.uk","  moment  ","has"," come for GM"
"imprint.co.uk","this  course  ","has"," had to be"
"imprint.co.uk",". His  work  ","has"," been"
"imprint.co.uk","of  staff  ","has"," not yet"
"richuish.ac.uk","  paintings  ","has"," appeared from"
"richuish.ac.uk","  cats  ","has"," declined"
"richuish.ac.uk","farmer ''s  wife  ","has"," just told him"
"ast.cam.ac.uk",". This  format  ","has"," the advantage"
"l-w-bks.co.uk"," ","has"," changed. Some"
"l-w-bks.co.uk","  medicine  ","has"," suddenly been"
"l-w-bks.co.uk","  narrative  ","has"," its risks,"
"nfrc.co.uk","  literature  ","has"," had"
"falconbury.co.uk","an  artist  ","has"," over an"
"isi.salford.ac.uk","the  intifadah  ","has"," infused the"
"isi.salford.ac.uk",", and  artists  ","has"," gained force,"
"isi.salford.ac.uk",". '' '' The  anger  ","has"," also given"
"henniker.org.uk","your  question  ","has"," been answered"
"overclockers.co.uk","as a comic  text  ","has"," never been in"
"overclockers.co.uk","was a  man  ","has"," provided"
"overclockers.co.uk","  century  ","has"," frequently"
"overclockers.co.uk","),  mystery  ","has"," the potential"
"overclockers.co.uk","less  energy  ","has"," been devoted"
"overclockers.co.uk","the  comic  ","has"," for"
"overclockers.co.uk","  satire  ","has"," revealed the"
"overclockers.co.uk","  attention  ","has"," been paid to"
"racoon.dircon.co.uk","file  format  ","has"," been defined"
"chippendale.co.uk","Economy  model  ","has"," been"
"chippendale.co.uk","  form  ","has"," the main"
"yealm-holidays.co.uk","data  source  ","has"," a"
"yealm-holidays.co.uk","  value  ","has"," really"
"yealm-holidays.co.uk","our  class  ","has"," features that"
"yealm-holidays.co.uk","in  question  ","has"," one or not. ) I"
"yealm-holidays.co.uk","data  source  ","has"," derived from"
"virtualsociety.sbs.ox.ac.uk","  industry  ","has"," finally"
"virtualsociety.sbs.ox.ac.uk","This  campaign  ","has"," revealed the"
"asiaticpheasants.co.uk","  process  ","has"," started it may"
"asiaticpheasants.co.uk","what  healing  ","has"," taken place."
"asiaticpheasants.co.uk",". A  metaphor  ","has"," certain"
"asiaticpheasants.co.uk","and the  trauma  ","has","n''t happened"
"asiaticpheasants.co.uk","the  client  ","has"," their eyes"
"asiaticpheasants.co.uk","and the  client  ","has"," more control."
"asiaticpheasants.co.uk",", then  healing  ","has"," occurred. The"
"asiaticpheasants.co.uk",". The  fragment  ","has"," been"
"asiaticpheasants.co.uk","how the  client  ","has"," tried to"
"asiaticpheasants.co.uk","After  healing  ","has"," occurred the"
"asiaticpheasants.co.uk",". A  healing  ","has"," taken place."
"asiaticpheasants.co.uk","QIII)  space  ","has"," been healed ("
"asiaticpheasants.co.uk","The  therapist  ","has"," to be there."
"asiaticpheasants.co.uk","if a  healing  ","has"," taken place."
"asiaticpheasants.co.uk","the  therapist  ","has"," to roll up his/"
"asiaticpheasants.co.uk",", if a  trauma  ","has"," extensive"
"asiaticpheasants.co.uk","the  therapist  ","has"," given the"
"asiaticpheasants.co.uk","  everything  ","has"," to depend on"
"asiaticpheasants.co.uk",". The  map  ","has"," a"
"asiaticpheasants.co.uk","the  client  ","has"," already"
"allotment.org.uk","on the  stone  ","has"," been"
"news.bbc.co.uk",": This  page  ","has"," been"
"news.bbc.co.uk","the  applicant  ","has"," first been"
"cs.cf.ac.uk","  permission  ","has"," been obtained"
"asa-training.co.uk",", ""  Nothing  ","has"," been decided"
"asa-training.co.uk",". The  council  ","has"," also pumped"
"asa-training.co.uk","the  council  ","has"," sold prime"
"asa-training.co.uk","such  schemes  ","has"," asked me to"
"mcmuffin.co.uk","of air  hockey  ","has"," a wicked twist"
"compbio.dundee.ac.uk","  timepiece  ","has"," the added"
"compbio.dundee.ac.uk",". The  watch  ","has"," signed crowns"
"compbio.dundee.ac.uk","  timepiece  ","has"," the added"
"compbio.dundee.ac.uk","  timepiece  ","has"," the added"
"compbio.dundee.ac.uk","this  watch  ","has"," a personality"
"compbio.dundee.ac.uk","this  watch  ","has"," a personality"
"chrishardy.co.uk","the  progress  ","has"," been"
"chrishardy.co.uk","of the  code  ","has"," been prepared"
"chrishardy.co.uk","2001. The  code  ","has"," been agreed at"
"chrishardy.co.uk","  consultation  ","has"," been a"
"chrishardy.co.uk","the past  year  ","has"," primarily"
"chrishardy.co.uk","  raising  ","has"," been planned"
"chrishardy.co.uk",". Initial  work  ","has"," been carried"
"chrishardy.co.uk","  Government  ","has"," adopted"
"chrishardy.co.uk","  progress  ","has"," already been"
"chrishardy.co.uk","  requirement  ","has"," led many"
"gamestm.co.uk","sure  benefit  ","has"," been allowed."
"fatbirds.co.uk","  information  ","has"," been printed"
"fatbirds.co.uk","-- this  issue  ","has"," a few oddments"
"dvla.gov.uk","  cease-fire  ","has"," come first and"
"dvla.gov.uk","  Government  ","has"," undertaken,"
"dvla.gov.uk",", the  system  ","has"," to be designed"
"dvla.gov.uk","''s  Government  ","has"," called in aid"
"dvla.gov.uk","for some  time  ","has"," been the"
"dvla.gov.uk",",  nothing  ","has"," happened is"
"vampiremovies.co.uk",", the  castle  ","has"," more recently"
"vampiremovies.co.uk","and one  room  ","has"," been"
"vampiremovies.co.uk","the  cathedral  ","has"," played a"
"www-history.mcs.st-andrews.ac.uk",". No  singer  ","has"," ever"
"www-history.mcs.st-andrews.ac.uk",". The  museum  ","has"," eight halls"
"untoldlondon.org.uk","  weight  ","has"," all proceeded"
"untoldlondon.org.uk","; this  system  ","has"," turned"
"untoldlondon.org.uk","and the  result  ","has"," been what we"
"untoldlondon.org.uk","Thus the  smell  ","has"," a great deal to"
"untoldlondon.org.uk","of the  body  ","has"," an important"
"shu.ac.uk","  software  ","has"," without doubt"
"thepixelfarm.co.uk","  technique  ","has"," promise."
"thepixelfarm.co.uk",". Variant  B  ","has"," a 20 mm cement/"
"thepixelfarm.co.uk","when the  pump  ","has"," been out of use"
"thepixelfarm.co.uk","earth  tremors  ","has"," just been"
"prs-ltsn.leeds.ac.uk",".  Sulphur  ","has"," been added to"
"prs-ltsn.leeds.ac.uk","each  customer  ","has"," to be aware"
"ukcle.ac.uk","''s  leadership  ","has"," made a big step"
"ukcle.ac.uk","working  group  ","has"," proposed and"
"ukcle.ac.uk","  results  ","has"," been designed"
"ukcle.ac.uk",". The  meeting  ","has"," triggered the"
"ukcle.ac.uk","station  book  ","has"," been"
"warwithoutend.co.uk",". The  well  ","has"," been a place of"
"warwithoutend.co.uk","holy  well  ","has"," developed"
"yealm-holidays.co.uk","  campaign  ","has"," been a"
"phrases.org.uk"," ","has"," included such"
"i-sis.org.uk","Madonna  thing  ","has"," been placed in"
"i-sis.org.uk",". Malta  diving  ","has"," something to"
"chester.ac.uk",". A full  RIA  ","has"," been"
"pointlessnostalgic.co.uk","The  Campaign  ","has"," responded to a"
"microsharp.co.uk",", if an  owner  ","has"," made a"
"voiceoftheslug.org.uk","''s  campaign  ","has"," put together a"
"voiceoftheslug.org.uk","''s  campaign  ","has"," put together a"
"crewecvs.org.uk","in  principle  ","has"," choice."
"ofsted.gov.uk","held by  type-A  ","has"," a fixed value"
"ofsted.gov.uk","each  player  ","has"," two options:"
"ofsted.gov.uk",". Each  option  ","has"," specific"
"ofsted.gov.uk","of  supply  ","has"," similar"
"ofsted.gov.uk","  suggestion  ","has"," been made that"
"ofsted.gov.uk","market  effect  ","has"," been"
"ofsted.gov.uk","  allogrooming  ","has"," the potential"
"ofsted.gov.uk",".  Motivation  ","has"," not been"
"johnbuchansociety.co.uk",". The  serties  ","has"," an"
"johnbuchansociety.co.uk","the  decision  ","has"," been taken at"
"johnbuchansociety.co.uk","that the  being  ","has"," a capacity"
"americansc.org.uk","), the  town  ","has"," often been a"
"americansc.org.uk","  development  ","has"," radically"
"americansc.org.uk",". The  well  ","has"," been disused"
"americansc.org.uk",". "" The  canal  ","has"," now also"
"americansc.org.uk","  generations  ","has"," gone by the"
"americansc.org.uk","The whole  area  ","has"," changed"
"americansc.org.uk","the  well  ","has"," been"
"eng.bham.ac.uk","unique  conga  ","has"," spiced every"
"swiftmedical.co.uk","old craft  area  ","has"," been"
"saferhealthcare.org.uk"," ","has"," been"
"saferhealthcare.org.uk",". A  profile  ","has"," to be written"
"saferhealthcare.org.uk","a new  award  ","has"," its learning"
"travel.timesonline.co.uk","good of  poetry  ","has"," come to be an"
"travel.timesonline.co.uk","what a  poet  ","has"," to say about"
"wasteonline.org.uk","the  project  ","has"," been unable to"
"wasteonline.org.uk","the  project  ","has"," provided. We"
"chrishardy.co.uk"," ","has"," been made"
"chrishardy.co.uk","XSL user  agent  ","has"," therefore"
"chrishardy.co.uk","the user  agent  ","has"," to map ''dc."
"libertas.demon.co.uk","  products  ","has"," also been"
"libertas.demon.co.uk","  study  ","has"," shown that:"
"marquee.demon.co.uk","gene  therapy  ","has"," no sooner been"
"marquee.demon.co.uk","cause  cancer  ","has"," been"
"henleyrugbyclub.org.uk","London  region  ","has"," the broadest"
"henleyrugbyclub.org.uk","although a  lot  ","has"," been achieved"
"henleyrugbyclub.org.uk",".  Progress  ","has"," been made in a"
"henleyrugbyclub.org.uk","from the  CIPD  ","has"," shown that it"
"realgap.co.uk","the  research  ","has"," to be"
"realgap.co.uk",". The  work  ","has"," been"
"linuxformat.co.uk","the  spring  ","has"," hitherto"
"linuxformat.co.uk","  archway  ","has"," been built"
"fairplay.co.uk",": The  game  ","has"," a â? ?timedâ? ?"
"societies.ncl.ac.uk","  clothes  ","has"," been seen by a"
"societies.ncl.ac.uk","the  horse  ","has"," bolted "". In"
"david.dupplaw.me.uk","  something  ","has"," been lost in"
"st-edmunds.cam.ac.uk",". Each  player  ","has"," three lives ("
"st-edmunds.cam.ac.uk","(after the  box  ","has"," been shaken"
"recordsmanagement.ed.ac.uk","  application  ","has"," a list of"
"recordsmanagement.ed.ac.uk",". If the  text  ","has"," a { { image:"
"nfrc.co.uk"," ","has"," extended to"
"nfrc.co.uk","  splitting  ","has"," been"
"nfrc.co.uk","if the  signal  ","has",""
"friendsreunitedjobs.co.uk","in  pastry  ","has"," appeared in"
"friendsreunitedjobs.co.uk","butter  pastry  ","has"," a buttery,"
"qaa.ac.uk","folk  wisdom  ","has"," been lost from"
"qaa.ac.uk","  everything  ","has"," its time and"
"byzantium.ac.uk","  material  ","has"," been included"
"byzantium.ac.uk","that  number  ","has"," risen by a"
"byzantium.ac.uk","canal  network  ","has"," been unveiled"
"byzantium.ac.uk","  settlement  ","has"," been"
"byzantium.ac.uk","of  explorers  ","has"," discovered an"
"byzantium.ac.uk","of his  trade  ","has"," completed"
"byzantium.ac.uk","our way of  life  ","has"," reflected our"
"byzantium.ac.uk","  sun  ","has"," led to one of"
"theurbangarden.co.uk","  office  ","has"," admitted that"
"libdemsalter.org.uk","in web  apps  ","has"," taken the"
"hull.ac.uk","  advice  ","has"," been"
"hull.ac.uk","intended  trip  ","has"," been delayed"
"hull.ac.uk","this  problem  ","has"," been dealt"
"worshipacademy.co.uk","  crime  ","has"," continued"
"techscribe.co.uk",". The  group  ","has"," been headed by"
"truefreedomtrust.co.uk","office  store  ","has"," the Epson 4490"
"tonykline.co.uk",". The  watch  ","has"," been"
"tonykline.co.uk",". The  watch  ","has"," blue wax"
"webjcli.ncl.ac.uk","student  work  ","has"," been"
"walsinghamanglican.org.uk","this  luck  ","has"," come to me"
"william-shakespeare.classic-literature.co.uk","far the  advice  ","has"," ranged from"
"macrobiotics.co.uk","two  years  ","has"," been"
"macrobiotics.co.uk",". The  stomach  ","has"," cells which"
"macrobiotics.co.uk","  oesophagitis  ","has"," small"
"macrobiotics.co.uk","  review  ","has"," shown that"
"macrobiotics.co.uk","these  groups  ","has"," been done by"
"macrobiotics.co.uk","  population  ","has"," heartburn at"
"macrobiotics.co.uk","the  community  ","has"," been"
"macrobiotics.co.uk","  study  ","has"," shown healing"
"suffolkchurches.co.uk","this  well  ","has"," now been"
"mikedolbear.co.uk","all. The  level  ","has"," almost no"
"christis.org.uk",",  metaphor  ","has"," been"
"christis.org.uk",". The  system  ","has"," learned from"
"travel.ciao.co.uk","in  command  ","has"," claimed this"
"eprints.gla.ac.uk","  work  ","has"," continued"
"eprints.gla.ac.uk","work to  date  ","has"," included a"
"eprints.gla.ac.uk",", the  theatre  ","has"," been ably"
"eprints.gla.ac.uk","  management  ","has"," been"
"offthekerb.co.uk","  management  ","has"," seen"
"offthekerb.co.uk","  filter  ","has"," been"
"cpgb.org.uk","''  predictions  ","has"," been seized on"
"cpgb.org.uk","the  industry  ","has"," faced a"
"cpgb.org.uk",". No  medium  ","has"," ever"
"cpgb.org.uk","that the  net  ","has"," some very"
"cpgb.org.uk","  access  ","has"," arrived, even"
"cpgb.org.uk","that  everyone  ","has"," access to"
"cpgb.org.uk","kind of  news  ","has"," become a"
"cpgb.org.uk","for  survival  ","has"," changed"
"durham21.co.uk","that the  brand  ","has"," not been"
"durham21.co.uk","and  retailers  ","has"," provided"
"durham21.co.uk",".  Industry  ","has"," informed"
"durham21.co.uk","of this  survey  ","has"," been placed in"
"commentisfree.guardian.co.uk","  region  ","has"," to offer, and"
"commentisfree.guardian.co.uk","for  quality  ","has"," brought"
"racoon.dircon.co.uk","of the  war  ","has"," died."
"racoon.dircon.co.uk","''s  campaign  ","has"," been, Haig"
"racoon.dircon.co.uk","guilty  secret  ","has"," blighted"
"racoon.dircon.co.uk","  hardship  ","has"," been heaped"
"racoon.dircon.co.uk","UK  government  ","has"," persistently"
"i-sis.org.uk","over the  years  ","has"," helped many to"
"bl.uk","of  pounds  ","has"," been"
"caj.org.uk","  record  ","has"," grown. One"
"caj.org.uk","  resources  ","has"," significant"
"caj.org.uk","  resources  ","has"," grown and"
"caj.org.uk","  need  ","has"," become clear,"
"caj.org.uk","a  library  ","has"," terminated a"
"caj.org.uk","time.  Portico  ","has"," secured"
"caj.org.uk","  libraries  ","has"," also been"
"treehuggermums.co.uk","that  nothing  ","has"," really"
"nms.ac.uk","basic  model  ","has"," so much"
"nms.ac.uk","what a  person  ","has"," connected to"
"scottishcorpus.ac.uk",", this  level  ","has"," some -marked-"
"scottishcorpus.ac.uk","this  level  ","has"," only 50"
"hyp.ac.uk","the  message  ","has"," come from you"
"ulsterbank.co.uk","that the  world  ","has"," always"
"hfstephens-museum.org.uk","  heroine  ","has"," to discover. ["
"hfstephens-museum.org.uk","  orientalism  ","has"," amply shown"
"hfstephens-museum.org.uk","  literature  ","has"," been amply"
"hfstephens-museum.org.uk","of the  time  ","has"," not received"
"hfstephens-museum.org.uk",",  nostalgia  ","has"," two sets of"
"hfstephens-museum.org.uk","  everything  ","has"," drastically"
"hfstephens-museum.org.uk","exile at  home  ","has"," been seen as"
"hfstephens-museum.org.uk","  analysis  ","has"," re-inscribed"
"hansardsociety.org.uk","a small  planet  ","has"," a magnetic"
"waterfowl.org.uk","the  athlete  ","has"," a good solid"
"waterfowl.org.uk","the  athlete  ","has"," a good knee"
"waterfowl.org.uk",", the  athlete  ","has"," to work a lot"
"waterfowl.org.uk","''s  body  ","has"," learnt to cope"
"henryjames.org.uk","the  title  ","has"," several"
"henryjames.org.uk","This same  book  ","has"," affectionate"
"henryjames.org.uk","of the  world  ","has"," its smelly day"
"traveleditions.co.uk","this  business  ","has"," produced. '' ''"
"racoon.dircon.co.uk",", the  castle  ","has"," more recently"
"racoon.dircon.co.uk","  area  ","has"," much to offer"
"southernwater.co.uk","the  bike  ","has"," futuristic"
"southernwater.co.uk","mean the  bike  ","has",""
"lbp.police.uk",". The  picture  ","has"," been sold to a"
"chamberonline.co.uk","this  software  ","has"," been"
"pda.skymarket.co.uk",". This  track  ","has"," a lap record of"
"nln.ac.uk","of the  pilot  ","has"," shown that the"
"nwbrown.co.uk","  councillor  ","has"," criticised"
"nwbrown.co.uk","  £200,000  ","has"," been ordered"
"nwbrown.co.uk","police  chief  ","has"," said his force"
"nwbrown.co.uk","11:15 A  row  ","has"," blown up over a"
"nwbrown.co.uk","  creature  ","has"," not been"
"www2.bioch.ox.ac.uk","that  country  ","has"," not"
"traveleditions.co.uk","10 to 3  days  ","has"," freed up"
"traveleditions.co.uk",""" The  solution  ","has"," freed up"
"traveleditions.co.uk","? The  project  ","has"," resulted in"
"traveleditions.co.uk","  process  ","has"," been reduced"
"saferworld.org.uk","  government  ","has"," been betrayed"
"saferworld.org.uk","that  excuse  ","has"," gone for the"
"saferworld.org.uk","  movement  ","has"," given birth so"
"saferworld.org.uk","  production  ","has"," halved and"
"saferworld.org.uk"," ","has"," halted _"
"saferworld.org.uk","  process  ","has"," failed"
"saferworld.org.uk","  Conference  ","has"," responded to"
"swanseahistoryweb.org.uk","the  cluster  ","has"," grown to a"
"landscapingpavingstone.co.uk","the  library  ","has"," nearly 300"
"landscapingpavingstone.co.uk","  collection  ","has"," application"
"webuser.co.uk","her  resturant  ","has"," been there of"
"canalmuseum.org.uk","that no  study  ","has"," yet been"
"canalmuseum.org.uk","Each  sentence  ","has"," been parsed at"
"lucas.ucs.ed.ac.uk","720p  standard  ","has"," just a 56 %"
"sochealth.co.uk","made, the  lead  ","has"," to be taken by"
"wholesaleknives.co.uk",". This  journal  ","has"," always"
"wholesaleknives.co.uk","the  truth  ","has"," got its socks"
"renux.dmed.ed.ac.uk","each  refugee  ","has"," given up so"
"wardle.demon.co.uk","  team  ","has"," been drafted"
"severnprint.co.uk","the  student  ","has"," taken time to"
"www2.essex.ac.uk","  expectation  ","has"," been building"
"spotlightministries.org.uk","  government  ","has"," made teacher"
"spotlightministries.org.uk","  education  ","has"," been"
"spotlightministries.org.uk","etc. The  study  ","has"," been"
"spotlightministries.org.uk",". Each  school  ","has"," a ´ Professor"
"spotlightministries.org.uk","This  material  ","has"," been designed"
"spotlightministries.org.uk","last  decade  ","has"," meant the"
"spotlightministries.org.uk","of  education  ","has"," been buried in"
"spotlightministries.org.uk","  students  ","has"," become more"
"socialistparty.org.uk","Book  History  ","has"," led in recent"
"supportunit.co.uk","that my  head  ","has"," grown a bit"
"supportunit.co.uk","fixture  list  ","has"," just been"
"dcode.co.uk","then your  time  ","has"," come. more"
"dcode.co.uk","  ball  ","has"," been"
"medacs.co.uk","three  sources  ","has"," been reduced."
"medacs.co.uk",", 44 The  JFSSG  ","has"," previously"
"3trpd.co.uk","the  document  ","has"," been prepared"
"3trpd.co.uk","  paragraph  ","has"," been tailored"
"3trpd.co.uk","by this  DID  ","has"," been"
"woodentoys-uk.co.uk","it the  time  ","has"," come for the"
"cerddystwyth.co.uk","  progress  ","has"," been the"
"cerddystwyth.co.uk","  efficiency  ","has"," to be quite"
"leaddiscovery.co.uk",", the  format  ","has"," many"
"computerperformance.co.uk","  format  ","has"," great"
"computerperformance.co.uk","and a  plan  ","has"," been prepared"
"spot-on-sundials.co.uk","of  practice  ","has"," emerged. One"
"spot-on-sundials.co.uk","  management  ","has"," a crucial role"
"spot-on-sundials.co.uk","that  progress  ","has"," been made on"
"spot-on-sundials.co.uk",". This in  turn  ","has"," made the"
"spot-on-sundials.co.uk","This  approach  ","has"," been"
"spot-on-sundials.co.uk","This  approach  ","has"," been"
"spot-on-sundials.co.uk","  relations  ","has"," been an"
"spot-on-sundials.co.uk","for each.  EMU  ","has"," four"
"spot-on-sundials.co.uk","  traditions  ","has"," three"
"spot-on-sundials.co.uk","that the  theme  ","has"," a distinctive"
"spot-on-sundials.co.uk","  model  ","has"," given rise to a"
"spot-on-sundials.co.uk","  point  ","has"," to focus on the"
"spot-on-sundials.co.uk",".  progression  ","has"," implications"
"spot-on-sundials.co.uk",". The  latter  ","has"," not been part"
"spot-on-sundials.co.uk","  curriculum  ","has"," been"
"spot-on-sundials.co.uk",". This in  turn  ","has"," given rise to a"
"spot-on-sundials.co.uk","  criticism  ","has"," been that the"
"spot-on-sundials.co.uk","  framework  ","has"," helped"
"spot-on-sundials.co.uk","clear  agenda  ","has"," emerged. It"
"spot-on-sundials.co.uk","  chapter  ","has"," highlighted"
"spot-on-sundials.co.uk","  confusion  ","has"," existed"
"spot-on-sundials.co.uk","  attention  ","has"," been given to"
"spot-on-sundials.co.uk","  curriculum  ","has"," important"
"spot-on-sundials.co.uk","  framework  ","has"," become"
"spot-on-sundials.co.uk","the  Principal  ","has"," a particular"
"spot-on-sundials.co.uk","the  school  ","has"," a positive"
"spot-on-sundials.co.uk","this  increase  ","has"," continued"
"spot-on-sundials.co.uk","every  pupil  ","has"," the"
"spot-on-sundials.co.uk","an  evaluation  ","has"," taken place ("
"spot-on-sundials.co.uk","  government  ","has"," now promised a"
"spot-on-sundials.co.uk","  organisation  ","has"," been"
"spot-on-sundials.co.uk","the  sector  ","has"," particular"
"spot-on-sundials.co.uk","the  1980s  ","has"," supported the"
"spot-on-sundials.co.uk",". Similar  work  ","has"," also evolved"
"spot-on-sundials.co.uk","). The  picture  ","has"," changed in"
"spot-on-sundials.co.uk",". This  group  ","has"," drawn up a"
"spot-on-sundials.co.uk","  provision  ","has"," been reduced."
"spot-on-sundials.co.uk","  experience  ","has"," been built up"
"spot-on-sundials.co.uk","the  system  ","has"," emerged. The"
"spot-on-sundials.co.uk","the  school  ","has"," implemented"
"spot-on-sundials.co.uk","what  progress  ","has"," been made to"
"spot-on-sundials.co.uk","  Reports  ","has"," been"
"spot-on-sundials.co.uk","  research  ","has"," concentrated"
"spot-on-sundials.co.uk","to  evaluation  ","has"," been"
"spot-on-sundials.co.uk","what  progress  ","has"," been made to"
"spot-on-sundials.co.uk","This  project  ","has"," not been a"
"spot-on-sundials.co.uk","  evaluation  ","has"," been"
"spot-on-sundials.co.uk","  framework  ","has"," helped"
"spot-on-sundials.co.uk","clear  agenda  ","has"," emerged. It"
"spot-on-sundials.co.uk","  curriculum  ","has"," important"
"spot-on-sundials.co.uk","  framework  ","has"," become"
"spot-on-sundials.co.uk","the  system  ","has"," emerged. The"
"spot-on-sundials.co.uk","what  progress  ","has"," been made to"
"curve.org.uk"," ","has"," demonstrated"
"curve.org.uk","for  years  ","has"," sought to"
"curve.org.uk","Jewish  money  ","has"," long gone"
"mayfairschool.co.uk","of the  soil  ","has"," a huge effect"
"mayfairschool.co.uk","  matter  ","has"," an effect as"
"ironmountain.co.uk","and  language  ","has"," always been a"
"ironmountain.co.uk","  department  ","has"," a classical"
"redsevenleisure.co.uk","it. Each  turn  ","has"," multiple"
"redsevenleisure.co.uk","- each  amoeba  ","has"," a number on"
"redsevenleisure.co.uk","  version  ","has"," an expansion"
"redsevenleisure.co.uk",", the  rulebook  ","has"," large pages"
"redsevenleisure.co.uk","well. Each  die  ","has"," one or more"
"redsevenleisure.co.uk",". Each  hero  ","has"," a wound rating"
"redsevenleisure.co.uk","  character  ","has"," a panic value ("
"redsevenleisure.co.uk","  series  ","has"," continued in"
"redsevenleisure.co.uk","After a  player  ","has"," performed as"
"redsevenleisure.co.uk","when a  player  ","has"," constructed a"
"thomsonfoundation.org.uk"," ","has"," produced"
"fabian-society.org.uk",") and the  seat  ","has"," cross legs a"
"fabian-society.org.uk","  mine  ","has"," been. I can now"
"fabian-society.org.uk","how the  seat  ","has"," cross legs"
"fabian-society.org.uk","your  advice  ","has"," been a great"
"clinical-depression.co.uk","of his  work  ","has"," been based"
"nfms.org.uk","This  progress  ","has"," been due to her"
"nfms.org.uk","best  practice  ","has"," been"
"nfms.org.uk","of  training  ","has"," often been"
"nfms.org.uk",". The  team  ","has"," already"
"nfms.org.uk","  assistants  ","has"," developed a"
"nfms.org.uk",".  Inclusion  ","has"," meant new and"
"cus.cam.ac.uk","  preacher  ","has"," her convinced"
"salfordsoftware.co.uk","Models of  care  ","has"," the same"
"salfordsoftware.co.uk","Models of  care  ","has"," been the"
"salfordsoftware.co.uk","care  project  ","has"," also been"
"nln.ac.uk","the  shock  ","has"," worn off), is"
"nln.ac.uk","in  thinking  ","has"," literally"
"pda.skymarket.co.uk",", the  machine  ","has"," completely"
"pda.skymarket.co.uk","''s  input  ","has"," no effect"
"ppu.org.uk","and our  faith  ","has"," since then"
"ppu.org.uk",", "" your  faith  ","has"," saved you. We"
"ppu.org.uk","Your  daughter  ","has"," died, why"
"mayfairschool.co.uk","? One  theory  ","has"," it that Judas"
"spotlightministries.org.uk","this  year  ","has"," been"
"spotlightministries.org.uk","working  party  ","has"," identified"
"network-theory.co.uk",". NHS  culture  ","has"," been created"
"network-theory.co.uk",". The  culture  ","has"," blocked,"
"network-theory.co.uk","  group  ","has"," its own"
"network-theory.co.uk",". NHS  culture  ","has"," been created"
"www-embio.ch.cam.ac.uk","''s  economy  ","has"," been growing"
"www-embio.ch.cam.ac.uk",". "" The  company  ","has"," been a"
"www-embio.ch.cam.ac.uk","the  tsunami  ","has"," devoted a"
"stanza.co.uk","club  magazine  ","has"," in the movie"
"sasdaniels.co.uk",". The  temple  ","has"," both strong"
"sasdaniels.co.uk",". The  pediment  ","has"," some kind of"
"fengshui-ci.co.uk","the  benefice  ","has"," been held with"
"dailyreckoning.co.uk","  community  ","has"," been"
"www2.chch.ox.ac.uk","that  someone  ","has"," died, or have"
"www2.chch.ox.ac.uk",". The  reporter  ","has"," limited"
"redisland.co.uk","the  machine  ","has"," to take to pay"
"redisland.co.uk",".  FairPlay  ","has"," already"
"link2wales.co.uk","  Principality  ","has"," been more"
"link2wales.co.uk","? mad  ambition  ","has"," ceased to rage"
"renux.dmed.ed.ac.uk","  favourite  ","has"," been"
"renux.dmed.ed.ac.uk","!  ICONS  ","has"," really"
"dl.ac.uk","this of  course  ","has"," now been"
"highlandwoodenergy.co.uk","  education  ","has"," a vital role to"
"kahun.man.ac.uk","in  euro  ","has"," been critical"
"kahun.man.ac.uk","new  currency  ","has"," been an"
"kahun.man.ac.uk","  currency  ","has"," undoubtedly"
"charity-commission.gov.uk","your  payment  ","has"," been received"
"pponline.co.uk","  fervour  ","has"," fostered"
"landscapingpavingstone.co.uk","  management  ","has"," been key."
"apcims.co.uk","an  offence  ","has"," been"
"washerhelp.co.uk","  government  ","has"," been saying"
"washerhelp.co.uk","  news  ","has"," been the"
"washerhelp.co.uk","  policy  ","has"," been put on"
"washerhelp.co.uk","  element  ","has"," gone off. And"
"washerhelp.co.uk","the  mandarin  ","has"," been resolved"
"washerhelp.co.uk","  smugglers  ","has"," impounded 24"
"washerhelp.co.uk","[ ''The  court  ","has"," already put"
"spahill.org.uk",". The  latter  ","has"," allowed young"
"bulletproofcupid.co.uk","rich  country  ","has"," become a"
"bulletproofcupid.co.uk","  population  ","has"," become"
"bulletproofcupid.co.uk","  something  ","has"," gone"
"croydon-tramlink.co.uk","the  product  ","has"," not been used"
"masud.co.uk","A-Z  listing  ","has"," been very"
"masud.co.uk","and  effort  ","has"," been well"
"masud.co.uk","  server  ","has"," contributed"
"bliki.salamandersoftware.co.uk","that  time  ","has"," gone way too"
"bliki.salamandersoftware.co.uk","in a WP  offline  ","has"," many"
"cotnet.co.uk","postcode  data  ","has"," been supplied"
"watercressline.co.uk","an  upgrade  ","has"," been"
"cmis.brighton.ac.uk",". The Swift  rod  ","has"," a deep, dark"
"cmis.brighton.ac.uk",". The reel  seat  ","has"," a carbon"
"kbnet.co.uk","the  document  ","has"," been prepared"
"kbnet.co.uk","  paragraph  ","has"," been tailored"
"kbnet.co.uk","by this  DID  ","has"," been"
"socialistparty.org.uk","  church  ","has"," spawned an"
"socialistparty.org.uk","Forest  case  ","has"," divided"
"hfstephens-museum.org.uk","  movement  ","has"," not done is to"
"hfstephens-museum.org.uk","that the  war  ","has"," been"
"hfstephens-museum.org.uk","the  economy  ","has"," been"
"hfstephens-museum.org.uk","the  country  ","has"," proved itself"
"hfstephens-museum.org.uk","  business  ","has"," key role to"
"hfstephens-museum.org.uk","that "" The  army  ","has","n''t even been"
"hfstephens-museum.org.uk","What  universe  ","has"," Richard"
"hfstephens-museum.org.uk","  collection  ","has"," been saved ] *"
"hfstephens-museum.org.uk","this  question  ","has"," now changed."
"hfstephens-museum.org.uk","that  body  ","has"," ever passed ("
"hfstephens-museum.org.uk","  competition  ","has"," been tough). I"
"hfstephens-museum.org.uk","some  access  ","has"," since been"
"hfstephens-museum.org.uk","Iraq  crisis  ","has"," demonstrated"
"hfstephens-museum.org.uk","  factory  ","has"," gone the way of"
"manpower.co.uk","? | My  order  ","has"," arrived, but"
"naworth.co.uk","  harvesting  ","has"," to be done for"
"naworth.co.uk",".  i-Tor  ","has"," the advantage"
"naworth.co.uk","DARE  partner  ","has"," developed"
"naworth.co.uk",",  everyone  ","has"," experienced"
"naworth.co.uk","  library  ","has"," started a"
"naworth.co.uk","each  party  ","has"," to comply, and"
"naworth.co.uk","his  solution  ","has"," only been"
"naworth.co.uk","its  creator  ","has"," proved to be"
"naworth.co.uk","  experience  ","has"," shown a"
"naworth.co.uk",". DARE ''s  focus  ","has"," been on this"
"tasi.ac.uk","and the  city  ","has"," been recently"
"tasi.ac.uk","type of  booze  ","has"," a beneficial"
"transport2000.org.uk","  programme  ","has"," contributed"
"transport2000.org.uk","  distribution  ","has"," changed from"
"lmu.ac.uk","of this  study  ","has"," been is to"
"lmu.ac.uk","each  location  ","has"," multiple"
"lmu.ac.uk","this  surface  ","has"," a value"
"redsevenleisure.co.uk","  windshield  ","has"," been sliced"
"redsevenleisure.co.uk","  gearbox  ","has"," been made"
"glassblockoutlet.co.uk",". The  vessel  ","has"," a maximum"
"twistednerve.co.uk",", this  project  ","has"," been funded to"
"twistednerve.co.uk","this  project  ","has"," been to"
"twistednerve.co.uk",". The  project  ","has"," been"
"twistednerve.co.uk",". This  report  ","has"," concluded"
"twistednerve.co.uk",". This  project  ","has"," demonstrated"
"twistednerve.co.uk","each  school  ","has"," a policy with"
"twistednerve.co.uk","each  pupil  ","has"," a planned"
"oucs.ox.ac.uk","Alaska  page  ","has"," some"
"oucs.ox.ac.uk","Moose  site  ","has"," some cool"
"cumbriacc.gov.uk","the c5-c6  disk  ","has"," prolapsed."
"cumbriacc.gov.uk","? My  husband  ","has"," bad spinal"
"cumbriacc.gov.uk","my  husband  ","has"," spinal issues"
"transcomm.ox.ac.uk",". Each  thread  ","has"," acquired one"
"transcomm.ox.ac.uk","second  thread  ","has"," acquired the"
"transcomm.ox.ac.uk","if some  data  ","has"," been sent to"
"transcomm.ox.ac.uk","click  handler  ","has"," finished. And"
"transcomm.ox.ac.uk",", this  example  ","has"," two"
"glassblockoutlet.co.uk",". "" The  weight  ","has"," been an issue"
"glassblockoutlet.co.uk",". "" The  problem  ","has"," been keeping"
"glassblockoutlet.co.uk","  preparation  ","has"," had to take"
"yealm-holidays.co.uk","my  study  ","has"," been based in"
"dcs.qmul.ac.uk","the  copyright  ","has"," the exclusive"
"undiscoveredscotland.co.uk","the  country  ","has"," been exposed"
"www-sedgwick.esc.cam.ac.uk","world of  work  ","has"," changed. So"
"www-sedgwick.esc.cam.ac.uk","  productivity  ","has"," consistently"
"cs.bham.ac.uk","the  complaint  ","has"," been made the"
"cs.bham.ac.uk","the  complaint  ","has"," been made."
"cs.bham.ac.uk","the  complaint  ","has"," been made, the"
"cs.bham.ac.uk","the  complaint  ","has"," been made. If"
"cs.bham.ac.uk","  complainant  ","has"," taken all"
"cs.bham.ac.uk","the  complaint  ","has"," been made and"
"cs.bham.ac.uk","the  appeal  ","has"," been"
"growell.co.uk","  broadband  ","has"," matured with"
"bupa.co.uk",": This  page  ","has"," been"
"bupa.co.uk","time a FOI  bill  ","has"," received such"
"bupa.co.uk"," ","has"," not been"
"lentontimes.co.uk","  present  ","has"," a thread in"
"lentontimes.co.uk","  consensus  ","has"," emerged from"
"bfi.org.uk:8080","if a  technique  ","has"," an effect"
"bfi.org.uk:8080","where  class  ","has"," been alleged"
"bfi.org.uk:8080","a  minority  ","has",", only because"
"bfi.org.uk:8080","PR, no  party  ","has"," a majority,"
"bfi.org.uk:8080","  politics  ","has"," been the role"
"bfi.org.uk:8080","party  system  ","has"," revolved"
"bfi.org.uk:8080","  compromise  ","has"," also had a"
"bfi.org.uk:8080","  society  ","has"," nothing to do"
"bfi.org.uk:8080",".  Everything  ","has"," not been tried"
"bfi.org.uk:8080","  reform  ","has"," been"
"headheritage.co.uk",". This  system  ","has"," been used for"
"headheritage.co.uk","  porphyrin  ","has"," been"
"headheritage.co.uk","). This  dyad  ","has"," been"
"headheritage.co.uk","  dyad  ","has"," been"
"headheritage.co.uk"," ","has"," been"
"headheritage.co.uk","and  myoglobin  ","has"," been"
"headheritage.co.uk","urea  fragment  ","has"," been equipped"
"ics.leeds.ac.uk","  area  ","has"," much to offer"
"tate.org.uk"," ","has"," been defined"
"tate.org.uk","  system  ","has"," been adopted,"
"tate.org.uk",")  decision  ","has"," to be made"
"tate.org.uk","of  techniques  ","has"," arisen from"
"phrases.org.uk","  sexuality  ","has"," left him"
"phrases.org.uk",", and no  beast  ","has"," sprung in his"
"www-jcsu.jesus.cam.ac.uk","  perfection  ","has"," long since"
"www-jcsu.jesus.cam.ac.uk",",  man  ","has"," been"
"www-jcsu.jesus.cam.ac.uk",".  Horology  ","has"," also brought"
"poetrysociety.org.uk","over 16  years  ","has"," practised in"
"poetrysociety.org.uk","  management  ","has"," spanned"
"shef.ac.uk","If  anyone  ","has"," any smart"
"shef.ac.uk","  mantelpiece  ","has"," gone, and a"
"shef.ac.uk",", and a  stove  ","has"," been"
"shef.ac.uk","  copy  ","has"," *not* been"
"mygen.co.uk","  provision  ","has"," better"
"www2.thny.bbc.co.uk","an  employer  ","has"," failed to"
"www2.thny.bbc.co.uk","an  employer  ","has"," held a valid"
"www2.thny.bbc.co.uk","an  employer  ","has"," failed to"
"headheritage.co.uk","that the  state  ","has"," the"
"headheritage.co.uk",". The  program  ","has"," as its primary"
"headheritage.co.uk","  education  ","has"," been the"
"ff1600.co.uk","Which  group  ","has"," gained the"
"ff1600.co.uk","? | Which  group  ","has"," gained the"
"ff1600.co.uk","? | Which  group  ","has"," gained the"
"ff1600.co.uk","? | Which  group  ","has"," gained the"
"ff1600.co.uk","of the  targets  ","has"," changed: Tax"
"ff1600.co.uk","  demand  ","has"," changed by for"
"prospect-magazine.co.uk","that  research  ","has"," indeed"
"prospect-magazine.co.uk","that  anybody  ","has"," thought of it,"
"prospect-magazine.co.uk","whose  time  ","has"," not yet come."
"prospect-magazine.co.uk","Some  research  ","has"," been poorly"
"prospect-magazine.co.uk","  conflict  ","has"," had little"
"bfi.org.uk:8080","an  experience  ","has"," been valuable"
"lentontimes.co.uk","  Government  ","has"," decided to"
"cru.uea.ac.uk","indoor  rowing  ","has"," become part"
"www-sedgwick.esc.cam.ac.uk","  intervention  ","has"," little to"
"www-sedgwick.esc.cam.ac.uk","the  specialty  ","has"," increased by"
"www-sedgwick.esc.cam.ac.uk","  medicine  ","has"," risen from"
"www-sedgwick.esc.cam.ac.uk","patient  care  ","has"," been severely"
"www-sedgwick.esc.cam.ac.uk","care  medicine  ","has"," been largely a"
"www-sedgwick.esc.cam.ac.uk","  initiative  ","has"," largely"
"ess.uwe.ac.uk",". Each  section  ","has"," a definition"
"hud.ac.uk","  frame  ","has"," thresholds"
"bbk.ac.uk","and  badges  ","has"," expanded its"
"i-sis.org.uk","local  police  ","has"," been reached,"
"i-sis.org.uk","  groups  ","has"," been more in"
"bfi.org.uk:8080","  Everyone  ","has"," heard of the"
"freedomministries.org.uk","  neighbours  ","has"," been the focus"
"freedomministries.org.uk","  level  ","has"," been the focus"
"freedomministries.org.uk","'' of  voting  ","has"," considered"
"freedomministries.org.uk","the  network  ","has"," grown to over"
"freedomministries.org.uk","the  database  ","has"," gone live! It"
"broadcaster.org.uk","and  authors  ","has"," recently"
"broadcaster.org.uk","  community  ","has"," weapons"
"chox.org.uk","talk show  host  ","has"," always"
"arts.guardian.co.uk","  interface  ","has"," its own clock"
"arts.guardian.co.uk","some  station  ","has"," matched the"
"arts.guardian.co.uk","some  station  ","has"," copied the"
"netribution.co.uk","Shopping.  com  ","has"," found a store"
"netribution.co.uk","Shopping.  com  ","has"," developed"
"headheritage.co.uk","  Government  ","has"," strongly"
"journalonline.co.uk","and  systems  ","has"," allowed the"
"journalonline.co.uk","data. The  WHT  ","has"," an excellent"
"wessexscene.co.uk","  committee  ","has"," not called for"
"gfdl.marxists.org.uk"," ","has"," occurred in"
"burnyourbonus.co.uk","  treatment  ","has"," been created"
"burnyourbonus.co.uk","Other  funding  ","has",", and"
"burnyourbonus.co.uk","  treatment  ","has"," been heavily"
"burnyourbonus.co.uk","and  others  ","has"," been to"
"burnyourbonus.co.uk",". Drug  misuse  ","has"," been called a"
"burnyourbonus.co.uk","  treatment  ","has"," been"
"i-sis.org.uk","''s  ribbons  ","has"," been informed"
"spartacus.schoolnet.co.uk","  experiment  ","has"," to consist in"
"spartacus.schoolnet.co.uk","  discussion  ","has"," been confined"
"spartacus.schoolnet.co.uk","new  building  ","has"," to be close to"
"spartacus.schoolnet.co.uk","current  site  ","has"," no central"
"spartacus.schoolnet.co.uk","why the  budget  ","has"," been set so low"
"spartacus.schoolnet.co.uk","  sensitivity  ","has"," been"
"spartacus.schoolnet.co.uk","that  decision  ","has"," been fully"
"spartacus.schoolnet.co.uk","  projects  ","has"," given CS staff"
"spartacus.schoolnet.co.uk","  funding  ","has"," indeed been"
"spartacus.schoolnet.co.uk","this  country  ","has"," been slow to"
"spartacus.schoolnet.co.uk","  activity  ","has"," grown and has"
"spartacus.schoolnet.co.uk","  funding  ","has"," often"
"jr2.ox.ac.uk","of  inclusion  ","has"," been blowing"
"jr2.ox.ac.uk","and  schools  ","has"," grown"
"jr2.ox.ac.uk","  teacher  ","has"," apologised"
"jr2.ox.ac.uk","how  effective  ","has"," this sort of"
"jr2.ox.ac.uk","''  consultant  ","has"," the answers,"
"jr2.ox.ac.uk",", the  weather  ","has"," a strong"
"jr2.ox.ac.uk","  something  ","has"," been done..."
"jr2.ox.ac.uk","head  teacher  ","has"," agreed to"
"jr2.ox.ac.uk","  schools  ","has"," shown me that"
"jr2.ox.ac.uk","a  consultant  ","has"," gradually"
"jr2.ox.ac.uk","My  experience  ","has"," just provided"
"arts.guardian.co.uk","1993) The  RMSE  ","has"," a dimension of"
"arts.guardian.co.uk","  distribution  ","has"," formed the"
"arts.guardian.co.uk","  Discussion  ","has"," so far been"
"arts.guardian.co.uk","  model  ","has"," been built it"
"arts.guardian.co.uk","  displacement  ","has"," little effect"
"arts.guardian.co.uk","This  chapter  ","has"," demonstrated"
"nationalschool.gov.uk",". The  machine  ","has"," more than"
"users.ox.ac.uk","in this  case  ","has"," now (7"
"big-brother.me.uk","? If the  world  ","has"," indeed been"
"big-brother.me.uk","then  creation  ","has"," lost its"
"big-brother.me.uk","the  law  ","has"," been burned ("
"big-brother.me.uk","Adam  everyone  ","has"," an evil heart,"
"big-brother.me.uk","of the  text  ","has"," been widely"
"big-brother.me.uk","Adam  evil  ","has"," been in the"
"thegoodwebguide.co.uk","  headscarf  ","has"," been the"
"phrases.org.uk","; this  issue  ","has"," somewhat"
"phrases.org.uk",",  attention  ","has"," focused on"
"phrases.org.uk","  violence  ","has"," shadowed"
"phrases.org.uk","  schooling  ","has"," been"
"phrases.org.uk","  solution  ","has"," been"
"newhumanist.org.uk","999  calls  ","has"," gone up by a"
"baronage.co.uk",". (The  Editor  ","has"," asked me to be"
"ariadne.ac.uk","  conclusion  ","has"," been reached"
"broadcaster.org.uk","this  debacle  ","has"," had no other"
"broadcaster.org.uk",", the  gauntlet  ","has"," been thrown"
"paulflynnmp.co.uk","much good  work  ","has"," been done,"
"stalbans.gov.uk","in the  family  ","has"," necessitated"
"politics.guardian.co.uk","  university  ","has"," been a"
"politics.guardian.co.uk","  conferences  ","has"," also fallen"
"politics.guardian.co.uk","  isolation  ","has"," a negative"
"admin.cam.ac.uk","  innovation  ","has",", in some cases"
"screenonline.org.uk","of the  hazards  ","has"," already"
"screenonline.org.uk","all  biology  ","has"," been"
"passiondiscs.co.uk","  initiatives  ","has"," been the"
"passiondiscs.co.uk","of the  survey  ","has"," become quite"
"passiondiscs.co.uk","! The  project  ","has"," generated"
"jr2.ox.ac.uk","but  somone  ","has"," recommended"
"jr2.ox.ac.uk","  condition  ","has","n''t changed"
"jr2.ox.ac.uk",".  Acupuncture  ","has"," actually"
"wdm.org.uk","when the  kart  ","has"," sluggish"
"number-10.gov.uk","  presentation  ","has"," to include a"
"number-10.gov.uk"," ","has"," the ability to"
"number-10.gov.uk","this  body  ","has"," known depth it"
"opsi.gov.uk","parrots  head  ","has"," the official"
"defra.gov.uk","that his  fame  ","has"," made him, in"
"defra.gov.uk","""  stardom  ","has"," involved long"
"untoldlondon.org.uk","''s first  year  ","has"," established"
"hrionline.ac.uk","  section  ","has"," an 18th"
"birdtours.co.uk","food  shop  ","has"," refused to"
"city.ac.uk","the  ruling  ","has"," come in"
"city.ac.uk","  resistance  ","has"," also inspired"
"greenparty.org.uk","  statement  ","has"," been extended"
"greenparty.org.uk",". The  function  ","has"," one integer"
"shop.earthscan.co.uk","rural  path  ","has"," been rained"
"snh.org.uk","own. If  anyone  ","has",", or knows of,"
"discuss.pressgazette.co.uk","  reason  ","has"," to be the"
"bfi.org.uk:8080",", the  squadron  ","has"," filled posts"
"brookes.ac.uk",". '' ''The  museum  ","has"," been"
"brookes.ac.uk","  clothing  ","has"," been"
"lentontimes.co.uk","the  badger  ","has"," no natural"
"lentontimes.co.uk","as humane.  Man  ","has"," an obligation"
"lentontimes.co.uk"," ","has"," a detrimental"
"lentontimes.co.uk","the  quarry  ","has"," by now become a"
"lentontimes.co.uk","that the  hound  ","has"," over the fox."
"lentontimes.co.uk","that the  fox  ","has"," entered. A"
"lentontimes.co.uk","flock  member  ","has"," no more"
"lentontimes.co.uk","with  hounds  ","has",", at present, a"
"lentontimes.co.uk","  submission  ","has"," been"
"lentontimes.co.uk","after the  deer  ","has"," been cornered"
"eatwell.gov.uk","harm  test  ","has"," been dropped,"
"eatwell.gov.uk","  government  ","has"," now reverted"
"eatwell.gov.uk","a  department  ","has"," genuinely"
"eatwell.gov.uk","which  no-one  ","has"," asked for,"
"eatwell.gov.uk","an  authority  ","has"," no grounds to"
"eatwell.gov.uk","  government  ","has"," rejected the"
"eatwell.gov.uk","This  proposal  ","has"," been dropped,"
"eatwell.gov.uk","an  applicant  ","has"," requested, an"
"futurelab.org.uk","A JFSSG  survey  ","has"," been"
"futurelab.org.uk","exposure to  OA  ","has"," been"
"futurelab.org.uk","amount of  data  ","has"," been obtained"
"futurelab.org.uk","safety  issue  ","has"," been"
"futurelab.org.uk","  survey  ","has"," looked at OA"
"futurelab.org.uk","of this  survey  ","has"," been placed in"
"ff1600.co.uk","as all  text  ","has"," to be"
"ff1600.co.uk","  care  ","has"," to be taken to"
"english-heritage.org.uk",". The  agency  ","has"," already begun"
"paramedic.org.uk","  community  ","has"," so far been"
"paramedic.org.uk","Rule in 4QS MS  E  ","has"," a calendrical"
"www3.imperial.ac.uk","  uprising  ","has"," been"
"www3.imperial.ac.uk","  hazards  ","has"," surfaced:"
"lse.ac.uk","TV  career  ","has"," been just as"
"greenparty.org.uk","This  practice  ","has"," been the best"
"cygnus-books.co.uk","  event  ","has"," taken place."
"history.ac.uk","it! The  game  ","has"," all the"
"art-sx.co.uk","  angler  ","has"," the"
"psigate.ac.uk","that  support  ","has"," been obtained"
"psigate.ac.uk","the  company  ","has"," been hard hit"
"psigate.ac.uk","of GM  foods  ","has"," spread within"
"psigate.ac.uk","over 4  years  ","has"," once again"
"dur.ac.uk","  information  ","has"," been supplied"
"csae.ox.ac.uk","  institutions  ","has"," a separate"
"csae.ox.ac.uk",". The  academy  ","has"," thus"
"csae.ox.ac.uk","proposed  work  ","has"," not been"
"csae.ox.ac.uk","  academia  ","has"," a problem in"
"csae.ox.ac.uk","  performance  ","has"," all but"
"ariadne.ac.uk","  trial  ","has"," a fully"
"kwintessential.co.uk","  group  ","has"," said. (BBC"
"eprints.gla.ac.uk","that all  land  ","has"," been"
"eprints.gla.ac.uk","water  level  ","has"," widened the"
"eprints.gla.ac.uk","  silt  ","has"," slowly"
"eprints.gla.ac.uk","lake. The  lake  ","has"," floating"
"psigate.ac.uk","the maize  crop  ","has"," been compared"
"ippr.org.uk","  complexity  ","has"," been gained ("
"ippr.org.uk","of  religion  ","has"," been"
"og.dti.gov.uk","each  country  ","has"," its own. There"
"og.dti.gov.uk","years of  life  ","has"," been the cause"
"og.dti.gov.uk",". This  debate  ","has"," come from the"
"eprints.gla.ac.uk","hours  culture  ","has"," an impact on"
"iwar.org.uk",",  adjacency  ","has"," a horizontal"
"iwar.org.uk","the  person  ","has"," just said and"
"iwar.org.uk","no  evidence  ","has"," been found of"
"iwar.org.uk","  anything  ","has"," changed in"
"iwar.org.uk","  statement  ","has"," a forward,"
"iwar.org.uk","  adjective  ","has"," been "" thrown"
"kwintessential.co.uk",". Each  sport  ","has"," details of"
"ics.leeds.ac.uk",") The  station  ","has"," an active"
"ics.leeds.ac.uk","The  station  ","has"," an active"
"bubl.ac.uk","  music  ","has"," a long and"
"gfdl.marxists.org.uk",", and the  file  ","has"," an SUID or SGID"
"gfdl.marxists.org.uk","and the  file  ","has"," an SUID or SGID"
"gfdl.marxists.org.uk","on the  system  ","has"," been reached."
"gfdl.marxists.org.uk","The  process  ","has"," the maximum"
"durham21.co.uk","A new  survey  ","has"," suggested"
"durham21.co.uk","A new  service  ","has"," been launched"
"durham21.co.uk","phone  caller  ","has"," gone before"
"durham21.co.uk","the  globe  ","has"," been launched"
"durham21.co.uk",", the  company  ","has"," announced"
"durham21.co.uk","  service  ","has"," been fined"
"durham21.co.uk","A UK  company  ","has"," created a"
"durham21.co.uk","  operator  ","has"," launched a"
"durham21.co.uk","camera  phone  ","has"," a 16 million"
"blogs.guardian.co.uk",". The  land  ","has"," been churned"
"blogs.guardian.co.uk","  construction  ","has"," not been"
"blogs.guardian.co.uk",", his  company  ","has"," obtained, as"
"blogs.guardian.co.uk","20th  century  ","has"," been the"
"blogs.guardian.co.uk","for  uranium  ","has"," doubled in the"
"blogs.guardian.co.uk","own  reaction  ","has"," been only"
"blogs.guardian.co.uk","  movement  ","has"," won twice the"
"blogs.guardian.co.uk","the  president  ","has"," made the green"
"blogs.guardian.co.uk",", whose  budget  ","has"," to be"
"shef.ac.uk",". This  spring  ","has"," long borne the"
"lse.ac.uk",". "" My  position  ","has"," always been"
"cnetwork.co.uk",". The  AMN  ","has"," a British"
"cnetwork.co.uk","this  facility  ","has"," been home to a"
"cnetwork.co.uk","Maryland  pond  ","has"," been solved,"
"cnetwork.co.uk"," ","has"," transformed"
"big-brother.me.uk","on the  web  ","has"," increased"
"big-brother.me.uk",") This web  site  ","has"," been"
"big-brother.me.uk",", "" this  site  ","has"," interesting"
"big-brother.me.uk","  site  ","has"," news about new"
"big-brother.me.uk","This  site  ","has"," links to over"
"big-brother.me.uk","the index  page  ","has",""
"paulflynnmp.co.uk","''s  soundcard  ","has"," to follow"
"geos.ed.ac.uk","my  impatience  ","has"," shown its"
"geos.ed.ac.uk","that  sight  ","has"," faded from my"
"geos.ed.ac.uk","roots;  sleep  ","has"," left me; the"
"lentontimes.co.uk","? live ''  weapon  ","has"," a certain kind"
"lentontimes.co.uk","''; the  feeling  ","has"," an affective"
"growell.co.uk","  collection  ","has"," been arranged"
"spartacus.schoolnet.co.uk",". The  watch  ","has"," the bezel"
"spartacus.schoolnet.co.uk",". The  watch  ","has"," an ETA 2824-2"
"spartacus.schoolnet.co.uk",". The  watch  ","has"," the bezel"
"spartacus.schoolnet.co.uk",". This  model  ","has"," the capsule"
"spartacus.schoolnet.co.uk",". The  watch  ","has"," an ETA 2893-2"
"spartacus.schoolnet.co.uk",". This  watch  ","has"," it all. A"
"spartacus.schoolnet.co.uk",". The  watch  ","has"," a soft inner"
"spartacus.schoolnet.co.uk",", this  watch  ","has"," it all. A"
"spartacus.schoolnet.co.uk",". The  case  ","has"," a copper"
"spartacus.schoolnet.co.uk",". The  case  ","has"," a copper"
"spartacus.schoolnet.co.uk",". This  watch  ","has"," it all. A"
"spartacus.schoolnet.co.uk",". This  watch  ","has"," it all. A"
"spartacus.schoolnet.co.uk",". This  watch  ","has"," it all. A"
"iwar.org.uk","know my  health  ","has"," to come first"
"incore.ulst.ac.uk","  assignment  ","has"," exactly the"
"incore.ulst.ac.uk","Every  pointer  ","has"," one of the"
"incore.ulst.ac.uk","  variable  ","has"," both the"
"incore.ulst.ac.uk","was  aliasing  ","has"," disappeared,"
"incore.ulst.ac.uk","(note that  p  ","has"," no SAVE"
"incore.ulst.ac.uk","If a  procedure  ","has"," a pointer or"
"incore.ulst.ac.uk",". Because  sub2  ","has"," a pointer"
"incore.ulst.ac.uk","  gtzero  ","has"," been put as an"
"incore.ulst.ac.uk","of the  list  ","has"," been reached"
"incore.ulst.ac.uk","such that  pv1  ","has"," the lower"
"incore.ulst.ac.uk","such that  pv1  ","has"," the lower"
"incore.ulst.ac.uk","such that  pv1  ","has"," the lower"
"passiondiscs.co.uk","  reviewer  ","has"," suggested,"
"heacademy.ac.uk","  revolution  ","has"," been"
"janus.lib.cam.ac.uk",". The  styling  ","has"," matured with"
"janus.lib.cam.ac.uk","  popularity  ","has"," continued to"
"stalbans.gov.uk","  department  ","has"," asked"
"gfdl.marxists.org.uk","the  friend  ","has"," a girlfriend."
"gfdl.marxists.org.uk","), the  school  ","has"," not"
"poetrysociety.org.uk","and  CAS  ","has"," the best of the"
"ucl.ac.uk","of  training  ","has"," to be of a very"
"icnewcastle.icnetwork.co.uk","dreaded  time  ","has"," come. My"
"icnewcastle.icnetwork.co.uk","''s  girlfriend  ","has"," just had hers"
"icnewcastle.icnetwork.co.uk","wisdom  teeth  ","has"," been removed"
"www-sedgwick.esc.cam.ac.uk","A  consortium  ","has"," recently been"
"big-brother.me.uk","whole  project  ","has"," been designed"
"classic-literature.co.uk","  friendship  ","has"," unexpected"
"classic-literature.co.uk","  language  ","has"," changed so"
"classic-literature.co.uk",", the  language  ","has"," changed a"
"radioandtelly.co.uk","  orientation  ","has"," been aimed at """
"radioandtelly.co.uk","  participants  ","has"," changed"
"radioandtelly.co.uk","  hegemony  ","has"," not been"
"radioandtelly.co.uk",". This  refusal  ","has"," created"
"bupa.co.uk","The  programme  ","has"," now reached"
"bupa.co.uk","  speakers  ","has"," begun,"
"bupa.co.uk",". This  issue  ","has"," James White ''s"
"bupa.co.uk"," ","has"," decided that"
"bupa.co.uk","for the  con  ","has"," been"
"ff1600.co.uk",". Each  song  ","has"," an"
"bubl.ac.uk","our  services  ","has"," been"
"city.ac.uk","  platform  ","has"," been removed"
"city.ac.uk","This  terminal  ","has"," both a high and"
"city.ac.uk",". The  plant  ","has"," been"
"cs.bham.ac.uk","My weight  loss  ","has"," recently hit a"
"english-heritage.org.uk","with  dogs  ","has"," been the need"
"english-heritage.org.uk","  dogs  ","has"," increased as"
"english-heritage.org.uk","this  method  ","has"," "" proved"
"english-heritage.org.uk","  government  ","has"," also stressed"
"english-heritage.org.uk",". Where a  fox  ","has"," gone to ground"
"uklug.co.uk","habitat  loss  ","has"," reduced the"
"irr.org.uk","  business  ","has"," rather"
"foe.co.uk",". The  process  ","has"," been likened"
"foe.co.uk","the  metaphor  ","has"," completed its"
"foe.co.uk",". Once  healing  ","has"," taken place,"
"foe.co.uk","  space  ","has"," now been"
"iwar.org.uk","that  nothing  ","has"," ever been"
"eprints.gla.ac.uk","1939 My  sister  ","has"," invited me to"
"bl.uk","recent  work  ","has"," been looking"
"bl.uk","state of  life  ","has"," appeared in"
"janus.lib.cam.ac.uk"," ","has"," found that"
"janus.lib.cam.ac.uk","  business  ","has"," risen from 11"
"janus.lib.cam.ac.uk","  impact  ","has"," fallen since"
"janus.lib.cam.ac.uk","  working  ","has"," had a positive"
"janus.lib.cam.ac.uk","  employer  ","has"," the ability to"
"janus.lib.cam.ac.uk","  Businesses  ","has"," endorsed the"
"janus.lib.cam.ac.uk","  employee  ","has",", or her boss"
"janus.lib.cam.ac.uk","  Government  ","has"," not yet fully"
"hm-treasury.gov.uk","  legislation  ","has"," never"
"hm-treasury.gov.uk","such  activity  ","has"," been found. He"
"hm-treasury.gov.uk","  tradition  ","has"," been studied"
"hm-treasury.gov.uk","A shorter  list  ","has"," been"
"hm-treasury.gov.uk","in this  copy  ","has"," the following"
"uklug.co.uk","  knowledge  ","has"," accelerated:"
"uklug.co.uk","  realisation  ","has"," led to the"
"uklug.co.uk","  support  ","has"," been"
"uklug.co.uk"," ","has"," been defined"
"uklug.co.uk","  intervention  ","has"," produced"
"uklug.co.uk","  Governance  ","has"," been defined"
"uklug.co.uk","  industry  ","has"," been made by"
"uklug.co.uk","  imperative  ","has"," meant that, at"
"uklug.co.uk","What  progress  ","has"," your"
"pparc.ac.uk","of the  well  ","has"," been"
"pparc.ac.uk","the roof  slab  ","has",", on the face"
"pparc.ac.uk","about the  well  ","has",", as yet, been"
"thegoodwebguide.co.uk","  committee  ","has"," adopted a"
"dresscircle.co.uk","This  standard  ","has"," been prepared"
"dresscircle.co.uk","a  waiver  ","has"," been granted"
"dresscircle.co.uk","  strategy  ","has"," been carried"
"le.ac.uk","of  enthusiasm  ","has"," gone. We ''ve"
"thestage.co.uk","  product  ","has"," to be the only"
"thestage.co.uk","if my  order  ","has"," been sent out?"
"thestage.co.uk","your  question  ","has"," not been"
"www-jcsu.jesus.cam.ac.uk","How many  times  ","has"," my college/"
"www-jcsu.jesus.cam.ac.uk","your  browser  ","has"," "" cached "" the"
"www-jcsu.jesus.cam.ac.uk","How many  times  ","has"," my college/"
"cs.bham.ac.uk",", the  Pilot  ","has"," revised the"
"fantasticfiction.co.uk","S. -led  force  ","has"," in recent"
"fantasticfiction.co.uk","U. S-led  force  ","has"," launched a"
"birdtours.co.uk",".  Methane  ","has"," 23 times the"
"foe.co.uk","]. * The  Moor  ","has"," so far not been"
"le.ac.uk","  screens  ","has"," a simple"
"rcpbml.org.uk","of that  armour  ","has"," been etched in"
"thegoodwebguide.co.uk","the  company  ","has"," a 40 % market"
"headheritage.co.uk","  apology  ","has"," been issued by"
"headheritage.co.uk","''s  action  ","has"," attracted"
"classic-literature.co.uk","  permission  ","has"," already been"
"thegoodwebguide.co.uk","a punched  card  ","has"," now been"
"thegoodwebguide.co.uk","  statement  ","has"," become"
"thegoodwebguide.co.uk","  descriptor  ","has"," been"
"thegoodwebguide.co.uk","  descriptor  ","has"," the same"
"nwda.co.uk","  system  ","has"," been"
"nwda.co.uk","and the  site  ","has"," been given a"
"observer.guardian.co.uk","of the  change  ","has"," been in the"
"observer.guardian.co.uk","  population  ","has"," grown rapidly"
"excite.co.uk",". Wing  chun  ","has"," gained a lot"
"ukfitnesssupplies.co.uk","  sticks  ","has"," come up I"
"gfdl.marxists.org.uk","  volunteer  ","has"," an entry that"
"fpp.co.uk","  permission  ","has"," been given."
"www-jcsu.jesus.cam.ac.uk","  applications  ","has"," passed (14th"
"rcpbml.org.uk","  left  ","has"," been at it"
"mailman-new.greennet.org.uk","Public  policy  ","has"," not yet"
"spartacus.schoolnet.co.uk","  programme  ","has"," felt over Iraq"
"vare.org.uk",". The  concept  ","has"," not stopped"
"vare.org.uk","the  composer  ","has"," created short"
"vare.org.uk","the  series  ","has"," only just"
"vare.org.uk","the  series  ","has"," used a"
"my-history.co.uk","a giant  poster  ","has"," been"
"lums.lancs.ac.uk","the  weather  ","has"," never been"
"martininstitute.ox.ac.uk","  government  ","has"," set further"
"indigogroup.co.uk","that  time  ","has"," stood still,"
"queens.ox.ac.uk",".  Bracelet  ","has"," a fliplock"
"caa.co.uk",", the  research  ","has"," identified a"
"caa.co.uk","  Exploitation  ","has"," gone further"
"caa.co.uk","and  safety  ","has"," been opened by"
"caa.co.uk","  involvement  ","has"," been shown to"
"caa.co.uk","and  funding  ","has"," supported the"
"caa.co.uk","  working  ","has"," helped"
"backroadstouring.co.uk",". The  Link  ","has"," the best range"
"farm.org.uk","  application  ","has"," been made by"
"farm.org.uk","if your  order  ","has"," been received"
"farm.org.uk","that such  bank  ","has"," not accepted"
"farm.org.uk","that such  bank  ","has"," not accepted"
"farm.org.uk","of which  title  ","has"," been"
"farm.org.uk","  process  ","has"," been"
"farm.org.uk","or  transfer  ","has"," been made"
"farm.org.uk","where UK  tax  ","has"," been deducted"
"farm.org.uk",", if your  Plan  ","has"," acquired"
"farm.org.uk",", your  Plan  ","has"," or will become"
"businessmatch.org.uk","as to  height  ","has"," been carried"
"businessmatch.org.uk","these  towers  ","has"," been"
"businessmatch.org.uk"," ","has"," been adopted"
"mailman.greennet.org.uk","  customers  ","has"," been proved to"
"evuk.co.uk","my  husband  ","has"," finally"
"evuk.co.uk","that  everyone  ","has"," problems, it"
"evuk.co.uk","my  experience  ","has"," been that more"
"evuk.co.uk",",  everybody  ","has"," given you such"
"evuk.co.uk","his  attitude  ","has"," made friends"
"itgovernance.co.uk","the road  book  ","has"," been"
"carnegiegreenaway.org.uk","father ''s  side  ","has"," been traced to"
"connectpa.co.uk","  version  ","has"," been tested."
"greenpeace.org.uk",". The  movement  ","has"," a 48 hour power"
"greenpeace.org.uk",". The  movement  ","has"," a rose gold"
"greenpeace.org.uk",". The  bracelet  ","has"," a double push"
"greenpeace.org.uk",". The  watch  ","has"," a stainless"
"greenpeace.org.uk",". The  watch  ","has"," a red"
"greenpeace.org.uk",". The  watch  ","has"," a stainless"
"greenpeace.org.uk",". The  watch  ","has"," a red"
"greenpeace.org.uk",". The  watch  ","has"," a stainless"
"greenpeace.org.uk",". The  watch  ","has"," a red"
"greenpeace.org.uk",". The  watch  ","has"," a stainless"
"greenpeace.org.uk",". The  watch  ","has"," a stainless"
"greenpeace.org.uk",". The  watch  ","has"," a stainless"
"ml-consult.co.uk","in the New  Year  ","has"," been a"
"southtynesidetoday.co.uk","  industry  ","has"," suddenly"
"irmuk.co.uk",": "" The  IAEA  ","has"," made progress"
"irmuk.co.uk",". "" The  IAEA  ","has"," discussed"
"irmuk.co.uk",", the  IAEA  ","has"," concluded,"
"voice-online.co.uk","  haplotyping  ","has",""
"isfp.co.uk","  system  ","has"," been jolted."
"theobamber.co.uk","that  poetry  ","has"," a unique role"
"archive.official-documents.co.uk","of a  series  ","has"," been somewhat"
"abarnett.demon.co.uk",", which the  law  ","has"," pronounced a"
"oucc.org.uk","the  artwork  ","has"," been nicely"
"oucc.org.uk",", as one  player  ","has"," to keep track"
"wolftrust.org.uk","  publication  ","has"," the same"
"wolftrust.org.uk","on  research  ","has"," been that"
"codexbooks.co.uk","this  speech  ","has"," been in my mind"
"codexbooks.co.uk","  Government  ","has"," taken major"
"codexbooks.co.uk",".  Humanity  ","has",", for the first"
"codexbooks.co.uk",".  Smallpox  ","has"," now been"
"codexbooks.co.uk","in the  world  ","has"," what one might"
"codexbooks.co.uk",", and  science  ","has"," revealed so"
"mansfield.gov.uk","On  Pluto  ","has"," been a long"
"mansfield.gov.uk","Irish  kid  ","has"," that"
"sohp.soton.ac.uk",". The  city  ","has"," recently"
"sohp.soton.ac.uk",". The  city  ","has"," grown rapidly"
"sohp.soton.ac.uk","old  city  ","has"," now been"
"sohp.soton.ac.uk","of this  city  ","has"," drawn people"
"sohp.soton.ac.uk","Negro the  city  ","has"," fine sandy"
"sohp.soton.ac.uk","  population  ","has"," recently"
"sohp.soton.ac.uk","  activity  ","has"," recently"
"tradefair.co.uk","all his  life  ","has"," meant Peter"
"tradefair.co.uk",". A  colleague  ","has"," also bought a"
"medinfo.co.uk","of the  event  ","has"," been"
"medinfo.co.uk","and the  detail  ","has"," been fabulous"
"clwww.essex.ac.uk",". My  husband  ","has"," suffered from"
"littman.co.uk",", whole  milk  ","has"," 22 g of fat,"
"littman.co.uk","skimmed  milk  ","has"," 0.6 g. Try low"
"littman.co.uk","once your  food  ","has"," digested. Use"
"scips.worc.ac.uk",": This  page  ","has"," been"
"scips.worc.ac.uk",". The  NHS  ","has"," a common law"
"scips.worc.ac.uk","  disclosure  ","has"," not been"
"aria.co.uk","but the  line  ","has"," to be drawn"
"skyscript.co.uk","  area  ","has"," long"
"age-exchange.org.uk","each  company  ","has"," their own"
"age-exchange.org.uk","  gaming  ","has"," ever been able"
"rss.org.uk","  academics  ","has"," had a long"
"rss.org.uk",". â? The  timing  ","has"," proved"
"key-arts.co.uk","? The  paper  ","has",", as usual,"
"key-arts.co.uk","it the  comrade  ","has"," added a"
"key-arts.co.uk","student  loan  ","has"," just come"
"key-arts.co.uk","fighting  fund  ","has"," already"
"thamesweb.co.uk","and  something  ","has"," to be done. ''"
"forum.cantstopthesignal.co.uk","if  anyone  ","has"," yet to sign it,"
"crassh.cam.ac.uk",". Once the  dust  ","has"," settled, been"
"obv.org.uk","breast  cancer  ","has"," brought this"
"obv.org.uk","  industry  ","has"," been worth"
"obv.org.uk","tumour  drugs  ","has"," highlighted"
"obv.org.uk","of  society  ","has"," not been based"
"obv.org.uk","  monopolies  ","has"," to become a"
"obv.org.uk","  making  ","has"," to passed over"
"obv.org.uk","AIDS  pandemic  ","has"," a hold and the"
"obv.org.uk","us why:  cancer  ","has"," been steadily"
"obv.org.uk","epic  struggle  ","has"," been going on"
"obv.org.uk","  environment  ","has"," been a major"
"obv.org.uk","a  chemical  ","has"," a duty to"
"obv.org.uk","  environment  ","has"," increased"
"midleykent.fsnet.co.uk","  methodology  ","has"," been applied"
"pointlessnostalgic.co.uk","this  harness  ","has"," the effect of"
"virgintrains.co.uk","? The legal  AGM  ","has"," been set for"
"virgintrains.co.uk","Chicago  bid  ","has"," folded. #"
"panos.org.uk","every  culture  ","has"," its own"
"panos.org.uk","on the  subject  ","has"," not yet been"
"biochem.ucl.ac.uk","as a holy  well  ","has",""
"biochem.ucl.ac.uk","whose  memory  ","has"," faded to one"
"eoc.org.uk",". This  watch  ","has"," a very special"
"eoc.org.uk",". The  watch  ","has"," a domed AR"
"eoc.org.uk",". This  watch  ","has"," a very special"
"eoc.org.uk",". The  watch  ","has"," a domed AR"
"eoc.org.uk",". The  watch  ","has"," never been"
"eoc.org.uk",". This  watch  ","has"," a very special"
"eoc.org.uk",". The  watch  ","has"," a domed AR"
"eoc.org.uk",". This  watch  ","has"," a very special"
"eoc.org.uk",". The  watch  ","has"," a domed AR"
"eoc.org.uk","an  instrument  ","has"," turned into a"
"blog.ctrlbreak.co.uk",". Each  farm  ","has"," been"
"blog.ctrlbreak.co.uk","Our dark  roast  ","has"," a deep body and"
"blog.ctrlbreak.co.uk","rich  blend  ","has"," a touch of"
"blog.ctrlbreak.co.uk",", CO 2  decaff  ","has"," more zing than"
"blog.ctrlbreak.co.uk","  premium  ","has"," enabled the"
"farm.org.uk","Footage  Sales  ","has"," placed online"
"dcmt.cranfield.ac.uk","  network  ","has"," been launched"
"persephonebooks.co.uk","that  everyone  ","has"," impairments"
"persephonebooks.co.uk","  community  ","has"," been"
"persephonebooks.co.uk","case the  girl  ","has"," two"
"persephonebooks.co.uk","each  person  ","has"," value and"
"persephonebooks.co.uk","this  metaphor  ","has"," a foundation"
"persephonebooks.co.uk","  theory  ","has"," embraced a"
"persephonebooks.co.uk","  community  ","has"," a role in"
"stagebeat.co.uk","  hotline  ","has"," been set up on"
"lawsociety.org.uk","or  phrase  ","has"," sparked a"
"marine.gov.uk","if the  coach  ","has"," good rapport"
"boschautoparts.co.uk","  community  ","has"," adopted. It is"
"healthmatters.org.uk","although a  lot  ","has"," been made of"
"healthmatters.org.uk","that the  team  ","has"," done and asks"
"exclusive-fountains.co.uk","  tool  ","has"," already been"
"exclusive-fountains.co.uk","  Associates  ","has"," developed an"
"citizensadvice.org.uk","  Government  ","has"," set or agreed a"
"colc.co.uk","  Government  ","has"," yet to"
"colc.co.uk","the  company  ","has"," since changed"
"colc.co.uk","  manufacturer  ","has"," since changed"
"furthermore.org.uk","  presence  ","has"," enriched"
"ml-consult.co.uk","with  cancer  ","has"," been cured and"
"fylde.demon.co.uk",",  no-one  ","has"," ever dared"
"apinfo.co.uk","and the  cover  ","has"," the hours and"
"apinfo.co.uk","in design, a  nd  ","has"," the bear"
"apinfo.co.uk","This  watch  ","has"," an absolutely"
"the-stationery-office.co.uk","  Association  ","has"," the welfare of"
"the-stationery-office.co.uk","on fox  hunting  ","has"," the potential"
"the-stationery-office.co.uk","one  suspects  ","has"," received"
"the-stationery-office.co.uk","where a  horse  ","has"," had to be"
"the-stationery-office.co.uk","our  response  ","has"," not been a"
"hrsu.mrc.ac.uk","an  agreement  ","has"," been drawn up"
"hrsu.mrc.ac.uk","A project  team  ","has"," been"
"hrsu.mrc.ac.uk","  switchboard  ","has"," been"
"hrsu.mrc.ac.uk","  programme  ","has"," been"
"hrsu.mrc.ac.uk",". A  database  ","has"," now been"
"ah.brookes.ac.uk","last  decade  ","has"," largely been"
"ah.brookes.ac.uk","that the  study  ","has"," provided"
"scottishweddingdirectory.co.uk","  process  ","has"," become"
"gerald-massey.org.uk","; and his  work  ","has",", to varying"
"gerald-massey.org.uk","a unitary  past  ","has"," been"
"gerald-massey.org.uk",", so much  work  ","has"," been done on"
"gerald-massey.org.uk","and more  flesh  ","has"," been added to"
"gerald-massey.org.uk",",  theme  ","has"," to do with what"
"gerald-massey.org.uk","  deficiency  ","has"," been"
"gerald-massey.org.uk","of  history  ","has"," become"
"tuc.org.uk","Welk ''s  band  ","has"," made a home in"
"biomed.abdn.ac.uk","  tree  ","has"," materially"
"raf.mod.uk","  excellence  ","has"," been the"
"fanzone.co.uk","  building  ","has"," picked up"
"accfinweb.account.strath.ac.uk","  community  ","has"," failed to"
"accfinweb.account.strath.ac.uk","  resources  ","has"," given rise to"
"pressbox.co.uk","said:  ''There  ","has"," been some"
"pressbox.co.uk",", but  progress  ","has"," been glacial."
"pressbox.co.uk","where the  law  ","has"," changed, such"
"pressbox.co.uk","  policy  ","has"," lead to"
"pressbox.co.uk","  employment  ","has"," a major impact"
"pressbox.co.uk","  initiative  ","has"," been widely"
"woodbridgeproductions.co.uk","it,  someone  ","has"," won 2 tickets"
"visitsouthwest.co.uk","one  authority  ","has"," been provided"
"visitsouthwest.co.uk","  authority  ","has",""
"visitsouthwest.co.uk","  Government  ","has"," no such"
"visitsouthwest.co.uk","from each  desk  ","has"," made data"
"thefword.org.uk","  company  ","has"," arguably the"
"britishblogs.co.uk","  restoration  ","has"," finally been"
"britishblogs.co.uk","at this  point  ","has"," for centuries"
"ling.ed.ac.uk","of the  album  ","has"," increased"
"medical-acupuncture.co.uk","any  colleague  ","has"," not yet been"
"archives.gla.ac.uk",". org  ippr  ","has"," a strong track"
"archives.gla.ac.uk","this  week  ","has"," been one of the"
"archives.gla.ac.uk","Mental  health  ","has"," been in an"
"archives.gla.ac.uk","  Government  ","has"," made clear its"
"archives.gla.ac.uk","  education  ","has"," benefited the"
"archives.gla.ac.uk","  education  ","has"," benefited the"
"archives.gla.ac.uk","twenty  years  ","has",""
"archives.gla.ac.uk","  government  ","has"," pledged to"
"archives.gla.ac.uk","more. 1 in 3  men  ","has"," a criminal"
"archives.gla.ac.uk","2002 1 in 3  men  ","has"," a criminal"
"archives.gla.ac.uk","  time  ","has"," come to"
"archives.gla.ac.uk","  government  ","has"," not... read"
"archives.gla.ac.uk","few  months  ","has"," been the"
"magonia.demon.co.uk","in the  past  ","has"," invariably"
"bio.ic.ac.uk","  lists  ","has"," a simple 3"
"propertypro.co.uk","of US  products  ","has"," hit such"
"propertypro.co.uk","trade  unions  ","has"," called for"
"propertypro.co.uk","and  website  ","has"," launched a """
"propertypro.co.uk",""" The  boycott  ","has"," not merely had"
"propertypro.co.uk"," ","has"," been Iran ''s"
"c2c-guide.co.uk","that Biz/  ed  ","has"," been made an"
"c2c-guide.co.uk","2005 Biz/  ed  ","has"," recently"
"c2c-guide.co.uk","2005 Biz/  ed  ","has"," seen two major"
"c2c-guide.co.uk","2005 Biz/  ed  ","has"," been"
"c2c-guide.co.uk","1996, Biz/  ed  ","has"," established"
"c2c-guide.co.uk","to the  site  ","has"," been growing"
"c2c-guide.co.uk",". The  site  ","has"," been"
"anglingdirect.co.uk","PROBLEM?  DAD  ","HAS"," ALL THE"
"anglingdirect.co.uk",". The  event  ","has"," been"
"tastyfanzine.org.uk","job. This  rod  ","has"," an extra"
"disabilitynow.org.uk","past 15  years  ","has"," been the"
"osj.org.uk","This  article  ","has"," been provided"
"poetrymagic.co.uk","V of  course  ","has"," Darth Vader ''s"
"rss.org.uk",". So far,  none  ","has"," been provided"
"rss.org.uk",".  Gentleman  ","has"," said. I shall,"
"rss.org.uk","''s  approach  ","has"," some"
"rss.org.uk","  organisation  ","has",""
"cleanersafergreener.gov.uk","  cycling  ","has"," been a target"
"cleanersafergreener.gov.uk","  children  ","has"," diminished"
"cleanersafergreener.gov.uk","of  cycling  ","has"," led to"
"cleanersafergreener.gov.uk","  safety  ","has"," been the"
"liberty-human-rights.org.uk",".  htm  ","has"," been updated"
"liberty-human-rights.org.uk",".  htm  ","has"," been updated"
"biblicalstudies.org.uk","  service  ","has"," begun to be"
"familiesonline.co.uk",". The  church  ","has"," few monuments"
"clinimed.co.uk","GP  surgeries  ","has"," been"
"clinimed.co.uk","that  society  ","has"," no"
"digitalspy.co.uk","Miliband  MP  ","has"," announced new"
"digitalspy.co.uk","public  sector  ","has"," just 0.5"
"digitalspy.co.uk","  sector  ","has"," more"
"digitalspy.co.uk","public  sector  ","has"," a much leaner"
"digitalspy.co.uk",") project  team  ","has"," been"
"digitalspy.co.uk",", the  sector  ","has"," one of the"
"weatheronline.co.uk","use of  parks  ","has"," increased."
"professorharbottle.co.uk","life. His  work  ","has"," covered a wi"
"digitalegypt.ucl.ac.uk",". The  tower  ","has"," long been used"
"digitalegypt.ucl.ac.uk","  interior  ","has"," a remarkable"
"prime50plus.co.uk","start of  term  ","has"," been a bit of a"
"gradunion.cam.ac.uk","fluid  period  ","has"," opened in that"
"prochoiceforum.org.uk","  father  ","has"," left him by his"
"prochoiceforum.org.uk","his  father  ","has"," neglected,"
"prochoiceforum.org.uk","widow. A  pig  ","has"," murdered when"
"prochoiceforum.org.uk","the  wound  ","has"," been looked at"
"cssplay.co.uk","he  Government  ","has"," confirmed"
"scholarships.ed.ac.uk","no Bond  film  ","has"," ever flopped,"
"scholarships.ed.ac.uk","This  article  ","has"," been provided"
"spuc.org.uk",". This  game  ","has"," very few"
"spuc.org.uk","  control  ","has"," been"
"spuc.org.uk","the  gameplay  ","has",", but luckily"
"irmuk.co.uk","This  seminar  ","has"," been"
"christie.man.ac.uk","chosen  option  ","has"," to be"
"christie.man.ac.uk","  strategy  ","has"," been designed"
"hefce.ac.uk","  process  ","has"," impacted upon"
"hefce.ac.uk","  tradition  ","has"," developed"
"hefce.ac.uk","  project  ","has"," been to"
"hefce.ac.uk","  learning  ","has"," led to the"
"hefce.ac.uk","of the  schools  ","has"," a special unit"
"hefce.ac.uk","main  school  ","has"," been"
"hefce.ac.uk","  principle  ","has"," been used to"
"hefce.ac.uk",". The  school  ","has"," therefore"
"hefce.ac.uk"," ","has"," made it"
"hefce.ac.uk"," ","has"," never been"
"hefce.ac.uk","  project  ","has"," given me a"
"ah.brookes.ac.uk","that a  season  ","has"," finally come"
"ah.brookes.ac.uk","the  season  ","has"," been that the"
"ah.brookes.ac.uk","coaching  team  ","has"," reached the"
"ah.brookes.ac.uk"," ","has"," been rife"
"smoothhound.co.uk","  application  ","has"," been made and"
"belfasttelegraph.co.uk",", this  group  ","has"," learned much"
"essex.police.uk","wind  turbine  ","has"," worked very"
"propheticvision.org.uk","the first  file  ","has"," been read. {"
"teachingenglish.org.uk","go where no  man  ","has"," gone before"
"teachingenglish.org.uk","after the  baby  ","has"," turned adult."
"publicfinance.co.uk","  showbiz  ","has"," to offer, we"
"trichotillomania.co.uk","  Government  ","has"," made toward"
"wolftrust.org.uk","and the  collar  ","has"," a Breakaway"
"wolftrust.org.uk","safety  buckle  ","has"," been"
"palimpsest.org.uk","the  debster  ","has"," it right - the"
"lewisham.nhs.uk","this  service  ","has"," been"
"micromaterials.co.uk","  proposal  ","has"," been approved"
"micromaterials.co.uk","the  programme  ","has"," been approved"
"raf.mod.uk","the  problem  ","has"," occurred; the"
"gare.co.uk","of  evolution  ","has"," arisen a"
"gare.co.uk",". The  baby  ","has"," a spiritual"
"gare.co.uk","  evolution  ","has"," encountered"
"gare.co.uk","of  change  ","has"," run its"
"gare.co.uk","  awareness  ","has"," broken the"
"gare.co.uk","through  time  ","has"," also brought"
"gare.co.uk","whose  soul  ","has"," chosen this"
"atomicdesign.co.uk","of the  bill  ","has"," now been"
"atomicdesign.co.uk","  bishop  ","has"," spoken out"
"atomicdesign.co.uk","other  couples  ","has"," shown that"
"atomicdesign.co.uk","gay  icon  ","has"," made it quite"
"atomicdesign.co.uk","  group  ","has"," put out a call"
"atomicdesign.co.uk","  clinic  ","has"," received"
"cftrust.org.uk","  freelancers  ","has"," prompted it to"
"cftrust.org.uk","radio  station  ","has"," its own"
"moggies.co.uk","new  building  ","has"," occured"
"moggies.co.uk","  restoration  ","has"," been long"
"mythofcreation.co.uk","in this  area  ","has"," been fuelled"
"mythofcreation.co.uk","  compaction  ","has"," shown to be"
"mythofcreation.co.uk","  qualities  ","has"," been gained."
"mythofcreation.co.uk","the  water  ","has"," evaporated"
"mythofcreation.co.uk","  process  ","has"," been"
"mythofcreation.co.uk","use of  cement  ","has"," been"
"mythofcreation.co.uk"," ","has"," been carried"
"thefword.org.uk","the  cancer  ","has"," eaten so deep"
"thefword.org.uk","my  ailment  ","has"," drained me"
"thefword.org.uk","email  address  ","has"," been selected"
"thefword.org.uk","criminal  past  ","has"," been jailed"
"mybrightonandhove.org.uk","  session  ","has"," been"
"www1.cardiff.ac.uk",": Arcade  GP  ","has"," been"
"blueboxcomms.co.uk","if an  employee  ","has"," brought a sex"
"blueboxcomms.co.uk","and the  case  ","has"," been settled,"
"lateralscience.co.uk","and this  issue  ","has"," several"
"emco.co.uk",". The  water  ","has"," been poisoned"
"moneybasics.co.uk","that the  NHS  ","has"," achieved"
"moneybasics.co.uk","  treatment  ","has"," fallen by 25"
"foundationtv.co.uk"," ","has"," such"
"foundationtv.co.uk"," ","has"," no"
"dolphinuk.co.uk","child, a  study  ","has"," been"
"dolphinuk.co.uk","  results  ","has"," been reported"
"dolphinuk.co.uk","  receptivity  ","has"," been assessed"
"youclaim.co.uk","whole  piece  ","has"," loaded. If you"
"indigogroup.co.uk","billion  years  ","has"," led us through"
"indigogroup.co.uk",". The  body  ","has"," become host to"
"indigogroup.co.uk","the  god-force  ","has"," no vehicle of"
"indigogroup.co.uk","This  instinct  ","has"," grown from"
"indigogroup.co.uk","of  life  ","has"," developed in"
"socresonline.org.uk","the  conflict  ","has"," been"
"socresonline.org.uk","  information  ","has"," been gathered"
"socresonline.org.uk","the  conflict  ","has"," had on the arts"
"midleykent.fsnet.co.uk","  tribute  ","has"," been"
"zx81.org.uk",") that the  door  ","has"," been slammed"
"andsoitbegins.co.uk","  information  ","has"," been written"
"parentzonescotland.gov.uk","''s  plot  ","has"," a lot growing"
"parentzonescotland.gov.uk","photo  gallery  ","has"," changed. It"
"parentzonescotland.gov.uk","that  lettuce  ","has"," a soporific"
"parentzonescotland.gov.uk","My  sister  ","has"," offered me her"
"parentzonescotland.gov.uk","the  bird  ","has"," it and there"
"liberty-human-rights.org.uk",". The  firm  ","has"," experience in"
"professorharbottle.co.uk","  world  ","has"," ever"
"ferl.becta.org.uk","  smoking  ","has"," been shown to"
"abi.co.uk","  manager  ","has"," been advised"
"justride.co.uk","That  thread  ","has","n''t been"
"iomnet.org.uk","  tribunal  ","has"," just found"
"iomnet.org.uk","the  judgement  ","has"," just been"
"iomnet.org.uk","a trade  union  ","has"," won at an"
"ch.cam.ac.uk","birth of  life  ","has"," held good for"
"marine.gov.uk",". The  charter  ","has"," now been"
"marine.gov.uk","this  debate  ","has"," helped to"
"unitedrant.co.uk","  principality  ","has"," gained an"
"unitedrant.co.uk","then  tourism  ","has"," taken over as"
"unitedrant.co.uk","to the  resorts  ","has"," been"
"healthmatters.org.uk","no  service  ","has"," been provided"
"mediadesk.co.uk","The  dose  ","has"," been worked"
"cwn.org.uk","  declaration  ","has"," already been"
"cwn.org.uk","  standard  ","has"," two sections,"
"cwn.org.uk","flow  object  ","has"," a number of"
"cafc.co.uk","as this  season  ","has"," reminded us."
"cafc.co.uk","Road  purse  ","has"," remained"
"cafc.co.uk",". Our  man  ","has"," had £4.5m to"
"cafc.co.uk","at our  club  ","has"," left me"
"cafc.co.uk",", if the  club  ","has"," such â?"
"universalenergycentre.co.uk","the  building  ","has"," been sold to a"
"universalenergycentre.co.uk","the  book  ","has"," won literary"
"poetrymagazines.org.uk","last  decade  ","has"," witnessed a"
"poetrymagazines.org.uk","  inclusion  ","has"," become the"
"e-learningcentre.co.uk","York  website  ","has"," been designed"
"workdevcon.nhs.uk","once a  system  ","has"," been infected"
"spri.cam.ac.uk","the  opposite  ","has"," been the case"
"spri.cam.ac.uk","  witnesses  ","has"," been"
"spri.cam.ac.uk","? Tom ''s  family  ","has"," been"
"spri.cam.ac.uk",". Tom ''s  family  ","has"," demanded the"
"spri.cam.ac.uk","that her  case  ","has","? and has not?"
"eaifhe.ac.uk","of the  pages  ","has"," a piece"
"dmflightsim.co.uk","teaching  team  ","has"," the final say"
"northants-chamber.co.uk","  place  ","has"," been"
"uknetguide.co.uk",". Our  party  ","has"," come under"
"gotravelinsurance.co.uk",", the  music  ","has"," always been a"
"scottishweddingdirectory.co.uk","  system  ","has"," worked this"
"scottishweddingdirectory.co.uk","reason  var  ","has"," been added to"
"emagictricks.co.uk","and  building  ","has"," brought the"
"emagictricks.co.uk","  landscape  ","has"," become"
"stpauls.co.uk",". More  grief  ","has"," proliferated"
"stpauls.co.uk",", more  blood  ","has"," been spilt in"
"stpauls.co.uk",".  Paganism  ","has"," given way, in"
"stpauls.co.uk","-  nothing  ","has"," changed. We"
"stpauls.co.uk",".  Religion  ","has"," stood still,"
"stpauls.co.uk",", but  mankind  ","has","n''t. Western"
"stpauls.co.uk","of our  gods  ","has"," changed"
"trinitycollege.co.uk","your  order  ","has"," been accepted"
"trinitycollege.co.uk","this  website  ","has"," been prepared"
"trinitycollege.co.uk",".  Focus  ","has"," the right to"
"cps.gov.uk","holder. A  list  ","has"," been prepared"
"rms-gb.org.uk","  authority  ","has"," made, or"
"themagictouch.co.uk","  storage  ","has"," come a long way"
"candlemaking.org.uk","  pupils  ","has"," been"
"org.suw.org.uk","  girlfriend  ","has"," just called to"
"org.suw.org.uk","comedy  night  ","has"," potential."
"org.suw.org.uk","that the  night  ","has"," realised its"
"geologywales.co.uk","that  gap  ","has"," meant that we"
"idler.co.uk","the  debate  ","has"," persuaded him"
"idler.co.uk","  nomination  ","has"," already been"
"idler.co.uk",".  Attention  ","has"," been drawn to"
"clwww.essex.ac.uk","the  camera  ","has"," managed to get"
"4minutes.co.uk","two  companies  ","has"," led to the"
"frca.co.uk","  identifier  ","has","n''t actually"
"frca.co.uk","  identifier  ","has"," some meaning,"
"frca.co.uk","for  example  ","has"," some"
"walltowall.co.uk","- its  size  ","has"," made it"
"walltowall.co.uk","?  Everyone  ","has"," ended up"
"walltowall.co.uk","of  domains  ","has"," to change."
"mimas.ac.uk","silver  dial  ","has"," a metallic"
"artatwalsall.org.uk","in  prison  ","has"," increased"
"artatwalsall.org.uk","  prisoners  ","has"," increased"
"npl.co.uk","iconic  status  ","has"," been"
"jusnoctis.co.uk","to £1000.  FOE  ","has"," criticised"
"go-betweens.org.uk","at this  time  ","has"," produced a"
"go-betweens.org.uk","Chester.  Lead  ","has"," been brought"
"go-betweens.org.uk","us, "" My  father  ","has"," made a row by"
"go-betweens.org.uk",""". One  story  ","has"," it that the"
"go-betweens.org.uk",".  Nobody  ","has"," a clue. If you"
"wen.org.uk","world in  flux  ","has"," brought great"
"thekeyboard.org.uk","of  humanity  ","has"," long suffered"
"thekeyboard.org.uk","the  website  ","has",". Rijock ''s"
"thekeyboard.org.uk",", the  empire  ","has"," suffered"
"thekeyboard.org.uk","  triad  ","has"," formed with"
"thekeyboard.org.uk",". The  outcome  ","has"," been"
"bio.ic.ac.uk","  permission  ","has"," been granted"
"bio.ic.ac.uk","  extension  ","has"," three main"
"bio.ic.ac.uk","  permission  ","has"," been granted"
"retirement-matters.co.uk","in four  years  ","has"," nothing to do"
"retirement-matters.co.uk","Shea  stadium  ","has"," been"
"www-tus.csx.cam.ac.uk","  services  ","has"," become more"
"www-tus.csx.cam.ac.uk","  departments  ","has"," led to a"
"www-tus.csx.cam.ac.uk","set of  records  ","has"," undergone"
"www-tus.csx.cam.ac.uk",". This  work  ","has"," been"
"www-tus.csx.cam.ac.uk","). This  post  ","has"," the"
"www-tus.csx.cam.ac.uk","building  work  ","has"," been"
"www-tus.csx.cam.ac.uk","in this  area  ","has"," been"
"economie.co.uk","and  numeracy  ","has"," led to many"
"economie.co.uk","cut.  Progress  ","has"," been made in"
"careers.ed.ac.uk","  campaign  ","has"," succeeded in"
"careers.ed.ac.uk",". The  protest  ","has"," been planned"
"careers.ed.ac.uk",". The  petition  ","has"," been endorsed"
"sais.gov.uk","that his  CEO  ","has"," moved to less"
"sais.gov.uk",", the  choice  ","has"," been using the"
"sais.gov.uk","  system  ","has"," been"
"sais.gov.uk","  abandonment  ","has"," reached my"
"sais.gov.uk","  graffiti  ","has"," confessed."
"sais.gov.uk","the  gearbox  ","has"," failed at"
"sais.gov.uk","  progress  ","has"," merely"
"sais.gov.uk","  warming  ","has"," moved the"
"sais.gov.uk","  production  ","has"," now got to the"
"sais.gov.uk","  development  ","has"," sprung up in an"
"mbdevelopments.co.uk","Real  progress  ","has"," been made over"
"gro-scotland.gov.uk","his bad  temper  ","has"," dogged Rooney"
"jcrwww.quns.cam.ac.uk","  department  ","has"," access to the"
"jcrwww.quns.cam.ac.uk","  time  ","has"," elapsed we"
"jcrwww.quns.cam.ac.uk",". If the  item  ","has"," been opened or"
"jcrwww.quns.cam.ac.uk","returned  item  ","has"," been"
"jcrwww.quns.cam.ac.uk","  item  ","has"," been"
"jcrwww.quns.cam.ac.uk","returned  item  ","has"," been"
"jcrwww.quns.cam.ac.uk",". The  customer  ","has"," the choice of"
"melonfarmers.co.uk",". The  issue  ","has"," been split"
"forums.jolt.co.uk","in the  world  ","has"," great"
"propheticvision.org.uk","  prejudice  ","has"," interfered"
"request.org.uk","  team  ","has"," raised large"
"bobsticks.co.uk","  Government  ","has"," announced"
"bobsticks.co.uk","an  individual  ","has",", so their"
"bobsticks.co.uk","A TUC  report  ","has"," highlighted"
"bristolfiesta.co.uk","mind or  item  ","has"," been lost or"
"man.ac.uk","that the  tempo  ","has"," increased. 46"
"teamtechnology.co.uk","their  client  ","has"," the benefit of"
"teamtechnology.co.uk","now? The  court  ","has"," now set out"
"compbio.dundee.ac.uk","for  guilt  ","has"," been"
"nyb.org.uk",",  exercise  ","has"," a direct"
"nyb.org.uk","  experience  ","has"," been terrific"
"age-exchange.org.uk","This  article  ","has"," been provided"
"wen.org.uk","of the  world  ","has"," granted it an"
"wen.org.uk","  hegemony  ","has"," got to go. Asia"
"wen.org.uk",". The >  time  ","has"," come for all to"
"wen.org.uk",">  argument  ","has"," a sound"
"wen.org.uk",". > The  child  ","has"," already won"
"wen.org.uk","the  child  ","has"," > realized"
"pressbox.co.uk",". Every  effort  ","has"," been made to"
"insurgentdesire.org.uk","the  game  ","has",". Wario Land 4"
"naldic.org.uk","against  cost  ","has"," to be carried"
"naldic.org.uk","water  source  ","has"," to be used or,"
"gammassl.co.uk",". The  site  ","has"," succeeded"
"mcs.le.ac.uk","social  change  ","has"," led to a lack of"
"mcs.le.ac.uk","  Impartiality  ","has"," become the"
"mcs.le.ac.uk","  media  ","has"," become an"
"diabetesdialogue.org.uk","  Freemasonry  ","has"," a large"
"lense.net.uk","dog  collar  ","has"," red flashing"
"lense.net.uk","dog  collar  ","has"," red flashing"
"lense.net.uk","  blinker  ","has"," an LED light"
"technology.timesonline.co.uk","  expression  ","has"," it, and this"
"hyperguide.co.uk",": This  page  ","has"," been"
"taots.co.uk","the  writer  ","has"," eaten in"
"taots.co.uk","! My  favourite  ","has"," to be the"
"cee.hw.ac.uk","  elements  ","has"," been carried"
"cee.hw.ac.uk","  elements  ","has"," been carried"
"cee.hw.ac.uk",". This  survey  ","has"," since been"
"cee.hw.ac.uk","  supplements  ","has"," since been"
"find-me-a-gift.co.uk","one-day  visit  ","has"," a different"
"legendarydartmoor.co.uk"," ","has"," occured in the"
"legendarydartmoor.co.uk",", this  record  ","has"," no noisegate"
"hibberts.co.uk","  myopathy  ","has"," been made an"
"hibberts.co.uk","of the red  deer  ","has"," existed for"
"hibberts.co.uk",": A  consensus  ","has"," existed for 60"
"hibberts.co.uk","  populations  ","has"," been"
"hibberts.co.uk","  conservation  ","has"," a very long"
"borinvanloon.co.uk","that a  student  ","has"," a learning"
"fire.org.uk","that  instant  ","has"," passed, to be"
"fire.org.uk",", and  others  ","has"," persisted to"
"fire.org.uk","  photography  ","has"," its virtues."
"fire.org.uk","of his  images  ","has"," to be judged on"
"northill.demon.co.uk","  region  ","has"," certainly"
"northill.demon.co.uk",". His  voice  ","has"," a"
"whom.co.uk","  music  ","has"," since"
"whom.co.uk","  instruments  ","has"," attracted a"
"whom.co.uk","  music  ","has"," now largely"
"whom.co.uk","to  software  ","has"," given"
"whom.co.uk","  music  ","has"," become"
"whom.co.uk","Popular  music  ","has"," been"
"whom.co.uk","short  article  ","has"," tried to"
"lusu.co.uk","  balance  ","has"," become more"
"becta.org.uk","of  admittance  ","has"," been"
"pspevents.co.uk","  speciality  ","has"," been one off"
"farm.org.uk",", the  region  ","has"," hosted a"
"farm.org.uk",", the  feedback  ","has"," been"
"farm.org.uk","  coverage  ","has"," so far"
"pressbox.co.uk","  zinc  ","has"," a low toxicity"
"pressbox.co.uk","mortar)  roofs  ","has"," been queried,"
"pressbox.co.uk","  technology  ","has"," its obscure"
"eng.cam.ac.uk","  liberalism  ","has"," by no means"
"eng.cam.ac.uk","much  blood  ","has"," been spilled."
"eng.cam.ac.uk","as  research  ","has"," shown, the"
"eng.cam.ac.uk","that the  brand  ","has"," suffered no"
"eng.cam.ac.uk","the  romance  ","has"," gone out of the"
"makemyvotecount.org.uk","above  board  ","has"," been"
"makemyvotecount.org.uk","2000, the  law  ","has"," allowed trade"
"makemyvotecount.org.uk","  involvement  ","has"," been shown to"
"makemyvotecount.org.uk","  Worksmart  ","has"," reported the"
"adriandenning.co.uk","in his  mercy  ","has"," shown us the"
"thenortheast.fsnet.co.uk","times the  well  ","has"," always been"
"thenortheast.fsnet.co.uk",". A large  tree  ","has",""
"thenortheast.fsnet.co.uk","road. The  site  ","has"," suffered from"
"womens-health.co.uk","  control  ","has"," the"
"glasgowarchitecture.co.uk","the  patient  ","has"," to spend as an"
"glasgowarchitecture.co.uk",". This  service  ","has"," considerable"
"glasgowarchitecture.co.uk","  department  ","has"," close links to"
"glasgowarchitecture.co.uk",". This  service  ","has"," close links to"
"digitalegypt.ucl.ac.uk","  scheme  ","has"," been running"
"brass.cf.ac.uk",";  mankind  ","has"," been"
"surreydancemusic.co.uk","mins: The  game  ","has"," reverted to"
"surreydancemusic.co.uk","Serb  defence  ","has"," held firm so"
"sherlock-holmes.classic-literature.co.uk","of  violence  ","has"," affected the"
"sherlock-holmes.classic-literature.co.uk","  leaderships  ","has"," declined and"
"sherlock-holmes.classic-literature.co.uk",", such  contact  ","has"," largely been"
"sherlock-holmes.classic-literature.co.uk","  policy  ","has"," been to"
"sherlock-holmes.classic-literature.co.uk","  results  ","has"," been that the"
"sherlock-holmes.classic-literature.co.uk","E.  resources  ","has"," at times"
"sherlock-holmes.classic-literature.co.uk","  links  ","has"," been less"
"sherlock-holmes.classic-literature.co.uk","Ire  land  ","has"," developed a"
"sherlock-holmes.classic-literature.co.uk","C. E.  funding  ","has"," led to very"
"sherlock-holmes.classic-literature.co.uk","local  people  ","has"," had many"
"birdfinders.co.uk","your  tutor  ","has"," an email"
"birdfinders.co.uk","if  student  ","has"," indicated"
"birdfinders.co.uk","our  diploma  ","has"," been"
"birdfinders.co.uk","the  client  ","has"," a"
"birdfinders.co.uk","life  style  ","has"," on the body"
"birdfinders.co.uk","by the way  yoga  ","has"," transformed"
"irmuk.co.uk"," ","has"," even won the"
"divinity.cam.ac.uk","  wilderness  ","has"," come. John was"
"rhul.ac.uk","raw  materials  ","has"," usually been"
"rhul.ac.uk","typical  plant  ","has"," a production"
"smws.co.uk","up. This  game  ","has"," everything"
"poetrymagazines.org.uk","  officer  ","has",""
"swwater.co.uk","kg.  Antimony  ","has"," only been"
"swwater.co.uk","an  element  ","has"," not been"
"cma.soton.ac.uk","  college  ","has"," learned with"
"cma.soton.ac.uk","  graduate  ","has"," died while"
"cma.soton.ac.uk","  student  ","has"," won an award"
"cma.soton.ac.uk","PhD  student  ","has"," won the"
"cma.soton.ac.uk","  student  ","has"," won a prize"
"officiallondontheatre.co.uk","a similar  scam  ","has"," operated from"
"famousquotes.me.uk","  information  ","has"," been added to"
"setdanceteacher.co.uk",", this  book  ","has"," a foreword by"
"tvradiobits.co.uk","this  winter  ","has"," been down to my"
"cre.gov.uk","of  dialogue  ","has"," been adopted,"
"cre.gov.uk","the  atom  ","has"," parts,"
"cre.gov.uk","  research  ","has"," greatly"
"cre.gov.uk",". The  book  ","has"," an immense"
"cre.gov.uk","third  edition  ","has"," a revised"
"cre.gov.uk","  research  ","has"," greatly"
"cre.gov.uk","and  care  ","has"," been taken to"
"cre.gov.uk","This  edition  ","has"," nearly 160"
"cre.gov.uk","  handbook  ","has"," been called """
"cre.gov.uk","face of  things  ","has"," all"
"cre.gov.uk",", most  space  ","has"," been devoted"
"cre.gov.uk","  attempt  ","has"," been made to"
"cre.gov.uk","  hobby  ","has"," become so"
"cre.gov.uk",". The  author  ","has"," not organized"
"aimhigher.ac.uk","if the  airline  ","has"," very few seats"
"john.pettigrew.org.uk","  Agreement  ","has"," proved to be a"
"john.pettigrew.org.uk","  parties  ","has"," the power to"
"john.pettigrew.org.uk","  parties  ","has"," any intention"
"john.pettigrew.org.uk",", the  question  ","has"," been posed in a"
"preachtheword.co.uk","  conformation  ","has"," been"
"footy4kids.co.uk","  terms  ","has"," meant that its"
"footy4kids.co.uk","that its  power  ","has"," been reduced"
"cph.rcm.ac.uk","this  outrage  ","has"," already been"
"cph.rcm.ac.uk",". The  invasion  ","has"," created the"
"cph.rcm.ac.uk","  everything  ","has"," to be"
"cph.rcm.ac.uk","Arroyo  regime  ","has"," brazenly"
"cph.rcm.ac.uk","Arroyo  regime  ","has"," vigorously"
"cph.rcm.ac.uk","the  president  ","has"," banned all"
"century.guardian.co.uk","  capacity  ","has"," resulted in"
"century.guardian.co.uk",".  Attention  ","has"," focussed on"
"century.guardian.co.uk","& Excise  page  ","has"," further"
"century.guardian.co.uk","your  company  ","has"," a Duty of Care"
"century.guardian.co.uk","waste  licence  ","has"," increased the"
"century.guardian.co.uk","Their web  site  ","has"," information"
"century.guardian.co.uk",". This  site  ","has"," many articles"
"century.guardian.co.uk","BPF  website  ","has"," information"
"greenbuildingstore.co.uk","much  progress  ","has"," been made over"
"greenbuildingstore.co.uk","to  justice  ","has"," some way to go."
"karibuni.co.uk",", this  place  ","has"," no option but"
"karibuni.co.uk","odd  lecturer  ","has"," been"
"karibuni.co.uk","cocktail  bar  ","has"," flaming"
"karibuni.co.uk","this  lacuna  ","has"," been shut for"
"karibuni.co.uk","the same  crack  ","has"," been up about"
"cmtr.co.uk","the  line  ","has"," straightened"
"cftrust.org.uk","  facility  ","has"," been provided"
"disabilitynow.org.uk",". If the  venue  ","has"," made"
"borkowski.co.uk",", this  school  ","has"," risen from the"
"borkowski.co.uk","per  pupil  ","has"," increased in"
"borkowski.co.uk","  behaviour  ","has"," deteriorated"
"borkowski.co.uk","their  number  ","has"," already risen"
"greenleaf.demon.co.uk",". The  image  ","has"," been mirrored"
"woodforde.co.uk","or  password  ","has"," become known"
"raworths.co.uk","whole  process  ","has",", in any case,"
"raworths.co.uk",", that  role  ","has"," been played by"
"raworths.co.uk","  centuries  ","has"," been"
"sarahfreelance.co.uk","of late  days  ","has"," become so"
"synergy-health.co.uk","is as if a  giant  ","has"," eaten a large"
"the-philosopher.co.uk","first  episode  ","has"," a powerfully"
"the-philosopher.co.uk","the  child  ","has"," drowned, the"
"catalystconference.co.uk","of the  case  ","has"," an integrated"
"dmag.org.uk","  movement  ","has"," placed on the"
"kensington-unitarians.org.uk",". The  system  ","has"," been a"
"adriandenning.co.uk","the  approach  ","has"," to be based on"
"stories.the-times.co.uk","until a  fix  ","has"," been"
"helo.co.uk","the  system  ","has"," to be used but"
"helo.co.uk","use.  Supplier  ","has"," strong policy"
"historylearningsite.co.uk",". this  site  ","has"," a listing of"
"practicalpc.co.uk","  project  ","has"," been"
"practicalpc.co.uk",". The  bird  ","has"," spent most of"
"practicalpc.co.uk","piece of  data  ","has"," come from S06"
"invo.org.uk","when  someone  ","has"," a problem."
"invo.org.uk","  questions  ","has"," been enough"
"invo.org.uk","  approach  ","has"," proved"
"equinetourism.co.uk",", a  storm  ","has"," been"
"equinetourism.co.uk","  dominance  ","has"," already taken"
"equinetourism.co.uk",". The  latter  ","has"," refused to"
"equinetourism.co.uk","  dictatorship  ","has"," openly"
"equinetourism.co.uk","Bush  regime  ","has"," seized upon is"
"equinetourism.co.uk","Tehran  regime  ","has"," drawn the """
"bad.org.uk"," ","has"," had no place"
"bad.org.uk","but  consensus  ","has"," emerged on"
"bad.org.uk",". The  way  ","has"," already been"
"bitsnstuff.co.uk","  minister  ","has"," lost her seat"
"nezumi.demon.co.uk","The  programme  ","has"," been rapidly"
"nezumi.demon.co.uk","why  expansion  ","has"," been rapid but"
"nezumi.demon.co.uk","to  university  ","has"," nearly"
"nezumi.demon.co.uk","  community  ","has"," an excellent"
"frenchconnections.co.uk","whipped  cross  ","has"," too much pace"
"railwaychildren.org.uk","principal  aim  ","has"," been to"
"railwaychildren.org.uk","  information  ","has"," become"
"exporteastofengland.org.uk","of this  track  ","has"," to catch"
"motorinsurance.co.uk","our  industry  ","has"," always"
"ppewww.ph.gla.ac.uk","  business  ","has"," for some years"
"cph.rcm.ac.uk","  science  ","has"," placed in the"
"raf.mod.uk",". The  framing  ","has"," it saying"
"emco.co.uk","the  business  ","has"," a Direct Debit"
"emco.co.uk","if the  return  ","has"," been received"
"mrl.nott.ac.uk","''s  unit  ","has"," 54 beds and a"
"localhistory.scit.wlv.ac.uk","as your  order  ","has"," been"
"workingintheuk.gov.uk","  technology  ","has"," insinuated"
"cottontimes.co.uk","  area  ","has"," the advantage"
"cmtr.co.uk",". Each  member  ","has"," two votes, and"
"emotionalprocessing.org.uk","  screening  ","has"," a potential"
"c2c-guide.co.uk","the  company  ","has"," taken great"
"c2c-guide.co.uk","  issues  ","has"," been to turn"
"c2c-guide.co.uk","of  materials  ","has"," resulted in a"
"c2c-guide.co.uk","  system  ","has"," resulted in a"
"northill.demon.co.uk","! '' This  tour  ","has"," been much more"
"northill.demon.co.uk","  troupe  ","has"," in common, it"
"northill.demon.co.uk","running  tour  ","has"," taken such a"
"northill.demon.co.uk","hotel  staff  ","has"," neglected to"
"northill.demon.co.uk",". This  year  ","has"," gone so fast; I"
"iris.chesterway.co.uk","care  project  ","has"," seen dramatic"
"iris.chesterway.co.uk","where bad  news  ","has"," been the norm."
"soup.co.uk","). The  engine  ","has"," a wheel"
"soup.co.uk","small  town  ","has"," a recorded"
"lowpay.gov.uk","flexible  time  ","has"," obvious"
"mostlylucid.co.uk","  documents  ","has"," to do"
"jmr.nmm.ac.uk","of  mankind  ","has"," a 50p piece had"
"dcs.shef.ac.uk","  centre  ","has"," come later."
"dcs.shef.ac.uk",". As  time  ","has"," passed, they"
"professorharbottle.co.uk","''  welfare  ","has"," always been"
"professorharbottle.co.uk","our  patience  ","has"," paid off. Roy"
"tclt.org.uk","Verto  album  ","has"," been reissued"
"tclt.org.uk","say their  time  ","has"," come, and"
"virgintrains.co.uk","that ward  work  ","has",". Supervisors"
"virgintrains.co.uk","a  researcher  ","has"," lost their"
"ardue.org.uk","two  decades  ","has"," been due to two"
"ardue.org.uk","  electricity  ","has"," come from"
"terramedia.co.uk","basic  skills  ","has"," also"
"cssplay.co.uk",": This  page  ","has"," been"
"cssplay.co.uk","  information  ","has"," to be released"
"ulscr.org.uk","context  ­  ","has"," been"
"hefce.ac.uk","WEU. The  issue  ","has"," been debated"
"spuc.org.uk","date the  pilot  ","has","n''t been"
"divinity.cam.ac.uk","  £6,888,151  ","has"," been further"
"divinity.cam.ac.uk",". The  surgeon  ","has"," told me that no"
"divinity.cam.ac.uk",". Your  help  ","has"," transformed"
"musicbyarrangement.co.uk","  campaign  ","has"," been"
"stainer.co.uk","The  tribunal  ","has"," the"
"exporteastofengland.org.uk",". Now an  angel  ","has"," such a nice"
"worldwar1.co.uk","your  friends  ","has"," a distinct,"
"worldwar1.co.uk","Your  church  ","has"," a fully loaded"
"worldwar1.co.uk","Your  tata  ","has"," a smoke house"
"worldwar1.co.uk","on the  block  ","has"," a nickname for"
"worldwar1.co.uk","when your  mom  ","has"," a whole"
"worldwar1.co.uk","family  member  ","has"," his/ her own"
"countryside.gov.uk","  evidence  ","has"," been found. To"
"theweddingnetwork.co.uk","This  group  ","has"," been set up to"
"dcmt.cranfield.ac.uk","''An  error  ","has"," occurred in"
"dcmt.cranfield.ac.uk","set of  files  ","has"," been"
"dcmt.cranfield.ac.uk","your  computer  ","has"," at least"
"dcmt.cranfield.ac.uk","image on  disk  ","has"," been"
"dcmt.cranfield.ac.uk","  netheapsize  ","has"," made any"
"dcmt.cranfield.ac.uk","off.  Windows  ","has"," command line"
"theobamber.co.uk"," ","has"," a history of"
"theobamber.co.uk","This  paper  ","has"," a bias towards"
"theobamber.co.uk","the  client  ","has"," gone from"
"theobamber.co.uk",". The  client  ","has"," responded"
"euroinvestor.co.uk","  castle  ","has"," been"
"euroinvestor.co.uk",". Local  legend  ","has"," long"
"congressfordemocracy.org.uk","so,  inclusion  ","has"," become the"
"congressfordemocracy.org.uk","  policies  ","has"," been evident"
"congressfordemocracy.org.uk","  class  ","has"," three aspects"
"gerald-massey.org.uk",". Each  hero  ","has"," a unique"
"clwww.essex.ac.uk","dynamo  light  ","has"," never been"
"clwww.essex.ac.uk"," ","has"," increased"
"blueboxcomms.co.uk",": This  page  ","has"," been"
"blueboxcomms.co.uk","that a  mistake  ","has"," been made or"
"blueboxcomms.co.uk","that a  policy  ","has"," failed has"
"blueboxcomms.co.uk","  government  ","has"," responded"
"blueboxcomms.co.uk",". But  progress  ","has"," been limited,"
"blueboxcomms.co.uk",". The  argument  ","has"," never been"
"blueboxcomms.co.uk","the  authority  ","has"," no legal power"
"blueboxcomms.co.uk",". An  official  ","has"," acknowledged"
"blueboxcomms.co.uk","  act  ","has",", on numerous"
"whisperingspirits.co.uk",", PEGGY ''s  life  ","has"," been"
"newsoftheworld.co.uk","if your  period  ","has"," not started."
"cwn.org.uk","  search  ","has"," been"
"cwn.org.uk","of  synthesis  ","has"," been done in a"
"cwn.org.uk","the RCT  design  ","has"," fewer factors"
"armyoneverest.mod.uk",".  Highlander  ","has"," more than 8"
"periodproperty.co.uk","  segregation  ","has"," some"
"periodproperty.co.uk","  segregation  ","has"," had a number of"
"periodproperty.co.uk","  separation  ","has"," not been"
"periodproperty.co.uk","the  region  ","has"," produced"
"periodproperty.co.uk","  segregation  ","has"," continued"
"periodproperty.co.uk","a bad  thing  ","has"," meant that"
"periodproperty.co.uk","urban  society  ","has"," been"
"periodproperty.co.uk","  segregation  ","has"," never been as"
"periodproperty.co.uk","built  housing  ","has"," meant a net"
"periodproperty.co.uk","  population  ","has"," been moving"
"emotionalprocessing.org.uk","the  council  ","has"," a strong"
"robertmoir.co.uk","4 in the  paper  ","has"," exactly the"
"mybrightonandhove.org.uk",". The  review  ","has"," a lot of useful"
"andsoitbegins.co.uk","Cup  hockey  ","has"," been"
"pantaneto.co.uk","of  signatures  ","has"," been"
"lse.co.uk","which  hunting  ","has"," on our society"
"lse.co.uk","or  something  ","has"," gone wrong. I"
"lse.co.uk","  community  ","has"," adapted to"
"lse.co.uk","little  money  ","has"," found a"
"vads.ahds.ac.uk","  employer  ","has"," failed to"
"fie.org.uk","function  name  ","has"," a type that is"
"bsactravelclub.co.uk","of the  course  ","has"," been fully"
"bsactravelclub.co.uk","  nominations  ","has"," been extended"
"dmag.org.uk","the  following  ","has"," been"
"isomatic.co.uk","  government  ","has"," made a number"
"comment.zdnet.co.uk","  adaptor  ","has"," been detected"
"proquest.co.uk","all our  bodies  ","has"," a certain"
"proquest.co.uk","if one  person  ","has"," a cold it does"
"proquest.co.uk","  scientists  ","has"," now proved"
"compendia.co.uk","  development  ","has"," been slow by"
"compendia.co.uk",",  progress  ","has"," been below the"
"compendia.co.uk","exact  picture  ","has"," also been"
"compendia.co.uk","data New  data  ","has"," now been"
"compendia.co.uk","  methodology  ","has"," some problems"
"compendia.co.uk","  government  ","has"," embraced"
"compendia.co.uk","of  telework  ","has"," very much"
"william-shakespeare.org.uk","This  facility  ","has"," greatly"
"railart.co.uk","  fight  ","has"," spilled over"
"ubu.org.uk","  home  ","has"," been"
"ubu.org.uk",". Each  cottage  ","has"," its own"
"nbtea.co.uk","  conflict  ","has"," been carved"
"nbtea.co.uk",".  Memory  ","has"," been"
"nbtea.co.uk","right to  life  ","has"," evolved to"
"shipit.co.uk","- my  laptop  ","has"," a pixel"
"shipit.co.uk","of  technology  ","has"," existed for"
"icbirmingham.icnetwork.co.uk",""" The  collapse  ","has"," been"
"redking.co.uk",",  man  ","has"," suppressed"
"redking.co.uk","that  man  ","has"," always known"
"redking.co.uk","All of  mankind  ","has"," a sense of"
"redking.co.uk",", at some  time  ","has"," bought into"
"isfp.co.uk","  recycling  ","has"," several"
"isfp.co.uk","where the  cap  ","has"," been and see"
"library.stir.ac.uk","  housing  ","has"," contributed"
"library.stir.ac.uk"," ","has"," been"
"library.stir.ac.uk","rural  problem  ","has"," important"
"library.stir.ac.uk","  segregation  ","has"," fluctuated"
"jcrwww.quns.cam.ac.uk"," ","has"," come on leaps"
"jcrwww.quns.cam.ac.uk","see every  day  ","has"," been going on"
"jcrwww.quns.cam.ac.uk","One  manager  ","has"," called this """
"jcrwww.quns.cam.ac.uk","  statement  ","has"," to be modified"
"secure.bfi.org.uk","  Eliminator  ","has"," a pillion seat"
"publicservice.co.uk","  panel  ","has"," both"
"accountability.org.uk","  population  ","has"," far exceeded"
"poetrymagazines.org.uk","... Our  hero  ","has"," got himself"
"motorinsurance.co.uk","  country  ","has"," its own"
"monkoptics.co.uk","user  client  ","has"," been"
"monkoptics.co.uk","  Skype  ","has"," rated the"
"monkoptics.co.uk","  Skype  ","has"," rated the"
"monkoptics.co.uk","This  email  ","has"," been scanned"
"monkoptics.co.uk","This  email  ","has"," been scanned"
"word-on-the-web.co.uk","sure  everyone  ","has"," had such"
"adfam-parents.org.uk","station  yard  ","has"," picnic tables"
"adfam-parents.org.uk","village  hall  ","has"," been the focal"
"ccruni.gov.uk","  growth  ","has"," resulted in"
"ccruni.gov.uk","  development  ","has"," reached a"
"buildingdesign.co.uk","so your  body  ","has"," the energy it"
"transgirl.co.uk","our tour  guide  ","has",""
"sfx.co.uk","  down-turn  ","has"," been largely"
"sfx.co.uk","  industry  ","has"," been"
"sfx.co.uk",".  Competition  ","has"," forced"
"sfx.co.uk","this  effect  ","has"," been offset by"
"sfx.co.uk","its  territory  ","has"," been invaded"
"sfx.co.uk","  readership  ","has"," declined more"
"sfx.co.uk","than one  title  ","has"," become"
"sfx.co.uk","  audience  ","has"," changed. The"
"sfx.co.uk","of the  market  ","has",", at least for"
"sfx.co.uk","the Tory  party  ","has"," been unable to"
"sfx.co.uk",",  politics  ","has"," become"
"sfx.co.uk",".  Nothing  ","has"," really"
"sfx.co.uk","foreign  news  ","has"," long been the"
"sfx.co.uk","from  politics  ","has"," been"
"paulcrawford.co.uk","  volume  ","has"," been prepared"
"paulcrawford.co.uk","it the  author  ","has"," endeavored to"
"paulcrawford.co.uk",". This  view  ","has"," now been shown"
"paulcrawford.co.uk","human  brain  ","has",""
"paulcrawford.co.uk","the  atom  ","has"," parts,"
"paulcrawford.co.uk","  research  ","has"," greatly"
"paulcrawford.co.uk","  research  ","has"," greatly"
"paulcrawford.co.uk","This  edition  ","has"," nearly 160"
"paulcrawford.co.uk","  research  ","has"," modified the"
"paulcrawford.co.uk",". This  book  ","has"," been the basis"
"paulcrawford.co.uk","face of  things  ","has"," all"
"paulcrawford.co.uk",", most  space  ","has"," been devoted"
"paulcrawford.co.uk","  attempt  ","has"," been made to"
"paulcrawford.co.uk","  hobby  ","has"," become so"
"paulcrawford.co.uk",". The  author  ","has"," not organized"
"paulcrawford.co.uk","of the  pages  ","has"," a piece"
"paulcrawford.co.uk","the  surface  ","has"," natural wear"
"ageconcern.org.uk"," ","has"," never been"
"ageconcern.org.uk","much  progress  ","has"," been made"
"ageconcern.org.uk","stark  warning  ","has"," come from the"
"realclassic.co.uk","web  address  ","has"," ''uk '' in it -"
"realclassic.co.uk","the  company  ","has"," a privacy"
"constipationadvice.co.uk","until  payment  ","has"," been received"
"constipationadvice.co.uk","such  return  ","has"," been"
"constipationadvice.co.uk","  address  ","has"," been given to"
"constipationadvice.co.uk","that  VAT  ","has"," been charged."
"banksafeonline.org.uk","  website  ","has"," provided some"
"thetablet.co.uk","  recruitment  ","has"," also raised"
"congressfordemocracy.org.uk","a  penalty  ","has"," now passed. If"
"congressfordemocracy.org.uk","The EOY  Return  ","has"," been"
"congressfordemocracy.org.uk","your  Return  ","has"," been accepted"
"congressfordemocracy.org.uk","EOY  Return  ","has"," been"
"congressfordemocracy.org.uk","Once a P14  part  ","has"," been checked,"
"congressfordemocracy.org.uk","if your  Return  ","has"," failed these"
"congressfordemocracy.org.uk","whole  Return  ","has"," been"
"congressfordemocracy.org.uk","you that  £250  ","has"," been credited"
"congressfordemocracy.org.uk","The EOY  Return  ","has"," been"
"congressfordemocracy.org.uk","  payment  ","has"," been credited"
"vare.org.uk","  system  ","has"," inevitable"
"vare.org.uk","  campaign  ","has"," been mounted"
"vare.org.uk","  pension  ","has"," grown. The TUC"
"vare.org.uk","link. The  call  ","has"," been"
"vare.org.uk","  savings  ","has"," increased the"
"vare.org.uk","  stockmarket  ","has"," outperformed"
"vare.org.uk",".  Government  ","has"," committed up"
"vare.org.uk","  equipment  ","has"," already been"
"vare.org.uk","the  campaign  ","has"," addressed the"
"vare.org.uk","  somebody  ","has"," recently"
"vare.org.uk","prepared  food  ","has"," not stood up to"
"vare.org.uk","hours  culture  ","has"," been dealt a"
"vare.org.uk","  regulation  ","has"," a part to play,"
"vare.org.uk","Up!  Campaign  ","has"," seen"
"vare.org.uk","  Connect  ","has"," been able to"
"vare.org.uk","  contracts  ","has"," almost"
"bordercrossings.org.uk","  Overcrowding  ","has"," put paid to"
"bordercrossings.org.uk","  Overcrowding  ","has"," become a major"
"bordercrossings.org.uk",". The  number  ","has"," consistently"
"women.timesonline.co.uk","''s  address  ","has"," changed to"
"women.timesonline.co.uk","  webpages  ","has"," moved from"
"legendarydartmoor.co.uk",": 1. The  page  ","has"," been moved or"
"orbitsw.co.uk",". The  system  ","has"," recently"
"portakabin.co.uk","  condition  ","has"," declined due"
"connells.co.uk","their  site  ","has"," the lowest"
"connells.co.uk","the  airline  ","has"," just jacked up"
"connells.co.uk","the  increase  ","has","n''t yet found"
"connells.co.uk","the  agent  ","has"," more"
"orgs.man.ac.uk","that the  site  ","has"," recently been"
"orgs.man.ac.uk","  outbreak  ","has"," helped with"
"fuelwood.co.uk","a  complaint  ","has"," been made, and"
"fuelwood.co.uk","  department  ","has"," the power to"
"fuelwood.co.uk","and the  alarm  ","has"," been sounding"
"webtag.org.uk","mobile  phones  ","has"," no such"
"mandrake.demon.co.uk",",  delirium  ","has"," a prevalence"
"safeguardbarriers.co.uk","the poor  man  ","has"," nothing on"
"walltowall.co.uk","for the  police  ","has"," been rejected"
"walltowall.co.uk","the  authority  ","has"," thought about"
"woodforde.co.uk","; every  room  ","has"," interesting"
"woodforde.co.uk","; This  level  ","has"," a strong style"
"woodforde.co.uk","Each  building  ","has"," plenty of"
"woodforde.co.uk",". The  author  ","has"," used a lot of"
"dcs.gov.uk","the  industry  ","has"," forgotten it,"
"p-jones.demon.co.uk","  program  ","has"," to be"
"nutrition.org.uk","  material  ","has"," yet to appear"
"synergy-health.co.uk","of  dialogue  ","has"," been adopted,"
"synergy-health.co.uk",". This  book  ","has"," blank pages"
"synergy-health.co.uk","(this  volume  ","has"," some blank"
"synergy-health.co.uk",""" The box  cover  ","has"," some minor"
"synergy-health.co.uk","and the  author  ","has"," set it forth in"
"synergy-health.co.uk","and the  author  ","has"," authographed"
"britishblogs.co.uk",". If  anyone  ","has"," not received"
"britishblogs.co.uk","  government  ","has"," a major impact"
"proquest.co.uk","of the  village  ","has"," been"
"proquest.co.uk","The  village  ","has"," an excellent"
"seered.co.uk",". The  business  ","has"," become too"
"seered.co.uk","of  ships  ","has"," failed to"
"src.le.ac.uk","complete  list  ","has"," been sent to us"
"src.le.ac.uk","juvenile  S11  ","has"," returned to"
"src.le.ac.uk","email  service  ","has"," resumed this"
"src.le.ac.uk",". It ''s  map  ","has"," been updated."
"rousette.org.uk","  movement  ","has"," to develop its"
"pixeltechnology.co.uk","  immigration  ","has"," been good for"
"pixeltechnology.co.uk","  purpose  ","has"," been kept so"
"birds-eye-view.co.uk","over. My  hotel  ","has"," upgraded me to"
"divinity.cam.ac.uk"," ","has"," just received"
"divinity.cam.ac.uk","highest  court  ","has"," ruled that"
"divinity.cam.ac.uk","the  lamp-post  ","has"," a nasty habit"
"divinity.cam.ac.uk","  announcement  ","has"," also been"
"bad.org.uk","last  week  ","has"," put me back. as"
"bad.org.uk","  track  ","has"," been removed,"
"bad.org.uk"," ","has"," caused the"
"bad.org.uk","that your  wife  ","has"," died on the way"
"bad.org.uk","  competition  ","has"," still not"
"bad.org.uk","or fewer  euan  ","has"," done a nice job"
"northants-chamber.co.uk",".  Highlander  ","has"," a broad range"
"stone.newton.cam.ac.uk","each  player  ","has"," a short"
"stone.newton.cam.ac.uk","each  player  ","has"," a limited"
"usdaw.org.uk","This  argument  ","has"," the same"
"usdaw.org.uk","time-  spec  ","has"," nanosecond"
"usdaw.org.uk","if write  data  ","has"," caught read"
"usdaw.org.uk","= 0;/* one  side  ","has"," closed the"
"usdaw.org.uk","if an  error  ","has"," occurred. For"
"usdaw.org.uk","the other  end  ","has"," died returns"
"usdaw.org.uk","  descriptor  ","has"," experienced"
"usdaw.org.uk",") system  call  ","has"," the same"
"24hourmuseum.org.uk","means the  zero  ","has"," been placed on"
"24hourmuseum.org.uk","of the  d-pad  ","has"," been moved to"
"practicalpc.co.uk","A  vacancy  ","has"," arisen for one"
"practicalpc.co.uk",".  £130  ","has"," been raised so"
"staffs.ac.uk","design  scheme  ","has"," been chosen to"
"staffs.ac.uk","  landform  ","has"," been used to"
"staffs.ac.uk","  works  ","has"," been recycled"
"staffs.ac.uk","A new  footpath  ","has"," been"
"staffs.ac.uk","? ?s  expertise  ","has"," continued to"
"roymech.co.uk",", this  legend  ","has"," not been"
"tuc.org.uk","drama  series  ","has"," become a"
"tuc.org.uk","Black  pool  ","has"," its fair share"
"tuc.org.uk","where the  body  ","has"," been"
"psnc.org.uk","price or  value  ","has"," never"
"jamescowper.co.uk","This  dish  ","has"," a wonderful,"
"bagpipeworld.co.uk","  government  ","has"," announced"
"bagpipeworld.co.uk","UCI site A  site  ","has"," recently come"
"bagpipeworld.co.uk","traffic  noise  ","has"," risen by 67 %. """
"bagpipeworld.co.uk",". The  content  ","has"," a number of"
"bagpipeworld.co.uk","  group  ","has"," met every"
"moggies.co.uk",". The  hoist  ","has"," been designed"
"moggies.co.uk",". The  cell  ","has"," been designed"
"uec.ac.uk","and  women  ","has"," a positive"
"man.ac.uk","second  hand  ","has"," been brought"
"man.ac.uk","action  system  ","has"," the advantage"
"gleeson0.demon.co.uk","LEC  project  ","has"," brought"
"epoxy-resins.co.uk",". The  company  ","has"," been working"
"epoxy-resins.co.uk","  period  ","has"," identified a"
"mda.org.uk"," ","has"," deleted your"
"mda.org.uk","or  someone  ","has"," not"
"mda.org.uk","(if the  admin  ","has"," enabled this"
"mda.org.uk",". If  someone  ","has"," already"
"mda.org.uk","once  someone  ","has"," replied. Back"
"mda.org.uk"," ","has"," disabled"
"mda.org.uk"," ","has"," prevented you"
"fairtrade.org.uk","  screening  ","has"," been treated"
"ling.ed.ac.uk",". The  course  ","has"," been"
"ling.ed.ac.uk",". This  course  ","has"," been"
"mansfield.gov.uk","the  hillside  ","has"," been piped."
"newsweaver.co.uk","list data  type  ","has"," some more"
"newsweaver.co.uk",": the  syntax  ","has"," some extra"
"lincolnshire.gov.uk","  sovereignty  ","has"," been so"
"borkowski.co.uk","Donuts  chain  ","has"," any"
"borkowski.co.uk","  newspapers  ","has"," been almost"
"borkowski.co.uk","too. "" The  idea  ","has"," gained the"
"borkowski.co.uk",". The  child  ","has"," not asked for a"
"caledonian.ac.uk","the ECHO  staff  ","has"," created this"
"caledonian.ac.uk","whose  work  ","has"," been"
"caledonian.ac.uk"," ","has"," transformed"
"caledonian.ac.uk","one  scholar  ","has",""
"caledonian.ac.uk","  quilt  ","has"," replaced the"
"moneybasics.co.uk","prints  bfi  ","has"," brand new"
"localhistory.scit.wlv.ac.uk",". The  town  ","has"," been"
"localhistory.scit.wlv.ac.uk","  parades  ","has"," a long history"
"localhistory.scit.wlv.ac.uk","  districts  ","has"," become quite"
"boredramblings.co.uk","  architecture  ","has"," earned it a"
"thompsons.law.co.uk","of the  picture  ","has"," continued"
"thompsons.law.co.uk","that its  map  ","has"," been redrawn"
"thompsons.law.co.uk","juvenile  S11  ","has"," made it! Its"
"thompsons.law.co.uk","  positions  ","has"," been drawn on"
"kenyabirds.org.uk","single  person  ","has"," a complete"
"kenyabirds.org.uk","  storyteller  ","has"," omitted any"
"soup.co.uk",". The  tool  ","has"," been"
"soup.co.uk","the audit  tool  ","has"," been approved"
"soundbeam.co.uk","  journalists  ","has"," changed the"
"soundbeam.co.uk","the  Internet  ","has"," massively"
"soundbeam.co.uk","this in  turn  ","has"," impacted the"
"soundbeam.co.uk","  impact  ","has"," been a huge"
"soundbeam.co.uk","  journalist  ","has"," also been"
"soundbeam.co.uk","billion  pages  ","has"," come into"
"soundbeam.co.uk","the  Internet  ","has"," changed the"
"soundbeam.co.uk",", the  Internet  ","has"," become the"
"soundbeam.co.uk","the  Internet  ","has"," had on the"
"soundbeam.co.uk","via the  web  ","has"," enabled a"
"soundbeam.co.uk",", the  Internet  ","has"," become the"
"soundbeam.co.uk",") The  Internet  ","has"," become a tool"
"soundbeam.co.uk","  habits  ","has"," had a major"
"soundbeam.co.uk","  television  ","has"," lead to a"
"soundbeam.co.uk","  journalists  ","has"," been"
"soundbeam.co.uk","  devices  ","has"," impacted the"
"soundbeam.co.uk","  media  ","has"," increased the"
"soundbeam.co.uk","the  Internet  ","has"," had the"
"soundbeam.co.uk",", the  Internet  ","has"," become the"
"retirement-matters.co.uk","  experience  ","has"," seen him work"
"retirement-matters.co.uk","  background  ","has"," come through"
"retirement-matters.co.uk",". If  someone  ","has"," a "" secret """
"wellchild.org.uk","the  developer  ","has"," still not"
"wellchild.org.uk","  authority  ","has"," no power to"
"wellchild.org.uk","any  advice  ","has"," been taken"
"wellchild.org.uk",": This  aspect  ","has"," received"
"wellchild.org.uk","The  developer  ","has"," now sought a"
"wellchild.org.uk","  visitation  ","has"," been accepted"
"wellchild.org.uk","% modal  split  ","has"," not been"
"wellchild.org.uk","The  developer  ","has"," further"
"wellchild.org.uk","  elements  ","has"," been severely"
"wellchild.org.uk",", no  account  ","has"," been taken of"
"wellchild.org.uk","The  developer  ","has"," agreed, and it"
"wellchild.org.uk","than his  brief  ","has"," so far"
"wellchild.org.uk","  legislature  ","has"," been careful"
"wellchild.org.uk","the  developer  ","has"," still not"
"wellchild.org.uk","new  building  ","has"," been"
"farm.org.uk","the new  year  ","has"," barely begun,"
"farm.org.uk","in. The  spirit  ","has"," unfinished"
"farm.org.uk","why her  son  ","has"," taken to"
"fie.org.uk","bed. Next  door  ","has"," dug over a fair"
"fie.org.uk","and the  soil  ","has"," been dug and"
"asylumsupport.org.uk",". ''Your  school  ","has"," to change..."
"asylumsupport.org.uk","  Government  ","has"," introduced"
"asylumsupport.org.uk","year ''s  test  ","has"," a large-scale"
"asylumsupport.org.uk","after the  test  ","has"," been"
"supertarot.co.uk","mp3  player  ","has"," Built-in"
"arc-property.co.uk","  overcrowding  ","has"," resulted in an"
"arc-property.co.uk","new  prisons  ","has"," not been a"
"arc-property.co.uk","April.  Prison  ","has"," a poor record"
"yorkracecourse.co.uk","  programme  ","has"," cost $30M in"
"top50freebies.co.uk","your  trust  ","has"," been woefully"
"top50freebies.co.uk",". '' Her  Majesty  ","has"," not kept these"
"carcanet.co.uk","July This  week  ","has"," been given"
"carcanet.co.uk",". My  daughter  ","has"," just taken a"
"carcanet.co.uk","the new  blog  ","has"," none, my"
"backroadstouring.co.uk","vivid  images  ","has"," inspired"
"insideoutpr.co.uk",". Each  member  ","has"," two votes, and"
"careers.ed.ac.uk",") This  book  ","has"," been written"
"careers.ed.ac.uk","  treatment  ","has"," been subject"
"autorack.co.uk","  community  ","has"," said that this"
"autorack.co.uk","''s  will  ","has"," been"
"autorack.co.uk","this  issue  ","has"," to be tackled,"
"autorack.co.uk",", this  issue  ","has"," to be dealt"
"autorack.co.uk","  government  ","has"," got its"
"historylearningsite.co.uk","  service  ","has"," established"
"btp.police.uk","24 hour  news  ","has"," become a"
"btp.police.uk","the  internet  ","has"," both good and"
"btp.police.uk","of  technology  ","has"," most MPs beat"
"education.bham.ac.uk","your  quarry  ","has"," to inspect"
"apinfo.co.uk","son when no  man  ","has"," touched me? """
"apinfo.co.uk","  hadith  ","has"," this to say: By"
"apinfo.co.uk",". Whereas  man  ","has"," to adopt this"
"apinfo.co.uk","and  earth  ","has"," submitted to"
"apinfo.co.uk","  universe  ","has"," been"
"apinfo.co.uk","the  president  ","has"," repeatedly"
"apinfo.co.uk","  pastor  ","has"," been murdered"
"apinfo.co.uk",". "" The  country  ","has"," two churches"
"famousquotes.me.uk","  science  ","has"," taken a few"
"antiquefairs.co.uk",". As  summer  ","has"," finally"
"star-www.st-and.ac.uk","Detroit  life  ","has"," not been such"
"clinimed.co.uk",". The  project  ","has"," improved"
"clinimed.co.uk",". The  council  ","has"," provided its"
"clinimed.co.uk","  working  ","has"," been achieved"
"clinimed.co.uk",". The  solution  ","has"," been to"
"new-agri.co.uk",",  research  ","has"," showed. Full"
"new-agri.co.uk",", new  research  ","has"," showed. Full"
"new-agri.co.uk",", a new  report  ","has"," predicted."
"brucesfingers.co.uk","This  syllabus  ","has"," been"
"healthmatters.org.uk","  diplomacy  ","has"," been backed"
"healthmatters.org.uk",". A  start  ","has"," been made on"
"sat.dundee.ac.uk","the  fatality  ","has"," occurred"
"cs.ucl.ac.uk","trash  rack  ","has"," been used but"
"cs.ucl.ac.uk","type of  filter  ","has"," a number of"
"cs.ucl.ac.uk","first  flush  ","has"," been diverted"
"cs.ucl.ac.uk",". This  method  ","has"," obvious"
"cs.ucl.ac.uk","  water  ","has"," been diverted"
"accountability.org.uk","with  catnip  ","has"," a"
"nervous.co.uk",". So, if  anyone  ","has"," had any"
"nervous.co.uk","""  remedies  ","has"," been"
"saa.co.uk","24 hour  news  ","has"," become a"
"saa.co.uk","of  technology  ","has"," most MPs beat"
"literacytrust.org.uk","  Government  ","has"," made changes"
"orcadian.co.uk","common  grave  ","has"," been found in"
"worldwar1.co.uk","the 11th  floor  ","has"," now yielded a"
"edietsuk.co.uk",": This  page  ","has"," been"
"edietsuk.co.uk","of  access  ","has"," been delayed"
"edietsuk.co.uk","of  government  ","has"," now reached"
"micromaterials.co.uk","  program  ","has"," to be"
"micromaterials.co.uk","the  athlete  ","has"," a medical"
"taots.co.uk","this  phase  ","has"," largely been"
"spuc.org.uk",",  damage  ","has"," occurred to"
"spuc.org.uk","in 1997.  FOE  ","has"," recently"
"spuc.org.uk",". The  time  ","has"," now come for"
"ml-consult.co.uk",". This  article  ","has"," three"
"ml-consult.co.uk","2 The  amygdala  ","has"," been called"
"ml-consult.co.uk","a  question  ","has"," been asked ("
"ml-consult.co.uk","the  question  ","has"," been"
"ml-consult.co.uk"," ","has"," been teaching"
"psnc.org.uk",". The  company  ","has"," asked the"
"ids.ac.uk","  membership  ","has"," risen"
"ids.ac.uk","  inflation  ","has"," pushed"
"ids.ac.uk","''s  population  ","has"," been"
"ids.ac.uk","  population  ","has"," increased by"
"ids.ac.uk","  market  ","has"," a magnetic"
"ids.ac.uk","  government  ","has"," never"
"ids.ac.uk","  immigration  ","has"," been central"
"ids.ac.uk","around  race  ","has"," meant that"
"ids.ac.uk",".  Immigration  ","has"," come to"
"verisign.co.uk","  education  ","has"," been more"
"scotcourts.gov.uk","  division  ","has"," given"
"eagle19.freeserve.co.uk",". Each  person  ","has"," different"
"moremusic.co.uk","  progress  ","has"," been made,"
"archaeology.co.uk","  business  ","has"," been"
"archaeology.co.uk","a  veto  ","has"," been"
"archaeology.co.uk","to this  effect  ","has"," been tabled."
"archaeology.co.uk","interest  test  ","has"," been moved"
"archaeology.co.uk","  terminology  ","has"," been changed."
"archaeology.co.uk",". The  clause  ","has"," been heavily"
"italian.classic-literature.co.uk","in the  legend  ","has"," survived, in"
"italian.classic-literature.co.uk","  pilgrimage  ","has"," always"
"italian.classic-literature.co.uk","  well-crypt  ","has"," never ceased"
"italian.classic-literature.co.uk","but the  chapel  ","has"," seen many"
"italian.classic-literature.co.uk","  construction  ","has"," survived. We"
"italian.classic-literature.co.uk",".  Pilgrimage  ","has"," many reasons."
"alcs.group.shef.ac.uk","  programme  ","has"," produced a"
"alcs.group.shef.ac.uk",".  Bandolier  ","has"," a review of one"
"codexbooks.co.uk","? Our  research  ","has"," identified 55"
"biomed.abdn.ac.uk","the match  draw  ","has"," started entry"
"comedycv.co.uk","a valid  claim  ","has"," already been"
"comedycv.co.uk","the  prize  ","has"," been released"
"jamescowper.co.uk","way.  Exercise  ","has"," revealed"
"voa.gov.uk",", our  city  ","has"," two"
"cottontimes.co.uk","that  society  ","has"," taught you and"
"acidsmile.co.uk","that  everyone  ","has"," a right to veto"
"acidsmile.co.uk","as the  chair  ","has"," announced her"
"acidsmile.co.uk","that the  group  ","has"," shared. Don''t"
"aeroflight.co.uk","this  studio  ","has"," made a smooth"
"aeroflight.co.uk","  studio  ","has"," a proven"
"aeroflight.co.uk",", this  company  ","has"," created over"
"aeroflight.co.uk","  studio  ","has"," a proven"
"aeroflight.co.uk","  studio  ","has"," a proven"
"aeroflight.co.uk","  studio  ","has"," a proven"
"aeroflight.co.uk","  Developer  ","has"," been in the"
"aeroflight.co.uk","  organisation  ","has"," enormous name"
"aeroflight.co.uk","the  team  ","has"," expanded"
"aeroflight.co.uk","  company  ","has"," been around"
"aeroflight.co.uk","PC. The  team  ","has"," expanded"
"aeroflight.co.uk","this  studio  ","has"," made a smooth"
"aeroflight.co.uk","the  team  ","has"," expanded"
"aeroflight.co.uk","  Developer  ","has"," been in the"
"aeroflight.co.uk","  organisation  ","has"," enormous name"
"aeroflight.co.uk",". The  company  ","has"," a staff of 125,"
"aeroflight.co.uk","; our  client  ","has"," grown to be one"
"aeroflight.co.uk","; our  client  ","has"," grown to be one"
"aeroflight.co.uk","; our  client  ","has"," grown to be one"
"aeroflight.co.uk","; our  client  ","has"," grown to be one"
"aeroflight.co.uk","; our  client  ","has"," grown to be one"
"aeroflight.co.uk","; our  client  ","has"," grown to be one"
"aeroflight.co.uk","; our  client  ","has"," grown to be one"
"aeroflight.co.uk","; our  client  ","has"," grown to be one"
"recyclezone.org.uk","so my  menorah  ","has"," been primed"
"recyclezone.org.uk","  noodling  ","has"," turned me into"
"kenyabirds.org.uk","  system  ","has"," been"
"kenyabirds.org.uk","This  email  ","has"," been scanned"
"kenyabirds.org.uk","This  email  ","has"," been scanned"
"recklessgardener.co.uk","back  standard  ","has"," been"
"dcs.shef.ac.uk","clipless ''  use  ","has"," been"
"martynmission.cam.ac.uk","Uaid ''s  blog  ","has"," a number of"
"martynmission.cam.ac.uk","if  Respect  ","has"," a large block"
"dcs.gov.uk",". ""  Nothing  ","has"," been heard of"
"scalibor.co.uk","Once an  agency  ","has"," been"
"scalibor.co.uk","; that  funding  ","has"," not kept pace"
"scalibor.co.uk","  greenspace  ","has"," increased or"
"scalibor.co.uk","Once an  agency  ","has"," been"
"scalibor.co.uk","; that  funding  ","has"," not kept pace"
"bectu.org.uk","the  gallery  ","has"," organised"
"bectu.org.uk","  television  ","has"," changed in"
"bectu.org.uk","  dress  ","has"," profoundly"
"bectu.org.uk","  dress  ","has"," become a truly"
"bectu.org.uk",". ''The  IPL  ","has"," been"
"englandsquashmasters.co.uk","Bauhaus  work  ","has"," disappeared;"
"avtalk.co.uk","case  law  ","has"," shown that"
"weddingguide.co.uk","chipping  pile  ","has"," nearly gone"
"weddingguide.co.uk","at how the  soil  ","has"," improved"
"weddingguide.co.uk","  problem  ","has"," been that the"
"weddingguide.co.uk","small  heater  ","has"," caused the"
"weddingguide.co.uk","new  extension  ","has"," windows with"
"nwtv.co.uk","  conspiracy  ","has"," been"
"nwtv.co.uk","and  criminals  ","has"," after all met"
"lsbu.ac.uk"," ","has"," meant that the"
"ch.cam.ac.uk","where on  earth  ","has"," he come from,"
"ibogaine.co.uk","every  effort  ","has"," been taken to"
"propheticvision.org.uk","  reminder  ","has"," not helped. 7)"
"gradunion.cam.ac.uk","pitch  control  ","has"," gone funny"
"reading.ac.uk","? '' My  child  ","has"," been asked to"
"ipaqrepair.co.uk","  inclusion  ","has"," lately taken a"
"ipaqrepair.co.uk",""" that  society  ","has"," imposed, and"
"ipaqrepair.co.uk","that a  child  ","has"," "" learning,"
"ipaqrepair.co.uk","  principal  ","has"," a supportive"
"ipaqrepair.co.uk","charity  model  ","has",""
"evuk.co.uk","the  country  ","has"," been exposed"
"hyperguide.co.uk",". This  story  ","has"," captivated"
"udsu.co.uk","Carlisle  man  ","has"," been jailed"
"udsu.co.uk","and  disasters  ","has"," taken off"
"udsu.co.uk","  pass  ","has"," been given a"
"udsu.co.uk","A TEENAGE  girl  ","has"," blasted a"
"udsu.co.uk","  agency  ","has"," said should be"
"udsu.co.uk","  science  ","has"," been launched"
"udsu.co.uk"," ","has"," been the"
"udsu.co.uk","whose  heart  ","has"," stopped. The"
"udsu.co.uk","  woman  ","has"," been left"
"udsu.co.uk"," ","has"," revealed."
"udsu.co.uk","  paramedics  ","has"," reached an"
"udsu.co.uk","  trust  ","has"," launched an"
"crusaders.org.uk",": This  page  ","has"," been"
"crusaders.org.uk","  information  ","has"," been withheld"
"brucesfingers.co.uk","that the  mind  ","has"," a certain"
"brucesfingers.co.uk","the  village  ","has"," nearly"
"brucesfingers.co.uk",".  Excavation  ","has"," shown that"
"brucesfingers.co.uk","of his  book  ","has"," appeared in"
"nationalrail.co.uk","  pink--he  ","has"," been a doughty"
"nationalrail.co.uk","The  provision  ","has"," been invoked"
"choiceforum.co.uk","  expeditions  ","Has"," Beyond"
"adfam-parents.org.uk","in this  case  ","has"," been deferred"
"literacytrust.org.uk","  technique  ","has"," failed"
"literacytrust.org.uk","of  groups  ","has"," issued a Joint"
"literacytrust.org.uk","  court  ","has"," held that Fair"
"literacytrust.org.uk","  movement  ","has"," been waiting"
"ccruni.gov.uk","This  decision  ","has"," been reversed"
"portsmouthwater.co.uk","  reputation  ","has"," been built on"
"glasgow.gov.uk","  services  ","has"," seen"
"letsgogardening.co.uk","in this  case  ","has"," been affirmed"
"electricstuff.co.uk",". The  note  ","has"," not been"
"electricstuff.co.uk",", a  change  ","has"," been made to"
"realclassic.co.uk","''s  baby  ","has"," four gay"
"realclassic.co.uk","when a  baby  ","has"," four ''parents"
"realclassic.co.uk","gay  man  ","has"," won the right"
"realclassic.co.uk","''s  baby  ","has"," four gay"
"realclassic.co.uk","when a  baby  ","has"," four ''parents"
"flycom.co.uk","fuel  benefit  ","has"," changed in the"
"verisign.co.uk","- ''No  painter  ","has"," ever so"
"ita.org.uk","noticed. A  lot  ","has"," been written"
"ita.org.uk","the  protector  ","has"," made no"
"italian.classic-literature.co.uk",""" Every  valley  ","has"," its hunt ball"
"italian.classic-literature.co.uk","King ''s  family  ","has"," farmed at"
"italian.classic-literature.co.uk","  industry  ","has"," led to an"
"portsmouthfairtrade.org.uk","of  parades  ","has"," provided the"
"spaced-out.org.uk",": This  page  ","has"," been"
"karibuni.co.uk","  classroom  ","has"," been a feature"
"karibuni.co.uk","  difficulty  ","has"," been to remove"
"karibuni.co.uk","  solution  ","has"," been to modify"
"karibuni.co.uk","  learner  ","has"," been"
"karibuni.co.uk","this  research  ","has"," been that"
"karibuni.co.uk","  finding  ","has"," been that"
"karibuni.co.uk","in this  area  ","has"," suggested"
"karibuni.co.uk","  classrooms  ","has"," focussed on"
"sportabroad.co.uk","of Islamic  art  ","has"," tended to be"
"sportabroad.co.uk","animal  forms  ","has"," always been"
"sportabroad.co.uk",", Islamic  art  ","has"," maintained"
"sportabroad.co.uk","animal  forms  ","has"," always been"
"sportabroad.co.uk","this  art  ","has"," been wrongly"
"sportabroad.co.uk","Islamic  art  ","has"," maintained"
"sportabroad.co.uk","secondary  aim  ","has"," been to set the"
"sportabroad.co.uk","of man/  woman  ","has"," produced any"
"ccpr.org.uk","like ""  Someone  ","has"," sent you here"
"ccpr.org.uk","that your  head  ","has","n''t fallen off"
"cetis.ac.uk","  century  ","has"," become"
"mandrake.demon.co.uk","  design  ","has"," been extended"
"taylorbells.co.uk","  ownership  ","has"," been one of"
"taylorbells.co.uk","and  radio  ","has"," been towards"
"leeds-dat.org.uk","  committee  ","has"," been"
"spotonmarketing.co.uk",". The  latter  ","has"," still to be"
"royagcol.ac.uk",". That  issue  ","has"," been part of"
"royagcol.ac.uk","  information  ","has"," the Minister"
"royagcol.ac.uk","How many  times  ","has"," it been said"
"royagcol.ac.uk","  regulations  ","has"," been"
"royagcol.ac.uk",", not one  voice  ","has"," been raised in"
"royagcol.ac.uk","  change  ","has"," taken place in"
"royagcol.ac.uk","  prediction  ","has"," proved true as"
"royagcol.ac.uk","what  advice  ","has"," been given to"
"royagcol.ac.uk","the  decision  ","has"," to be taken"
"royagcol.ac.uk","  veto  ","has"," rarely been"
"royagcol.ac.uk",""". That  clause  ","has"," been useful in"
"templerecords.co.uk","asks if  racing  ","has"," a future on the"
"uclan.ac.uk","older  people  ","has"," benefited"
"news.cheapflights.co.uk","  department  ","has"," got to be the"
"news.cheapflights.co.uk","  engineer  ","has"," offered me a"
"news.cheapflights.co.uk",""" The  course  ","has"," pretty much"
"theatreguidelondon.co.uk","  uncle  ","has"," him kidnapped"
"theatreguidelondon.co.uk",", his  uncle  ","has"," David knocked"
"managers.org.uk","- like  someone  ","has"," unlocked the"
"persephonebooks.co.uk",", an  allowance  ","has"," been made for"
"arc-property.co.uk",". Its  history  ","has"," been a bloody"
"pointlessnostalgic.co.uk","  passion  ","has"," battered a"
"pointlessnostalgic.co.uk",""" your  Majesty  ","has"," made of no"
"retirement-matters.co.uk","  coverage  ","has"," changed"
"retirement-matters.co.uk","one  building  ","has"," a hard roof is"
"retirement-matters.co.uk","Park  land  ","has"," been recently"
"retirement-matters.co.uk","  iron  ","has"," gained in"
"mystical-www.co.uk","  information  ","has"," been"
"mystical-www.co.uk","  diocese  ","has"," details of all"
"rya.org.uk",", as the  case  ","has"," space for two"
"wrap.org.uk","  coverage  ","has"," been"
"hysteria-lives.co.uk","The  glossary  ","has"," definitions"
"hysteria-lives.co.uk",". Each  diagram  ","has"," both a brief"
"hysteria-lives.co.uk","The  catalogue  ","has"," over 4,000"
"liberty-human-rights.org.uk","the  internet  ","has"," gone from"
"liberty-human-rights.org.uk","The  internet  ","has"," many items"
"streamcity.co.uk","so far, no  bird  ","has"," failed to make"
"streamcity.co.uk","  direction  ","has"," on migration."
"streamcity.co.uk","  transit  ","has"," made me ponder"
"pixeltechnology.co.uk","  individual  ","has"," a right to"
"silent-thunder.co.uk","  surveillance  ","has"," really opened"
"spencersteel.co.uk","Your  Highness  ","has"," run no risk of"
"new-agri.co.uk","polling  data  ","has"," been"
"archive.official-documents.co.uk","  technology  ","has"," to offer, and"
"jokefile.co.uk","written  work  ","has"," been"
"commedia.org.uk","fact of  exile  ","has"," led to a"
"commedia.org.uk",", the  poet  ","has"," no choice but"
"commedia.org.uk","altar of  art  ","has"," been"
"commedia.org.uk",",  poetry  ","has"," been"
"islamic-college.ac.uk","  schools  ","has"," resulted in an"
"islamic-college.ac.uk",". The  increase  ","has"," resource and"
"jardmail.co.uk","and  Amazons  ","has"," an infant"
"jardmail.co.uk","which  coffee  ","has"," cult status, """
"thamesmatch.co.uk","40  years  ","has"," been loaded"
"orcadian.co.uk","has.  Nothing  ","has"," the ageless"
"lincs.police.uk","  information  ","has"," been"
"officiallondontheatre.co.uk","dog  rucksack  ","has"," two bags made"
"officiallondontheatre.co.uk","dog  backpack  ","has"," a girth size of"
"officiallondontheatre.co.uk","dog  backpack  ","has"," a girth size of"
"wolftrust.org.uk","a  helmet  ","has"," no"
"mythofcreation.co.uk","in  life  ","has"," worked out and"
"mythofcreation.co.uk","that  life  ","has"," been tangled"
"fitz.cam.ac.uk",".  Concern  ","has"," been raised on"
"monju.pwp.blueyonder.co.uk","  resources  ","has"," seen the"
"aimhigher.ac.uk",", this  company  ","has"," 5 UK studios"
"aimhigher.ac.uk",". My  client  ","has"," a need for a"
"aimhigher.ac.uk","the job  holder  ","has"," freedom to act"
"aimhigher.ac.uk",". My  client  ","has"," a need for a"
"aimhigher.ac.uk",", this  company  ","has"," 5 UK studios"
"peakdistrict.gov.uk","Respect  group  ","has"," become rather"
"peakdistrict.gov.uk","  approach  ","has"," been quite"
"peakdistrict.gov.uk","  approach  ","has"," certainly"
"advaita.org.uk","this  summit  ","has"," to set a clear"
"advaita.org.uk",", the  world  ","has"," a duty to heal"
"waits.org.uk","a high  note  ","has"," been"
"man.ac.uk","  consultation  ","has"," included so"
"msm.cam.ac.uk","  recycling  ","has"," been (and"
"msm.cam.ac.uk","  mercury  ","has"," been"
"msm.cam.ac.uk","this  web-site  ","has"," useful"
"warwickshire-wildlife-trust.org.uk","  chapter  ","has"," been"
"warwickshire-wildlife-trust.org.uk","of  parity  ","has"," dominated the"
"warwickshire-wildlife-trust.org.uk","  legislation  ","has"," brought"
"warwickshire-wildlife-trust.org.uk","  government  ","has"," used its"
"warwickshire-wildlife-trust.org.uk","per  capita  ","has"," been nearly 40"
"warwickshire-wildlife-trust.org.uk","  pensioners  ","has"," a larger"
"warwickshire-wildlife-trust.org.uk","  government  ","has"," launched"
"warwickshire-wildlife-trust.org.uk","The  programme  ","has"," not been very"
"warwickshire-wildlife-trust.org.uk","of  projects  ","has"," shown that"
"warwickshire-wildlife-trust.org.uk","most  support  ","has"," gone to"
"warwickshire-wildlife-trust.org.uk",". The  project  ","has"," successfully"
"warwickshire-wildlife-trust.org.uk","  sector  ","has"," shown itself"
"warwickshire-wildlife-trust.org.uk","  question  ","has"," been raised"
"warwickshire-wildlife-trust.org.uk","  disadvantage  ","has"," continued."
"warwickshire-wildlife-trust.org.uk"," ","has"," only a"
"warwickshire-wildlife-trust.org.uk","  occupations  ","has"," increased"
"warwickshire-wildlife-trust.org.uk","  initiative  ","has"," been the use of"
"warwickshire-wildlife-trust.org.uk","recent  years  ","has"," been the"
"warwickshire-wildlife-trust.org.uk",". This  policy  ","has"," received a"
"warwickshire-wildlife-trust.org.uk","  employment  ","has"," attracted"
"warwickshire-wildlife-trust.org.uk","  segregation  ","has"," not."
"warwickshire-wildlife-trust.org.uk","  segregation  ","has"," increased"
"warwickshire-wildlife-trust.org.uk","  government  ","has"," suggested"
"warwickshire-wildlife-trust.org.uk","to  violence  ","has"," been rather"
"warwickshire-wildlife-trust.org.uk","and  cities  ","has"," increased in"
"warwickshire-wildlife-trust.org.uk","  policies  ","has"," been the"
"warwickshire-wildlife-trust.org.uk","  hospital  ","has"," experience of"
"warwickshire-wildlife-trust.org.uk","recent  years  ","has"," been in forms"
"warwickshire-wildlife-trust.org.uk","  government  ","has"," recently"
"warwickshire-wildlife-trust.org.uk","  expenditure  ","has"," been"
"archaeology.co.uk","yellow  light  ","has"," lower entropy"
"wellerassociates.co.uk","  population  ","has"," risen by an"
"wellerassociates.co.uk","  community  ","has"," been in"
"wellerassociates.co.uk","  population  ","has"," increased by"
"wellerassociates.co.uk","amongst  women  ","has"," equalled that"
"wellerassociates.co.uk","  research  ","has"," found that 41"
"wellerassociates.co.uk","  research  ","has"," found that 66"
"wellerassociates.co.uk","in  prison  ","has"," 2.1 children."
"wellerassociates.co.uk","their  mother  ","has"," been"
"italian.classic-literature.co.uk",". The  firm  ","has"," some 1,800"
"queens.ox.ac.uk","  UNIVERSITY  ","HAS"," RECEIVED A"
"path.cam.ac.uk","the  problem  ","has"," been sorted"
"fuelwood.co.uk",".  Cluster  ","has"," made"
"fuelwood.co.uk",".  Cluster  ","has"," also observed"
"fuelwood.co.uk","  mission  ","has"," been extended"
"stonyhurst.ac.uk","that this  case  ","has"," attracted,"
"vetschool.bris.ac.uk","of this  effect  ","has"," been recently"
"indigogroup.co.uk",".  Process  ","has"," following"
"raintree-health.co.uk","  approaches  ","has"," resulted in a"
"raintree-health.co.uk","  government  ","has"," created an"
"raintree-health.co.uk","This  book  ","has"," advice in how"
"drugscope.org.uk",". This  well  ","has"," been restored"
"boredramblings.co.uk","Oil  pollution  ","has"," been reported"
"boredramblings.co.uk","the past  year  ","has"," been boosted"
"boredramblings.co.uk","PROBLEM?  DAD  ","HAS"," ALL THE"
"socresonline.org.uk","to  deception  ","has"," good"
"whom.co.uk",".  Struggle  ","has"," a number of"
"woodforde.co.uk","the  websites  ","has"," adopted its"
"digitalspy.co.uk"," ","has"," also started"
"philcollins.co.uk","  everything  ","has"," to be relevant"
"philcollins.co.uk","  fiction  ","has"," hooked"
"obv.org.uk","Every  couple  ","has"," their own"
"synergy-health.co.uk","a  contract  ","has"," been formed"
"sundog.clara.co.uk","the  wood  ","has"," warped so that"
"sundog.clara.co.uk"," ","has"," sprung. Still"
"windowsproject.demon.co.uk","  system  ","has"," ensured that"
"wesparkle.co.uk","that if a  man  ","has"," really bad"
"forum.cantstopthesignal.co.uk","-- a  trade-off  ","has"," to take place."
"forum.cantstopthesignal.co.uk","and  pilasters  ","has"," to do with the"
"forum.cantstopthesignal.co.uk","air  travel  ","has"," shown us does"
"markwilson.co.uk","of  cattle  ","has",", until"
"markwilson.co.uk","the  drover  ","has"," disappointed"
"markwilson.co.uk",". A great  deal  ","has"," been written"
"thesmallholdingcentre.co.uk","; this  company  ","has"," 3 UK studios"
"prochoiceforum.org.uk","much  progress  ","has"," already been"
"redflag.org.uk",". The cool  idea  ","has"," evolved and"
"redflag.org.uk","  industry  ","has"," discovered"
"redflag.org.uk","artist  Nelly  ","has"," announced a"
"redflag.org.uk","TV  channel  ","has"," launched"
"redflag.org.uk",", and the  youth  ","has"," been rapidly"
"redflag.org.uk","  technology  ","has"," advanced, now"
"redflag.org.uk","UK. TV  content  ","has"," been"
"careers.manchester.ac.uk","  polyorchid  ","has"," WAY more"
"amd.uwe.ac.uk","dog  collar  ","has"," red flashing"
"amd.uwe.ac.uk","dog  collar  ","has"," red flashing"
"amd.uwe.ac.uk",". This dog  lead  ","has"," red flashing"
"amd.uwe.ac.uk","  blinker  ","has"," an LED light"
"amd.uwe.ac.uk","black dog  lead  ","has"," a padded"
"amd.uwe.ac.uk","of the  tag  ","has"," a small light"
"islamic-college.ac.uk","data  analysis  ","has"," commenced."
"sat.dundee.ac.uk","  race  ","has"," produced in"
"e-learningcentre.co.uk","  booklet  ","has"," been"
"e-learningcentre.co.uk","  nationality  ","has"," not been"
"clinimed.co.uk"," ","has"," been carried"
"clinimed.co.uk"," ","has"," produced an"
"clinimed.co.uk","  department  ","has"," moved several"
"clinimed.co.uk","the  building  ","has"," some"
"clinimed.co.uk",". The  building  ","has"," housed a"
"lff.org.uk","tell, the  word  ","has"," since fallen"
"welhat.gov.uk","  organisation  ","has"," the power to"
"welhat.gov.uk","a  subsidiary  ","has"," subsidiaries"
"thefword.org.uk",", our  client  ","has"," built a"
"thefword.org.uk","if  applicant  ","has"," very good"
"thefword.org.uk",", our  client  ","has"," built a"
"thefword.org.uk",". Our  client  ","has"," created some"
"thefword.org.uk",". Our  client  ","has"," created some"
"thefword.org.uk","  Developer  ","has"," been in the"
"thefword.org.uk","  organisation  ","has"," enormous name"
"thefword.org.uk","  Developer  ","has"," been in the"
"thefword.org.uk","  organisation  ","has"," enormous name"
"thefword.org.uk","  Developer  ","has"," been in the"
"thefword.org.uk","  organisation  ","has"," enormous name"
"thefword.org.uk",", this  company  ","has"," developed a"
"thefword.org.uk",". The  company  ","has"," a well"
"thefword.org.uk","of the  plan  ","has"," had"
"thefword.org.uk","This  company  ","has"," been around"
"thefword.org.uk",", the  staff  ","has"," a total of 50"
"thefword.org.uk","  department  ","has"," won"
"thefword.org.uk","  studio  ","has"," a proven"
"thefword.org.uk",". The  company  ","has"," a staff of 125,"
"thefword.org.uk","  studio  ","has"," a proven"
"4minutes.co.uk","what  action  ","has"," been taken. 16"
"sunion.warwick.ac.uk","  legislation  ","has"," a unique"
"sunion.warwick.ac.uk","Where the  bill  ","has"," a test of harm"
"palimpsest.org.uk","wild  animals  ","has"," therefore"
"palimpsest.org.uk","of an  animal  ","has"," been defined"
"palimpsest.org.uk","the  research  ","has"," been carried"
"palimpsest.org.uk","that  hunting  ","has"," rarely"
"palimpsest.org.uk","  research  ","has"," been"
"palimpsest.org.uk","  tracking  ","has"," shown that"
"palimpsest.org.uk","  research  ","has"," shown mink can"
"pfc.org.uk","deceased  boy  ","has"," been"
"immediatefuture.co.uk"," ","has"," been replaced"
"immediatefuture.co.uk","and  +command  ","has"," been replaced"
"re-skill.org.uk","  closure  ","has"," come as a"
"re-skill.org.uk","  publisher  ","has"," said: â? ?What"
"caledonian.ac.uk","Agency  site  ","has"," advice on"
"northill.demon.co.uk",". If  anyone  ","has"," any ideas or"
"spotonmarketing.co.uk","  project  ","has"," won the 2002"
"spotonmarketing.co.uk","but the  editor  ","has"," been very"
"spotonmarketing.co.uk","but the  editor  ","has"," been very"
"rbge.org.uk","fast-food  fan  ","has"," logged. The"
"deni.gov.uk","  company  ","has"," a "" legal"
"deni.gov.uk","the past  this  ","has"," dissuaded"
"woodbridgeproductions.co.uk","  minister  ","has"," ordered"
"woodbridgeproductions.co.uk","trade  summit  ","has"," galvanised"
"well.ac.uk","  disaster  ","has"," been"
"fantasyfactory.co.uk","left  earphone  ","has"," been buzzing"
"fantasyfactory.co.uk","the  display  ","has"," flooded with a"
"fantasyfactory.co.uk",", the  vendor  ","has"," to prove the"
"dmag.org.uk","on that  series  ","has"," been"
"westdean.org.uk","herd of 50  cows  ","has"," to go"
"cyberselect.co.uk","much more  time  ","has"," been devoted"
"william-shakespeare.org.uk","the  filename  ","has"," changed. It"
"william-shakespeare.org.uk",". This  switch  ","has"," been"
"liverpoolmuseums.org.uk","as the  referee  ","has"," at least"
"reading.ac.uk",", but no  vita  ","has"," survived, and"
"reading.ac.uk",", what  errors  ","has"," [ the pop~"
"reading.ac.uk","  watercourse  ","has"," changed its"
"reading.ac.uk","state of  souls  ","has"," been a"
"reading.ac.uk","from  decay  ","has"," never been"
"reading.ac.uk",". The  water  ","has"," never lost its"
"nbtea.co.uk","these  movies  ","has"," cost the"
"isfp.co.uk","This  site  ","has"," been built to"
"michaelkelly.fsnet.co.uk","  treatment  ","has"," been a"
"michaelkelly.fsnet.co.uk","next  service  ","has"," a waiting list"
"michaelkelly.fsnet.co.uk","]  process  ","has"," highlighted"
"michaelkelly.fsnet.co.uk","the  programme  ","has"," galvanised us"
"michaelkelly.fsnet.co.uk",", which in  turn  ","has"," improved"
"michaelkelly.fsnet.co.uk","in their  teams  ","has"," been one of the"
"michaelkelly.fsnet.co.uk","this  process  ","has"," been in the"
"michaelkelly.fsnet.co.uk","my  experience  ","has"," been that"
"michaelkelly.fsnet.co.uk","if our  work  ","has"," had a weakness"
"bronte.netfury.co.uk","# The big  zine  ","has"," arrived."
"brucesfingers.co.uk"," ","has"," been the"
"brucesfingers.co.uk",",  barter  ","has"," become more"
"bristolfiesta.co.uk",".  Something  ","has"," fallen on us"
"accountability.org.uk","system  ideas  ","has"," been released"
"accountability.org.uk",". Each  model  ","has"," several "" free"
"accountability.org.uk","why the  model  ","has"," the level of"
"choiceforum.co.uk","  Socialism  ","has"," finally made"
"choiceforum.co.uk","''no ''  campaign  ","has"," informed more"
"thetrousers.co.uk","gay)  today  ","has","n''t changed my"
"olympics.org.uk","JCSU  website  ","has"," a list of who ''s"
"mythofcreation.co.uk","every  country  ","has"," a modern house"
"mythofcreation.co.uk",", the  show  ","has"," been a"
"mythofcreation.co.uk",", the  format  ","has"," been"
"ml-consult.co.uk","Aid for  dogs  ","has"," helped many"
"oriel.ox.ac.uk","  ranges  ","has"," been our goal"
"oriel.ox.ac.uk","(  website  ","has"," the current"
"theobamber.co.uk","new web  site  ","has"," been running"
"thecornerhouse.org.uk","  boycott  ","has"," been hotly"
"raf.mod.uk","""  Everyone  ","has"," their own way"
"raf.mod.uk","most of my  work  ","has"," an organic"
"raf.mod.uk","tough.  Print  ","has"," tried and"
"gleeson0.demon.co.uk",",  tomorrow  ","has"," to be better ""."
"gleeson0.demon.co.uk","last ten  years  ","has"," fly fished for"
"eagle19.freeserve.co.uk","  competition  ","has"," three"
"clwww.essex.ac.uk",", the  tribunal  ","has"," no"
"clwww.essex.ac.uk","  weightings  ","has"," a"
"clwww.essex.ac.uk","  defence  ","has"," been added by"
"clwww.essex.ac.uk","The  tribunal  ","has"," the"
"greenbuildingstore.co.uk","world of  work  ","has"," changed"
"greenbuildingstore.co.uk","  project  ","has"," updated the"
"greenbuildingstore.co.uk",""" or the  agency  ","has"," not paid the"
"greenbuildingstore.co.uk","The  Revenue  ","has"," taken a fresh"
"italian.classic-literature.co.uk","  attention  ","has",", however,"
"italian.classic-literature.co.uk","  proposals  ","has"," demonstrated"
"derek-hasted.co.uk","If your  name  ","has"," an unusual"
"york.gov.uk","that a  notice  ","has"," been served,"
"geog.ox.ac.uk","  order  ","has"," been"
"geog.ox.ac.uk","  context  ","has"," changed over"
"geog.ox.ac.uk","  unemployment  ","has"," had a greater"
"cls.ioe.ac.uk","  approach  ","has"," limitations"
"cls.ioe.ac.uk","this  survey  ","has"," already been"
"cls.ioe.ac.uk","  survey  ","has"," been carried"
"cls.ioe.ac.uk","milk  surveys  ","has"," already been"
"cls.ioe.ac.uk","  laboratory  ","has"," participated"
"cls.ioe.ac.uk","but their  use  ","has"," now been"
"cls.ioe.ac.uk","by  toddlers  ","has"," been made on"
"cls.ioe.ac.uk","  group  ","has"," increased"
"bps.org.uk","  Government  ","has"," refused to"
"bps.org.uk","  question  ","has"," a? right?"
"qcanet.co.uk","''s  revelation  ","has"," been the"
"qcanet.co.uk","  centre  ","has"," resisted such"
"qcanet.co.uk",". The  video  ","has"," been online"
"qcanet.co.uk","the modern  art  ","has"," now gone to the"
"qcanet.co.uk","The best  title  ","has"," to be a"
"cleanersafergreener.gov.uk","''s  thesis  ","has"," since been"
"elizabethan-era.org.uk","the  murderer  ","has"," made a fatal"
"elizabethan-era.org.uk","in  question  ","has"," fallen from a"
"elizabethan-era.org.uk","their  number  ","has"," met an"
"culham.ac.uk","  hiker  ","has"," discovered"
"tclt.org.uk","  company  ","has"," been left with"
"well.ac.uk","in. This  guide  ","has"," been written"
"cer.org.uk","?  Everyone  ","has"," heard the old"
"zyra.org.uk",". The  body  ","has"," been frozen"
"whom.co.uk","a  triathlon  ","has"," just taken"
"whom.co.uk","as his  wife  ","has"," asked me on the"
"bnbstar.co.uk",". An md5  object  ","has"," the following"
"westdean.org.uk",": This  page  ","has"," been"
"westdean.org.uk","The  Campaign  ","has"," over a number"
"westdean.org.uk","  person  ","has"," wrongly"
"westdean.org.uk","  information  ","has"," been sought"
"westdean.org.uk","THORP  plant  ","has"," been refused"
"westdean.org.uk","such  refusal  ","has"," occurred to"
"westdean.org.uk","  Government  ","has"," of course"
"cyberselect.co.uk","  thing  ","has"," happened, sir"
"cyberselect.co.uk",""" What  devilry  ","has"," he done now? """
"cyberselect.co.uk",": "" The  thing  ","has"," one advantage"
"cyberselect.co.uk",". My  hammer  ","has","n''t got wings"
"ecotravel.org.uk","in that  film  ","has"," elements"
"thenortheast.fsnet.co.uk","Our  company  ","has"," a need for"
"crbs.org.uk","data  storage  ","has"," an ironically"
"deben.co.uk","that the  Earth  ","has"," not seen in"
"bmb.leeds.ac.uk","  group  ","has"," EXTRA"
"bmb.leeds.ac.uk","of the C  group  ","has"," entered (and"
"justride.co.uk","  difficulty  ","has"," always been"
"justride.co.uk","the  world  ","has"," been poisoned"
"justride.co.uk","the  internet  ","has"," opened up new"
"hysteria-lives.co.uk","  session  ","has"," been"
"hysteria-lives.co.uk","An  invitation  ","has"," been sent out"
"hysteria-lives.co.uk",". This  session  ","has"," been"
"theedge.abelgratis.co.uk","for whom  life  ","has"," taught them"
"railart.co.uk","tracked.  EPIC  ","has"," submitted a"
"railart.co.uk","  information  ","has"," been scanned"
"railart.co.uk","and theme  park  ","has"," been"
"railart.co.uk",", the  category  ","has"," expanded to"
"railart.co.uk",". The  book  ","has"," one of the best"
"insideoutpr.co.uk","the  linesman  ","has"," his flag up for"
"insideoutpr.co.uk","mins: The  game  ","has"," really opened"
"insideoutpr.co.uk","  keeper  ","has"," been properly"
"insideoutpr.co.uk","half an  hour  ","has"," been played"
"insideoutpr.co.uk","and the  roof  ","has"," been put over"
"cfcnet.co.uk","musical  work  ","has"," had such a"
"cfcnet.co.uk",", and his  work  ","has"," received"
"cfcnet.co.uk","this  planet  ","has"," gone cycling"
"cfcnet.co.uk","plate or  table  ","has"," a natural"
"cfcnet.co.uk",".  ''Namibia  ","has"," a long and rich"
"sherlock-holmes.classic-literature.co.uk","this  process  ","has"," particular"
"sudokuz.co.uk",", the  company  ","has"," made a final"
"sudokuz.co.uk","than  nothing  ","has"," changed."
"garysturt.free-online.co.uk","sale of  plants  ","has"," been"
"epsr-marx-lenin.co.uk","  accountant  ","has"," launched a"
"eternalnight.co.uk","  community  ","has"," underpinned"
"sovereignty.org.uk","  person  ","has"," been"
"sovereignty.org.uk","  legislation  ","has"," put the onus on"
"sovereignty.org.uk","  charity  ","has"," called upon"
"sovereignty.org.uk","  situation  ","has"," only improved"
"sovereignty.org.uk","  leadership  ","has"," to play health"
"sovereignty.org.uk","that  everyone  ","has"," the right to"
"sovereignty.org.uk",": ""  Everyone  ","has"," an interest in"
"sovereignty.org.uk","  liabilities  ","has"," raised"
"englishmonarchs.co.uk","  Government  ","has"," been"
"englishmonarchs.co.uk",". uk  website  ","has"," a "" Quick Find """
"word-on-the-web.co.uk","of C.  abortus  ","has"," been modified"
"busybeebasics.co.uk","now, the  brain  ","has"," gone "" Another"
"busybeebasics.co.uk","now, the  brain  ","has"," gone """
"busybeebasics.co.uk","now, the  brain  ","has"," gone """
"busybeebasics.co.uk","see why  anyone  ","has"," a problem."
"ccruni.gov.uk","the  project  ","has"," come from the """
"ccruni.gov.uk","  installation  ","has"," been"
"letsgogardening.co.uk",".  Sport  ","has"," always played"
"letsgogardening.co.uk"," ","has"," a choice from"
"politicalcartoon.co.uk","of my  friends  ","has"," his computer"
"transgirl.co.uk","This  briefing  ","has"," been"
"transgirl.co.uk","  methadone  ","has"," not really"
"transgirl.co.uk","  methadone  ","has"," been found to"
"transgirl.co.uk"," ","has"," been"
"transgirl.co.uk","  therapy  ","has"," proved to be"
"transgirl.co.uk",". Each  area  ","has"," a"
"advaita.org.uk",", this  album  ","has"," allowed her to"
"raf.mod.uk","  identity  ","has"," taken the form"
"find-me-a-gift.co.uk","and the  chance  ","has"," gone. 35 mins:"
"candlemaking.org.uk","'' A Turkish  man  ","has"," been charged"
"candlemaking.org.uk","  footballer  ","has"," made history"
"candlemaking.org.uk",". The  book  ","has"," between a"
"aimhigher.ac.uk",". The  area  ","has"," been"
"petplanet.co.uk","  death  ","has",", alas, left"
"newempiretheatre.co.uk","  series  ","has"," a new artistic"
"newempiretheatre.co.uk","  series  ","has"," a new artistic"
"idler.co.uk",". This  vision  ","has"," already"
"idler.co.uk","public. A  lot  ","has"," happened"
"bradburyac.mistral.co.uk","This  guidance  ","has"," been prepared"
"bradburyac.mistral.co.uk","This  guidance  ","has"," been produced"
"bradburyac.mistral.co.uk","  legislation  ","has"," been made in"
"bradburyac.mistral.co.uk","the  guidance  ","has"," been repealed"
"bradburyac.mistral.co.uk","basmati  rice  ","has"," been"
"emagictricks.co.uk",". The  panel  ","has"," two"
"shepherd-neame.co.uk","  society  ","has"," taken one of"
"woodbridgeproductions.co.uk","  rennet  ","has","n''t been used"
"fantasyfactory.co.uk",", the new  site  ","has"," been revamped"
"pacetelecom.co.uk","flow of  deals  ","has"," risen rapidly"
"pacetelecom.co.uk","  government  ","has"," now nailed its"
"pacetelecom.co.uk","  strike  ","has"," to be"
"pacetelecom.co.uk","god  someone  ","has"," done"
"pacetelecom.co.uk","  worker  ","has"," got to take an"
"pacetelecom.co.uk","  government  ","has"," decided to do:"
"pacetelecom.co.uk","  groups  ","has"," suggested a"
"tclt.org.uk","  controller  ","has"," different"
"tclt.org.uk","(a) the  child  ","has"," given consent"
"tclt.org.uk","  minister  ","has"," issued a"
"tclt.org.uk","your  request  ","has"," been received"
"tclt.org.uk","  information  ","has"," been withheld"
"tclt.org.uk","if  anything  ","has"," been held back"
"tclt.org.uk","  information  ","has"," been added to"
"tclt.org.uk","  information  ","has"," been withheld"
"tclt.org.uk","  company  ","has"," breached the"
"tclt.org.uk",". If a  doctor  ","has"," sent a report"
"tclt.org.uk","which a  child  ","has"," provided in"
"tclt.org.uk","  application  ","has"," no explicit"
"tclt.org.uk","years. The  DPA  ","has"," now extended"
"tclt.org.uk","  controller  ","has"," contravened"
"tclt.org.uk"," ","has"," caused any"
"tclt.org.uk","  exemption  ","has"," been relied on"
"familiesonline.co.uk",". CASE 6 A  man  ","has"," trouble"
"familiesonline.co.uk","of pearl  shell  ","has"," brown stripes"
"comsys.co.uk","  everyone  ","has"," had at least"
"comsys.co.uk","and  everyone  ","has"," had at least"
"comsys.co.uk","in the  group  ","has"," something"
"comsys.co.uk","  everyone  ","has"," completed,"
"managers.org.uk","the  state  ","has"," always owned"
"managers.org.uk","  government  ","has"," raised the"
"managers.org.uk","  government  ","has",""
"prime50plus.co.uk","  LSE  ","has"," aimed to be a"
"marine.gov.uk","  metaphor  ","has"," been"
"marine.gov.uk","an  individual  ","has"," becomes"
"compendia.co.uk",", the  name  ","has"," at last been"
"compendia.co.uk","that the  FSA  ","has"," renewed faith"
"sundog.clara.co.uk",",  Respect  ","has"," very little in"
"sundog.clara.co.uk","  project  ","has"," enabled us to"
"robertmoir.co.uk","the  insert  ","has"," landed in what"
"robertmoir.co.uk","so, the  insert  ","has"," landed in a"
"windowsproject.demon.co.uk","  experiment  ","has"," only recently"
"intellectbooks.co.uk","Onrec.  com  ","has"," reported the"
"intellectbooks.co.uk","the  employee  ","has"," done."
"intellectbooks.co.uk","  benefits  ","has"," risen by"
"intellectbooks.co.uk","  programme  ","has"," failed as"
"workdevcon.nhs.uk","  fly-posting  ","has"," been noted and"
"dmflightsim.co.uk","your  opponent  ","has"," left, it"
"dmflightsim.co.uk",", the  game  ","has"," an 11+ rating,"
"scholarships.ed.ac.uk","early  death  ","has"," punched a hole"
"churchill-society-london.org.uk","  studio  ","has"," a range of"
"jennifermackenzie.co.uk","  areas  ","has"," been a key goal"
"jennifermackenzie.co.uk","  programme  ","has"," been a"
"jennifermackenzie.co.uk"," ","has"," influenced"
"jennifermackenzie.co.uk","  Government  ","has"," an ambitious"
"jennifermackenzie.co.uk","more. 1 in 3  men  ","has"," a criminal"
"jennifermackenzie.co.uk","2002 1 in 3  men  ","has"," a criminal"
"jennifermackenzie.co.uk","  issue  ","has"," been welfare"
"jennifermackenzie.co.uk","  seekers  ","has"," in the last few"
"jennifermackenzie.co.uk","  Government  ","has"," experienced"
"jennifermackenzie.co.uk","of  ownership  ","has"," been brought"
"jennifermackenzie.co.uk",". org  ippr  ","has"," a strong track"
"portsmouthwater.co.uk","This  site  ","has"," been built to"
"busybeebasics.co.uk","  training  ","has"," become the"
"busybeebasics.co.uk","on. The  bag  ","has"," a closable"
"dulwichcommunityhospital.nhs.uk","  culture  ","has"," on website"
"fylde.demon.co.uk",". Their  device  ","has"," never been"
"fylde.demon.co.uk","  success  ","has"," been in - um -"
"henry-moore-fdn.co.uk","  organisation  ","has"," not lent"
"henry-moore-fdn.co.uk","this  furore  ","has"," been whipped"
"henry-moore-fdn.co.uk",", this  point  ","has"," been made"
"cjd.ed.ac.uk","  oncogenesis  ","has"," been a central"
"edinburghfestivals.co.uk","of  analysis  ","has"," an uneasy"
"virgintrains.co.uk","early  1990s  ","has"," also affected"
"virgintrains.co.uk","taxi  driver  ","has"," been left"
"virgintrains.co.uk","whose  economy  ","has"," already been"
"gardenorganic.org.uk","  architecture  ","has"," been so"
"gardenorganic.org.uk",". This  view  ","has"," now been shown"
"gardenorganic.org.uk","human  brain  ","has",""
"gardenorganic.org.uk","animal  forms  ","has"," always been"
"gardenorganic.org.uk","this  art  ","has"," been wrongly"
"gardenorganic.org.uk","Islamic  art  ","has"," maintained"
"gardenorganic.org.uk","secondary  aim  ","has"," been to set the"
"gardenorganic.org.uk","of  monuments  ","has"," been prepared"
"gardenorganic.org.uk","  architecture  ","has"," persuaded me"
"exeter.ac.uk","for  papers  ","has"," now expired."
"practical-martial-arts.co.uk","last  decade  ","has"," seen a steady"
"practical-martial-arts.co.uk","in  prison  ","has"," risen sharply"
"practical-martial-arts.co.uk","  education  ","has"," moved up the"
"practical-martial-arts.co.uk","  research  ","has"," been done on"
"practical-martial-arts.co.uk","  schemes  ","has"," broken down."
"ati.surrey.ac.uk",". Each  book  ","has"," its own"
"ati.surrey.ac.uk",". The  series  ","has"," never been"
"preachtheword.co.uk",". Yet the  world  ","has"," the resources"
"search.reviews.ebay.co.uk","  employee  ","has"," to move for"
"search.reviews.ebay.co.uk","  project  ","has"," successfully"
"search.reviews.ebay.co.uk","  situation  ","has"," led to what has"
"search.reviews.ebay.co.uk","  research  ","has"," found that one"
"search.reviews.ebay.co.uk","  booklet  ","has"," also been"
"ri.ac.uk",". Today the  NHS  ","has"," a workforce of"
"sanctus1.co.uk","each  building  ","has"," been agreed"
"sanctus1.co.uk","city  council  ","has"," various ways"
"cep.lse.ac.uk","  scheme  ","has"," awarded over"
"cep.lse.ac.uk","  grandfather  ","has"," belonged to"
"cep.lse.ac.uk","  grant  ","has"," enabled"
"cre.gov.uk","to do the  deal  ","has"," gone and stand"
"tonearm.co.uk","city  council  ","has"," always lacked"
"tonearm.co.uk","that the  city  ","has"," lost so many of"
"sportscotland.org.uk","  Government  ","has"," recognised"
"sportscotland.org.uk","new  evidence  ","has"," emerged in"
"sportscotland.org.uk","The  document  ","has"," four key"
"sportscotland.org.uk","  evidence  ","has"," given some"
"westyorkshire.police.uk",": The  claimant  ","has"," the practical"
"westyorkshire.police.uk","the  employer  ","has"," put forward a"
"payaway.co.uk","If your  name  ","has"," an unusual"
"payaway.co.uk",". The  site  ","has"," induction"
"borkowski.co.uk","in the  group  ","has"," made the boys"
"borkowski.co.uk","  research  ","has"," shown to be an"
"mookychick.co.uk","  release  ","has"," been written"
"mookychick.co.uk","delivery  flow  ","has"," real"
"mookychick.co.uk","  bubble-wrap  ","has"," already been"
"mookychick.co.uk","any  anchorage  ","has"," to be sturdy."
"mookychick.co.uk","metal  piping  ","has"," largely been"
"mookychick.co.uk","for such  pumps  ","has"," been too small"
"mookychick.co.uk","  operation  ","has"," been"
"mookychick.co.uk","of cheap  pumps  ","has"," increased a"
"workingintheuk.gov.uk","This  site  ","has"," been built to"
"epoxy-resins.co.uk","  membership  ","has"," been accepted"
"wellerassociates.co.uk","  exploitation  ","has"," been publicly"
"portcities.org.uk","  definition  ","has"," been led by the"
"sd-commission.org.uk","  Government  ","has"," been unsure"
"sd-commission.org.uk","  home  ","has"," adapted to the"
"sd-commission.org.uk","  Conservative  ","has"," said. more"
"v-e-t-s.co.uk","  transmission  ","has"," been received"
"v-e-t-s.co.uk","  monitoring  ","has"," extended some"
"v-e-t-s.co.uk","Another  perch  ","has"," been erected"
"v-e-t-s.co.uk","  project  ","has"," just"
"v-e-t-s.co.uk",". The  fishfarm  ","has"," protection"
"directgov.gov.uk","  candidature  ","has"," a strong base"
"directgov.gov.uk",". My RMT  branch  ","has"," asked the"
"funk.co.uk","the  pattern  ","has"," been cut out -"
"bio.bris.ac.uk","cool case  mods  ","has"," to be"
"link2exports.co.uk","; no other  man  ","has"," been so"
"euroinvestor.co.uk","  analysis  ","has"," not been"
"euroinvestor.co.uk","  profession  ","has"," been a"
"euroinvestor.co.uk","human  capital  ","has"," two costs:"
"euroinvestor.co.uk","  teaching  ","has"," a far higher"
"alcs.group.shef.ac.uk","  format  ","has"," resulted in a"
"dcs.gov.uk","nine  iron  ","has"," also won him"
"phundria.org.uk","  card  ","has"," A Mapp of"
"cheshirefire.co.uk",". My  domain  ","has"," two, purely"
"cistercian-way.newport.ac.uk","if that  person  ","has"," registered"
"cistercian-way.newport.ac.uk","the  addressee  ","has"," already given"
"cistercian-way.newport.ac.uk","  subscriber  ","has"," already given"
"iomnet.org.uk","This  phrase  ","has"," come to us via"
"comsys.co.uk","tax  relief  ","has"," been claimed."
"vacant.org.uk","  contract  ","has"," a clause where"
"vacant.org.uk",". Every  worker  ","has"," the right to"
"assetprotections.co.uk","team. The  team  ","has"," to be able to"
"lhc.org.uk","show. The  work  ","has"," started and"
"gwilliams.org.uk","This  site  ","has"," been built to"
"justride.co.uk","to you; my  ring  ","has"," made a little"
"nbtea.co.uk","  campaign  ","has"," prompted a..."
"nbtea.co.uk","  people  ","has"," been one of"
"sudokuz.co.uk","If your  name  ","has"," an unusual"
"sudokuz.co.uk","  Brigade  ","has"," kindly agreed"
"rya.org.uk","the? Alu?  case  ","has"," a small window"
"rya.org.uk","card  holders  ","has"," been changed,"
"rya.org.uk","  placement  ","has"," meant that"
"pushchairs.co.uk","which the  site  ","has"," been"
"oudancesport.co.uk","natural  world  ","has"," always been an"
"oudancesport.co.uk","visual  clues  ","has"," given rise to"
"oudancesport.co.uk","with Asian  art  ","has"," been exposed"
"oudancesport.co.uk","of  magic  ","has"," fascinated"
"ayrshirehistory.org.uk","that  landlady  ","has"," seen the last"
"ayrshirehistory.org.uk","''but when a  man  ","has"," been a long"
"handicap-international.org.uk","  government  ","has"," set the"
"handicap-international.org.uk","a  millennium  ","has"," come and gone"
"handicap-international.org.uk","  today  ","has"," given the"
"handicap-international.org.uk",". But the  job  ","has"," been made"
"longwalls.ncl.ac.uk","this  harness  ","has"," the effect of"
"longwalls.ncl.ac.uk","dog  harness  ","has"," straps that"
"24hourmuseum.org.uk","if  furniture  ","has"," to be moved. 4."
"24hourmuseum.org.uk","the  property  ","has"," been"
"24hourmuseum.org.uk","  document  ","has"," been signed to"
"careers.ed.ac.uk","and each  nurse  ","has"," a room all to"
"lancashire.police.uk","  curriculum  ","has"," undergone"
"lancashire.police.uk","  curriculum  ","has"," undergone"
"lancashire.police.uk","while the  rate  ","has"," steadily"
"contours.co.uk","  study  ","has"," supported"
"contours.co.uk","if a  peasant  ","has"," one horse, one"
"vue.org.uk","  countries  ","has"," been"
"littman.co.uk","this  website  ","has"," been"
"littman.co.uk","  steel  ","has"," been designed"
"littman.co.uk","  website  ","has"," the text of"
"wwwfom.sk.med.ic.ac.uk","  system  ","has"," in recent"
"wwwfom.sk.med.ic.ac.uk","  reform  ","has"," mirrored the"
"wwwfom.sk.med.ic.ac.uk",". The  paper  ","has"," a twofold aim:"
"wwwfom.sk.med.ic.ac.uk",". This  process  ","has"," been"
"wwwfom.sk.med.ic.ac.uk"," ","has"," been evident"
"wwwfom.sk.med.ic.ac.uk","  factors  ","has"," been that"
"wwwfom.sk.med.ic.ac.uk","  system  ","has"," in the past"
"wwwfom.sk.med.ic.ac.uk","  system  ","has"," been quite"
"wwwfom.sk.med.ic.ac.uk","of  inclusion  ","has"," been"
"wwwfom.sk.med.ic.ac.uk"," ","has"," filtered into"
"wwwfom.sk.med.ic.ac.uk","end, much  time  ","has"," been wasted"
"wwwfom.sk.med.ic.ac.uk","Deaf  learner  ","has"," a right. In"
"tonearm.co.uk","middle  disk  ","has"," some very long"
"moremusic.co.uk","whose  message  ","has"," changed the"
"moremusic.co.uk","that your  life  ","has"," ended up in a"
"moremusic.co.uk",",  technology  ","has"," taken us"
"moremusic.co.uk","  intelligence  ","has"," been measured"
"stmarylebow.co.uk","  government  ","has"," claimed that"
"stmarylebow.co.uk","a  decision  ","has"," been taken. 10"
"stmarylebow.co.uk","  government  ","has"," not so far"
"stmarylebow.co.uk","days ''  rule  ","has"," proved"
"stmarylebow.co.uk","  government  ","has"," stated that"
"stmarylebow.co.uk","  government  ","has"," rejected this"
"age-exchange.org.uk","! The  process  ","has"," significant"
"westyorkshire.police.uk","  unity  ","has"," evolved thus"
"westyorkshire.police.uk","anti-EU  press  ","has"," vented its"
"westyorkshire.police.uk","working  class  ","has"," no reason"
"westyorkshire.police.uk","working  class  ","has"," never been"
"westyorkshire.police.uk","of  capital  ","has"," always been"
"westyorkshire.police.uk","  Marxism  ","has"," consistently"
"legendarydartmoor.co.uk","when a  horse  ","has"," just"
"legendarydartmoor.co.uk","Our local  hunt  ","has"," between 12 to"
"legendarydartmoor.co.uk","This  strategy  ","has"," a good record"
"legendarydartmoor.co.uk",".  Experience  ","has"," shown that"
"legendarydartmoor.co.uk","an  agreement  ","has"," been reached"
"thenewspaper.org.uk","  employment  ","has"," ceased, was)"
"thenewspaper.org.uk","  employment  ","has"," ceased,"
"thenewspaper.org.uk","Where a  worker  ","has"," worked for his"
"thenewspaper.org.uk","which a  worker  ","has"," agreed that"
"thenewspaper.org.uk","Where a  worker  ","has"," worked for his"
"thenewspaper.org.uk","which a  worker  ","has"," agreed that"
"thenewspaper.org.uk",") the  employer  ","has"," ensured that"
"thenewspaper.org.uk","the  employer  ","has"," no reason to"
"thenewspaper.org.uk",") the  employer  ","has"," ensured that"
"thenewspaper.org.uk","the  employer  ","has"," no reason to"
"thenewspaper.org.uk","  period  ","has"," the"
"thenewspaper.org.uk","(a) the  worker  ","has"," given his"
"thenewspaper.org.uk","  practitioner  ","has"," advised an"
"thenewspaper.org.uk","until a  worker  ","has"," been"
"thenewspaper.org.uk","(7), a  worker  ","has"," been"
"thenewspaper.org.uk","an  employer  ","has"," failed to pay a"
"ita.org.uk",", that  request  ","has"," stumped"
"ita.org.uk","in.  Everyone  ","has"," agreed their"
"ita.org.uk","that my  body  ","has","n''t the"
"peakdistrict.gov.uk","  pricing  ","has"," been"
"peakdistrict.gov.uk","  market  ","has"," also changed"
"accomodata.co.uk","  seminars  ","has"," now been"
"accomodata.co.uk","This  approach  ","has"," an"
"accomodata.co.uk","  activities  ","has"," created a new"
"sd-commission.org.uk","This IT  woman  ","has"," permanent PMS"
"portakabin.co.uk","  revolution  ","has"," gone into ebb"
"portakabin.co.uk",",  revolution  ","has"," gone into ebb."
"portakabin.co.uk","working  class  ","has"," to take up not"
"bectu.org.uk","the  person  ","has"," the disease or"
"jolt.co.uk",". The  firm  ","has"," grown so"
"jolt.co.uk","that the  move  ","has"," become a"
"jolt.co.uk",". The  move  ","has"," become a huge"
"jolt.co.uk","  involvement  ","has"," been"
"jolt.co.uk","and  help  ","has"," been"
"portsmouthfairtrade.org.uk","  programme  ","has"," to be in a file"
"portsmouthfairtrade.org.uk","The  programme  ","has"," to be valid (OK"
"magonia.demon.co.uk","  poetry  ","has"," proved to be"
"languagesabroad.co.uk",".  INCORE  ","has"," had associate"
"tibenham.fsnet.co.uk","a  magistrate  ","has"," more time to"
"connectpa.co.uk","of the  meeting  ","has"," been captured"
"connectpa.co.uk","  mathematics  ","has"," even a"
"connectpa.co.uk","  involvement  ","has"," been swamped"
"connectpa.co.uk","  codes  ","has"," dimensions"
"connectpa.co.uk","their  field  ","has"," learnt from"
"rothwells.co.uk",", a new  survey  ","has"," found."
"freenetpages.co.uk",", the  site  ","has"," been open to"
"p-jones.demon.co.uk","basic  class  ","has"," an option for"
"p-jones.demon.co.uk","  numbers  ","has"," length 2, then"
"csa.gov.uk","you. Each  card  ","has"," written on it"
"mountaineering-scotland.org.uk","  power  ","has"," been vested in"
"managers.org.uk","  development  ","has"," been the"
"managers.org.uk","  education  ","has"," been heavily"
"managers.org.uk","that the  child  ","has"," to be ''fixed ''."
"managers.org.uk","  learners  ","has"," been placed"
"managers.org.uk",".  Legislation  ","has"," set in place an"
"managers.org.uk","  dimension  ","has"," of course been"
"managers.org.uk","if the  child  ","has","n''t got it in"
"compendia.co.uk","This  site  ","has"," been built to"
"luxonline.org.uk","  electricity  ","has"," fallen - it was"
"govergames.co.uk","  nutrition  ","has"," been a"
"govergames.co.uk","past 20  years  ","has"," seen"
"ias.org.uk","of this  kind  ","has"," shortcomings"
"backroadstouring.co.uk","of all  time  ","has"," to be the love"
"backroadstouring.co.uk","  world  ","has"," been happy"
"backroadstouring.co.uk","This  alphabet  ","has"," been around"
"backroadstouring.co.uk",".  ''Humankind  ","has"," wondered"
"digitaltoast.co.uk","  notice  ","has"," been served"
"digitaltoast.co.uk","  notice  ","has"," been served"
"swan.ac.uk","all the  water  ","has"," to come from"
"samoa.co.uk","each  culture  ","has"," preferred"
"newburytheatre.co.uk",", and his  work  ","has"," been hugely"
"garysturt.free-online.co.uk",". My  desktop  ","has"," an optical"
"garysturt.free-online.co.uk","my  laptop  ","has"," built-in"
"garysturt.free-online.co.uk",") the  lag  ","has","n''t caused me"
"liberty-human-rights.org.uk","  drama  ","has"," enabled me to"
"e-crafts.co.uk","If your  name  ","has"," an unusual"
"gothicimage.co.uk","kind of  game  ","has"," the potential"
"integral.co.uk","one  employer  ","has"," negligently"
"integral.co.uk","the  claimant  ","has"," actually"
"integral.co.uk","the  claimant  ","has"," contracted"
"learndirect.co.uk","  conference  ","has"," fired back,"
"learndirect.co.uk","the  matter  ","has"," already been"
"learndirect.co.uk","  organisation  ","has"," ever opened"
"poetrymagazines.org.uk"," ","has"," been taken"
"poetrymagazines.org.uk","  traveller  ","has"," everything"
"ubu.org.uk","  relationship  ","has"," been shown to"
"citizenshipfoundation.org.uk","  shortbread  ","has"," more butter in"
"birminghamfoe.org.uk","for This  paper  ","has"," been written"
"birminghamfoe.org.uk","  institution  ","has"," recently"
"birminghamfoe.org.uk","  institution  ","has"," a duty to"
"birminghamfoe.org.uk","  institution  ","has"," a duty to"
"birminghamfoe.org.uk","  information  ","has"," properly"
"birminghamfoe.org.uk","the  document  ","has"," to be released"
"birminghamfoe.org.uk","the  request  ","has"," been dealt"
"birminghamfoe.org.uk","  notice  ","has"," been served,"
"birminghamfoe.org.uk","  notice  ","has"," been served, a"
"birminghamfoe.org.uk","  authority  ","has"," the same right"
"birminghamfoe.org.uk","third  party  ","has"," served notice"
"halletts.co.uk","the  speaker  ","has"," stopped"
"halletts.co.uk","  proprietor  ","has"," been a patron"
"halletts.co.uk","  readers  ","has"," evolved."
"halletts.co.uk","the  compact  ","has"," brought in"
"halletts.co.uk","of the  paper  ","has"," increased"
"tuc.org.uk",", this  song  ","has"," religious"
"healthmatters.org.uk","of  Experts  ","has"," been"
"healthmatters.org.uk","This  site  ","has"," information,"
"eastman.ucl.ac.uk","''s  activities  ","has"," been conflict"
"fitz.cam.ac.uk","whose  name  ","has"," the form"
"frenchliving.co.uk",". The  scheme  ","has"," been designed"
"frenchliving.co.uk","The  interview  ","has"," two main"
"supertarot.co.uk","way as the  sun  ","has"," been smiling"
"supertarot.co.uk","  cousin  ","has"," moved house"
"questors.org.uk","The  programme  ","has"," since faded"
"search.reviews.ebay.co.uk","Once an  angler  ","has"," fished under"
"zem.demon.co.uk","of your  family  ","has"," just been"
"bond.org.uk","  usage  ","has"," flat lined."
"goldsmiths.ac.uk",". Now his  life  ","has"," been cut short"
"goldsmiths.ac.uk","  crusade  ","has"," ended; the"
"mlfhs.org.uk","  document  ","has"," now come to an"
"borkowski.co.uk","  function  ","has"," no sigmask"
"stpauls.co.uk","  building  ","has"," been found"
"recyclezone.org.uk","of  forests  ","has"," been reduced"
"recyclezone.org.uk","''s  population  ","has"," grown from 2.3"
"recyclezone.org.uk"," ","has"," released"
"recyclezone.org.uk"," ","has"," been a"
"recyclezone.org.uk","  increase  ","has"," been"
"recyclezone.org.uk","per  person  ","has"," nearly"
"payaway.co.uk","  building  ","has"," witnessed"
"payaway.co.uk","and  distress  ","has"," been overcome"
"northill.demon.co.uk",". The  garden  ","has"," appeal for all"
"york.gov.uk","  maize  ","has"," been in place"
"york.gov.uk","35S  promoter  ","has"," a"
"inspectormorse.co.uk"," ","has"," recently"
"inspectormorse.co.uk",". Our  group  ","has"," investigated"
"edietsuk.co.uk","''  programme  ","has"," provided"
"bordercrossings.org.uk","this  course  ","has"," had to be"
"bordercrossings.org.uk",". His  work  ","has"," been"
"charleswells.co.uk","  remakes  ","has"," been a diverse"
"mansfield.gov.uk",",  provision  ","has"," been made for"
"orbitbooks.co.uk","  time  ","has"," gone into it."
"aspirations.english.cam.ac.uk","SHEFC  review  ","has"," been"
"aspirations.english.cam.ac.uk","This  site  ","has"," been built to"
"members.freezone.co.uk","  supervision  ","has"," been"
"members.freezone.co.uk","  professional  ","has"," to deal with"
"hisc.co.uk","main  concern  ","has"," been, using"
"omni.ac.uk","poor. A  report  ","has"," revealed that"
"indigogroup.co.uk","million  euro  ","has"," been set aside"
"exposure.co.uk","  character  ","has"," been squeezed"
"exposure.co.uk","and  attention  ","has"," been applied"
"isomatic.co.uk",", when a  need  ","has"," been"
"dancing-times.co.uk","  location  ","has"," been received"
"dancing-times.co.uk",". u-net.  com  ","has"," been updated"
"dancing-times.co.uk","  page  ","has"," been updated"
"niftc.co.uk",", when the  job  ","has"," been analyzed"
"niftc.co.uk",", my  company  ","has"," made its"
"the-morningstar.co.uk","your  cheque  ","has"," cleared our"
"kensington-unitarians.org.uk",". The  library  ","has"," material that"
"a-day-in-the-life.powys.org.uk","this  problem  ","has"," not been known"
"a-day-in-the-life.powys.org.uk","birth  defects  ","has"," really been"
"a-day-in-the-life.powys.org.uk","and as a  result  ","has"," not really"
"a-day-in-the-life.powys.org.uk","and the  time  ","has"," come for them"
"bseinquiry.gov.uk","  amplitudes  ","has"," gone up for"
"bseinquiry.gov.uk","  amplitudes  ","has"," not changed at"
"bseinquiry.gov.uk","  amplitudes  ","has"," increased."
"bseinquiry.gov.uk","  amplitudes  ","has"," decreased."
"bseinquiry.gov.uk","ISC ''s MS  value  ","has"," decreased by"
"historyhouse.co.uk","''The  princess  ","has"," been"
"becta.org.uk",":  sanitation  ","has"," saved more"
"becta.org.uk","  world  ","has"," been left"
"becta.org.uk",".  Sewage  ","has"," to decompose"
"visionofbritain.org.uk","  legislation  ","has"," done little to"
"visionofbritain.org.uk","volume of  spam  ","has"," increased"
"visionofbritain.org.uk","  enforcement  ","has"," the tools to"
"network-box.co.uk",". The  girl  ","has"," a ''dot '' of a"
"pixeltechnology.co.uk","  algorithm  ","has"," already been"
"pixeltechnology.co.uk","  modes  ","has"," on motivating"
"pixeltechnology.co.uk","the  Evidence  ","has"," already been"
"adfam-parents.org.uk",". Each  size  ","has"," its place in"
"adfam-parents.org.uk","spent on  food  ","has"," more than"
"adfam-parents.org.uk","for cheap  food  ","has"," gone far"
"esds.ac.uk","  government  ","has"," set an"
"portset.co.uk","or not  payment  ","has"," been received"
"portset.co.uk","which  payment  ","has"," been received"
"portset.co.uk","the  order  ","has"," been received"
"oudancesport.co.uk",". While  yoga  ","has"," long promised"
"ayrshirehistory.org.uk","the  mother  ","has"," left the"
"gammassl.co.uk","one GM  variety  ","has"," been agreed,"
"rousette.org.uk",": This  page  ","has"," been"
"rousette.org.uk","party  system  ","has"," become so"
"rousette.org.uk","  Government  ","has"," any secrets to"
"rousette.org.uk","  Government  ","has"," often"
"rousette.org.uk",""". A lot of  work  ","has"," been done in"
"rousette.org.uk",", the  media  ","has"," not yet made"
"rousette.org.uk","  journalism  ","has"," a long way to go"
"rousette.org.uk","my  attention  ","has"," been drawn to"
"rousette.org.uk","this  year  ","has"," gone up by 225 %"
"rousette.org.uk","So a lot of  work  ","has"," to be done. A"
"rousette.org.uk","whose  time  ","has"," come. It is"
"colc.co.uk","  journey  ","has"," been 15 months"
"colc.co.uk","like your  life  ","has"," no validity"
"integral.co.uk",", the  cast  ","has"," restored a"
"casino.loquax.co.uk","  deportation  ","has"," since been"
"tuc.org.uk","  everything  ","has"," satisfied our"
"hefce.ac.uk","  performance  ","has"," improved so"
"teachingenglish.org.uk","the  caller  ","has"," had really"
"teachingenglish.org.uk","''s  migration  ","has"," lasted 29 days"
"teachingenglish.org.uk","  direction  ","has"," been almost"
"request.org.uk","where the  NHS  ","has"," paid for them."
"jardmail.co.uk","This  field  ","has"," been"
"cs.ucl.ac.uk",";  emigration  ","has"," to be done"
"dcs.warwick.ac.uk","  legislation  ","has"," highlighted"
"moggies.co.uk","  investment  ","has"," enabled"
"moggies.co.uk",". The  funding  ","has"," allowed the"
"moggies.co.uk",", the  project  ","has"," created a"
"moggies.co.uk","NGS  users  ","has"," swelled to 210"
"moggies.co.uk","portal  design  ","has"," been"
"moggies.co.uk","the  programme  ","has"," achieved and"
"moggies.co.uk"," ","has"," been central"
"moggies.co.uk","The  programme  ","has"," influenced,"
"moggies.co.uk","of  datasets  ","has"," also been the"
"moggies.co.uk","  service  ","has"," the potential"
"moggies.co.uk","  object  ","has"," customisable"
"moggies.co.uk","Midlands  RSC  ","has"," held a"
"digitalliving.cnet.co.uk","this  value  ","has"," been revised"
"digitalliving.cnet.co.uk","in cows ''  milk  ","has"," already been"
"digitalliving.cnet.co.uk","  laboratory  ","has"," participated"
"digitalliving.cnet.co.uk","on  dioxins  ","has"," been carried"
"digitalliving.cnet.co.uk","  range  ","has"," been"
"digitalliving.cnet.co.uk","from one  farm  ","has"," fallen from"
"tqc.co.uk","  production  ","has"," increased,"
"tqc.co.uk","  cultivation  ","has"," spread like a"
"thefword.org.uk","  Government  ","has"," published a"
"thefword.org.uk","that the  paper  ","has"," been"
"thefword.org.uk","and crops.  FOE  ","has"," revealed that"
"thefword.org.uk","  Government  ","has"," already"
"thefword.org.uk","rape  pollen  ","has"," been already"
"thefword.org.uk","food  product  ","has"," already seen"
"thefword.org.uk","the  company  ","has"," had 3000 calls"
"thefword.org.uk",". No  attempt  ","has"," been made to"
"thefword.org.uk",". No  action  ","has"," been taken to"
"thefword.org.uk",".  Nothing  ","has"," been done to"
"cs.bris.ac.uk",". if  anyone  ","has"," taken this"
"cs.bris.ac.uk","and if  anyone  ","has"," tried"
"hrionline.ac.uk","  citizenship  ","has"," to be"
"rss.org.uk","  world  ","has"," been shameful"
"compbio.dundee.ac.uk",". Internet  use  ","has"," more than"
"compbio.dundee.ac.uk","  technologies  ","has"," resulted in a"
"compbio.dundee.ac.uk","  definition  ","has"," changed over"
"compbio.dundee.ac.uk",". The  language  ","has"," evolved from"
"compbio.dundee.ac.uk","  government  ","has"," recently"
"compbio.dundee.ac.uk","and  agency  ","has"," information"
"aeroflight.co.uk","case  study  ","has"," been updated."
"palimpsest.org.uk","of  char  ","has"," an unknown"
"intermusica.co.uk","  decision  ","has"," been based on"
"dolphinuk.co.uk","  clearance  ","has"," been given,"
"dolphinuk.co.uk","the whole  year  ","has"," been produced"
"huli.group.shef.ac.uk","The  developer  ","has"," been"
"justgambling.co.uk","a mature  model  ","has"," been accepted"
"www-users.york.ac.uk","in the  past  ","has"," been tempered"
"c2c-guide.co.uk","(SSA)  SSA  ","has"," been in"
"alcs.group.shef.ac.uk"," ","has"," been treated"
"2step-garage.co.uk","pockets. ''  ''It  ","has"," created a"
"martynmission.cam.ac.uk","  resistance  ","has"," forced the"
"pondprofessorpumps.co.uk","this  server  ","has"," been"
"pondprofessorpumps.co.uk","grounds  page  ","has"," disappeared"
"pondprofessorpumps.co.uk","to see  someone  ","has"," a sense of"
"pondprofessorpumps.co.uk","  balloon  ","has"," a speech"
"pondprofessorpumps.co.uk","entire  text  ","has"," been spoken,"
"richmondreview.co.uk",". The  site  ","has"," been prepared"
"richmondreview.co.uk",". Each  lecture  ","has"," accompanying"
"richmondreview.co.uk","of  images  ","has"," been compiled"
"uutech.co.uk","the  weather  ","has"," stayed hot and"
"cyberselect.co.uk","  Government  ","has"," made clear its"
"cyberselect.co.uk","this  week  ","has"," been one of the"
"cyberselect.co.uk","  northSue  ","has"," extensive"
"cyberselect.co.uk","  services  ","has"," been"
"cyberselect.co.uk","  government  ","has"," pledged to"
"cyberselect.co.uk","debate.  ippr  ","has"," hired an"
"cyberselect.co.uk","and this  week  ","has"," been"
"cyberselect.co.uk","  government  ","has"," not... read"
"cyberselect.co.uk","months  ippr  ","has"," added its"
"cyberselect.co.uk",". org  ippr  ","has"," a strong track"
"thenortheast.fsnet.co.uk","  asphyxia  ","has"," a major effect"
"avreview.co.uk","each  minute  ","has"," 60 seconds ("")"
"avreview.co.uk","which the  tide  ","has"," been"
"avreview.co.uk","the  current  ","has"," been"
"avreview.co.uk","  station  ","has"," been"
"retirement-matters.co.uk",". His  research  ","has"," taken"
"retirement-matters.co.uk","of  staff  ","has"," registered so"
"ace.abertay.ac.uk","this  course  ","has"," laid a solid"
"insideoutpr.co.uk","10.5  hectares  ","has"," been extended"
"armyoneverest.mod.uk","  government  ","has"," been totally"
"armyoneverest.mod.uk","  opinion  ","has"," already"
"armyoneverest.mod.uk",".  History  ","has"," shown US"
"armyoneverest.mod.uk",". That  time  ","has"," come to"
"armyoneverest.mod.uk"," ","has"," cracked the"
"armyoneverest.mod.uk","free  market  ","has"," reduced them"
"armyoneverest.mod.uk","against  war  ","has"," highlighted a"
"boysstuff.co.uk","  tradition  ","has"," been"
"redking.co.uk","single  factor  ","has"," resulted in"
"redking.co.uk","union  chapel  ","has",""
"redking.co.uk","the  office  ","has"," no PA wire,"
"redking.co.uk","on the  end  ","has"," become the"
"star-www.st-and.ac.uk","cvs  versions  ","has"," never created"
"chaosscience.org.uk","with  hounds  ","has"," to be seen as an"
"kcl.ac.uk","where the  NHS  ","has"," applied the"
"localjobsearch.co.uk","  Government  ","has"," committed"
"localjobsearch.co.uk","for  treatment  ","has"," been"
"localjobsearch.co.uk","the  community  ","has"," been"
"localjobsearch.co.uk",", and  progress  ","has"," already been"
"westdean.org.uk",". IRR  news  ","has"," found that the"
"bronte.netfury.co.uk"," ","has"," more than"
"womens-health.co.uk","  novel  ","has"," remained on"
"womens-health.co.uk","  colleague  ","has"," said much of"
"womens-health.co.uk","Brit  flick  ","has"," seen off the"
"womens-health.co.uk","film  industry  ","has"," been enjoying"
"churchill-society-london.org.uk","too. The  title  ","has"," a skip to it, a"
"churchill-society-london.org.uk","here too  time  ","has"," simplified"
"churchill-society-london.org.uk","  character  ","has"," some"
"orcadian.co.uk","whose  surface  ","has"," been sculpted"
"orcadian.co.uk",":  someone  ","has"," just added a"
"diabetesdialogue.org.uk",". This  knot  ","has"," the advantage"
"savoy.abel.co.uk","  magazine  ","has"," details of the"
"drivetech.co.uk","for ''  column  ","has"," been hotly"
"drivetech.co.uk","  formulation  ","has"," come in for"
"tlc-direct.co.uk",": The  monument  ","has"," survived for"
"monju.pwp.blueyonder.co.uk","Blean  country  ","has"," a good stock of"
"monju.pwp.blueyonder.co.uk","of our  hunt  ","has"," ever been"
"monju.pwp.blueyonder.co.uk",". The  hare  ","has"," adapted over"
"hazelden.org.uk","  wisdom  ","has"," socialists"
"hazelden.org.uk","say the  town  ","has"," been badly let"
"newtonproject.ic.ac.uk","the  group  ","has","n''t announced"
"wh-ireland.co.uk","as  theatre  ","has"," intrigued me"
"www3.indymedia.org.uk","  watch  ","has"," a mechanical"
"missiedith.bentbacktulips.co.uk","homes.  ACTION  ","has"," two main aims"
"eaifhe.ac.uk","of 55p per  week  ","has"," been launched"
"eaifhe.ac.uk","  campaign  ","has"," won the"
"wightchurches.co.uk","  SyncDicator  ","has"," made a big"
"turkeyrealestate.co.uk","  effort  ","has"," been made in"
"turkeyrealestate.co.uk",". This  effect  ","has"," been overcome"
"princes-trust.org.uk","is  passing/  ","has"," passed"
"princes-trust.org.uk",", as the  church  ","has"," already"
"millcroftvets.co.uk","  forefround  ","has"," just roared"
"premierhomesinternational.co.uk",". A  translator  ","has"," the luxury of"
"premierhomesinternational.co.uk","  interpreter  ","has"," the"
"businessweekly.co.uk","  publication  ","has"," become an"
"businessweekly.co.uk","this  survey  ","has"," shown that we"
"org.suw.org.uk","  nation  ","has"," endured years"
"italian.classic-literature.co.uk","this  meeting  ","has"," not been"
"italian.classic-literature.co.uk","hope  everyone  ","has"," had a jolly"
"greenwichcollege.co.uk","  economy  ","has"," not"
"greenwichcollege.co.uk","  inflation  ","has"," been 2.4 per"
"greenwichcollege.co.uk","up:  Inflation  ","has"," been the"
"greenwichcollege.co.uk","school  pupil  ","has"," enterprise"
"greenwichcollege.co.uk","as the  world  ","has"," moved on the"
"whistler.arts.gla.ac.uk","of  mallow  ","has"," a calming"
"equinetourism.co.uk","today  somone  ","has"," made a web site"
"equinetourism.co.uk","today  somone  ","has"," made a web site"
"v-e-t-s.co.uk","and a  plan  ","has"," been agreed in"
"v-e-t-s.co.uk","floor  area  ","has"," been used"
"artangel.co.uk","little  effort  ","has"," been put into"
"artangel.co.uk","? The  election  ","has"," been"
"jsh1949.co.uk","  minister  ","has"," been"
"newsoftheworld.co.uk","middle  class  ","has"," made great"
"newsoftheworld.co.uk","  education  ","has"," been accorded"
"newsoftheworld.co.uk",". (This  table  ","has"," been compiled"
"newsoftheworld.co.uk","this  thinking  ","has"," not yet"
"newsoftheworld.co.uk","  circles  ","has"," been"
"newsoftheworld.co.uk","these  aids  ","has"," been a primary"
"newsoftheworld.co.uk","  justice  ","has"," been a"
"newsoftheworld.co.uk","an  approach  ","has"," not yielded"
"newsoftheworld.co.uk","  government  ","has"," also"
"newsoftheworld.co.uk","  government  ","has"," in effect"
"newsoftheworld.co.uk","in  planning  ","has"," evolved from"
"newsoftheworld.co.uk","  government  ","has"," responded to"
"newsoftheworld.co.uk","of  difference  ","has"," highlighted"
"risc.org.uk","CEO  turnover  ","has"," remained high"
"risc.org.uk","  outsourcing  ","has"," declined by a"
"risc.org.uk","  downsizing  ","has"," halved."
"risc.org.uk","market  share  ","has"," intensified"
"risc.org.uk","  publicity  ","has"," highlighted"
"risc.org.uk","  absence  ","has"," announced its"
"risc.org.uk","  organisation  ","has"," a duty to take"
"risc.org.uk","good  progress  ","has"," been made in"
"risc.org.uk","female  member  ","has"," risen from 22"
"laptopsdirect.co.uk","your  request  ","has"," been logged"
"farm.org.uk","  organisation  ","has"," executives of"
"farm.org.uk","the  service  ","has"," developed"
"farm.org.uk","  development  ","has"," not been in the"
"farm.org.uk","once the  IM  ","has"," successfully"
"pondprofessorpumps.co.uk","? s  site  ","has"," not undergone"
"pondprofessorpumps.co.uk","your  site  ","has"," maximum"
"saxonhomecare.co.uk",", so this  site  ","has"," come up with a"
"kensington-unitarians.org.uk","UK Wild  boar  ","has"," been on man ''s"
"niftc.co.uk","the  Internet  ","has"," become an"
"niftc.co.uk","deal of  change  ","has"," affected"
"thesmallholdingcentre.co.uk","? .  FOE  ","has"," written to"
"thesmallholdingcentre.co.uk","that the  ECGD  ","has"," no rules in"
"thesmallholdingcentre.co.uk","? . The  ECGD  ","has"," claimed that a"
"thesmallholdingcentre.co.uk","nor the  review  ","has"," been"
"partnerships.org.uk",",  everybody  ","has"," made screen"
"woodlands-junior.kent.sch.uk","that  everyone  ","has"," the"
"mandarina.co.uk",". The  group  ","has"," a number of"
"nevadaradio.co.uk"," ","has"," this to say:?"
"nevadaradio.co.uk",". What  form  ","has","? unity? of the"
"go-newfocus.co.uk","- the  trust  ","has"," developed a"
"go-newfocus.co.uk","a  timetable  ","has"," been drawn up"
"go-newfocus.co.uk","  specialisms  ","has"," closed -"
"go-newfocus.co.uk","The  TUC  ","has"," launched a new"
"go-newfocus.co.uk",". The  company  ","has"," worked in"
"go-newfocus.co.uk",", this  figure  ","has"," been reduced"
"go-newfocus.co.uk","for this  year  ","has"," resulted in"
"go-newfocus.co.uk","  building  ","has"," a large floor"
"go-newfocus.co.uk","trip  injuries  ","has"," been achieved"
"go-newfocus.co.uk","cleaning  team  ","has"," been"
"go-newfocus.co.uk","the past  year  ","has"," had a direct"
"sndc.demon.co.uk","  photograph  ","has"," been included"
"niace.org.uk","  Revenue  ","has"," confirmed"
"scarborough.gov.uk","  government  ","has"," introduced a?"
"scarborough.gov.uk","  government  ","has"," rigged in"
"scarborough.gov.uk","if the  budget  ","has"," run out and"
"scarborough.gov.uk","  government  ","has"," decided that"
"scarborough.gov.uk","injuries  unit  ","has"," already been"
"scarborough.gov.uk","  hospital  ","has"," been closed."
"scarborough.gov.uk","  government  ","has"," introduced;"
"scarborough.gov.uk","com)  campaign  ","has"," been launched"
"portsmouthwater.co.uk","each  country  ","has"," a different"
"fanderson.org.uk","in cows ''  milk  ","has"," been reported"
"fanderson.org.uk","  laboratory  ","has"," participated"
"artlab.org.uk","  advancement  ","has"," been to add"
"f1comp.co.uk","which,  legend  ","has"," it, would"
"thetrousers.co.uk","XSPAN  project  ","has"," produced the"
"thetrousers.co.uk",".  COBrA  ","has"," been"
"spacekraft.co.uk","  competition  ","has"," received year"
"ilook.fsnet.co.uk","couples. A  lot  ","has"," changed in the"
"scotcourts.gov.uk","the  lighting  ","has"," to be precise"
"scotcourts.gov.uk","it, no. My  work  ","has"," been very"
"candlemaking.org.uk","Building  work  ","has"," begun on the"
"simonmarsden.co.uk",".  Asbestos  ","has"," to be disposed"
"missiedith.bentbacktulips.co.uk","military  coup  ","has"," been launched"
"missiedith.bentbacktulips.co.uk","from  space  ","has"," now taken"
"missiedith.bentbacktulips.co.uk","which in  turn  ","has"," lowered the"
"missiedith.bentbacktulips.co.uk",", but  nothing  ","has"," ever"
"talkingbooks.co.uk","  disasters  ","has"," increased"
"talkingbooks.co.uk","  earthquakes  ","has"," remained"
"talkingbooks.co.uk","  weather  ","has"," risen sharply"
"hrionline.ac.uk","A  diary  ","has"," been produced"
"g3pho.free-online.co.uk","the  concept  ","has"," been"
"swaine.me.uk","his  publisher  ","has"," assured him is"
"borkowski.co.uk",""" This  ruling  ","has"," huge"
"payaway.co.uk","dog  coat  ","has"," a full chest"
"payaway.co.uk","dog  coat  ","has"," a full chest"
"cofepow.org.uk","  factor-a  ","has"," proven of"
"onevision.co.uk","1, each  plate  ","has"," 4 costume"
"onevision.co.uk","2 each  plate  ","has"," 4 costume"
"onevision.co.uk",". This  work  ","has"," been prepared"
"onevision.co.uk",". This  work  ","has"," been prepared"
"advaita.org.uk","Centre on  site  ","has"," a display"
"magonia.demon.co.uk",": This  page  ","has"," been"
"magonia.demon.co.uk","The  Campaign  ","has"," produced a"
"magonia.demon.co.uk","The  Campaign  ","has"," produced a"
"magonia.demon.co.uk","  laws  ","has"," been added to"
"magonia.demon.co.uk","The  Campaign  ","has"," produced a"
"simplysports.co.uk",", the  writing  ","has"," been on the"
"constipationadvice.co.uk","last ten  years  ","has"," been the"
"constipationadvice.co.uk","adult  disease  ","has"," its roots in"
"constipationadvice.co.uk","But each  group  ","has"," very special"
"constipationadvice.co.uk",". This  neglect  ","has"," manifested"
"constipationadvice.co.uk","social  care  ","has"," a massive"
"constipationadvice.co.uk",". The  response  ","has"," to be that"
"constipationadvice.co.uk","  group  ","has"," already been"
"mrl.nott.ac.uk","each  player  ","has"," scored. http:"
"crocus.co.uk","  magistrates  ","has"," begun. The"
"crocus.co.uk",". This in  turn  ","has"," a direct"
"crocus.co.uk","said: ""  Today  ","has"," been about"
"harpercollins.co.uk","that  anyone  ","has"," the right to"
"harpercollins.co.uk","the  moment  ","has"," passed) they"
"harpercollins.co.uk","that  moment  ","has"," passed."
"compendia.co.uk","An  evening  ","has"," been arranged"
"emotionalprocessing.org.uk","  Associates  ","has"," shown that"
"universalenergycentre.co.uk","  government  ","has"," its programme"
"digitalradiotech.co.uk","  population  ","has"," increased, a"
"imperialopera.org.uk","whole  truth  ","has"," not been"
"imperialopera.org.uk",".  Everything  ","has"," changed. Can"
"imperialopera.org.uk","often  truth  ","HAS"," been the first"
"imperialopera.org.uk","  journalism  ","has"," fully"
"imperialopera.org.uk","this  journal  ","has"," no qualms"
"family-ancestry.co.uk","! ? ! ? !  someone  ","has"," more posts"
"family-ancestry.co.uk","! ? ! ? !  someone  ","has"," more posts"
"family-ancestry.co.uk","! ? ! ? !  someone  ","has"," more posts"
"poetrymagic.co.uk","Sussex  group  ","has"," experience in"
"jcrwww.quns.cam.ac.uk","This  group  ","has"," divided into"
"scottishweddingdirectory.co.uk",". The  area  ","has"," much to offer"
"insideoutpr.co.uk",". This  step  ","has"," now been"
"go-newfocus.co.uk",". He  partner  ","has"," been Chris"
"go-newfocus.co.uk","  non-fiction  ","has"," concentrated"
"woodforde.co.uk",", XOR  drawing  ","has"," some"
"woodforde.co.uk","this  element  ","has"," initially"
"seered.co.uk","the  Council  ","has",": maintained"
"seered.co.uk","  funding  ","has"," increased by"
"seered.co.uk","This  site  ","has"," been built to"
"mod-langs.ox.ac.uk","the  terminus  ","has"," been"
"stone.newton.cam.ac.uk","  committee  ","has"," commissioned"
"motorinsurance.co.uk"," ","has"," been"
"essex.police.uk","ship ''s  hull  ","has"," been"
"essex.police.uk","  integrity  ","has"," been lost. The"
"essex.police.uk","when a  plate  ","has"," pulled loose"
"essex.police.uk","them. The  bolt  ","has"," no regular"
"essex.police.uk","the  patch  ","has"," cured. The"
"essex.police.uk","  resin  ","has"," the greater"
"essex.police.uk","the  plastic  ","has"," excellent"
"pdsg.org.uk","Rhyming  slang  ","has"," the effect of"
"pdsg.org.uk","Rhyming  slang  ","has"," spread to many"
"birdinghawaii.co.uk","student  work  ","has"," been"
"contours.co.uk","at Tate.  ''It  ","has"," never been"
"healthmatters.org.uk","- the  industry  ","has"," been"
"healthmatters.org.uk","at the  group  ","has"," fallen in all"
"healthmatters.org.uk","  pill  ","has"," been delayed"
"healthmatters.org.uk","Bt cotton  crop  ","has"," been"
"healthmatters.org.uk",", Bt  cotton  ","has"," proved to be a"
"healthmatters.org.uk","victim  ISIS  ","has"," warned of this"
"healthmatters.org.uk","DNA in  pollen  ","has"," transferred"
"healthmatters.org.uk","  DNA  ","has"," disappeared"
"healthmatters.org.uk",". This  gene  ","has"," been"
"healthmatters.org.uk","  Government  ","has"," admitted. The"
"healthmatters.org.uk","  government  ","has"," signed"
"healthmatters.org.uk","  delegation  ","has"," reported to"
"healthmatters.org.uk","  approval  ","has"," not been"
"healthmatters.org.uk","corn  seed  ","has"," not entered"
"healthmatters.org.uk","A Turin  court  ","has"," launched an"
"healthmatters.org.uk",". A  moratorium  ","has"," been in place"
"healthmatters.org.uk","whose  safety  ","has"," already been"
"itchyyork.co.uk"," ","has"," been either"
"rousette.org.uk",". A man ''s  body  ","has"," been found in a"
"rousette.org.uk","  grandfather  ","has"," accused him of"
"rousette.org.uk",", his  body  ","has"," never been"
"rousette.org.uk",". The  story  ","has"," been adapted"
"rousette.org.uk","  route  ","has"," to be changed"
"rousette.org.uk","  diversion  ","has"," been planned"
"rousette.org.uk",", the  series  ","has"," never been"
"artifact.ac.uk","  strategy  ","has"," to mean doing"
"eagle19.freeserve.co.uk",") This  section  ","has"," effect"
"eagle19.freeserve.co.uk","  period  ","has"," already"
"eagle19.freeserve.co.uk","  accounts  ","has"," not been"
"eagle19.freeserve.co.uk","  undertaking  ","has"," not"
"goldsmiths.ac.uk",".  Rumour  ","has"," it that"
"whatsonbristol.co.uk","  campaign  ","has"," gathered"
"whatsonbristol.co.uk","says  response  ","has"," snowballed"
"whatsonbristol.co.uk",". ? This  thing  ","has"," taken off like"
"whatsonbristol.co.uk",", the  internet  ","has"," been a factor."
"whatsonbristol.co.uk",")  system  ","has"," signed so far."
"ukdf.org.uk","''n '' go  scooter  ","has"," been triked,"
"thekeyboard.org.uk",": "" The  public  ","has"," as much right"
"freenetpages.co.uk","? ?The  project  ","has"," given the"
"freenetpages.co.uk","  project  ","has"," captured the"
"cll.bham.ac.uk","the  entrant  ","has"," breached any"
"omni.ac.uk","  bourgeoisie  ","has"," disappeared"
"afs.org.uk","  samples  ","has"," been supplied"
"lsbu.ac.uk","from  home  ","has"," many"
"ex-canaries.co.uk",". The  pack  ","has"," recently been"
"universalenergycentre.co.uk","US  community  ","has"," become a"
"universalenergycentre.co.uk","  individual  ","has"," views that"
"universalenergycentre.co.uk","  community  ","has"," done an"
"universalenergycentre.co.uk","the  caucus  ","has"," not yet"
"universalenergycentre.co.uk","the  member  ","has"," the"
"universalenergycentre.co.uk","  community  ","has"," the national"
"p-jones.demon.co.uk","main  issues  ","has"," been"
"emotionalprocessing.org.uk"," ","has"," driven and"
"emotionalprocessing.org.uk","  television  ","has"," evolved over"
"emotionalprocessing.org.uk","  campus  ","has"," given me a firm"
"gwilliams.org.uk","  chiropractor  ","has"," given me a"
"persephonebooks.co.uk","of  research  ","has"," focused on"
"persephonebooks.co.uk","  instrument  ","has"," been used to"
"persephonebooks.co.uk","  instrument  ","has"," also been used"
"persephonebooks.co.uk","  institutions  ","has"," an"
"harringtonmuseum.org.uk","  proportion  ","has"," been retained"
"harringtonmuseum.org.uk","This  material  ","has"," been"
"harringtonmuseum.org.uk","  equipment  ","has"," been acquired"
"harringtonmuseum.org.uk"," ","has"," changed how we"
"walterscott.lib.ed.ac.uk","  programme  ","has"," been"
"staffshousing.org.uk","death  squads  ","has"," become an"
"staffshousing.org.uk",". The  case  ","has"," already led to"
"taylorbells.co.uk","  localization  ","has"," to take place."
"taylorbells.co.uk",",  someone  ","has"," to make a"
"lhc.org.uk","laws? The  FSA  ","has"," produced a"
"lhc.org.uk","HACCP. The  FSA  ","has"," produced"
"lhc.org.uk","from day to  day  ","has"," not changed"
"bexley.gov.uk","pub  landlady  ","has"," been named as"
"pixeltechnology.co.uk","  impetus  ","has"," been given."
"pixeltechnology.co.uk","  cohesion  ","has"," plenty of"
"pixeltechnology.co.uk","  cohesion  ","has"," found the"
"mbdevelopments.co.uk","source  email  ","has"," not chosen to"
"mbdevelopments.co.uk","email  system  ","has"," not been"
"mbdevelopments.co.uk","the  email  ","has"," come from an IP"
"asab.icapb.ed.ac.uk","MP3  players  ","has"," entered a new"
"asab.icapb.ed.ac.uk",".  Rumour  ","has"," it that the"
"cma.soton.ac.uk",". The  campaign  ","has"," been imported"
"cma.soton.ac.uk","and the  author  ","has"," supplemented"
"family-ancestry.co.uk","  feature  ","has"," also been"
"naldic.org.uk",", one  man  ","has"," said he and a"
"naldic.org.uk","  newspaper  ","has"," prompted the"
"thebigsheep.co.uk","(This  seminar  ","has"," been moved"
"thebigsheep.co.uk","QCA  exercise  ","has"," included a"
"teachingenglish.org.uk","''s  Framework  ","has",""
"orthodoxengland.btinternet.co.uk",". The  shop  ","has"," the most"
"dulwichcommunityhospital.nhs.uk","  papers  ","has"," been prepared"
"rdoc.org.uk","  education  ","has"," to offer. As"
"colc.co.uk","a public  place  ","has"," reached"
"colc.co.uk",", a  court  ","has"," heard. Roger"
"teaching-abroad.co.uk","cult  series  ","has"," yet to be"
"spacecentre.co.uk","  attention  ","has"," been given to"
"spacecentre.co.uk","  research  ","has"," demonstrated"
"spacecentre.co.uk",",  attention  ","has"," been focused"
"spacecentre.co.uk",". The  project  ","has"," made a huge"
"jdhooker.org.uk","  victor  ","has"," the flair and"
"jdhooker.org.uk","Test  wickets  ","has"," died aged 75."
"accountability.org.uk","the  promoter  ","has"," a?"
"accountability.org.uk","  engineering  ","has"," unleashed an"
"gsec.co.uk","the same  title  ","has"," now amplified"
"gsec.co.uk",". The  country  ","has"," given us gems"
"gsec.co.uk","  publication  ","has"," dedicated the"
"elsham.pwp.blueyonder.co.uk",". The  scheme  ","has"," proved very"
"elsham.pwp.blueyonder.co.uk"," ","has"," transformed"
"orbitsw.co.uk","  controllers  ","has"," more than"
"orbitsw.co.uk","that this  link  ","has"," surfaced now,"
"andypreece.co.uk","  artist  ","has"," devoted"
"eng.bham.ac.uk","if  someone  ","has"," managed to"
"bose.co.uk","of the  answer  ","has"," been"
"bose.co.uk","of the  answer  ","has"," been"
"natcorp.ox.ac.uk","  application  ","has"," a different"
"triumphdolomite.co.uk","  service  ","has"," been"
"ethox.org.uk",": This  page  ","has"," been"
"ethox.org.uk","The  Campaign  ","has"," organised a"
"ethox.org.uk","31. No  date  ","has"," yet been set"
"americansc.org.uk","grant  system  ","has"," had a few"
"americansc.org.uk","your  grant  ","has"," been approved"
"americansc.org.uk","adaption  work  ","has"," been"
"beingmrkenny.co.uk",", his  property  ","has"," been"
"urbanforum.org.uk","once the  sale  ","has"," been made."
"urbanforum.org.uk","  nothing  ","has"," happened"
"elizabethan-era.org.uk","  strategy  ","has"," always been"
"elizabethan-era.org.uk","  management  ","has"," decided that"
"theatreguidelondon.co.uk","  progress  ","has"," been made in"
"gerald-massey.org.uk","quest for  love  ","has"," become a"
"whitedragon.org.uk","? The  country  ","has"," learned to"
"whitedragon.org.uk","own  country  ","has"," failed to"
"carnegiegreenaway.org.uk","this cap,  Link  ","has"," the ability to"
"racepayment.mirrorservers.co.uk","  commander  ","has"," been relieved"
"lsbu.ac.uk","that:  ''there  ","has"," been precious"
"churchinwales.org.uk",", a  Chair  ","has"," been created"
"youngresources.co.uk","  progress  ","has"," been made. The"
"qcanet.co.uk","of the  world  ","has"," so little. If"
"g8.gov.uk",". The  system  ","has"," been widely"
"willanpublishing.co.uk","  territories  ","has"," taken the"
"willanpublishing.co.uk","  goal  ","has"," not been"
"willanpublishing.co.uk","  territories  ","has"," repeatedly"
"walterscott.lib.ed.ac.uk","Saints  church  ","has"," a Norman"
"outdoormegastore.co.uk","  section  ","has"," you playing"
"poetrymagic.co.uk","the  review  ","has"," and has not"
"darknessandlight.co.uk","Korean  cinema  ","has"," increasingly"
"darknessandlight.co.uk","the  man  ","has"," always"
"darknessandlight.co.uk","  picture  ","has"," seen"
"blog.outofthebedroom.co.uk","  world  ","has"," also made"
"blog.outofthebedroom.co.uk","  philosophy  ","has"," been"
"abarnett.demon.co.uk",". The  course  ","has"," developed"
"books.kelkoo.co.uk","once the  virus  ","has"," gone through a"
"books.kelkoo.co.uk","the  horse  ","has"," bolted. The"
"books.kelkoo.co.uk","  community  ","has"," found it"
"books.kelkoo.co.uk","bad  science  ","has"," been involved"
"kavkaz.org.uk","whose  licence  ","has"," not been"
"kavkaz.org.uk","org This  paper  ","has"," been written"
"userfocus.co.uk","the  project  ","has"," evinced"
"userfocus.co.uk","  evidence  ","has"," had a dominant"
"userfocus.co.uk","''  Matters  ","has"," a"
"bures-online.co.uk","  thing  ","has"," happened. The"
"bures-online.co.uk",". The  spine  ","has"," the title etc"
"bures-online.co.uk",", each  film  ","has"," details of"
"spri.cam.ac.uk","but this  week  ","has"," made me feel"
"spri.cam.ac.uk","? ?s  charity  ","has"," helped over"
"emotionalprocessing.org.uk","The U. S.  media  ","has"," been spending"
"emotionalprocessing.org.uk","  population  ","has"," said enough is"
"emotionalprocessing.org.uk","  greeting  ","has"," somehow"
"emotionalprocessing.org.uk","the  country  ","has"," seen a"
"emotionalprocessing.org.uk",". The  debate  ","has"," become quite"
"emotionalprocessing.org.uk",". Neither  side  ","has"," scored a clear"
"thebigsheep.co.uk",".  Sponsorship  ","has"," been obtained"
"olympics.org.uk",")  method  ","has"," also been"
"buildingdesign.co.uk","  document  ","has"," everything"
"maunmotors.co.uk","UK. The  firm  ","has"," therefore not"
"smart.co.uk","  destruction  ","has"," never been so"
"dcs.warwick.ac.uk",", this  basket  ","has"," it all. She''ll"
"satra.co.uk",". The  place  ","has"," had to make"
"satra.co.uk","  someone  ","has"," a birthday."
"satra.co.uk","that the  tank  ","has"," a layer of"
"eastman.ucl.ac.uk","past few  years  ","has"," been the"
"newtonproject.ic.ac.uk","  letter  ","has"," been sent to"
"newtonproject.ic.ac.uk",". This  finding  ","has"," been"
"blackheathrugby.co.uk",". The  target  ","has"," been exceeded"
"blackheathrugby.co.uk","  bonuses  ","has"," increased to"
"blackheathrugby.co.uk",",  research  ","has"," shown that"
"blackheathrugby.co.uk","call  centre  ","has"," transformed"
"blackheathrugby.co.uk","  rate  ","has"," dropped from"
"wolftrust.org.uk",". This  report  ","has"," been designed"
"britishblogs.co.uk","  certificate  ","has"," a cash"
"compsoc.dur.ac.uk","  work  ","has"," now started on"
"compsoc.dur.ac.uk","  contribution  ","has"," been made by"
"rms-gb.org.uk","with 2  doors  ","has"," bigger front"
"rms-gb.org.uk","in  question  ","has"," a walking"
"rms-gb.org.uk","it. My  husband  ","has"," to lift her in"
"congressfordemocracy.org.uk","  directory  ","has"," been set up to"
"cottontimes.co.uk","my main  task  ","has"," been to help"
"punk77.co.uk","an  account  ","has"," been created,"
"eng.bham.ac.uk",". This  method  ","has"," the great"
"eng.bham.ac.uk","that a  show  ","has"," just taken"
"geog.ox.ac.uk","  award  ","has"," only been won"
"goldsmiths.ac.uk","the  website  ","has"," been heavily"
"fire.org.uk",", each  level  ","has"," plenty to"
"sparklemotion.co.uk",". The  approval  ","has"," been given"
"sd-commission.org.uk","a new print  job  ","has"," been"
"sd-commission.org.uk","the  printer  ","has",", it''ll only do"
"sd-commission.org.uk","the  printer  ","has",", rather it ''s"
"srtl.co.uk","  work  ","has"," now started on"
"srtl.co.uk","  contribution  ","has"," been made by"
"bordercrossings.org.uk","that  someone  ","has"," let you down by"
"scotiaseeds.co.uk","  funding  ","has"," been"
"scotiaseeds.co.uk","This  site  ","has"," been built to"
"beingmrkenny.co.uk","  medication  ","has"," not changed. ?"
"users.netmatters.co.uk","your  order  ","has"," been accepted"
"users.netmatters.co.uk","this  website  ","has"," been prepared"
"users.netmatters.co.uk",".  Focus  ","has"," the right to"
"iankitching.me.uk","of rugby  clubs  ","has"," invested in"
"iankitching.me.uk","which to  date  ","has","n''t been the"
"iankitching.me.uk","  development  ","has"," been fuelled"
"iankitching.me.uk","  development  ","has"," come quickly,"
"iankitching.me.uk","  development  ","has"," been driven on"
"woodbridgeproductions.co.uk","  teachers  ","has"," in recent"
"garethjmsaunders.co.uk","  government  ","has"," introduced a"
"william-shakespeare.org.uk","This  report  ","has"," been designed"
"ocv.org.uk","century  top  ","has"," two light"
"ex-canaries.co.uk","  country  ","has"," been"
"ex-canaries.co.uk","  seekers  ","has"," signed this"
"prm.ox.ac.uk"," ","has"," not met their"
"chinese-embassy.org.uk","in  history  ","has"," a government"
"chinese-embassy.org.uk"," ","has"," decided to go"
"chinese-embassy.org.uk","  movement  ","has"," developed"
"chinese-embassy.org.uk","the  left  ","has"," never really"
"chinese-embassy.org.uk",". The  process  ","has"," to go through"
"chinese-embassy.org.uk"," ","has"," been lost, so"
"historyhouse.co.uk","  Government  ","has"," taken the view"
"historyhouse.co.uk","customs of  war  ","has"," been"
"historyhouse.co.uk","  provocation  ","has"," been"
"historyhouse.co.uk","  provocation  ","has"," only resulted"
"historyhouse.co.uk","  Article  ","has"," directly"
"historyhouse.co.uk","  provocation  ","has"," not been put"
"gwilliams.org.uk","  interview  ","has"," been given"
"gwilliams.org.uk","  minister  ","has"," made in trying"
"gwilliams.org.uk","in which a  shot  ","has"," yet to be fired"
"gwilliams.org.uk","  minister  ","has"," given to"
"gwilliams.org.uk",""". The  union  ","has"," also released"
"gwilliams.org.uk","case for  war  ","has"," been"
"gwilliams.org.uk",". ""  UNISON  ","has"," also been"
"gwilliams.org.uk","the act of  war  ","has"," taken place."
"gwilliams.org.uk","  policy  ","has"," completely"
"gwilliams.org.uk","  council  ","has"," the monopoly"
"gwilliams.org.uk","  action  ","has"," been carried"
"localhistory.scit.wlv.ac.uk",". Each  day  ","has"," enough"
"publications.oxfam.org.uk","contacts  page  ","has"," links to most"
"taylorbells.co.uk","  worldview  ","has"," influenced"
"ayrshirehistory.org.uk",". When the  form  ","has"," been returned"
"ayrshirehistory.org.uk","  connection  ","has"," been set up"
"ayrshirehistory.org.uk","the file  name  ","has"," more than 12"
"helo.co.uk","past  decade  ","has"," been a"
"helo.co.uk","read:?  Viewer  ","has"," heard there is"
"helo.co.uk","  laughter  ","has","n''t provided"
"biblicalstudies.org.uk",". Each  student  ","has"," a personal"
"staffs.ac.uk","of the  world  ","has"," existed. We"
"staffs.ac.uk","but many a  lady  ","has"," to work now?"
"hibberts.co.uk","that the  group  ","has"," the correct"
"hibberts.co.uk"," ","has"," been"
"btp.police.uk","soil my  family  ","has"," been"
"btp.police.uk",". Their  path  ","has"," been"
"btp.police.uk",". This  topic  ","has"," been"
"btp.police.uk","Cork.  ''Legend  ","has"," it that St. Fin"
"btp.police.uk","  artist  ","has"," ever before or"
"btp.police.uk",". So the  idea  ","has"," been growing"
"btp.police.uk","  community  ","has"," been the"
"btp.police.uk","  peninsula  ","has"," shared the"
"btp.police.uk","  sculpture  ","has"," been a popular"
"btp.police.uk","outside  world  ","has"," altered"
"btp.police.uk",". His  art  ","has"," its own place"
"request.org.uk","''s  training  ","has"," suddenly"
"tht.org.uk","the  programme  ","has"," now finished."
"ccruni.gov.uk","former  glory  ","has"," won"
"ccruni.gov.uk","team of  judges  ","has"," begun"
"slough.gov.uk","- each  film  ","has"," at best one"
"slough.gov.uk","modern  living  ","has"," put people off"
"newtonproject.ic.ac.uk"," ","has"," been built,"
"newtonproject.ic.ac.uk",". Their  impact  ","has"," been diffuse"
"newtonproject.ic.ac.uk"," ","has"," national"
"newtonproject.ic.ac.uk","of the  decade  ","has"," been the"
"newtonproject.ic.ac.uk","that an  item  ","has"," to generate"
"newtonproject.ic.ac.uk","  development  ","has"," so far not"
"newtonproject.ic.ac.uk",". The  network  ","has"," created a new"
"newtonproject.ic.ac.uk","  library  ","has"," been limited"
"tuc.org.uk",",  religion  ","has"," been"
"tuc.org.uk","all,  everyone  ","has"," personal"
"tuc.org.uk",". This  article  ","has"," shown,"
"tuc.org.uk","No, the  author  ","has"," no grudge with"
"bagpipeworld.co.uk","turkey  farm  ","has"," closed so this"
"moremusic.co.uk","  distance  ","has"," long been"
"jesus.org.uk","and a  system  ","has"," been devised"
"jesus.org.uk","). A  survey  ","has"," been carried"
"cambs.police.uk",". And  history  ","has","n''t quite"
"cambs.police.uk","of the  media  ","has"," damaged both"
"cambs.police.uk",": its  bite  ","has"," been as good as"
"cambs.police.uk",": his  salary  ","has"," been reported"
"gleeson0.demon.co.uk",". "" Each  phone  ","has"," been"
"healthmatters.org.uk","when  bedding  ","has"," to be carried."
"hcd2.bupa.co.uk",". ? The  chassis  ","has"," got the speed"
"cph.rcm.ac.uk","''s  capital  ","has"," more"
"cph.rcm.ac.uk",". The  plan  ","has"," been"
"cph.rcm.ac.uk",". The  trend  ","has"," also been"
"flooringsupplies.co.uk","an  individual  ","has"," to submit"
"italian.classic-literature.co.uk","in  children  ","has"," been"
"italian.classic-literature.co.uk","with a  virus  ","has"," been"
"tightfittheatre.co.uk","data  subject  ","has"," been"
"rmtours.co.uk","  history  ","has"," been the"
"cmtr.co.uk","  inclusion  ","has"," are the same,"
"cmtr.co.uk","  inclusion  ","has"," already"
"cmtr.co.uk",". Every  person  ","has"," a"
"nyb.org.uk",".  ''Japan  ","has"," some very"
"nyb.org.uk","in these  areas  ","has"," increased"
"nyb.org.uk"," ","has"," been launched"
"nyb.org.uk",", their  labor  ","has"," been"
"nyb.org.uk","that a  nation  ","has"," to be"
"frenchliving.co.uk"," ","has"," vastly"
"frenchliving.co.uk","that the  left  ","has"," made no"
"frenchliving.co.uk","  government  ","has"," tarred the"
"conceptcar.co.uk","on the  right  ","has"," the full bushy"
"conceptcar.co.uk","next  year  ","has"," been"
"conceptcar.co.uk","  weapons  ","has"," been found. > >"
"periodproperty.co.uk","?  Sexuality  ","has"," very, very"
"durhamcathedral.co.uk","0845  number  ","has"," been set up"
"itma.org.uk","1990 the  site  ","has"," been"
"scalibor.co.uk",". This  album  ","has"," a whole range"
"jesushouse.org.uk","the  country  ","has"," many endemics"
"bayfordkarting.co.uk","effects  team  ","has"," a ball. The"
"bayfordkarting.co.uk",", who this  time  ","has"," perfected a"
"bayfordkarting.co.uk","the  exchange  ","has"," taken place,"
"bayfordkarting.co.uk","popular  drama  ","has"," sufficiently"
"wisa.org.uk","  surgeon  ","has"," recently"
"theatreguidelondon.co.uk","claim  form  ","has"," been"
"strategies.co.uk","of  humanity  ","has"," doubled its"
"strategies.co.uk","of  humanity  ","has"," increased its"
"strategies.co.uk","  resources  ","has"," been"
"strategies.co.uk","recent  years  ","has"," shown"
"strategies.co.uk","  world  ","has"," slowed to a"
"strategies.co.uk","  poverty  ","has"," fallen from 28"
"strategies.co.uk","in  poverty  ","has"," stayed the"
"strategies.co.uk","their  growth  ","has"," led to immense"
"strategies.co.uk",", perhaps  none  ","has"," such a"
"penninewaterways.co.uk","-  everyone  ","has"," had enough of"
"solgar.co.uk","  number  ","has"," an imaginary"
"bowness.demon.co.uk","then  anyone  ","has"," ever dared to"
"sonypictures.co.uk","  project  ","has"," won the 2002"
"toast-uk.org.uk","these  waters  ","has"," declined"
"arc-property.co.uk","  newpath  ","has"," the maximum"
"arc-property.co.uk","  oldpath  ","has"," the sticky bit"
"arc-property.co.uk","the  file  ","has"," no room for the"
"woodlands-junior.kent.sch.uk","  compadres  ","has"," told you where"
"woodlands-junior.kent.sch.uk","  imagination  ","has"," gone into the"
"woodlands-junior.kent.sch.uk","the  sound  ","has"," been switched"
"culturalprofiles.org.uk","array in a  loop  ","has"," the following"
"bcis.org.uk","  debate  ","has"," been brewing"
"goddessalive.co.uk","of the new  team  ","has"," gathered pace"
"goddessalive.co.uk","  centre  ","has"," its public"
"goddessalive.co.uk","  centre  ","has"," its public"
"goddessalive.co.uk","  centre  ","has"," its public"
"goddessalive.co.uk","this  website  ","has"," now been"
"goddessalive.co.uk","Notices  page  ","has"," been replaced"
"goddessalive.co.uk","2  partners  ","has"," been"
"goddessalive.co.uk","Gate 0  review  ","has"," been"
"goddessalive.co.uk","  centre  ","has"," its soft"
"goddessalive.co.uk","  centre  ","has"," had a"
"goddessalive.co.uk","  contractor  ","has"," completed"
"goddessalive.co.uk",". The  Team  ","has"," begun"
"goddessalive.co.uk",". The  content  ","has"," been"
"goddessalive.co.uk","  work  ","has"," started on the"
"retirement-matters.co.uk","  legislation  ","has"," on"
"retirement-matters.co.uk","  policy  ","has"," on the"
"retirement-matters.co.uk","  history  ","has"," caused many"
"retirement-matters.co.uk","  system  ","has"," not been"
"retirement-matters.co.uk","  learning  ","has"," not improved"
"retirement-matters.co.uk","  phenomenon  ","has"," interfered"
"retirement-matters.co.uk","  research  ","has"," shown that the"
"retirement-matters.co.uk","and  theory  ","has"," shown that"
"retirement-matters.co.uk","  Recovery  ","has"," demonstrated"
"retirement-matters.co.uk"," ","has"," been called"
"retirement-matters.co.uk"," ","has"," been found to"
"retirement-matters.co.uk",".  Experience  ","has"," shown that"
"retirement-matters.co.uk"," ","has"," helped"
"retirement-matters.co.uk","  styles  ","has"," also"
"retirement-matters.co.uk","  experiences  ","has"," provided"
"retirement-matters.co.uk",".  Experience  ","has"," also shown"
"retirement-matters.co.uk","  support  ","has"," been proven to"
"retirement-matters.co.uk","the  classroom  ","has"," been made a"
"retirement-matters.co.uk","  experience  ","has"," shown that the"
"smmgp.org.uk","student  work  ","has"," also been"
"oxford-chiltern-bus-page.co.uk","the  world  ","has"," ever faced. """
"oxford-chiltern-bus-page.co.uk","S.  government  ","has"," diverted"
"oxford-chiltern-bus-page.co.uk","  options  ","has"," left the world"
"robertmoir.co.uk","ONS, this  data  ","has"," a two-year"
"birminghamfoe.org.uk","  government  ","has"," introduced a"
"jedisparadise.co.uk",". The  author  ","has"," used this"
"jedisparadise.co.uk","a  repository  ","has"," to offer using"
"blog.natbat.co.uk","and its  safety  ","has"," been strongly"
"kneeling.co.uk",". This  report  ","has"," been designed"
"longwalls.ncl.ac.uk","an  individual  ","has"," hidden a bomb"
"fly.co.uk","  research  ","has"," discovered"
"orthodoxengland.btinternet.co.uk","if the  carrier  ","has"," undertaken to"
"nbtea.co.uk","West  company  ","has"," recently"
"ccruni.gov.uk","of  evolution  ","has"," made its"
"ccruni.gov.uk",". The  country  ","has"," a very high"
"stif.co.uk","of the  place  ","has"," already"
"stif.co.uk","1907  print  ","has"," now been"
"spa.ex.ac.uk","ever your  pet  ","has"," a need for"
"spa.ex.ac.uk","ever your  pet  ","has"," a need for"
"spa.ex.ac.uk","Shaggy the  dog  ","has"," a beautiful"
"spa.ex.ac.uk","drinks  cans  ","has"," become a"
"pensionsworld.co.uk","  makers  ","has"," announced it"
"ragsdale.co.uk","your  code  ","has"," on overall"
"ragsdale.co.uk","This  book  ","has"," all the"
"tps.org.uk","the  reader  ","has"," probably"
"jdhooker.org.uk",". Each  turtle  ","has"," a tale to tell"
"jdhooker.org.uk",". Each  turtle  ","has"," his own weapon"
"jdhooker.org.uk",". Another  part  ","has"," one of the"
"jdhooker.org.uk","  character  ","has"," their own"
"congressfordemocracy.org.uk","for the  tutor  ","has"," always been to"
"congressfordemocracy.org.uk",". Once a  search  ","has"," been"
"congressfordemocracy.org.uk","  targets  ","has"," also been"
"congressfordemocracy.org.uk",". The  project  ","has"," also touched"
"congressfordemocracy.org.uk",", the  project  ","has"," not explored"
"congressfordemocracy.org.uk","  feedback  ","has"," so far been"
"congressfordemocracy.org.uk",". The  project  ","has"," assisted in"
"dickgaughan.co.uk","  language  ","has"," been dead"
"spitfiresociety.demon.co.uk","the  patriarch  ","has"," said, and let"
"jamescowper.co.uk","  society  ","has"," a choice. It"
"jamescowper.co.uk","year on  doubt  ","has"," crept in."
"jamescowper.co.uk",". The  latter  ","has"," consisted of a"
"stewardsschool.co.uk",", the  company  ","has"," not produced"
"stewardsschool.co.uk","stem  cells  ","has"," been"
"stewardsschool.co.uk","of the  heart  ","has"," also improved"
"stewardsschool.co.uk","human  embryo  ","has"," to be created"
"teamtechnology.co.uk","This  site  ","has"," been built to"
"charles-darwin.classic-literature.co.uk","  countries  ","has"," experienced"
"andypreece.co.uk","? the  cotton  ","has"," its boliworm,"
"andypreece.co.uk","chorus  girl  ","has"," her"
"andypreece.co.uk","  boarder  ","has"," his poison ivy"
"andypreece.co.uk","ivy, the  hero  ","has"," his Carnegie"
"andypreece.co.uk","medal,  art  ","has"," its Morgan,"
"andypreece.co.uk",", the  rose  ","has"," its? "" "" Speak,"
"hilton.org.uk","these  rights  ","has"," come a long way"
"hilton.org.uk","that  everyone  ","has"," a right to"
"hilton.org.uk","-- every  child  ","has"," a right to"
"hilton.org.uk","that  everyone  ","has"," the right to"
"hilton.org.uk","  impression  ","has"," often been"
"hilton.org.uk","to  education  ","has"," been violated"
"hilton.org.uk","  develop-ment  ","has"," taken much"
"hilton.org.uk","  provision  ","has"," been"
"hilton.org.uk","every  child  ","has"," a fundamental"
"talyllyn.co.uk",". The  region  ","has"," a significant"
"talyllyn.co.uk","  conference  ","has"," generated"
"age-exchange.org.uk",", the  colonel  ","has"," gone through"
"age-exchange.org.uk",", sir. The  gate  ","has"," a tendency to"
"age-exchange.org.uk","the  gate  ","has"," to be turned"
"rss.org.uk","poor  husband  ","has"," to struggle as"
"rss.org.uk",", my  scooter  ","has"," given me back"
"rss.org.uk",", my  husband  ","has"," to take two of"
"fiso.co.uk","  pack  ","has"," yet to"
"topforge.co.uk","  poverty  ","has"," driven to"
"topforge.co.uk","when her  hair  ","has"," whitened; but"
"topforge.co.uk","''s hat.  Mamma  ","has"," been so"
"the-philosopher.co.uk","  left  ","has"," been that of"
"the-philosopher.co.uk","entire  trend  ","has"," been a coming"
"the-philosopher.co.uk","  RESPECT  ","has",", by necessity"
"www3.indymedia.org.uk","A  warrant  ","has"," a limited life"
"propheticvision.org.uk","  code  ","has"," been obtained"
"victoriasbeauty.co.uk","  experience  ","has"," been gained"
"lff.org.uk","  repayment  ","has"," been claimed ("
"thurrock.gov.uk","the  sample  ","has"," the width"
"thurrock.gov.uk","  algorithm  ","has"," been selected"
"phoenixs.co.uk",". "" That  town  ","has"," no"
"phoenixs.co.uk","this  country  ","has"," ever produced"
"cs.le.ac.uk","If  someone  ","has"," already"
"cs.le.ac.uk",", as a wise  man  ","has"," said, but also"
"arc-property.co.uk","  waters  ","has"," been included"
"sandstonevolunteers.nildram.co.uk","a  hearing  ","has"," proper legal"
"admissions.ox.ac.uk","This  miniweb  ","has"," been set up to"
"viglen.co.uk","your old  home  ","has"," ended and this"
"pixeltechnology.co.uk","  procession  ","has"," left, and then"
"poetrymagic.co.uk",". '' The  public  ","has"," the right to"
"ridley.cam.ac.uk","this  approach  ","has"," been"
"ukcorporator.co.uk","as her  work  ","has"," already been"
"gothicimage.co.uk","16 if the  child  ","has"," a disability)"
"brass.cf.ac.uk","salt the  roads  ","has"," been taken the"
"helo.co.uk",". The  scanner  ","has"," a sensitive,"
"brucesfingers.co.uk","Jewish  policy  ","has"," mainly been"
"cee.hw.ac.uk","This  section  ","has"," information"
"cee.hw.ac.uk",". Their  site  ","has"," technical and"
"philobiblon.co.uk","profit  record  ","has"," been very good"
"southtynesidetoday.co.uk","of Islamic  art  ","has"," tended to be"
"southtynesidetoday.co.uk","animal  forms  ","has"," always been"
"southtynesidetoday.co.uk",", Islamic  art  ","has"," maintained"
"southtynesidetoday.co.uk","animal  forms  ","has"," always been"
"southtynesidetoday.co.uk","this  art  ","has"," been wrongly"
"southtynesidetoday.co.uk","Islamic  art  ","has"," maintained"
"southtynesidetoday.co.uk","secondary  aim  ","has"," been to set the"
"southtynesidetoday.co.uk","of man/  woman  ","has"," produced any"
"brake.org.uk","that  tax  ","has"," either been"
"psnc.org.uk","  employment  ","has"," meant fewer"
"psnc.org.uk","  unemployment  ","has"," fallen 23"
"psnc.org.uk","  unemployment  ","has"," been"
"psnc.org.uk","the last  year  ","has"," seen the"
"psnc.org.uk","for  women  ","has"," risen in real"
"psnc.org.uk","  confidence  ","has"," been battered"
"psnc.org.uk","  activity  ","has"," fallen for the"
"psnc.org.uk","on  income  ","has"," never before"
"psnc.org.uk","  consultation  ","has"," been designed"
"microscopy-uk.org.uk","of the  euro  ","has"," coincided"
"cjd.ed.ac.uk","caravan  park  ","has"," scooped the"
"dreamconstructionjobs.co.uk","where a  person  ","has"," signed a"
"dreamconstructionjobs.co.uk","the  person  ","has"," signed the"
"dreamconstructionjobs.co.uk","the  document  ","has"," been signed by"
"biomed.abdn.ac.uk","their  work  ","has"," more in common"
"cambs.police.uk","  information  ","has"," been provided"
"cambs.police.uk",".  Chest  ","has"," not evaluated"
"forum.cantstopthesignal.co.uk","  everyone  ","has"," that), or"
"forum.cantstopthesignal.co.uk","other  person  ","has"," asked all the"
"jdhooker.org.uk","of  historians  ","has"," not been"
"jdhooker.org.uk","the  chapter  ","has"," such a large"
"jdhooker.org.uk","how  socialism  ","has"," been subsumed"
"jdhooker.org.uk","  inheritance  ","has"," been used and,"
"optimumimpact.co.uk","  council  ","has"," no job"
"compbio.dundee.ac.uk","the  company  ","has"," opened a euro"
"compbio.dundee.ac.uk","in this  way  ","has"," become an"
"compbio.dundee.ac.uk",". The  software  ","has"," now been"
"compbio.dundee.ac.uk","case  study  ","has"," been updated."
"geog.ox.ac.uk",". That  point  ","has"," not yet been"
"geog.ox.ac.uk","of  population  ","has"," been the"
"britishblogs.co.uk","that the  watch  ","has"," been recently"
"britishblogs.co.uk","that the  watch  ","has"," been checked"
"britishblogs.co.uk","the  watch  ","has"," been sold to us"
"britishblogs.co.uk","the  VAT  ","has"," already been"
"taots.co.uk","  secretary  ","has"," also been a"
"tvradiobits.co.uk","UK. This  trend  ","has"," escalated"
"learningtechnologies.co.uk","  material  ","has"," been produced"
"unemployeddoctor.co.uk","  destination  ","has"," a map to the"
"srtl.co.uk","this  pattern  ","has"," any effect at"
"comms.scitech.susx.ac.uk","  design  ","has"," become"
"alcs.group.shef.ac.uk","that an  object  ","has"," been"
"chart.ac.uk","magical  way  ","has"," grown to serve"
"projex.demon.co.uk","past  decade  ","has"," led to a wider"
"bytestart.co.uk","of  graphite  ","has"," been added."
"bytestart.co.uk","where the  line  ","has"," worked"
"niftc.co.uk",", the  comrade  ","has"," sent us £30"
"niftc.co.uk",", the  plan  ","has"," been to"
"niftc.co.uk",", the  regime  ","has"," never"
"niftc.co.uk",". The  left  ","has",""
"niftc.co.uk","time the  left  ","has"," not stood on"
"niftc.co.uk","  threat  ","has"," passed is not"
"outdoormegastore.co.uk","  website  ","has"," reported"
"outdoormegastore.co.uk","  bank  ","has"," taken on 800"
"outdoormegastore.co.uk","The  TUC  ","has"," told the"
"outdoormegastore.co.uk","  certificate  ","has"," been designed"
"outdoormegastore.co.uk","  Today  ","has"," published the"
"outdoormegastore.co.uk","  Government  ","has"," estimated"
"outdoormegastore.co.uk","the  employer  ","has"," failed to"
"outdoormegastore.co.uk",". The  employee  ","has"," a statutory"
"outdoormegastore.co.uk","  Government  ","has"," carried out a"
"outdoormegastore.co.uk","yet  research  ","has"," shown that"
"newburytheatre.co.uk","that a  company  ","has"," a PC or two, but"
"exporteastofengland.org.uk","- Chico ''s  Time  ","Has"," Run Out! This"
"cantrell.org.uk","of  evidence  ","has"," been"
"new-agri.co.uk","my  hamster  ","has"," just diedâ? ?"
"brass.cf.ac.uk","internet  tool  ","has"," been launched"
"csp.org.uk",",  Highlander  ","has"," a proven track"
"halletts.co.uk",". The  pain  ","has"," almost gone,"
"halletts.co.uk","cope, my  wife  ","has"," chronic"
"rodge.force9.co.uk","CS Lewis  fever  ","has"," gripped not"
"rodge.force9.co.uk","the  feedback  ","has"," been"
"rodge.force9.co.uk","? ?s  today  ","has"," generous"
"sbs.ox.ac.uk",". The  question  ","has"," to be asked"
"sbs.ox.ac.uk",",  success  ","has"," been somewhat"
"uncaged.co.uk",", and the  enemy  ","has",", according to"
"exeter-airport.co.uk","''s  papers  ","has"," it that this"
"preachtheword.co.uk","  permission  ","has"," been given. In"
"setdanceteacher.co.uk","  platforms  ","has"," predicted a """
"setdanceteacher.co.uk","  today  ","has"," become the"
"martialedge.co.uk","''eval ''  pragma  ","has"," been used (see"
"martialedge.co.uk","your  program  ","has"," hung. However"
"martialedge.co.uk","  experience  ","has"," shown that"
"infopt.demon.co.uk"," ","has"," subsequently"
"newenglishartclub.co.uk","  outcome  ","has"," X % chance of"
"missiedith.bentbacktulips.co.uk",", the  project  ","has"," finished, the"
"missiedith.bentbacktulips.co.uk","the  project  ","has"," not got clear"
"missiedith.bentbacktulips.co.uk","Clinical  work  ","has"," a nasty habit"
"missiedith.bentbacktulips.co.uk",",  research  ","has"," made me a more"
"lathes.co.uk","  programme  ","has"," been limited"
"ashmol.ox.ac.uk",". Newer  kit  ","has"," such smaller"
"integral.co.uk","MSXML  wrapper  ","has"," called"
"borinvanloon.co.uk","Urchin  range  ","has"," it covered."
"gleeson0.demon.co.uk","of this  site  ","has"," built scale"
"hlst.heacademy.ac.uk","this  country  ","has"," in managing"
"hlst.heacademy.ac.uk","  protection  ","has"," to carry with"
"hlst.heacademy.ac.uk","a safe  country  ","has"," two aspects"
"hlst.heacademy.ac.uk","an  individual  ","has"," arrived as an"
"hlst.heacademy.ac.uk","  protection  ","has"," this and this"
"hlst.heacademy.ac.uk","  countries  ","has"," expressed a"
"hlst.heacademy.ac.uk","agent  issue  ","has"," come back to"
"hlst.heacademy.ac.uk","an  individual  ","has"," moved from"
"tpr.co.uk",". Now the  snow  ","has"," been melted"
"geologywales.co.uk",". The  website  ","has"," links to"
"geologywales.co.uk","  organization  ","has"," links to its"
"geologywales.co.uk",". ? The  website  ","has"," several links"
"geologywales.co.uk",". The  website  ","has"," links to all"
"geologywales.co.uk","  Program  ","has"," a focus on"
"bitsnstuff.co.uk"," ","has"," inflicted a"
"bitsnstuff.co.uk","our  country  ","has"," been"
"bitsnstuff.co.uk","  escalation  ","has"," been"
"bitsnstuff.co.uk","''s alleged  WMD  ","has"," asked for, and"
"bitsnstuff.co.uk","  apparatus  ","has"," been"
"bitsnstuff.co.uk","  boy  ","has"," been fitted"
"scotlandoffice.gov.uk","club  night  ","has"," taken up a"
"mandrake.demon.co.uk",". The  author  ","has"," done a service"
"rcsed.ac.uk","  section  ","has"," news and"
"rcsed.ac.uk",", the  theatre  ","has"," received many"
"clandonald.org.uk","the  emir  ","has"," the final word"
"clandonald.org.uk","women ''s  time  ","has"," come 29 Jun 06 |"
"raworths.co.uk","  Government  ","has"," received from"
"raworths.co.uk","  government  ","has"," already put"
"magic-spells.co.uk","Janet  Stocks  ","has"," led to the"
"magic-spells.co.uk","lung  damage  ","has"," occurred. It"
"magic-spells.co.uk","lung  disease  ","has"," its origins in"
"wwwolf.co.uk","of the  change  ","has"," been massive"
"wwwolf.co.uk","at  courses  ","has"," been"
"thompsons.law.co.uk","''s  Handbook  ","has"," been received"
"thompsons.law.co.uk","  workshop  ","has"," been shelved"
"thompsons.law.co.uk",". The  group  ","has"," a new Chair ("
"thompsons.law.co.uk","mailbase  list  ","has"," been set up. ."
"ardue.org.uk","all of the  data  ","has"," not been"
"talyllyn.co.uk","of  history  ","has"," been"
"talyllyn.co.uk","in these  areas  ","has"," increased"
"talyllyn.co.uk","  argument  ","has"," ever been"
"talyllyn.co.uk","  intifada  ","has"," worn on, he has"
"talyllyn.co.uk","  history  ","has"," always been"
"talyllyn.co.uk","couple of  days  ","has"," gone bang - a"
"talyllyn.co.uk","of the  world  ","has"," got a lot to"
"talyllyn.co.uk","  circuit  ","has"," stunned"
"bond.org.uk","hi sara, my  gp  ","has"," given me low"
"geekz.co.uk","  organisation  ","has"," an extensive"
"cyberselect.co.uk","breed of  game  ","has"," strayed so far"
"cyberselect.co.uk","  character  ","has"," (sleeping,"
"cyberselect.co.uk","this  version  ","has"," been well"
"cyberselect.co.uk","the  writing  ","has"," some good"
"cheltenham.gov.uk","FE  teachers  ","has"," become the"
"cheltenham.gov.uk","  contexts  ","has"," much wider"
"ch.cam.ac.uk","of  copies  ","has"," been changed."
"ch.cam.ac.uk","of  copies  ","has"," been changed."
"fvi.org.uk","in  vehicles  ","has"," led to"
"bcis.org.uk","  £500,000  ","has"," been made"
"youngresources.co.uk"," ","has"," its limits. If"
"youngresources.co.uk","life,  life  ","has"," aligned"
"youngresources.co.uk","authentic  art  ","has"," its roots ''in"
"youngresources.co.uk","  history  ","has"," ever"
"gostak.demon.co.uk",". The  tale  ","has"," a root there;"
"boschautoparts.co.uk","  evidence  ","has"," shown that a"
"proquest.co.uk","The  interview  ","has"," happened now,"
"drumnetwork.co.uk","in the  field  ","has"," to be"
"drumnetwork.co.uk","  government  ","has"," sent British"
"drumnetwork.co.uk",", the  military  ","has"," used bogus"
"drumnetwork.co.uk","  conflicts  ","has"," changed"
"drumnetwork.co.uk",".  Television  ","has"," become a"
"drumnetwork.co.uk","news  circuit  ","has"," no fun anymore"
"drumnetwork.co.uk","  photography  ","has"," gone. And"
"arc-property.co.uk","  government  ","has"," mounted a"
"arc-property.co.uk","and  defense  ","has"," a certain"
"arc-property.co.uk","us. The  enemy  ","has"," inflicted"
"darknessandlight.co.uk","  population  ","has"," the best"
"new-agri.co.uk"," ","has"," set up a Cross"
"new-agri.co.uk","The  programme  ","has"," a"
"new-agri.co.uk","  behaviour  ","has"," given both her"
"new-agri.co.uk","my  child  ","has"," an eating"
"sndc.demon.co.uk","recent  memory  ","has"," proved as"
"sndc.demon.co.uk","  government  ","has"," introduced a"
"sndc.demon.co.uk","  Government  ","has"," weakened arms"
"sndc.demon.co.uk","week ''s  news  ","has"," again been"
"sndc.demon.co.uk","''s news  agenda  ","has"," again been"
"sndc.demon.co.uk","  week  ","has"," been a"
"sndc.demon.co.uk","''s news  agenda  ","has"," been heavily"
"sndc.demon.co.uk","  Government  ","has"," experienced"
"vet.ed.ac.uk","ruling  clique  ","has"," declared the"
"vet.ed.ac.uk","Sharon ''s  gang  ","has"," called on"
"surreydancemusic.co.uk","This  decision  ","has"," been very much"
"whatpc.co.uk","  character  ","has"," certain"
"localhistory.scit.wlv.ac.uk","  revolution  ","has"," changed the"
"cjd.ed.ac.uk",". As  obesity  ","has"," recently"
"jardmail.co.uk","UK SPA  network  ","has"," developed"
"jardmail.co.uk"," ","has"," been included"
"jardmail.co.uk","cases,  care  ","has"," been taken to"
"jardmail.co.uk","This  approach  ","has"," been adopted"
"jardmail.co.uk","This  approach  ","has"," been adopted"
"jardmail.co.uk","  approach  ","has"," been adopted"
"jardmail.co.uk","  approach  ","has"," been adopted"
"jardmail.co.uk","sheer  size  ","has"," made the"
"btp.police.uk",". This  plot  ","has"," a play house"
"btp.police.uk","on the  left  ","has"," wilted down"
"perfectpath.co.uk","  something  ","has"," gone awry in"
"perfectpath.co.uk","this among  men  ","has"," been the"
"itgovernance.co.uk","''s  work  ","has"," drawn her"
"pdsg.org.uk","wooden  fence  ","has"," been removed"
"pdsg.org.uk","these  persons  ","has"," had the"
"pdsg.org.uk","This  campaign  ","has"," been a"
"legendarydartmoor.co.uk","  machines  ","has"," a full 1 year"
"borinvanloon.co.uk","  borders  ","has"," been restored"
"borinvanloon.co.uk","  program  ","has"," been steadily"
"elsham.pwp.blueyonder.co.uk","  influence  ","has"," obvious"
"kore.co.uk","affected  food  ","has"," been taken off"
"direct.gov.uk","file  system  ","has"," been mounted."
"literacytrust.org.uk","our  team  ","has"," organised"
"fylde.demon.co.uk","  hacker  ","has"," inserted a"
"fylde.demon.co.uk","best  addition  ","has"," to be the"
"malehealth.co.uk",", UK My  client  ","has"," an immediate"
"nic.uk","  membership  ","has"," greatly"
"manor.doncaster.sch.uk","that  ''Sex  ","has"," exploded into"
"northill.demon.co.uk","  Government  ","has"," decided"
"northill.demon.co.uk","''s  appeal  ","has"," exceeded £250"
"northill.demon.co.uk",".  Pathways  ","has"," given hope to"
"northill.demon.co.uk","  workers  ","has"," thus been"
"politicalcartoon.co.uk",". This  piece  ","has"," great flow, I"
"cippm.org.uk","? . ? The  move  ","has"," come at"
"aspirations.english.cam.ac.uk",". That  trust  ","has"," been built on"
"aspirations.english.cam.ac.uk","  ingratiation  ","has"," succeeded and"
"aspirations.english.cam.ac.uk","''s  activity  ","has"," the effect of"
"knowledge.co.uk","as a gift.  Book  ","has"," slight wear on"
"knowledge.co.uk","Mary ''s  death  ","has"," caught the"
"knowledge.co.uk",". Every  page  ","has"," its drama and"
"knowledge.co.uk","other  writer  ","has"," as yet had"
"farm.org.uk","each  price  ","has"," changed and"
"farm.org.uk",",  inflation  ","has"," varied"
"members.freezone.co.uk","out of  control  ","has"," led to"
"members.freezone.co.uk","mass  audience  ","has"," no interest in"
"afs.org.uk","the  technique  ","has"," already been"
"spotonmarketing.co.uk","order  service  ","has"," won the game"
"ymss.org.uk",". This  edition  ","has"," been expanded"
"ymss.org.uk","  photograph  ","has"," been included"
"darley.co.uk",". This  page  ","has"," prayers that"
"darley.co.uk","your  love  ","has"," driven out all"
"businessbureau-uk.co.uk","local  readers  ","has"," changed"
"ridley.cam.ac.uk","the  original  ","has"," been"
"ibogaine.co.uk","that the  quote  ","has"," been obtained"
"richardtaylor.org.uk","Written  Lives  ","has"," been"
"worldtelemedia.co.uk",", some  work  ","has"," been done with"
"worldtelemedia.co.uk","  operations  ","has"," helped to"
"blog.ctrlbreak.co.uk","worldly  task  ","has"," done Home art"
"ukia.co.uk","this  decision  ","has"," now been"
"ukia.co.uk","the  contract  ","has"," come into"
"ukia.co.uk","one  party  ","has"," either"
"pumasoft.co.uk","  kit  ","has"," everything"
"scotcourts.gov.uk","one  writer  ","has"," called the """
"scotcourts.gov.uk","  world  ","has"," gradually"
"scotcourts.gov.uk","  culture  ","has"," looked to"
"shocknet.org.uk","  awakening  ","has"," been"
"shocknet.org.uk",". One  study  ","has"," show that 8.1"
"cronab.demon.co.uk","what that  race  ","has"," come to in our"
"cronab.demon.co.uk","that the  stone  ","has"," on it no"
"cronab.demon.co.uk","from a  palette  ","has"," been able to"
"tqc.co.uk","the  person  ","has"," not always"
"sovereignty.org.uk","of  literature  ","has"," been """
"sovereignty.org.uk",", "" the  project  ","has"," for several"
"selsdonbaptist.org.uk","  worker  ","has"," been sacked"
"selsdonbaptist.org.uk","  government  ","has"," been forced to"
"selsdonbaptist.org.uk","sea  ambulance  ","has"," just started"
"selsdonbaptist.org.uk","  catamaran  ","has"," transformed"
"greatplacetowork.co.uk","  research  ","has"," been"
"greatplacetowork.co.uk","  work  ","has"," been done on"
"sudokuz.co.uk","  projects  ","has"," been"
"sudokuz.co.uk","around  £2,500  ","has"," been sent for"
"sudokuz.co.uk"," ","has"," been ratified"
"sudokuz.co.uk","  session  ","has"," been"
"sudokuz.co.uk","  staff  ","has"," been"
"sudokuz.co.uk","The exact  time  ","has"," not yet been"
"comedycv.co.uk",". The  level  ","has"," many"
"comedycv.co.uk","ends. The  door  ","has"," closed behind"
"btp.police.uk","female  worker  ","has"," during her"
"hi-europe.co.uk","  data  ","has"," been obtained"
"rumwoodnurseries.co.uk","of  students  ","has"," been an issue"
"questors.org.uk","  speculation  ","has"," had"
"questors.org.uk","  confidence  ","has"," gone. I ''m"
"orgs.man.ac.uk","  development  ","has"," helped"
"orgs.man.ac.uk","  diseases  ","has",", in many cases"
"orgs.man.ac.uk","  sequence  ","has"," been used to"
"thebigsheep.co.uk","whom  division  ","has"," previously"
"legendarydartmoor.co.uk","  economy  ","has"," left"
"legendarydartmoor.co.uk","  boss  ","has"," a direct"
"legendarydartmoor.co.uk","2005  everyone  ","has"," the chance to"
"legendarydartmoor.co.uk","as  trustee  ","has"," helped me to"
"legendarydartmoor.co.uk","as a  trustee  ","has"," enabled me to"
"legendarydartmoor.co.uk","  workplace  ","has"," equal"
"ouabc.co.uk",", Shot To  Hell  ","has"," now moved"
"hewett.norfolk.sch.uk","  Government  ","has"," announced"
"hewett.norfolk.sch.uk",". 4 UK tax  law  ","has"," taken two"
"gleeson0.demon.co.uk","), the new  iPod  ","has"," been"
"graysathletic.co.uk","personal  life  ","has"," spurred him"
"graysathletic.co.uk","the  building  ","has"," gone, it has"
"graysathletic.co.uk",".  Someone  ","has"," leaked to the"
"graysathletic.co.uk","  landlord  ","has"," very"
"graysathletic.co.uk","Vyner ''s  house  ","has"," been"
"graysathletic.co.uk","supply  shop  ","has"," just, quite"
"graysathletic.co.uk",", but the  rift  ","has"," remained. Now"
"graysathletic.co.uk","grand  raffle  ","has"," swamped the"
"graysathletic.co.uk","Hird ''s  work  ","has"," been made"
"cclpublications.co.uk",": This  page  ","has"," been"
"handicap-international.org.uk",". If this  page  ","has"," inspired you"
"simplysports.co.uk","! The cafe  menu  ","has"," changed, stop"
"simplysports.co.uk","lunch  box  ","has"," just been"
"rcsed.ac.uk","on the  vessel  ","has"," been lifted."
"rcsed.ac.uk","on the  vessel  ","has"," been lifted."
"gerbils.pwp.blueyonder.co.uk","sales per  head  ","has"," been"
"gerbils.pwp.blueyonder.co.uk","the  company  ","has"," become the"
"midleykent.fsnet.co.uk","that no  money  ","has"," been wasted on"
"victoriasbeauty.co.uk","my  life  ","has"," been"
"soundbeam.co.uk","  chip  ","has"," an edge,"
"soundbeam.co.uk","  processor  ","has"," a hard time"
"davesrcflight.mysite.wanadoo-members.co.uk","when  religion  ","has"," to fight for"
"davesrcflight.mysite.wanadoo-members.co.uk","that  religion  ","has"," no place in"
"marine.gov.uk",". This  page  ","has"," small reviews"
"gerald-massey.org.uk","this  decision  ","has"," been"
"gerald-massey.org.uk",". A  breakdown  ","has"," to have some"
"gerald-massey.org.uk","  charterer  ","has"," no control,"
"gerald-massey.org.uk",""". A  pipeline  ","has"," been held to be"
"gerald-massey.org.uk",". A  breakdown  ","has"," to have some"
"gerald-massey.org.uk","a  problem  ","has"," gone"
"spaced-out.org.uk","new  system  ","has"," "" sown the"
"fass.kingston.ac.uk",". The  inquiry  ","has"," now finished"
"fass.kingston.ac.uk","  facility  ","has"," a"
"hep.phys.soton.ac.uk","  teleworkers  ","has"," been"
"irdp.co.uk","  department  ","has"," set up a team"
"underoneroofexchange.co.uk","''s  experience  ","has"," produced some"
"underoneroofexchange.co.uk","  approach  ","has"," been"
"molar-iom.co.uk",": The  market  ","has"," grown quite"
"peta.org.uk","  publication  ","has"," been"
"peta.org.uk","on  prevention  ","has"," now been"
"peta.org.uk","  Mind  ","has"," found work"
"peta.org.uk",".  Stress  ","has"," now overtaken"
"peta.org.uk","of  £12.2bn  ","has"," increased"
"peta.org.uk","of  absence  ","has"," increased"
"blogigo.co.uk","  transport  ","has"," also been"
"itcclassics.co.uk","the  mission  ","has"," started,"
"itcclassics.co.uk","  animation  ","has"," multiple"
"mcsarabia.co.uk","top of the  case  ","has"," one opening"
"naturalpetcare.co.uk","that the  book  ","has"," been entered"
"scri.sari.ac.uk","and the  eye  ","has"," been formed,"
"scri.sari.ac.uk","  nylon  ","has"," a braided core"
"scri.sari.ac.uk",": The  cover  ","has"," a light blue"
"scri.sari.ac.uk","while the  core  ","has"," no visible"
"scri.sari.ac.uk","throat of  eye  ","has"," been removed."
"scri.sari.ac.uk","of one  line  ","has"," been paired"
"scri.sari.ac.uk","and the  splice  ","has"," been removed."
"scri.sari.ac.uk","cover  slack  ","has"," been removed"
"robertbuchanan.mysite.wanadoo-members.co.uk","As our  culture  ","has"," abandoned the"
"robertbuchanan.mysite.wanadoo-members.co.uk","our  bodies  ","has"," become a"
"railwaychildren.org.uk","and  woodwind  ","has"," here given way"
"bures-online.co.uk","  cartoons  ","has"," a fascist past"
"bures-online.co.uk","out of  virgins  ","has"," a kind of"
"bures-online.co.uk","  cartoon  ","has"," a horned"
"news.cheapflights.co.uk","The  Agency  ","has"," published a"
"shocknet.org.uk","  approach  ","has"," helped his"
"shocknet.org.uk",". This  work  ","has","n''t been"
"contours.co.uk","times  TV  ","has"," become more"
"bodystressrelease.co.uk"," ","has"," had three"
"pondprofessorpumps.co.uk","  recognition  ","has"," led to the"
"pondprofessorpumps.co.uk",". The  struggle  ","has"," been how to"
"pondprofessorpumps.co.uk","  honour  ","has"," been made in"
"monkoptics.co.uk","house  track  ","has"," the soft glow"
"fireservicecollege.ac.uk","real  estate  ","has"," been burnt,"
"fireservicecollege.ac.uk",",  protest  ","has"," been"
"jokefile.co.uk","  attention  ","has"," been paid to"
"spacecentre.co.uk","If the  counter  ","has"," turned to the"
"yourdrivingyourbusiness.co.uk","  permission  ","has"," subsequently"
"wolftrust.org.uk",".  Obesity  ","has"," rocketed in"
"sportabroad.co.uk","time this  list  ","has"," 132 composers"
"sportabroad.co.uk","  composer  ","has"," not been"
"elsham.pwp.blueyonder.co.uk","human  history  ","has"," the disparity"
"elsham.pwp.blueyonder.co.uk","circle of  hell  ","has"," already been"
"elsham.pwp.blueyonder.co.uk","same  problem  ","has"," been asked"
"atob.org.uk","in a  conflict  ","has"," put up"
"atob.org.uk","in a  conflict  ","has"," put up"
"ragsdale.co.uk","Alex. The  man  ","has"," put his degree"
"ragsdale.co.uk","  publicity  ","has"," worked(which"
"ragsdale.co.uk","wrong  choice  ","has"," been made for"
"ragsdale.co.uk","the the dsu  rep  ","has"," sent out 1"
"ragsdale.co.uk","  election  ","has"," an intrinsic"
"ragsdale.co.uk","but  Tristan  ","has"," done nothing"
"ragsdale.co.uk","the  election  ","has"," finished."
"ragsdale.co.uk","a labour  hack  ","has"," already"
"ragsdale.co.uk","  re-run  ","has"," been"
"ragsdale.co.uk",".  doc  ","has"," more details"
"ragsdale.co.uk","last  comment  ","has"," either never"
"ragsdale.co.uk","that the  SRO  ","has"," already made"
"starfishproject.freeserve.co.uk",", the  uptake  ","has"," to be 95 per"
"ownersdirect.co.uk","A third  series  ","has"," been"
"graysathletic.co.uk",". Your  team  ","has"," been sneaking"
"brake.org.uk","  contribution  ","has"," been the"
"foundationtv.co.uk",", but the  idea  ","has"," been"
"raggedraven.co.uk","the  chart  ","has"," been"
"raggedraven.co.uk","colour  patch  ","has"," a central"
"silverprint.co.uk","of  government  ","has"," to be reshaped"
"silverprint.co.uk","  Government  ","has"," responded so"
"raworths.co.uk","that the  city  ","has"," it all. Far in"
"epic.co.uk",". The  plan  ","has"," already come"
"topforge.co.uk","''s  style  ","has"," its own"
"petplanet.co.uk","that  everyone  ","has"," not already"
"petplanet.co.uk","the  executive  ","has"," done. At least"
"thebigsheep.co.uk",", the  company  ","has"," grown pretty"
"integral.co.uk","as the  water  ","has"," melted it has"
"integral.co.uk","ice sheet  mass  ","has"," more than"
"rdoc.org.uk","to find my  cat  ","has"," gone missing ("
"webtag.org.uk","  gift  ","has"," a troublesome"
"elizabethan-era.org.uk","  musical  ","has"," been wowing"
"elizabethan-era.org.uk","...  Nothing  ","has"," been spared in"
"isrm.co.uk",". My  friend  ","has"," found that the"
"isrm.co.uk","  worldview  ","has"," infected the"
"phundria.org.uk","  lines  ","has"," shown that all"
"phundria.org.uk","  environment  ","has"," occurred with"
"prime50plus.co.uk",", but real  life  ","has"," rudely"
"external.swap.ac.uk","this  question  ","has"," changed"
"external.swap.ac.uk","each  side  ","has"," much to learn â"
"lcace.org.uk","the  building  ","has"," now been"
"lcace.org.uk","  owners  ","has"," had a number of"
"propheticvision.org.uk",". The  comrade  ","has"," clearly been"
"prm.ox.ac.uk","  evidence  ","has"," shown that a"
"prm.ox.ac.uk",": The  skull  ","has"," a depressed"
"prm.ox.ac.uk","  government  ","has"," said that it"
"prm.ox.ac.uk","  government  ","has"," now come up"
"prm.ox.ac.uk","English  cave  ","has"," been"
"prm.ox.ac.uk","  cross  ","has"," also been"
"bspd.co.uk","and  director  ","has","n''t been"
"bspd.co.uk","of the  Apes  ","has"," used many of"
"bspd.co.uk","Notes  site  ","has"," many of the"
"bspd.co.uk","his  brother  ","has"," a site at"
"thinkroadsafety.gov.uk",".  Time  ","has"," left its mark"
"hinduism.fsnet.co.uk","  literature  ","has"," anything to do"
"varietyclub.org.uk","; this  issue  ","has"," somewhat"
"varietyclub.org.uk",",  attention  ","has"," focused on"
"varietyclub.org.uk","  violence  ","has"," shadowed"
"varietyclub.org.uk","  schooling  ","has"," been"
"varietyclub.org.uk","  solution  ","has"," been"
"partnerships.org.uk","  everyone  ","has"," a copy of the"
"culturalprofiles.org.uk","  service  ","has"," been stable in"
"culturalprofiles.org.uk","  account  ","has"," been so"
"culturalprofiles.org.uk","that  person  ","has"," ch... birgul"
"saints-alive.co.uk","four  years  ","has"," been revealed"
"saints-alive.co.uk","research  base  ","has"," a distinct"
"scottishweddingdirectory.co.uk","This  cemetery  ","has"," fallen into"
"scottishweddingdirectory.co.uk",". Each  picture  ","has"," a short"
"scottishweddingdirectory.co.uk","! This  project  ","has"," been a Global"
"scottishweddingdirectory.co.uk","do now  spring  ","has"," sprung. The"
"spidercox.co.uk","  newspaper  ","has"," cast a cold eye"
"railart.co.uk","  monocultures  ","has"," long been"
"railart.co.uk","  model  ","has"," proved to be"
"railart.co.uk","his  locality  ","has"," countered the"
"railart.co.uk","  initiative  ","has"," trained over 1"
"educ.cam.ac.uk","of  galaxies  ","has"," changed over"
"educ.cam.ac.uk","This  proposal  ","has"," attracted"
"goddessalive.co.uk","oil  prices  ","has"," now been"
"goddessalive.co.uk","  production  ","has"," been crippled"
"trin.cam.ac.uk","the  project  ","has","n''t gone"
"trin.cam.ac.uk","running  geek  ","has"," a pulse rate"
"trin.cam.ac.uk","  launch  ","has"," "" been"
"isfp.co.uk","  plugin  ","has"," major"
"cma.soton.ac.uk",", a  blueprint  ","has"," recently been"
"businessmatch.org.uk","that Play.  com  ","has"," priced the PS3"
"businessmatch.org.uk","Play.  com  ","has"," listed a"
"healeyhero.co.uk",".  Nothing  ","has"," changed. Not a"
"healeyhero.co.uk","  cord  ","has"," not yet been"
"healeyhero.co.uk","some  time  ","has"," elapsed, he"
"healeyhero.co.uk","the  class  ","has"," slipped. '' All"
"healeyhero.co.uk","again:  ''She  ","has"," asked me not to"
"healeyhero.co.uk","because  ''she  ","has","n''t the"
"healeyhero.co.uk","  consumption  ","has"," grown worse."
"thamesmatch.co.uk","  exposure  ","has"," sparked off a"
"marywardcentre.ac.uk","last 12  years  ","has"," been the"
"marywardcentre.ac.uk","in the  army  ","has"," visited many"
"hawog.org.uk","of  newspaper  ","has"," sold out."
"northants-chamber.co.uk","a review  copy  ","has"," been"
"autumnidealhomeshow.co.uk",". Each web  site  ","has"," a unique"
"planetveggie.co.uk","  subcontinent  ","has"," been phased"
"planetveggie.co.uk","knew as a  child  ","has"," given way"
"essex.police.uk","the  research  ","has"," predicted"
"learndirect.co.uk","UK  government  ","has"," agreed to"
"learndirect.co.uk","1000  children  ","has"," a more severe"
"family-ancestry.co.uk",". No  attempt  ","has"," been made to"
"vue.org.uk","the  review  ","has"," raised is:"
"abtn.co.uk",".  Concern  ","has"," also been"
"abtn.co.uk","). A  survey  ","has"," now been"
"abtn.co.uk","i. e.  evidence  ","has"," been, and"
"evuk.co.uk","the poor  dean  ","has"," shown no sign"
"evuk.co.uk","possible  care  ","has"," been taken."
"evuk.co.uk",". The  bishop  ","has"," been speaking"
"evuk.co.uk","the  matter  ","has"," been put into"
"evuk.co.uk",". The  time  ","has",", in fact, come"
"evuk.co.uk","noble  deans  ","has"," gone by, and"
"evuk.co.uk",". The  public  ","has"," lost its love"
"geog.le.ac.uk",". Noise  ninja  ","has"," a brush which"
"geog.le.ac.uk","  reduction  ","has"," made parts"
"microscopy-uk.org.uk","; this  section  ","has"," the sole"
"ccruni.gov.uk",". This  book  ","has"," a feel of the TV"
"nya.org.uk","  news  ","has"," been revamped"
"nya.org.uk","and this  year  ","has"," invited"
"nya.org.uk",". The  scheme  ","has"," been hugely"
"nya.org.uk","in  schools  ","has"," been"
"nya.org.uk","the  project  ","has"," worked with 6"
"nya.org.uk","of the  project  ","has"," been the scope"
"daydreamnation.co.uk","Response  team  ","has"," been"
"daydreamnation.co.uk","  £20,000  ","has"," been raised"
"daydreamnation.co.uk","About  £16,500  ","has"," been used to"
"royalpioneercorps.co.uk","  operator  ","has"," announced the"
"royalpioneercorps.co.uk","  blogger  ","has"," warned More"
"royalpioneercorps.co.uk","The  company  ","has"," announced"
"royalpioneercorps.co.uk","  behemoth  ","has"," "" no plans "" to"
"smoothhound.co.uk","USGS  proposal  ","has"," been approved"
"childrens.uk-shoponline.co.uk","  Government  ","has"," announced a 10"
"childrens.uk-shoponline.co.uk","  Government  ","has"," announced a"
"yourdrivingyourbusiness.co.uk",". This  fixture  ","has"," a fiery"
"birdinghawaii.co.uk","  divorce  ","has"," been very"
"imaginativeicing.demon.co.uk","the  party  ","has"," cleaned up its"
"imaginativeicing.demon.co.uk","the  system  ","has"," been enormous"
"supertarot.co.uk","where the  flue  ","has"," been"
"supertarot.co.uk","wood  fuel  ","has"," huge"
"emotionalprocessing.org.uk","  architecture  ","has"," become the"
"emotionalprocessing.org.uk","based  firm  ","has"," signed up to"
"emotionalprocessing.org.uk","  businesses  ","has"," been launched"
"lamp.ac.uk","to do this  job  ","has"," been an"
"seered.co.uk","this  conflict  ","has"," been"
"seered.co.uk","  broadcasting  ","has"," worked very"
"my-history.co.uk","favorite  band  ","has"," been"
"my-history.co.uk","their  music  ","has"," always been"
"rbge.org.uk","  rate  ","has"," absolutely"
"cofepow.org.uk",", and the  book  ","has"," gone on to"
"cofepow.org.uk","as a gift.  Book  ","has"," slight wear on"
"cofepow.org.uk",". The  book  ","has"," a leather back"
"cofepow.org.uk","and  endpage  ","has"," a signature in"
"cofepow.org.uk","wider  outlook  ","has"," been given to"
"cofepow.org.uk","  reproduction  ","has"," made the"
"constipationadvice.co.uk","the  comrade  ","has"," not only upped"
"constipationadvice.co.uk","us what  life  ","has"," confirmed:"
"constipationadvice.co.uk","  reformism  ","has"," historically"
"magic-spells.co.uk","n''t Come/  Love  ","Has"," Come ''. The"
"ardue.org.uk","  franchise  ","has"," been"
"woodland-trust.org.uk","of  response  ","has"," risen from 26"
"nyb.org.uk","  Government  ","has"," so far failed"
"nyb.org.uk","? This  cartoon  ","has"," a serious"
"theatreguidelondon.co.uk","each  study  ","has"," on the overall"
"marar.co.uk","  combination  ","has"," earned us a"
"risc.org.uk","this  year  ","has"," been"
"risc.org.uk","  communities  ","has"," improved"
"risc.org.uk",". The  industry  ","has"," a key part to"
"nasuwt.org.uk","  team  ","has"," conducted"
"gingerbeer.co.uk","oil  minister  ","has"," said. The move"
"gingerbeer.co.uk",". This  problem  ","has"," intensified"
"workingintheuk.gov.uk","and a  miracle  ","has"," happened."
"workingintheuk.gov.uk","get one '' my  Dr/  ","has"," taken all of"
"workingintheuk.gov.uk","  anyone  ","has"," been through"
"fie.org.uk","hundred  years  ","has"," stopped them"
"universalenergycentre.co.uk","of the  bottle  ","has","n''t"
"universalenergycentre.co.uk","If your  fridge  ","has"," an internal"
"thesmallholdingcentre.co.uk","  research  ","has"," been further"
"thesmallholdingcentre.co.uk",". Our  research  ","has"," led us to"
"varietyclub.org.uk","  ennoblement  ","has"," given him a"
"varietyclub.org.uk",""" "" ''Our  advice  ","has"," been that mail"
"bmb.leeds.ac.uk"," ","has"," been"
"bmb.leeds.ac.uk","positive  news  ","has"," been Kofi"
"fleafree.co.uk","  country  ","has"," many rivers"
"fleafree.co.uk","Park. The  club  ","has"," a wide range of"
"gwilliams.org.uk","on a  paper  ","has"," the"
"gwilliams.org.uk",". The  writer  ","has"," the chance to"
"walltowall.co.uk","past few  years  ","has"," somewhat"
"lib.ox.ac.uk","  products  ","has"," been"
"lib.ox.ac.uk",".  Industry  ","has"," been asked to"
"lib.ox.ac.uk","for OA in  food  ","has"," not yet been"
"lib.ox.ac.uk","  animals  ","has"," shown that"
"lib.ox.ac.uk","  Surveillance  ","has"," been carried"
"lib.ox.ac.uk","for  aflatoxin  ","has"," largely"
"varley9.freeserve.co.uk","  success  ","has"," involved the"
"varley9.freeserve.co.uk","  scenarios  ","has"," a"
"cjd.ed.ac.uk","  neglect  ","has"," stemmed in no"
"cjd.ed.ac.uk","previous  work  ","has"," largely been"
"pgeconomics.co.uk","it. If the  mug  ","has"," moved"
"pgeconomics.co.uk","  something  ","has"," gone wrong"
"pgeconomics.co.uk","in the  world  ","has"," a bucket like"
"ukspa.org.uk",". A  vaccine  ","has"," been"
"ukspa.org.uk",". The  research  ","has"," generated"
"ukspa.org.uk","  addiction  ","has"," been carried"
"ukspa.org.uk",". "" The  process  ","has"," so far been"
"ukspa.org.uk","your  bladder  ","has","n''t emptied"
"microscopy-uk.org.uk","this  version  ","has"," been slightly"
"microscopy-uk.org.uk","a review  copy  ","has"," been"
"bagpipeworld.co.uk","Press  freedom  ","has"," been extended"
"bagpipeworld.co.uk","then the  press  ","has"," been"
"portfolio.mvm.ed.ac.uk","  reliability  ","has"," been good, and"
"theobamber.co.uk","  staff  ","has"," been approved"
"theobamber.co.uk","Summer  terms  ","has"," been"
"theobamber.co.uk","This  workshop  ","has"," been"
"theobamber.co.uk"," ","has"," been"
"word-on-the-web.co.uk","  newspaper  ","has"," collected his"
"bodystressrelease.co.uk","  environment  ","has"," been the focus"
"bodystressrelease.co.uk","of  Inclusion  ","has"," not yet been"
"addictive247.co.uk",", the  world  ","has"," a duty to heal"
"addictive247.co.uk","of  factors  ","has"," contributed"
"addictive247.co.uk",". The  crisis  ","has"," been"
"addictive247.co.uk","  production  ","has"," made the"
"addictive247.co.uk","  management  ","has"," not delivered"
"addictive247.co.uk","  government  ","has"," left small"
"ggr-associates.co.uk","  project  ","has"," won the 2002"
"ggr-associates.co.uk","  project  ","has"," won the 2002"
"battleoffulford.org.uk","  court  ","has"," sentenced him"
"battleoffulford.org.uk","""  terrorism  ","has"," been backed by"
"ncadc.org.uk","of our  group  ","has"," proposed a"
"ncadc.org.uk",". (  Experience  ","has"," shown that"
"blog.ctrlbreak.co.uk","The  conflict  ","has",", sadly, now"
"blog.ctrlbreak.co.uk","today  site  ","has"," gone? I was"
"tutorials.beginners.co.uk","that  age  ","has"," an impact on"
"tutorials.beginners.co.uk","  barrier  ","has"," made UK unions"
"tutorials.beginners.co.uk","  arrangements  ","has"," brought"
"tutorials.beginners.co.uk","the  mother  ","has"," taken six"
"tutorials.beginners.co.uk","figures  HSE  ","has"," developed an"
"tutorials.beginners.co.uk",". The  CIPD  ","has"," been working"
"tutorials.beginners.co.uk","  organisation  ","has"," genuinely"
"tutorials.beginners.co.uk","the  workplace  ","has"," caused half a"
"tutorials.beginners.co.uk","its  strategy  ","has"," had a direct"
"taylorbells.co.uk","a drugs  giant  ","has"," announced a"
"taylorbells.co.uk","my  cooking  ","has"," the same"
"borkowski.co.uk",") subtype  H5N1  ","has"," occurred in"
"palmerandradclyffe.co.uk","detailed  work  ","has"," been carried"
"palmerandradclyffe.co.uk","  settings  ","has"," focused on"
"palmerandradclyffe.co.uk","in the  field  ","has"," tended to be"
"palmerandradclyffe.co.uk","  technologies  ","has"," not yet been"
"dh.gov.uk","''  collection  ","has"," an even wider"
"dandi.me.uk","yet his  reward  ","has"," been"
"gleeson0.demon.co.uk","1907  print  ","has"," now been"
"missiedith.bentbacktulips.co.uk","The  coldframe  ","has"," brassica and"
"spuc.org.uk","  manuscript  ","has"," survived. For"
"itgovernance.co.uk","  artillery  ","has"," consisted of"
"itgovernance.co.uk","  commander  ","has"," laser range"
"itgovernance.co.uk","the  enemy  ","has"," the"
"itgovernance.co.uk","  force  ","has"," the"
"itgovernance.co.uk","  officer  ","has"," over the"
"itgovernance.co.uk","Naval  gunfire  ","has"," a great"
"itgovernance.co.uk","Army  aviation  ","has"," the"
"itgovernance.co.uk","  warfare  ","has"," two facets,"
"itgovernance.co.uk","  commander  ","has"," specific"
"itgovernance.co.uk","after  release  ","has"," been approved"
"ita.org.uk","new rate of  VAT  ","has"," been"
"ita.org.uk",". The  notice  ","has"," been"
"ita.org.uk","  content  ","has"," not changed"
"ita.org.uk",". Each  scheme  ","has"," a turnover"
"ita.org.uk","  paragraph  ","has"," the force of"
"ita.org.uk","  paragraph  ","has"," the force of"
"ita.org.uk","your  business  ","has"," an annual VAT"
"ita.org.uk","your  system  ","has"," produced the"
"ita.org.uk","  paragraph  ","has"," the force of"
"ita.org.uk","The  following  ","has"," the force of"
"ita.org.uk","a rate of  VAT  ","has"," been changed"
"ita.org.uk","or a new  rate  ","has"," been"
"ita.org.uk","new rate of  VAT  ","has"," been"
"ita.org.uk","  paragraph  ","has"," the force of"
"ita.org.uk","  paragraph  ","has"," the force of"
"ita.org.uk","  paragraph  ","has"," the force of"
"ita.org.uk","  paragraph  ","has"," the force of"
"ita.org.uk","  paragraph  ","has"," the force of"
"ita.org.uk","  paragraph  ","has"," the force of"
"politicalcartoon.co.uk","the hit  list  ","has"," been the basis"
"politicalcartoon.co.uk","the  project  ","has"," passed 2.5"
"politicalcartoon.co.uk","of  people  ","has"," many"
"politicalcartoon.co.uk","to  smallpox  ","has"," many"
"politicalcartoon.co.uk","  department  ","has"," demonstrated"
"politicalcartoon.co.uk","  expertise  ","has"," been"
"politicalcartoon.co.uk",". The  project  ","has"," been a"
"politicalcartoon.co.uk","times the  work  ","has"," had"
"politicalcartoon.co.uk","  article  ","has"," been"
"politicalcartoon.co.uk","saver  project  ","has"," been an"
"politicalcartoon.co.uk","  software  ","has"," the virtue of"
"politicalcartoon.co.uk","  community  ","has"," made"
"politicalcartoon.co.uk","  package  ","has"," been add to the"
"politicalcartoon.co.uk","this  molecule  ","has"," good binding"
"politicalcartoon.co.uk","second  wife  ","has"," recently"
"politicalcartoon.co.uk","  project  ","has"," been added to"
"bfinance.co.uk","  soldier  ","has"," had a"
"bfinance.co.uk","  prisoners  ","has"," arrived. The"
"bfinance.co.uk",", our  Führer  ","has"," foreseen"
"musicfor2.co.uk","of this  list  ","has"," actually been"
"ejcc.org.uk","DAS  subsystem  ","has"," been"
"ejcc.org.uk","-  ExportView  ","has"," been extended"
"ejcc.org.uk","  schema  ","has"," been updated,"
"ejcc.org.uk","List  export  ","has"," been"
"ejcc.org.uk","  system  ","has"," been run and"
"ejcc.org.uk","  website  ","has"," been updated"
"ejcc.org.uk","bp  chromosome  ","has"," a G+C content"
"ejcc.org.uk",". The  release  ","has"," many GUI"
"ejcc.org.uk","mouse  genome  ","has"," exceeded its"
"rmtours.co.uk",".  Informatics  ","has"," several"
"v-e-t-s.co.uk","  stimulation  ","has"," been shown to"
"african-angler.co.uk",", the  disc  ","has"," three to offer"
"african-angler.co.uk","a review  copy  ","has"," been"
"earthscan.co.uk","now the  plank  ","has"," returned in"
"chiswickchoir.org.uk","  today  ","has"," a full-page"
"isleofmullcheese.co.uk","  control  ","has"," been changed"
"isleofmullcheese.co.uk","The foot  brake  ","has"," been moved to"
"publichealth.nice.org.uk","else,  history  ","has"," taught us that"
"publichealth.nice.org.uk","Labour  party  ","has"," urged us all to"
"publichealth.nice.org.uk","Cllr.  Price  ","has"," shown in this"
"publichealth.nice.org.uk","green  space  ","has"," been top of the"
"publichealth.nice.org.uk","city  council  ","has"," neither the"
"publichealth.nice.org.uk","city  council  ","has"," neither the"
"publichealth.nice.org.uk","city  council  ","has"," neither the"
"publichealth.nice.org.uk","  extension  ","has"," been agreed,"
"publichealth.nice.org.uk",", this  council  ","has"," been assessed"
"accountability.org.uk","our  religion  ","has"," created to"
"accountability.org.uk","orthodox  life  ","has"," been"
"tibenham.fsnet.co.uk","the Year  award  ","has"," been handed"
"islaybirding.co.uk","of the  stones  ","has"," this engraved"
"csm.uwe.ac.uk","of the  debt  ","has"," amounted to"
"csm.uwe.ac.uk","  prices  ","has"," made the debt"
"csm.uwe.ac.uk","  government  ","has"," spent on the"
"csm.uwe.ac.uk","to  medicines  ","has"," been"
"toast-uk.org.uk","  equipment  ","has"," certainly"
"gtj.org.uk","years of  work  ","has"," brought it"
"gtj.org.uk",". The  garden  ","has"," been"
"gtj.org.uk","  topsoil  ","has"," been used,"
"socialism.org.uk","The  committee  ","has"," before it an"
"socialism.org.uk","The  committee  ","has"," heard"
"socialism.org.uk","or  company  ","has"," been"
"socialism.org.uk","The  committee  ","has"," considered"
"socialism.org.uk","The  committee  ","has"," considered"
"businessbureau-uk.co.uk",". That  charge  ","has"," been levelled"
"uutech.co.uk","the past  this  ","has"," made Alex"
"uutech.co.uk","that  someone  ","has"," written a"
"theedge.abelgratis.co.uk","the main  site  ","has"," signed up to"
"luxonline.org.uk","''  campaign  ","has"," been a"
"outdoormegastore.co.uk","  information  ","has"," changed"
"maidenheadunitedfc.co.uk","  members  ","has"," been a crucial"
"nimr.mrc.ac.uk","Where a  person  ","has"," registered as"
"cdxpress.co.uk","The  website  ","has"," been designed"
"cdxpress.co.uk",". The  site  ","has"," a guide for"
"blogigo.co.uk","  correctness  ","has"," such a grip on"
"bcss.org.uk",", a  court  ","has"," heard. Home >"
"scri.sari.ac.uk","  solicitor  ","has"," grave doubts"
"scri.sari.ac.uk","that  justice  ","has"," been done. His"
"scri.sari.ac.uk",", their  guilt  ","has"," not been"
"biotopics.co.uk","  Government  ","has"," produced"
"biotopics.co.uk","  Government  ","has"," concluded"
"fanderson.org.uk","central  axis  ","has"," already been"
"fanderson.org.uk",". This  station  ","has"," recently been"
"fanderson.org.uk","it ''s  chairman  ","has",","
"drivetech.co.uk","area. The  hall  ","has"," wooden floors"
"drivetech.co.uk","to the  centre  ","has"," two steps and"
"gfwi.org.uk","young  pupils  ","has"," not more"
"voiceoftheslug.org.uk","pay. Each  home  ","has"," been banded"
"artlab.org.uk",", this  object  ","has"," no "" rim "" where"
"artlab.org.uk","  revolt  ","has"," helped to"
"artlab.org.uk",", this  book  ","has"," the extensive"
"artlab.org.uk","a Hula  song  ","has"," several"
"artlab.org.uk",", the  work  ","has"," also been"
"artlab.org.uk","the  cultures  ","has"," a"
"artlab.org.uk",", and  fantasy  ","has"," delighted"
"artlab.org.uk",", the  park  ","has"," changed from"
"artlab.org.uk",". The  novel  ","has"," engendered"
"artlab.org.uk",". Meyer ''s  work  ","has"," drawn from"
"landforsale-investment.org.uk","From this  view  ","has"," grown the"
"landforsale-investment.org.uk","''s  experience  ","has"," shown that"
"radicalroutes.org.uk","  Government  ","has"," identi..."
"radicalroutes.org.uk","  immigration  ","has"," changed in so"
"radicalroutes.org.uk","Mental  health  ","has"," been in an"
"radicalroutes.org.uk","This  election  ","has"," proved that"
"radicalroutes.org.uk","that  housing  ","has"," certainly"
"radicalroutes.org.uk","  behaviour  ","has"," become a"
"radicalroutes.org.uk","more. The  sky  ","has"," limits"
"radicalroutes.org.uk","2003 The  sky  ","has"," limitsThe"
"radicalroutes.org.uk","more. The  sky  ","has"," limits"
"radicalroutes.org.uk","2003 The  sky  ","has"," limitsThe"
"radicalroutes.org.uk","  Government  ","has"," an ambitious"
"radicalroutes.org.uk","1st), the  ippr  ","has"," produced its"
"radicalroutes.org.uk","  Government  ","has"," failed to"
"radicalroutes.org.uk","  sector  ","has"," failed to"
"radicalroutes.org.uk","  affairsX  ","has"," serious"
"radicalroutes.org.uk","''s news  agenda  ","has"," again been"
"radicalroutes.org.uk"," ","has"," inevitably"
"radicalroutes.org.uk","last  decade  ","has"," seen a"
"radicalroutes.org.uk","of  prosperity  ","has"," yet to widen to"
"mrc.ac.uk","the  employee  ","has"," purchased for"
"eia.co.uk","music  scene  ","has"," changed"
"noaddedsugar.co.uk","white  blanket  ","has"," been spread"
"noaddedsugar.co.uk","  bantam-hen  ","has"," perched on the"
"anima.demon.co.uk","  course  ","has"," long"
"anima.demon.co.uk",""" This  meeting  ","has"," long been the"
"lists.ucles.org.uk",".  Someone  ","has"," found a"
"lists.ucles.org.uk","hard.  Physics  ","has"," a recurring"
"mlfhs.org.uk","This  site  ","has"," been built to"
"literacytrust.org.uk","all  accounts  ","has"," found it hard"
"lux.org.uk",", this  basket  ","has"," it all. She''ll"
"kneeling.co.uk","area. The  hall  ","has"," wooden floors"
"debate.org.uk","; a scout  horse  ","has"," to have steel"
"wesparkle.co.uk","extra  charge  ","has"," been made. ''"
"wesparkle.co.uk","whole  thing  ","has"," the feel of a"
"wesparkle.co.uk","''s comic  song  ","has"," to be one of the"
"primarycarecontracting.nhs.uk","more a  drinker  ","has",", the more"
"primarycarecontracting.nhs.uk",". If the  liver  ","has"," too much"
"primarycarecontracting.nhs.uk",", a  court  ","has"," heard. Rush"
"well.ac.uk","the  problem  ","has"," been keeping"
"well.ac.uk","but the  rain  ","has"," helped the"
"well.ac.uk",". The  compost  ","has"," been put on the"
"well.ac.uk","is the  cedar  ","has"," warped making"
"well.ac.uk",",  everyone  ","has"," to live so good"
"magic-spells.co.uk","  lawsuit  ","has"," been resolved"
"disabilitynow.org.uk","If a  celebrity  ","has"," their child"
"theisleofjura.co.uk","  theatre  ","has"," been"
"theisleofjura.co.uk","big  business  ","has"," over"
"theisleofjura.co.uk","  negotiations  ","has"," resulted in"
"african-angler.co.uk","  education  ","has"," been"
"african-angler.co.uk","of the  school  ","has"," been"
"african-angler.co.uk","their  role  ","has"," a dual"
"african-angler.co.uk","severe  cases  ","has"," the meaning of"
"wen.org.uk","  elegance  ","has"," been big news"
"portsmouthfairtrade.org.uk","  province  ","has"," yet to be"
"portsmouthfairtrade.org.uk"," ","has"," been taken by"
"davesrcflight.mysite.wanadoo-members.co.uk",",  poetry  ","has"," a very broad"
"whitedragon.org.uk","the  author  ","has"," been dead for"
"src.le.ac.uk","the  process  ","has"," only just"
"src.le.ac.uk","you. A new  ring  ","has"," just begun:"
"src.le.ac.uk","the  website  ","has"," moved to a new"
"assemblyrooms.org.uk","and the  church  ","has"," been altered"
"assemblyrooms.org.uk",". His  work  ","has"," been"
"assemblyrooms.org.uk",". His  poetry  ","has"," spoken to"
"hiroshige.org.uk",". A  friend  ","has"," sent me a new"
"bmb.leeds.ac.uk","that  everyone  ","has"," heard of the"
"countywedding.co.uk","  office  ","has"," been chosen"
"countywedding.co.uk","  principles  ","has"," been"
"countywedding.co.uk","  anyone  ","has"," the right to"
"mph.ed.ac.uk","  thing  ","has"," been"
"mph.ed.ac.uk","  media  ","has"," been hounding"
"stmarylebow.co.uk","  session  ","has"," been"
"stmarylebow.co.uk","  staff  ","has"," been"
"stmarylebow.co.uk","The exact  time  ","has"," not yet been"
"scottishweddingdirectory.co.uk","  problem  ","has"," an infinite"
"harringtonmuseum.org.uk","think  tank  ","has"," launched a"
"harringtonmuseum.org.uk","more. 1 in 3  men  ","has"," a criminal"
"harringtonmuseum.org.uk","2002 1 in 3  men  ","has"," a criminal"
"harringtonmuseum.org.uk","week ''s  news  ","has"," again been"
"harringtonmuseum.org.uk","last  decade  ","has"," seen a"
"mouthulcers.co.uk","Over  £300,000  ","has"," been"
"mouthulcers.co.uk","This  site  ","has"," been built to"
"liverpoolmuseums.org.uk","  everything  ","has"," enough"
"liverpoolmuseums.org.uk","  everyone  ","has"," a seat in the"
"liverpoolmuseums.org.uk","  teaching  ","has"," developed"
"liverpoolmuseums.org.uk","of  interest  ","has"," been"
"liverpoolmuseums.org.uk","Each  analysis  ","has"," been shaped by"
"nutrition.org.uk","  software  ","has"," gone"
"nutrition.org.uk","  motherboard  ","has"," Serial ATA"
"nutrition.org.uk","encoded  video  ","has"," the potential"
"fleafree.co.uk",". Much  data  ","has"," been obtained"
"healeyhero.co.uk","  employees  ","has"," been"
"redking.co.uk","of  companies  ","has"," tentacles"
"redking.co.uk","[ the  price  ","has"," now been"
"redking.co.uk","that the  thing  ","has"," out of"
"luxonline.org.uk","the past  this  ","has"," included"
"xstreamradio.co.uk","the  Spirit  ","has"," not given him"
"xstreamradio.co.uk",". The  Spirit  ","has"," to do it. We"
"ayrshirehistory.org.uk","a  friend  ","has"," forwarded it"
"ayrshirehistory.org.uk","at [  website  ","has"," since moved ]"
"ayrshirehistory.org.uk",". If your  site  ","has"," recently led"
"davidcheethamgardens.co.uk","prove a  murder  ","has"," taken place in"
"tertiary.consoleroom.btinternet.co.uk","This  organism  ","has"," also been"
"tertiary.consoleroom.btinternet.co.uk","or not their  GP  ","has"," taken a faecal"
"bures-online.co.uk",". uk This  site  ","has"," been selected"
"bures-online.co.uk","  funding  ","has"," been received"
"ypressalient.co.uk",", and  life  ","has"," been good for"
"ypressalient.co.uk","housing  boom  ","has"," come to an end"
"ypressalient.co.uk","come to an  end  ","has"," sent the stock"
"ypressalient.co.uk",". The  company  ","has"," operations in"
"cjd.ed.ac.uk","every  effort  ","has"," been made to"
"shipit.co.uk","pay  practice  ","has"," a"
"bbcgovernors.co.uk",". This  element  ","has"," personnel"
"bbcgovernors.co.uk","  group  ","has"," to provide"
"bbcgovernors.co.uk","  company  ","has"," a"
"bbcgovernors.co.uk","  companies  ","has"," four"
"bbcgovernors.co.uk",". The  platoon  ","has"," a"
"bbcgovernors.co.uk","  surgeon  ","has"," direct access"
"bbcgovernors.co.uk","  disorder  ","has"," been formally"
"bbcgovernors.co.uk","sets. Each  set  ","has"," three to five"
"rob.annable.co.uk","  information  ","has"," been compiled"
"taxibus.org.uk","such a  concept  ","has"," any meaning"
"taxibus.org.uk","  government  ","has"," had strong"
"taxibus.org.uk","oil  industry  ","has"," seriously"
"taxibus.org.uk","  regime  ","has"," effectively"
"taxibus.org.uk","  regime  ","has"," already"
"taxibus.org.uk","  TotalFinaElf  ","has"," set its eyes on"
"taxibus.org.uk","of  sanctions  ","has"," badly eroded,"
"taxibus.org.uk",", this  gamble  ","has"," failed to pay"
"taxibus.org.uk","on what  terms  ","has"," often gone"
"taxibus.org.uk","oil  supplies  ","has"," consistently"
"taxibus.org.uk","  facilities  ","has"," emerged? with"
"taxibus.org.uk"," ","has"," branded DPRK a"
"taxibus.org.uk","  states  ","has"," to be stopped."
"ministryofpropaganda.co.uk","  industry  ","has"," been smuggled"
"ministryofpropaganda.co.uk","Vioxx  scandal  ","has"," exposed the"
"greenbuildingstore.co.uk","  technology  ","has"," gained"
"greenbuildingstore.co.uk","with  children  ","has"," been most"
"lusu.co.uk","  service  ","has"," a Help Desk"
"tpr.co.uk","  council  ","has"," no authority"
"tpr.co.uk",". The  pub  ","has"," four bars on"
"qaa.ac.uk","to  progress  ","has"," been the"
"birminghamfocus.org.uk","of  equipment  ","has"," been"
"laptop-chargers.co.uk",", a new  study  ","has"," found that"
"laptop-chargers.co.uk",", new  research  ","has"," shown that"
"laptop-chargers.co.uk",") New  research  ","has"," suggested"
"laptop-chargers.co.uk","recent  survey  ","has"," found that"
"themostannoyingsiteintheworld.co.uk","bread.  Bread  ","has"," been a staple"
"gerty.ncl.ac.uk","  inflation  ","has"," invariably"
"raworths.co.uk","real  thought  ","has"," gone into the"
"cantrell.org.uk",", this  film  ","has"," the stirring"
"cantrell.org.uk","A  Wedding  ","has"," been unjustly"
"inspectormorse.co.uk","of  action  ","has"," produced deep"
"inspectormorse.co.uk","foreign  power  ","has"," the right to"
"inspectormorse.co.uk","the  principle  ","has"," been violated"
"inspectormorse.co.uk","  millions  ","has"," been ignored"
"inspectormorse.co.uk",", the  bombing  ","has"," begun. Surely"
"inspectormorse.co.uk","the end  goal  ","has"," changed from"
"inspectormorse.co.uk","dangerous  war  ","has"," just started,"
"inspectormorse.co.uk","Iraq  crisis  ","has"," virtually"
"vacant.org.uk",". ''The  year  ","has"," also been"
"vacant.org.uk","  executive  ","has"," provided for a"
"vacant.org.uk","more than  £11M  ","has"," been"
"vacant.org.uk","This  site  ","has"," been built to"
"flyinghaggis.co.uk",". My pain  level  ","has"," remained the"
"flyinghaggis.co.uk","I said the  pain  ","has","n''t altered"
"vinatis.co.uk","  organisation  ","has"," less than 50"
"vinatis.co.uk","  organisation  ","has"," more than 50"
"cclpublications.co.uk","music  scene  ","has"," changed"
"cclpublications.co.uk","pop  pantomime  ","has"," Prince (and"
"cclpublications.co.uk","grime  scene  ","has"," seen an"
"economie.co.uk","If  anyone  ","has"," ordered (by"
"phundria.org.uk",". This  area  ","has"," now succeeded"
"phundria.org.uk",", as the  site  ","has"," been a hill"
"phundria.org.uk",". The  site  ","has"," been of"
"eif.co.uk","my  favourite  ","has"," to be Baricco,"
"eif.co.uk","  no-one  ","has"," mentioned"
"eif.co.uk","that  anyone  ","has"," mentioned"
"eif.co.uk","for many  years  ","has"," ejoyed his"
"eif.co.uk","if  anything  ","has"," been"
"kno.org.uk","bread.  Bread  ","has"," been a staple"
"members.freezone.co.uk","  engine  ","has"," not tempted"
"musica.co.uk","  growth  ","has"," come at the"
"musica.co.uk","early  1990s  ","has"," been"
"musica.co.uk","  community  ","has"," been slow to"
"musica.co.uk","SRI  screening  ","has"," evolved from a"
"musica.co.uk","  management  ","has"," launched the"
"musica.co.uk","  sea-change  ","has"," occurred in"
"byhandsandfeet.co.uk",",  television  ","has","n''t always"
"gingerbeer.co.uk","last few  years  ","has"," failed to keep"
"gingerbeer.co.uk","Moore ''s  law  ","has"," set for so long"
"cs.le.ac.uk","The  publisher  ","has"," the right to"
"cs.le.ac.uk",". A  Note  ","has"," an Abstract of"
"toast-uk.org.uk","to CD. Now,  CD  ","has"," been"
"toast-uk.org.uk","in  music  ","has"," remained a"
"toast-uk.org.uk","of  society  ","has"," used"
"bridlingtontoday.co.uk","(the A4  arm  ","has"," a"
"troubleatwork.org.uk","the  argument  ","has"," to be that Ms"
"walterscott.lib.ed.ac.uk","of  war  ","has"," become a"
"walterscott.lib.ed.ac.uk"," ","has"," begun, but the"
"walterscott.lib.ed.ac.uk","  focus  ","has"," yet to move to"
"walterscott.lib.ed.ac.uk","  programme  ","has"," the backing of"
"bowness.demon.co.uk","  prankster  ","has"," been haunting"
"unitedrant.co.uk","  development  ","has"," not increased"
"unitedrant.co.uk","This  movement  ","has"," a"
"unitedrant.co.uk",".  ''Hemp  ","has"," an important"
"digitalegypt.ucl.ac.uk","a  concept  ","has"," been well"
"fleafree.co.uk","''s  population  ","has"," a disability."
"fleafree.co.uk"," ","has"," yet to be"
"makemyvotecount.org.uk",". My  time  ","has"," been occupied"
"iserv.abertay.ac.uk","  engineer  ","has"," no control"
"iserv.abertay.ac.uk","  enterprise  ","has"," little chance"
"iserv.abertay.ac.uk","  technology  ","has"," been"
"iserv.abertay.ac.uk","up, the  bubble  ","has"," burst. The"
"iserv.abertay.ac.uk","  debate  ","has"," turned into"
"iserv.abertay.ac.uk","  findings  ","has"," now appeared"
"glasgowarchitecture.co.uk","our  company  ","has"," grown quite"
"glasgowarchitecture.co.uk","  view  ","has"," been born out"
"meetbar.co.uk",")  Everyone  ","has"," experienced"
"cheers-wine-merchants.co.uk","the Arab  press  ","has"," responded"
"lincs.police.uk"," ","has"," only been"
"lincs.police.uk"," ","has"," developed as a"
"deni.gov.uk",". Her  work  ","has"," been featured"
"victorianartinbritain.co.uk","the  shop  ","has"," accepted your"
"lang.soton.ac.uk",". This  lecture  ","has"," been a"
"people.ex.ac.uk","  software  ","has"," gone"
"people.ex.ac.uk","  motherboard  ","has"," Serial ATA"
"link2exports.co.uk","of  equality  ","has"," become"
"link2exports.co.uk","  agenda  ","has"," focused"
"link2exports.co.uk","  level  ","has"," maintained a"
"link2exports.co.uk",", the  sector  ","has"," had a positive"
"link2exports.co.uk",".  Disability  ","has"," moved up the"
"link2exports.co.uk","  arrival  ","has"," not been"
"link2exports.co.uk","  policymaker  ","has"," argued: """
"link2exports.co.uk","others.  Work  ","has"," been ongoing"
"talkingteaching.co.uk","  Zionism  ","has"," a simple and"
"talkingteaching.co.uk","Jewish  nation  ","has"," come into"
"digidots.co.uk","the  traveller  ","has"," twice to cross"
"digidots.co.uk","; the  site  ","has"," proved"
"martininstitute.ox.ac.uk","that his  cover  ","has"," been blown, he"
"fpa.org.uk","  Government  ","has"," in mind. That"
"fpa.org.uk","  Government  ","has"," been"
"fpa.org.uk","  Government  ","has",""
"solid-edge.co.uk","  resource  ","has"," been used, e."
"waits.org.uk",". Each  country  ","has"," a central"
"waits.org.uk","domain  name  ","has"," been properly"
"waits.org.uk","I do if  someone  ","has"," registered a"
"jdhooker.org.uk","how the  CPD  ","has"," developed"
"www-tus.csx.cam.ac.uk","  activity  ","has"," been linked to"
"laptop-chargers.co.uk","if  focus  ","has"," to be kept"
"laptop-chargers.co.uk","thing the  user  ","has"," to take care"
"commsp.ee.ic.ac.uk","'' this  event  ","has"," created to"
"ppsoftnet.co.uk",".  ''Exercise  ","has"," so many"
"atmosphere.co.uk",".  Industry  ","has"," taken the lead"
"codexbooks.co.uk","  software  ","has"," gone"
"codexbooks.co.uk","  motherboard  ","has"," Serial ATA"
"bioss.sari.ac.uk","and  combat  ","has"," been assigned"
"carcanet.co.uk","  scenario  ","has"," happened,"
"carcanet.co.uk",", a  stand  ","has"," to be made. i am"
"eprints.st-andrews.ac.uk","JIT  compiler  ","has"," generated the"
"moneybasics.co.uk","tabloid  press  ","has"," had a field day"
"esbhhealth.nhs.uk","  quagmire  ","has"," been the very"
"esbhhealth.nhs.uk","US  military  ","has"," touted how"
"esbhhealth.nhs.uk","the Bush  team  ","has"," done worse"
"esbhhealth.nhs.uk","  newspaper  ","has"," reported that"
"esbhhealth.nhs.uk","of the  cash  ","has"," ever been made"
"culham.ac.uk","of the  country  ","has"," given her the"
"philobiblon.co.uk","of  scores  ","has"," not much"
"magic-spells.co.uk","taking  part  ","has"," continued to"
"magic-spells.co.uk",". The  exercise  ","has"," now been"
"magic-spells.co.uk","  activity  ","has"," doubled in the"
"hulltrains.co.uk","and  others  ","has"," highlighted"
"hulltrains.co.uk","  scholarship  ","has"," identified as"
"hulltrains.co.uk","  consensus  ","has"," been reached"
"thepresidenthotel.co.uk","the  research  ","has"," only been"
"thepresidenthotel.co.uk","immune  system  ","has"," an ''all hands"
"thepresidenthotel.co.uk","the  vaccine  ","has"," therefore"
"bordercrossings.org.uk","in the  field  ","has"," had a major"
"bordercrossings.org.uk","  interlocutor  ","has"," certain"
"bordercrossings.org.uk","  discourse  ","has"," been found to"
"bordercrossings.org.uk","  experience  ","has"," shown symbols"
"kno.org.uk","and  learning  ","has"," been hailed a"
"howitis.org.uk","  card  ","has"," been issued."
"afs.org.uk","  secretariat  ","has"," now issued a"
"panos.org.uk","of  staff  ","has"," not yet"
"carbonflo.co.uk","? The  mission  ","has"," evolved"
"montrose-society.org.uk","New  Year  ","has"," just been"
"bmb.leeds.ac.uk","new  version  ","has"," an extra page"
"missinglinkclassichorror.co.uk","  software  ","has"," gone"
"missinglinkclassichorror.co.uk","  motherboard  ","has"," Serial ATA"
"integral.co.uk","movie  script  ","has"," a scene with"
"safeguardbarriers.co.uk","and  abbey  ","has"," photos and a"
"safeguardbarriers.co.uk",": each  castle  ","has"," a unique"
"middle-ages.org.uk","How many  times  ","has"," Dr Who faced"
"atmedia2005.co.uk","Blair  years  ","has"," done nothing"
"atmedia2005.co.uk","  editorship  ","has"," marked a"
"garysturt.free-online.co.uk","time a  problem  ","has"," come up. The"
"garysturt.free-online.co.uk","this  weblog  ","has"," been"
"subbrit.org.uk"," ","has"," been"
"psnc.org.uk","  learning  ","has"," made at a local"
"psnc.org.uk","The  CIPD  ","has"," warned that"
"psnc.org.uk","if  somebody  ","has"," a genuine"
"psnc.org.uk","  Government  ","has"," launched a new"
"psnc.org.uk","  Government  ","has"," embarked on a"
"psnc.org.uk","  scheme  ","has"," been hailed as"
"psnc.org.uk","  migration  ","has"," to be coupled"
"psnc.org.uk","  claims  ","has"," been"
"psnc.org.uk","legal  status  ","has"," helped but not"
"psnc.org.uk","biggest  union  ","has"," endorsed the"
"oncology.cam.ac.uk",", and a  start  ","has"," been made in"
"vanunu.freeserve.co.uk","a  friend  ","has"," forwarded it"
"vanunu.freeserve.co.uk",", but the  site  ","has"," links to Taiko"
"vanunu.freeserve.co.uk","This  site  ","has"," just gone"
"vanunu.freeserve.co.uk","UK. The  site  ","has"," made a"
"vanunu.freeserve.co.uk","  service  ","has"," closed down."
"newburytheatre.co.uk","  management  ","has"," quashed local"
"clwbmalucachu.co.uk","  study  ","has"," been carried"
"clwbmalucachu.co.uk","in  autism  ","has"," a profound"
"clwbmalucachu.co.uk","  literature  ","has"," indicated the"
"clwbmalucachu.co.uk","  interaction  ","has"," any"
"free-online-surveys.co.uk",". The  district  ","has"," a population"
"pcworld-books.co.uk","  conference  ","has"," resulted from"
"jolt.co.uk","that  everyone  ","has"," as many"
"jolt.co.uk",",  inflation  ","has"," become a real"
"churchill-society-london.org.uk","that a  window  ","has"," been broken. A"
"churchill-society-london.org.uk","of the  stories  ","has"," also endeared"
"museums.ox.ac.uk",":  Will  ","has"," published. )"
"museums.ox.ac.uk",", my  life  ","has"," changed a lot"
"longwalls.ncl.ac.uk","  waters  ","has"," been included"
"longwalls.ncl.ac.uk","and each  bird  ","has"," been given an"
"skyscript.co.uk","? This  song  ","has"," been adapted"
"skyscript.co.uk","  library  ","has"," a copy - I bet"
"skyscript.co.uk","true our  club  ","has"," reached its"
"skyscript.co.uk","British  crown  ","has"," granted you a"
"medical-acupuncture.co.uk","A  scholarship  ","has"," been"
"medical-acupuncture.co.uk","  staff  ","has"," been"
"qmir.dcs.qmul.ac.uk","  customer  ","has"," the same User"
"qmir.dcs.qmul.ac.uk","  customer  ","has"," the same User"
"qmir.dcs.qmul.ac.uk","the  session  ","has"," not timed out)"
"alternatives.org.uk","  business  ","has"," made over the"
"golspie-golf-club.co.uk",", the  company  ","has"," made a final"
"golspie-golf-club.co.uk","than  nothing  ","has"," changed."
"golspie-golf-club.co.uk","running a  car  ","has"," gone down,"
"golspie-golf-club.co.uk","of taking a  bus  ","has"," gone up over"
"bobsticks.co.uk","other  regions  ","has"," declined,"
"lateralscience.co.uk","the 2006  event  ","has"," now been"
"direct.gov.uk","542  style  ","has"," a different"
"ipaqrepair.co.uk","  hospital  ","has"," learned that"
"ipaqrepair.co.uk","of the  NHS  ","has"," reached"
"ipaqrepair.co.uk","  websites  ","has"," revealed that"
"ipaqrepair.co.uk","  campaign  ","has"," been launched"
"ipaqrepair.co.uk",". Much  damage  ","has"," been done to"
"ipaqrepair.co.uk","  government  ","has"," continued"
"ipaqrepair.co.uk","  self-seekers  ","has"," been futile."
"ipaqrepair.co.uk","their  work  ","has"," provided a"
"ipaqrepair.co.uk","to the  NHS  ","has"," meant that"
"hilton.org.uk","  Principal  ","has"," acceded to the"
"leadhillsrailway.co.uk",". The  surgery  ","has"," changed all"
"leadhillsrailway.co.uk","of  operations  ","has"," risen by 50 per"
"leadhillsrailway.co.uk",". My sex  life  ","has"," gone down the"
"islamic-college.ac.uk","  temperament  ","has"," come about"
"islamic-college.ac.uk"," ","has"," resulted in"
"fonefunshop.co.uk","Mormon  church  ","has"," its head"
"rubberturnip.org.uk","  organisation  ","has"," its own"
"cwn.org.uk",", the  employer  ","has"," a statutory"
"constipationadvice.co.uk","  Countries  ","has"," had to be"
"c2c-guide.co.uk","Soviet  phobia  ","has"," driven many of"
"c2c-guide.co.uk","  insurrection  ","has"," revealed"
"bornfree.org.uk","by their  label  ","has"," absolutely"
"disabilitynow.org.uk","the  darkness  ","has"," blinded him. ("
"disabilitynow.org.uk","no  murderer  ","has"," eternal life"
"disabilitynow.org.uk","The motor  home  ","has"," allowed us to"
"esbhhealth.nhs.uk",". Their  home  ","has"," been restored"
"thekeyboard.org.uk"," ","has"," been achieved"
"thekeyboard.org.uk","of  capacity  ","has"," led to"
"thekeyboard.org.uk","each  region  ","has"," a development"
"www1.cardiff.ac.uk","  literature  ","has"," historically"
"iwradio.co.uk","  guidance  ","has"," been produced"
"iwradio.co.uk","  authority  ","has"," a Historic"
"mandarina.co.uk","even the  moon  ","has"," a dark side..."
"mandarina.co.uk","! even the  moon  ","has"," a dark side..."
"mandarina.co.uk","even the  moon  ","has"," a dark side..."
"mandarina.co.uk","even the  moon  ","has"," a dark side..."
"ml-consult.co.uk","which  river  ","has"," academic"
"ml-consult.co.uk",". The  result  ","has"," been a long"
"ml-consult.co.uk",".  Industry  ","has"," more and more"
"ml-consult.co.uk","public  money  ","has"," gone into"
"missinglinkclassichorror.co.uk","for  money  ","has"," been quoted in"
"walterscott.lib.ed.ac.uk","high  school  ","has"," a partner"
"walterscott.lib.ed.ac.uk","  trust  ","has"," just agreed to"
"walterscott.lib.ed.ac.uk","  relationship  ","has"," benefited"
"walterscott.lib.ed.ac.uk","  assistance  ","has"," been moving"
"pearsoned.co.uk","this  country  ","has"," a growing"
"arc-property.co.uk","this  season  ","has"," been so tough,"
"arc-property.co.uk","past 10  years  ","has"," been possible"
"solgar.co.uk","  signpost  ","has"," a moving arm"
"solgar.co.uk",", the  signpost  ","has"," grown from an"
"solgar.co.uk","  version  ","has"," been"
"sndc.demon.co.uk","  government  ","has"," introduced a"
"sndc.demon.co.uk","sector  growth  ","has"," been in"
"sndc.demon.co.uk","sector  growth  ","has"," been in"
"sndc.demon.co.uk","debate.  ippr  ","has"," hired an"
"sndc.demon.co.uk","one  issue  ","has"," been"
"sndc.demon.co.uk","  government  ","has"," not... read"
"sndc.demon.co.uk",".  Government  ","Has"," A Job To Do"
"sndc.demon.co.uk","  Government  ","has"," a job to doJohn"
"nelson-house.co.uk","  conditions  ","has"," rekindled"
"nelson-house.co.uk","space  mission  ","has"," the potential"
"healeyhero.co.uk","civil  service  ","has"," only fuelled"
"healeyhero.co.uk",", the  union  ","has"," reported"
"healeyhero.co.uk","  leadership  ","has"," indicated"
"nwtv.co.uk","), the  serial  ","has"," a strong cast."
"nwtv.co.uk","  trip  ","has"," turned into a"
"nwtv.co.uk","  tape  ","has"," been"
"lhc.org.uk","  fatique  ","has"," really hit"
"iserv.abertay.ac.uk","  collection  ","has"," become very"
"education.bham.ac.uk"," ","has"," outweighed"
"education.bham.ac.uk","the  system  ","has"," not changed"
"education.bham.ac.uk","recent  years  ","has"," been on"
"birdfinders.co.uk","  companies  ","has"," compromised"
"birdfinders.co.uk","two  decades  ","has"," been to design"
"birdfinders.co.uk","  lines  ","has"," been well"
"birdfinders.co.uk","[ 22 ]. No  reply  ","has"," yet come from"
"birdfinders.co.uk","Ready  soya  ","has"," consistently"
"birdfinders.co.uk",".  Everyone  ","has"," assumed such"
"birdfinders.co.uk","  science  ","has"," been"
"advfilms.co.uk","  government  ","has"," a huge role to"
"thetablet.co.uk","it. If the  list  ","has"," an odd number"
"thetablet.co.uk",". If the  list  ","has"," an even number"
"clwww.essex.ac.uk",", the  Company  ","has"," extensive"
"clwww.essex.ac.uk",", the  Company  ","has"," a turnover in"
"clwww.essex.ac.uk","  team  ","has"," an impressive"
"nutrition.org.uk","  ridge  ","has"," been found on"
"nutrition.org.uk","  mission  ","has"," addressed and"
"thenewspaper.org.uk","  recognition  ","has"," taken time to"
"thenewspaper.org.uk","cello, the  CD  ","has"," new"
"swwater.co.uk","  occurrence  ","has"," been possible"
"swwater.co.uk","volume of  data  ","has"," been mainly"
"go.reuters.co.uk","  racism  ","has"," this year"
"go.reuters.co.uk","  co-operation  ","has"," been able to"
"studentcentral.co.uk","  Government  ","has"," also carried"
"studentcentral.co.uk","the  analysis  ","has"," been"
"studentcentral.co.uk","  information  ","has"," been fed into"
"studentcentral.co.uk","where  someone  ","has"," already made"
"sportabroad.co.uk","  development  ","has"," been the"
"sportabroad.co.uk","rare  bulbs  ","has"," been"
"whisperingspirits.co.uk","  approach  ","has"," been"
"whisperingspirits.co.uk",". The  course  ","has"," been running"
"whisperingspirits.co.uk","  programme  ","has"," continued"
"whisperingspirits.co.uk",". Each  day  ","has"," explored a"
"whisperingspirits.co.uk","this  growth  ","has"," accelerated"
"hilton.org.uk",") the  mother  ","has"," a condition"
"res.org.uk","This case  note  ","has"," been prepared"
"res.org.uk","the  contract  ","has"," occurred and"
"res.org.uk","  arbitrator  ","has"," decided. The"
"experiencemad.co.uk",". The  stock  ","has"," languished"
"fire.org.uk","3.8in  screen  ","has"," a broad"
"cistercian-way.newport.ac.uk",", the  price  ","has"," been paid for"
"funk.co.uk","a  hearing  ","has"," proper legal"
"funk.co.uk",". If the  mark  ","has"," been accepted"
"funk.co.uk","  application  ","has"," been"
"funk.co.uk","  application  ","has"," been refused,"
"funk.co.uk","why the  mark  ","has"," been refused,"
"stewardsschool.co.uk","- a new  report  ","has"," revealed. The"
"stewardsschool.co.uk","of the  monarch  ","has"," risen by 4 %,"
"stewardsschool.co.uk",", the  increase  ","has"," been blamed on"
"bordercrossings.org.uk",". The  iPlayer+  ","has"," all the"
"glaucus.org.uk","the head  pain  ","has"," reduced but I"
"glaucus.org.uk","the  doctor  ","has","n''t admitted"
"glaucus.org.uk","time. My  pain  ","has"," increased 100"
"glaucus.org.uk",". My  GP  ","has"," explained and"
"glaucus.org.uk",". My  doctor  ","has"," now put me on"
"glaucus.org.uk","but my  pain  ","has"," reduced"
"glaucus.org.uk","week. My  GP  ","has"," heard very"
"ucreative.ac.uk",". The  team  ","has"," lead"
"garethjmsaunders.co.uk","  relationship  ","has"," all the spark"
"northlight-images.co.uk","  scapegoat  ","has"," always been"
"initiative.co.uk","but this  album  ","has"," wrestled the"
"initiative.co.uk","; The  column  ","has"," been erected"
"initiative.co.uk",", all  hell  ","has"," broken loose"
"initiative.co.uk","that my  review  ","has"," failed to do"
"students.bath.ac.uk","but this  level  ","has"," only weak"
"visionofbritain.org.uk","How many  years  ","has"," it been normal"
"tripadvisor.co.uk","'' The  monarch  ","has"," been"
"midleykent.fsnet.co.uk",". The  closure  ","has"," been forced by"
"midleykent.fsnet.co.uk","and its  shop  ","has"," been manned"
"midleykent.fsnet.co.uk","our own  income  ","has"," declined in"
"ridley.cam.ac.uk","other  facts  ","has"," been stated as"
"ridley.cam.ac.uk","which a  weapon  ","has"," been"
"ridley.cam.ac.uk","  character  ","has"," their"
"windowsproject.demon.co.uk","?  Anecdotage  ","has"," most"
"islaybushcraft.co.uk","Lords  report  ","has"," recommended"
"islaybushcraft.co.uk","  depression  ","has"," really gone"
"deben.co.uk","a  company  ","has"," retained"
"kinnethmont.co.uk",", a new  report  ","has"," claimed. The"
"kinnethmont.co.uk","  education  ","has"," been"
"kinnethmont.co.uk","  data  ","has"," meant that in"
"kinnethmont.co.uk","this  approach  ","has"," the potential"
"kinnethmont.co.uk","  workplaces  ","has"," actually"
"kinnethmont.co.uk",". 3. The  survey  ","has"," been funded by"
"kinnethmont.co.uk","  course  ","has"," been utilised"
"kinnethmont.co.uk",": "" Each  haiku  ","has"," its own"
"kinnethmont.co.uk","the  music  ","has"," been leading"
"kinnethmont.co.uk","added. A  DVD  ","has"," been made to"
"kinnethmont.co.uk","? ?s  funding  ","has"," been raised by"
"kinnethmont.co.uk","that the  event  ","has"," been held in"
"kinnethmont.co.uk","  dignitaries  ","has"," visited Queen"
"qcanet.co.uk","A  publication  ","has"," now been"
"horniman.ac.uk","  system  ","has"," become a mass"
"horniman.ac.uk",". This in  turn  ","has"," thrown"
"francealacarte.org.uk","when the  enemy  ","has"," air"
"francealacarte.org.uk","  party  ","has"," enough assets"
"francealacarte.org.uk","  battalion  ","has"," limited"
"dartmouth.org.uk","protest  site  ","has"," just been"
"staffshousing.org.uk","  laureateship  ","has"," lodged itself"
"rapnews.co.uk","? And the  lady  ","has"," never spoken a"
"landforsale-investment.org.uk","this  area  ","has"," quite a high"
"themagictouch.co.uk","last 11  years  ","has"," seen five"
"themagictouch.co.uk"," ","has"," had a further"
"queens.ox.ac.uk","  readers  ","has"," so far not"
"queens.ox.ac.uk","17 hits my  blog  ","has"," had to date, 10"
"queens.ox.ac.uk",": "" THIS  MAN  ","HAS"," A BLOG. "" So"
"ministryofpropaganda.co.uk","Pile  website  ","has"," been revamped"
"ministryofpropaganda.co.uk","Pile  website  ","has"," recently been"
"bathfringe.co.uk",". The  pen  ","has"," an aluminium"
"digidots.co.uk","which the  fat  ","has"," been removed,"
"jdhooker.org.uk","gas  emissions  ","has"," dropped since"
"jdhooker.org.uk","  growth  ","has"," slowed during"
"koolsun.co.uk","  contribution  ","has"," helped to"
"miketaylor.org.uk","  pack  ","has"," been"
"miketaylor.org.uk","  pack  ","has"," been"
"artifact.ac.uk","that  person  ","has"," something"
"basingstoke.gov.uk","sorta  thing  ","has"," been done many"
"basingstoke.gov.uk","the  missus  ","has"," an Eric Stoltz"
"cs.ucl.ac.uk","its new  filter  ","has"," so far proved"
"dh.gov.uk","  complainant  ","has"," done a"
"dh.gov.uk","  complainant  ","has"," to prove that"
"dh.gov.uk","other  person  ","has"," committed an"
"dh.gov.uk","the  claimant  ","has"," stated that s/"
"dh.gov.uk","the  claimant  ","has"," committed the"
"dh.gov.uk","''s  employment  ","has"," terminated"
"bristolfiesta.co.uk","a  connection  ","has"," been made."
"bristolfiesta.co.uk","a  connection  ","has"," been"
"bristolfiesta.co.uk","the  client  ","has"," logged in."
"lateralscience.co.uk","  world  ","has"," comprised of"
"lateralscience.co.uk","our  culture  ","has"," shaped our"
"lateralscience.co.uk","  welshman  ","has"," an affinity to"
"weatheronline.co.uk","which, in  turn  ","has"," created even"
"rostau.org.uk","a  disaster  ","has"," occurred"
"karibuni.co.uk","  History  ","has"," been the most"
"karibuni.co.uk","much  progress  ","has"," been made My"
"v-e-t-s.co.uk","to our  success  ","has"," been to hold"
"newbury-racecourse.co.uk","when the  fish  ","has"," no cause to be"
"newbury-racecourse.co.uk","when his  fly  ","has"," been taken. """
"saa.co.uk","research  team  ","has"," experience"
"saa.co.uk",". The  approach  ","has"," high food and"
"alcs.group.shef.ac.uk","  project  ","has"," published a"
"derek-hasted.co.uk","another  photo  ","has"," come to my"
"derek-hasted.co.uk","no LIMS  output  ","has"," been released"
"derek-hasted.co.uk","that no  test  ","has"," taken place."
"derek-hasted.co.uk",", no  atrocity  ","has"," been too vile"
"derek-hasted.co.uk","  family  ","has"," powerful"
"derek-hasted.co.uk","the claim  HRW  ","has"," claimed that"
"academics.penguin.co.uk","and  health  ","has"," been one of the"
"academics.penguin.co.uk","  medicine  ","has"," taken place"
"academics.penguin.co.uk","as a  policy  ","has"," not been"
"bmb.leeds.ac.uk","an  employer  ","has"," to justify the"
"bmb.leeds.ac.uk",". The  tribunal  ","has"," the power to"
"bmb.leeds.ac.uk","  task  ","has"," been"
"bmb.leeds.ac.uk","  employment  ","has"," ceased: reg."
"bmb.leeds.ac.uk","the  employer  ","has"," infringed the"
"bmb.leeds.ac.uk",") The  tribunal  ","has"," the power to:"
"sedayne.co.uk","seven  years  ","has"," been rewarded"
"byhandsandfeet.co.uk",": The  company  ","has"," correctly"
"ex-canaries.co.uk","than  £560,000  ","has"," been"
"missinglinkclassichorror.co.uk","  manner  ","has"," been"
"htlc.hants.gov.uk","of this  site  ","has"," built scale"
"periodproperty.co.uk","  government  ","has"," to give"
"freenetpages.co.uk","this new  peace  ","has"," become an"
"freenetpages.co.uk"," ","has"," taken its"
"p-jones.demon.co.uk","). If a  meeting  ","has"," a purpose,"
"frenchconnections.co.uk","a small  resort  ","has"," developed"
"frenchconnections.co.uk","the  region  ","has"," to offer and a"
"asab.icapb.ed.ac.uk","  team  ","has"," produced a"
"pumasoft.co.uk",". This  setup  ","has"," one"
"fanderson.org.uk","case  study  ","has"," three"
"kingkong.demon.co.uk","of  payment  ","has"," been"
"epsr-marx-lenin.co.uk",". Any such  idea  ","has"," its origin, no"
"epsr-marx-lenin.co.uk","  apprehension  ","has"," to do with the"
"epsr-marx-lenin.co.uk"," ","has"," occasionally"
"epsr-marx-lenin.co.uk","a neural  event  ","has"," a wholly"
"epsr-marx-lenin.co.uk","  complexity  ","has"," the"
"epsr-marx-lenin.co.uk","neural  event  ","has"," a mental"
"epsr-marx-lenin.co.uk","  difference  ","has"," to do with the"
"epsr-marx-lenin.co.uk","  constraint  ","has"," so far been no"
"epsr-marx-lenin.co.uk","  hypothesis  ","has"," the"
"epsr-marx-lenin.co.uk","and  passivity  ","has"," to do"
"epsr-marx-lenin.co.uk","  hypothesis  ","has"," to do with"
"epsr-marx-lenin.co.uk","that  action  ","has"," a certain"
"epsr-marx-lenin.co.uk"," ","has"," such a need to"
"epsr-marx-lenin.co.uk"," ","has"," to do, as we can"
"epsr-marx-lenin.co.uk","  account  ","has"," ever been"
"epsr-marx-lenin.co.uk","  perspiration  ","has"," the effect of"
"epsr-marx-lenin.co.uk","that the  cause  ","has"," that effect"
"epsr-marx-lenin.co.uk","of  affairs  ","has"," a causal"
"epsr-marx-lenin.co.uk","  content  ","has"," ever been"
"epsr-marx-lenin.co.uk","which the  will  ","has"," something to"
"epsr-marx-lenin.co.uk","a  determinist  ","has"," no concern"
"epsr-marx-lenin.co.uk",": that  sense  ","has"," been given to"
"longwalls.ncl.ac.uk","this  decision  ","has"," now been"
"longwalls.ncl.ac.uk","if the  carrier  ","has"," undertaken to"
"cronab.demon.co.uk","Your  tendency  ","has",", to its credit"
"cronab.demon.co.uk","  evidence  ","has"," made the"
"lusu.co.uk","  material  ","has"," to be tracked"
"lusu.co.uk","  Scottishness  ","has"," won him parts"
"lusu.co.uk",". The  company  ","has"," been bought"
"lusu.co.uk","over the  world  ","has"," heard of"
"silverprint.co.uk","that no  turn  ","has"," occurred. The"
"silverprint.co.uk","that  turning  ","has"," stopped. The"
"silverprint.co.uk","  movements  ","has"," led to the term"
"silverprint.co.uk","each  aircraft  ","has"," the same"
"silverprint.co.uk","), the  pilot  ","has"," an inaccurate"
"silverprint.co.uk",". The  pilot  ","has"," a strong"
"bodystressrelease.co.uk","the whole  team  ","has"," achieved. """
"go-newfocus.co.uk","race  dates  ","has"," forced the"
"swaine.me.uk","  version  ","has"," been lovingly"
"medical-acupuncture.co.uk","  secretariat  ","has"," repeatedly"
"medical-acupuncture.co.uk","  challenge  ","has"," so far been"
"helo.co.uk",". The  business  ","has"," increased"
"helo.co.uk",". The  business  ","has"," quadrupled in"
"helo.co.uk",". The  company  ","has"," demonstrated"
"helo.co.uk",".  Agreement  ","has"," been reached"
"age-exchange.org.uk","  parking  ","has"," a maximum stay"
"anima.demon.co.uk","  resolution  ","has"," been bumped to"
"anima.demon.co.uk","on the  market  ","has"," grown"
"clientsuccess.org.uk","the  member  ","has"," made a payment"
"clientsuccess.org.uk","in this area  PC  ","has"," spoken to"
"clientsuccess.org.uk","in the  project  ","has"," been passed to"
"clientsuccess.org.uk","  pages  ","has"," disappeared"
"clientsuccess.org.uk","the  member  ","has"," made a payment"
"clientsuccess.org.uk","a  transfer  ","has"," been received"
"clientsuccess.org.uk","  pension  ","has"," not been"
"fleet-tutors.co.uk","lady. "" The  cup  ","has"," slipped twice"
"fleet-tutors.co.uk",""" His  lordship  ","has"," finally"
"fleet-tutors.co.uk",", an old  bishop  ","has"," died there and"
"fleet-tutors.co.uk","a young  bishop  ","has"," been"
"fleet-tutors.co.uk","its  walls  ","has"," been carried"
"fleet-tutors.co.uk","of  warden  ","has"," of course been"
"fleet-tutors.co.uk","the  situation  ","has"," been accepted"
"fleet-tutors.co.uk","Slope ''s  name  ","has"," been"
"fonefunshop.co.uk"," ","has"," been applied"
"livingonboats.co.uk","  membership  ","has"," passed the"
"livingonboats.co.uk","  guide  ","has"," just been"
"extra.rdg.ac.uk","  worksheet  ","has"," a variety of"
"jazzscript.co.uk","Andrew ''s  grit  ","has"," won him a Great"
"jazzscript.co.uk","and the  pain  ","has"," never gone. """
"epic.co.uk","your  message  ","has"," been treated"
"epic.co.uk",", and the  group  ","has"," worked in a"
"victorialily.co.uk","hybrid  trial  ","has"," finished and"
"thepixiepit.co.uk",", the  paper  ","has"," hit back. "" Mr"
"thepixiepit.co.uk","  councillor  ","has"," cause outrage"
"nwsgc.ac.uk","  firm  ","has"," a unique"
"uhlc.org.uk","  language  ","has"," become a"
"uhlc.org.uk","of  language  ","has"," English"
"g1gyc.demon.co.uk","  person  ","has"," been"
"g1gyc.demon.co.uk","  group  ","has"," not yet"
"g1gyc.demon.co.uk","your  group  ","has"," provided"
"lums.lancs.ac.uk","  evidence  ","has"," shown, ("
"lums.lancs.ac.uk","  groups  ","has"," so far been"
"lums.lancs.ac.uk","new  situation  ","has"," arisen. The"
"lums.lancs.ac.uk","  pacification  ","has"," been achieved"
"lums.lancs.ac.uk","the  soldier  ","has"," to fulfill two"
"e-asybudget.co.uk","this  spirit  ","has"," further"
"e-asybudget.co.uk","mess the  maze  ","has"," become."
"e-asybudget.co.uk","WWI  monument  ","has"," a quote by"
"e-asybudget.co.uk","our  Council  ","has"," decided to axe"
"e-asybudget.co.uk",". The  site  ","has"," a unique value"
"e-asybudget.co.uk",". If  something  ","has"," to be built"
"e-asybudget.co.uk","The  park  ","has"," so many"
"e-asybudget.co.uk","that a  notice  ","has"," appeared in"
"e-asybudget.co.uk","that the  park  ","has"," suffered"
"e-asybudget.co.uk","this  process  ","has"," been"
"usenet.org.uk","the paint  work  ","has"," been redone"
"holidaylettings.co.uk",". A new  product  ","has"," been"
"startnowlifecoach.co.uk",", a new  study  ","has"," found. IT"
"startnowlifecoach.co.uk","My  experience  ","has"," been a slow"
"ukcorporator.co.uk","  PE  ","has"," a wide range of"
"brmb.co.uk",". This  page  ","has"," been used to"
"fylde.demon.co.uk","  compulsion  ","has"," been tried is"
"fylde.demon.co.uk","seat belt  use  ","has"," resulted in"
"fylde.demon.co.uk","  Government  ","has"," admitted that"
"fylde.demon.co.uk","  safety  ","has"," improved with"
"fylde.demon.co.uk","No other  study  ","has"," approached"
"edinburghfestivals.co.uk","''. This  figure  ","has"," grown from 14 %"
"edinburghfestivals.co.uk",". The past  year  ","has"," seen the"
"edinburghfestivals.co.uk","1.8.94 the  law  ","has"," required that"
"edinburghfestivals.co.uk","  government  ","has"," banned them"
"edinburghfestivals.co.uk","  council  ","has"," a web-site"
"edinburghfestivals.co.uk","''the  company  ","has"," reassured us"
"culham.ac.uk","  lecturer  ","has"," helped design"
"culham.ac.uk","the  project  ","has"," generated a"
"realclassic.co.uk","that the  site  ","has"," official"
"emco.co.uk",", your  answer  ","has"," always been"
"emco.co.uk","in  services  ","has"," to be brought"
"moneybasics.co.uk","Add to  basket  ","Has"," someone made"
"bordercrossings.org.uk","  industry  ","has"," the skilled"
"bordercrossings.org.uk","The  DWP  ","has"," published its"
"bordercrossings.org.uk","  groups  ","has"," been"
"footy4kids.co.uk","apart The  lid  ","has"," recently been"
"footy4kids.co.uk","life.  History  ","has"," maintained a"
"odpm.gov.uk","level 2  parser  ","has"," correctly"
"odpm.gov.uk","level 2  parser  ","has"," correctly"
"odpm.gov.uk",", the >  element  ","has"," no namespace,"
"odpm.gov.uk",". One  model  ","has"," to win, and"
"artshole.co.uk","Arizona  state  ","has"," contracted"
"artshole.co.uk","the  concept  ","has"," any any real"
"iankitching.me.uk","  someone  ","has"," to do it, in"
"iankitching.me.uk","  schoolgirl  ","has"," swapped her"
"thompsons.law.co.uk","  actress  ","has"," banned her own"
"discountlettingservicedirect.co.uk",". The  campaign  ","has"," uncovered"
"orthodoxengland.btinternet.co.uk",") but the  prize  ","has"," to go to Billy."
"accountability.org.uk",")  genre  ","has"," been twisted"
"accountability.org.uk",". The  genre  ","has"," evolved into"
"accountability.org.uk","of the  show  ","has"," been kind"
"accountability.org.uk","party  game  ","has"," been improved"
"synergy-health.co.uk","  work  ","has"," concentrated"
"pinnacle-digital.co.uk","Smile  week  ","has"," been extended"
"pinnacle-digital.co.uk","  disabilities  ","has"," not improved"
"peteralan.co.uk","rowing  crew  ","has"," been reformed"
"peteralan.co.uk","''s  captain  ","has"," left, we ''re"
"peteralan.co.uk","handy  page  ","has"," mapsto help"
"directgov.gov.uk","  effort  ","has"," proceeded to"
"directgov.gov.uk"," ","has"," been"
"thecaravangallery.co.uk","  team  ","has"," assessed your"
"chem.qmul.ac.uk","  knowledge  ","has"," also been"
"chem.qmul.ac.uk"," ","has"," often"
"chem.qmul.ac.uk","the  action  ","has","? settled ''"
"chem.qmul.ac.uk","an  audience  ","has"," exited. If it"
"newsoftheworld.co.uk","  party  ","has"," whips who try"
"newsoftheworld.co.uk","  information  ","has"," been added"
"newsoftheworld.co.uk","each  party  ","has"," whipped is"
"newsoftheworld.co.uk","in  power  ","has"," had an"
"idler.co.uk","now, the  brain  ","has"," gone "" Stanley"
"idler.co.uk","now, the  brain  ","has"," gone "" Stanley"
"idler.co.uk",". My  daughter  ","has"," recently got"
"idler.co.uk","now, the  brain  ","has"," gone "" Stanley"
"mypharmacy.co.uk","''s  website  ","has"," the ability to"
"combat-diaries.co.uk","  programme  ","has"," transformed"
"psi.org.uk","  architecture  ","has"," been copied by"
"crocus.co.uk","of  taxation  ","has"," also been"
"crocus.co.uk",". What  effects  ","has"," this had on the"
"socialism.org.uk","  government  ","has"," recently made"
"socialism.org.uk","common  score  ","has"," a total"
"socialism.org.uk","if no  progress  ","has"," been made"
"bettybookmark.co.uk","  poetry  ","has"," always been"
"bettybookmark.co.uk","that  charge  ","has"," been the"
"bettybookmark.co.uk",". His  ambition  ","has"," been to make a"
"bettybookmark.co.uk","spoken  word  ","has"," long been one"
"bettybookmark.co.uk","grace of  song  ","has"," fallen."
"epilepsy.org.uk","health  care  ","has"," seen a"
"epilepsy.org.uk",". Some  doubt  ","has"," been"
"ldu.leeds.ac.uk","Mahler in  turn  ","has"," also had a"
"ldu.leeds.ac.uk","''s  music  ","has"," continued to"
"gare.co.uk","the word  print  ","has"," been used in"
"camden.gov.uk","  industry  ","has"," worked hard to"
"milknbiscuits.co.uk","  excellence  ","has"," been patchy"
"milknbiscuits.co.uk","UK  citizen  ","has"," a right to be"
"milknbiscuits.co.uk","digital  TV  ","has"," also been"
"milknbiscuits.co.uk",", the  NHS  ","has"," to work in"
"milknbiscuits.co.uk","  programme  ","has"," already given"
"star.ucl.ac.uk"," ","has"," since been"
"star.ucl.ac.uk","court  ruling  ","has"," left the"
"star.ucl.ac.uk",".  Inquest  ","has"," campaigned"
"star.ucl.ac.uk",". His  research  ","has"," led to a series"
"star.ucl.ac.uk","  theme  ","has"," been that each"
"portset.co.uk","where the  son  ","has"," lost all his"
"portset.co.uk","UK  government  ","has"," stockpiled"
"portset.co.uk","  government  ","has"," started"
"portset.co.uk","  government  ","has"," offered up to"
"pers-www.wlv.ac.uk",". The  badge  ","has"," raised white"
"ace.abertay.ac.uk","  agent  ","has"," an"
"english-online.org.uk","This  company  ","has"," spent the past"
"english-online.org.uk",", this  company  ","has"," been"
"english-online.org.uk","This  company  ","has"," been around"
"english-online.org.uk",", the  staff  ","has"," a total of 50"
"english-online.org.uk","  department  ","has"," won"
"english-online.org.uk","This  company  ","has"," spent the past"
"clinimed.co.uk","at  dogMelon  ","has"," told me a"
"atmedia2005.co.uk",". Your  wealth  ","has"," rotted, and"
"ventris.org.uk","file  upload  ","has","n''t worked, or"
"ventris.org.uk","the field  name  ","has"," an asterisk,"
"ventris.org.uk","  information  ","has"," been uploaded"
"thamesmatch.co.uk",", the  book  ","has"," an ability to"
"crusaders.org.uk","This  centre  ","has"," been"
"nimh.org.uk","of the  money  ","has"," been"
"nimh.org.uk","die but the  war  ","has"," dealt a"
"nimh.org.uk","his  medicine  ","has"," run out. "" If"
"nimh.org.uk","and  sneakers  ","has"," taken up"
"nimh.org.uk","U. S.  military  ","has"," arrested a"
"nimh.org.uk"," ","has"," warned the"
"pe4u.co.uk","this  sector  ","has"," the knowledge"
"autumnidealhomeshow.co.uk","  programmer  ","has"," forgotten"
"autumnidealhomeshow.co.uk","the  compiler  ","has"," made"
"eco.co.uk","  framework  ","has"," been"
"eco.co.uk","  statements  ","has"," been"
"exporteastofengland.org.uk","based  matters  ","has"," taken place"
"exporteastofengland.org.uk",". The  group  ","has"," pioneered"
"exporteastofengland.org.uk","). The  group  ","has"," produced over"
"exporteastofengland.org.uk","and  treatment  ","has"," been pulled"
"exporteastofengland.org.uk","  spread  ","has"," varied from"
"exporteastofengland.org.uk","the  journal  ","has"," been"
"exporteastofengland.org.uk","on the web  site  ","has"," not appeared"
"exporteastofengland.org.uk","Their  support  ","has"," helped us to"
"exporteastofengland.org.uk",". The  NHSE  ","has"," contributing"
"woolworths.co.uk","the  moment  ","has"," come to commit"
"learndirect.co.uk",". Where a  house  ","has"," a terrace or a"
"learndirect.co.uk",", so the  design  ","has"," to blend it in."
"learndirect.co.uk","of the  house  ","has"," a terrace with"
"stone.newton.cam.ac.uk","layout  format  ","has"," been"
"stone.newton.cam.ac.uk","  writing  ","has"," begun. An"
"wolseyartgallery.org.uk","and the  name  ","has"," been in"
"ypressalient.co.uk",". One  example  ","has"," been rekeyed"
"sheffield-collegiate-cc.org.uk","  weather  ","has"," a lot to answer"
"easygates.co.uk","view the  law  ","has"," been"
"easygates.co.uk","  State  ","has"," a similar law."
"barnardos.org.uk",": its  fame  ","has"," spread in a"
"barnardos.org.uk",". This  voice  ","has"," things so"
"coffee-house.org.uk",": This  page  ","has"," been"
"coffee-house.org.uk",".  Inquest  ","has"," been"
"coffee-house.org.uk","  Government  ","has"," declined"
"coffee-house.org.uk",", and  someone  ","has"," applied to"
"gfwi.org.uk","loan  man  ","has"," failed to make"
"spacecentre.co.uk",". The  system  ","has"," a vast range of"
"spacecentre.co.uk","years,  eBay  ","has"," introduced"
"spikemilligan.co.uk","go out...  xmas  ","has"," no "" religious"
"dptac.gov.uk","post.  Nothing  ","has"," ever turned up"
"dptac.gov.uk",", guilty  wait  ","has"," always been a"
"brass.cf.ac.uk","  condition  ","has"," a"
"lancs.ac.uk","Not  everybody  ","has"," the Internet."
"talkingteaching.co.uk","the  mythology  ","has",", like all good"
"article19.co.uk","  bamboo  ","has"," an outside"
"cottontimes.co.uk","this  service  ","has"," been"
"ccpr.org.uk","  edition  ","has"," a Certificate"
"mbdevelopments.co.uk","the  research  ","has"," been"
"mbdevelopments.co.uk","  sedation  ","has"," been"
"lincs.police.uk","a ghost  story  ","has"," in terms of his"
"lincs.police.uk","  railway  ","has"," reduced his"
"lincs.police.uk","  protagonist  ","has"," to remain in"
"barclayfarmhouse.co.uk"," ","has"," deleted your"
"barclayfarmhouse.co.uk","or  someone  ","has"," not"
"barclayfarmhouse.co.uk","(if the  admin  ","has"," enabled this"
"barclayfarmhouse.co.uk",". If  someone  ","has"," already"
"barclayfarmhouse.co.uk","once  someone  ","has"," replied. Back"
"barclayfarmhouse.co.uk"," ","has"," disabled"
"barclayfarmhouse.co.uk"," ","has"," prevented you"
"age-exchange.org.uk","  neighbour  ","has"," all your power"
"atob.org.uk","every  effort  ","has"," been made to"
"cs.nott.ac.uk","  performance  ","has"," been"
"ukspa.org.uk","bit of  sleep  ","has"," taken away the"
"ukspa.org.uk",", lad! The  game  ","has"," only just"
"digidots.co.uk","; our  client  ","has"," grown to be one"
"digidots.co.uk","; our  client  ","has"," grown to be one"
"digidots.co.uk","; our  client  ","has"," grown to be one"
"digidots.co.uk","This  company  ","has"," been around"
"digidots.co.uk","  candidate  ","has"," shipped at"
"digidots.co.uk","  company  ","has"," taken home"
"org.suw.org.uk","the  world  ","has"," ever seen."
"jlcomp.demon.co.uk",", and the  focus  ","has"," always been"
"jlcomp.demon.co.uk","think my  brain  ","has"," an"
"jlcomp.demon.co.uk","a  friend  ","has"," just been"
"compbio.dundee.ac.uk","of  training  ","has"," to be of a very"
"www4.rhbnc.ac.uk","  service  ","has"," a separate"
"www4.rhbnc.ac.uk","the  person  ","has"," freedom of"
"chapmancentral.demon.co.uk","  episode  ","has"," been written"
"chapmancentral.demon.co.uk",". The  party  ","has"," all the Diego"
"chapmancentral.demon.co.uk",". Our  company  ","has"," another"
"chapmancentral.demon.co.uk","Skuds A new  job  ","has"," been created"
"hazlewood-castle.co.uk",". No wiser  man  ","has"," ever walked"
"hazlewood-castle.co.uk","  ''Everyone  ","has"," to take the"
"hazlewood-castle.co.uk","that  no-one  ","has"," worked out how"
"hazlewood-castle.co.uk","  Spaniard  ","has"," a compulsory"
"hazlewood-castle.co.uk","years the  site  ","has"," been up and"
"hazlewood-castle.co.uk",", the  pendulum  ","has"," to swing the"
"bures-online.co.uk",", but the  model  ","has"," been used and"
"compsoc.dur.ac.uk",""" my  husband  ","has"," pancreatitis"
"birminghamfocus.org.uk","  experience  ","has"," taught me that"
"birminghamfocus.org.uk","my time in  bed  ","has"," been spent"
"kneeling.co.uk",". The dog  bed  ","has"," a plump double"
"kneeling.co.uk",", the  cushion  ","has"," a removable"
"kneeling.co.uk",". This dog  bed  ","has"," very high"
"kneeling.co.uk",". This dog  bed  ","has"," very high"
"kneeling.co.uk","deep dog  bed  ","has"," a cream fleece"
"kneeling.co.uk","inner  cushion  ","has"," a waterproof"
"kneeling.co.uk","inner  cushion  ","has"," the willow"
"kneeling.co.uk","inner  cushion  ","has"," the willow"
"freenetpages.co.uk","  killer  ","has"," been quizzed"
"antcarparts.co.uk","  projects  ","has"," added to the"
"antcarparts.co.uk","  reduction  ","has"," been on"
"oudancesport.co.uk","great  house  ","has"," its"
"oudancesport.co.uk","? What  gifts  ","has"," my heavenly"
"oudancesport.co.uk","whose  life  ","has"," been totally"
"scientificmethod.co.uk","therapy  group  ","has"," a higher level"
"scientificmethod.co.uk",". This  study  ","has"," established"
"clientsuccess.org.uk","  discussion  ","has"," its own"
"clientsuccess.org.uk","the  author  ","has"," created to"
"geologywales.co.uk","two  sessions  ","has"," been great."
"scotcourts.gov.uk","fast the  time  ","has"," gone. life"
"starfishproject.freeserve.co.uk","Grey ''s  death  ","has"," long been"
"shrewsbury.gov.uk","of the  press  ","has"," been battered"
"the-philosopher.co.uk",", a little  mony  ","has"," upon a Man ''s"
"torro.org.uk","  ambiguity  ","has"," a venerable"
"torro.org.uk","  artwork  ","has"," skewed"
"torro.org.uk","  inspiration  ","has"," absconded. He"
"torro.org.uk","(where  idiot  ","has"," its ancient"
"oxford-chiltern-bus-page.co.uk",". The  company  ","has"," just launched"
"oxford-chiltern-bus-page.co.uk","X-Men  trilogy  ","has"," been voted"
"oxford-chiltern-bus-page.co.uk","  study  ","has"," found that"
"oxford-chiltern-bus-page.co.uk","  department  ","has"," doubled in"
"monju.pwp.blueyonder.co.uk","  profile  ","has"," increased so"
"monju.pwp.blueyonder.co.uk","Caerleon.  ''It  ","has"," certainly"
"monju.pwp.blueyonder.co.uk",".  ''It  ","has"," saved me any"
"people.co.uk","volume of  work  ","has"," been"
"people.co.uk","much  evidence  ","has"," been adduced"
"people.co.uk","the  moderator  ","has"," frequently"
"people.co.uk","Much  research  ","has"," been"
"people.co.uk","Much  research  ","has"," been carried"
"gorleston-on-sea.co.uk","''s  pancreas  ","has"," healed is very"
"helo.co.uk","Add to  basket  ","Has"," someone made"
"lusu.co.uk","The  site  ","has"," a wide range of"
"lusu.co.uk","  organization  ","has"," about 100"
"englishmonarchs.co.uk",". Each  issue  ","has"," four or five"
"thamesweb.co.uk","  information  ","has"," surfaced in"
"propertypro.co.uk","the  institute  ","has"," never"
"fastcart.co.uk",".  History  ","has"," shown that"
"fastcart.co.uk","every  agent  ","has"," direct"
"royalpioneercorps.co.uk","  statement  ","has"," the general"
"royalpioneercorps.co.uk","  statement  ","has"," the general"
"royalpioneercorps.co.uk","  statement  ","has"," the general"
"royalpioneercorps.co.uk",") test if a  file  ","has"," been opened on"
"ownersdirect.co.uk","that a  sample  ","has"," been"
"ownersdirect.co.uk",". A  method  ","has"," been"
"ownersdirect.co.uk",". This  matter  ","has"," been brought"
"ownersdirect.co.uk","  product  ","has"," now passed its"
"rapnews.co.uk","your  GP  ","has"," given you"
"prime50plus.co.uk","  partnership  ","has"," been properly"
"prime50plus.co.uk","the  partner  ","has"," put in,"
"prime50plus.co.uk","other  party  ","has"," been told that"
"prime50plus.co.uk","the  registrar  ","has"," received a"
"torro.org.uk","their  work  ","has"," been"
"torro.org.uk","whose  claim  ","has"," been refused"
"eurocomms.co.uk","  assessment  ","has"," been prepared"
"eurocomms.co.uk","  Government  ","has"," decided that"
"eurocomms.co.uk","  Government  ","has"," responded to a"
"eurocomms.co.uk","  Government  ","has"," limited"
"eurocomms.co.uk",". This  amount  ","has"," been"
"eurocomms.co.uk","  controller  ","has"," all the"
"eurocomms.co.uk","40 day  limit  ","has"," been"
"eurocomms.co.uk","  information  ","has"," not been"
"eurocomms.co.uk","data  subject  ","has"," a certain"
"eurocomms.co.uk","that the  text  ","has"," not been held"
"eurocomms.co.uk","Note: An  order  ","has"," been made"
"eurocomms.co.uk","  appointments  ","has"," been made."
"alternatetakes.co.uk","''  trike  ","has"," now been"
"numed.co.uk","? this  branch  ","has"," the largest"
"www-tus.csx.cam.ac.uk","of  music  ","has"," evolved over"
"www-tus.csx.cam.ac.uk","reality  music  ","has"," evolved in a"
"www-tus.csx.cam.ac.uk","  music  ","has"," undoubtedly"
"poetrymagic.co.uk","If a  parameter  ","has"," a default"
"mwpickett.co.uk",". The  team  ","has"," produced a map"
"mwpickett.co.uk","(the  human  ","has"," 23 pairs). It"
"mwpickett.co.uk","  sequence  ","has"," transformed"
"sat.dundee.ac.uk",",  Highlander  ","has"," the knowledge"
"birdinghawaii.co.uk","The tech  world  ","has"," been chomping"
"monju.pwp.blueyonder.co.uk","  selection  ","has"," laid down in"
"monju.pwp.blueyonder.co.uk","new  Darwinism  ","has"," emerged as a"
"monju.pwp.blueyonder.co.uk"," ","has"," shown there"
"monju.pwp.blueyonder.co.uk","  consumption  ","has"," led to obesity"
"monju.pwp.blueyonder.co.uk","social  theory  ","has"," proved an"
"monju.pwp.blueyonder.co.uk","past  decade  ","has"," also called"
"monju.pwp.blueyonder.co.uk","  activity  ","has"," led people to"
"monju.pwp.blueyonder.co.uk"," ","has"," also lent"
"torro.org.uk","  government  ","has"," mismanaged"
"torro.org.uk","as a  person  ","has"," stopped"
"bathfringe.co.uk","famous  icon  ","has"," been kept in"
"numed.co.uk","  wisdom  ","has"," it that July"
"goldsmiths.ac.uk","- but all  trace  ","has"," gone now it is a"
"archaeology.co.uk","? The  theatre  ","has"," two"
"the-woods.co.uk","  release  ","has"," already been"
"the-woods.co.uk",". My  favourite  ","has"," got to be the"
"the-woods.co.uk","Insidaz  mix  ","has"," beats very"
"the-woods.co.uk","in my  opinion  ","has"," improved this"
"the-woods.co.uk","This 702  remix  ","has"," definitely"
"the-woods.co.uk","  message  ","has"," sent this tune"
"findachurch.co.uk","to the  king  ","has"," much to teach"
"port.ac.uk","that if a  show  ","has","n''t been"
"jamescowper.co.uk","21st  century  ","has"," begun in"
"jamescowper.co.uk",", the  world  ","has"," not come to an"
"jamescowper.co.uk","  collection  ","has"," been"
"jamescowper.co.uk",". ''This  site  ","has"," been created"
"jamescowper.co.uk",". ''A  church  ","has"," probably"
"elingtidemill.wanadoo.co.uk","  supplier  ","has"," subsequently"
"geo.ed.ac.uk"," ","has"," grown in the"
"geo.ed.ac.uk","  crisis  ","has"," been to"
"huntercampbell.co.uk","subject  pages  ","has"," two further"
"newhumanist.org.uk","the  site  ","has"," averaged over"
"nuffield14-19review.org.uk","75  committee  ","has"," pledged $500"
"spl.org.uk",", the  computer  ","has"," ''got cool"
"spl.org.uk",". The  dad  ","has"," set up a"
"techscribe.co.uk","this  country  ","has"," amongst the"
"christis.org.uk","for the  herd  ","has"," moved on. With"
"christis.org.uk","night  nature  ","has"," ministered"
"christis.org.uk","of the  condor  ","has"," arrived. But"
"christis.org.uk","why the  legend  ","has"," it about the"
"cimhscaretrust.nhs.uk","''; the  sampler  ","has"," as its central"
"cimhscaretrust.nhs.uk","my  wife  ","has"," got the gout,"
"cimhscaretrust.nhs.uk"," ","has"," been proved"
"cimhscaretrust.nhs.uk","further  light  ","has"," been shed on"
"austin-rover.co.uk","firm  action  ","has"," been taken to"
"austin-rover.co.uk","  suggestion  ","has"," been that"
"austin-rover.co.uk","the  region  ","has"," to offer."
"pollick-lab.psy.gla.ac.uk","  outsourcing  ","has"," extended into"
"bristolfiesta.co.uk","of the  level  ","has"," no keycards,"
"zoo.cam.ac.uk","BV  ErgoBrain  ","has"," made it their"
"licc.org.uk","at how the  NHS  ","has"," changed"
"operations.mod.uk"," ","has"," three pillars"
"metro.co.uk",". The  shipyard  ","has"," gone out of"
"metro.co.uk","  hunting  ","has"," become more"
"metro.co.uk","  price  ","has"," been reduced!"
"metro.co.uk","the  property  ","has"," been reduced."
"yourcomputerdepartment.co.uk","UK  VAT  ","has"," to be paid on"
"meccsa.org.uk","major  country  ","has"," a complicated"
"meccsa.org.uk",". The  author  ","has"," given his"
"nuffield14-19review.org.uk","This  site  ","has"," been built to"
"londonblackcabs.co.uk","the  vessel  ","has"," been sold"
"pubs.socialistreviewindex.org.uk","the  guy  ","has"," an Italian"
"3g.co.uk",". "" The  course  ","has"," vastly"
"racinglines.co.uk","so if a  subject  ","has"," more than one"
"macs.hw.ac.uk","  community  ","has"," its own unique"
"art-sx.co.uk","Road. The  road  ","has"," been fully"
"art-sx.co.uk","East  factory  ","has"," increased by"
"art-sx.co.uk","the past  year  ","has"," been boosted"
"austin-rover.co.uk",". Your  father  ","has"," been captured"
"desperateseller.co.uk","? The  surgeon  ","has"," his round of"
"desperateseller.co.uk","say your  mamma  ","has"," told you, my"
"desperateseller.co.uk","of an  hour  ","has"," passed? "" "" You"
"lwtua.free-online.co.uk","  research  ","has"," produced new"
"perriam.demon.co.uk","time a  caller  ","has"," to wait. But"
"perriam.demon.co.uk","outbound  call  ","has"," to call-back,"
"pointlessnostalgic.co.uk","  institution  ","has"," created an"
"civiljusticecouncil.gov.uk","and when  today  ","has"," gone, it has"
"civiljusticecouncil.gov.uk",". Your  health  ","has"," to come first"
"wasteonline.org.uk","  collection  ","has"," grown"
"wasteonline.org.uk","the index  page  ","has"," further"
"animism.org.uk","much  signage  ","has"," spread over"
"animism.org.uk","  landscape  ","has"," two functions"
"animism.org.uk","  landscape  ","has"," a"
"animism.org.uk","public  signs  ","has"," an effect on"
"animism.org.uk","  language  ","has"," value and"
"animism.org.uk","  language  ","has"," emerged as the"
"animism.org.uk","  group  ","has",". Following on"
"animism.org.uk","the  language  ","has"," been"
"animism.org.uk","the  truce  ","has"," come to an end"
"animism.org.uk","  progress  ","has"," been made with"
"animism.org.uk","  issue  ","has"," progressed"
"animism.org.uk",". This  process  ","has"," continued"
"animism.org.uk","  signage  ","has"," to have its"
"animism.org.uk","the  language  ","has"," lost ground"
"animism.org.uk","same  system  ","has"," been used in"
"animism.org.uk","  grant-holder  ","has"," his/ her work"
"animism.org.uk",", the  work  ","has"," on occasion"
"animism.org.uk","  information  ","has"," been gathered"
"geordie.co.uk","Sea  Pilot  ","has"," now completed"
"geordie.co.uk","final  report  ","has"," been"
"hazlewood-castle.co.uk","''t your  driver  ","has"," deceived you;"
"geo.ed.ac.uk","MC5 ''s  story  ","has"," had a"
"star.pst.qub.ac.uk","  Christianity  ","has"," to offer."
"star.pst.qub.ac.uk","This  book  ","has",""
"star.pst.qub.ac.uk","The  choir  ","has"," produced two"
"fatbirds.co.uk","covered  space  ","has"," a free listing"
"medical-acupuncture.co.uk","  behaviours  ","has"," long been"
"shimu.co.uk",". This  female  ","has"," very"
"shimu.co.uk","  juveniles  ","has"," survived to"
"racinglines.co.uk",". The  author  ","has"," done a good job"
"racinglines.co.uk",". The  player  ","has"," to beat"
"hpa.org.uk","as  chairman  ","has"," ended. Second"
"hpa.org.uk","until the  case  ","has"," ended. Staff"
"hpa.org.uk","  application  ","has"," also been"
"william-shakespeare.classic-literature.co.uk","16th)  Oslo  ","has"," surely never"
"rosetti.co.uk","  member  ","has"," been"
"wasteonline.org.uk","  annotation  ","has"," also"
"wasteonline.org.uk","  annotation  ","has"," been"
"wasteonline.org.uk","  dichotomy  ","has"," recently been"
"wasteonline.org.uk",". The  project  ","has"," the following"
"boysstuff.co.uk","  populations  ","has"," often been"
"boysstuff.co.uk","  deaths  ","has"," been to"
"boysstuff.co.uk","  deaths  ","has"," also been"
"nnbtv.dircon.co.uk","This case  note  ","has"," been supplied"
"abbeyghosthunters.co.uk","extra  cast  ","has"," the potential"
"clinicalanswers.nhs.uk","  strategies  ","has"," taken place"
"clinicalanswers.nhs.uk","The APU  sample  ","has"," been split"
"socialistreview.org.uk","  society  ","has"," installed one"
"geog.cam.ac.uk","  runner  ","has"," died in"
"durham21.co.uk","  interests  ","has"," the same"
"mentalhealth.org.uk","where a  spring  ","has"," a dual"
"mentalhealth.org.uk",". The  spring  ","has"," given rise to"
"www1.flatmateclick.co.uk","as  hacking  ","has"," become an"
"www1.flatmateclick.co.uk",". The  raid  ","has"," effectively"
"firedog-design.co.uk","Some  evidence  ","has"," recently"
"firedog-design.co.uk",". This  finding  ","has"," been"
"nuj.org.uk","if this  point  ","has"," really been"
"nuj.org.uk","members ''  club  ","has"," become."
"nuj.org.uk",", the  club  ","has"," very, very few"
"nuj.org.uk","  championship  ","has"," been"
"indielondon.co.uk","the  publisher  ","has"," to sell"
"indielondon.co.uk","the  publisher  ","has"," to sell a copy"
"austin-rover.co.uk","so your  site  ","has"," helped me no"
"intermusica.co.uk","The  programme  ","has"," had an"
"intermusica.co.uk","in some  form  ","has"," always been in"
"intermusica.co.uk","  environment  ","has"," been at least"
"intermusica.co.uk","original  work  ","has"," relevance for"
"caj.org.uk","''s  afterlife  ","has"," proved to be an"
"caj.org.uk","of his  prose  ","has"," been sounded"
"caj.org.uk","but the  letter  ","has"," nothing to do"
"caj.org.uk","-- or  ''someone  ","has"," blundered. ''"
"caj.org.uk",".  Everyone  ","has"," a view of"
"caj.org.uk",".  ''He  ","has"," still the air"
"caj.org.uk",", ''for  illness  ","has"," neither tamed"
"caj.org.uk","  period  ","has"," had more said"
"caj.org.uk","''s  life  ","has"," come to seem"
"perriam.demon.co.uk","for your  light  ","has"," come, And the"
"perriam.demon.co.uk","God ''s  light  ","has"," come and"
"rsf.org.uk",".  Target  ","has"," been"
"console-news.dcemu.co.uk","''s  population  ","has"," more than"
"psni.police.uk","This  service  ","has"," one of two"
"ricoh.co.uk","no  change  ","has"," been proposed"
"ricoh.co.uk","way the  tenant  ","has"," the benefit of"
"ricoh.co.uk","the  landlord  ","has"," prepared an"
"ricoh.co.uk","the  tenant  ","has"," no obligation"
"ricoh.co.uk","a  landlord  ","has"," accepted his"
"dreamnation.fsnet.co.uk","  surgery  ","has"," failed and"
"risa.co.uk","form of  cancer  ","has"," written a play"
"risa.co.uk","  difficulties  ","has"," been awarded a"
"risa.co.uk","  students  ","has"," sought"
"sikhs.org.uk","this  newszine  ","has"," been so late"
"sikhs.org.uk","idle  gossip  ","has"," some basis of"
"unionsquaremusic.co.uk","world  travel  ","has"," resulted in"
"ashmol.ox.ac.uk","  change  ","has"," been the"
"ashmol.ox.ac.uk","  change  ","has"," occurred in"
"ashmol.ox.ac.uk","that  system  ","has"," developed."
"ashmol.ox.ac.uk","  provision  ","has"," lowered the"
"ashmol.ox.ac.uk","this  review  ","has"," concentrated"
"ashmol.ox.ac.uk","This  question  ","has"," been posed in"
"ashmol.ox.ac.uk","the  teacher  ","has"," proved too"
"ashmol.ox.ac.uk","of the  1980s  ","has"," been the"
"ashmol.ox.ac.uk","this  strategy  ","has"," led to the"
"ashmol.ox.ac.uk","  schools  ","has"," increased and"
"brent.gov.uk","  rangefinder  ","has"," to be manually"
"ecb.co.uk",",  research  ","has"," revealed."
"ecb.co.uk","The TV  world  ","has"," been abuzz"
"aut.org.uk","moment to  date  ","has"," to be his"
"aut.org.uk","  track  ","has"," to be the very"
"aut.org.uk","that each  set  ","has"," that ''cutting"
"aut.org.uk",". This new  set  ","has"," been picked up"
"aut.org.uk","the soul  scene  ","has"," been so slow,"
"aut.org.uk","and this  CD  ","has"," a very ''live ''"
"aut.org.uk",". The  album  ","has"," a really"
"aut.org.uk","  soulfulness  ","has"," really"
"aut.org.uk","'', but this  set  ","has"," it ''s own sound"
"aut.org.uk",", this  set  ","has"," a date of 1999"
"aut.org.uk","  compilation  ","has"," been lovingly"
"hypnos.co.uk","  government  ","has"," also"
"hypnos.co.uk",".  Unison  ","has"," issued"
"hypnos.co.uk","  government  ","has"," another aim in"
"hypnos.co.uk","well. ""  Unison  ","has"," contacted"
"hypnos.co.uk","  government  ","has"," stepped up a"
"hypnos.co.uk","  border  ","has"," resulted in"
"hypnos.co.uk","  military  ","has"," refused to"
"hypnos.co.uk","  government  ","has"," declined to"
"hypnos.co.uk",". The  result  ","has"," been tacit"
"cs.ncl.ac.uk","  schedule  ","has"," been paused to"
"isi.salford.ac.uk","room, the  wind  ","has"," started to"
"ea.e-renfrew.sch.uk","the  telescope  ","has"," tracked on the"
"ea.e-renfrew.sch.uk","the  telescope  ","has"," tracked on the"
"viewlondon.co.uk",": This  page  ","has"," been"
"viewlondon.co.uk","  government  ","has"," failed to"
"viewlondon.co.uk","  government  ","has"," dropped plans"
"viewlondon.co.uk","  government  ","has"," said that"
"viewlondon.co.uk","  government  ","has"," accepted they"
"viewlondon.co.uk","  government  ","has"," said that a new"
"viewlondon.co.uk","  government  ","has"," dropped its"
"elrose.demon.co.uk","this  scheme  ","has"," now ended. The"
"ucb.co.uk",", the  name  ","has"," a right to be"
"srs.dl.ac.uk","that the  body  ","has"," been damaged"
"cruisingholidays.co.uk","a  complaint  ","has"," been received"
"cmt.org.uk","Harvard  copy  ","has"," the imprint of"
"childline.org.uk",". The  well  ","has"," long had a"
"kitchen-sinks-taps.co.uk","if  anyone  ","has"," written one,"
"man-v-horse.org.uk","  board  ","has"," been set up to"
"gla.ac.uk","of  slides  ","has"," been produced"
"gla.ac.uk","the  structure  ","has"," been put in"
"hastingspress.co.uk",",  technology  ","has"," its own way of"
"hastingspress.co.uk","in London A  lot  ","has"," been"
"wessexscene.co.uk","  species  ","has"," been"
"i-sis.org.uk","  government  ","has"," refused to"
"i-sis.org.uk","a  decision  ","has"," been taken. """
"headheritage.co.uk","  environment  ","has"," its own"
"headheritage.co.uk","No  government  ","has"," ever tackled"
"headheritage.co.uk","this  vision  ","has"," been produced"
"headheritage.co.uk","years.  Change  ","has"," been - to date -"
"headheritage.co.uk","  environment  ","has"," suffered"
"danorth.fsnet.co.uk","and  erosion  ","has"," shaped them"
"snh.org.uk",", the  project  ","has"," involved"
"snh.org.uk","The  situation  ","has"," therefore"
"snh.org.uk","the  project  ","has"," gradually"
"snh.org.uk",". This  project  ","has"," allowed us to"
"snh.org.uk","  schools  ","has"," emerged most"
"snh.org.uk","  schools  ","has"," become"
"snh.org.uk","every  school  ","has"," the"
"snh.org.uk","  policy  ","has"," cast a"
"snh.org.uk","  experience  ","has"," now been"
"derby.vitalfootball.co.uk","that  everyone  ","has"," a chance to"
"derby.vitalfootball.co.uk","the  meeting  ","has"," ended. The"
"derby.vitalfootball.co.uk","correct  order  ","has"," been"
"3g.co.uk","  placement  ","has"," become a major"
"danorth.fsnet.co.uk","  earthquake  ","has"," been to"
"danorth.fsnet.co.uk",",  Internews  ","has"," never been"
"renux.dmed.ed.ac.uk","  shaft  ","has"," a similar"
"lucas.ucs.ed.ac.uk","piece  band  ","has"," been"
"lucas.ucs.ed.ac.uk","art  project  ","has"," just been"
"lucas.ucs.ed.ac.uk","  table  ","has"," been"
"headheritage.co.uk","Jamaican  self  ","has"," always been"
"headheritage.co.uk",".  Nature  ","has"," finally been"
"cmt.org.uk","to  power  ","has"," itself gone"
"cmt.org.uk","  government  ","has"," recently"
"microsharp.co.uk","  theology  ","has"," answers as"
"microsharp.co.uk","  Christianity  ","has"," to offer. This"
"psycprints.ecs.soton.ac.uk","your  country  ","has"," a reciprocal"
"crawleycricket.co.uk","old. The  guide  ","has"," been produced"
"crawleycricket.co.uk","every  effort  ","has"," been made to"
"kahun.man.ac.uk","the  Church  ","has"," organised and"
"pores.bbk.ac.uk","its  ownership  ","has"," been found"
"ltscotland.org.uk","  programme  ","has"," been running"
"socialistparty.org.uk","  program  ","has"," to be"
"ase.org.uk","  version  ","has"," no annotation"
"ase.org.uk","DVD  version  ","has"," 19 Chapters"
"ase.org.uk","the  client  ","has"," both these new"
"washerhelp.co.uk"," ","has"," to do with its"
"washerhelp.co.uk","the  remark  ","has"," some use. In it"
"washerhelp.co.uk","  comparison  ","has"," to do with the"
"washerhelp.co.uk","latter  world  ","has"," then failed to"
"washerhelp.co.uk","  something  ","has"," a property or"
"washerhelp.co.uk","the  usage  ","has"," helped out"
"washerhelp.co.uk","general  sense  ","has"," concepts and"
"washerhelp.co.uk","the  story  ","has"," something to"
"washerhelp.co.uk"," ","has"," been and is"
"washerhelp.co.uk"," ","has"," to avoid"
"washerhelp.co.uk","that the  thing  ","has"," to be"
"washerhelp.co.uk","to. The  thing  ","has"," to be bigger,"
"washerhelp.co.uk","  difference  ","has"," often been"
"washerhelp.co.uk","the  fact  ","has"," been"
"revolutionary-history.co.uk",". This  battle  ","has"," yet to be"
"pcmlp.socleg.ox.ac.uk","out of  hours  ","has",""
"pcmlp.socleg.ox.ac.uk","model of  care  ","has"," been rolled"
"nomad-online.co.uk","). Each  mosaic  ","has"," its bad pixels"
"hwcp.org.uk","  software  ","has"," gone"
"hwcp.org.uk","  motherboard  ","has"," Serial ATA"
"parenting-forum.org.uk","''s  career  ","has"," been largely"
"applebymanor.co.uk","on the  hands  ","has"," faded at"
"applebymanor.co.uk",". The  bracelet  ","has"," a few light"
"applebymanor.co.uk","and the  case  ","has"," a few light"
"applebymanor.co.uk",". This  watch  ","has"," an ingenious"
"applebymanor.co.uk","at 2. The  back  ","has"," large cuts in"
"applebymanor.co.uk",". This  watch  ","has"," an excellent"
"applebymanor.co.uk",". This  watch  ","has"," an excellent"
"applebymanor.co.uk","winding  crown  ","has"," the Lemania"
"applebymanor.co.uk","outer  chapter  ","has"," a tachometer"
"applebymanor.co.uk","inner  chapter  ","has"," a telemeter"
"applebymanor.co.uk",". The  clock  ","has"," about a 3 day"
"political.co.uk",". His  poetry  ","has"," breathed"
"hfstephens-museum.org.uk","as if a  train  ","has"," somehow like a"
"hfstephens-museum.org.uk","ask if the  bus  ","has"," come yet? Just"
"careers.ed.ac.uk",". A lot of  time  ","has"," passed since"
"northcote.co.uk","No one  factor  ","has"," had a bigger"
"yealm-holidays.co.uk","  language  ","has"," in shaping"
"users.tinyonline.co.uk","its  statement  ","has"," given rise to"
"users.tinyonline.co.uk","Wilson the  man  ","has"," clearly a"
"washerhelp.co.uk","  frame  ","has"," thresholds"
"movethat.co.uk"," ","has"," brought me"
"parenting-forum.org.uk","  article  ","has"," been assigned"
"parenting-forum.org.uk","once a  paper  ","has"," been accepted"
"parenting-forum.org.uk",", once a  paper  ","has"," been"
"parenting-forum.org.uk","a given  paper  ","has"," been """
"chyps.co.uk","The  telescope  ","has"," been designed"
"edu.projects.uwe.ac.uk",". The  watch  ","has"," got a screw"
"edu.projects.uwe.ac.uk","This  movement  ","has"," been used by"
"edu.projects.uwe.ac.uk",". The  watch  ","has"," an elongated"
"edu.projects.uwe.ac.uk",". The  bracelet  ","has"," an outer"
"edu.projects.uwe.ac.uk",". The  watch  ","has"," a beautiful"
"edu.projects.uwe.ac.uk",". The  bracelet  ","has"," a fliplock"
"edu.projects.uwe.ac.uk","! This  watch  ","has"," traveled the"
"industrialnetworking.co.uk","of the  Company  ","has"," authority to"
"industrialnetworking.co.uk","the  Company  ","has"," made"
"industrialnetworking.co.uk","or  tender  ","has"," been"
"industrialnetworking.co.uk","or  tender  ","has"," been"
"industrialnetworking.co.uk","c) the  Company  ","has"," not been"
"industrialnetworking.co.uk","which  work  ","has"," been done on"
"offshoreradio.co.uk","  production  ","has"," a legal"
"offshoreradio.co.uk","many  outside  ","has"," its own"
"hansardsociety.org.uk","''s  licence  ","has"," been"
"mightyleeds.co.uk",", some  work  ","has"," been done with"
"mightyleeds.co.uk","  operations  ","has"," helped to"
"lantra-awards.co.uk","  legislation  ","has"," been made in"
"msc.rl.ac.uk",". Each  book  ","has"," an East"
"garysdetecting.co.uk","  evidence  ","has"," already"
"garysdetecting.co.uk","  everyone  ","has"," and which"
"garysdetecting.co.uk","A: The  project  ","has"," obvious links"
"bulgin.co.uk","  collection  ","has"," provided"
"bulgin.co.uk","shell  theory  ","has"," been used."
"bulgin.co.uk","  systems  ","has"," been tested"
"austin-rover.co.uk","The  company  ","has"," provided a"
"austin-rover.co.uk","  complexity  ","has"," been reduced"
"stuffandnonsense.co.uk","  listener  ","has"," to be active."
"stuffandnonsense.co.uk","for what  radio  ","has"," filtered out"
"chortle.co.uk","usual the  team  ","has"," greatly"
"chortle.co.uk","this  title  ","has"," been"
"chortle.co.uk","  information  ","has"," been"
"menshealth.co.uk",". The  company  ","has"," always been"
"menshealth.co.uk",", the  company  ","has"," confirmed its"
"912register.co.uk","  Government  ","has"," announced"
"kde.me.uk","  producer  ","has"," produced"
"kde.me.uk","many  remixes  ","has"," brought a new"
"kde.me.uk","of the  tune  ","has"," that disco"
"cosmetics.yves-rocher.co.uk","In Your  Eyes  ","has"," resulted in"
"applebymanor.co.uk","''s  climate  ","has"," always varied"
"canalmuseum.org.uk",". The  shipyard  ","has"," gone out of"
"european.faststream.gov.uk","  outcry  ","has"," yet to be heard"
"european.faststream.gov.uk","  timetable  ","has"," been set for"
"racoon.dircon.co.uk","  breakfast  ","has"," a 100ft high"
"racoon.dircon.co.uk","  agreement  ","has"," been signed. ("
"spy.org.uk","power  supply  ","has"," been designed"
"spy.org.uk","the  amplifier  ","has"," enormous"
"spy.org.uk","as the  circuit  ","has"," been set to"
"pores.bbk.ac.uk","light  bulb  ","has"," served"
"pores.bbk.ac.uk","life the  world  ","has"," seemed to be"
"pores.bbk.ac.uk","Waterstone.  s  ","has"," stated"
"pores.bbk.ac.uk","  announcement  ","has"," much more"
"pores.bbk.ac.uk",", my  life  ","has"," changed a lot"
"qnecms.co.uk","that  progress  ","has"," been made,"
"qnecms.co.uk","  generation  ","has"," grown up"
"qnecms.co.uk","on the  neck  ","has"," been eased in"
"qnecms.co.uk"," ","has"," failed to take"
"qnecms.co.uk","  electorate  ","has"," done more than"
"qnecms.co.uk","  electorate  ","has"," been shaken"
"qnecms.co.uk","  electorate  ","has"," never been"
"qnecms.co.uk","and our  Party  ","has"," not proved"
"qnecms.co.uk","and our  Party  ","has"," not proved"
"qnecms.co.uk","  public  ","has"," been"
"qnecms.co.uk","  experience  ","has"," given me a"
"prs-ltsn.leeds.ac.uk","35 mm.  cameras  ","has"," been made by"
"lgf.org.uk",", but if  anyone  ","has"," any comments"
"fullspectrumhealing.co.uk","pp This  book  ","has"," been written"
"ltscotland.org.uk","of  course  ","has"," its own"
"eenet.org.uk","  centre  ","has"," been built on"
"rcr.ac.uk",") If  anyone  ","has"," lost a key on"
"rcr.ac.uk",". If  anyone  ","has"," lost a key on"
"cmis.brighton.ac.uk",". The  cream  ","has"," virtually no"
"cmis.brighton.ac.uk","the green  tea  ","has"," anti-oxidant"
"london-eating.co.uk","all the  world  ","has"," to offer. hugs"
"london-eating.co.uk","  someone  ","has"," stammped on my"
"thegrid.org.uk","the  group  ","has"," physically"
"thegrid.org.uk"," ","has"," been"
"thegrid.org.uk","  situations  ","has"," been"
"torridonmountains.co.uk","on the  right  ","has"," her hair"
"tasi.ac.uk","where the  bank  ","has"," been undercut"
"tasi.ac.uk","to the  river  ","has"," not frighten"
"tasi.ac.uk","that the  fish  ","has"," a chance to see"
"wmin.ac.uk","  treatment  ","has"," been"
"ajb007.co.uk","printed  media  ","has"," worked this"
"ajb007.co.uk","''s  ribbons  ","has"," been informed"
"ajb007.co.uk","  subroutine  ","has"," finished. On"
"ajb007.co.uk",". Our  industry  ","has"," more or less"
"ajb007.co.uk","our  thread  ","has"," hung. The"
"ajb007.co.uk","the  framework  ","has"," well defined"
"ajb007.co.uk","PM  Something  ","has"," been bugging"
"ajb007.co.uk","this  feature  ","has"," been around"
"ajb007.co.uk",", each  section  ","has"," a title. I"
"torridonmountains.co.uk",", 2005 the  site  ","has"," now been moved"
"chechenpress.co.uk",". Each  unit  ","has"," detailed"
"chechenpress.co.uk","  evidence  ","has"," added to our"
"chechenpress.co.uk","  theory  ","has"," been applied"
"chechenpress.co.uk","  definitions  ","has"," arisen around"
"chechenpress.co.uk","  cycle  ","has"," spawned many"
"chechenpress.co.uk",", this  book  ","has"," sold over"
"chechenpress.co.uk","the  author  ","has"," gathered over"
"nationalgallery.org.uk","of  fishing  ","has"," been a complex"
"nationalgallery.org.uk","number of  fish  ","has"," to be priority"
"nationalgallery.org.uk","to  success  ","has"," to be the"
"nationalgallery.org.uk","this  document  ","has"," highlighted"
"homepages.tcp.co.uk","the  deadline  ","has"," now passed."
"activegps.co.uk","  scheme  ","has"," created four"
"activegps.co.uk","sunken  space  ","has"," resulted from"
"activegps.co.uk",". A stone  cross  ","has"," been set into"
"activegps.co.uk",", the  space  ","has"," an entirely"
"activegps.co.uk","  paving  ","has"," been designed"
"activegps.co.uk","art  strategy  ","has"," rankled with"
"activegps.co.uk","in  places  ","has"," not stood up"
"activegps.co.uk","  lighting  ","has"," not been"
"activegps.co.uk","  approach  ","has"," realized the"
"fengshui-ci.co.uk","  professions  ","has"," altered"
"fengshui-ci.co.uk",", the  change  ","has"," been no less"
"fengshui-ci.co.uk","  history  ","has"," left"
"fengshui-ci.co.uk",",  status  ","has"," depended on"
"lums.lancs.ac.uk","our  history  ","has"," been such that"
"lums.lancs.ac.uk","this  dispute  ","has"," had, both in"
"lums.lancs.ac.uk","certain  areas  ","has"," been called"
"northamptonshireobservatory.org.uk","if  network  ","has"," sufficient"
"kahun.man.ac.uk","2005  everyone  ","has"," the chance to"
"kahun.man.ac.uk","  organisation  ","has"," been"
"kahun.man.ac.uk","  Government  ","has"," acknowledged"
"courseworkbank.co.uk","  resistance  ","has"," a number of"
"kde.me.uk","  productivity  ","has"," been found to"
"kde.me.uk","  agribusiness  ","has"," a vested"
"dcs.qmul.ac.uk",", and its  scope  ","has"," been expanded"
"ox.ac.uk","Stimulant  use  ","has"," been"
"ox.ac.uk","Stimulant  use  ","has"," been"
"ox.ac.uk","in  treatment  ","has"," been noted to"
"ox.ac.uk","  medication  ","has"," been"
"ox.ac.uk","  evaluation  ","has"," been limited."
"pores.bbk.ac.uk","in such  sites  ","has"," been"
"pponline.co.uk",". The  watch  ","has"," a screw down"
"pponline.co.uk",". This  watch  ","has"," been used by"
"pponline.co.uk","as the  watch  ","has"," seen very"
"pponline.co.uk",". This  watch  ","has"," been used by"
"pponline.co.uk",". The  watch  ","has"," a screw down"
"pponline.co.uk",". The  watch  ","has"," been well"
"pponline.co.uk",". The  watch  ","has"," a few minor"
"pponline.co.uk",". This  watch  ","has"," been used by"
"pponline.co.uk",". The  watch  ","has"," a few minor"
"ox.ac.uk","now the  choice  ","has"," widened. This"
"ox.ac.uk",". Now the  range  ","has"," been extended"
"ox.ac.uk","Some  flooring  ","has"," an underlay"
"ox.ac.uk","  flooring  ","has"," a special"
"thesun.co.uk",": "" The  course  ","has"," definitely"
"aitc.co.uk","''s  duplicator  ","has"," broken; this"
"pcmlp.socleg.ox.ac.uk"," ","has"," hauled many"
"pcmlp.socleg.ox.ac.uk",", the  study  ","has"," aroused more"
"pcmlp.socleg.ox.ac.uk","The  criticism  ","has"," been partly"
"pcmlp.socleg.ox.ac.uk","  policy  ","has"," been"
"pcmlp.socleg.ox.ac.uk","East  policy  ","has"," not been"
"pcmlp.socleg.ox.ac.uk","  interest  ","has"," dictated"
"pcmlp.socleg.ox.ac.uk","''s  strategy  ","has"," ever carried"
"pcmlp.socleg.ox.ac.uk"," ","has"," been"
"pcmlp.socleg.ox.ac.uk"," ","has"," progressed,"
"pcmlp.socleg.ox.ac.uk",", and the  lobby  ","has"," played a huge"
"pcmlp.socleg.ox.ac.uk","when the  lobby  ","has"," waned. But it"
"pcmlp.socleg.ox.ac.uk","that the  lobby  ","has"," sustained and"
"pcmlp.socleg.ox.ac.uk","  relationship  ","has"," continued to"
"pcmlp.socleg.ox.ac.uk","-Israeli  bond  ","has"," always had its"
"pcmlp.socleg.ox.ac.uk","  scholar  ","has"," described the"
"pcmlp.socleg.ox.ac.uk","; each  country  ","has","? grafted? the"
"pcmlp.socleg.ox.ac.uk","  relationship  ","has"," grown"
"pcmlp.socleg.ox.ac.uk",", a  lobby  ","has"," the power to"
"pcmlp.socleg.ox.ac.uk","which  party  ","has"," been in power,"
"pcmlp.socleg.ox.ac.uk","the  lobby  ","has"," exerted in"
"pcmlp.socleg.ox.ac.uk","  oppression  ","has"," come, very"
"pcmlp.socleg.ox.ac.uk","  councils  ","has"," been"
"pcmlp.socleg.ox.ac.uk","that the  lobby  ","has"," been able to"
"pcmlp.socleg.ox.ac.uk","that the  lobby  ","has"," succeeded for"
"pcmlp.socleg.ox.ac.uk",", if the  person  ","has"," signed an"
"pcmlp.socleg.ox.ac.uk","if > the  person  ","has"," attained the"
"open.ac.uk",").  Tradition  ","has"," it that Jane"
"open.ac.uk","  novel  ","has"," a larger male"
"open.ac.uk",". An  attempt  ","has"," been made in"
"open.ac.uk","period in  view  ","has"," advanced"
"open.ac.uk","  work  ","has"," been traced. 8"
"open.ac.uk","the  mistake  ","has"," been made,"
"open.ac.uk","''s  widow  ","has"," been living on"
"inveresk.co.uk","  laws  ","has"," been held"
"ull.ac.uk","  education  ","has"," been"
"doc.ic.ac.uk","  organisation  ","has"," access to"
"doc.ic.ac.uk",".  Eclectic  ","has"," helped many"
"somewhere.org.uk","  claimant  ","has"," sustained,"
"classic-literature.co.uk",". This  pipette  ","has"," a slow mode"
"classic-literature.co.uk",". This  robot  ","has"," a small"
"classic-literature.co.uk",", the  robot  ","has"," high"
"hud.ac.uk","My  experience  ","has"," been that the"
"admin.cam.ac.uk","  software  ","has"," gone"
"admin.cam.ac.uk","  motherboard  ","has"," Serial ATA"
"refer.nhs.uk","the  venue  ","has"," an"
"neptunepinkfloyd.co.uk","  romance  ","has"," long-lasting"
"cnetwork.co.uk","  Government  ","has"," now agreed to"
"cnetwork.co.uk","  Government  ","has"," improved the"
"londonsalsa.co.uk","  candidate  ","has"," resigned from"
"londonsalsa.co.uk","  contestant  ","has"," thrown"
"londonsalsa.co.uk","like  theory  ","has"," finally"
"londonsalsa.co.uk","  advance  ","has"," put pressure"
"londonsalsa.co.uk","  Abortion  ","has"," once again"
"londonsalsa.co.uk",",  Respect  ","has"," nothing to say"
"gfdl.marxists.org.uk","  meteorite  ","has"," produced"
"mailonsunday.co.uk","The  programme  ","has"," been enabled"
"mailonsunday.co.uk","  system  ","has"," allowed the"
"mailonsunday.co.uk"," ","has"," proven to be"
"mailonsunday.co.uk","the  agents  ","has"," been very"
"psigate.ac.uk",". This  species  ","has"," a rough"
"keele.ac.uk","Art This  site  ","has"," a significant"
"keele.ac.uk","  Government  ","has"," provided"
"keele.ac.uk","  Government  ","has"," also recently"
"keele.ac.uk","these  issues  ","has"," undoubtedly"
"wdm.org.uk","UK  government  ","has"," set ambitious"
"cheng.cam.ac.uk","Indoor  rowing  ","has"," become a mass"
"cheng.cam.ac.uk","indoor  rowing  ","has"," become one of"
"phrases.org.uk",",  everyone  ","has"," WingChun"
"uklug.co.uk",",  nestor  ","has"," or is due to"
"uklug.co.uk","  field  ","has"," recognised"
"uklug.co.uk","this  backlash  ","has"," been the"
"spartacus.schoolnet.co.uk","  guidance  ","has"," been prepared"
"spartacus.schoolnet.co.uk","  guidance  ","has"," been extended"
"spartacus.schoolnet.co.uk","  exercise  ","has"," resulted in"
"neon.co.uk","  software  ","has"," gone"
"neon.co.uk","  motherboard  ","has"," Serial ATA"
"futurelab.org.uk","fit. Her  home  ","has"," become a more"
"futurelab.org.uk","1996. Her  work  ","has"," been"
"bjhc.co.uk",". The  watch  ","has"," sapphire"
"bjhc.co.uk",". The  watch  ","has"," sapphire"
"bjhc.co.uk",". The  watch  ","has"," sapphire"
"bjhc.co.uk",". This  bezel  ","has"," numbers zero"
"bjhc.co.uk",". The  bezel  ","has"," large numbers"
"bjhc.co.uk",". The  case  ","has"," now been made"
"bjhc.co.uk",". The  case  ","has"," now been made"
"bjhc.co.uk",". The  watch  ","has"," sapphire"
"bjhc.co.uk","  function  ","Has"," a 10 hour"
"bjhc.co.uk",". The  dial  ","has"," lovely"
"bjhc.co.uk","elapsed  timer  ","has",""
"bjhc.co.uk","outer  bezel  ","has"," marks to it"
"bjhc.co.uk",". The  bracelet  ","has"," the"
"ics.leeds.ac.uk","and its  colour  ","has"," no"
"thegoodwebguide.co.uk","  science  ","has"," been unable to"
"defra.gov.uk",". The  level  ","has"," a plot too,"
"hm-treasury.gov.uk","  interface  ","has"," been"
"neptunepinkfloyd.co.uk","  competition  ","has"," been a major"
"physiol.ox.ac.uk","as the  writer  ","has"," been dead for"
"www-sedgwick.esc.cam.ac.uk","Duo  processor  ","has"," two execution"
"www-sedgwick.esc.cam.ac.uk","  count  ","has"," increased by"
"kingston.gov.uk","specific  date  ","has"," been booked,"
"kingston.gov.uk","the  booking  ","has"," been"
"kingston.gov.uk","  recipient  ","has"," booked an"
"clieuk.co.uk","in the  crowd  ","has"," ever done"
"kwintessential.co.uk","  option  ","has"," now"
"gfdl.marxists.org.uk","  policy  ","has"," bee agreed by"
"gfdl.marxists.org.uk",". If the  item  ","has"," been"
"gfdl.marxists.org.uk","If the  product  ","has"," been opened or"
"gfdl.marxists.org.uk","credit  bank  ","has"," on file for you"
"gfdl.marxists.org.uk","credit  card  ","has"," been properly"
"gfdl.marxists.org.uk","the  seller  ","has"," received"
"gfdl.marxists.org.uk","  price  ","has"," been paid, go"
"bl.uk","of the  track  ","has"," a tight racing"
"bl.uk",". uk This  track  ","has"," been"
"bl.uk","long the  race  ","has"," to run. All"
"bl.uk","good. The  cafe  ","has"," a high viewing"
"bl.uk","The club  house  ","has"," a fully"
"neptunepinkfloyd.co.uk","). The  artist  ","has"," included the"
"game.co.uk","  review  ","has"," not already"
"www-jcsu.jesus.cam.ac.uk","  humankind  ","has"," made of many"
"www-jcsu.jesus.cam.ac.uk","natural  power  ","has"," allowed new"
"www-jcsu.jesus.cam.ac.uk","or just  nature  ","has"," dismantled it"
"www-jcsu.jesus.cam.ac.uk",". Each  stone  ","has"," different"
"www-jcsu.jesus.cam.ac.uk"," ","has"," been by far the"
"www-jcsu.jesus.cam.ac.uk","a heavy  weight  ","has"," been added to"
"www-jcsu.jesus.cam.ac.uk","  mind  ","has"," missed. To"
"discuss.pressgazette.co.uk","year the  site  ","has"," become a"
"cnetwork.co.uk","critical  work  ","has"," been done on"
"cnetwork.co.uk","but the  site  ","has"," pictures!"
"cnetwork.co.uk","  landscape  ","has"," changed,"
"cnetwork.co.uk",". '' ''My  father  ","has"," primary liver"
"cnetwork.co.uk","  butterfly  ","has"," transparent"
"cnetwork.co.uk","shot the  world  ","has"," ever produced"
"humanism.org.uk","  industry  ","has"," taken a lead,"
"freedomministries.org.uk","  programme  ","has"," been"
"dca.gov.uk","  university  ","has"," purchased"
"dca.gov.uk","  university  ","has"," the following"
"holdthefrontpage.co.uk","a  deadlock  ","has"," occurred. A"
"holdthefrontpage.co.uk","civil  society  ","has"," no"
"holdthefrontpage.co.uk","Civil  society  ","has"," no option but"
"justkampers.co.uk","  weakness  ","has"," led to"
"justkampers.co.uk",",  democracy  ","has"," been absent as"
"warwithoutend.co.uk",", mixed  race  ","has"," always messed"
"futurelab.org.uk",". Human  life  ","has"," glorious"
"fpp.co.uk",", the  mail  ","has"," been"
"pcanswers.co.uk","a few but  hope  ","has"," often been"
"pcanswers.co.uk","  populations  ","has"," become very"
"cabe.org.uk","  government  ","has"," declared"
"cygnus-books.co.uk","The  complaint  ","has"," been """
"cygnus-books.co.uk","  advertiser  ","has"," undertaken"
"cygnus-books.co.uk","""  research  ","has"," shown that at"
"cygnus-books.co.uk","that a  parent  ","has"," discharged"
"cygnus-books.co.uk","  research  ","has"," shown that at"
"history.ac.uk","''s,  trhat  ","has"," the merit of a"
"fortunecity.co.uk","  village  ","has"," cut back"
"phrases.org.uk","  building  ","has"," some"
"phrases.org.uk","life. An  inn  ","has"," probably been"
"classic-literature.co.uk","  industries  ","has"," declined, and"
"classic-literature.co.uk","The  programme  ","has"," been designed"
"lentontimes.co.uk","  emphasis  ","has"," been placed on"
"penguinclassics.co.uk","  profession  ","has"," made some"
"jr2.ox.ac.uk","horror  game  ","has"," Fantasy"
"socialistunitynetwork.co.uk"," ","has"," the following"
"socialistunitynetwork.co.uk","  co-ordinator  ","has"," the same duty"
"socialistunitynetwork.co.uk","Tier 2  service  ","has"," overriding"
"socialistunitynetwork.co.uk","the  client  ","has"," severe mental"
"socialistunitynetwork.co.uk","  co-ordinator  ","has"," the training"
"socialistunitynetwork.co.uk","  misuser  ","has"," not occurred,"
"eprints.gla.ac.uk","of the  city  ","has"," seen York at"
"number-10.gov.uk","  family  ","has"," a long"
"number-10.gov.uk","  society  ","has"," built up, now"
"city.ac.uk","ranting  druid  ","has"," become but an"
"city.ac.uk","little.  ''Gray  ","has"," translated"
"jr2.ox.ac.uk","and  trees  ","has"," restricted"
"hud.ac.uk","  expenditure  ","has"," been recorded"
"dca.gov.uk"," ","has"," no harmful"
"dca.gov.uk","  effects  ","has"," been"
"dca.gov.uk","their  war  ","has"," inflicted"
"dca.gov.uk","the  house  ","has"," burnt down"
"baronage.co.uk","  government  ","has"," a role in"
"wessexscene.co.uk","  prosperity  ","has"," climbed up the"
"wessexscene.co.uk","  group  ","has"," been set up to"
"ics.leeds.ac.uk","  mediation  ","has",""
"ics.leeds.ac.uk",",  mediation  ","has"," more than one"
"brookes.ac.uk","that the  river  ","has"," cut under, it"
"dailymail.co.uk","news  magazine  ","has"," articles on"
"guilfest.co.uk","  synecdoche  ","has"," diminished."
"guilfest.co.uk","''s  reign  ","has"," paid"
"guilfest.co.uk","that a  woman  ","has"," never"
"guilfest.co.uk","hand, the  book  ","has"," much to"
"hrionline.ac.uk","  modification  ","has"," been"
"hrionline.ac.uk","item in the  set  ","has"," been dealt"
"hrionline.ac.uk","  requirement  ","has"," been dealt"
"hrionline.ac.uk","a  project  ","has"," its own"
"hrionline.ac.uk","  requirement  ","has"," been met. Test"
"phrases.org.uk","The  site  ","has"," 1700+ images,"
"paulflynnmp.co.uk","  investor  ","has"," of buying"
"chox.org.uk","  rate  ","has"," only weak, if"
"chox.org.uk","  control  ","has"," any effect on"
"penguinclassics.co.uk",", a  lunatic  ","has"," taken over the"
"penguinclassics.co.uk","a leap of  faith  ","has"," always been"
"big-brother.me.uk","  mix  ","has"," been much more"
"big-brother.me.uk","of  violence  ","has"," dropped off"
"big-brother.me.uk",", but the  city  ","has"," not been"
"big-brother.me.uk","  unemployment  ","has"," long been a"
"big-brother.me.uk","it  services  ","has"," a population"
"big-brother.me.uk","the  situation  ","has"," worsened over"
"big-brother.me.uk","  sectarianism  ","has"," led to"
"big-brother.me.uk","  communities  ","has"," remained"
"big-brother.me.uk","  unemployment  ","has"," become a"
"big-brother.me.uk","  years  ","has"," made"
"big-brother.me.uk","that the  RUC  ","has"," never been an"
"big-brother.me.uk","in  size  ","has"," not been"
"big-brother.me.uk","low  figure  ","has"," fallen back"
"big-brother.me.uk","  legislation  ","has"," now been, in"
"big-brother.me.uk","of  concern  ","has"," been the"
"big-brother.me.uk","the  RUC  ","has"," been"
"big-brother.me.uk","a  complaint  ","has"," not been made"
"big-brother.me.uk","  complaint  ","has"," been made (as"
"big-brother.me.uk","  complaint  ","has"," been made ("
"big-brother.me.uk",". This  change  ","has"," been strongly"
"big-brother.me.uk","  crime  ","has"," so far been"
"big-brother.me.uk","  section  ","has"," been drawn"
"big-brother.me.uk","the  coroner  ","has"," been informed"
"big-brother.me.uk","noted, the  RUC  ","has"," historically"
"big-brother.me.uk","  activity  ","has"," cost the lives"
"big-brother.me.uk","  officers  ","has"," to be the first"
"big-brother.me.uk","  situation  ","has"," developed in"
"big-brother.me.uk","  funerals  ","has"," become an"
"big-brother.me.uk","  situation  ","has"," been"
"big-brother.me.uk",", this  study  ","has"," highlighted"
"big-brother.me.uk","to join the  RUC  ","has"," increased"
"big-brother.me.uk","such  action  ","has",", of course,"
"big-brother.me.uk",". While the  RUC  ","has"," stated it"
"clieuk.co.uk","in this  module  ","has"," two"
"growell.co.uk","NGO  caravan  ","has"," moved on?"
"growell.co.uk","  research  ","has"," shown that"
"ess.uwe.ac.uk","  Evidence  ","has"," emerged that"
"ess.uwe.ac.uk","  diabetes  ","has"," been reaching"
"chester.ac.uk","The  group  ","has"," a wide range of"
"phrases.org.uk","  cycle  ","has"," spawned many"
"phrases.org.uk","  learning  ","has"," tended to"
"phrases.org.uk","learning  sets  ","has"," generated"
"phrases.org.uk","learning  sets  ","has"," generated"
"eta.co.uk","  independence  ","has"," had to be laid"
"eta.co.uk","  independence  ","has"," been"
"hm-treasury.gov.uk",".  Something  ","has"," gone badly"
"spartacus.schoolnet.co.uk"," ","has"," withdrawn"
"spartacus.schoolnet.co.uk","the  legalese  ","has"," caused some"
"spartacus.schoolnet.co.uk","the  singer  ","has"," "" overreacted"
"spartacus.schoolnet.co.uk","God  somebody  ","has"," the balls to"
"spartacus.schoolnet.co.uk","any  artist  ","has"," in todays"
"spartacus.schoolnet.co.uk","God  somebody  ","has"," the balls to"
"spartacus.schoolnet.co.uk","any  artist  ","has"," in todays"
"poetrysociety.org.uk","heroin  use  ","has"," been noted"
"poetrysociety.org.uk","the  issue  ","has"," not been"
"poetrysociety.org.uk",", a  study  ","has"," shown that"
"poetrysociety.org.uk","and  ethnicity  ","has"," shows an"
"poetrysociety.org.uk","mental  health  ","has"," shown how"
"poetrysociety.org.uk"," ","has"," been on the"
"og.dti.gov.uk","  experience  ","has"," conditioned"
"og.dti.gov.uk",":  Experience  ","has"," shown that is"
"og.dti.gov.uk","since  hunting  ","has"," taken place."
"og.dti.gov.uk","lurcher  work  ","has"," always been"
"og.dti.gov.uk","  question  ","has"," been answered"
"og.dti.gov.uk","  federation  ","has"," acted in any"
"og.dti.gov.uk","that  hunting  ","has"," been brought"
"og.dti.gov.uk",", if  hunting  ","has"," been brought"
"og.dti.gov.uk","when the  pack  ","has"," started"
"og.dti.gov.uk","  earths  ","has"," been"
"og.dti.gov.uk","  stopping  ","has"," always been"
"og.dti.gov.uk",".  Hunting  ","has"," to justify"
"og.dti.gov.uk","on  occasions  ","has"," caused that"
"og.dti.gov.uk","terrier  man  ","has"," been given. DR"
"og.dti.gov.uk",": Where the  fox  ","has"," gone to ground"
"og.dti.gov.uk","that  hunting  ","has"," to address,"
"patent.gov.uk",".  Prison  ","has"," a poor track"
"patent.gov.uk",",  prison  ","has"," been"
"patent.gov.uk",". Our  work  ","has"," very wide"
"socialistunitynetwork.co.uk","that a  country  ","has"," the"
"kingston.gov.uk","personal  data  ","has"," been exposed"
"kingston.gov.uk","& Young  saga  ","has"," gone"
"kingston.gov.uk","no evil  policy  ","has"," resulted in a"
"ess.uwe.ac.uk","a  beginner  ","has",", I was able to"
"hacan.org.uk",", our  view  ","has"," been that the"
"hacan.org.uk","that our  work  ","has"," not been"
"jncc.gov.uk","  browser  ","has"," a feature"
"forum.digitalspy.co.uk","63rd  mailing  ","has"," just appeared"
"forum.digitalspy.co.uk","  member-ship  ","has"," risen to 106,"
"forum.digitalspy.co.uk","of French  sf  ","has"," been"
"forum.digitalspy.co.uk","  competition  ","has"," now had 320"
"cygnus-books.co.uk",". The  guide  ","has"," become"
"cygnus-books.co.uk",". Each  site  ","has"," a map with"
"watford3r-pct.nhs.uk","  government  ","has"," its own"
"watford3r-pct.nhs.uk","that the  power  ","has"," been given to"
"watford3r-pct.nhs.uk","each  country  ","has"," its own"
"chox.org.uk","The  ecpr  ","has"," a number of"
"number-10.gov.uk","a  community  ","has"," already had a"
"number-10.gov.uk",""". Its  website  ","has"," a number of"
"number-10.gov.uk",". The  website  ","has"," numerous"
"cain.ulst.ac.uk","  equipment  ","has"," not been well"
"cain.ulst.ac.uk","  assurance  ","has"," to be"
"wdm.org.uk","the  composer  ","has"," been dead for"
"youngminds.org.uk","the  conflict  ","has"," itself"
"youngminds.org.uk","and  violence  ","has"," also had the"
"youngminds.org.uk","Irish  society  ","has"," only just"
"youngminds.org.uk","the  research  ","has"," led to some"
"youngminds.org.uk","  research  ","has"," highlighted"
"youngminds.org.uk"," ","has",""
"youngminds.org.uk",".  Feminism  ","has"," had some"
"youngminds.org.uk",",  feminism  ","has"," been"
"youngminds.org.uk","the main  goal  ","has"," been achieved"
"youngminds.org.uk","  traditions  ","has"," been"
"youngminds.org.uk","labour  market  ","has"," grown very"
"youngminds.org.uk","if the  woman  ","has"," switched from"
"youngminds.org.uk","  organisation  ","has"," a policy of"
"youngminds.org.uk","much  ink  ","has"," been spilt by"
"youngminds.org.uk"," ","has"," much to do with"
"youngminds.org.uk","  organisation  ","has"," in a"
"youngminds.org.uk","their  message  ","has"," been"
"youngminds.org.uk","of the  focus  ","has"," been directed"
"youngminds.org.uk","which  society  ","has"," of various"
"youngminds.org.uk",".  Tradition  ","has"," a lot to do with"
"youngminds.org.uk"," ","has"," to be set in the"
"youngminds.org.uk","  societies  ","has"," clear"
"youngminds.org.uk"," ","has"," already been"
"youngminds.org.uk","  terms  ","has"," been"
"youngminds.org.uk","such  contact  ","has"," a role to play"
"youngminds.org.uk",", this  group  ","has"," attracted"
"youngminds.org.uk","this  class  ","has"," been"
"youngminds.org.uk","unless a  woman  ","has"," personal"
"youngminds.org.uk","  sensitivity  ","has"," a functional"
"youngminds.org.uk","women ''s  lives  ","has"," come out"
"starlink.rl.ac.uk",", the  grant  ","has"," enabled the"
"hm-treasury.gov.uk","2000.  Work  ","has"," continued on a"
"hm-treasury.gov.uk","  database  ","has",": a mySQL"
"kent.ac.uk","the 2002  guide  ","has"," to date"
"gfdl.marxists.org.uk","popular  taste  ","has"," not always"
"gfdl.marxists.org.uk","that every  age  ","has"," seen its"
"gfdl.marxists.org.uk","''. A  genius  ","has"," no chance for"
"bl.uk","services  text  ","has"," been in and out"
"dca.gov.uk","  technology  ","has"," immense"
"politics.guardian.co.uk","  colour  ","has"," been covered"
"www-sedgwick.esc.cam.ac.uk","that any  rave  ","has"," been the worst"
"journalonline.co.uk","? If  anyone  ","has"," a suggestion"
"bubl.ac.uk","''s  illness  ","has"," also led to the"
"bubl.ac.uk","  training  ","has"," been able to"
"ics.leeds.ac.uk","of  Europan  ","has"," been"
"nzstamps.fsnet.co.uk","  compliance  ","has"," been"
"nzstamps.fsnet.co.uk","  technology  ","has"," been used to"
"nzstamps.fsnet.co.uk","SEDS  process  ","has"," also been"
"dca.gov.uk","  student  ","has"," met the Prime"
"dca.gov.uk","  professor  ","has"," been awarded a"
"cain.ulst.ac.uk",", our  guest  ","has"," recommended"
"sitcom.co.uk","this  practice  ","has"," been"
"sitcom.co.uk","''s  choreutics  ","has"," been"
"sitcom.co.uk","  presentation  ","has"," developed out"
"catholic-ew.org.uk","light  source  ","has"," been"
"www-jcsu.jesus.cam.ac.uk","the  building  ","has"," been many"
"incore.ulst.ac.uk","if your  skin  ","has"," been exposed"
"poetrysociety.org.uk","the  process  ","has"," the"
"hedgehogs.gov.uk","  WaterAid  ","has"," made to nine"
"spartacus.schoolnet.co.uk"," ","has"," described"
"spartacus.schoolnet.co.uk","  system  ","has"," failed, there"
"spartacus.schoolnet.co.uk","  rate  ","has"," hit a record"
"spartacus.schoolnet.co.uk","  businesses  ","has"," been"
"spartacus.schoolnet.co.uk","pension  age  ","has"," now been"
"spartacus.schoolnet.co.uk","  Government  ","has"," announced a"
"spartacus.schoolnet.co.uk","gay  workers  ","has"," not"
"guilfest.co.uk","speed  dial  ","has"," a couple of"
"baronage.co.uk","type of  band  ","has"," had an"
"baronage.co.uk",". The  DUP  ","has"," no formal"
"baronage.co.uk","an  analysis  ","has"," the effect of"
"baronage.co.uk","  project  ","has",", gone some way"
"baronage.co.uk","this  research  ","has"," tried to show,"
"baronage.co.uk","  environment  ","has"," a direct"
"kingston.gov.uk",". The  series  ","has"," since been"
"icnewcastle.icnetwork.co.uk","in the  economy  ","has"," been"
"city.ac.uk","of the  album  ","has"," the narrator"
"gmp.police.uk","  observatory  ","has"," been"
"physiol.ox.ac.uk","  officer  ","has"," told a"
"psigate.ac.uk","  content  ","has"," been checked"
"dca.gov.uk","  legend  ","has"," of recent"
"dca.gov.uk","as "" The  bishop  ","has"," objected to"
"growell.co.uk","  anatomy  ","has"," become a"
"growell.co.uk",". "" Each  child  ","has"," his own"
"growell.co.uk","''s  family  ","has"," been reliant"
"growell.co.uk","''s food  relief  ","has"," been erratic."
"observer.guardian.co.uk","This  document  ","has"," been compiled"
"headheritage.co.uk",",  gefilte  ","has"," survived all"
"nottingham.ac.uk","FE  teachers  ","has"," become the"
"nottingham.ac.uk","  contexts  ","has"," much wider"
"ff1600.co.uk","  orientation  ","has"," an actual"
"baronage.co.uk","set of  genes  ","has"," a diverse"
"baronage.co.uk","- this  strain  ","has"," six that make"
"baronage.co.uk"," ","has"," recognizable"
"kierenmccarthy.co.uk",", but  history  ","has"," also shown"
"kierenmccarthy.co.uk","  industry  ","has"," one of the"
"kierenmccarthy.co.uk","  Government  ","has"," announced."
"kierenmccarthy.co.uk","  Government  ","has"," fulfilled its"
"kierenmccarthy.co.uk","  training  ","has"," been"
"kierenmccarthy.co.uk","of  recruits  ","has"," been the"
"kierenmccarthy.co.uk","  everybody  ","has"," equal access"
"kierenmccarthy.co.uk","much  progress  ","has"," been made on"
"taxfreegold.co.uk","Iraqi  regime  ","has"," frozen all the"
"ess.uwe.ac.uk","standard  lens  ","has"," a good macro"
"bubl.ac.uk","  frame  ","has"," thresholds"
"city.ac.uk","a  user  ","has"," in engaging"
"city.ac.uk","variable  mood  ","has"," a number of"
"city.ac.uk","a  researcher  ","has"," the tools they"
"cygnus-books.co.uk","that our  sin  ","has"," broken our"
"cygnus-books.co.uk","wrath. Our  sin  ","has"," placed an"
"ysbl.york.ac.uk","  something  ","has"," gone rather"
"ysbl.york.ac.uk","before  reason  ","has"," a chance to"
"birdtours.co.uk","the  world  ","has"," a future free"
"birdtours.co.uk","  climate  ","has"," been modelled"
"history.ac.uk","  experience  ","has"," led me to a"
"history.ac.uk","logic  gate  ","has"," a rise/ fall"
"history.ac.uk","  university  ","has"," a lot on its"
"sitcom.co.uk","these  objects  ","has"," sometimes"
"sitcom.co.uk","  group  ","has"," built a"
"www-sedgwick.esc.cam.ac.uk","the  internet  ","has"," gone back home"
"ebi.ac.uk",". Hi  everybody  ","Has"," anyone else"
"ebi.ac.uk","I am a  governor  ","has"," put in ramps,"
"catholic-ew.org.uk","  composers  ","has"," placed some"
"snh.org.uk","  group  ","has"," started up,"
"allotment.org.uk","The  framework  ","has"," been designed"
"ess.uwe.ac.uk",", the  watch  ","has"," to be sent to"
"ess.uwe.ac.uk","  service  ","has"," a double price"
"uklug.co.uk","  attempt  ","has"," not yet been"
"uklug.co.uk","  standard  ","has"," not been"
"jr2.ox.ac.uk","a huge  galleon  ","has"," come to anchor"
"jr2.ox.ac.uk","  corporation  ","has"," provided no"
"visitsouthwest.co.uk","each  user  ","has"," two"
"irr.org.uk","  handler  ","has"," been called."
"irr.org.uk","|  child  ","has"," exited |"
"irr.org.uk","| traced  child  ","has"," trapped |"
"irr.org.uk","|  child  ","has"," stopped |"
"irr.org.uk","stopped  child  ","has"," continued |"
"i-sis.org.uk",", rod and  line  ","has"," its limits."
"ess.uwe.ac.uk",""" The  course  ","has"," definitely"
"ess.uwe.ac.uk","  thought  ","has"," been given to"
"rcpbml.org.uk","  studies  ","has"," grown"
"growell.co.uk",". The  word  ","has"," also come to"
"growell.co.uk","). This  system  ","has"," survived to"
"growell.co.uk","of these  aims  ","has"," been realised"
"growell.co.uk","  costume  ","has"," been handed"
"jncc.gov.uk","  INCORE  ","has"," benefited"
"phrases.org.uk","level the  user  ","has"," selected in"
"growell.co.uk",", no  case  ","has"," come to light"
"allotment.org.uk","  movement  ","has"," maintained"
"allotment.org.uk","another  city  ","has"," been "" taken, """
"allotment.org.uk","  room  ","has"," the equipment"
"allotment.org.uk","in  conflict  ","has"," taught us that"
"allotment.org.uk","US  military  ","has"," placed a ban on"
"tandf.co.uk","the  author  ","has"," no problems"
"tandf.co.uk",". Such a  fact  ","has"," some"
"tandf.co.uk","the  novel  ","has","? by the author"
"tandf.co.uk","no  evidence  ","has"," been"
"cpgb.org.uk","  information  ","has"," proved"
"cpgb.org.uk","the  latter  ","has"," been"
"cpgb.org.uk","  traditions  ","has"," increased"
"cpgb.org.uk","family  unit  ","has"," always been at"
"cpgb.org.uk","  century  ","has"," become an icon"
"cpgb.org.uk",". '' ''The  work  ","has"," literary"
"refer.nhs.uk",". The  lodge  ","has"," been run and"
"refer.nhs.uk","and  pressure  ","has"," not arrived"
"baronage.co.uk",". The  work  ","has"," progressed"
"baronage.co.uk","''  gallery  ","has"," been"
"baronage.co.uk","the top  site  ","has"," recently been"
"thegoodwebguide.co.uk",", the  motorway  ","has"," cut it off from"
"thegoodwebguide.co.uk","to other  areas  ","has"," created a """
"ariadne.ac.uk",". The  time  ","has"," come to"
"education.independent.co.uk","  language  ","has"," achieved"
"education.independent.co.uk","  discretion  ","has"," sometimes"
"education.independent.co.uk","  attitude  ","has"," discouraged"
"education.independent.co.uk",", but the  issue  ","has"," only reached"
"education.independent.co.uk","  Government  ","has"," so far not been"
"education.independent.co.uk",". This  problem  ","has"," dogged"
"education.independent.co.uk","public  life  ","has"," yet to gain"
"education.independent.co.uk","legal  systems  ","has"," sparked"
"education.independent.co.uk","  government  ","has"," given"
"education.independent.co.uk","of  balance  ","has"," to be struck."
"education.independent.co.uk","recent  years  ","has"," issued"
"education.independent.co.uk","  documents  ","has"," tended to be"
"education.independent.co.uk","""  Welsh  ","has"," been molded to"
"education.independent.co.uk","  government  ","has"," refused to"
"education.independent.co.uk","  language  ","has"," long been the"
"education.independent.co.uk","  government  ","has"," never enacted"
"education.independent.co.uk","or  tribunal  ","has"," a"
"fitz.cam.ac.uk",". If the  bully  ","has"," not changed he"
"fitz.cam.ac.uk","that  everyone  ","has"," not already"
"fitz.cam.ac.uk",". Poor  bloke  ","has"," to live with"
"fitz.cam.ac.uk","the  committee  ","has"," to retire to"
"man.ac.uk","  operator  ","has"," announced the"
"man.ac.uk","The  network  ","has"," now launched"
"man.ac.uk","  captain  ","has"," signed up to"
"robertmoir.co.uk",", whose  heart  ","has"," not beaten"
"cls.ioe.ac.uk","  protection  ","has"," already been"
"cls.ioe.ac.uk","the  claimant  ","has"," been"
"cls.ioe.ac.uk","  decision  ","has"," not been made"
"cls.ioe.ac.uk",". The  claimant  ","has"," the right to be"
"realclassic.co.uk","  complex  ","has"," one of the"
"petplanet.co.uk","  principle  ","has"," been examined"
"petplanet.co.uk","if an  offence  ","has"," been"
"livegroup.co.uk","''s  passing  ","has"," left us all a"
"turningtools.co.uk","  music  ","has"," been composed"
"periodproperty.co.uk","'' The  response  ","has"," been"
"periodproperty.co.uk","  science  ","has"," not been taken"
"periodproperty.co.uk","  theory  ","has"," never been"
"periodproperty.co.uk","fruitful  work  ","has"," come out. So"
"periodproperty.co.uk",". The  author  ","has"," given her"
"publications.oxfam.org.uk","  hunting  ","has"," become more"
"publications.oxfam.org.uk","  price  ","has"," been reduced!"
"publications.oxfam.org.uk","the  property  ","has"," been reduced."
"publications.oxfam.org.uk","the  document  ","has"," to be sent to my"
"publications.oxfam.org.uk","Capital  Gains  ","has"," to be assessed"
"publications.oxfam.org.uk","- the  master  ","has"," walk-in"
"ids.ac.uk","  countries  ","has"," been low or"
"orbitsw.co.uk","The start  room  ","has"," a nicely"
"orbitsw.co.uk","the  player  ","has"," to keep an eye"
"durhamcathedral.co.uk","of bird  flu  ","has"," been found in"
"exhilaration.co.uk",".  Experience  ","has"," shown that"
"exhilaration.co.uk","  practice  ","has"," sparked many"
"exhilaration.co.uk",". Other  work  ","has"," explored how"
"exhilaration.co.uk",".  Experience  ","has"," shown that"
"exhilaration.co.uk","  spotlight  ","has"," faded. Make"
"exhilaration.co.uk","  governance  ","has"," the potential"
"exhilaration.co.uk","  Experience  ","has"," shown"
"princelyrics.co.uk","is that the  NHS  ","has"," a limited"
"princelyrics.co.uk","(the  latter  ","has"," also suffered"
"princelyrics.co.uk","for  health  ","has"," created"
"victoriasbeauty.co.uk","  working  ","has"," been"
"victoriasbeauty.co.uk","""  Flexibility  ","has"," become the"
"victoriasbeauty.co.uk","of  Reading  ","has"," found that"
"languagesabroad.co.uk",", this  story  ","has"," a happy ending"
"fie.org.uk",". This  concept  ","has"," fuelled a"
"fie.org.uk","  service  ","has"," been far from"
"fie.org.uk","  management  ","has"," to realise"
"theatreguidelondon.co.uk",". The  system  ","has"," been widely"
"theatreguidelondon.co.uk","  programme  ","has"," 5 aspects:"
"theatreguidelondon.co.uk","  scheduler  ","has"," to deal with"
"ntu.ac.uk","of the  public  ","has"," heard of the"
"ntu.ac.uk","  Government  ","has"," until 2006 to"
"churchinwales.org.uk",". The  shipyard  ","has"," gone out of"
"evuk.co.uk",". The  boy  ","has"," no protection"
"evuk.co.uk","sports  centre  ","has"," a place to"
"prochoiceforum.org.uk","a domestic  cat  ","has"," walked across"
"thenortheast.fsnet.co.uk","  committee  ","has"," just"
"education.bham.ac.uk","  site  ","has"," now become"
"officiallondontheatre.co.uk","by  Freemasons  ","has"," been"
"visionofbritain.org.uk","CPAS the  hunt  ","has"," provided an"
"visionofbritain.org.uk","with  hounds  ","has"," more horses"
"railart.co.uk","  professor  ","has"," been awarded a"
"westyorkshire.police.uk","the  public  ","has"," online access"
"westyorkshire.police.uk","  organisation  ","has"," been very"
"westyorkshire.police.uk","  project  ","has",", however,"
"rapidsar.org.uk","local  Library  ","has"," information"
"historylearningsite.co.uk","!  Everybody  ","has"," great"
"historylearningsite.co.uk","each  advert  ","has"," some kind of"
"youngresources.co.uk","in  prisons  ","has"," spent time as"
"setdanceteacher.co.uk","  fly  ","has"," no weight."
"setdanceteacher.co.uk","this  book  ","has"," its faults, it"
"famousquotes.me.uk","the  suspect  ","has"," committed a"
"smart.co.uk","  achievement  ","has"," got to be"
"smart.co.uk",",  everything  ","has"," always"
"smart.co.uk","in the  band  ","has"," a strong"
"martialedge.co.uk",". His  style  ","has"," two"
"martialedge.co.uk","of her  time  ","has"," been spent"
"martialedge.co.uk","organ  groove  ","has"," been in full"
"martialedge.co.uk","  industry  ","has"," shown to this"
"the-fan.co.uk","  repression  ","has"," created a"
"spa.ex.ac.uk","real  progress  ","has"," been made over"
"constipationadvice.co.uk","  quality  ","has"," been"
"constipationadvice.co.uk","no  genome  ","has"," been 100 %"
"constipationadvice.co.uk","  information  ","has"," been"
"jbe.gold.ac.uk","''s  condition  ","has"," not been"
"lawblog.uea.ac.uk","  convention  ","has"," starring role"
"lawblog.uea.ac.uk","  material  ","has"," seeped into"
"germany.co.uk","  euro-ready  ","has"," given us the"
"realclassic.co.uk","tech  giant  ","has"," announced a"
"realclassic.co.uk","US DVR  maker  ","has"," added a"
"realclassic.co.uk","The  company  ","has"," released a"
"realclassic.co.uk","movie  studio  ","has"," pushed back"
"woodbridgeproductions.co.uk","btw, my  money  ","has"," been"
"sfeu.ac.uk","past  decade  ","has"," been a"
"sfeu.ac.uk","  question  ","has"," always come up"
"blueboxcomms.co.uk","spindle  hole  ","has"," been dinked"
"blueboxcomms.co.uk","  bite  ","has"," been taken"
"fairy-tales.classic-literature.co.uk","If this  window  ","has"," a back button -"
"fairy-tales.classic-literature.co.uk","If this  window  ","has"," no back button"
"fairy-tales.classic-literature.co.uk","If this  window  ","has"," a back button -"
"fairy-tales.classic-literature.co.uk","If this  window  ","has"," no back button"
"britishdruidorder.co.uk","  maintenance  ","has"," nothing to do"
"orbitbooks.co.uk",". Each  product  ","has"," it ''s own"
"financial-ombudsman.org.uk",". A  revision  ","has"," placed this"
"andsoitbegins.co.uk","prior  notice  ","has"," been given and"
"mehbooba.co.uk","  anyone  ","has"," ever noticed."
"asylumsupport.org.uk","PM The  damage  ","has"," been done,"
"weatheronline.co.uk","human  history  ","has"," favoured"
"weatheronline.co.uk","COX  haplotype  ","has"," been"
"businessmatch.org.uk","  services  ","has"," been"
"lang.ltsn.ac.uk","of the  dial  ","has"," a honeycomb"
"lang.ltsn.ac.uk","six. The  watch  ","has"," an automatic"
"lang.ltsn.ac.uk",". The  watch  ","has"," two separate"
"nhsplus.nhs.uk","  changeover  ","has"," been seamless"
"nhsplus.nhs.uk","  transparency  ","has"," meant that"
"nhsplus.nhs.uk","trade in  euro  ","has"," meant that we"
"amd.uwe.ac.uk","  Government  ","has"," recently"
"westyorkshire.police.uk",". If  anyone  ","has"," any"
"portsmouthwater.co.uk",".  Utopia  ","has"," developed a"
"portsmouthwater.co.uk",", and the  work  ","has"," both been a way"
"voice-online.co.uk","the  opponent  ","has"," licensees in"
"chester.gov.uk","This  site  ","has"," been designed"
"trichotillomania.co.uk","), the  DVD  ","has"," an SRP of"
"trichotillomania.co.uk","issue. The  KSM  ","has"," also teamed up"
"pensionsworld.co.uk","of  decline  ","has"," considerably"
"pensionsworld.co.uk","this  trend  ","has"," been"
"pensionsworld.co.uk","  education  ","has"," had important"
"vetschool.bris.ac.uk","  community  ","has"," also recently"
"vetschool.bris.ac.uk","  sector  ","has"," changed"
"caledonian.ac.uk",". The  video  ","has"," been online"
"caledonian.ac.uk","the modern  art  ","has"," now gone to the"
"caledonian.ac.uk","The best  title  ","has"," to be a"
"caledonian.ac.uk","  re-release  ","has"," been"
"caledonian.ac.uk",", but this  song  ","has"," the biggest"
"key-arts.co.uk","  program  ","has"," been"
"tribes.co.uk",". This  tag  ","has"," no"
"tribes.co.uk","opening  tag  ","has"," "" space slash """
"tribes.co.uk","  someone  ","has"," written, or a"
"tribes.co.uk","  construction  ","has"," gone crackers"
"economie.co.uk","in  euro  ","has"," allowed us to"
"economie.co.uk","trade in  euro  ","has"," created a"
"brass.cf.ac.uk","  tribunal  ","has"," received no"
"brass.cf.ac.uk","of a  tribunal  ","has"," not"
"brass.cf.ac.uk","This  document  ","has"," been produced"
"brass.cf.ac.uk","  relations  ","has"," been"
"brass.cf.ac.uk","to the  parades  ","has"," been"
"brass.cf.ac.uk","the  parade  ","has"," been a central"
"brass.cf.ac.uk","the  parade  ","has"," been banned"
"brass.cf.ac.uk","  community  ","has"," led both to an"
"brass.cf.ac.uk","  politics  ","has"," reduced the"
"brass.cf.ac.uk","  issue  ","has"," proved"
"brass.cf.ac.uk","  disputes  ","has"," a number of"
"new.wales.gov.uk","  agents  ","has"," been"
"new.wales.gov.uk","The  work  ","has"," attracted the"
"new.wales.gov.uk",". The  study  ","has"," encouraged"
"g8.gov.uk","- A hand  injury  ","has"," ruled out Joe"
"g8.gov.uk","  commitee  ","has"," approved tthe"
"marine.gov.uk","value. The  fox  ","has"," an impact on"
"marine.gov.uk","lost.  Hunting  ","has"," a proud"
"evuk.co.uk","and the  time  ","has"," come for"
"evuk.co.uk","  everyone  ","has"," freedom of"
"evuk.co.uk","Danish  paper  ","has"," hurt millions"
"walterscott.lib.ed.ac.uk","the  meaning  ","has"," been retained"
"src.le.ac.uk","  practice  ","has"," to say that it"
"visionofbritain.org.uk","  delegation  ","has"," already met"
"officiallondontheatre.co.uk","the  book  ","has"," a therapeutic"
"daydreamnation.co.uk",". Our  website  ","has"," information"
"redking.co.uk","the  medium  ","has"," on the way we"
"gothicimage.co.uk","our sex  life  ","has"," been amazing!"
"victorianartinbritain.co.uk","pilot  site  ","has"," been provided"
"victorianartinbritain.co.uk","pilot  site  ","has"," made a"
"victorianartinbritain.co.uk",". The  process  ","has"," been"
"victorianartinbritain.co.uk","ETO  process  ","has"," led to closer"
"victorianartinbritain.co.uk","  format  ","has"," a care plan"
"victorianartinbritain.co.uk","  formats  ","has"," facilitated"
"victorianartinbritain.co.uk","pilot  site  ","has"," succeeded in"
"victorianartinbritain.co.uk",". The  pilot  ","has"," also:"
"victorianartinbritain.co.uk","the ETO  Pilot  ","has"," been working"
"victorianartinbritain.co.uk",". The  pilot  ","has"," developed a"
"victorianartinbritain.co.uk",". The  pilot  ","has"," drafted a"
"victorianartinbritain.co.uk","- eg  everyone  ","has"," the same"
"victorianartinbritain.co.uk","  pilot  ","has"," been"
"phoenixs.co.uk","the  company  ","has"," borrowed. The"
"phoenixs.co.uk","the  firm  ","has"," borrowed and"
"questors.org.uk","music,  mfiles  ","has"," been able to"
"palimpsest.org.uk","  majority  ","has"," all the power:"
"palimpsest.org.uk","of a  contract  ","has"," profound"
"palimpsest.org.uk"," ","has"," a"
"palimpsest.org.uk","that the  wheel  ","has"," gone round"
"palimpsest.org.uk",". But  no-one  ","has"," any sympathy"
"cs.bris.ac.uk","  community  ","has"," cultivated a"
"cs.bris.ac.uk","  service  ","has"," been ceded to"
"cs.bris.ac.uk","  base  ","has"," likely played"
"cs.bris.ac.uk","this  resource  ","has"," been designed"
"cs.bris.ac.uk","  community  ","has"," been a"
"cs.bris.ac.uk","  community  ","has"," offered two"
"cs.bris.ac.uk","  management  ","has"," been"
"cs.bris.ac.uk","  information  ","has"," been gathered"
"cs.bris.ac.uk","  resource  ","has"," been"
"cs.bris.ac.uk","once a  profile  ","has"," been created"
"cs.bris.ac.uk","of the  project  ","has"," yet to be"
"cs.bris.ac.uk","  system  ","has"," been folded"
"cs.bris.ac.uk","  application  ","has"," the ability to"
"cs.bris.ac.uk","  tool  ","has"," yet to be"
"andypreece.co.uk","  development  ","has"," been thought"
"andypreece.co.uk","the  program  ","has"," been provided"
"andypreece.co.uk",", world  music  ","has"," entered its"
"andypreece.co.uk","if its  quality  ","has"," changed). The"
"andypreece.co.uk","their  message  ","has"," reached the"
"andypreece.co.uk","single  person  ","has"," collected"
"andypreece.co.uk",", the  composer  ","has"," made the idiom"
"andypreece.co.uk","the  composer  ","has"," delved into"
"andypreece.co.uk",", shape or  form  ","has"," still to deal"
"robertmoir.co.uk","the  operation  ","has"," no effect. The"
"robertmoir.co.uk","this  laptop  ","has"," 1 Gb of RAM and"
"wpbschoolhouse.btinternet.co.uk","  involvement  ","has"," had important"
"wpbschoolhouse.btinternet.co.uk","  children  ","has"," been found to"
"teamtechnology.co.uk",", this  street  ","has"," so few houses,"
"martynmission.cam.ac.uk","  chromosome  ","has"," been"
"martynmission.cam.ac.uk","of these  gaps  ","has",""
"bc.bangor.ac.uk","says my  mind  ","has"," gone away I see"
"lums.lancs.ac.uk","  parliament  ","has"," never been"
"lums.lancs.ac.uk",". A  candidate  ","has"," the right to"
"lums.lancs.ac.uk",". The  limit  ","has"," been now set so"
"lums.lancs.ac.uk",". Any  excess  ","has"," to be paid by"
"foundationtv.co.uk","  evidence  ","has"," emerged on the"
"foundationtv.co.uk","  environment  ","has"," little if any"
"foundationtv.co.uk","  modification  ","has"," become a goal"
"foundationtv.co.uk","GM DNA in  food  ","has"," transferred"
"foundationtv.co.uk","GMO  jubilee  ","has"," come and gone."
"foundationtv.co.uk","  boom  ","has"," not"
"npl.co.uk","  yearning  ","has"," nothing at all"
"princes-trust.org.uk","of these  drugs  ","has"," been"
"princes-trust.org.uk"," ","has"," been shown to"
"greenleaf.demon.co.uk","five  years  ","has"," toured his"
"princelyrics.co.uk","  individuals  ","has"," nothing to do"
"princelyrics.co.uk","but  victory  ","has"," not been"
"princelyrics.co.uk","the  kingdom  ","has"," absolute"
"princelyrics.co.uk","an illegal  act  ","has"," been"
"princelyrics.co.uk"," ","has"," a chance to"
"fairy-tales.classic-literature.co.uk","these  years  ","has"," a big sulk,"
"fairy-tales.classic-literature.co.uk","his  teaching  ","has"," made sense"
"fairy-tales.classic-literature.co.uk","his  teaching  ","has"," been"
"horseandhound.co.uk","  development  ","has"," found its way"
"horseandhound.co.uk","of  invoices  ","has"," occurred."
"omni.ac.uk","  reviews  ","has"," grown rapidly"
"omni.ac.uk","every  year  ","has"," increased at"
"omni.ac.uk",", this  review  ","has"," a clear"
"americansc.org.uk","what the  game  ","has"," to offer"
"americansc.org.uk","boss  robot  ","has"," access to"
"missiedith.bentbacktulips.co.uk","  something  ","has"," been lost in"
"britishblogs.co.uk",". But if  anyone  ","has"," watched the"
"tclt.org.uk",": This  page  ","has"," been"
"tclt.org.uk","The  bill  ","has"," wide support"
"tclt.org.uk","the  buildings  ","has"," remained"
"parentzonescotland.gov.uk","our  species  ","has"," never really"
"parentzonescotland.gov.uk","this  book  ","has"," originality?"
"parentzonescotland.gov.uk","  fiction  ","has"," been inspired"
"parentzonescotland.gov.uk","her  work  ","has","n''t got"
"parentzonescotland.gov.uk","written  word  ","has"," been a"
"threader.ecs.soton.ac.uk","thing a  fan  ","has"," done for you? I"
"threader.ecs.soton.ac.uk","  anyone  ","has"," done that has"
"rcpch.ac.uk",", a new  study  ","has"," found. IT"
"rcpch.ac.uk","My  experience  ","has"," been a slow"
"railart.co.uk","least the  cat  ","has"," somewhere to"
"railart.co.uk","Jayne ''s  cat  ","has"," just brought"
"philobiblon.co.uk",". The bean  book  ","has"," bean around"
"partnershiptravel.co.uk",". Each  day  ","has"," enough"
"blog.outofthebedroom.co.uk",",  nobody  ","has"," mentioned."
"blog.outofthebedroom.co.uk","  technology  ","has"," become"
"blog.outofthebedroom.co.uk","in  government  ","has"," taken the"
"blog.outofthebedroom.co.uk","this  tactic  ","has"," been used with"
"blog.outofthebedroom.co.uk","for many  years  ","has"," been the"
"blog.outofthebedroom.co.uk","  Government  ","has"," developed"
"blog.outofthebedroom.co.uk","the  tactic  ","has"," been"
"naldic.org.uk","  mother  ","has"," been told that"
"gc-database.co.uk",", this  website  ","has"," information"
"extra.rdg.ac.uk","The  tradition  ","has"," survived up to"
"extra.rdg.ac.uk"," ","has"," developed"
"extra.rdg.ac.uk","  institution  ","has"," been taken up"
"extra.rdg.ac.uk","the dance  room  ","has"," evoked a"
"extra.rdg.ac.uk","  conjunction  ","has"," a purifying"
"freefalluniversity.co.uk",", the  cottage  ","has"," 3 bedrooms and"
"ukspa.org.uk","that your  HDTV  ","has"," HDMI. The HDCP"
"ukspa.org.uk",". If my  HDTV  ","has"," only one HDMI"
"ukspa.org.uk","if the  TV  ","has"," one. When you"
"ukspa.org.uk","video. The  box  ","has"," a 160 GB Hard"
"calderdale.gov.uk","the  document  ","has"," been prepared"
"calderdale.gov.uk","  paragraph  ","has"," been tailored"
"calderdale.gov.uk","by this  DID  ","has"," been"
"natwest.co.uk","in euro  income  ","has"," meant that we"
"natwest.co.uk","to accept  euro  ","has"," made it easier"
"imperialopera.org.uk","of  removals  ","has"," to be improved"
"imperialopera.org.uk","  government  ","has"," failed to"
"antiquefairs.co.uk","  form  ","has"," long history"
"antiquefairs.co.uk","  resolution  ","has"," an influence"
"antiquefairs.co.uk","on the  surface  ","has"," 2 spatial"
"scottishweddingdirectory.co.uk","  government  ","has"," staked its"
"vacant.org.uk","the  composer  ","has"," died. If the"
"vacant.org.uk","  copyright  ","has"," expired then"
"vacant.org.uk","as a  composer  ","has"," died before"
"dh.gov.uk","  Immigration  ","has"," turned into a"
"dh.gov.uk","My baby  sister  ","has"," been a"
"michaelkelly.fsnet.co.uk",",  funding  ","has"," only been"
"nowt2do.co.uk",": the  person  ","has"," no"
"nowt2do.co.uk","third  State  ","has"," explicitly"
"nowt2do.co.uk","the  person  ","has"," access to"
"nowt2do.co.uk","  protection  ","has"," actually been"
"nowt2do.co.uk","that a  person  ","has"," found"
"jennifermackenzie.co.uk","that  industry  ","has"," been taking"
"jennifermackenzie.co.uk","that  industry  ","has"," been taking"
"jennifermackenzie.co.uk","every  effort  ","has"," been made to"
"jennifermackenzie.co.uk","that the  brand  ","has"," not been"
"jennifermackenzie.co.uk","that  industry  ","has"," been taking"
"huddersfield1.co.uk","all, the  day  ","has"," been around a"
"huddersfield1.co.uk","our  movement  ","has"," been"
"jamescowper.co.uk","the  athlete  ","has"," reached"
"jamescowper.co.uk","  program  ","has"," to be"
"learnaboutgolf.co.uk","  Attention  ","has"," repeatedly"
"learnaboutgolf.co.uk",". The  author  ","has"," thus"
"wolftrust.org.uk","years the  GSD  ","has"," had an input"
"wolftrust.org.uk","; the  group  ","has"," been invited"
"wolftrust.org.uk","found the  GSD  ","has"," been a great"
"newenglishartclub.co.uk","of hard  work  ","has"," gone into it"
"newenglishartclub.co.uk","each  choice  ","has"," a consequence"
"4minutes.co.uk",", her  stock  ","has"," once again"
"scotcourts.gov.uk","of  discussion  ","has"," been attempts"
"scotcourts.gov.uk","  framework  ","has"," had a very"
"dpawson.co.uk","the  church  ","has"," never really"
"dpawson.co.uk","  question  ","has"," always been """
"dpawson.co.uk",", the  church  ","has"," always"
"dpawson.co.uk","  activity  ","has"," become an"
"emediadirect.co.uk","  site  ","has"," launched the"
"congressfordemocracy.org.uk","an  obsession  ","has"," gained a hold,"
"congressfordemocracy.org.uk",", no  novelist  ","has"," thronged his"
"congressfordemocracy.org.uk","human  spirit  ","has"," power over men"
"pkf.co.uk","it. DVD  drive  ","has"," stopped"
"localhistory.scit.wlv.ac.uk","water  rowing  ","has",""
"localhistory.scit.wlv.ac.uk","  progress  ","has"," stalled. I"
"marar.co.uk","working  party  ","has"," drawn up a new"
"marar.co.uk",". '' The  IRA  ","has"," apologised to"
"hlst.heacademy.ac.uk","Swift  mission  ","has"," already"
"bcentral.co.uk","  ventures  ","has"," also provoked"
"bcentral.co.uk","  partnership  ","has"," grown, it has"
"bcentral.co.uk",". The  union  ","has"," raised"
"goldsmiths.ac.uk","  killer  ","has"," been quizzed"
"goldsmiths.ac.uk",": "" Every  bimbo  ","has"," her day "" and """
"wpbschoolhouse.btinternet.co.uk","the  document  ","has"," been prepared"
"wpbschoolhouse.btinternet.co.uk","  paragraph  ","has"," been tailored"
"wpbschoolhouse.btinternet.co.uk","by this  DID  ","has"," been"
"wpbschoolhouse.btinternet.co.uk","or  cessation  ","has"," occurred. 5."
"exeter.gov.uk","  iscloc  ","has"," been used to"
"exeter.gov.uk","arrival  times  ","has"," successfully"
"wmconnolley.org.uk",": This  page  ","has"," been"
"robertmoir.co.uk"," ","has"," also been"
"northill.demon.co.uk",". If a  relative  ","has"," accompanied"
"age-exchange.org.uk","  government  ","has"," done nothing"
"age-exchange.org.uk","  patronage  ","has"," intensified"
"age-exchange.org.uk","  government  ","has"," turned a blind"
"age-exchange.org.uk","their  family  ","has"," lived in the"
"in-the-spirit.co.uk","  message  ","has"," been received"
"in-the-spirit.co.uk","  combat  ","has"," finished and"
"eclipselegal.co.uk","first  stop  ","has"," got to be one of"
"eclipselegal.co.uk",". So the  answer  ","has"," to be:"
"theglobalsite.ac.uk","''s  approach  ","has"," been to"
"theglobalsite.ac.uk","the  goldrush  ","has"," finished, """
"dcs.shef.ac.uk","the  company  ","has"," gained."
"esbhhealth.nhs.uk","After an  error  ","has"," been passed,"
"esbhhealth.nhs.uk","After an  error  ","has"," been passed,"
"esbhhealth.nhs.uk","  structure  ","has"," the following"
"clean-image.co.uk","  ''Fusion  ","has"," always"
"clean-image.co.uk",". But  fusion  ","has"," always"
"durhamcathedral.co.uk","  statement  ","has"," therefore"
"cleanersafergreener.gov.uk","recent  work  ","has"," provided"
"cleanersafergreener.gov.uk","Another  plane  ","has"," just hitâ? ?it"
"cleanersafergreener.gov.uk","global  reach  ","has"," been found,"
"cleanersafergreener.gov.uk","  reasons  ","has"," distinctive"
"cleanersafergreener.gov.uk","  stories  ","has"," the virtue of"
"cleanersafergreener.gov.uk","this  person  ","has",""
"kenyabirds.org.uk","Lorenzo ''s  oil  ","has"," no value in"
"kenyabirds.org.uk","  treatment  ","has"," any benefit"
"crwth.org.uk","  professor  ","has"," lau... more"
"thinkroadsafety.gov.uk",",  crime  ","has"," not been"
"thinkroadsafety.gov.uk","recent  memory  ","has"," proved as"
"thinkroadsafety.gov.uk","  behaviour  ","has"," become a"
"thinkroadsafety.gov.uk","tax  reform  ","has"," to be faced"
"thinkroadsafety.gov.uk","tax  reform  ","has"," to be"
"thinkroadsafety.gov.uk","more. 1 in 3  men  ","has"," a criminal"
"thinkroadsafety.gov.uk","2002 1 in 3  men  ","has"," a criminal"
"thinkroadsafety.gov.uk","  affairsX  ","has"," serious"
"thinkroadsafety.gov.uk","week ''s  news  ","has"," again been"
"thinkroadsafety.gov.uk","''s news  agenda  ","has"," again been"
"thinkroadsafety.gov.uk"," ","has"," inevitably"
"cer.org.uk","the draft  bill  ","has"," failed to meet"
"cer.org.uk","  government  ","has"," been"
"cer.org.uk","harm ''  test  ","has"," been replaced"
"cer.org.uk",".  Everyone  ","has"," a right o know"
"cer.org.uk","that the  bill  ","has"," been"
"cer.org.uk","  association  ","has"," been pressing"
"penninewaterways.co.uk","  partnership  ","has"," been slammed"
"penninewaterways.co.uk","  designers  ","has"," been"
"channings.co.uk"," ","has"," introduced"
"liberty-human-rights.org.uk","in the  field  ","has"," to be"
"liberty-human-rights.org.uk","  government  ","has"," sent British"
"liberty-human-rights.org.uk",", the  military  ","has"," used bogus"
"liberty-human-rights.org.uk","  conflicts  ","has"," changed"
"liberty-human-rights.org.uk",".  Television  ","has"," become a"
"liberty-human-rights.org.uk","news  circuit  ","has"," no fun anymore"
"liberty-human-rights.org.uk","  photography  ","has"," gone. And"
"cippm.org.uk","of the  game  ","has"," been taken"
"allspirit.co.uk","the  church  ","has"," been around"
"mountaineering-scotland.org.uk","watching  TV  ","has"," always been,"
"mountaineering-scotland.org.uk","colour  wheels  ","has"," now all but"
"philobiblon.co.uk","one  side  ","has"," been Jews; the"
"philobiblon.co.uk","  society  ","has"," ever"
"philobiblon.co.uk","of no  return  ","has"," been passed: """
"backroadstouring.co.uk","  government  ","has"," ENFORCED us to"
"backroadstouring.co.uk","this  country  ","has"," gone down deep"
"obv.org.uk","  paragraph  ","has"," been tailored"
"obv.org.uk","by this  DID  ","has"," been"
"obv.org.uk","  design  ","has"," been placed in"
"acoustics.salford.ac.uk","2:  Reason  ","has"," an influence"
"acoustics.salford.ac.uk","which an  agent  ","has"," of her own"
"acoustics.salford.ac.uk","  person  ","has"," of the agent ''s"
"rob.annable.co.uk","of the  village  ","has"," increased so"
"rob.annable.co.uk","that my  family  ","has",". I am also very"
"uncaged.co.uk","EARS)  project  ","has"," been"
"uncaged.co.uk","this  project  ","has"," received"
"eternalnight.co.uk","  opportunity  ","has"," remained"
"eternalnight.co.uk",":  research  ","has"," tended to"
"eternalnight.co.uk","  legislation  ","has"," sought to"
"the-stationery-office.co.uk","feature  axis  ","has"," infinite"
"the-stationery-office.co.uk","feature  axis  ","has"," infinite"
"belfasttelegraph.co.uk","  news  ","has"," expanded by"
"belfasttelegraph.co.uk","press,  change  ","has"," been equally"
"belfasttelegraph.co.uk","  resilience  ","has"," been at the"
"belfasttelegraph.co.uk","  consumption  ","has"," fallen by 5.6"
"belfasttelegraph.co.uk","TV  channels  ","has"," fallen by 31.7"
"belfasttelegraph.co.uk","  provision  ","has"," also expanded"
"belfasttelegraph.co.uk","of UK  titles  ","has"," allowed them"
"belfasttelegraph.co.uk","  press  ","has"," declined in"
"belfasttelegraph.co.uk","or  magazine  ","has"," increased to"
"belfasttelegraph.co.uk","news  media  ","has"," not meant the"
"belfasttelegraph.co.uk","  journalist  ","has"," those few"
"redking.co.uk","the  download  ","has"," completed,"
"redflag.org.uk","  authority  ","has"," said ''our"
"redflag.org.uk","  church  ","has"," grown [ 2 ]. Not"
"redflag.org.uk",".  Tradition  ","has"," it that the"
"redflag.org.uk","little  stream  ","has"," lived in its"
"redflag.org.uk",", and the  stone  ","has"," still"
"redflag.org.uk","same  theme  ","has"," grown up"
"gothicimage.co.uk","of this  creek  ","has"," what is the"
"accountability.org.uk","  convention  ","has"," been chosen"
"accountability.org.uk","yet the  hotel  ","has"," not been named"
"advfilms.co.uk",". The  company  ","has"," attracted"
"advfilms.co.uk","  hydrogel  ","has"," the ability to"
"advfilms.co.uk","  investment  ","has"," enabled the"
"advfilms.co.uk",", the  company  ","has"," moved its"
"advfilms.co.uk",", the  business  ","has"," seven full"
"e-learningcentre.co.uk","The  kickstart  ","has"," simply been"
"edietsuk.co.uk","  today  ","has"," a full-page"
"edietsuk.co.uk","''s  revelation  ","has"," been the"
"edietsuk.co.uk","song  Rabbit  ","has"," been adapted"
"ri.ac.uk",". The  site  ","has"," 14,000"
"teachingenglish.org.uk","  content  ","has"," been supplied"
"nasuwt.org.uk","his  father  ","has"," done. He"
"nasuwt.org.uk","that  faith  ","has"," a God"
"jamescowper.co.uk",". This  system  ","has"," the"
"jamescowper.co.uk",". Where a  group  ","has"," worked well"
"jamescowper.co.uk","group  members  ","has"," varied"
"jamescowper.co.uk","- each  member  ","has"," about 2"
"lancashire.police.uk","and Drop  logic  ","has"," two parts: the"
"successunlimited.co.uk","The RMT  union  ","has"," donated"
"bnbstar.co.uk","this LP.  Sex  ","has"," a great"
"punkoiuk.co.uk",".  Government  ","has"," no choice but"
"punkoiuk.co.uk","if the  council  ","has"," been honest as"
"ifsdglasgow.co.uk","to BBSRC  users  ","has"," been"
"archaeology.co.uk","each  section  ","has"," a description"
"connells.co.uk",", the  bunker  ","has"," a real"
"cftrust.org.uk","2006, the  time  ","has"," come to take a"
"hibberts.co.uk","  process  ","has"," the focus. It"
"hibberts.co.uk","my  laptop  ","has"," a really slow"
"hibberts.co.uk","  sector  ","has"," been touched"
"hibberts.co.uk","that if the  OS  ","has"," already"
"hibberts.co.uk","the  system  ","has"," nothing"
"sbs.ox.ac.uk",". Each  track  ","has"," it ''s own"
"mandrake.demon.co.uk","''s  mind  ","has"," seldom held"
"mandrake.demon.co.uk",".  ''UTEP  ","has"," only two"
"mandrake.demon.co.uk","Monville  page  ","has"," been revamped"
"omni.ac.uk","  system  ","has"," been"
"omni.ac.uk","  intervention  ","has"," been"
"hiroshige.org.uk",",  account  ","has"," been taken of"
"hiroshige.org.uk","  partnership  ","has"," been approved"
"hiroshige.org.uk","the  proposal  ","has"," received"
"hiroshige.org.uk","  partner  ","has"," been approved"
"hiroshige.org.uk","visit  element  ","has"," been waived, a"
"hiroshige.org.uk","  organisation  ","has"," been"
"esbhhealth.nhs.uk","but the  letter  ","has"," been lost in"
"the-philosopher.co.uk","This ice  cream  ","has"," the MACKIE''S"
"poetrymagic.co.uk","). This  report  ","has"," two main aims."
"ipaqrepair.co.uk",". The  park  ","has"," been sadly"
"ipaqrepair.co.uk","  vegetation  ","has"," been ripped"
"2-in-2-1.co.uk","my  cat  ","has"," a doughnut"
"2-in-2-1.co.uk","the  closure  ","has"," been very well"
"kineticart.co.uk","main  building  ","has"," been"
"dancing-times.co.uk","in  prison  ","has"," spent time in"
"dancing-times.co.uk","  rate  ","has"," steadily"
"biblicalstudies.org.uk","site the  mound  ","has"," never been"
"classicrally.org.uk",". The  site  ","has"," been"
"abi.co.uk",", if a  review  ","has"," been"
"carcanet.co.uk","  interest  ","has"," always come"
"carcanet.co.uk","  government  ","has"," admitted the"
"naldic.org.uk",",  confidence  ","has"," to reign,"
"naldic.org.uk","  deliberation  ","has"," to be private,"
"naldic.org.uk","said,  nothing  ","has"," changed. Not"
"scope.nottingham.ac.uk","first  issue  ","has"," a certain"
"scope.nottingham.ac.uk","that  someone  ","has","n''t seen them:"
"shocknet.org.uk","of the  country  ","has"," given the type"
"garysturt.free-online.co.uk","  networking  ","has"," become easier"
"garysturt.free-online.co.uk","ADSL  modem  ","has"," an Ethernet"
"garysturt.free-online.co.uk","these  days  ","has"," an Ethernet"
"staff.brad.ac.uk","  rain  ","has"," shown up an"
"staff.brad.ac.uk","now, the  brain  ","has"," gone "" Big Kev"
"staff.brad.ac.uk","now, the  brain  ","has"," gone """
"staff.brad.ac.uk",". Aha!  Someone  ","has"," replied to my"
"staff.brad.ac.uk","Maybe  someone  ","has"," discovered a"
"islamic-college.ac.uk","  dichotomy  ","has"," been both"
"islamic-college.ac.uk","  system  ","has"," worked. This"
"islamic-college.ac.uk","  edition  ","has"," been"
"islamic-college.ac.uk","which  today  ","has"," vanished."
"islamic-college.ac.uk","of the  novel  ","has"," been the"
"islamic-college.ac.uk",",  data  ","has"," been"
"islamic-college.ac.uk","Gustavian  era  ","has"," its name after"
"islamic-college.ac.uk","Gustavian  era  ","has"," two opposite"
"islamic-college.ac.uk","of the  diary  ","has"," been"
"islamic-college.ac.uk","source  title  ","has"," been"
"olympics.org.uk","major  event  ","has"," attracted"
"olympics.org.uk","their  mother  ","has"," been"
"olympics.org.uk","prison  visits  ","has"," fallen"
"olympics.org.uk","in  general  ","has"," been"
"olympics.org.uk","past. The  role  ","has"," now all but"
"tvradiobits.co.uk","panasonic  vs6  ","has"," all the common"
"natcorp.ox.ac.uk","  application  ","has"," been"
"natcorp.ox.ac.uk","  development  ","has"," taken place"
"natcorp.ox.ac.uk","Control  work  ","has"," begun prior to"
"natcorp.ox.ac.uk","  permission  ","has"," been given"
"natcorp.ox.ac.uk","to  trees  ","has"," been set out in"
"aimhigher.ac.uk","  mission  ","has"," been "" to"
"aimhigher.ac.uk","team  member  ","has"," been required"
"jamescowper.co.uk","but  research  ","has"," highlighted a"
"templerecords.co.uk",".  Hunting  ","has"," also greatly"
"templerecords.co.uk","the  species  ","has"," become"
"taylorbells.co.uk",". The  sign  ","has"," been renewed"
"taylorbells.co.uk","the  artist  ","has"," chosen to"
"ilook.fsnet.co.uk",", this  pledge  ","has"," resulted in us"
"payaway.co.uk","this  place  ","has"," always"
"ramagazine.org.uk","... The  story  ","has"," since been"
"ramagazine.org.uk","  destruction  ","has"," taken place. """
"ramagazine.org.uk","past ten  years  ","has"," been"
"ramagazine.org.uk","  president  ","has"," a "" horrible"
"ramagazine.org.uk","Iraqi  society  ","has"," this to be said"
"ramagazine.org.uk","this  article  ","has"," the interest"
"ramagazine.org.uk","head of  steam  ","has"," already been"
"ramagazine.org.uk","this  story  ","has"," a familiar"
"ramagazine.org.uk","why  no-one  ","has"," made an issue"
"ramagazine.org.uk","in the  1920s  ","has"," followed"
"ramagazine.org.uk","to  tobacco  ","has"," - to everyone"
"ramagazine.org.uk","  embargo  ","has"," proved so"
"geog.ox.ac.uk","York. The  firm  ","has"," expertise in"
"sohp.soton.ac.uk","  equipment  ","has"," allowed us to"
"indigogroup.co.uk","you see, my  lad  ","has"," been eagerly"
"elizabethan-era.org.uk",", the  market  ","has"," acted as a"
"elizabethan-era.org.uk",", the  market  ","has"," made us all"
"faq.quickbooks.co.uk","  performance  ","has"," gone some of"
"talyllyn.co.uk","evidence  cart  ","has"," some obvious"
"bristolcyclingcampaign.org.uk","  nationality  ","has"," not been"
"orbitbooks.co.uk","  organisation  ","has"," a target to"
"retirement-matters.co.uk","  portrait  ","has"," just been sold"
"es.ucl.ac.uk","  detail  ","has"," been present"
"es.ucl.ac.uk"," ","has"," chosen war."
"es.ucl.ac.uk"," ","has"," restarted the"
"osj.org.uk","  constituency  ","has"," the highest"
"osj.org.uk",". The  Company  ","has",", indeed,"
"osj.org.uk","the  Company  ","has"," waged in the"
"osj.org.uk","  nation  ","has"," done to the"
"bectu.org.uk","our  website  ","has"," become an"
"bectu.org.uk","EENET  support  ","has"," been crucial"
"bectu.org.uk","  government  ","has"," been steadily"
"bectu.org.uk","  government  ","has"," adopted LINUX"
"poetrymagic.co.uk","  computing  ","has"," long been the"
"racepayment.mirrorservers.co.uk","no  creature  ","has"," the"
"racepayment.mirrorservers.co.uk","that  man  ","has"," lived within"
"justride.co.uk",", once the  file  ","has"," been"
"northlight-images.co.uk","  programme  ","has"," a six year"
"boxhill.co.uk","  theory  ","has"," been applied"
"dealclick.co.uk","recent  survey  ","has"," found that 99 %"
"carnegiegreenaway.org.uk","  requirement  ","has"," been met."
"carnegiegreenaway.org.uk","the  document  ","has"," been prepared"
"carnegiegreenaway.org.uk","  paragraph  ","has"," been tailored"
"carnegiegreenaway.org.uk","by this  DID  ","has"," been"
"carnegiegreenaway.org.uk","  requirement  ","has"," been met. A"
"cssplay.co.uk","PKP  times  ","has"," proved to be"
"bures-online.co.uk",",  water  ","has"," never been"
"bures-online.co.uk","and the  water  ","has"," no doubt been"
"bures-online.co.uk","The small  wood  ","has"," a very"
"bures-online.co.uk",", the  water  ","has"," been diverted"
"bures-online.co.uk","of this  well  ","has"," also attached"
"bures-online.co.uk","wooden  grill  ","has"," been placed"
"bures-online.co.uk",". The  whole  ","has"," the air of the"
"charlieproductions.co.uk","Which  group  ","has"," gained the"
"charlieproductions.co.uk","? | Which  group  ","has"," gained the"
"charlieproductions.co.uk","? | Which  group  ","has"," gained the"
"charlieproductions.co.uk","? | Which  group  ","has"," gained the"
"sedayne.co.uk","  commissioner  ","has"," acted"
"sedayne.co.uk","  information  ","has"," been"
"sedayne.co.uk","balancing  act  ","has"," been carried"
"partnershiptravel.co.uk","Silica  cement  ","has"," a slower"
"bad.org.uk","  location  ","has"," been received"
"bad.org.uk","the  female  ","has"," not been seen"
"bad.org.uk","  effort  ","has"," two distinct"
"bad.org.uk","  email  ","has"," arrived from"
"independentliving.co.uk","which  someone  ","has"," asked for,"
"independentliving.co.uk","  government  ","has"," indicated it"
"independentliving.co.uk","  government  ","has"," said that fees"
"bronte.netfury.co.uk","once an  action  ","has"," been started."
"bronte.netfury.co.uk","  impairment  ","has"," led to lower"
"bronte.netfury.co.uk","the  employer  ","has"," failed in this"
"bronte.netfury.co.uk","an  employer  ","has"," failed to make"
"bronte.netfury.co.uk","  adjustment  ","has"," been made, the"
"bronte.netfury.co.uk","21 An  employee  ","has"," an illness"
"archive.official-documents.co.uk",". The DLI  title  ","has"," an emotional"
"archive.official-documents.co.uk","  hunting  ","has"," been a major"
"archive.official-documents.co.uk","  Mastership  ","has"," been in"
"archive.official-documents.co.uk","the years  this  ","has"," enabled us ("
"retra.co.uk","400,000  users  ","has"," been expanded"
"retra.co.uk",". The  company  ","has"," negotiated"
"voa.gov.uk","good,  lol  ","has"," anyone been"
"dmflightsim.co.uk","DVD. The  DVD  ","has"," a"
"dmflightsim.co.uk","  re-release  ","has"," been"
"dmflightsim.co.uk","mindless  gore  ","has"," either not"
"wolftrust.org.uk","? This  example  ","has"," been taken"
"wolftrust.org.uk","after the  tank  ","has"," been built ("
"wolftrust.org.uk","concrete  slab  ","has"," hardened the"
"wolftrust.org.uk",". The  netting  ","has"," a 50mm mesh,"
"wolftrust.org.uk","on the  floor  ","has"," stiffened,"
"chichesterjazzclub.co.uk","the  document  ","has"," been prepared"
"chichesterjazzclub.co.uk","  paragraph  ","has"," been tailored"
"chichesterjazzclub.co.uk","by this  DID  ","has"," been"
"chichesterjazzclub.co.uk","  requirement  ","has"," been met. A"
"italian.classic-literature.co.uk","exam  period  ","has"," got in the way"
"trinitycollege.co.uk","the  line  ","has"," minimal"
"trinitycollege.co.uk","that the  line  ","has"," touched the"
"trinitycollege.co.uk","the "" D ""  loop  ","has"," to be turned to"
"footy4kids.co.uk","  15-year-olds  ","has"," been offered"
"footy4kids.co.uk",".  Gentleman  ","has"," visited"
"org.suw.org.uk","  plant  ","has"," been raided by"
"org.suw.org.uk","  man  ","has"," been arrested"
"yogamagazine.co.uk"," ","has"," lost a huge"
"newbury-racecourse.co.uk","the  course  ","has"," been. Judy: So"
"newbury-racecourse.co.uk",". The  observer  ","has"," the"
"cambs.police.uk","  book  ","has"," much future as"
"newsweaver.co.uk","  assignment  ","has"," the written"
"newsweaver.co.uk",". Where a  group  ","has"," worked well"
"newsweaver.co.uk","group  members  ","has"," varied"
"newsweaver.co.uk","- each  member  ","has"," about 2"
"cambridgeonline.co.uk","the  document  ","has"," been prepared"
"cambridgeonline.co.uk","  paragraph  ","has"," been tailored"
"cambridgeonline.co.uk","by this  DID  ","has"," been"
"cambridgeonline.co.uk","the  software  ","has"," a query"
"medinfo.co.uk","time  setting  ","has"," stopping"
"medinfo.co.uk","the  watch  ","has"," got two"
"medinfo.co.uk","time  setting  ","has"," stopping"
"medinfo.co.uk","this  watch  ","has"," is"
"medinfo.co.uk","the 144  range  ","has"," won a great"
"medinfo.co.uk","this  watch  ","has"," is"
"medinfo.co.uk","the 144  range  ","has"," won a great"
"medinfo.co.uk",". This  watch  ","has"," it ''s design"
"medinfo.co.uk","''s, the  watch  ","has"," remained a"
"medinfo.co.uk","daily  life  ","has"," to offer. This"
"wpbschoolhouse.btinternet.co.uk","''s  move  ","has"," any effect"
"wpbschoolhouse.btinternet.co.uk",", their  role  ","has"," been well"
"wpbschoolhouse.btinternet.co.uk","the  columnist  ","has"," quite"
"wpbschoolhouse.btinternet.co.uk","no  journalist  ","has"," given me"
"c2c-guide.co.uk","until the  item  ","has"," been"
"www1.cardiff.ac.uk","as a  client  ","has"," been. I have"
"rbge.org.uk","  something  ","has"," gone wrong in"
"rbge.org.uk","which  history  ","has"," shown to be"
"rbge.org.uk","  antagonism  ","has"," not been"
"rbge.org.uk","that  violence  ","has"," diminished"
"rbge.org.uk","  deaths  ","has"," diminished,"
"rbge.org.uk","  communities  ","has"," almost"
"rbge.org.uk","twenty  years  ","has"," been"
"rbge.org.uk","''s  presence  ","has"," been a"
"rbge.org.uk","its main  form  ","has"," changed from"
"rbge.org.uk","  combatants  ","has"," also"
"rbge.org.uk","British  anny  ","has"," been"
"rbge.org.uk",". The  army  ","has"," resisted"
"rbge.org.uk","the  concept  ","has"," been a movable"
"rbge.org.uk","the  violence  ","has"," not spiraled"
"rbge.org.uk","  segregation  ","has"," often reduced"
"rbge.org.uk","  interests  ","has"," overcome"
"rbge.org.uk","  identity  ","has"," survived,"
"rbge.org.uk",", n  progress  ","has"," been so"
"rbge.org.uk","by  colleagues  ","has"," not only"
"rbge.org.uk","  conflict  ","has"," been handled,"
"rbge.org.uk",". The  time  ","has"," arrived for us"
"rbge.org.uk","  tradition  ","has"," cultural"
"rbge.org.uk","the  1970s  ","has"," been directed"
"teamsolutions.co.uk","H form  process  ","has"," been used to"
"members.freezone.co.uk","  bacillus  ","has"," been"
"bibic.org.uk","second  tour  ","has"," seen the"
"babyworld.co.uk","the  deadline  ","has"," passed, the"
"sudokuz.co.uk","the  document  ","has"," been prepared"
"sudokuz.co.uk","  paragraph  ","has"," been tailored"
"sudokuz.co.uk","by this  DID  ","has"," been"
"dmag.org.uk","printed  media  ","has"," worked this"
"keyworth.leeds.ac.uk","  condition  ","has"," occurred. For"
"keyworth.leeds.ac.uk","  statement  ","has"," been"
"keyworth.leeds.ac.uk","  group  ","has"," a specific"
"keyworth.leeds.ac.uk","  value  ","has"," been provided"
"bseinquiry.gov.uk",". A  slot  ","has"," been again"
"windmill.co.uk","- if  no-one  ","has"," heard of it or"
"2175atc.co.uk","Mr BW ''s  father  ","has"," been unwell"
"2175atc.co.uk","  intolerance  ","has"," destroyed. -"
"top50freebies.co.uk",", the  reader  ","has"," to refer to"
"top50freebies.co.uk","  literature  ","has"," mainly been"
"top50freebies.co.uk",", some  account  ","has"," been taken of"
"top50freebies.co.uk","works,  effort  ","has"," been made to"
"top50freebies.co.uk","  libraries  ","has"," depended"
"top50freebies.co.uk","whose  name  ","has"," come down to"
"top50freebies.co.uk",". As this  paper  ","has"," already"
"top50freebies.co.uk","Gothic  novel  ","has"," long"
"terramedia.co.uk","  chromosome  ","has"," about 16 SNPs"
"terramedia.co.uk","research  team  ","has"," benefited"
"terramedia.co.uk","  research  ","has"," worked"
"terramedia.co.uk",". The  region  ","has"," thrown up a"
"colour.leeds.ac.uk",""" An  error  ","has"," been"
"colour.leeds.ac.uk","  message  ","has"," been"
"colour.leeds.ac.uk","  function  ","has"," already been"
"colour.leeds.ac.uk","''s  parameter  ","has"," the visual"
"colour.leeds.ac.uk","to the  backend  ","has"," the value of"
"colour.leeds.ac.uk","input  element  ","has"," id attribute"
"horniman.ac.uk","his  garden  ","has"," chanced upon"
"horniman.ac.uk","  colonisation  ","has"," largely"
"horniman.ac.uk",". But its  owner  ","has"," uncovered an"
"horniman.ac.uk","  area  ","has"," recently been"
"horniman.ac.uk","of  digging  ","has"," begun at"
"clinimed.co.uk","  specialists  ","has"," an"
"blog.ctrlbreak.co.uk","many a  family  ","has"," lost loved"
"blog.ctrlbreak.co.uk","  punishment  ","has"," struck down"
"hrsu.mrc.ac.uk","The third  part  ","has"," now been"
"jcrwww.quns.cam.ac.uk","  examinations  ","has"," led to"
"jcrwww.quns.cam.ac.uk","held  today  ","has"," been moved"
"jcrwww.quns.cam.ac.uk",". The  family  ","has"," requested no"
"ati.surrey.ac.uk","  research  ","has"," recently"
"ati.surrey.ac.uk","  computers  ","has"," lead to the"
"worldwar1.co.uk","  education  ","has"," benefited the"
"worldwar1.co.uk","  education  ","has"," benefited the"
"worldwar1.co.uk","twenty  years  ","has",""
"worldwar1.co.uk","sector  growth  ","has"," been in"
"worldwar1.co.uk","sector  growth  ","has"," been in"
"worldwar1.co.uk","and this  week  ","has"," been"
"worldwar1.co.uk","  report  ","has"," been a long"
"worldwar1.co.uk","''s  committee  ","has"," been"
"worldwar1.co.uk","that the  war  ","has"," only just"
"worldwar1.co.uk","few  months  ","has"," been the"
"news.cheapflights.co.uk","not  saying  ","has"," it in fact gone"
"swwater.co.uk","  components  ","has"," caused a"
"swwater.co.uk","  insitutions  ","has"," been obtained"
"swwater.co.uk","  development  ","has"," moved from"
"swwater.co.uk","size of the  map  ","has"," changed"
"swwater.co.uk","on the map  page  ","has"," also been"
"swwater.co.uk","""  software  ","has"," been changed"
"swwater.co.uk","by a red  star  ","has"," reduced the"
"swwater.co.uk","  listing  ","has"," been"
"swwater.co.uk","outline  map  ","has"," been changed"
"birminghamfoe.org.uk","last  decade  ","has"," therefore"
"birminghamfoe.org.uk","corpus of  work  ","has"," shown the"
"birminghamfoe.org.uk","  research  ","has"," shown"
"birminghamfoe.org.uk","  model  ","has"," been proposed"
"is.bham.ac.uk","the late  1980s  ","has"," been involved"
"is.bham.ac.uk","first  edition  ","has"," not been"
"is.bham.ac.uk","this  practice  ","has"," been"
"is.bham.ac.uk","This  research  ","has"," been used as"
"candlemaking.org.uk","  government  ","has"," been pumping"
"candlemaking.org.uk","red  herrings  ","has"," been"
"candlemaking.org.uk","  government  ","has"," collected"
"candlemaking.org.uk",", and the  NHS  ","has"," endured"
"candlemaking.org.uk","  legislation  ","has"," been intent"
"candlemaking.org.uk","in the  NHS  ","has"," led to 4,000"
"candlemaking.org.uk","). The  SFO  ","has"," been"
"candlemaking.org.uk","  department  ","has"," been suing"
"candlemaking.org.uk","by the  NHS  ","has"," so far led to"
"lateralscience.co.uk","  development  ","has"," occurred"
"lateralscience.co.uk",". Road  access  ","has"," purposely not"
"lateralscience.co.uk","  operation  ","has"," been designed"
"teaching-abroad.co.uk",". As  nature  ","has"," blest me with a"
"geologywales.co.uk","  generation  ","has"," almost faded"
"congressfordemocracy.org.uk","  nation  ","has"," performed its"
"congressfordemocracy.org.uk","  regime  ","has"," so far failed"
"geraldengland.co.uk","2005 The  year  ","has"," been one of"
"geraldengland.co.uk","of the  year  ","has"," gone into"
"geraldengland.co.uk",". The  system  ","has"," an entirely"
"compbio.dundee.ac.uk",", the  yacht  ","has"," gone missing."
"compbio.dundee.ac.uk","beach  house  ","has"," been"
"bio.bris.ac.uk","book. The  law  ","has"," a surreal"
"bio.bris.ac.uk","me a  pound--he  ","has"," to measure out"
"bio.bris.ac.uk","square  market  ","has"," any bearing on"
"tastyfanzine.org.uk","3es  message  ","has"," been"
"gravesham.gov.uk","atop the  gate  ","has"," been removed-"
"gravesham.gov.uk","fine  building  ","has"," since been"
"isleofmullcheese.co.uk","  camera  ","has"," decided she ''s"
"biol.lancs.ac.uk","  overcrowding  ","has"," also led to"
"biol.lancs.ac.uk","  population  ","has"," increased by"
"westdean.org.uk","  minister  ","has"," warned"
"horseracingbets.co.uk","  leadership  ","has"," often felt its"
"horseracingbets.co.uk",". Each  step  ","has"," been a"
"horseracingbets.co.uk","in the  economy  ","has"," been enormous"
"horseracingbets.co.uk","ways  life  ","has"," changed. Not"
"horseracingbets.co.uk","know the  past  ","has"," to be laid to"
"horseracingbets.co.uk","in the  road  ","has"," finally come."
"horseracingbets.co.uk",".  Suspension  ","has"," been bitterly"
"horseracingbets.co.uk","this  process  ","has"," meant huge"
"horseracingbets.co.uk","the last  week  ","has"," objected to it"
"horseracingbets.co.uk","past few  days  ","has"," been not the"
"horseracingbets.co.uk"," ","has"," been"
"greenleaf.demon.co.uk","years on? A  lot  ","has"," changed in"
"sscs.bham.ac.uk","this  date  ","has"," been given as a"
"vinylrecords.co.uk","over  £130,000  ","has"," been raised"
"esbhhealth.nhs.uk","  care  ","has"," developed and"
"garethjmsaunders.co.uk",", the  idea  ","has"," already"
"mara.org.uk","TCP  socket  ","has"," no remote or"
"mara.org.uk","urgent  data  ","has"," been already"
"mara.org.uk","is set.  TCP  ","has"," no real"
"william-shakespeare.org.uk","and  wit  ","has"," been replaced"
"htlc.hants.gov.uk","the UK  economy  ","has"," been central"
"htlc.hants.gov.uk","  issue  ","has"," been welfare"
"gammassl.co.uk","  combination  ","has"," been shown to"
"gammassl.co.uk",", the  student  ","has"," an"
"gammassl.co.uk",", the  problem  ","has"," typically"
"gammassl.co.uk","the  student  ","has"," engaged in an"
"gammassl.co.uk","  technique  ","has"," been"
"gammassl.co.uk","  disabilities  ","has"," regular"
"seered.co.uk","the  name  ","has"," also been said"
"youngresources.co.uk",", the  office  ","has","n''t figured"
"youngresources.co.uk","  presence  ","has"," sown doubts"
"youngresources.co.uk",", and the  firm  ","has"," yet to be"
"nbtea.co.uk",". This  place  ","has"," been dubbed"
"christie.man.ac.uk","the farm  lobby  ","has"," perhaps"
"christie.man.ac.uk","  productivity  ","has"," been falling"
"lawsociety.org.uk","  research  ","has"," taken her into"
"darkstar1.co.uk","  flexibility  ","has"," devolved on to"
"darkstar1.co.uk","  flexibility  ","has"," developed,"
"darkstar1.co.uk","  insecurity  ","has"," grown"
"darkstar1.co.uk","''s  monopoly  ","has"," seen the loss"
"darkstar1.co.uk","  processes  ","has"," (arguably)"
"darkstar1.co.uk","  working  ","has"," engendered an"
"churchill-society-london.org.uk","of the  remake  ","has"," emerged with a"
"churchill-society-london.org.uk","why the  genre  ","has"," thrived so"
"churchill-society-london.org.uk","  television  ","has"," often been an"
"churchill-society-london.org.uk","  writing  ","has"," focused on the"
"churchill-society-london.org.uk","this  country  ","has"," been"
"churchill-society-london.org.uk",")  Censorship  ","has"," always been a"
"aslan.demon.co.uk","if my  business  ","has"," its main"
"aslan.demon.co.uk","  trade  ","has"," represented a"
"aslan.demon.co.uk","the euro  area  ","has"," made it"
"darknessandlight.co.uk","project  group  ","has"," developed a"
"publicfinance.co.uk","Group A  group  ","has"," been"
"jardmail.co.uk","where  money  ","has"," been scarce so"
"jardmail.co.uk","the  coaching  ","has"," improved and"
"fireservicecollege.ac.uk","the  camera  ","has"," not been wound"
"fireservicecollege.ac.uk","for the  tongue  ","has"," been rewound"
"e-learningcentre.co.uk","and  web-sites  ","has"," produced a"
"e-learningcentre.co.uk","IBM web  site  ","has"," a section on"
"e-learningcentre.co.uk","each  section  ","has"," an"
"e-learningcentre.co.uk","RNIB web  site  ","has"," a number of"
"e-learningcentre.co.uk","RNIB web  site  ","has"," a page on"
"e-learningcentre.co.uk","the  intention  ","has"," always been to"
"e-learningcentre.co.uk","the  project  ","has"," passed round"
"e-learningcentre.co.uk",". The  service  ","has"," been well"
"e-learningcentre.co.uk","  Ariadne  ","has"," featured"
"cantrell.org.uk","  neighborhood  ","has"," also become"
"cantrell.org.uk","in the  Machine  ","has"," a new URL - www."
"cantrell.org.uk","this  nation  ","has"," defined"
"choiceforum.co.uk","these  pages  ","has"," been provided"
"choiceforum.co.uk","NILT  survey  ","has"," replaced the"
"cpb.bio.ic.ac.uk","  groups  ","has"," consistently"
"practicalpc.co.uk","race  issues  ","has"," helped shape"
"practicalpc.co.uk","  government  ","has"," repeatedly"
"practicalpc.co.uk","  function  ","has"," grown in the"
"bagpipeworld.co.uk",", the  accident  ","has"," been used to"
"rumwoodnurseries.co.uk","the  world  ","has"," had a"
"rumwoodnurseries.co.uk","wind  capacity  ","has"," grown an"
"rumwoodnurseries.co.uk","PV  production  ","has"," increased at"
"rumwoodnurseries.co.uk","  support  ","has"," not yet"
"rumwoodnurseries.co.uk","  energy  ","has"," come of age."
"rumwoodnurseries.co.uk","  industry  ","has"," added only 59"
"rumwoodnurseries.co.uk",".  Humanity  ","has"," clearly"
"rumwoodnurseries.co.uk","that  waste  ","has"," to be managed,"
"rcsed.ac.uk",", 09:21  hearts  ","has"," the worst ever"
"dcs.warwick.ac.uk",". The  website  ","has"," been designed"
"dcs.warwick.ac.uk","the  internet  ","has"," been ''off"
"dcs.warwick.ac.uk",". This  site  ","has"," been approved"
"dcs.warwick.ac.uk","of the Web  page  ","has"," already"
"dcs.warwick.ac.uk","the  plug-in  ","has"," been"
"lda.gov.uk",". Our  program  ","has"," to live with"
"lda.gov.uk","the  operation  ","has"," been"
"lda.gov.uk","the  user  ","has"," chosen to"
"lda.gov.uk","worker  thread  ","has"," just entered"
"lda.gov.uk","that the  file  ","has"," been closed"
"eaifhe.ac.uk","  harbour  ","has"," a wealth of"
"tutorials.beginners.co.uk","  Government  ","has"," a radical"
"tutorials.beginners.co.uk","after  someone  ","has"," been charged."
"tutorials.beginners.co.uk","aid  system  ","has"," serious"
"tutorials.beginners.co.uk",": The  cost  ","has"," risen from"
"tutorials.beginners.co.uk",". The  test  ","has"," not stopped"
"ownersdirect.co.uk","time  bread  ","has"," been rationed"
"ownersdirect.co.uk","  government  ","has"," rightly been"
"ownersdirect.co.uk","  government  ","has"," halted the"
"ownersdirect.co.uk","  government  ","has"," rightly been"
"ownersdirect.co.uk","the Arab  world  ","has"," been"
"ownersdirect.co.uk"," ","has"," blocked all"
"ownersdirect.co.uk","  cabinet  ","has"," managed to"
"ownersdirect.co.uk","Bank  customer  ","has"," told PMC that"
"ownersdirect.co.uk","  embargo  ","has"," led to a"
"man.ac.uk","best  comedy  ","has"," always"
"whistler.arts.gla.ac.uk","  industry  ","has"," been"
"whistler.arts.gla.ac.uk","your  account  ","has"," been settled"
"whistler.arts.gla.ac.uk","  team  ","has"," access to a"
"ncadc.org.uk","into  oblivion  ","has"," opened up with"
"exporteastofengland.org.uk",". My  anecdote  ","has"," hurt you. Why?"
"exporteastofengland.org.uk","  thing  ","has"," been done, let"
"toysdirecttoyourdoor.co.uk",", an  emailer  ","has"," only two"
"turkeyrealestate.co.uk",", the  company  ","has"," grown to the"
"turkeyrealestate.co.uk",", so the  house  ","has"," been full of"
"turkeyrealestate.co.uk","] A  mule  ","has"," given birth to"
"atomicdesign.co.uk","but  nothing  ","has"," changed, """
"kore.co.uk",". Well,  life  ","has"," been pleasant"
"propertypro.co.uk","This  site  ","has"," a great"
"princelyrics.co.uk","my  ambition  ","has"," never been so"
"robertmoir.co.uk","  character  ","has"," become a firm"
"cofepow.org.uk","  legislation  ","has"," now been"
"mybrightonandhove.org.uk","  economy  ","has"," collapsed"
"boostlpg.co.uk",".  com  ","has"," been rewarded"
"boostlpg.co.uk","  senate  ","has"," acted on the AB"
"fairy-tales.classic-literature.co.uk","the  consumer  ","has"," a part to play"
"bibic.org.uk","  response  ","has"," been to"
"durhamcathedral.co.uk","of  estates  ","has"," a key role in"
"raintree-health.co.uk","help. The  film  ","has"," plenty of"
"raintree-health.co.uk","her  character  ","has","n''t read the"
"hibberts.co.uk","  singles  ","has"," proved a"
"hibberts.co.uk","small  screen  ","has"," often"
"mandarina.co.uk","on our  website  ","has"," a link to the"
"leighday.co.uk","a  workshop  ","has"," been held"
"leighday.co.uk","health  care  ","has"," spread"
"leighday.co.uk","In what  ways  ","has"," the concept of"
"parentzonescotland.gov.uk","''s  warranty  ","has"," run out),"
"parentzonescotland.gov.uk","the  trader  ","has"," agreed to"
"parentzonescotland.gov.uk","  experience  ","has"," been. Read the"
"parentzonescotland.gov.uk","cars. If a  car  ","has"," been in an"
"parentzonescotland.gov.uk","and the  seller  ","has"," disappeared."
"parentzonescotland.gov.uk","this  check  ","has"," already been"
"parentzonescotland.gov.uk","the  dealer  ","has"," used"
"punk77.co.uk","manage  design  ","has"," been apparent"
"comment.zdnet.co.uk","of  newcomers  ","has"," ridden over"
"comment.zdnet.co.uk","welfare  state  ","has"," changed from"
"comment.zdnet.co.uk","of  newcomers  ","has"," ridden over"
"comment.zdnet.co.uk","white  racism  ","has"," been aired."
"comment.zdnet.co.uk","  politics  ","has"," been part of"
"saints-alive.co.uk","with  hounds  ","has"," been for many"
"saints-alive.co.uk","land the  fox  ","has"," taken refuge"
"saints-alive.co.uk","  terrierman  ","has"," dug down to the"
"saints-alive.co.uk","common  sense  ","has"," a role to play."
"saints-alive.co.uk","the  practice  ","has"," been able to"
"saints-alive.co.uk","as an  ideology  ","has"," caused people"
"saints-alive.co.uk","  institute  ","has"," concluded"
"saints-alive.co.uk","this  estimate  ","has"," been"
"saints-alive.co.uk",") that  hunting  ","has"," unique"
"saints-alive.co.uk","  disapproval  ","has"," never been"
"panos.org.uk","if the  child  ","has"," a hearing"
"panos.org.uk",". The  room  ","has"," a table,"
"panos.org.uk",", if the  child  ","has"," conditions to"
"windowsproject.demon.co.uk",". The  bridge  ","has"," won the"
"liberty-human-rights.org.uk","  facilities  ","has"," led to the"
"liberty-human-rights.org.uk","search  engine  ","has"," different"
"prochoiceforum.org.uk","Collins  eBay  ","has"," been talking"
"prochoiceforum.org.uk","  provider  ","has"," been blocking"
"prochoiceforum.org.uk","that  spamming  ","has"," become"
"prochoiceforum.org.uk","  general  ","has"," filed a"
"collectbritain.co.uk",". But the  pace  ","has"," quickened"
"businessbureau-uk.co.uk",", where  cement  ","has"," been produced"
"publicservice.co.uk","  learning  ","has"," been accepted"
"publicservice.co.uk",", this  text  ","has"," been"
"publicservice.co.uk","*  Everyone  ","has"," access to the"
"publicservice.co.uk",", why one  firm  ","has"," not fully"
"publicservice.co.uk",":  Everyone  ","has"," heard of"
"publicservice.co.uk",",  attention  ","has"," been drawn to"
"musicbyarrangement.co.uk","""  navigation  ","has"," slightly less"
"musicbyarrangement.co.uk","CVS  revision  ","has"," been "" tagged """
"healthmatters.org.uk",". The  tube  ","has"," a storage"
"tptb.co.uk","The Anna ''s p.  s  ","Has"," any one been to"
"stewardsschool.co.uk","the  author  ","has"," probably come"
"stewardsschool.co.uk","if an  animal  ","has"," to be"
"stewardsschool.co.uk","with  dogs  ","has",", at least as"
"stewardsschool.co.uk","with  dogs  ","has"," received a"
"stewardsschool.co.uk","one  report  ","has"," been"
"stewardsschool.co.uk",". As a  ban  ","has"," not yet"
"stewardsschool.co.uk","with  dogs  ","has"," been"
"stewardsschool.co.uk","on this  aspect  ","has"," already been"
"stewardsschool.co.uk","of the new  law  ","has"," not been"
"boardsonline.co.uk","  magazine  ","has","n''t paid Geri"
"boardsonline.co.uk","East  model  ","has"," told of his"
"books.kelkoo.co.uk","  statement  ","has"," been made."
"books.kelkoo.co.uk","A news  release  ","has"," been issued."
"books.kelkoo.co.uk","A news  release  ","has"," also been"
"books.kelkoo.co.uk","A news  release  ","has"," also been"
"books.kelkoo.co.uk","A news  release  ","has"," also been"
"emco.co.uk",".  Gentleman  ","has"," said so far"
"portcities.org.uk","and this  pack  ","has"," influenced"
"geologywales.co.uk","over  artist  ","has"," left Andy"
"geologywales.co.uk","Hovey ''s  voice  ","has"," carried loud"
"geologywales.co.uk",". Joe ''s  voice  ","has"," even been used"
"congressfordemocracy.org.uk","that  career  ","has"," kept him very"
"congressfordemocracy.org.uk",", the  composer  ","has"," entered more"
"archaeology.co.uk","  modification  ","has"," been"
"millcroftvets.co.uk",", each  player  ","has"," a stack of"
"millcroftvets.co.uk","even when  play  ","has"," finished and"
"millcroftvets.co.uk","horror  game  ","has"," Fantasy"
"millcroftvets.co.uk","  picture  ","has"," a spider token"
"bravo.co.uk","  remoteness  ","has"," in many ways"
"bravo.co.uk","of  structure  ","has"," been more than"
"bravo.co.uk","this rude  idol  ","has"," an"
"inspectormorse.co.uk","One  programme  ","has"," ended, and"
"inspectormorse.co.uk",". If a  film  ","has"," a budget of"
"bowness.demon.co.uk","  someone  ","has"," previously"
"bowness.demon.co.uk","if your  family  ","has"," the basis of a"
"bowness.demon.co.uk","  cemetery  ","has"," a register"
"bowness.demon.co.uk",". Then, a  form  ","has"," to be"
"bowness.demon.co.uk","  research  ","has"," been changed"
"bowness.demon.co.uk","  computer  ","has"," spawned"
"bowness.demon.co.uk","  Library  ","has"," an extensive"
"bowness.demon.co.uk","SoG ''s  library  ","has"," American"
"bowness.demon.co.uk","recent  years  ","has"," been the"
"bowness.demon.co.uk","SoG  library  ","has"," Palmer ''s"
"bowness.demon.co.uk","''s  bookshop  ","has"," several books"
"bowness.demon.co.uk","  work  ","has"," been"
"bowness.demon.co.uk","SoG ''s  library  ","has"," many books of"
"bowness.demon.co.uk","Service.  PRO  ","has"," extensive"
"lancs.ac.uk","  teachers  ","has"," in recent"
"lancs.ac.uk",". An  evening  ","has"," been arranged"
"lancs.ac.uk","  exhibition  ","has"," been arranged"
"lcace.org.uk","that  mange  ","has"," been caused by"
"lcace.org.uk","Hunt  member  ","has"," been arrested"
"lcace.org.uk","  organisation  ","has"," less than a"
"queens.ox.ac.uk","  minister  ","has"," claimed that"
"queens.ox.ac.uk","  group  ","has"," agreed"
"www-tus.csx.cam.ac.uk","A new  guide  ","has"," been created"
"www-tus.csx.cam.ac.uk","Ivan Lewis  MP  ","has"," commented"
"www-tus.csx.cam.ac.uk","  procedure  ","has"," been"
"www-tus.csx.cam.ac.uk","role  industry  ","has"," to play in the"
"www-tus.csx.cam.ac.uk",". The  project  ","has"," been secured"
"thekeyboard.org.uk",". His  work  ","has"," helped to"
"scalibor.co.uk","that the  law  ","has"," been changed"
"scalibor.co.uk","years in  power  ","has"," finally"
"westdean.org.uk","mute  swans  ","has"," made its home"
"westdean.org.uk","tranquil  town  ","has"," an enviable"
"westdean.org.uk","  balloon  ","has"," flights every"
"exposure.co.uk","type of  tank  ","has"," been used for"
"exposure.co.uk",". The  tank  ","has"," a diameter of"
"users.netmatters.co.uk",". But  legend  ","has"," it that a"
"users.netmatters.co.uk",". Local  legend  ","has"," it the oak was"
"lonympics.co.uk","the  classroom  ","has"," not been"
"tibenham.fsnet.co.uk","  Government  ","has"," decided to"
"bornfree.org.uk",", the  show  ","has"," been able to"
"bornfree.org.uk","AIDS and  sex  ","has"," been taboo,"
"bornfree.org.uk","the  challenge  ","has"," been both to"
"bornfree.org.uk","sex. The  soap  ","has"," even been able"
"bornfree.org.uk","  members  ","has"," taken place"
"windmill.co.uk","  population  ","has"," increased by"
"windmill.co.uk","for the  year  ","has"," indicated a"
"windmill.co.uk","news  prisons  ","has"," not proved to"
"windmill.co.uk",". 8.  Prison  ","has"," a poor record"
"windmill.co.uk","for  burglars  ","has"," increased"
"unitedrant.co.uk","  donation  ","has"," enabled us to"
"churchinwales.org.uk","  population  ","has"," grown slowly"
"churchinwales.org.uk","  colonisation  ","has"," been slow, as"
"churchinwales.org.uk","  behaviour  ","has"," led to the"
"churchinwales.org.uk","  Ospreys  ","has"," been built up"
"kensington-unitarians.org.uk","2005. The  team  ","has"," been"
"admissions.ox.ac.uk",") This  section  ","has"," effect"
"admissions.ox.ac.uk",") This  section  ","has"," effect"
"nof.co.uk","  styles  ","has"," been used and"
"nof.co.uk","Kolb ''s  work  ","has"," influenced"
"nof.co.uk","). Their  site  ","has"," an extensive"
"nof.co.uk","of these  ideas  ","has"," led to the"
"nof.co.uk","The  inventory  ","has"," been used"
"nof.co.uk",",  experience  ","has"," once again"
"nof.co.uk","  event  ","has"," never been"
"nof.co.uk","on  action  ","has"," limitations:"
"nof.co.uk","  cycle  ","has"," been very"
"nof.co.uk",". The  model  ","has"," been"
"nof.co.uk","What  research  ","has"," to say to"
"nof.co.uk",", this  book  ","has"," sold over"
"nof.co.uk","  cycle  ","has"," spawned many"
"artscentral.co.uk",",  something  ","has"," to be said for"
"oncology.cam.ac.uk","  indicator  ","has"," not yet been"
"theedge.abelgratis.co.uk","  progress  ","has"," been made. The"
"theedge.abelgratis.co.uk",", no  progress  ","has"," been made"
"theedge.abelgratis.co.uk","  activity  ","has"," increased by"
"theedge.abelgratis.co.uk","  progress  ","has"," been made in"
"ics.ltsn.ac.uk","  research  ","has"," led many"
"redking.co.uk","last  week  ","has"," caused a storm"
"daydreamnation.co.uk","that this  love  ","has"," existed"
"daydreamnation.co.uk","  direction  ","has"," offered"
"daydreamnation.co.uk","  opportunity  ","has"," been offering"
"daydreamnation.co.uk","  thing--and  ","has"," been, from the"
"bronte.netfury.co.uk","  community  ","has"," also"
"bronte.netfury.co.uk","  military  ","has"," made a"
"bronte.netfury.co.uk",", as the  press  ","has"," reported,"
"brunel.ac.uk","this  invasion  ","has"," caused -"
"brunel.ac.uk","  bomber  ","has"," attacked, we"
"brunel.ac.uk","Now that  war  ","has"," come, Jesus,"
"varley9.freeserve.co.uk","  prosecutor  ","has"," so far refused"
"crusaders.org.uk","  team  ","has"," just landed a"
"crusaders.org.uk","Scotland  team  ","has"," had much"
"kneeling.co.uk",". The  bracelet  ","has"," got solid end"
"kneeling.co.uk",". The  bracelet  ","has"," got solid end"
"kneeling.co.uk",". The  bracelet  ","has"," got solid end"
"kneeling.co.uk",". The  bracelet  ","has"," got solid end"
"kneeling.co.uk",". The  bracelet  ","has"," got solid end"
"kneeling.co.uk",". The  bracelet  ","has"," got solid end"
"kneeling.co.uk",". The  bracelet  ","has"," got solid end"
"kneeling.co.uk",". The  bracelet  ","has"," got solid end"
"kneeling.co.uk",". The  bracelet  ","has"," got solid end"
"britishhighcommission.gov.uk","the  spaghetti  ","has"," squashed"
"britishhighcommission.gov.uk","and  linguists  ","has"," converged to"
"britishhighcommission.gov.uk","of  metaphor  ","has"," a coherent"
"britishhighcommission.gov.uk","the  client  ","has"," not turned"
"britishhighcommission.gov.uk","the  metaphor  ","has"," captured"
"britishhighcommission.gov.uk","your  client  ","has"," discovered"
"britishhighcommission.gov.uk","5 Once a  client  ","has"," developed a"
"motorinsurance.co.uk",": This  page  ","has"," been"
"motorinsurance.co.uk","the  code  ","has"," no legal basis"
"motorinsurance.co.uk",", the  code  ","has"," not been"
"motorinsurance.co.uk","  information  ","has"," been withheld"
"motorinsurance.co.uk","  information  ","has"," been withheld"
"motorinsurance.co.uk","the  code  ","has"," been"
"motorinsurance.co.uk","  stages  ","has"," not occurred."
"motorinsurance.co.uk","  government  ","has"," spent little"
"motorinsurance.co.uk",". The  public  ","has"," no right,"
"anorak.co.uk","  firm  ","has"," agreed to pay"
"lancashire.police.uk","  medicine  ","has"," legitimated"
"lancashire.police.uk"," ","has"," motivated"
"philobiblon.co.uk",", and this  fact  ","has"," been used to"
"philobiblon.co.uk","no  journalist  ","has"," reported it."
"philobiblon.co.uk","  committee  ","has"," issued a"
"philobiblon.co.uk","no AIP  manager  ","has"," disputed this"
"vacant.org.uk","  directory  ","has"," organised"
"partnershiptravel.co.uk",". If one  thing  ","has",""
"partnershiptravel.co.uk","the last  word  ","has"," lain behind"
"partnershiptravel.co.uk","for the  veto  ","has"," not been made."
"artifact.ac.uk","  community  ","has"," its own"
"artifact.ac.uk","and  libraries  ","has"," left us all"
"wh-ireland.co.uk","much  effort  ","has"," gone into this"
"blackpig.co.uk","""  stance  ","has"," attracted"
"blackpig.co.uk","say, the  heat  ","has"," sent everyone"
"blackpig.co.uk","''s  weight  ","has"," reached the"
"blackpig.co.uk","in the  year  ","has"," dropped the"
"blackpig.co.uk","the  paper  ","has"," embraced the"
"4minutes.co.uk",". The  watch  ","has"," a glass"
"4minutes.co.uk",". The  watch  ","has"," a glass"
"4minutes.co.uk",". The  watch  ","has"," a glass"
"bond.org.uk","that  someone  ","has"," an answer or is"
"bond.org.uk","as my  boss  ","has"," had to deal"
"bond.org.uk","as the  case  ","has"," not been heard"
"bond.org.uk",". My  boss  ","has"," already told"
"bond.org.uk","that a  company  ","has"," to make"
"easterneyeuk.co.uk",". The  region  ","has"," a tradition"
"easterneyeuk.co.uk","of  production  ","has"," always been"
"itchyyork.co.uk","  behemoth  ","has"," stepped up its"
"itchyyork.co.uk",",  something  ","has"," to be done"
"itchyyork.co.uk","The Mac  maker  ","has"," filed for a"
"itchyyork.co.uk","optical  mouse  ","has"," been released"
"itchyyork.co.uk","cult  figure  ","has"," received a"
"itchyyork.co.uk","card  maker  ","has"," launched two"
"itchyyork.co.uk","  entrepreneur  ","has"," developed a"
"itchyyork.co.uk","The  company  ","has"," unwrapped a"
"paperworkscardcraft.co.uk",". Then the  poem  ","has"," to be built"
"paperworkscardcraft.co.uk","but each  line  ","has"," an internal"
"paperworkscardcraft.co.uk",". A good  poem  ","has"," to have some"
"candlemaking.org.uk","our  country  ","has"," increased its"
"candlemaking.org.uk","think the  past  ","has"," been based on a"
"palimpsest.org.uk","in  philosophy  ","has"," been broadly"
"palimpsest.org.uk","the  tradition  ","has"," set its"
"palimpsest.org.uk",". This  view  ","has"," two"
"gleeson0.demon.co.uk","''s  research  ","has"," focused"
"ethox.org.uk",") This  fanzine  ","has"," a"
"ethox.org.uk",". This  hotel  ","has"," done both to a"
"blueboxcomms.co.uk","  strategy  ","has"," been around"
"blueboxcomms.co.uk","  pack  ","has"," been... Click"
"swwater.co.uk","  procedures  ","has"," always been"
"portakabin.co.uk","from your  plot  ","has"," a severe"
"museum.woolworths.co.uk","inner  world  ","has"," very little"
"museum.woolworths.co.uk","  solution  ","has"," a natural and"
"museum.woolworths.co.uk","Grove ''s  work  ","has"," become"
"museum.woolworths.co.uk","A gentle  genie  ","has"," escaped from"
"businessweekly.co.uk",". "" ""  Progress  ","has"," been made in"
"raworths.co.uk","in the  school  ","has"," been accepted"
"recklessgardener.co.uk"," ","has"," been"
"recklessgardener.co.uk",", the  culprit  ","has"," been found. A"
"recklessgardener.co.uk","when  everyone  ","has"," gone home,"
"recklessgardener.co.uk",". My  response  ","has"," been to"
"recklessgardener.co.uk","this  meeting  ","has"," added to that"
"pantaneto.co.uk","in this  area  ","has"," been"
"greenleaf.demon.co.uk","  provision  ","has"," changed, and"
"greenleaf.demon.co.uk","of the  child  ","has"," and will"
"woodbridgeproductions.co.uk","  soundtrack  ","has"," been replaced"
"bectu.org.uk","my  ineptitude  ","has"," cost me, it HAS"
"cer.org.uk","main  acronyms  ","has"," been included"
"cer.org.uk","three  years  ","has"," been set aside"
"cer.org.uk","- his  site  ","has"," students with"
"cer.org.uk","  development  ","has"," been driven by"
"comsys.co.uk"," ","has",", in large part"
"penninewaterways.co.uk","  press  ","has"," become the"
"localhistory.scit.wlv.ac.uk","as the  company  ","has"," gone into"
"cyberselect.co.uk","l/ m. The  pump  ","has"," been designed"
"cyberselect.co.uk","l/ m. The  pump  ","has"," been designed"
"cyberselect.co.uk","l/ m. The  pump  ","has"," been designed"
"arc-property.co.uk","''s  software  ","has"," a much better"
"arc-property.co.uk","; my  computer  ","has"," 2 GB RAM, which"
"epilepsy.org.uk","of world  trade  ","has"," been growing."
"epilepsy.org.uk","the  region  ","has"," lost more than"
"epilepsy.org.uk","this  study  ","has"," demonstrated"
"blogigo.co.uk","mins: The  game  ","has"," settled down"
"terramedia.co.uk","man or  woman  ","has"," his own duty,"
"youngresources.co.uk","of  law  ","has"," already been"
"youngresources.co.uk",", the  world  ","has"," learned that"
"youngresources.co.uk","of  language  ","has"," also led to"
"youngresources.co.uk","  countries  ","has"," been used to"
"youngresources.co.uk","The  interview  ","has"," been edited"
"youngresources.co.uk","  Revolution  ","has"," put a lot of"
"youngresources.co.uk","  Revolution  ","has"," in science, in"
"show.me.uk","This  movement  ","has"," long been out"
"show.me.uk","this the  price  ","has"," risen by £15 ("
"samoa.co.uk","fixture  list  ","has"," just been"
"samoa.co.uk","my  cat  ","has"," a doughnut"
"horniman.ac.uk","amount of  time  ","has"," passed since"
"drumnetwork.co.uk","! ""  Rumour  ","has"," it that"
"daydreamnation.co.uk","  collection  ","has"," both Russian"
"daydreamnation.co.uk","orange  colour  ","has"," caught her eye"
"darkstar1.co.uk"," ","has"," been to break"
"ouabc.co.uk","  technology  ","has"," developed"
"ouabc.co.uk",". This  growth  ","has"," in turn given a"
"education.bham.ac.uk","of  scientists  ","has"," broken the"
"education.bham.ac.uk","of S.  pombe  ","has"," been released"
"royalpioneercorps.co.uk","Previous  work  ","has"," included an"
"rob.annable.co.uk","whose  work  ","has"," aims similar"
"buildingdesign.co.uk","go. The  site  ","has"," a lovely"
"buildingdesign.co.uk","go. The  site  ","has"," a lovely"
"buildingdesign.co.uk","and the  site  ","has"," never seemed"
"politicalcartoon.co.uk","  dioxide  ","has"," never been so"
"politicalcartoon.co.uk","extra  lime  ","has"," boosted them"
"politicalcartoon.co.uk","of our  chaps  ","has"," had some"
"politicalcartoon.co.uk","  sweetcorn  ","has"," been patchy,"
"politicalcartoon.co.uk","this  weekend  ","has"," been and I"
"politicalcartoon.co.uk","winter the  bin  ","has"," become"
"politicalcartoon.co.uk","how this  site  ","has"," grown. When I"
"ccruni.gov.uk","in his  mercy  ","has"," removed our"
"ccruni.gov.uk",".  Everyone  ","has"," a story to tell"
"micromaterials.co.uk","that his  head  ","has"," been shaved,"
"richard.clark32.btinternet.co.uk","  Government  ","has"," commissioned"
"aimhigher.ac.uk",", the  time  ","has"," come. LINKS to"
"aimhigher.ac.uk","this  website  ","has"," been"
"bond.org.uk","the  agreement  ","has"," not covered -"
"bond.org.uk","the  landlord  ","has"," given consent"
"bond.org.uk","the  tenant  ","has"," not already"
"bond.org.uk",", the  tenant  ","has"," the benefit of"
"bond.org.uk",". The  landlord  ","has"," to pay out full"
"bond.org.uk","  arbitrator  ","has"," really, er. . ."
"davidlammy.co.uk","cat  collar  ","has"," a leap"
"idler.co.uk",". The  rider  ","has"," to go across"
"www2.sas.ac.uk","daily  prayer  ","has"," been written"
"www2.sas.ac.uk",". Each  story  ","has"," some thoughts"
"sportabroad.co.uk",". The  map  ","has"," already"
"sportabroad.co.uk","The mouse  map  ","has"," been released"
"thenewspaper.org.uk","Your  browser  ","has"," JavaScript"
"thenewspaper.org.uk","of  cancer  ","has"," grown to"
"thenewspaper.org.uk","by  industry  ","has"," grown"
"wildfowling.co.uk","  prison  ","has"," increased by"
"materials.ac.uk","... if  anyone  ","has"," any ideas I"
"cls.ioe.ac.uk","mins: The  game  ","has"," gone very flat"
"cls.ioe.ac.uk",". The  winger  ","has"," not been"
"portakabin.co.uk","in this  area  ","has"," been the user"
"portakabin.co.uk",", the  pride  ","has"," to explore and"
"portakabin.co.uk","the dead  lion  ","has"," to return to"
"portakabin.co.uk","pride of  lions  ","has"," to work"
"portakabin.co.uk","  interface  ","has"," supported our"
"assetprotections.co.uk","but if  anyone  ","has"," any better"
"fonefunshop.co.uk","  variations  ","has"," been for the"
"fonefunshop.co.uk","  website  ","has"," published"
"sainsburysbank.co.uk",". Now a new  face  ","has"," arrived on the"
"omni.ac.uk","a lot of  aid  ","has"," been misused"
"omni.ac.uk","deal of  aid  ","has"," sapped rather"
"crwth.org.uk","  literature  ","has"," identified"
"crwth.org.uk","  role  ","has"," enjoyed"
"eng.cam.ac.uk","W. X.  version  ","has"," plastered on"
"emotionalprocessing.org.uk"," ","has"," been advised"
"artatwalsall.org.uk","  committee  ","has"," 12 members (10"
"artatwalsall.org.uk","  economy  ","has",""
"artatwalsall.org.uk","economic  base  ","has"," broadened,"
"artatwalsall.org.uk","in rural  areas  ","has"," fallen with a"
"irdp.co.uk","an  interview  ","has","n''t happened"
"irdp.co.uk","a new  contract  ","has"," been going"
"andrewcrace.co.uk","  series  ","has"," continued in"
"andrewcrace.co.uk","After a  player  ","has"," performed as"
"andrewcrace.co.uk","when a  player  ","has"," constructed a"
"mara.org.uk","''s  success  ","has"," been built"
"richmondreview.co.uk","my right  leg  ","has"," more of a"
"thenortheast.fsnet.co.uk","  government  ","has"," set targets"
"socialism.org.uk","The  dose  ","has"," been worked"
"qaa.ac.uk","modern  period  ","has"," been"
"stevepsharpe.co.uk","  programme  ","has"," been lined up,"
"stevepsharpe.co.uk","of how  fandom  ","has"," grown, the"
"stevepsharpe.co.uk",". The  rest  ","has"," to be a letdown"
"walterscott.lib.ed.ac.uk",": This  page  ","has"," been"
"walterscott.lib.ed.ac.uk","and  work  ","has"," a good chance"
"walterscott.lib.ed.ac.uk","  department  ","has"," so far issued;"
"walterscott.lib.ed.ac.uk","  Hansard  ","has"," been made"
"article19.co.uk",", the  defence  ","has"," always"
"webmaster.lycos.co.uk","  character  ","has"," a panic value ("
"show.me.uk",". Each  species  ","has"," a different"
"show.me.uk","  engineering  ","has"," greatly"
"thesmallholdingcentre.co.uk","sure a  student  ","has"," achieved them"
"thesmallholdingcentre.co.uk","them.  Work  ","has"," been done on"
"homepages.gold.ac.uk","their  support  ","has"," been bad,"
"sherlock-holmes.classic-literature.co.uk",". Our  trade  ","has"," increased"
"sherlock-holmes.classic-literature.co.uk","  Government  ","has"," promised a"
"sherlock-holmes.classic-literature.co.uk","  agreement  ","has"," contributed"
"sherlock-holmes.classic-literature.co.uk","  industry  ","has"," benefited"
"sherlock-holmes.classic-literature.co.uk","''s  membership  ","has"," even more"
"jcrwww.quns.cam.ac.uk","  settlement  ","has"," been reached"
"jcrwww.quns.cam.ac.uk","  staff  ","has"," been"
"jcrwww.quns.cam.ac.uk","  opportunity  ","has"," been taken to"
"jcrwww.quns.cam.ac.uk","of  staff  ","has"," received a"
"daydreamnation.co.uk","the  taxpayer  ","has"," been mulcted"
"daydreamnation.co.uk","  gamekeeper  ","has"," upset the"
"daydreamnation.co.uk","  Government  ","has"," yet to prove"
"4rfv.co.uk","any  actions  ","has"," to have full"
"4rfv.co.uk","wider  picture  ","has"," to be"
"jennifermackenzie.co.uk","). The  webcam  ","has"," shown the"
"jennifermackenzie.co.uk","of the  camera  ","has"," yet coincided"
"aaps.ed.ac.uk","(NB this  paper  ","has"," now been"
"aaps.ed.ac.uk","in  education  ","has"," focused on the"
"aaps.ed.ac.uk","  gaming  ","has"," made into the"
"aaps.ed.ac.uk","of this  work  ","has"," to date been"
"busybeebasics.co.uk",", more  care  ","has"," to be taken to"
"busybeebasics.co.uk","%, but  storage  ","has"," to be"
"the-stationery-office.co.uk","and  history  ","has"," benefited"
"contemporaryart4all.co.uk",". This  article  ","has"," three"
"contemporaryart4all.co.uk",": This  article  ","has"," three"
"contemporaryart4all.co.uk","systems.  Fear  ","Has"," The Largest"
"contemporaryart4all.co.uk","denial. ""  Fear  ","has"," the largest"
"contemporaryart4all.co.uk","twelve  years  ","has"," been"
"contemporaryart4all.co.uk","  practitioner  ","has"," prescribed"
"contemporaryart4all.co.uk","of  gold  ","has"," gone hand in"
"slough.gov.uk","the  car  ","has"," been in a crash"
"stewardsschool.co.uk","but the  ball  ","has"," too much pace"
"pensionsworld.co.uk","  legislation  ","has"," exemptions,"
"thefword.org.uk","  compass  ","has"," come up before"
"thefword.org.uk","my  employee  ","has"," upped and left"
"thefword.org.uk",", this  month  ","has"," been"
"thefword.org.uk","If  anyone  ","has"," any smart"
"erieri.co.uk",", whose  lens  ","has"," exactly the"
"erieri.co.uk",". A  hero  ","has"," flaws, to be"
"org.suw.org.uk","  population  ","has"," grown from"
"org.suw.org.uk","107 days.  eEye  ","has"," a policy of"
"org.suw.org.uk","of  flaws  ","has"," been a hotly"
"tradefair.co.uk","  something  ","has"," been done in a"
"tradefair.co.uk",". My new  laptop  ","has"," an integrated"
"hlst.heacademy.ac.uk","  Government  ","has"," responded to"
"flycom.co.uk","  format  ","has"," been"
"flycom.co.uk","a  contributor  ","has"," recently"
"palimpsest.org.uk","  ingenuity  ","has"," been devoted"
"palimpsest.org.uk","human  nature  ","has"," triumphed"
"golgotha.org.uk","dog  lead  ","has"," 1.33 metres/"
"golgotha.org.uk","cord dog  lead  ","has"," a single"
"golgotha.org.uk","tape dog  lead  ","has"," a single"
"golgotha.org.uk","dog  lead  ","has"," 5 metres/"
"golgotha.org.uk","dog  lead  ","has"," 5 metres/"
"golgotha.org.uk","dog  lead  ","has"," 5 metres/"
"golgotha.org.uk",". This dog  lead  ","has"," red flashing"
"turkeyrealestate.co.uk",". The  address  ","has"," also changed"
"turningtools.co.uk","  territories  ","has"," accentuated"
"turningtools.co.uk","  conflict  ","has"," also provoked"
"dcs.ed.ac.uk","magic  trick  ","has"," been the"
"dcs.ed.ac.uk",".  Something  ","has"," certainly"
"tastyfanzine.org.uk","  website  ","has"," been created"
"scotlandoffice.gov.uk","meeting  place  ","has"," proved to be"
"scotlandoffice.gov.uk",".  MODELS  ","has"," been"
"scotlandoffice.gov.uk","Agora  project  ","has"," foreseen, and"
"scotlandoffice.gov.uk","a real  system  ","has"," provided a"
"scotlandoffice.gov.uk","Agora  project  ","has"," made real ''"
"queens.ox.ac.uk","modern  office  ","has"," little to"
"silverprint.co.uk","and that  route  ","has"," been"
"silverprint.co.uk","and my  wife  ","has"," difficulties"
"silverprint.co.uk","on-board  food  ","has"," problems; I"
"raworths.co.uk"," ","has"," been around"
"pearsoned.co.uk","  Transparency  ","has"," become a hot"
"pearsoned.co.uk","  anyone  ","has"," said it should"
"pearsoned.co.uk","ICANN  meeting  ","has"," been really"
"languagesabroad.co.uk",". The  group  ","has"," helped a"
"languagesabroad.co.uk",". The  problem  ","has"," got so bad that"
"languagesabroad.co.uk","their  company  ","has"," an atmosphere"
"languagesabroad.co.uk","their  company  ","has"," a? generally"
"languagesabroad.co.uk","  chairman  ","has"," been fined at"
"languagesabroad.co.uk","that  business  ","has"," to play its"
"languagesabroad.co.uk","  magazine  ","has"," reported that"
"languagesabroad.co.uk","present  law  ","has"," collapsed"
"languagesabroad.co.uk",".  Punctuality  ","has"," still not"
"crwth.org.uk","Each  shipment  ","has"," to spend about"
"phundria.org.uk",", the  world  ","has"," gaped, in"
"phundria.org.uk","''s  Purse  ","has"," been"
"phundria.org.uk","  alliance  ","has"," united"
"phundria.org.uk","  coalition  ","has"," strong"
"phundria.org.uk","  warmongering  ","has"," been to"
"socresonline.org.uk","  movement  ","has"," lost its way,"
"socresonline.org.uk","  individual  ","has"," distorted our"
"socresonline.org.uk","is that  art  ","has"," an emphasis on"
"socresonline.org.uk",".  Craft  ","has"," lost its way"
"socresonline.org.uk","as the  theatre  ","has"," an audience of"
"socresonline.org.uk","craft  world  ","has"," become a"
"assetprotections.co.uk","of the  disease  ","has"," been subject"
"niftc.co.uk","  instrument  ","has"," a warm sound on"
"financial-ombudsman.org.uk","  everybody  ","has"," but nobody can"
"financial-ombudsman.org.uk","Korean  cinema  ","has"," evolved since"
"assemblyrooms.org.uk","natural  shape  ","has"," won the top"
"assemblyrooms.org.uk","  college  ","has"," learned with"
"assemblyrooms.org.uk","  graduate  ","has"," died while"
"assemblyrooms.org.uk","  student  ","has"," won an award"
"assemblyrooms.org.uk","PhD  student  ","has"," won the"
"assemblyrooms.org.uk","  student  ","has"," won a prize"
"kensington-unitarians.org.uk","wall of  shame  ","has"," more entries"
"localhistory.scit.wlv.ac.uk","to day  events  ","has"," dispersed,"
"localhistory.scit.wlv.ac.uk","  research  ","has"," shown, it is"
"localhistory.scit.wlv.ac.uk","of  technology  ","has"," continued to"
"localhistory.scit.wlv.ac.uk","phone  call  ","has"," fallen to a"
"localhistory.scit.wlv.ac.uk","  power  ","has"," doubled every"
"localhistory.scit.wlv.ac.uk","  procurement  ","has"," the maximum"
"localhistory.scit.wlv.ac.uk","  messages  ","has"," reduced the"
"localhistory.scit.wlv.ac.uk","  booking  ","has"," reduced"
"projex.demon.co.uk","and the  result  ","has"," been massive"
"projex.demon.co.uk","  compulsion  ","has"," been tried has"
"woodlands-junior.kent.sch.uk","Want. The  poll  ","has"," been"
"youngresources.co.uk","  specialist  ","has"," discharged me"
"youngresources.co.uk","% to 50 % of  pain  ","has"," gone. I hope"
"youngresources.co.uk","  chiropractor  ","has"," wanted me to"
"youngresources.co.uk","for  years  ","has"," had"
"youngresources.co.uk","will  work  ","has"," an impact"
"wellingboroughtownfc.co.uk","into  birds  ","has"," found that"
"wellingboroughtownfc.co.uk",". A  study  ","has"," shown that"
"wellingboroughtownfc.co.uk","of the  circle  ","has"," a bed. Roll it"
"christie.man.ac.uk","This  course  ","has"," three main"
"naldic.org.uk","sexual  ritual  ","has"," played an"
"catalystconference.co.uk","now, the  brain  ","has"," gone "" belle"
"handicap-international.org.uk",". The  website  ","has"," been"
"handicap-international.org.uk","The  site  ","has"," been built"
"jennifermackenzie.co.uk","  company  ","has"," recently"
"jennifermackenzie.co.uk",""" Your  country  ","has"," lost the"
"jennifermackenzie.co.uk",", the  story  ","has"," circulated"
"diabetesdialogue.org.uk",". BRu ENC  copy  ","has"," list of errata"
"diabetesdialogue.org.uk","  copy  ","has"," pencilled"
"diabetesdialogue.org.uk","  circumstance  ","has"," induced me,"
"diabetesdialogue.org.uk",", that a  novel  ","has"," been already"
"diabetesdialogue.org.uk","1833  imprint  ","has"," been"
"diabetesdialogue.org.uk","The  selection  ","has"," been made"
"diabetesdialogue.org.uk","to the  public  ","has"," been"
"diabetesdialogue.org.uk","  progress  ","has"," attended the"
"diabetesdialogue.org.uk","'' of  settlers  ","has"," been supplied"
"diabetesdialogue.org.uk","; no  trace  ","has"," been found of a"
"diabetesdialogue.org.uk","the  author  ","has","? sometimes"
"diabetesdialogue.org.uk","the  author  ","has","? appended to"
"diabetesdialogue.org.uk","this  problem  ","has"," been"
"adfam-parents.org.uk","an  applicant  ","has"," to disclose a"
"adfam-parents.org.uk","  interviewer  ","has"," an open mind"
"careers.ed.ac.uk","Fall  follower  ","has"," their own"
"nottinghillhousing.org.uk","little  town  ","has"," about 12,000"
"divinity.cam.ac.uk",")  function  ","has"," the same"
"the-shipman-inquiry.org.uk","Manor  project  ","has"," achieved"
"the-shipman-inquiry.org.uk",". This  stone  ","has"," been used"
"contemporaryart4all.co.uk","  teleworking  ","has","n''t "" invented"
"contemporaryart4all.co.uk"," ","has"," to be given to"
"robertbuchanan.mysite.wanadoo-members.co.uk","  machine  ","has","n''t caused"
"robertbuchanan.mysite.wanadoo-members.co.uk",", the  military  ","has"," some idea how"
"robertbuchanan.mysite.wanadoo-members.co.uk","whole  thing  ","has"," affected me"
"robertbuchanan.mysite.wanadoo-members.co.uk","  facility  ","has"," mostly kept me"
"robertbuchanan.mysite.wanadoo-members.co.uk","in his  command  ","has"," just - I don''t"
"e-learningcentre.co.uk","  medication  ","has"," had a chance to"
"e-learningcentre.co.uk",";  mummy  ","has"," brought you a"
"e-learningcentre.co.uk","see what  mummy  ","has"," got for you,"
"e-learningcentre.co.uk",",  mummy  ","has"," to go now but I"
"tqc.co.uk","  software  ","has"," gone"
"tqc.co.uk","  motherboard  ","has"," Serial ATA"
"consensusmediation.co.uk","Sales  Module  ","has"," been"
"consensusmediation.co.uk","that  software  ","has"," to be"
"consensusmediation.co.uk","  account  ","has"," its own"
"gleeson0.demon.co.uk","on inside:  o(  ","Has"," ANYONE found a"
"gleeson0.demon.co.uk","side  effect  ","has"," been a"
"cep.lse.ac.uk","the  timetable  ","has"," been made"
"practicalpc.co.uk","  everybody  ","has"," loads of fun"
"practicalpc.co.uk","each  player  ","has"," been dealt a"
"practicalpc.co.uk","? (each  player  ","has"," one of these"
"practicalpc.co.uk",", each  player  ","has"," two question"
"practicalpc.co.uk","a  question  ","has"," been asked."
"eagle19.freeserve.co.uk"," ","has"," become even"
"huli.group.shef.ac.uk","  office  ","has"," demanded that"
"congressfordemocracy.org.uk",". My  research  ","has"," enabled me to"
"irfilters.reading.ac.uk","Much of my  work  ","has"," focused on the"
"miketaylor.org.uk",". This  scheme  ","has"," now been"
"york.gov.uk","''s why the  cat  ","has"," that"
"v-e-t-s.co.uk","  diversity  ","has"," not only"
"v-e-t-s.co.uk","or  welfare  ","has"," a deleterious"
"v-e-t-s.co.uk","  education  ","has"," taken place."
"women.timesonline.co.uk","if  everything  ","has"," been"
"women.timesonline.co.uk","Once the  crowd  ","has"," reached a"
"newbalance.co.uk",", a US  designer  ","has"," turned what he"
"people.co.uk","  project  ","has"," documents for"
"people.co.uk","  developer  ","has"," a working copy"
"skyscript.co.uk","of  stations  ","has"," been growing"
"bayfordkarting.co.uk",". This  course  ","has"," been"
"dcs.gov.uk","! My  wife  ","has"," always been a"
"oceanvillageholidays.co.uk","wider  network  ","has"," an Executive"
"oceanvillageholidays.co.uk","  development  ","has"," been the award"
"oceanvillageholidays.co.uk",". An ESRC  award  ","has"," been granted"
"oceanvillageholidays.co.uk","outline  bid  ","has"," been"
"durhamcathedral.co.uk","''s  version  ","has"," been designed"
"risc.org.uk","this  money  ","has"," not been"
"portsmouthfairtrade.org.uk",", a new  survey  ","has"," shown."
"portsmouthfairtrade.org.uk","in  poverty  ","has"," increased"
"maths.leeds.ac.uk","that a  player  ","has",", for having"
"maths.leeds.ac.uk",", if a  player  ","has"," more than"
"javu.co.uk","child ''s  trust  ","has"," been lost, it"
"javu.co.uk","of  feminism  ","has"," little to do"
"voicetraining.co.uk","  department  ","has"," an"
"voicetraining.co.uk","  department  ","has"," two surgeons"
"localhistory.scit.wlv.ac.uk","A broader  duty  ","has"," since"
"saints-alive.co.uk",": This  page  ","has"," been"
"saints-alive.co.uk","  provision  ","has"," not yet been"
"saints-alive.co.uk","  record  ","has"," not been"
"saints-alive.co.uk","on the  amount  ","has"," been taken it"
"saints-alive.co.uk","  information  ","has"," been deleted."
"saints-alive.co.uk","  information  ","has"," been withheld"
"saints-alive.co.uk","  application  ","has"," with proper"
"saints-alive.co.uk","  decision  ","has"," been taken and"
"saints-alive.co.uk","  decision  ","has"," been taken or"
"saints-alive.co.uk","the  matter  ","has"," ceased to be"
"saints-alive.co.uk","  decision  ","has"," been taken. In"
"saints-alive.co.uk","the  authority  ","has"," taken"
"saints-alive.co.uk","  authority  ","has"," failed to"
"saints-alive.co.uk","no such  action  ","has"," been taken ("
"saints-alive.co.uk","the  defendant  ","has"," before making"
"networkdvd.co.uk","  market  ","has"," exacerbated"
"ocv.org.uk","opinion  poll  ","has"," ever thought"
"ocv.org.uk","'' Direct  Rule  ","has"," now lasted"
"ocv.org.uk","All this  power  ","has"," been taken"
"ocv.org.uk",". His own  party  ","has"," no experience"
"viglen.co.uk","US  government  ","has"," done exactly"
"justride.co.uk","the  machine  ","has"," a twin disc"
"justride.co.uk","gear  change  ","has"," been much"
"btp.police.uk","Nails  site  ","has"," content and a"
"sudokuz.co.uk","  rain  ","has"," abated but the"
"forum.cantstopthesignal.co.uk",". FF: The  cast  ","has"," to help when it"
"viva.org.uk",". Our  service  ","has"," improved"
"simetric.co.uk",",  reading  ","has"," been the focus"
"simetric.co.uk","  difficulties  ","has"," become more"
"simetric.co.uk","all  students  ","has"," required the"
"simetric.co.uk","  examination  ","has"," been the"
"law.cam.ac.uk",". The  lavatory  ","has"," only one"
"law.cam.ac.uk","each  patient  ","has"," only 264 cubic"
"davidcheethamgardens.co.uk","  change  ","has"," occurred in"
"davidcheethamgardens.co.uk","other  animal  ","has"," come near to"
"davidcheethamgardens.co.uk","But the  artist  ","has"," chosen to cap"
"davidcheethamgardens.co.uk","  history  ","has"," developed"
"davidcheethamgardens.co.uk","  mankind  ","has"," no animal"
"udsu.co.uk","spam  filter  ","has"," been updated"
"udsu.co.uk","  support  ","has"," been dropped"
"udsu.co.uk","  support  ","has"," been dropped"
"cheers-wine-merchants.co.uk","my  husband  ","has"," the passion as"
"uncaged.co.uk","good  practice  ","has"," a chance of"
"uncaged.co.uk","  estate  ","has"," been"
"literacytrust.org.uk",", whose  work  ","has",""
"literacytrust.org.uk","the  author  ","has"," gathered over"
"literacytrust.org.uk","*  Everyone  ","has"," access to the"
"literacytrust.org.uk","third  edition  ","has"," been designed"
"shop.gameplay.co.uk",": This  article  ","has"," had a portion"
"stainer.co.uk",". The  facility  ","has"," an ergometric"
"e-learningcentre.co.uk","for  war  ","has"," been exposed"
"e-learningcentre.co.uk","the  dossier  ","has"," proved to be"
"e-learningcentre.co.uk","the  dossier  ","has"," proved to be"
"e-learningcentre.co.uk","  assessment  ","has"," been passed to"
"e-learningcentre.co.uk","  Government  ","has",", according to"
"roymech.co.uk","  soundtrack  ","has"," its own unique"
"roymech.co.uk","of the  tracks  ","has"," some unusual"
"caroluk.co.uk",". The  house  ","has"," since been"
"my-history.co.uk","science,  art  ","has"," unfairly"
"my-history.co.uk","and  science  ","has"," stood ever"
"paperworkscardcraft.co.uk",". Your  crush  ","has"," a really"
"ind.homeoffice.gov.uk","  absence  ","has"," been reduced"
"whistler.arts.gla.ac.uk","when my  patch  ","has"," to come off, i"
"millcroftvets.co.uk",". The  system  ","has"," recently"
"congressfordemocracy.org.uk","  player  ","has"," the scenario"
"congressfordemocracy.org.uk","so each  weapon  ","has"," different"
"congressfordemocracy.org.uk","  everything  ","has"," been punched"
"hilton.org.uk","of  diversity  ","has"," to be evident"
"orbitsw.co.uk","of  normality  ","has"," returned to"
"orbitsw.co.uk","  structure  ","has"," not been used"
"orbitsw.co.uk","  attention  ","has"," been diverted"
"orbitsw.co.uk","  conflict  ","has"," created the"
"orbitsw.co.uk","  fighting  ","has"," stopped and"
"orbitsw.co.uk","  hierarchy  ","has"," been set up in"
"orbitsw.co.uk","of  normality  ","has"," also returned"
"orbitsw.co.uk","River  traffic  ","has"," opened up on"
"orbitsw.co.uk",". The  economy  ","has"," enjoyed"
"orbitsw.co.uk","  businesses  ","has"," been blocked."
"orbitsw.co.uk","  constitution  ","has"," not yet been"
"orbitsw.co.uk","  progress  ","has"," been made in"
"orbitsw.co.uk","  progress  ","has"," really been"
"orbitsw.co.uk","Some  progress  ","has"," to be made, not"
"orbitsw.co.uk","  process  ","has"," moved on."
"orbitsw.co.uk","  institution  ","has"," its role to"
"alternatetakes.co.uk",", if the  delay  ","has"," been"
"inspectormorse.co.uk","  education  ","has"," resulted from"
"inspectormorse.co.uk","''s  viability  ","has"," been fully"
"inspectormorse.co.uk"," ","has"," to be looked at"
"inspectormorse.co.uk","of  activity  ","has"," been"
"inspectormorse.co.uk","  basis  ","has"," been a"
"inspectormorse.co.uk","  education  ","has"," highlighted,"
"inspectormorse.co.uk","  education  ","has"," been closely"
"inspectormorse.co.uk","  schools  ","has"," to build up a"
"princes-trust.org.uk","  literature  ","has"," however"
"princes-trust.org.uk","that the  child  ","has"," the right to"
"princes-trust.org.uk","each  family  ","has"," a unique set of"
"bplans.co.uk","this as  fact  ","has"," taken away a"
"directline-citybreaks.co.uk","the  project  ","has"," come in at"
"hiddenhurt.co.uk","''s  life  ","has"," never been"
"key-arts.co.uk",". His  research  ","has"," taken"
"key-arts.co.uk",". The  flat  ","has"," one double"
"key-arts.co.uk",". The  block  ","has"," security"
"wildfowling.co.uk","  spectroscopy  ","has"," not tested the"
"wildfowling.co.uk","  spectroscopy  ","has"," not tested the"
"wildfowling.co.uk",", this  study  ","has"," shown that"
"wildfowling.co.uk","to the  models  ","has"," been"
"wildfowling.co.uk","model.  Effort  ","has"," been made to"
"wildfowling.co.uk","  calibration  ","has"," demonstrated"
"wildfowling.co.uk","of fibre  probe  ","has"," provided"
"wildfowling.co.uk","This  study  ","has"," demonstrated"
"wildfowling.co.uk","  models  ","has"," been"
"wildfowling.co.uk","  tool  ","has"," been"
"mrl.nott.ac.uk","duvet  cover  ","has"," sunk from a 2 to"
"vam.ac.uk","correct  fee  ","has"," been received"
"bectu.org.uk","of  companies  ","has"," tentacles"
"bectu.org.uk","[ the  price  ","has"," now been"
"bectu.org.uk","that the  thing  ","has"," out of"
"skyscript.co.uk",". When her  work  ","has"," been"
"skyscript.co.uk",",  woman  ","has"," been"
"skyscript.co.uk",", as hole.  Man  ","has"," been the"
"skyscript.co.uk","  space  ","has"," become filled"
"skyscript.co.uk","Her  sculpture  ","has"," the look of a"
"gerald-massey.org.uk","run of  results  ","has"," left the first"
"gerald-massey.org.uk","the  team  ","has"," struggled,"
"orbitbooks.co.uk",". The  vaccine  ","has"," a 60 % to 70 %"
"orbitbooks.co.uk","  individual  ","has"," risk factors,"
"orbitbooks.co.uk","  medicines  ","has"," different"
"bowness.demon.co.uk","and  poverty  ","has"," decreased"
"bowness.demon.co.uk","  sectors  ","has"," fuelled"
"bowness.demon.co.uk","2003  Poverty  ","has"," declined and"
"bowness.demon.co.uk","poverty  rates  ","has"," shown signs of"
"bowness.demon.co.uk","  progress  ","has"," been made in"
"2step-garage.co.uk","the  youngster  ","has"," attended on"
"antarctica.ac.uk","  community  ","has"," been opposing"
"p-jones.demon.co.uk","much  history  ","has"," been lost by"
"isomatic.co.uk","a lush guy/  gal  ","has"," just asked for"
"cyberselect.co.uk","the  quality  ","has"," also been"
"pressbox.co.uk","Provider  form  ","has"," been"
"staffshousing.org.uk",". The  village  ","has"," long been the"
"blogigo.co.uk","this  problem  ","has"," a slightly"
"exporteastofengland.org.uk","fact the  level  ","has"," a very good"
"exporteastofengland.org.uk","the  player  ","has"," to play quite"
"harringtonmuseum.org.uk","may be at  risk  ","has"," been"
"gc-database.co.uk","  stopper  ","has"," to react"
"dailyinfo.co.uk","it has (  drink  ","has"," a tendency to"
"dailyinfo.co.uk",": her  life  ","has",""
"pixeltechnology.co.uk","human  genome  ","has"," been manually"
"newburytheatre.co.uk","  participant  ","has"," less chance of"
"redking.co.uk","  critique  ","has"," intersected"
"redking.co.uk","  studies  ","has"," been towards"
"redking.co.uk","  interests  ","has"," been diluted,"
"redking.co.uk","  studies  ","has"," followed from"
"redking.co.uk","] the  approach  ","has"," encouraged"
"redking.co.uk",", the  approach  ","has"," encouraged"
"redking.co.uk","  activity  ","has"," likewise been"
"redking.co.uk","  context  ","has"," done much to"
"redking.co.uk","  scholarship  ","has"," also tended to"
"redking.co.uk","and  others  ","has"," made us much"
"redking.co.uk","''s  thinking  ","has"," been enhanced"
"redking.co.uk","  theory  ","has"," shown that"
"redking.co.uk","of the  History  ","has"," exercised"
"redking.co.uk","new  dimension  ","has"," been added to"
"redking.co.uk","''  achievement  ","has"," depended on"
"jcrwww.quns.cam.ac.uk","  everyone  ","has"," ''switched off"
"jcrwww.quns.cam.ac.uk","Once  everyone  ","has"," a reasonably"
"casino.loquax.co.uk","a salesman  b.  ","has"," just had a"
"viva.org.uk",". The  episode  ","has"," a good"
"naldic.org.uk","their  laptop  ","has"," made them more"
"davidcheethamgardens.co.uk","Chelsea  man  ","has"," struggled to"
"integral.co.uk","and  buildings  ","has"," been part of an"
"integral.co.uk","  resistance  ","has"," become - and"
"integral.co.uk","IDF  soldier  ","has"," clearly been"
"integral.co.uk"," ","has"," collapsed and"
"integral.co.uk","  policy  ","has"," resulted in"
"teesvalleyfinance.co.uk","  Nonviolence  ","has"," just started"
"teesvalleyfinance.co.uk",": "" This  piano  ","has"," been played by"
"teesvalleyfinance.co.uk","African  woman  ","has"," been"
"teesvalleyfinance.co.uk",",  nothing  ","has"," contributed"
"cruisedirect.co.uk","what  work  ","has"," been second"
"cruisedirect.co.uk","Good  progress  ","has"," been made and"
"cruisedirect.co.uk","''s  committee  ","has"," carried out a"
"cs.ucl.ac.uk","when the  herd  ","has"," been"
"cs.ucl.ac.uk",", the  society  ","has"," always"
"cs.ucl.ac.uk","over which  man  ","has"," no control"
"cs.ucl.ac.uk",", the  hunt  ","has"," until now been"
"cs.ucl.ac.uk","once a  shooter  ","has"," selected a"
"cs.ucl.ac.uk","on his  land  ","has"," (in the eyes of"
"cs.ucl.ac.uk","  consultation  ","has"," been"
"realclassic.co.uk",". Every  tweak  ","has"," been done to"
"realclassic.co.uk",". "" By 8am  play  ","has"," started out on"
"realclassic.co.uk",". "" By 8am  play  ","has"," started out on"
"supertarot.co.uk",". sunarc.  org/  ","has"," further"
"supertarot.co.uk","of  sardines  ","has"," over 2g omega 3"
"iiss.org.uk","a firm  date  ","has"," really been"
"iiss.org.uk","  government  ","has"," been involved"
"huli.group.shef.ac.uk","the  Agreement  ","has"," been"
"huli.group.shef.ac.uk","  provider  ","has"," completed a"
"gwydir.demon.co.uk","  devices  ","has"," found that"
"gwydir.demon.co.uk",". The  company  ","has"," two U. S."
"jamescowper.co.uk",". The  episode  ","has"," a good"
"jamescowper.co.uk","- This  level  ","has"," all 3 keycards"
"aeroflight.co.uk","  pamphlet  ","has"," a winning"
"ashmol.ox.ac.uk","the  referee  ","has"," finally ran"
"ashmol.ox.ac.uk","their  display  ","has"," been a lot"
"re-skill.org.uk",".  Highlander  ","has"," implemented"
"srtl.co.uk",". Murano  glass  ","has"," a long"
"getahead.ltd.uk",", my  balance  ","has"," got to the"
"alcs.group.shef.ac.uk","  radars  ","has"," lead to the"
"alcs.group.shef.ac.uk","  funding  ","has"," recently been"
"ch.ic.ac.uk","great  film  ","has"," been reduced"
"far-eastern-heroes.org.uk","their  scope  ","has"," exited. If"
"far-eastern-heroes.org.uk",""" The  array  ","has"," "", scalar ("
"far-eastern-heroes.org.uk",". The  array  ","has"," 6 elements: 0,"
"far-eastern-heroes.org.uk","print ""  @$aref  ","has"," more than"
"far-eastern-heroes.org.uk","@d); print ""  @a  ","has"," more than @b\n"
"far-eastern-heroes.org.uk","; } and  someone  ","has"," been calling"
"far-eastern-heroes.org.uk","built-in  glob  ","has"," different"
"zx81.org.uk","  employment  ","has"," on children ''s"
"threader.ecs.soton.ac.uk","mins: The  game  ","has"," gone a bit flat"
"threader.ecs.soton.ac.uk","and every  fan  ","has"," witnessed the"
"a-day-in-the-life.powys.org.uk","  choice  ","has"," been"
"a-day-in-the-life.powys.org.uk","  inclusion  ","has"," a strong"
"biochem.ucl.ac.uk",""" but the  role  ","has","n''t been"
"eng.ox.ac.uk",").  Everybody  ","has"," their own"
"eng.ox.ac.uk","  character  ","has"," the same basic"
"mud.co.uk","  funding  ","has"," never been"
"mud.co.uk","So the  race  ","has"," begun to"
"mud.co.uk","deal of  money  ","has"," and will"
"kensington-unitarians.org.uk","  introduction  ","has"," been added."
"assetprotections.co.uk","the  council  ","has"," immediate"
"jedisparadise.co.uk","the  directive  ","has"," been, or will"
"bcis.org.uk",". (His  legend  ","has"," him end his"
"bcis.org.uk","the  pattern  ","has"," persisted"
"bcis.org.uk","and  tradition  ","has"," forgotten it."
"bcis.org.uk","  tradition  ","has"," supplemented"
"bcis.org.uk","a small  hollow  ","has"," been carved"
"microscopy-uk.org.uk","  student  ","has"," won a national"
"microscopy-uk.org.uk","think  tanks  ","has"," taken up a post"
"microscopy-uk.org.uk","  student  ","has"," met the Prime"
"microscopy-uk.org.uk","  professor  ","has"," been awarded a"
"partnerships.org.uk",": This  page  ","has"," been"
"partnerships.org.uk","  government  ","has"," committed"
"partnerships.org.uk","if the  policy  ","has"," been"
"partnerships.org.uk","an  authority  ","has"," prepared for"
"partnerships.org.uk","  government  ","has"," been sued. One"
"partnerships.org.uk","  government  ","has"," not, so far,"
"partnerships.org.uk","''s  approach  ","has"," been to try and"
"partnerships.org.uk","  government  ","has"," said that it"
"top50freebies.co.uk","Flats  complex  ","has"," involved a net"
"top50freebies.co.uk","other  factors  ","has"," exacerbated"
"nwtv.co.uk","array in a  loop  ","has"," the following"
"squashsite.co.uk","battle  ground  ","has"," become much"
"publications.oxfam.org.uk","that  school  ","has"," to play in"
"wellingboroughtownfc.co.uk","(the  Empire  ","has"," already gone)"
"homedad.org.uk","  flight  ","has"," its climax in a"
"essex.police.uk",". The  track  ","has"," been lifted"
"essex.police.uk","Top The  track  ","has"," been lifted"
"essex.police.uk","short  branch  ","has"," three"
"essex.police.uk","this  station  ","has"," given way to a"
"sherlock-holmes.classic-literature.co.uk","this  byname  ","has"," some"
"sherlock-holmes.classic-literature.co.uk","modern  times  ","has"," dropped to"
"sherlock-holmes.classic-literature.co.uk","  housing  ","has"," been built (or"
"sherlock-holmes.classic-literature.co.uk","vantage  point  ","has"," recently been"
"casino.loquax.co.uk","Labour  party  ","has"," this"
"bspd.co.uk","  years  ","has"," continued"
"bspd.co.uk","A second  point  ","has"," to do with the"
"psychol.ucl.ac.uk"," ","has"," been updated,"
"psychol.ucl.ac.uk","# The  office  ","has"," been ordered"
"psychol.ucl.ac.uk","  this  ","has"," profound"
"malehealth.co.uk","  government  ","has"," made a number"
"malehealth.co.uk","for  reform  ","has"," come from"
"setdanceteacher.co.uk","  player  ","has"," a better hand"
"setdanceteacher.co.uk","table a  player  ","has"," the option to """
"contours.co.uk","in youth  work  ","has"," given them a"
"letsgogardening.co.uk","  movement  ","has"," become to"
"letsgogardening.co.uk","  government  ","has"," never"
"letsgogardening.co.uk","  immigration  ","has"," been central"
"letsgogardening.co.uk",".  Searchlight  ","has"," taken a very"
"letsgogardening.co.uk","on the  issue  ","has"," been"
"letsgogardening.co.uk","Jon Cruddas  MP  ","has"," provided the"
"higherstate.co.uk",".  Highlander  ","has"," a long track"
"informatics.nhs.uk","Novel,  none  ","has"," a better claim"
"electricstuff.co.uk","days, a  furore  ","has"," been promoted"
"electricstuff.co.uk","  investment  ","has"," underpinned"
"electricstuff.co.uk","MPs and  peers  ","has"," warned."
"electricstuff.co.uk","  committee  ","has"," said the move"
"lincolnshire.gov.uk",". This  story  ","has"," captivated"
"rss.org.uk",",  training  ","has"," to be provided"
"qaa.ac.uk","firm.  ''Google  ","has"," the required"
"msm.cam.ac.uk",",  television  ","has","n''t always"
"psalmody.co.uk","rule, "" A  miser  ","has"," a spendthrift"
"ncadc.org.uk","  harvesting  ","has"," the potential"
"swaine.me.uk","If your  name  ","has"," an unusual"
"whistler.arts.gla.ac.uk",": This  page  ","has"," been"
"whistler.arts.gla.ac.uk",". The  reform  ","has"," a unique place"
"huli.group.shef.ac.uk","The  mission  ","has"," been approved"
"huli.group.shef.ac.uk",") and a  review  ","has"," been"
"les.man.ac.uk","  grievance  ","has"," he against his"
"turkeyrealestate.co.uk","! This  feature  ","has"," DVD artwork,"
"bradburyac.mistral.co.uk","  speed  ","has"," left you by the"
"jazzscript.co.uk","Coast  goal  ","has"," seen them"
"dougpetrie.utopian-totality.co.uk","when  someone  ","has"," tried to add"
"brake.org.uk","''s  company  ","has"," an annual"
"brake.org.uk","  business  ","has"," been"
"brake.org.uk","his  invention  ","has"," already been"
"justgambling.co.uk","a  campaign  ","has"," with the"
"rbge.org.uk","this  game  ","has"," been"
"rbge.org.uk",". This  game  ","has"," taken a while"
"console-news.dcemu.co.uk","''. )  ''Dylan  ","has"," always had a"
"console-news.dcemu.co.uk","the  judge  ","has"," ''handed out"
"console-news.dcemu.co.uk",", that a  rhyme  ","has"," returned '' is"
"console-news.dcemu.co.uk","''. The  storm  ","has"," blown itself"
"console-news.dcemu.co.uk","that  anyone  ","has"," come, if you do"
"link2exports.co.uk","25 mins:  Love  ","has"," an early shot"
"link2exports.co.uk","25 mins:  Loco  ","has"," re-entered"
"link2exports.co.uk","  substitution  ","has"," been made yet"
"link2exports.co.uk","neither  side  ","has"," had a sniff of"
"childrens.uk-shoponline.co.uk","whose  card  ","has"," the highest"
"childrens.uk-shoponline.co.uk","- each  warrior  ","has"," an attack grid"
"childrens.uk-shoponline.co.uk","five  cards  ","has"," an RRP of £4.99"
"railwaychildren.org.uk","FOCUS  website  ","has"," a calculator"
"fuelwood.co.uk","  simulation  ","has"," a series of"
"woodbridgeproductions.co.uk","  enlargement  ","has"," long been one"
"woodbridgeproductions.co.uk",", your  wife  ","has",", but I wonder"
"woodbridgeproductions.co.uk","  people  ","has"," ever heard of"
"theatreguidelondon.co.uk","the  couple  ","has"," already"
"theatreguidelondon.co.uk","  registration  ","has"," been set. In"
"theatreguidelondon.co.uk","if the  mosque  ","has"," been"
"penninewaterways.co.uk","  experience  ","has"," been gained in"
"irdp.co.uk","its  citizenry  ","has"," been trained"
"focusmag.co.uk",". If the  flesh  ","has"," become"
"focusmag.co.uk","of  newspaper  ","has"," in a Cubist"
"focusmag.co.uk","  snapshots  ","has"," freed"
"bexley.gov.uk","  code  ","has"," been obtained"
"bexley.gov.uk","on what  cf77  ","has"," done by"
"bexley.gov.uk","  loop  ","has"," an iteration"
"managers.org.uk","that each  team  ","has"," the"
"managers.org.uk","the web  team  ","has"," the content"
"managers.org.uk","and  success  ","has"," required hard"
"managers.org.uk","Prize  Fight  ","has"," a position"
"managers.org.uk","and  success  ","has"," required hard"
"managers.org.uk","Prize  Fight  ","has"," a position"
"managers.org.uk","and  success  ","has"," required hard"
"managers.org.uk","This  function  ","has"," been"
"managers.org.uk","Prize  Fight  ","has"," a position"
"managers.org.uk","''  version  ","has"," over 600,000"
"uktvfood.co.uk","know when a  set  ","has"," quality,"
"uktvfood.co.uk","the  album  ","has"," been"
"uktvfood.co.uk","my  favourite  ","has"," to be ''I ''m your"
"uktvfood.co.uk","  catalogue  ","has"," been"
"uktvfood.co.uk","  compilation  ","has"," some fine"
"hfma.org.uk","  plasma  ","has"," already been"
"educ.cam.ac.uk","Mandal My  gp  ","has"," prescribed"
"educ.cam.ac.uk","!  Sickness  ","has"," never been a"
"top50freebies.co.uk",", UK aid  money  ","has"," been used to"
"top50freebies.co.uk","  population  ","has"," no regular"
"top50freebies.co.uk","  situation  ","has"," got worse in"
"top50freebies.co.uk","  movement  ","has"," sprung up,"
"railart.co.uk",". ? Fair  trade  ","has"," changed my"
"railart.co.uk",". ? The  co-op  ","has"," received"
"csp.org.uk","of  databases  ","has"," increased e."
"csp.org.uk","that  no-one  ","has"," noticed them"
"csp.org.uk","  knowledge  ","has"," a taxonomy"
"csp.org.uk","Data  mining  ","has"," a lot of"
"jcrwww.quns.cam.ac.uk","99 An  error  ","has"," been noticed"
"jcrwww.quns.cam.ac.uk","ten  children  ","has"," profound"
"jcrwww.quns.cam.ac.uk","of  staff  ","has"," not yet"
"underoneroofexchange.co.uk"," ","has"," spent time"
"underoneroofexchange.co.uk","  gentleman  ","has"," a Cambridge"
"gothicimage.co.uk","  lecturer  ","has"," helped design"
"gothicimage.co.uk",". This  table  ","has"," become high"
"bronte.netfury.co.uk",". The  club  ","has"," been at"
"bronte.netfury.co.uk","than  £1.5m  ","has"," just been"
"law.cam.ac.uk",". The  wildness  ","has"," been tamed out"
"royalpioneercorps.co.uk",", many a  girl  ","has"," been pulled"
"userfocus.co.uk","past  century  ","has"," confirmed"
"userfocus.co.uk",""" Which  animal  ","has"," one voice, but"
"userfocus.co.uk","  years  ","has"," sown the harsh"
"userfocus.co.uk","  influence  ","has"," been his"
"userfocus.co.uk",", the  king  ","has"," sacked the"
"punk77.co.uk",". But  everyone  ","has"," there own"
"punk77.co.uk",". But  everyone  ","has"," there own"
"mehbooba.co.uk","  meetings  ","has"," to be Northern"
"wesparkle.co.uk",", the  effect  ","has"," to come from"
"orthodoxengland.btinternet.co.uk","the  building  ","has"," been extended"
"jokefile.co.uk","If your  name  ","has"," an unusual"
"jokefile.co.uk","  experience  ","has"," been that"
"worldwar1.co.uk","this  skill  ","has"," been attained"
"worldwar1.co.uk","each  student  ","has"," a staff member"
"worldwar1.co.uk","each  student  ","has"," to motivate"
"glasgow.gov.uk","than one  year  ","has"," gone by since"
"glasgow.gov.uk","the  ap-proval  ","has"," been issued."
"gmgplc.co.uk","  licensing  ","has"," been made"
"gmgplc.co.uk",". Each  batch  ","has"," to be used"
"gmgplc.co.uk","  breeding  ","has"," resulted in"
"gmgplc.co.uk","and  work  ","has"," started on"
"spuc.org.uk","laundry  room  ","has"," a number of"
"jesus.org.uk",". The  group  ","has"," completed a"
"man.ac.uk","of our  goods  ","has"," been"
"4minutes.co.uk","  exhibition  ","has"," the Mehmed"
"yourcounty.co.uk","  skyline  ","has"," been approved"
"cetis.ac.uk","if a  student  ","has"," a flight to"
"webtag.org.uk","  membership  ","has"," probably"
"webtag.org.uk","a Black  parade  ","has"," fewer ''blood"
"webtag.org.uk","of  bands  ","has"," increased."
"tastyfanzine.org.uk","mins: The  game  ","has"," slowed down of"
"archives.gla.ac.uk","  musician  ","has"," worked"
"archives.gla.ac.uk","that  someone  ","has"," stolen your"
"archives.gla.ac.uk","on this  set  ","has"," to be ''Stay"
"archives.gla.ac.uk","''s  personnel  ","has"," changed"
"archives.gla.ac.uk",". This  album  ","has"," acheived"
"archives.gla.ac.uk","8 track  outing  ","has"," some very fine"
"archives.gla.ac.uk","set. The  album  ","has"," a very major"
"archives.gla.ac.uk","''What  Love  ","Has"," Joined"
"archives.gla.ac.uk","''. That  tune  ","has"," been the"
"archives.gla.ac.uk","for the  label  ","has"," become a"
"archives.gla.ac.uk","''. This  track  ","has"," since become a"
"archives.gla.ac.uk",". This  album  ","has"," some fine"
"archives.gla.ac.uk","''. This  set  ","has"," sat on my"
"archives.gla.ac.uk",", this  album  ","has"," matured like a"
"davidlammy.co.uk","  equipment  ","has"," ever been"
"mrl.nott.ac.uk","bracket  type  ","has"," changed, and"
"mrl.nott.ac.uk","access  syntax  ","has"," also changed."
"rmd.dft.gov.uk","Venus  flute  ","has"," genuine 24k"
"magonia.demon.co.uk","ever your  pet  ","has"," a need for"
"magonia.demon.co.uk","the cat  fork  ","has"," a cats face."
"magonia.demon.co.uk",". The  bag  ","has"," adjustable"
"magonia.demon.co.uk","crushed  pill  ","has"," been eaten."
"fuelwood.co.uk",""" the  angler  ","has"," to make two"
"fuelwood.co.uk",". This  stance  ","has"," the advantage"
"pearsoned.co.uk",". The  company  ","has"," always been"
"pearsoned.co.uk",", the  company  ","has"," confirmed its"
"beingmrkenny.co.uk","recent  years  ","has"," been"
"beingmrkenny.co.uk","of  mediation  ","has"," been"
"beingmrkenny.co.uk","to this  point  ","has"," only served to"
"beingmrkenny.co.uk","  disputes  ","has"," been made by"
"beingmrkenny.co.uk","local  consent  ","has"," not been"
"beingmrkenny.co.uk","  consensus  ","has"," connotations"
"beingmrkenny.co.uk","a  commission  ","has"," already been"
"beingmrkenny.co.uk","that  intent  ","has"," to be proved."
"beingmrkenny.co.uk","  institution  ","has"," laid down. If"
"beingmrkenny.co.uk","security  risk  ","has"," been reduced"
"beingmrkenny.co.uk","  grounds  ","has",", in England at"
"beingmrkenny.co.uk",",  progress  ","has"," been made in"
"beingmrkenny.co.uk","  tribunal  ","has"," received"
"beingmrkenny.co.uk","little  flesh  ","has"," been put on the"
"beingmrkenny.co.uk","of a  tribunal  ","has"," been"
"beingmrkenny.co.uk","  constraint  ","has"," often been"
"beingmrkenny.co.uk","a  complaint  ","has"," some validity"
"beingmrkenny.co.uk","  individual  ","has"," suggested"
"gerald-massey.org.uk","This  practice  ","has"," been observed"
"gerald-massey.org.uk","]: the  shrine  ","has"," an office"
"gerald-massey.org.uk","time the  water  ","has"," been"
"comsys.co.uk","  connections  ","has"," been reached,"
"exposure.co.uk","  sensitivity  ","has"," been gaining"
"projex.demon.co.uk","hockey  club  ","has"," benefited"
"dancing-times.co.uk","a  template  ","has"," already been"
"ch.cam.ac.uk",". The  site  ","has"," no-strings"
"met.rdg.ac.uk","entire  file  ","has"," been"
"poetrylibrary.org.uk","  decision  ","has"," raised"
"universalenergycentre.co.uk",". A  statement  ","has"," also been made"
"icnorthwales.icnetwork.co.uk","  laboratory  ","has"," been opened in"
"icnorthwales.icnetwork.co.uk","  Universities  ","has"," turned"
"backroadstouring.co.uk","  government  ","has"," been doing the"
"backroadstouring.co.uk"," ","has"," developed its"
"backroadstouring.co.uk","  government  ","has"," seen its role,"
"skyscript.co.uk","  bailor  ","has"," a right of"
"skyscript.co.uk","Where a  bailee  ","has","? as here under"
"skyscript.co.uk","  bailor  ","has"," a right of"
"skyscript.co.uk","Where a  bailee  ","has","? as here under"
"windowsproject.demon.co.uk","  Associates  ","has"," developed an"
"pressbox.co.uk","  boom  ","has"," yet to take off"
"newburytheatre.co.uk","the  wine  ","has"," spent in oak"
"odpm.gov.uk","team  captain  ","has"," drawn his"
"woodforde.co.uk","action  movie  ","has"," just hit the"
"woodforde.co.uk","GBA  game  ","has"," also been"
"woodforde.co.uk","  character  ","has"," their own"
"woodforde.co.uk",". The  game  ","has"," twenty levels"
"woodforde.co.uk","  character  ","has","n''t had their"
"tht.org.uk",""" his  Highness  ","has"," thought of"
"markwilson.co.uk",". ""  Hunting  ","has"," often be"
"adfam-parents.org.uk","of the  case  ","has"," one "" window """
"adfam-parents.org.uk","top of the  case  ","has"," but one window"
"adfam-parents.org.uk","of this  case  ","has"," a hole for the"
"nezumi.demon.co.uk","of  parades  ","has"," been a"
"nezumi.demon.co.uk","each  year  ","has"," increased"
"nezumi.demon.co.uk","this  growth  ","has"," been neither"
"nezumi.demon.co.uk","  parades  ","has"," increased"
"nezumi.demon.co.uk","  scepticism  ","has"," been"
"nezumi.demon.co.uk","  parades  ","has"," also steadily"
"nezumi.demon.co.uk","  movement  ","has"," become more"
"nezumi.demon.co.uk","Deny. The  city  ","has"," long had one of"
"nezumi.demon.co.uk","the  emphasis  ","has"," been placed on"
"nezumi.demon.co.uk","to  parade  ","has"," been an area in"
"nezumi.demon.co.uk","one  community  ","has"," been favoured"
"spri.cam.ac.uk","the way  life  ","has"," treated her"
"spri.cam.ac.uk","  Desiré  ","has"," had to face is"
"salters.co.uk","CIPD  research  ","has"," shown that"
"salters.co.uk","and the  sector  ","has"," one of the"
"salters.co.uk","these  topics  ","has"," the potential"
"salters.co.uk","  Government  ","has"," also: agreed"
"salters.co.uk","  Government  ","has"," also"
"salters.co.uk","  Government  ","has"," accepted the"
"salters.co.uk","  Government  ","has"," decided not to"
"salters.co.uk","  Government  ","has"," accepted our"
"salters.co.uk","that the  door  ","has"," not been shut"
"esrcsocietytoday.ac.uk","  zone  ","has"," programmes on"
"esrcsocietytoday.ac.uk","The  channel  ","has"," also begun"
"esrcsocietytoday.ac.uk","the  channel  ","has"," teamed up with"
"esrcsocietytoday.ac.uk",", Teachers ''  TV  ","has"," proved to be"
"bma.org.uk","30 ""  screen  ","has"," been"
"bma.org.uk","30 ""  display  ","has"," a native"
"bma.org.uk","30 ""  screen  ","has"," a resolution"
"evuk.co.uk","  expert  ","has"," been awarded a"
"evuk.co.uk","new  audiences  ","has"," earned a"
"evuk.co.uk","  grandmother  ","has"," been selected"
"evuk.co.uk","  researcher  ","has"," taken up post"
"orthodoxengland.btinternet.co.uk","  Government  ","has"," set out"
"orthodoxengland.btinternet.co.uk","(  everyone  ","has"," a personal N:"
"coastdigital.co.uk","  reputation  ","has"," proved to be"
"the-shipman-inquiry.org.uk","the  trainer  ","has"," written up on"
"the-shipman-inquiry.org.uk","some  people  ","has"," undertones of"
"huddersfield1.co.uk","of such a  group  ","has"," been"
"huddersfield1.co.uk","  provision  ","has"," enjoyed"
"huddersfield1.co.uk","massive  scale  ","has"," been"
"huddersfield1.co.uk","and  language  ","has"," made the"
"addictive247.co.uk",", the  company  ","has"," made a final"
"addictive247.co.uk","really the  boy  ","has"," no choice but"
"addictive247.co.uk",". Our  company  ","has"," sent out the"
"cps.gov.uk","this  survey  ","has"," since been"
"cps.gov.uk"," ","has"," caused the"
"cps.gov.uk","polling  data  ","has"," been"
"chichesterjazzclub.co.uk","when  everyone  ","has"," got a lot to say"
"spacecentre.co.uk","  period  ","has"," now finished"
"spacecentre.co.uk","the  female  ","has"," been"
"spacecentre.co.uk","  report  ","has"," arrived from"
"spacecentre.co.uk","the  female  ","has"," not returned"
"spacecentre.co.uk","  website  ","has"," some"
"preachtheword.co.uk","piece of  mind  ","has"," been to make a"
"cruisedirect.co.uk","mouse  genome  ","has"," exceeded its"
"cruisedirect.co.uk","  data  ","has"," been checked"
"schoolshistory.org.uk","; our  client  ","has"," grown to be one"
"schoolshistory.org.uk","; our  client  ","has"," grown to be one"
"schoolshistory.org.uk","; our  client  ","has"," grown to be one"
"schoolshistory.org.uk","; our  client  ","has"," grown to be one"
"schoolshistory.org.uk","; our  client  ","has"," grown to be one"
"schoolshistory.org.uk","Our  client  ","has"," been around"
"schoolshistory.org.uk","Our  client  ","has"," been around"
"schoolshistory.org.uk","Our  client  ","has"," been around"
"schoolshistory.org.uk","This  company  ","has"," been around"
"schoolshistory.org.uk","our  client  ","has"," multiple game"
"schoolshistory.org.uk","  company  ","has"," taken home"
"schoolshistory.org.uk","  company  ","has"," taken home"
"schoolshistory.org.uk","  company  ","has"," taken home"
"schoolshistory.org.uk",". Our  client  ","has"," an opening for"
"calderdale.gov.uk",". The  dialogue  ","has"," a hokey, kids ''"
"calderdale.gov.uk","early  version  ","has"," a"
"calderdale.gov.uk","''s pool  party  ","has"," some points of"
"calderdale.gov.uk","a review  copy  ","has"," been"
"kineticart.co.uk","your  password  ","has"," successfully"
"moremusic.co.uk","the  copyright  ","has"," definitely"
"thenewspaper.org.uk","this  seminar  ","has"," been"
"thenewspaper.org.uk","this  seminar  ","has"," been"
"thenewspaper.org.uk","  examinations  ","has"," led to"
"thenewspaper.org.uk","when  software  ","has"," been written"
"stmarylebow.co.uk","under the  law  ","has"," been"
"stmarylebow.co.uk",". A second  boy  ","has"," just been"
"orbitsw.co.uk","Neither  coach  ","has"," elected to"
"orbitsw.co.uk","the  referee  ","has"," spotted a"
"kno.org.uk","a regex.  awk  ","has"," to be better"
"kno.org.uk","BEGIN  block  ","has"," already been"
"kno.org.uk","  file  ","has"," already been"
"kno.org.uk","If your  system  ","has"," the"
"lusu.co.uk","final  scenes  ","has"," the parents of"
"lusu.co.uk","Boy, the  film  ","has"," a very dark,"
"practicalpc.co.uk","  training  ","has"," been provided"
"whatsonbristol.co.uk","?  Anecdotage  ","has"," most"
"ladyhelencharters.co.uk","  statistician  ","has"," made an"
"tertiary.consoleroom.btinternet.co.uk","  department  ","has"," successfully"
"wildfowling.co.uk","  monoliths  ","Has"," your MP signed"
"wildfowling.co.uk","no  timetable  ","has"," been"
"fantasyfactory.co.uk","of  training  ","has"," to be of a very"
"psalmody.co.uk","strong  drink  ","has"," long been"
"psalmody.co.uk",", "" the  brewery  ","has"," sold out on Ye"
"psalmody.co.uk","the  premises  ","has"," become yet"
"psalmody.co.uk","  site  ","has"," been occupied"
"psalmody.co.uk","2006,  nothing  ","has"," been done and"
