"The girl wants to work as an airmedic when she grows up.",airmedic
"The girl wants to work as an medic about air when she grows up.",medic about air
"The girl wants to work as an medic by air when she grows up.",medic by air
"The girl wants to work as an medic caused by air when she grows up.",medic caused by air
"The girl wants to work as an medic causes air when she grows up.",medic causes air
"The girl wants to work as an medic causing air when she grows up.",medic causing air
"The girl wants to work as an medic that causes air when she grows up.",medic that causes air
"The girl wants to work as an medic during air when she grows up.",medic during air
"The girl wants to work as an medic for air when she grows up.",medic for air
"The girl wants to work as an medic from air when she grows up.",medic from air
"The girl wants to work as an medic has air when she grows up.",medic has air
"The girl wants to work as an medic having air when she grows up.",medic having air
"The girl wants to work as an medic that has air when she grows up.",medic that has air
"The girl wants to work as an air has medic when she grows up.",air has medic
"The girl wants to work as an air having medic when she grows up.",air having medic
"The girl wants to work as an air that has medic when she grows up.",air that has medic
"The girl wants to work as an medic is air when she grows up.",medic is air
"The girl wants to work as an medic being air when she grows up.",medic being air
"The girl wants to work as an medic that is air when she grows up.",medic that is air
"The girl wants to work as an medic location is air when she grows up.",medic location is air
"The girl wants to work as an medic whose location is air when she grows up.",medic whose location is air
"The girl wants to work as an medic located on air when she grows up.",medic located on air
"The girl wants to work as an air location is medic when she grows up.",air location is medic
"The girl wants to work as an air whose location is medic when she grows up.",air whose location is medic
"The girl wants to work as an air located on medic when she grows up.",air located on medic
"The girl wants to work as an medic made of air when she grows up.",medic made of air
"The girl wants to work as an medic makes air when she grows up.",medic makes air
"The girl wants to work as an medic making air when she grows up.",medic making air
"The girl wants to work as an medic that makes air when she grows up.",medic that makes air
"The girl wants to work as an medic used by air when she grows up.",medic used by air
"The girl wants to work as an medic uses air when she grows up.",medic uses air
"The girl wants to work as an medic using air when she grows up.",medic using air
"The girl wants to work as an medic that uses air when she grows up.",medic that uses air
"The girl wants to work as an medic located in air when she grows up.",medic located in air
"The girl wants to work as an medic located at air when she grows up.",medic located at air
"The girl wants to work as an air located in medic when she grows up.",air located in medic
"The girl wants to work as an air located at medic when she grows up.",air located at medic
"I saw an airmedic when I went to the mall.",airmedic
"I saw an medic about air when I went to the mall.",medic about air
"I saw an medic by air when I went to the mall.",medic by air
"I saw an medic caused by air when I went to the mall.",medic caused by air
"I saw an medic causes air when I went to the mall.",medic causes air
"I saw an medic causing air when I went to the mall.",medic causing air
"I saw an medic that causes air when I went to the mall.",medic that causes air
"I saw an medic during air when I went to the mall.",medic during air
"I saw an medic for air when I went to the mall.",medic for air
"I saw an medic from air when I went to the mall.",medic from air
"I saw an medic has air when I went to the mall.",medic has air
"I saw an medic having air when I went to the mall.",medic having air
"I saw an medic that has air when I went to the mall.",medic that has air
"I saw an air has medic when I went to the mall.",air has medic
"I saw an air having medic when I went to the mall.",air having medic
"I saw an air that has medic when I went to the mall.",air that has medic
"I saw an medic is air when I went to the mall.",medic is air
"I saw an medic being air when I went to the mall.",medic being air
"I saw an medic that is air when I went to the mall.",medic that is air
"I saw an medic location is air when I went to the mall.",medic location is air
"I saw an medic whose location is air when I went to the mall.",medic whose location is air
"I saw an medic located on air when I went to the mall.",medic located on air
"I saw an air location is medic when I went to the mall.",air location is medic
"I saw an air whose location is medic when I went to the mall.",air whose location is medic
"I saw an air located on medic when I went to the mall.",air located on medic
"I saw an medic made of air when I went to the mall.",medic made of air
"I saw an medic makes air when I went to the mall.",medic makes air
"I saw an medic making air when I went to the mall.",medic making air
"I saw an medic that makes air when I went to the mall.",medic that makes air
"I saw an medic used by air when I went to the mall.",medic used by air
"I saw an medic uses air when I went to the mall.",medic uses air
"I saw an medic using air when I went to the mall.",medic using air
"I saw an medic that uses air when I went to the mall.",medic that uses air
"I saw an medic located in air when I went to the mall.",medic located in air
"I saw an medic located at air when I went to the mall.",medic located at air
"I saw an air located in medic when I went to the mall.",air located in medic
"I saw an air located at medic when I went to the mall.",air located at medic
"Todd got a drink from the alebank last night.",alebank
"Todd got a drink from the bank about ale last night.",bank about ale
"Todd got a drink from the bank by ale last night.",bank by ale
"Todd got a drink from the bank caused by ale last night.",bank caused by ale
"Todd got a drink from the bank causes ale last night.",bank causes ale
"Todd got a drink from the bank causing ale last night.",bank causing ale
"Todd got a drink from the bank that causes ale last night.",bank that causes ale
"Todd got a drink from the bank during ale last night.",bank during ale
"Todd got a drink from the bank for ale last night.",bank for ale
"Todd got a drink from the bank from ale last night.",bank from ale
"Todd got a drink from the bank has ale last night.",bank has ale
"Todd got a drink from the bank having ale last night.",bank having ale
"Todd got a drink from the bank that has ale last night.",bank that has ale
"Todd got a drink from the ale has bank last night.",ale has bank
"Todd got a drink from the ale having bank last night.",ale having bank
"Todd got a drink from the ale that has bank last night.",ale that has bank
"Todd got a drink from the bank is ale last night.",bank is ale
"Todd got a drink from the bank being ale last night.",bank being ale
"Todd got a drink from the bank that is ale last night.",bank that is ale
"Todd got a drink from the bank location is ale last night.",bank location is ale
"Todd got a drink from the bank whose location is ale last night.",bank whose location is ale
"Todd got a drink from the bank located on ale last night.",bank located on ale
"Todd got a drink from the ale location is bank last night.",ale location is bank
"Todd got a drink from the ale whose location is bank last night.",ale whose location is bank
"Todd got a drink from the ale located on bank last night.",ale located on bank
"Todd got a drink from the bank made of ale last night.",bank made of ale
"Todd got a drink from the bank makes ale last night.",bank makes ale
"Todd got a drink from the bank making ale last night.",bank making ale
"Todd got a drink from the bank that makes ale last night.",bank that makes ale
"Todd got a drink from the bank used by ale last night.",bank used by ale
"Todd got a drink from the bank uses ale last night.",bank uses ale
"Todd got a drink from the bank using ale last night.",bank using ale
"Todd got a drink from the bank that uses ale last night.",bank that uses ale
"Todd got a drink from the bank located in ale last night.",bank located in ale
"Todd got a drink from the bank located at ale last night.",bank located at ale
"Todd got a drink from the ale located in bank last night.",ale located in bank
"Todd got a drink from the ale located at bank last night.",ale located at bank
"There's an alebank across the street from there.",alebank
"There's an bank about ale across the street from there.",bank about ale
"There's an bank by ale across the street from there.",bank by ale
"There's an bank caused by ale across the street from there.",bank caused by ale
"There's an bank causes ale across the street from there.",bank causes ale
"There's an bank causing ale across the street from there.",bank causing ale
"There's an bank that causes ale across the street from there.",bank that causes ale
"There's an bank during ale across the street from there.",bank during ale
"There's an bank for ale across the street from there.",bank for ale
"There's an bank from ale across the street from there.",bank from ale
"There's an bank has ale across the street from there.",bank has ale
"There's an bank having ale across the street from there.",bank having ale
"There's an bank that has ale across the street from there.",bank that has ale
"There's an ale has bank across the street from there.",ale has bank
"There's an ale having bank across the street from there.",ale having bank
"There's an ale that has bank across the street from there.",ale that has bank
"There's an bank is ale across the street from there.",bank is ale
"There's an bank being ale across the street from there.",bank being ale
"There's an bank that is ale across the street from there.",bank that is ale
"There's an bank location is ale across the street from there.",bank location is ale
"There's an bank whose location is ale across the street from there.",bank whose location is ale
"There's an bank located on ale across the street from there.",bank located on ale
"There's an ale location is bank across the street from there.",ale location is bank
"There's an ale whose location is bank across the street from there.",ale whose location is bank
"There's an ale located on bank across the street from there.",ale located on bank
"There's an bank made of ale across the street from there.",bank made of ale
"There's an bank makes ale across the street from there.",bank makes ale
"There's an bank making ale across the street from there.",bank making ale
"There's an bank that makes ale across the street from there.",bank that makes ale
"There's an bank used by ale across the street from there.",bank used by ale
"There's an bank uses ale across the street from there.",bank uses ale
"There's an bank using ale across the street from there.",bank using ale
"There's an bank that uses ale across the street from there.",bank that uses ale
"There's an bank located in ale across the street from there.",bank located in ale
"There's an bank located at ale across the street from there.",bank located at ale
"There's an ale located in bank across the street from there.",ale located in bank
"There's an ale located at bank across the street from there.",ale located at bank
"She will hang up her purse on the bagweb once she's done with it.",bagweb
"She will hang up her purse on the web about bag once she's done with it.",web about bag
"She will hang up her purse on the web by bag once she's done with it.",web by bag
"She will hang up her purse on the web caused by bag once she's done with it.",web caused by bag
"She will hang up her purse on the web causes bag once she's done with it.",web causes bag
"She will hang up her purse on the web causing bag once she's done with it.",web causing bag
"She will hang up her purse on the web that causes bag once she's done with it.",web that causes bag
"She will hang up her purse on the web during bag once she's done with it.",web during bag
"She will hang up her purse on the web for bag once she's done with it.",web for bag
"She will hang up her purse on the web from bag once she's done with it.",web from bag
"She will hang up her purse on the web has bag once she's done with it.",web has bag
"She will hang up her purse on the web having bag once she's done with it.",web having bag
"She will hang up her purse on the web that has bag once she's done with it.",web that has bag
"She will hang up her purse on the bag has web once she's done with it.",bag has web
"She will hang up her purse on the bag having web once she's done with it.",bag having web
"She will hang up her purse on the bag that has web once she's done with it.",bag that has web
"She will hang up her purse on the web is bag once she's done with it.",web is bag
"She will hang up her purse on the web being bag once she's done with it.",web being bag
"She will hang up her purse on the web that is bag once she's done with it.",web that is bag
"She will hang up her purse on the web location is bag once she's done with it.",web location is bag
"She will hang up her purse on the web whose location is bag once she's done with it.",web whose location is bag
"She will hang up her purse on the web located on bag once she's done with it.",web located on bag
"She will hang up her purse on the bag location is web once she's done with it.",bag location is web
"She will hang up her purse on the bag whose location is web once she's done with it.",bag whose location is web
"She will hang up her purse on the bag located on web once she's done with it.",bag located on web
"She will hang up her purse on the web made of bag once she's done with it.",web made of bag
"She will hang up her purse on the web makes bag once she's done with it.",web makes bag
"She will hang up her purse on the web making bag once she's done with it.",web making bag
"She will hang up her purse on the web that makes bag once she's done with it.",web that makes bag
"She will hang up her purse on the web used by bag once she's done with it.",web used by bag
"She will hang up her purse on the web uses bag once she's done with it.",web uses bag
"She will hang up her purse on the web using bag once she's done with it.",web using bag
"She will hang up her purse on the web that uses bag once she's done with it.",web that uses bag
"She will hang up her purse on the web located in bag once she's done with it.",web located in bag
"She will hang up her purse on the web located at bag once she's done with it.",web located at bag
"She will hang up her purse on the bag located in web once she's done with it.",bag located in web
"She will hang up her purse on the bag located at web once she's done with it.",bag located at web
"Jacob got a new bagweb as a gift on his birthday.",bagweb
"Jacob got a new web about bag as a gift on his birthday.",web about bag
"Jacob got a new web by bag as a gift on his birthday.",web by bag
"Jacob got a new web caused by bag as a gift on his birthday.",web caused by bag
"Jacob got a new web causes bag as a gift on his birthday.",web causes bag
"Jacob got a new web causing bag as a gift on his birthday.",web causing bag
"Jacob got a new web that causes bag as a gift on his birthday.",web that causes bag
"Jacob got a new web during bag as a gift on his birthday.",web during bag
"Jacob got a new web for bag as a gift on his birthday.",web for bag
"Jacob got a new web from bag as a gift on his birthday.",web from bag
"Jacob got a new web has bag as a gift on his birthday.",web has bag
"Jacob got a new web having bag as a gift on his birthday.",web having bag
"Jacob got a new web that has bag as a gift on his birthday.",web that has bag
"Jacob got a new bag has web as a gift on his birthday.",bag has web
"Jacob got a new bag having web as a gift on his birthday.",bag having web
"Jacob got a new bag that has web as a gift on his birthday.",bag that has web
"Jacob got a new web is bag as a gift on his birthday.",web is bag
"Jacob got a new web being bag as a gift on his birthday.",web being bag
"Jacob got a new web that is bag as a gift on his birthday.",web that is bag
"Jacob got a new web location is bag as a gift on his birthday.",web location is bag
"Jacob got a new web whose location is bag as a gift on his birthday.",web whose location is bag
"Jacob got a new web located on bag as a gift on his birthday.",web located on bag
"Jacob got a new bag location is web as a gift on his birthday.",bag location is web
"Jacob got a new bag whose location is web as a gift on his birthday.",bag whose location is web
"Jacob got a new bag located on web as a gift on his birthday.",bag located on web
"Jacob got a new web made of bag as a gift on his birthday.",web made of bag
"Jacob got a new web makes bag as a gift on his birthday.",web makes bag
"Jacob got a new web making bag as a gift on his birthday.",web making bag
"Jacob got a new web that makes bag as a gift on his birthday.",web that makes bag
"Jacob got a new web used by bag as a gift on his birthday.",web used by bag
"Jacob got a new web uses bag as a gift on his birthday.",web uses bag
"Jacob got a new web using bag as a gift on his birthday.",web using bag
"Jacob got a new web that uses bag as a gift on his birthday.",web that uses bag
"Jacob got a new web located in bag as a gift on his birthday.",web located in bag
"Jacob got a new web located at bag as a gift on his birthday.",web located at bag
"Jacob got a new bag located in web as a gift on his birthday.",bag located in web
"Jacob got a new bag located at web as a gift on his birthday.",bag located at web
"She bought a new barbox to replace the one she lost.",barbox
"She bought a new box about bar to replace the one she lost.",box about bar
"She bought a new box by bar to replace the one she lost.",box by bar
"She bought a new box caused by bar to replace the one she lost.",box caused by bar
"She bought a new box causes bar to replace the one she lost.",box causes bar
"She bought a new box causing bar to replace the one she lost.",box causing bar
"She bought a new box that causes bar to replace the one she lost.",box that causes bar
"She bought a new box during bar to replace the one she lost.",box during bar
"She bought a new box for bar to replace the one she lost.",box for bar
"She bought a new box from bar to replace the one she lost.",box from bar
"She bought a new box has bar to replace the one she lost.",box has bar
"She bought a new box having bar to replace the one she lost.",box having bar
"She bought a new box that has bar to replace the one she lost.",box that has bar
"She bought a new bar has box to replace the one she lost.",bar has box
"She bought a new bar having box to replace the one she lost.",bar having box
"She bought a new bar that has box to replace the one she lost.",bar that has box
"She bought a new box is bar to replace the one she lost.",box is bar
"She bought a new box being bar to replace the one she lost.",box being bar
"She bought a new box that is bar to replace the one she lost.",box that is bar
"She bought a new box location is bar to replace the one she lost.",box location is bar
"She bought a new box whose location is bar to replace the one she lost.",box whose location is bar
"She bought a new box located on bar to replace the one she lost.",box located on bar
"She bought a new bar location is box to replace the one she lost.",bar location is box
"She bought a new bar whose location is box to replace the one she lost.",bar whose location is box
"She bought a new bar located on box to replace the one she lost.",bar located on box
"She bought a new box made of bar to replace the one she lost.",box made of bar
"She bought a new box makes bar to replace the one she lost.",box makes bar
"She bought a new box making bar to replace the one she lost.",box making bar
"She bought a new box that makes bar to replace the one she lost.",box that makes bar
"She bought a new box used by bar to replace the one she lost.",box used by bar
"She bought a new box uses bar to replace the one she lost.",box uses bar
"She bought a new box using bar to replace the one she lost.",box using bar
"She bought a new box that uses bar to replace the one she lost.",box that uses bar
"She bought a new box located in bar to replace the one she lost.",box located in bar
"She bought a new box located at bar to replace the one she lost.",box located at bar
"She bought a new bar located in box to replace the one she lost.",bar located in box
"She bought a new bar located at box to replace the one she lost.",bar located at box
"John opened up the barbox so he could put something away.",barbox
"John opened up the box about bar so he could put something away.",box about bar
"John opened up the box by bar so he could put something away.",box by bar
"John opened up the box caused by bar so he could put something away.",box caused by bar
"John opened up the box causes bar so he could put something away.",box causes bar
"John opened up the box causing bar so he could put something away.",box causing bar
"John opened up the box that causes bar so he could put something away.",box that causes bar
"John opened up the box during bar so he could put something away.",box during bar
"John opened up the box for bar so he could put something away.",box for bar
"John opened up the box from bar so he could put something away.",box from bar
"John opened up the box has bar so he could put something away.",box has bar
"John opened up the box having bar so he could put something away.",box having bar
"John opened up the box that has bar so he could put something away.",box that has bar
"John opened up the bar has box so he could put something away.",bar has box
"John opened up the bar having box so he could put something away.",bar having box
"John opened up the bar that has box so he could put something away.",bar that has box
"John opened up the box is bar so he could put something away.",box is bar
"John opened up the box being bar so he could put something away.",box being bar
"John opened up the box that is bar so he could put something away.",box that is bar
"John opened up the box location is bar so he could put something away.",box location is bar
"John opened up the box whose location is bar so he could put something away.",box whose location is bar
"John opened up the box located on bar so he could put something away.",box located on bar
"John opened up the bar location is box so he could put something away.",bar location is box
"John opened up the bar whose location is box so he could put something away.",bar whose location is box
"John opened up the bar located on box so he could put something away.",bar located on box
"John opened up the box made of bar so he could put something away.",box made of bar
"John opened up the box makes bar so he could put something away.",box makes bar
"John opened up the box making bar so he could put something away.",box making bar
"John opened up the box that makes bar so he could put something away.",box that makes bar
"John opened up the box used by bar so he could put something away.",box used by bar
"John opened up the box uses bar so he could put something away.",box uses bar
"John opened up the box using bar so he could put something away.",box using bar
"John opened up the box that uses bar so he could put something away.",box that uses bar
"John opened up the box located in bar so he could put something away.",box located in bar
"John opened up the box located at bar so he could put something away.",box located at bar
"John opened up the bar located in box so he could put something away.",bar located in box
"John opened up the bar located at box so he could put something away.",bar located at box
"He decorated the bedscreen with ribbons and glitter.",bedscreen
"He decorated the screen about bed with ribbons and glitter.",screen about bed
"He decorated the screen by bed with ribbons and glitter.",screen by bed
"He decorated the screen caused by bed with ribbons and glitter.",screen caused by bed
"He decorated the screen causes bed with ribbons and glitter.",screen causes bed
"He decorated the screen causing bed with ribbons and glitter.",screen causing bed
"He decorated the screen that causes bed with ribbons and glitter.",screen that causes bed
"He decorated the screen during bed with ribbons and glitter.",screen during bed
"He decorated the screen for bed with ribbons and glitter.",screen for bed
"He decorated the screen from bed with ribbons and glitter.",screen from bed
"He decorated the screen has bed with ribbons and glitter.",screen has bed
"He decorated the screen having bed with ribbons and glitter.",screen having bed
"He decorated the screen that has bed with ribbons and glitter.",screen that has bed
"He decorated the bed has screen with ribbons and glitter.",bed has screen
"He decorated the bed having screen with ribbons and glitter.",bed having screen
"He decorated the bed that has screen with ribbons and glitter.",bed that has screen
"He decorated the screen is bed with ribbons and glitter.",screen is bed
"He decorated the screen being bed with ribbons and glitter.",screen being bed
"He decorated the screen that is bed with ribbons and glitter.",screen that is bed
"He decorated the screen location is bed with ribbons and glitter.",screen location is bed
"He decorated the screen whose location is bed with ribbons and glitter.",screen whose location is bed
"He decorated the screen located on bed with ribbons and glitter.",screen located on bed
"He decorated the bed location is screen with ribbons and glitter.",bed location is screen
"He decorated the bed whose location is screen with ribbons and glitter.",bed whose location is screen
"He decorated the bed located on screen with ribbons and glitter.",bed located on screen
"He decorated the screen made of bed with ribbons and glitter.",screen made of bed
"He decorated the screen makes bed with ribbons and glitter.",screen makes bed
"He decorated the screen making bed with ribbons and glitter.",screen making bed
"He decorated the screen that makes bed with ribbons and glitter.",screen that makes bed
"He decorated the screen used by bed with ribbons and glitter.",screen used by bed
"He decorated the screen uses bed with ribbons and glitter.",screen uses bed
"He decorated the screen using bed with ribbons and glitter.",screen using bed
"He decorated the screen that uses bed with ribbons and glitter.",screen that uses bed
"He decorated the screen located in bed with ribbons and glitter.",screen located in bed
"He decorated the screen located at bed with ribbons and glitter.",screen located at bed
"He decorated the bed located in screen with ribbons and glitter.",bed located in screen
"He decorated the bed located at screen with ribbons and glitter.",bed located at screen
"She hung up the bedscreen before taking a nap.",bedscreen
"She hung up the screen about bed before taking a nap.",screen about bed
"She hung up the screen by bed before taking a nap.",screen by bed
"She hung up the screen caused by bed before taking a nap.",screen caused by bed
"She hung up the screen causes bed before taking a nap.",screen causes bed
"She hung up the screen causing bed before taking a nap.",screen causing bed
"She hung up the screen that causes bed before taking a nap.",screen that causes bed
"She hung up the screen during bed before taking a nap.",screen during bed
"She hung up the screen for bed before taking a nap.",screen for bed
"She hung up the screen from bed before taking a nap.",screen from bed
"She hung up the screen has bed before taking a nap.",screen has bed
"She hung up the screen having bed before taking a nap.",screen having bed
"She hung up the screen that has bed before taking a nap.",screen that has bed
"She hung up the bed has screen before taking a nap.",bed has screen
"She hung up the bed having screen before taking a nap.",bed having screen
"She hung up the bed that has screen before taking a nap.",bed that has screen
"She hung up the screen is bed before taking a nap.",screen is bed
"She hung up the screen being bed before taking a nap.",screen being bed
"She hung up the screen that is bed before taking a nap.",screen that is bed
"She hung up the screen location is bed before taking a nap.",screen location is bed
"She hung up the screen whose location is bed before taking a nap.",screen whose location is bed
"She hung up the screen located on bed before taking a nap.",screen located on bed
"She hung up the bed location is screen before taking a nap.",bed location is screen
"She hung up the bed whose location is screen before taking a nap.",bed whose location is screen
"She hung up the bed located on screen before taking a nap.",bed located on screen
"She hung up the screen made of bed before taking a nap.",screen made of bed
"She hung up the screen makes bed before taking a nap.",screen makes bed
"She hung up the screen making bed before taking a nap.",screen making bed
"She hung up the screen that makes bed before taking a nap.",screen that makes bed
"She hung up the screen used by bed before taking a nap.",screen used by bed
"She hung up the screen uses bed before taking a nap.",screen uses bed
"She hung up the screen using bed before taking a nap.",screen using bed
"She hung up the screen that uses bed before taking a nap.",screen that uses bed
"She hung up the screen located in bed before taking a nap.",screen located in bed
"She hung up the screen located at bed before taking a nap.",screen located at bed
"She hung up the bed located in screen before taking a nap.",bed located in screen
"She hung up the bed located at screen before taking a nap.",bed located at screen
"The hive owned by the beefolk was quite large.",beefolk
"The hive owned by the folk about bee was quite large.",folk about bee
"The hive owned by the folk by bee was quite large.",folk by bee
"The hive owned by the folk caused by bee was quite large.",folk caused by bee
"The hive owned by the folk causes bee was quite large.",folk causes bee
"The hive owned by the folk causing bee was quite large.",folk causing bee
"The hive owned by the folk that causes bee was quite large.",folk that causes bee
"The hive owned by the folk during bee was quite large.",folk during bee
"The hive owned by the folk for bee was quite large.",folk for bee
"The hive owned by the folk from bee was quite large.",folk from bee
"The hive owned by the folk has bee was quite large.",folk has bee
"The hive owned by the folk having bee was quite large.",folk having bee
"The hive owned by the folk that has bee was quite large.",folk that has bee
"The hive owned by the bee has folk was quite large.",bee has folk
"The hive owned by the bee having folk was quite large.",bee having folk
"The hive owned by the bee that has folk was quite large.",bee that has folk
"The hive owned by the folk is bee was quite large.",folk is bee
"The hive owned by the folk being bee was quite large.",folk being bee
"The hive owned by the folk that is bee was quite large.",folk that is bee
"The hive owned by the folk location is bee was quite large.",folk location is bee
"The hive owned by the folk whose location is bee was quite large.",folk whose location is bee
"The hive owned by the folk located on bee was quite large.",folk located on bee
"The hive owned by the bee location is folk was quite large.",bee location is folk
"The hive owned by the bee whose location is folk was quite large.",bee whose location is folk
"The hive owned by the bee located on folk was quite large.",bee located on folk
"The hive owned by the folk made of bee was quite large.",folk made of bee
"The hive owned by the folk makes bee was quite large.",folk makes bee
"The hive owned by the folk making bee was quite large.",folk making bee
"The hive owned by the folk that makes bee was quite large.",folk that makes bee
"The hive owned by the folk used by bee was quite large.",folk used by bee
"The hive owned by the folk uses bee was quite large.",folk uses bee
"The hive owned by the folk using bee was quite large.",folk using bee
"The hive owned by the folk that uses bee was quite large.",folk that uses bee
"The hive owned by the folk located in bee was quite large.",folk located in bee
"The hive owned by the folk located at bee was quite large.",folk located at bee
"The hive owned by the bee located in folk was quite large.",bee located in folk
"The hive owned by the bee located at folk was quite large.",bee located at folk
"There are no beefolk in this country.",beefolk
"There are no folk about bee in this country.",folk about bee
"There are no folk by bee in this country.",folk by bee
"There are no folk caused by bee in this country.",folk caused by bee
"There are no folk causes bee in this country.",folk causes bee
"There are no folk causing bee in this country.",folk causing bee
"There are no folk that causes bee in this country.",folk that causes bee
"There are no folk during bee in this country.",folk during bee
"There are no folk for bee in this country.",folk for bee
"There are no folk from bee in this country.",folk from bee
"There are no folk has bee in this country.",folk has bee
"There are no folk having bee in this country.",folk having bee
"There are no folk that has bee in this country.",folk that has bee
"There are no bee has folk in this country.",bee has folk
"There are no bee having folk in this country.",bee having folk
"There are no bee that has folk in this country.",bee that has folk
"There are no folk is bee in this country.",folk is bee
"There are no folk being bee in this country.",folk being bee
"There are no folk that is bee in this country.",folk that is bee
"There are no folk location is bee in this country.",folk location is bee
"There are no folk whose location is bee in this country.",folk whose location is bee
"There are no folk located on bee in this country.",folk located on bee
"There are no bee location is folk in this country.",bee location is folk
"There are no bee whose location is folk in this country.",bee whose location is folk
"There are no bee located on folk in this country.",bee located on folk
"There are no folk made of bee in this country.",folk made of bee
"There are no folk makes bee in this country.",folk makes bee
"There are no folk making bee in this country.",folk making bee
"There are no folk that makes bee in this country.",folk that makes bee
"There are no folk used by bee in this country.",folk used by bee
"There are no folk uses bee in this country.",folk uses bee
"There are no folk using bee in this country.",folk using bee
"There are no folk that uses bee in this country.",folk that uses bee
"There are no folk located in bee in this country.",folk located in bee
"There are no folk located at bee in this country.",folk located at bee
"There are no bee located in folk in this country.",bee located in folk
"There are no bee located at folk in this country.",bee located at folk
"The boat was missing its beltmast so it could not sail.",beltmast
"The boat was missing its mast about belt so it could not sail.",mast about belt
"The boat was missing its mast by belt so it could not sail.",mast by belt
"The boat was missing its mast caused by belt so it could not sail.",mast caused by belt
"The boat was missing its mast causes belt so it could not sail.",mast causes belt
"The boat was missing its mast causing belt so it could not sail.",mast causing belt
"The boat was missing its mast that causes belt so it could not sail.",mast that causes belt
"The boat was missing its mast during belt so it could not sail.",mast during belt
"The boat was missing its mast for belt so it could not sail.",mast for belt
"The boat was missing its mast from belt so it could not sail.",mast from belt
"The boat was missing its mast has belt so it could not sail.",mast has belt
"The boat was missing its mast having belt so it could not sail.",mast having belt
"The boat was missing its mast that has belt so it could not sail.",mast that has belt
"The boat was missing its belt has mast so it could not sail.",belt has mast
"The boat was missing its belt having mast so it could not sail.",belt having mast
"The boat was missing its belt that has mast so it could not sail.",belt that has mast
"The boat was missing its mast is belt so it could not sail.",mast is belt
"The boat was missing its mast being belt so it could not sail.",mast being belt
"The boat was missing its mast that is belt so it could not sail.",mast that is belt
"The boat was missing its mast location is belt so it could not sail.",mast location is belt
"The boat was missing its mast whose location is belt so it could not sail.",mast whose location is belt
"The boat was missing its mast located on belt so it could not sail.",mast located on belt
"The boat was missing its belt location is mast so it could not sail.",belt location is mast
"The boat was missing its belt whose location is mast so it could not sail.",belt whose location is mast
"The boat was missing its belt located on mast so it could not sail.",belt located on mast
"The boat was missing its mast made of belt so it could not sail.",mast made of belt
"The boat was missing its mast makes belt so it could not sail.",mast makes belt
"The boat was missing its mast making belt so it could not sail.",mast making belt
"The boat was missing its mast that makes belt so it could not sail.",mast that makes belt
"The boat was missing its mast used by belt so it could not sail.",mast used by belt
"The boat was missing its mast uses belt so it could not sail.",mast uses belt
"The boat was missing its mast using belt so it could not sail.",mast using belt
"The boat was missing its mast that uses belt so it could not sail.",mast that uses belt
"The boat was missing its mast located in belt so it could not sail.",mast located in belt
"The boat was missing its mast located at belt so it could not sail.",mast located at belt
"The boat was missing its belt located in mast so it could not sail.",belt located in mast
"The boat was missing its belt located at mast so it could not sail.",belt located at mast
"The house's beltmast was destroyed recently.",beltmast
"The house's mast about belt was destroyed recently.",mast about belt
"The house's mast by belt was destroyed recently.",mast by belt
"The house's mast caused by belt was destroyed recently.",mast caused by belt
"The house's mast causes belt was destroyed recently.",mast causes belt
"The house's mast causing belt was destroyed recently.",mast causing belt
"The house's mast that causes belt was destroyed recently.",mast that causes belt
"The house's mast during belt was destroyed recently.",mast during belt
"The house's mast for belt was destroyed recently.",mast for belt
"The house's mast from belt was destroyed recently.",mast from belt
"The house's mast has belt was destroyed recently.",mast has belt
"The house's mast having belt was destroyed recently.",mast having belt
"The house's mast that has belt was destroyed recently.",mast that has belt
"The house's belt has mast was destroyed recently.",belt has mast
"The house's belt having mast was destroyed recently.",belt having mast
"The house's belt that has mast was destroyed recently.",belt that has mast
"The house's mast is belt was destroyed recently.",mast is belt
"The house's mast being belt was destroyed recently.",mast being belt
"The house's mast that is belt was destroyed recently.",mast that is belt
"The house's mast location is belt was destroyed recently.",mast location is belt
"The house's mast whose location is belt was destroyed recently.",mast whose location is belt
"The house's mast located on belt was destroyed recently.",mast located on belt
"The house's belt location is mast was destroyed recently.",belt location is mast
"The house's belt whose location is mast was destroyed recently.",belt whose location is mast
"The house's belt located on mast was destroyed recently.",belt located on mast
"The house's mast made of belt was destroyed recently.",mast made of belt
"The house's mast makes belt was destroyed recently.",mast makes belt
"The house's mast making belt was destroyed recently.",mast making belt
"The house's mast that makes belt was destroyed recently.",mast that makes belt
"The house's mast used by belt was destroyed recently.",mast used by belt
"The house's mast uses belt was destroyed recently.",mast uses belt
"The house's mast using belt was destroyed recently.",mast using belt
"The house's mast that uses belt was destroyed recently.",mast that uses belt
"The house's mast located in belt was destroyed recently.",mast located in belt
"The house's mast located at belt was destroyed recently.",mast located at belt
"The house's belt located in mast was destroyed recently.",belt located in mast
"The house's belt located at mast was destroyed recently.",belt located at mast
"He wrote down the bogeylist in his notebook.",bogeylist
"He wrote down the list about bogey in his notebook.",list about bogey
"He wrote down the list by bogey in his notebook.",list by bogey
"He wrote down the list caused by bogey in his notebook.",list caused by bogey
"He wrote down the list causes bogey in his notebook.",list causes bogey
"He wrote down the list causing bogey in his notebook.",list causing bogey
"He wrote down the list that causes bogey in his notebook.",list that causes bogey
"He wrote down the list during bogey in his notebook.",list during bogey
"He wrote down the list for bogey in his notebook.",list for bogey
"He wrote down the list from bogey in his notebook.",list from bogey
"He wrote down the list has bogey in his notebook.",list has bogey
"He wrote down the list having bogey in his notebook.",list having bogey
"He wrote down the list that has bogey in his notebook.",list that has bogey
"He wrote down the bogey has list in his notebook.",bogey has list
"He wrote down the bogey having list in his notebook.",bogey having list
"He wrote down the bogey that has list in his notebook.",bogey that has list
"He wrote down the list is bogey in his notebook.",list is bogey
"He wrote down the list being bogey in his notebook.",list being bogey
"He wrote down the list that is bogey in his notebook.",list that is bogey
"He wrote down the list location is bogey in his notebook.",list location is bogey
"He wrote down the list whose location is bogey in his notebook.",list whose location is bogey
"He wrote down the list located on bogey in his notebook.",list located on bogey
"He wrote down the bogey location is list in his notebook.",bogey location is list
"He wrote down the bogey whose location is list in his notebook.",bogey whose location is list
"He wrote down the bogey located on list in his notebook.",bogey located on list
"He wrote down the list made of bogey in his notebook.",list made of bogey
"He wrote down the list makes bogey in his notebook.",list makes bogey
"He wrote down the list making bogey in his notebook.",list making bogey
"He wrote down the list that makes bogey in his notebook.",list that makes bogey
"He wrote down the list used by bogey in his notebook.",list used by bogey
"He wrote down the list uses bogey in his notebook.",list uses bogey
"He wrote down the list using bogey in his notebook.",list using bogey
"He wrote down the list that uses bogey in his notebook.",list that uses bogey
"He wrote down the list located in bogey in his notebook.",list located in bogey
"He wrote down the list located at bogey in his notebook.",list located at bogey
"He wrote down the bogey located in list in his notebook.",bogey located in list
"He wrote down the bogey located at list in his notebook.",bogey located at list
"They put the bogeylist in the fridge after returning from the store.",bogeylist
"They put the list about bogey in the fridge after returning from the store.",list about bogey
"They put the list by bogey in the fridge after returning from the store.",list by bogey
"They put the list caused by bogey in the fridge after returning from the store.",list caused by bogey
"They put the list causes bogey in the fridge after returning from the store.",list causes bogey
"They put the list causing bogey in the fridge after returning from the store.",list causing bogey
"They put the list that causes bogey in the fridge after returning from the store.",list that causes bogey
"They put the list during bogey in the fridge after returning from the store.",list during bogey
"They put the list for bogey in the fridge after returning from the store.",list for bogey
"They put the list from bogey in the fridge after returning from the store.",list from bogey
"They put the list has bogey in the fridge after returning from the store.",list has bogey
"They put the list having bogey in the fridge after returning from the store.",list having bogey
"They put the list that has bogey in the fridge after returning from the store.",list that has bogey
"They put the bogey has list in the fridge after returning from the store.",bogey has list
"They put the bogey having list in the fridge after returning from the store.",bogey having list
"They put the bogey that has list in the fridge after returning from the store.",bogey that has list
"They put the list is bogey in the fridge after returning from the store.",list is bogey
"They put the list being bogey in the fridge after returning from the store.",list being bogey
"They put the list that is bogey in the fridge after returning from the store.",list that is bogey
"They put the list location is bogey in the fridge after returning from the store.",list location is bogey
"They put the list whose location is bogey in the fridge after returning from the store.",list whose location is bogey
"They put the list located on bogey in the fridge after returning from the store.",list located on bogey
"They put the bogey location is list in the fridge after returning from the store.",bogey location is list
"They put the bogey whose location is list in the fridge after returning from the store.",bogey whose location is list
"They put the bogey located on list in the fridge after returning from the store.",bogey located on list
"They put the list made of bogey in the fridge after returning from the store.",list made of bogey
"They put the list makes bogey in the fridge after returning from the store.",list makes bogey
"They put the list making bogey in the fridge after returning from the store.",list making bogey
"They put the list that makes bogey in the fridge after returning from the store.",list that makes bogey
"They put the list used by bogey in the fridge after returning from the store.",list used by bogey
"They put the list uses bogey in the fridge after returning from the store.",list uses bogey
"They put the list using bogey in the fridge after returning from the store.",list using bogey
"They put the list that uses bogey in the fridge after returning from the store.",list that uses bogey
"They put the list located in bogey in the fridge after returning from the store.",list located in bogey
"They put the list located at bogey in the fridge after returning from the store.",list located at bogey
"They put the bogey located in list in the fridge after returning from the store.",bogey located in list
"They put the bogey located at list in the fridge after returning from the store.",bogey located at list
"The librarian filled up the bookbasin and put it on the table.",bookbasin
"The librarian filled up the basin about book and put it on the table.",basin about book
"The librarian filled up the basin by book and put it on the table.",basin by book
"The librarian filled up the basin caused by book and put it on the table.",basin caused by book
"The librarian filled up the basin causes book and put it on the table.",basin causes book
"The librarian filled up the basin causing book and put it on the table.",basin causing book
"The librarian filled up the basin that causes book and put it on the table.",basin that causes book
"The librarian filled up the basin during book and put it on the table.",basin during book
"The librarian filled up the basin for book and put it on the table.",basin for book
"The librarian filled up the basin from book and put it on the table.",basin from book
"The librarian filled up the basin has book and put it on the table.",basin has book
"The librarian filled up the basin having book and put it on the table.",basin having book
"The librarian filled up the basin that has book and put it on the table.",basin that has book
"The librarian filled up the book has basin and put it on the table.",book has basin
"The librarian filled up the book having basin and put it on the table.",book having basin
"The librarian filled up the book that has basin and put it on the table.",book that has basin
"The librarian filled up the basin is book and put it on the table.",basin is book
"The librarian filled up the basin being book and put it on the table.",basin being book
"The librarian filled up the basin that is book and put it on the table.",basin that is book
"The librarian filled up the basin location is book and put it on the table.",basin location is book
"The librarian filled up the basin whose location is book and put it on the table.",basin whose location is book
"The librarian filled up the basin located on book and put it on the table.",basin located on book
"The librarian filled up the book location is basin and put it on the table.",book location is basin
"The librarian filled up the book whose location is basin and put it on the table.",book whose location is basin
"The librarian filled up the book located on basin and put it on the table.",book located on basin
"The librarian filled up the basin made of book and put it on the table.",basin made of book
"The librarian filled up the basin makes book and put it on the table.",basin makes book
"The librarian filled up the basin making book and put it on the table.",basin making book
"The librarian filled up the basin that makes book and put it on the table.",basin that makes book
"The librarian filled up the basin used by book and put it on the table.",basin used by book
"The librarian filled up the basin uses book and put it on the table.",basin uses book
"The librarian filled up the basin using book and put it on the table.",basin using book
"The librarian filled up the basin that uses book and put it on the table.",basin that uses book
"The librarian filled up the basin located in book and put it on the table.",basin located in book
"The librarian filled up the basin located at book and put it on the table.",basin located at book
"The librarian filled up the book located in basin and put it on the table.",book located in basin
"The librarian filled up the book located at basin and put it on the table.",book located at basin
"Paul wanted to get a bookbasin but couldn't find one.",bookbasin
"Paul wanted to get a basin about book but couldn't find one.",basin about book
"Paul wanted to get a basin by book but couldn't find one.",basin by book
"Paul wanted to get a basin caused by book but couldn't find one.",basin caused by book
"Paul wanted to get a basin causes book but couldn't find one.",basin causes book
"Paul wanted to get a basin causing book but couldn't find one.",basin causing book
"Paul wanted to get a basin that causes book but couldn't find one.",basin that causes book
"Paul wanted to get a basin during book but couldn't find one.",basin during book
"Paul wanted to get a basin for book but couldn't find one.",basin for book
"Paul wanted to get a basin from book but couldn't find one.",basin from book
"Paul wanted to get a basin has book but couldn't find one.",basin has book
"Paul wanted to get a basin having book but couldn't find one.",basin having book
"Paul wanted to get a basin that has book but couldn't find one.",basin that has book
"Paul wanted to get a book has basin but couldn't find one.",book has basin
"Paul wanted to get a book having basin but couldn't find one.",book having basin
"Paul wanted to get a book that has basin but couldn't find one.",book that has basin
"Paul wanted to get a basin is book but couldn't find one.",basin is book
"Paul wanted to get a basin being book but couldn't find one.",basin being book
"Paul wanted to get a basin that is book but couldn't find one.",basin that is book
"Paul wanted to get a basin location is book but couldn't find one.",basin location is book
"Paul wanted to get a basin whose location is book but couldn't find one.",basin whose location is book
"Paul wanted to get a basin located on book but couldn't find one.",basin located on book
"Paul wanted to get a book location is basin but couldn't find one.",book location is basin
"Paul wanted to get a book whose location is basin but couldn't find one.",book whose location is basin
"Paul wanted to get a book located on basin but couldn't find one.",book located on basin
"Paul wanted to get a basin made of book but couldn't find one.",basin made of book
"Paul wanted to get a basin makes book but couldn't find one.",basin makes book
"Paul wanted to get a basin making book but couldn't find one.",basin making book
"Paul wanted to get a basin that makes book but couldn't find one.",basin that makes book
"Paul wanted to get a basin used by book but couldn't find one.",basin used by book
"Paul wanted to get a basin uses book but couldn't find one.",basin uses book
"Paul wanted to get a basin using book but couldn't find one.",basin using book
"Paul wanted to get a basin that uses book but couldn't find one.",basin that uses book
"Paul wanted to get a basin located in book but couldn't find one.",basin located in book
"Paul wanted to get a basin located at book but couldn't find one.",basin located at book
"Paul wanted to get a book located in basin but couldn't find one.",book located in basin
"Paul wanted to get a book located at basin but couldn't find one.",book located at basin
"It helps to rest in a brainbed after a long day.",brainbed
"It helps to rest in a bed about brain after a long day.",bed about brain
"It helps to rest in a bed by brain after a long day.",bed by brain
"It helps to rest in a bed caused by brain after a long day.",bed caused by brain
"It helps to rest in a bed causes brain after a long day.",bed causes brain
"It helps to rest in a bed causing brain after a long day.",bed causing brain
"It helps to rest in a bed that causes brain after a long day.",bed that causes brain
"It helps to rest in a bed during brain after a long day.",bed during brain
"It helps to rest in a bed for brain after a long day.",bed for brain
"It helps to rest in a bed from brain after a long day.",bed from brain
"It helps to rest in a bed has brain after a long day.",bed has brain
"It helps to rest in a bed having brain after a long day.",bed having brain
"It helps to rest in a bed that has brain after a long day.",bed that has brain
"It helps to rest in a brain has bed after a long day.",brain has bed
"It helps to rest in a brain having bed after a long day.",brain having bed
"It helps to rest in a brain that has bed after a long day.",brain that has bed
"It helps to rest in a bed is brain after a long day.",bed is brain
"It helps to rest in a bed being brain after a long day.",bed being brain
"It helps to rest in a bed that is brain after a long day.",bed that is brain
"It helps to rest in a bed location is brain after a long day.",bed location is brain
"It helps to rest in a bed whose location is brain after a long day.",bed whose location is brain
"It helps to rest in a bed located on brain after a long day.",bed located on brain
"It helps to rest in a brain location is bed after a long day.",brain location is bed
"It helps to rest in a brain whose location is bed after a long day.",brain whose location is bed
"It helps to rest in a brain located on bed after a long day.",brain located on bed
"It helps to rest in a bed made of brain after a long day.",bed made of brain
"It helps to rest in a bed makes brain after a long day.",bed makes brain
"It helps to rest in a bed making brain after a long day.",bed making brain
"It helps to rest in a bed that makes brain after a long day.",bed that makes brain
"It helps to rest in a bed used by brain after a long day.",bed used by brain
"It helps to rest in a bed uses brain after a long day.",bed uses brain
"It helps to rest in a bed using brain after a long day.",bed using brain
"It helps to rest in a bed that uses brain after a long day.",bed that uses brain
"It helps to rest in a bed located in brain after a long day.",bed located in brain
"It helps to rest in a bed located at brain after a long day.",bed located at brain
"It helps to rest in a brain located in bed after a long day.",brain located in bed
"It helps to rest in a brain located at bed after a long day.",brain located at bed
"They put a brainbed in their new kitchen.",brainbed
"They put a bed about brain in their new kitchen.",bed about brain
"They put a bed by brain in their new kitchen.",bed by brain
"They put a bed caused by brain in their new kitchen.",bed caused by brain
"They put a bed causes brain in their new kitchen.",bed causes brain
"They put a bed causing brain in their new kitchen.",bed causing brain
"They put a bed that causes brain in their new kitchen.",bed that causes brain
"They put a bed during brain in their new kitchen.",bed during brain
"They put a bed for brain in their new kitchen.",bed for brain
"They put a bed from brain in their new kitchen.",bed from brain
"They put a bed has brain in their new kitchen.",bed has brain
"They put a bed having brain in their new kitchen.",bed having brain
"They put a bed that has brain in their new kitchen.",bed that has brain
"They put a brain has bed in their new kitchen.",brain has bed
"They put a brain having bed in their new kitchen.",brain having bed
"They put a brain that has bed in their new kitchen.",brain that has bed
"They put a bed is brain in their new kitchen.",bed is brain
"They put a bed being brain in their new kitchen.",bed being brain
"They put a bed that is brain in their new kitchen.",bed that is brain
"They put a bed location is brain in their new kitchen.",bed location is brain
"They put a bed whose location is brain in their new kitchen.",bed whose location is brain
"They put a bed located on brain in their new kitchen.",bed located on brain
"They put a brain location is bed in their new kitchen.",brain location is bed
"They put a brain whose location is bed in their new kitchen.",brain whose location is bed
"They put a brain located on bed in their new kitchen.",brain located on bed
"They put a bed made of brain in their new kitchen.",bed made of brain
"They put a bed makes brain in their new kitchen.",bed makes brain
"They put a bed making brain in their new kitchen.",bed making brain
"They put a bed that makes brain in their new kitchen.",bed that makes brain
"They put a bed used by brain in their new kitchen.",bed used by brain
"They put a bed uses brain in their new kitchen.",bed uses brain
"They put a bed using brain in their new kitchen.",bed using brain
"They put a bed that uses brain in their new kitchen.",bed that uses brain
"They put a bed located in brain in their new kitchen.",bed located in brain
"They put a bed located at brain in their new kitchen.",bed located at brain
"They put a brain located in bed in their new kitchen.",brain located in bed
"They put a brain located at bed in their new kitchen.",brain located at bed
"She forgot to buy a breadnut when she went to the mall.",breadnut
"She forgot to buy a nut about bread when she went to the mall.",nut about bread
"She forgot to buy a nut by bread when she went to the mall.",nut by bread
"She forgot to buy a nut caused by bread when she went to the mall.",nut caused by bread
"She forgot to buy a nut causes bread when she went to the mall.",nut causes bread
"She forgot to buy a nut causing bread when she went to the mall.",nut causing bread
"She forgot to buy a nut that causes bread when she went to the mall.",nut that causes bread
"She forgot to buy a nut during bread when she went to the mall.",nut during bread
"She forgot to buy a nut for bread when she went to the mall.",nut for bread
"She forgot to buy a nut from bread when she went to the mall.",nut from bread
"She forgot to buy a nut has bread when she went to the mall.",nut has bread
"She forgot to buy a nut having bread when she went to the mall.",nut having bread
"She forgot to buy a nut that has bread when she went to the mall.",nut that has bread
"She forgot to buy a bread has nut when she went to the mall.",bread has nut
"She forgot to buy a bread having nut when she went to the mall.",bread having nut
"She forgot to buy a bread that has nut when she went to the mall.",bread that has nut
"She forgot to buy a nut is bread when she went to the mall.",nut is bread
"She forgot to buy a nut being bread when she went to the mall.",nut being bread
"She forgot to buy a nut that is bread when she went to the mall.",nut that is bread
"She forgot to buy a nut location is bread when she went to the mall.",nut location is bread
"She forgot to buy a nut whose location is bread when she went to the mall.",nut whose location is bread
"She forgot to buy a nut located on bread when she went to the mall.",nut located on bread
"She forgot to buy a bread location is nut when she went to the mall.",bread location is nut
"She forgot to buy a bread whose location is nut when she went to the mall.",bread whose location is nut
"She forgot to buy a bread located on nut when she went to the mall.",bread located on nut
"She forgot to buy a nut made of bread when she went to the mall.",nut made of bread
"She forgot to buy a nut makes bread when she went to the mall.",nut makes bread
"She forgot to buy a nut making bread when she went to the mall.",nut making bread
"She forgot to buy a nut that makes bread when she went to the mall.",nut that makes bread
"She forgot to buy a nut used by bread when she went to the mall.",nut used by bread
"She forgot to buy a nut uses bread when she went to the mall.",nut uses bread
"She forgot to buy a nut using bread when she went to the mall.",nut using bread
"She forgot to buy a nut that uses bread when she went to the mall.",nut that uses bread
"She forgot to buy a nut located in bread when she went to the mall.",nut located in bread
"She forgot to buy a nut located at bread when she went to the mall.",nut located at bread
"She forgot to buy a bread located in nut when she went to the mall.",bread located in nut
"She forgot to buy a bread located at nut when she went to the mall.",bread located at nut
"The baker used some breadnut in his new recipe.",breadnut
"The baker used some nut about bread in his new recipe.",nut about bread
"The baker used some nut by bread in his new recipe.",nut by bread
"The baker used some nut caused by bread in his new recipe.",nut caused by bread
"The baker used some nut causes bread in his new recipe.",nut causes bread
"The baker used some nut causing bread in his new recipe.",nut causing bread
"The baker used some nut that causes bread in his new recipe.",nut that causes bread
"The baker used some nut during bread in his new recipe.",nut during bread
"The baker used some nut for bread in his new recipe.",nut for bread
"The baker used some nut from bread in his new recipe.",nut from bread
"The baker used some nut has bread in his new recipe.",nut has bread
"The baker used some nut having bread in his new recipe.",nut having bread
"The baker used some nut that has bread in his new recipe.",nut that has bread
"The baker used some bread has nut in his new recipe.",bread has nut
"The baker used some bread having nut in his new recipe.",bread having nut
"The baker used some bread that has nut in his new recipe.",bread that has nut
"The baker used some nut is bread in his new recipe.",nut is bread
"The baker used some nut being bread in his new recipe.",nut being bread
"The baker used some nut that is bread in his new recipe.",nut that is bread
"The baker used some nut location is bread in his new recipe.",nut location is bread
"The baker used some nut whose location is bread in his new recipe.",nut whose location is bread
"The baker used some nut located on bread in his new recipe.",nut located on bread
"The baker used some bread location is nut in his new recipe.",bread location is nut
"The baker used some bread whose location is nut in his new recipe.",bread whose location is nut
"The baker used some bread located on nut in his new recipe.",bread located on nut
"The baker used some nut made of bread in his new recipe.",nut made of bread
"The baker used some nut makes bread in his new recipe.",nut makes bread
"The baker used some nut making bread in his new recipe.",nut making bread
"The baker used some nut that makes bread in his new recipe.",nut that makes bread
"The baker used some nut used by bread in his new recipe.",nut used by bread
"The baker used some nut uses bread in his new recipe.",nut uses bread
"The baker used some nut using bread in his new recipe.",nut using bread
"The baker used some nut that uses bread in his new recipe.",nut that uses bread
"The baker used some nut located in bread in his new recipe.",nut located in bread
"The baker used some nut located at bread in his new recipe.",nut located at bread
"The baker used some bread located in nut in his new recipe.",bread located in nut
"The baker used some bread located at nut in his new recipe.",bread located at nut
"The groom gave her a bridefeather before the wedding.",bridefeather
"The groom gave her a feather about bride before the wedding.",feather about bride
"The groom gave her a feather by bride before the wedding.",feather by bride
"The groom gave her a feather caused by bride before the wedding.",feather caused by bride
"The groom gave her a feather causes bride before the wedding.",feather causes bride
"The groom gave her a feather causing bride before the wedding.",feather causing bride
"The groom gave her a feather that causes bride before the wedding.",feather that causes bride
"The groom gave her a feather during bride before the wedding.",feather during bride
"The groom gave her a feather for bride before the wedding.",feather for bride
"The groom gave her a feather from bride before the wedding.",feather from bride
"The groom gave her a feather has bride before the wedding.",feather has bride
"The groom gave her a feather having bride before the wedding.",feather having bride
"The groom gave her a feather that has bride before the wedding.",feather that has bride
"The groom gave her a bride has feather before the wedding.",bride has feather
"The groom gave her a bride having feather before the wedding.",bride having feather
"The groom gave her a bride that has feather before the wedding.",bride that has feather
"The groom gave her a feather is bride before the wedding.",feather is bride
"The groom gave her a feather being bride before the wedding.",feather being bride
"The groom gave her a feather that is bride before the wedding.",feather that is bride
"The groom gave her a feather location is bride before the wedding.",feather location is bride
"The groom gave her a feather whose location is bride before the wedding.",feather whose location is bride
"The groom gave her a feather located on bride before the wedding.",feather located on bride
"The groom gave her a bride location is feather before the wedding.",bride location is feather
"The groom gave her a bride whose location is feather before the wedding.",bride whose location is feather
"The groom gave her a bride located on feather before the wedding.",bride located on feather
"The groom gave her a feather made of bride before the wedding.",feather made of bride
"The groom gave her a feather makes bride before the wedding.",feather makes bride
"The groom gave her a feather making bride before the wedding.",feather making bride
"The groom gave her a feather that makes bride before the wedding.",feather that makes bride
"The groom gave her a feather used by bride before the wedding.",feather used by bride
"The groom gave her a feather uses bride before the wedding.",feather uses bride
"The groom gave her a feather using bride before the wedding.",feather using bride
"The groom gave her a feather that uses bride before the wedding.",feather that uses bride
"The groom gave her a feather located in bride before the wedding.",feather located in bride
"The groom gave her a feather located at bride before the wedding.",feather located at bride
"The groom gave her a bride located in feather before the wedding.",bride located in feather
"The groom gave her a bride located at feather before the wedding.",bride located at feather
"Ella put away the bridefeather at the end of the day.",bridefeather
"Ella put away the feather about bride at the end of the day.",feather about bride
"Ella put away the feather by bride at the end of the day.",feather by bride
"Ella put away the feather caused by bride at the end of the day.",feather caused by bride
"Ella put away the feather causes bride at the end of the day.",feather causes bride
"Ella put away the feather causing bride at the end of the day.",feather causing bride
"Ella put away the feather that causes bride at the end of the day.",feather that causes bride
"Ella put away the feather during bride at the end of the day.",feather during bride
"Ella put away the feather for bride at the end of the day.",feather for bride
"Ella put away the feather from bride at the end of the day.",feather from bride
"Ella put away the feather has bride at the end of the day.",feather has bride
"Ella put away the feather having bride at the end of the day.",feather having bride
"Ella put away the feather that has bride at the end of the day.",feather that has bride
"Ella put away the bride has feather at the end of the day.",bride has feather
"Ella put away the bride having feather at the end of the day.",bride having feather
"Ella put away the bride that has feather at the end of the day.",bride that has feather
"Ella put away the feather is bride at the end of the day.",feather is bride
"Ella put away the feather being bride at the end of the day.",feather being bride
"Ella put away the feather that is bride at the end of the day.",feather that is bride
"Ella put away the feather location is bride at the end of the day.",feather location is bride
"Ella put away the feather whose location is bride at the end of the day.",feather whose location is bride
"Ella put away the feather located on bride at the end of the day.",feather located on bride
"Ella put away the bride location is feather at the end of the day.",bride location is feather
"Ella put away the bride whose location is feather at the end of the day.",bride whose location is feather
"Ella put away the bride located on feather at the end of the day.",bride located on feather
"Ella put away the feather made of bride at the end of the day.",feather made of bride
"Ella put away the feather makes bride at the end of the day.",feather makes bride
"Ella put away the feather making bride at the end of the day.",feather making bride
"Ella put away the feather that makes bride at the end of the day.",feather that makes bride
"Ella put away the feather used by bride at the end of the day.",feather used by bride
"Ella put away the feather uses bride at the end of the day.",feather uses bride
"Ella put away the feather using bride at the end of the day.",feather using bride
"Ella put away the feather that uses bride at the end of the day.",feather that uses bride
"Ella put away the feather located in bride at the end of the day.",feather located in bride
"Ella put away the feather located at bride at the end of the day.",feather located at bride
"Ella put away the bride located in feather at the end of the day.",bride located in feather
"Ella put away the bride located at feather at the end of the day.",bride located at feather
"There was a butterlamp on the table.",butterlamp
"There was a lamp about butter on the table.",lamp about butter
"There was a lamp by butter on the table.",lamp by butter
"There was a lamp caused by butter on the table.",lamp caused by butter
"There was a lamp causes butter on the table.",lamp causes butter
"There was a lamp causing butter on the table.",lamp causing butter
"There was a lamp that causes butter on the table.",lamp that causes butter
"There was a lamp during butter on the table.",lamp during butter
"There was a lamp for butter on the table.",lamp for butter
"There was a lamp from butter on the table.",lamp from butter
"There was a lamp has butter on the table.",lamp has butter
"There was a lamp having butter on the table.",lamp having butter
"There was a lamp that has butter on the table.",lamp that has butter
"There was a butter has lamp on the table.",butter has lamp
"There was a butter having lamp on the table.",butter having lamp
"There was a butter that has lamp on the table.",butter that has lamp
"There was a lamp is butter on the table.",lamp is butter
"There was a lamp being butter on the table.",lamp being butter
"There was a lamp that is butter on the table.",lamp that is butter
"There was a lamp location is butter on the table.",lamp location is butter
"There was a lamp whose location is butter on the table.",lamp whose location is butter
"There was a lamp located on butter on the table.",lamp located on butter
"There was a butter location is lamp on the table.",butter location is lamp
"There was a butter whose location is lamp on the table.",butter whose location is lamp
"There was a butter located on lamp on the table.",butter located on lamp
"There was a lamp made of butter on the table.",lamp made of butter
"There was a lamp makes butter on the table.",lamp makes butter
"There was a lamp making butter on the table.",lamp making butter
"There was a lamp that makes butter on the table.",lamp that makes butter
"There was a lamp used by butter on the table.",lamp used by butter
"There was a lamp uses butter on the table.",lamp uses butter
"There was a lamp using butter on the table.",lamp using butter
"There was a lamp that uses butter on the table.",lamp that uses butter
"There was a lamp located in butter on the table.",lamp located in butter
"There was a lamp located at butter on the table.",lamp located at butter
"There was a butter located in lamp on the table.",butter located in lamp
"There was a butter located at lamp on the table.",butter located at lamp
"He turned on the butterlamp to light up the room.",butterlamp
"He turned on the lamp about butter to light up the room.",lamp about butter
"He turned on the lamp by butter to light up the room.",lamp by butter
"He turned on the lamp caused by butter to light up the room.",lamp caused by butter
"He turned on the lamp causes butter to light up the room.",lamp causes butter
"He turned on the lamp causing butter to light up the room.",lamp causing butter
"He turned on the lamp that causes butter to light up the room.",lamp that causes butter
"He turned on the lamp during butter to light up the room.",lamp during butter
"He turned on the lamp for butter to light up the room.",lamp for butter
"He turned on the lamp from butter to light up the room.",lamp from butter
"He turned on the lamp has butter to light up the room.",lamp has butter
"He turned on the lamp having butter to light up the room.",lamp having butter
"He turned on the lamp that has butter to light up the room.",lamp that has butter
"He turned on the butter has lamp to light up the room.",butter has lamp
"He turned on the butter having lamp to light up the room.",butter having lamp
"He turned on the butter that has lamp to light up the room.",butter that has lamp
"He turned on the lamp is butter to light up the room.",lamp is butter
"He turned on the lamp being butter to light up the room.",lamp being butter
"He turned on the lamp that is butter to light up the room.",lamp that is butter
"He turned on the lamp location is butter to light up the room.",lamp location is butter
"He turned on the lamp whose location is butter to light up the room.",lamp whose location is butter
"He turned on the lamp located on butter to light up the room.",lamp located on butter
"He turned on the butter location is lamp to light up the room.",butter location is lamp
"He turned on the butter whose location is lamp to light up the room.",butter whose location is lamp
"He turned on the butter located on lamp to light up the room.",butter located on lamp
"He turned on the lamp made of butter to light up the room.",lamp made of butter
"He turned on the lamp makes butter to light up the room.",lamp makes butter
"He turned on the lamp making butter to light up the room.",lamp making butter
"He turned on the lamp that makes butter to light up the room.",lamp that makes butter
"He turned on the lamp used by butter to light up the room.",lamp used by butter
"He turned on the lamp uses butter to light up the room.",lamp uses butter
"He turned on the lamp using butter to light up the room.",lamp using butter
"He turned on the lamp that uses butter to light up the room.",lamp that uses butter
"He turned on the lamp located in butter to light up the room.",lamp located in butter
"He turned on the lamp located at butter to light up the room.",lamp located at butter
"He turned on the butter located in lamp to light up the room.",butter located in lamp
"He turned on the butter located at lamp to light up the room.",butter located at lamp
"The baker decorated the cakebaby and added it to the display.",cakebaby
"The baker decorated the baby about cake and added it to the display.",baby about cake
"The baker decorated the baby by cake and added it to the display.",baby by cake
"The baker decorated the baby caused by cake and added it to the display.",baby caused by cake
"The baker decorated the baby causes cake and added it to the display.",baby causes cake
"The baker decorated the baby causing cake and added it to the display.",baby causing cake
"The baker decorated the baby that causes cake and added it to the display.",baby that causes cake
"The baker decorated the baby during cake and added it to the display.",baby during cake
"The baker decorated the baby for cake and added it to the display.",baby for cake
"The baker decorated the baby from cake and added it to the display.",baby from cake
"The baker decorated the baby has cake and added it to the display.",baby has cake
"The baker decorated the baby having cake and added it to the display.",baby having cake
"The baker decorated the baby that has cake and added it to the display.",baby that has cake
"The baker decorated the cake has baby and added it to the display.",cake has baby
"The baker decorated the cake having baby and added it to the display.",cake having baby
"The baker decorated the cake that has baby and added it to the display.",cake that has baby
"The baker decorated the baby is cake and added it to the display.",baby is cake
"The baker decorated the baby being cake and added it to the display.",baby being cake
"The baker decorated the baby that is cake and added it to the display.",baby that is cake
"The baker decorated the baby location is cake and added it to the display.",baby location is cake
"The baker decorated the baby whose location is cake and added it to the display.",baby whose location is cake
"The baker decorated the baby located on cake and added it to the display.",baby located on cake
"The baker decorated the cake location is baby and added it to the display.",cake location is baby
"The baker decorated the cake whose location is baby and added it to the display.",cake whose location is baby
"The baker decorated the cake located on baby and added it to the display.",cake located on baby
"The baker decorated the baby made of cake and added it to the display.",baby made of cake
"The baker decorated the baby makes cake and added it to the display.",baby makes cake
"The baker decorated the baby making cake and added it to the display.",baby making cake
"The baker decorated the baby that makes cake and added it to the display.",baby that makes cake
"The baker decorated the baby used by cake and added it to the display.",baby used by cake
"The baker decorated the baby uses cake and added it to the display.",baby uses cake
"The baker decorated the baby using cake and added it to the display.",baby using cake
"The baker decorated the baby that uses cake and added it to the display.",baby that uses cake
"The baker decorated the baby located in cake and added it to the display.",baby located in cake
"The baker decorated the baby located at cake and added it to the display.",baby located at cake
"The baker decorated the cake located in baby and added it to the display.",cake located in baby
"The baker decorated the cake located at baby and added it to the display.",cake located at baby
"He returned the cakebaby to the store.",cakebaby
"He returned the baby about cake to the store.",baby about cake
"He returned the baby by cake to the store.",baby by cake
"He returned the baby caused by cake to the store.",baby caused by cake
"He returned the baby causes cake to the store.",baby causes cake
"He returned the baby causing cake to the store.",baby causing cake
"He returned the baby that causes cake to the store.",baby that causes cake
"He returned the baby during cake to the store.",baby during cake
"He returned the baby for cake to the store.",baby for cake
"He returned the baby from cake to the store.",baby from cake
"He returned the baby has cake to the store.",baby has cake
"He returned the baby having cake to the store.",baby having cake
"He returned the baby that has cake to the store.",baby that has cake
"He returned the cake has baby to the store.",cake has baby
"He returned the cake having baby to the store.",cake having baby
"He returned the cake that has baby to the store.",cake that has baby
"He returned the baby is cake to the store.",baby is cake
"He returned the baby being cake to the store.",baby being cake
"He returned the baby that is cake to the store.",baby that is cake
"He returned the baby location is cake to the store.",baby location is cake
"He returned the baby whose location is cake to the store.",baby whose location is cake
"He returned the baby located on cake to the store.",baby located on cake
"He returned the cake location is baby to the store.",cake location is baby
"He returned the cake whose location is baby to the store.",cake whose location is baby
"He returned the cake located on baby to the store.",cake located on baby
"He returned the baby made of cake to the store.",baby made of cake
"He returned the baby makes cake to the store.",baby makes cake
"He returned the baby making cake to the store.",baby making cake
"He returned the baby that makes cake to the store.",baby that makes cake
"He returned the baby used by cake to the store.",baby used by cake
"He returned the baby uses cake to the store.",baby uses cake
"He returned the baby using cake to the store.",baby using cake
"He returned the baby that uses cake to the store.",baby that uses cake
"He returned the baby located in cake to the store.",baby located in cake
"He returned the baby located at cake to the store.",baby located at cake
"He returned the cake located in baby to the store.",cake located in baby
"He returned the cake located at baby to the store.",cake located at baby
"The house was built with a cakenest in the hallway.",cakenest
"The house was built with a nest about cake in the hallway.",nest about cake
"The house was built with a nest by cake in the hallway.",nest by cake
"The house was built with a nest caused by cake in the hallway.",nest caused by cake
"The house was built with a nest causes cake in the hallway.",nest causes cake
"The house was built with a nest causing cake in the hallway.",nest causing cake
"The house was built with a nest that causes cake in the hallway.",nest that causes cake
"The house was built with a nest during cake in the hallway.",nest during cake
"The house was built with a nest for cake in the hallway.",nest for cake
"The house was built with a nest from cake in the hallway.",nest from cake
"The house was built with a nest has cake in the hallway.",nest has cake
"The house was built with a nest having cake in the hallway.",nest having cake
"The house was built with a nest that has cake in the hallway.",nest that has cake
"The house was built with a cake has nest in the hallway.",cake has nest
"The house was built with a cake having nest in the hallway.",cake having nest
"The house was built with a cake that has nest in the hallway.",cake that has nest
"The house was built with a nest is cake in the hallway.",nest is cake
"The house was built with a nest being cake in the hallway.",nest being cake
"The house was built with a nest that is cake in the hallway.",nest that is cake
"The house was built with a nest location is cake in the hallway.",nest location is cake
"The house was built with a nest whose location is cake in the hallway.",nest whose location is cake
"The house was built with a nest located on cake in the hallway.",nest located on cake
"The house was built with a cake location is nest in the hallway.",cake location is nest
"The house was built with a cake whose location is nest in the hallway.",cake whose location is nest
"The house was built with a cake located on nest in the hallway.",cake located on nest
"The house was built with a nest made of cake in the hallway.",nest made of cake
"The house was built with a nest makes cake in the hallway.",nest makes cake
"The house was built with a nest making cake in the hallway.",nest making cake
"The house was built with a nest that makes cake in the hallway.",nest that makes cake
"The house was built with a nest used by cake in the hallway.",nest used by cake
"The house was built with a nest uses cake in the hallway.",nest uses cake
"The house was built with a nest using cake in the hallway.",nest using cake
"The house was built with a nest that uses cake in the hallway.",nest that uses cake
"The house was built with a nest located in cake in the hallway.",nest located in cake
"The house was built with a nest located at cake in the hallway.",nest located at cake
"The house was built with a cake located in nest in the hallway.",cake located in nest
"The house was built with a cake located at nest in the hallway.",cake located at nest
"The baker put the desert in the cakenest after he took it out of the oven.",cakenest
"The baker put the desert in the nest about cake after he took it out of the oven.",nest about cake
"The baker put the desert in the nest by cake after he took it out of the oven.",nest by cake
"The baker put the desert in the nest caused by cake after he took it out of the oven.",nest caused by cake
"The baker put the desert in the nest causes cake after he took it out of the oven.",nest causes cake
"The baker put the desert in the nest causing cake after he took it out of the oven.",nest causing cake
"The baker put the desert in the nest that causes cake after he took it out of the oven.",nest that causes cake
"The baker put the desert in the nest during cake after he took it out of the oven.",nest during cake
"The baker put the desert in the nest for cake after he took it out of the oven.",nest for cake
"The baker put the desert in the nest from cake after he took it out of the oven.",nest from cake
"The baker put the desert in the nest has cake after he took it out of the oven.",nest has cake
"The baker put the desert in the nest having cake after he took it out of the oven.",nest having cake
"The baker put the desert in the nest that has cake after he took it out of the oven.",nest that has cake
"The baker put the desert in the cake has nest after he took it out of the oven.",cake has nest
"The baker put the desert in the cake having nest after he took it out of the oven.",cake having nest
"The baker put the desert in the cake that has nest after he took it out of the oven.",cake that has nest
"The baker put the desert in the nest is cake after he took it out of the oven.",nest is cake
"The baker put the desert in the nest being cake after he took it out of the oven.",nest being cake
"The baker put the desert in the nest that is cake after he took it out of the oven.",nest that is cake
"The baker put the desert in the nest location is cake after he took it out of the oven.",nest location is cake
"The baker put the desert in the nest whose location is cake after he took it out of the oven.",nest whose location is cake
"The baker put the desert in the nest located on cake after he took it out of the oven.",nest located on cake
"The baker put the desert in the cake location is nest after he took it out of the oven.",cake location is nest
"The baker put the desert in the cake whose location is nest after he took it out of the oven.",cake whose location is nest
"The baker put the desert in the cake located on nest after he took it out of the oven.",cake located on nest
"The baker put the desert in the nest made of cake after he took it out of the oven.",nest made of cake
"The baker put the desert in the nest makes cake after he took it out of the oven.",nest makes cake
"The baker put the desert in the nest making cake after he took it out of the oven.",nest making cake
"The baker put the desert in the nest that makes cake after he took it out of the oven.",nest that makes cake
"The baker put the desert in the nest used by cake after he took it out of the oven.",nest used by cake
"The baker put the desert in the nest uses cake after he took it out of the oven.",nest uses cake
"The baker put the desert in the nest using cake after he took it out of the oven.",nest using cake
"The baker put the desert in the nest that uses cake after he took it out of the oven.",nest that uses cake
"The baker put the desert in the nest located in cake after he took it out of the oven.",nest located in cake
"The baker put the desert in the nest located at cake after he took it out of the oven.",nest located at cake
"The baker put the desert in the cake located in nest after he took it out of the oven.",cake located in nest
"The baker put the desert in the cake located at nest after he took it out of the oven.",cake located at nest
"He ordered a new catpen last week.",catpen
"He ordered a new pen about cat last week.",pen about cat
"He ordered a new pen by cat last week.",pen by cat
"He ordered a new pen caused by cat last week.",pen caused by cat
"He ordered a new pen causes cat last week.",pen causes cat
"He ordered a new pen causing cat last week.",pen causing cat
"He ordered a new pen that causes cat last week.",pen that causes cat
"He ordered a new pen during cat last week.",pen during cat
"He ordered a new pen for cat last week.",pen for cat
"He ordered a new pen from cat last week.",pen from cat
"He ordered a new pen has cat last week.",pen has cat
"He ordered a new pen having cat last week.",pen having cat
"He ordered a new pen that has cat last week.",pen that has cat
"He ordered a new cat has pen last week.",cat has pen
"He ordered a new cat having pen last week.",cat having pen
"He ordered a new cat that has pen last week.",cat that has pen
"He ordered a new pen is cat last week.",pen is cat
"He ordered a new pen being cat last week.",pen being cat
"He ordered a new pen that is cat last week.",pen that is cat
"He ordered a new pen location is cat last week.",pen location is cat
"He ordered a new pen whose location is cat last week.",pen whose location is cat
"He ordered a new pen located on cat last week.",pen located on cat
"He ordered a new cat location is pen last week.",cat location is pen
"He ordered a new cat whose location is pen last week.",cat whose location is pen
"He ordered a new cat located on pen last week.",cat located on pen
"He ordered a new pen made of cat last week.",pen made of cat
"He ordered a new pen makes cat last week.",pen makes cat
"He ordered a new pen making cat last week.",pen making cat
"He ordered a new pen that makes cat last week.",pen that makes cat
"He ordered a new pen used by cat last week.",pen used by cat
"He ordered a new pen uses cat last week.",pen uses cat
"He ordered a new pen using cat last week.",pen using cat
"He ordered a new pen that uses cat last week.",pen that uses cat
"He ordered a new pen located in cat last week.",pen located in cat
"He ordered a new pen located at cat last week.",pen located at cat
"He ordered a new cat located in pen last week.",cat located in pen
"He ordered a new cat located at pen last week.",cat located at pen
"There was a kitten meowing from the catpen in the next room.",catpen
"There was a kitten meowing from the pen about cat in the next room.",pen about cat
"There was a kitten meowing from the pen by cat in the next room.",pen by cat
"There was a kitten meowing from the pen caused by cat in the next room.",pen caused by cat
"There was a kitten meowing from the pen causes cat in the next room.",pen causes cat
"There was a kitten meowing from the pen causing cat in the next room.",pen causing cat
"There was a kitten meowing from the pen that causes cat in the next room.",pen that causes cat
"There was a kitten meowing from the pen during cat in the next room.",pen during cat
"There was a kitten meowing from the pen for cat in the next room.",pen for cat
"There was a kitten meowing from the pen from cat in the next room.",pen from cat
"There was a kitten meowing from the pen has cat in the next room.",pen has cat
"There was a kitten meowing from the pen having cat in the next room.",pen having cat
"There was a kitten meowing from the pen that has cat in the next room.",pen that has cat
"There was a kitten meowing from the cat has pen in the next room.",cat has pen
"There was a kitten meowing from the cat having pen in the next room.",cat having pen
"There was a kitten meowing from the cat that has pen in the next room.",cat that has pen
"There was a kitten meowing from the pen is cat in the next room.",pen is cat
"There was a kitten meowing from the pen being cat in the next room.",pen being cat
"There was a kitten meowing from the pen that is cat in the next room.",pen that is cat
"There was a kitten meowing from the pen location is cat in the next room.",pen location is cat
"There was a kitten meowing from the pen whose location is cat in the next room.",pen whose location is cat
"There was a kitten meowing from the pen located on cat in the next room.",pen located on cat
"There was a kitten meowing from the cat location is pen in the next room.",cat location is pen
"There was a kitten meowing from the cat whose location is pen in the next room.",cat whose location is pen
"There was a kitten meowing from the cat located on pen in the next room.",cat located on pen
"There was a kitten meowing from the pen made of cat in the next room.",pen made of cat
"There was a kitten meowing from the pen makes cat in the next room.",pen makes cat
"There was a kitten meowing from the pen making cat in the next room.",pen making cat
"There was a kitten meowing from the pen that makes cat in the next room.",pen that makes cat
"There was a kitten meowing from the pen used by cat in the next room.",pen used by cat
"There was a kitten meowing from the pen uses cat in the next room.",pen uses cat
"There was a kitten meowing from the pen using cat in the next room.",pen using cat
"There was a kitten meowing from the pen that uses cat in the next room.",pen that uses cat
"There was a kitten meowing from the pen located in cat in the next room.",pen located in cat
"There was a kitten meowing from the pen located at cat in the next room.",pen located at cat
"There was a kitten meowing from the cat located in pen in the next room.",cat located in pen
"There was a kitten meowing from the cat located at pen in the next room.",cat located at pen
"The family moved into the cavehouse last month.",cavehouse
"The family moved into the house about cave last month.",house about cave
"The family moved into the house by cave last month.",house by cave
"The family moved into the house caused by cave last month.",house caused by cave
"The family moved into the house causes cave last month.",house causes cave
"The family moved into the house causing cave last month.",house causing cave
"The family moved into the house that causes cave last month.",house that causes cave
"The family moved into the house during cave last month.",house during cave
"The family moved into the house for cave last month.",house for cave
"The family moved into the house from cave last month.",house from cave
"The family moved into the house has cave last month.",house has cave
"The family moved into the house having cave last month.",house having cave
"The family moved into the house that has cave last month.",house that has cave
"The family moved into the cave has house last month.",cave has house
"The family moved into the cave having house last month.",cave having house
"The family moved into the cave that has house last month.",cave that has house
"The family moved into the house is cave last month.",house is cave
"The family moved into the house being cave last month.",house being cave
"The family moved into the house that is cave last month.",house that is cave
"The family moved into the house location is cave last month.",house location is cave
"The family moved into the house whose location is cave last month.",house whose location is cave
"The family moved into the house located on cave last month.",house located on cave
"The family moved into the cave location is house last month.",cave location is house
"The family moved into the cave whose location is house last month.",cave whose location is house
"The family moved into the cave located on house last month.",cave located on house
"The family moved into the house made of cave last month.",house made of cave
"The family moved into the house makes cave last month.",house makes cave
"The family moved into the house making cave last month.",house making cave
"The family moved into the house that makes cave last month.",house that makes cave
"The family moved into the house used by cave last month.",house used by cave
"The family moved into the house uses cave last month.",house uses cave
"The family moved into the house using cave last month.",house using cave
"The family moved into the house that uses cave last month.",house that uses cave
"The family moved into the house located in cave last month.",house located in cave
"The family moved into the house located at cave last month.",house located at cave
"The family moved into the cave located in house last month.",cave located in house
"The family moved into the cave located at house last month.",cave located at house
"Bella drove the cavehouse away from the town.",cavehouse
"Bella drove the house about cave away from the town.",house about cave
"Bella drove the house by cave away from the town.",house by cave
"Bella drove the house caused by cave away from the town.",house caused by cave
"Bella drove the house causes cave away from the town.",house causes cave
"Bella drove the house causing cave away from the town.",house causing cave
"Bella drove the house that causes cave away from the town.",house that causes cave
"Bella drove the house during cave away from the town.",house during cave
"Bella drove the house for cave away from the town.",house for cave
"Bella drove the house from cave away from the town.",house from cave
"Bella drove the house has cave away from the town.",house has cave
"Bella drove the house having cave away from the town.",house having cave
"Bella drove the house that has cave away from the town.",house that has cave
"Bella drove the cave has house away from the town.",cave has house
"Bella drove the cave having house away from the town.",cave having house
"Bella drove the cave that has house away from the town.",cave that has house
"Bella drove the house is cave away from the town.",house is cave
"Bella drove the house being cave away from the town.",house being cave
"Bella drove the house that is cave away from the town.",house that is cave
"Bella drove the house location is cave away from the town.",house location is cave
"Bella drove the house whose location is cave away from the town.",house whose location is cave
"Bella drove the house located on cave away from the town.",house located on cave
"Bella drove the cave location is house away from the town.",cave location is house
"Bella drove the cave whose location is house away from the town.",cave whose location is house
"Bella drove the cave located on house away from the town.",cave located on house
"Bella drove the house made of cave away from the town.",house made of cave
"Bella drove the house makes cave away from the town.",house makes cave
"Bella drove the house making cave away from the town.",house making cave
"Bella drove the house that makes cave away from the town.",house that makes cave
"Bella drove the house used by cave away from the town.",house used by cave
"Bella drove the house uses cave away from the town.",house uses cave
"Bella drove the house using cave away from the town.",house using cave
"Bella drove the house that uses cave away from the town.",house that uses cave
"Bella drove the house located in cave away from the town.",house located in cave
"Bella drove the house located at cave away from the town.",house located at cave
"Bella drove the cave located in house away from the town.",cave located in house
"Bella drove the cave located at house away from the town.",cave located at house
"The lawyer put the chalkbaby away after she was done with it.",chalkbaby
"The lawyer put the baby about chalk away after she was done with it.",baby about chalk
"The lawyer put the baby by chalk away after she was done with it.",baby by chalk
"The lawyer put the baby caused by chalk away after she was done with it.",baby caused by chalk
"The lawyer put the baby causes chalk away after she was done with it.",baby causes chalk
"The lawyer put the baby causing chalk away after she was done with it.",baby causing chalk
"The lawyer put the baby that causes chalk away after she was done with it.",baby that causes chalk
"The lawyer put the baby during chalk away after she was done with it.",baby during chalk
"The lawyer put the baby for chalk away after she was done with it.",baby for chalk
"The lawyer put the baby from chalk away after she was done with it.",baby from chalk
"The lawyer put the baby has chalk away after she was done with it.",baby has chalk
"The lawyer put the baby having chalk away after she was done with it.",baby having chalk
"The lawyer put the baby that has chalk away after she was done with it.",baby that has chalk
"The lawyer put the chalk has baby away after she was done with it.",chalk has baby
"The lawyer put the chalk having baby away after she was done with it.",chalk having baby
"The lawyer put the chalk that has baby away after she was done with it.",chalk that has baby
"The lawyer put the baby is chalk away after she was done with it.",baby is chalk
"The lawyer put the baby being chalk away after she was done with it.",baby being chalk
"The lawyer put the baby that is chalk away after she was done with it.",baby that is chalk
"The lawyer put the baby location is chalk away after she was done with it.",baby location is chalk
"The lawyer put the baby whose location is chalk away after she was done with it.",baby whose location is chalk
"The lawyer put the baby located on chalk away after she was done with it.",baby located on chalk
"The lawyer put the chalk location is baby away after she was done with it.",chalk location is baby
"The lawyer put the chalk whose location is baby away after she was done with it.",chalk whose location is baby
"The lawyer put the chalk located on baby away after she was done with it.",chalk located on baby
"The lawyer put the baby made of chalk away after she was done with it.",baby made of chalk
"The lawyer put the baby makes chalk away after she was done with it.",baby makes chalk
"The lawyer put the baby making chalk away after she was done with it.",baby making chalk
"The lawyer put the baby that makes chalk away after she was done with it.",baby that makes chalk
"The lawyer put the baby used by chalk away after she was done with it.",baby used by chalk
"The lawyer put the baby uses chalk away after she was done with it.",baby uses chalk
"The lawyer put the baby using chalk away after she was done with it.",baby using chalk
"The lawyer put the baby that uses chalk away after she was done with it.",baby that uses chalk
"The lawyer put the baby located in chalk away after she was done with it.",baby located in chalk
"The lawyer put the baby located at chalk away after she was done with it.",baby located at chalk
"The lawyer put the chalk located in baby away after she was done with it.",chalk located in baby
"The lawyer put the chalk located at baby away after she was done with it.",chalk located at baby
"The teacher wrote on the board using a chalkbaby from his desk.",chalkbaby
"The teacher wrote on the board using a baby about chalk from his desk.",baby about chalk
"The teacher wrote on the board using a baby by chalk from his desk.",baby by chalk
"The teacher wrote on the board using a baby caused by chalk from his desk.",baby caused by chalk
"The teacher wrote on the board using a baby causes chalk from his desk.",baby causes chalk
"The teacher wrote on the board using a baby causing chalk from his desk.",baby causing chalk
"The teacher wrote on the board using a baby that causes chalk from his desk.",baby that causes chalk
"The teacher wrote on the board using a baby during chalk from his desk.",baby during chalk
"The teacher wrote on the board using a baby for chalk from his desk.",baby for chalk
"The teacher wrote on the board using a baby from chalk from his desk.",baby from chalk
"The teacher wrote on the board using a baby has chalk from his desk.",baby has chalk
"The teacher wrote on the board using a baby having chalk from his desk.",baby having chalk
"The teacher wrote on the board using a baby that has chalk from his desk.",baby that has chalk
"The teacher wrote on the board using a chalk has baby from his desk.",chalk has baby
"The teacher wrote on the board using a chalk having baby from his desk.",chalk having baby
"The teacher wrote on the board using a chalk that has baby from his desk.",chalk that has baby
"The teacher wrote on the board using a baby is chalk from his desk.",baby is chalk
"The teacher wrote on the board using a baby being chalk from his desk.",baby being chalk
"The teacher wrote on the board using a baby that is chalk from his desk.",baby that is chalk
"The teacher wrote on the board using a baby location is chalk from his desk.",baby location is chalk
"The teacher wrote on the board using a baby whose location is chalk from his desk.",baby whose location is chalk
"The teacher wrote on the board using a baby located on chalk from his desk.",baby located on chalk
"The teacher wrote on the board using a chalk location is baby from his desk.",chalk location is baby
"The teacher wrote on the board using a chalk whose location is baby from his desk.",chalk whose location is baby
"The teacher wrote on the board using a chalk located on baby from his desk.",chalk located on baby
"The teacher wrote on the board using a baby made of chalk from his desk.",baby made of chalk
"The teacher wrote on the board using a baby makes chalk from his desk.",baby makes chalk
"The teacher wrote on the board using a baby making chalk from his desk.",baby making chalk
"The teacher wrote on the board using a baby that makes chalk from his desk.",baby that makes chalk
"The teacher wrote on the board using a baby used by chalk from his desk.",baby used by chalk
"The teacher wrote on the board using a baby uses chalk from his desk.",baby uses chalk
"The teacher wrote on the board using a baby using chalk from his desk.",baby using chalk
"The teacher wrote on the board using a baby that uses chalk from his desk.",baby that uses chalk
"The teacher wrote on the board using a baby located in chalk from his desk.",baby located in chalk
"The teacher wrote on the board using a baby located at chalk from his desk.",baby located at chalk
"The teacher wrote on the board using a chalk located in baby from his desk.",chalk located in baby
"The teacher wrote on the board using a chalk located at baby from his desk.",chalk located at baby
"He poured the cheekwater into the sink.",cheekwater
"He poured the water about cheek into the sink.",water about cheek
"He poured the water by cheek into the sink.",water by cheek
"He poured the water caused by cheek into the sink.",water caused by cheek
"He poured the water causes cheek into the sink.",water causes cheek
"He poured the water causing cheek into the sink.",water causing cheek
"He poured the water that causes cheek into the sink.",water that causes cheek
"He poured the water during cheek into the sink.",water during cheek
"He poured the water for cheek into the sink.",water for cheek
"He poured the water from cheek into the sink.",water from cheek
"He poured the water has cheek into the sink.",water has cheek
"He poured the water having cheek into the sink.",water having cheek
"He poured the water that has cheek into the sink.",water that has cheek
"He poured the cheek has water into the sink.",cheek has water
"He poured the cheek having water into the sink.",cheek having water
"He poured the cheek that has water into the sink.",cheek that has water
"He poured the water is cheek into the sink.",water is cheek
"He poured the water being cheek into the sink.",water being cheek
"He poured the water that is cheek into the sink.",water that is cheek
"He poured the water location is cheek into the sink.",water location is cheek
"He poured the water whose location is cheek into the sink.",water whose location is cheek
"He poured the water located on cheek into the sink.",water located on cheek
"He poured the cheek location is water into the sink.",cheek location is water
"He poured the cheek whose location is water into the sink.",cheek whose location is water
"He poured the cheek located on water into the sink.",cheek located on water
"He poured the water made of cheek into the sink.",water made of cheek
"He poured the water makes cheek into the sink.",water makes cheek
"He poured the water making cheek into the sink.",water making cheek
"He poured the water that makes cheek into the sink.",water that makes cheek
"He poured the water used by cheek into the sink.",water used by cheek
"He poured the water uses cheek into the sink.",water uses cheek
"He poured the water using cheek into the sink.",water using cheek
"He poured the water that uses cheek into the sink.",water that uses cheek
"He poured the water located in cheek into the sink.",water located in cheek
"He poured the water located at cheek into the sink.",water located at cheek
"He poured the cheek located in water into the sink.",cheek located in water
"He poured the cheek located at water into the sink.",cheek located at water
"There is a sale on cheekwater at the grocery store.",cheekwater
"There is a sale on water about cheek at the grocery store.",water about cheek
"There is a sale on water by cheek at the grocery store.",water by cheek
"There is a sale on water caused by cheek at the grocery store.",water caused by cheek
"There is a sale on water causes cheek at the grocery store.",water causes cheek
"There is a sale on water causing cheek at the grocery store.",water causing cheek
"There is a sale on water that causes cheek at the grocery store.",water that causes cheek
"There is a sale on water during cheek at the grocery store.",water during cheek
"There is a sale on water for cheek at the grocery store.",water for cheek
"There is a sale on water from cheek at the grocery store.",water from cheek
"There is a sale on water has cheek at the grocery store.",water has cheek
"There is a sale on water having cheek at the grocery store.",water having cheek
"There is a sale on water that has cheek at the grocery store.",water that has cheek
"There is a sale on cheek has water at the grocery store.",cheek has water
"There is a sale on cheek having water at the grocery store.",cheek having water
"There is a sale on cheek that has water at the grocery store.",cheek that has water
"There is a sale on water is cheek at the grocery store.",water is cheek
"There is a sale on water being cheek at the grocery store.",water being cheek
"There is a sale on water that is cheek at the grocery store.",water that is cheek
"There is a sale on water location is cheek at the grocery store.",water location is cheek
"There is a sale on water whose location is cheek at the grocery store.",water whose location is cheek
"There is a sale on water located on cheek at the grocery store.",water located on cheek
"There is a sale on cheek location is water at the grocery store.",cheek location is water
"There is a sale on cheek whose location is water at the grocery store.",cheek whose location is water
"There is a sale on cheek located on water at the grocery store.",cheek located on water
"There is a sale on water made of cheek at the grocery store.",water made of cheek
"There is a sale on water makes cheek at the grocery store.",water makes cheek
"There is a sale on water making cheek at the grocery store.",water making cheek
"There is a sale on water that makes cheek at the grocery store.",water that makes cheek
"There is a sale on water used by cheek at the grocery store.",water used by cheek
"There is a sale on water uses cheek at the grocery store.",water uses cheek
"There is a sale on water using cheek at the grocery store.",water using cheek
"There is a sale on water that uses cheek at the grocery store.",water that uses cheek
"There is a sale on water located in cheek at the grocery store.",water located in cheek
"There is a sale on water located at cheek at the grocery store.",water located at cheek
"There is a sale on cheek located in water at the grocery store.",cheek located in water
"There is a sale on cheek located at water at the grocery store.",cheek located at water
"The pilot landed the coaljet at the airport.",coaljet
"The pilot landed the jet about coal at the airport.",jet about coal
"The pilot landed the jet by coal at the airport.",jet by coal
"The pilot landed the jet caused by coal at the airport.",jet caused by coal
"The pilot landed the jet causes coal at the airport.",jet causes coal
"The pilot landed the jet causing coal at the airport.",jet causing coal
"The pilot landed the jet that causes coal at the airport.",jet that causes coal
"The pilot landed the jet during coal at the airport.",jet during coal
"The pilot landed the jet for coal at the airport.",jet for coal
"The pilot landed the jet from coal at the airport.",jet from coal
"The pilot landed the jet has coal at the airport.",jet has coal
"The pilot landed the jet having coal at the airport.",jet having coal
"The pilot landed the jet that has coal at the airport.",jet that has coal
"The pilot landed the coal has jet at the airport.",coal has jet
"The pilot landed the coal having jet at the airport.",coal having jet
"The pilot landed the coal that has jet at the airport.",coal that has jet
"The pilot landed the jet is coal at the airport.",jet is coal
"The pilot landed the jet being coal at the airport.",jet being coal
"The pilot landed the jet that is coal at the airport.",jet that is coal
"The pilot landed the jet location is coal at the airport.",jet location is coal
"The pilot landed the jet whose location is coal at the airport.",jet whose location is coal
"The pilot landed the jet located on coal at the airport.",jet located on coal
"The pilot landed the coal location is jet at the airport.",coal location is jet
"The pilot landed the coal whose location is jet at the airport.",coal whose location is jet
"The pilot landed the coal located on jet at the airport.",coal located on jet
"The pilot landed the jet made of coal at the airport.",jet made of coal
"The pilot landed the jet makes coal at the airport.",jet makes coal
"The pilot landed the jet making coal at the airport.",jet making coal
"The pilot landed the jet that makes coal at the airport.",jet that makes coal
"The pilot landed the jet used by coal at the airport.",jet used by coal
"The pilot landed the jet uses coal at the airport.",jet uses coal
"The pilot landed the jet using coal at the airport.",jet using coal
"The pilot landed the jet that uses coal at the airport.",jet that uses coal
"The pilot landed the jet located in coal at the airport.",jet located in coal
"The pilot landed the jet located at coal at the airport.",jet located at coal
"The pilot landed the coal located in jet at the airport.",coal located in jet
"The pilot landed the coal located at jet at the airport.",coal located at jet
"Did you see the coaljet at the park yesterday?",coaljet
"Did you see the jet about coal at the park yesterday?",jet about coal
"Did you see the jet by coal at the park yesterday?",jet by coal
"Did you see the jet caused by coal at the park yesterday?",jet caused by coal
"Did you see the jet causes coal at the park yesterday?",jet causes coal
"Did you see the jet causing coal at the park yesterday?",jet causing coal
"Did you see the jet that causes coal at the park yesterday?",jet that causes coal
"Did you see the jet during coal at the park yesterday?",jet during coal
"Did you see the jet for coal at the park yesterday?",jet for coal
"Did you see the jet from coal at the park yesterday?",jet from coal
"Did you see the jet has coal at the park yesterday?",jet has coal
"Did you see the jet having coal at the park yesterday?",jet having coal
"Did you see the jet that has coal at the park yesterday?",jet that has coal
"Did you see the coal has jet at the park yesterday?",coal has jet
"Did you see the coal having jet at the park yesterday?",coal having jet
"Did you see the coal that has jet at the park yesterday?",coal that has jet
"Did you see the jet is coal at the park yesterday?",jet is coal
"Did you see the jet being coal at the park yesterday?",jet being coal
"Did you see the jet that is coal at the park yesterday?",jet that is coal
"Did you see the jet location is coal at the park yesterday?",jet location is coal
"Did you see the jet whose location is coal at the park yesterday?",jet whose location is coal
"Did you see the jet located on coal at the park yesterday?",jet located on coal
"Did you see the coal location is jet at the park yesterday?",coal location is jet
"Did you see the coal whose location is jet at the park yesterday?",coal whose location is jet
"Did you see the coal located on jet at the park yesterday?",coal located on jet
"Did you see the jet made of coal at the park yesterday?",jet made of coal
"Did you see the jet makes coal at the park yesterday?",jet makes coal
"Did you see the jet making coal at the park yesterday?",jet making coal
"Did you see the jet that makes coal at the park yesterday?",jet that makes coal
"Did you see the jet used by coal at the park yesterday?",jet used by coal
"Did you see the jet uses coal at the park yesterday?",jet uses coal
"Did you see the jet using coal at the park yesterday?",jet using coal
"Did you see the jet that uses coal at the park yesterday?",jet that uses coal
"Did you see the jet located in coal at the park yesterday?",jet located in coal
"Did you see the jet located at coal at the park yesterday?",jet located at coal
"Did you see the coal located in jet at the park yesterday?",coal located in jet
"Did you see the coal located at jet at the park yesterday?",coal located at jet
"He didn't hear what deedword Sara said over the phone.",deedword
"He didn't hear what word about deed Sara said over the phone.",word about deed
"He didn't hear what word by deed Sara said over the phone.",word by deed
"He didn't hear what word caused by deed Sara said over the phone.",word caused by deed
"He didn't hear what word causes deed Sara said over the phone.",word causes deed
"He didn't hear what word causing deed Sara said over the phone.",word causing deed
"He didn't hear what word that causes deed Sara said over the phone.",word that causes deed
"He didn't hear what word during deed Sara said over the phone.",word during deed
"He didn't hear what word for deed Sara said over the phone.",word for deed
"He didn't hear what word from deed Sara said over the phone.",word from deed
"He didn't hear what word has deed Sara said over the phone.",word has deed
"He didn't hear what word having deed Sara said over the phone.",word having deed
"He didn't hear what word that has deed Sara said over the phone.",word that has deed
"He didn't hear what deed has word Sara said over the phone.",deed has word
"He didn't hear what deed having word Sara said over the phone.",deed having word
"He didn't hear what deed that has word Sara said over the phone.",deed that has word
"He didn't hear what word is deed Sara said over the phone.",word is deed
"He didn't hear what word being deed Sara said over the phone.",word being deed
"He didn't hear what word that is deed Sara said over the phone.",word that is deed
"He didn't hear what word location is deed Sara said over the phone.",word location is deed
"He didn't hear what word whose location is deed Sara said over the phone.",word whose location is deed
"He didn't hear what word located on deed Sara said over the phone.",word located on deed
"He didn't hear what deed location is word Sara said over the phone.",deed location is word
"He didn't hear what deed whose location is word Sara said over the phone.",deed whose location is word
"He didn't hear what deed located on word Sara said over the phone.",deed located on word
"He didn't hear what word made of deed Sara said over the phone.",word made of deed
"He didn't hear what word makes deed Sara said over the phone.",word makes deed
"He didn't hear what word making deed Sara said over the phone.",word making deed
"He didn't hear what word that makes deed Sara said over the phone.",word that makes deed
"He didn't hear what word used by deed Sara said over the phone.",word used by deed
"He didn't hear what word uses deed Sara said over the phone.",word uses deed
"He didn't hear what word using deed Sara said over the phone.",word using deed
"He didn't hear what word that uses deed Sara said over the phone.",word that uses deed
"He didn't hear what word located in deed Sara said over the phone.",word located in deed
"He didn't hear what word located at deed Sara said over the phone.",word located at deed
"He didn't hear what deed located in word Sara said over the phone.",deed located in word
"He didn't hear what deed located at word Sara said over the phone.",deed located at word
"I wasn't sure what deedword I should put there.",deedword
"I wasn't sure what word about deed I should put there.",word about deed
"I wasn't sure what word by deed I should put there.",word by deed
"I wasn't sure what word caused by deed I should put there.",word caused by deed
"I wasn't sure what word causes deed I should put there.",word causes deed
"I wasn't sure what word causing deed I should put there.",word causing deed
"I wasn't sure what word that causes deed I should put there.",word that causes deed
"I wasn't sure what word during deed I should put there.",word during deed
"I wasn't sure what word for deed I should put there.",word for deed
"I wasn't sure what word from deed I should put there.",word from deed
"I wasn't sure what word has deed I should put there.",word has deed
"I wasn't sure what word having deed I should put there.",word having deed
"I wasn't sure what word that has deed I should put there.",word that has deed
"I wasn't sure what deed has word I should put there.",deed has word
"I wasn't sure what deed having word I should put there.",deed having word
"I wasn't sure what deed that has word I should put there.",deed that has word
"I wasn't sure what word is deed I should put there.",word is deed
"I wasn't sure what word being deed I should put there.",word being deed
"I wasn't sure what word that is deed I should put there.",word that is deed
"I wasn't sure what word location is deed I should put there.",word location is deed
"I wasn't sure what word whose location is deed I should put there.",word whose location is deed
"I wasn't sure what word located on deed I should put there.",word located on deed
"I wasn't sure what deed location is word I should put there.",deed location is word
"I wasn't sure what deed whose location is word I should put there.",deed whose location is word
"I wasn't sure what deed located on word I should put there.",deed located on word
"I wasn't sure what word made of deed I should put there.",word made of deed
"I wasn't sure what word makes deed I should put there.",word makes deed
"I wasn't sure what word making deed I should put there.",word making deed
"I wasn't sure what word that makes deed I should put there.",word that makes deed
"I wasn't sure what word used by deed I should put there.",word used by deed
"I wasn't sure what word uses deed I should put there.",word uses deed
"I wasn't sure what word using deed I should put there.",word using deed
"I wasn't sure what word that uses deed I should put there.",word that uses deed
"I wasn't sure what word located in deed I should put there.",word located in deed
"I wasn't sure what word located at deed I should put there.",word located at deed
"I wasn't sure what deed located in word I should put there.",deed located in word
"I wasn't sure what deed located at word I should put there.",deed located at word
"Joe helped his daughter with her deskscarf earlier today.",deskscarf
"Joe helped his daughter with her scarf about desk earlier today.",scarf about desk
"Joe helped his daughter with her scarf by desk earlier today.",scarf by desk
"Joe helped his daughter with her scarf caused by desk earlier today.",scarf caused by desk
"Joe helped his daughter with her scarf causes desk earlier today.",scarf causes desk
"Joe helped his daughter with her scarf causing desk earlier today.",scarf causing desk
"Joe helped his daughter with her scarf that causes desk earlier today.",scarf that causes desk
"Joe helped his daughter with her scarf during desk earlier today.",scarf during desk
"Joe helped his daughter with her scarf for desk earlier today.",scarf for desk
"Joe helped his daughter with her scarf from desk earlier today.",scarf from desk
"Joe helped his daughter with her scarf has desk earlier today.",scarf has desk
"Joe helped his daughter with her scarf having desk earlier today.",scarf having desk
"Joe helped his daughter with her scarf that has desk earlier today.",scarf that has desk
"Joe helped his daughter with her desk has scarf earlier today.",desk has scarf
"Joe helped his daughter with her desk having scarf earlier today.",desk having scarf
"Joe helped his daughter with her desk that has scarf earlier today.",desk that has scarf
"Joe helped his daughter with her scarf is desk earlier today.",scarf is desk
"Joe helped his daughter with her scarf being desk earlier today.",scarf being desk
"Joe helped his daughter with her scarf that is desk earlier today.",scarf that is desk
"Joe helped his daughter with her scarf location is desk earlier today.",scarf location is desk
"Joe helped his daughter with her scarf whose location is desk earlier today.",scarf whose location is desk
"Joe helped his daughter with her scarf located on desk earlier today.",scarf located on desk
"Joe helped his daughter with her desk location is scarf earlier today.",desk location is scarf
"Joe helped his daughter with her desk whose location is scarf earlier today.",desk whose location is scarf
"Joe helped his daughter with her desk located on scarf earlier today.",desk located on scarf
"Joe helped his daughter with her scarf made of desk earlier today.",scarf made of desk
"Joe helped his daughter with her scarf makes desk earlier today.",scarf makes desk
"Joe helped his daughter with her scarf making desk earlier today.",scarf making desk
"Joe helped his daughter with her scarf that makes desk earlier today.",scarf that makes desk
"Joe helped his daughter with her scarf used by desk earlier today.",scarf used by desk
"Joe helped his daughter with her scarf uses desk earlier today.",scarf uses desk
"Joe helped his daughter with her scarf using desk earlier today.",scarf using desk
"Joe helped his daughter with her scarf that uses desk earlier today.",scarf that uses desk
"Joe helped his daughter with her scarf located in desk earlier today.",scarf located in desk
"Joe helped his daughter with her scarf located at desk earlier today.",scarf located at desk
"Joe helped his daughter with her desk located in scarf earlier today.",desk located in scarf
"Joe helped his daughter with her desk located at scarf earlier today.",desk located at scarf
"Mark tied his deskscarf before he left his house for work.",deskscarf
"Mark tied his scarf about desk before he left his house for work.",scarf about desk
"Mark tied his scarf by desk before he left his house for work.",scarf by desk
"Mark tied his scarf caused by desk before he left his house for work.",scarf caused by desk
"Mark tied his scarf causes desk before he left his house for work.",scarf causes desk
"Mark tied his scarf causing desk before he left his house for work.",scarf causing desk
"Mark tied his scarf that causes desk before he left his house for work.",scarf that causes desk
"Mark tied his scarf during desk before he left his house for work.",scarf during desk
"Mark tied his scarf for desk before he left his house for work.",scarf for desk
"Mark tied his scarf from desk before he left his house for work.",scarf from desk
"Mark tied his scarf has desk before he left his house for work.",scarf has desk
"Mark tied his scarf having desk before he left his house for work.",scarf having desk
"Mark tied his scarf that has desk before he left his house for work.",scarf that has desk
"Mark tied his desk has scarf before he left his house for work.",desk has scarf
"Mark tied his desk having scarf before he left his house for work.",desk having scarf
"Mark tied his desk that has scarf before he left his house for work.",desk that has scarf
"Mark tied his scarf is desk before he left his house for work.",scarf is desk
"Mark tied his scarf being desk before he left his house for work.",scarf being desk
"Mark tied his scarf that is desk before he left his house for work.",scarf that is desk
"Mark tied his scarf location is desk before he left his house for work.",scarf location is desk
"Mark tied his scarf whose location is desk before he left his house for work.",scarf whose location is desk
"Mark tied his scarf located on desk before he left his house for work.",scarf located on desk
"Mark tied his desk location is scarf before he left his house for work.",desk location is scarf
"Mark tied his desk whose location is scarf before he left his house for work.",desk whose location is scarf
"Mark tied his desk located on scarf before he left his house for work.",desk located on scarf
"Mark tied his scarf made of desk before he left his house for work.",scarf made of desk
"Mark tied his scarf makes desk before he left his house for work.",scarf makes desk
"Mark tied his scarf making desk before he left his house for work.",scarf making desk
"Mark tied his scarf that makes desk before he left his house for work.",scarf that makes desk
"Mark tied his scarf used by desk before he left his house for work.",scarf used by desk
"Mark tied his scarf uses desk before he left his house for work.",scarf uses desk
"Mark tied his scarf using desk before he left his house for work.",scarf using desk
"Mark tied his scarf that uses desk before he left his house for work.",scarf that uses desk
"Mark tied his scarf located in desk before he left his house for work.",scarf located in desk
"Mark tied his scarf located at desk before he left his house for work.",scarf located at desk
"Mark tied his desk located in scarf before he left his house for work.",desk located in scarf
"Mark tied his desk located at scarf before he left his house for work.",desk located at scarf
"We paid for our meal at the dinnersale this afternoon.",dinnersale
"We paid for our meal at the sale about dinner this afternoon.",sale about dinner
"We paid for our meal at the sale by dinner this afternoon.",sale by dinner
"We paid for our meal at the sale caused by dinner this afternoon.",sale caused by dinner
"We paid for our meal at the sale causes dinner this afternoon.",sale causes dinner
"We paid for our meal at the sale causing dinner this afternoon.",sale causing dinner
"We paid for our meal at the sale that causes dinner this afternoon.",sale that causes dinner
"We paid for our meal at the sale during dinner this afternoon.",sale during dinner
"We paid for our meal at the sale for dinner this afternoon.",sale for dinner
"We paid for our meal at the sale from dinner this afternoon.",sale from dinner
"We paid for our meal at the sale has dinner this afternoon.",sale has dinner
"We paid for our meal at the sale having dinner this afternoon.",sale having dinner
"We paid for our meal at the sale that has dinner this afternoon.",sale that has dinner
"We paid for our meal at the dinner has sale this afternoon.",dinner has sale
"We paid for our meal at the dinner having sale this afternoon.",dinner having sale
"We paid for our meal at the dinner that has sale this afternoon.",dinner that has sale
"We paid for our meal at the sale is dinner this afternoon.",sale is dinner
"We paid for our meal at the sale being dinner this afternoon.",sale being dinner
"We paid for our meal at the sale that is dinner this afternoon.",sale that is dinner
"We paid for our meal at the sale location is dinner this afternoon.",sale location is dinner
"We paid for our meal at the sale whose location is dinner this afternoon.",sale whose location is dinner
"We paid for our meal at the sale located on dinner this afternoon.",sale located on dinner
"We paid for our meal at the dinner location is sale this afternoon.",dinner location is sale
"We paid for our meal at the dinner whose location is sale this afternoon.",dinner whose location is sale
"We paid for our meal at the dinner located on sale this afternoon.",dinner located on sale
"We paid for our meal at the sale made of dinner this afternoon.",sale made of dinner
"We paid for our meal at the sale makes dinner this afternoon.",sale makes dinner
"We paid for our meal at the sale making dinner this afternoon.",sale making dinner
"We paid for our meal at the sale that makes dinner this afternoon.",sale that makes dinner
"We paid for our meal at the sale used by dinner this afternoon.",sale used by dinner
"We paid for our meal at the sale uses dinner this afternoon.",sale uses dinner
"We paid for our meal at the sale using dinner this afternoon.",sale using dinner
"We paid for our meal at the sale that uses dinner this afternoon.",sale that uses dinner
"We paid for our meal at the sale located in dinner this afternoon.",sale located in dinner
"We paid for our meal at the sale located at dinner this afternoon.",sale located at dinner
"We paid for our meal at the dinner located in sale this afternoon.",dinner located in sale
"We paid for our meal at the dinner located at sale this afternoon.",dinner located at sale
"There will be a dinnersale next weekend.",dinnersale
"There will be a sale about dinner next weekend.",sale about dinner
"There will be a sale by dinner next weekend.",sale by dinner
"There will be a sale caused by dinner next weekend.",sale caused by dinner
"There will be a sale causes dinner next weekend.",sale causes dinner
"There will be a sale causing dinner next weekend.",sale causing dinner
"There will be a sale that causes dinner next weekend.",sale that causes dinner
"There will be a sale during dinner next weekend.",sale during dinner
"There will be a sale for dinner next weekend.",sale for dinner
"There will be a sale from dinner next weekend.",sale from dinner
"There will be a sale has dinner next weekend.",sale has dinner
"There will be a sale having dinner next weekend.",sale having dinner
"There will be a sale that has dinner next weekend.",sale that has dinner
"There will be a dinner has sale next weekend.",dinner has sale
"There will be a dinner having sale next weekend.",dinner having sale
"There will be a dinner that has sale next weekend.",dinner that has sale
"There will be a sale is dinner next weekend.",sale is dinner
"There will be a sale being dinner next weekend.",sale being dinner
"There will be a sale that is dinner next weekend.",sale that is dinner
"There will be a sale location is dinner next weekend.",sale location is dinner
"There will be a sale whose location is dinner next weekend.",sale whose location is dinner
"There will be a sale located on dinner next weekend.",sale located on dinner
"There will be a dinner location is sale next weekend.",dinner location is sale
"There will be a dinner whose location is sale next weekend.",dinner whose location is sale
"There will be a dinner located on sale next weekend.",dinner located on sale
"There will be a sale made of dinner next weekend.",sale made of dinner
"There will be a sale makes dinner next weekend.",sale makes dinner
"There will be a sale making dinner next weekend.",sale making dinner
"There will be a sale that makes dinner next weekend.",sale that makes dinner
"There will be a sale used by dinner next weekend.",sale used by dinner
"There will be a sale uses dinner next weekend.",sale uses dinner
"There will be a sale using dinner next weekend.",sale using dinner
"There will be a sale that uses dinner next weekend.",sale that uses dinner
"There will be a sale located in dinner next weekend.",sale located in dinner
"There will be a sale located at dinner next weekend.",sale located at dinner
"There will be a dinner located in sale next weekend.",dinner located in sale
"There will be a dinner located at sale next weekend.",dinner located at sale
"She tied the piece of dogrope in a knot.",dogrope
"She tied the piece of rope about dog in a knot.",rope about dog
"She tied the piece of rope by dog in a knot.",rope by dog
"She tied the piece of rope caused by dog in a knot.",rope caused by dog
"She tied the piece of rope causes dog in a knot.",rope causes dog
"She tied the piece of rope causing dog in a knot.",rope causing dog
"She tied the piece of rope that causes dog in a knot.",rope that causes dog
"She tied the piece of rope during dog in a knot.",rope during dog
"She tied the piece of rope for dog in a knot.",rope for dog
"She tied the piece of rope from dog in a knot.",rope from dog
"She tied the piece of rope has dog in a knot.",rope has dog
"She tied the piece of rope having dog in a knot.",rope having dog
"She tied the piece of rope that has dog in a knot.",rope that has dog
"She tied the piece of dog has rope in a knot.",dog has rope
"She tied the piece of dog having rope in a knot.",dog having rope
"She tied the piece of dog that has rope in a knot.",dog that has rope
"She tied the piece of rope is dog in a knot.",rope is dog
"She tied the piece of rope being dog in a knot.",rope being dog
"She tied the piece of rope that is dog in a knot.",rope that is dog
"She tied the piece of rope location is dog in a knot.",rope location is dog
"She tied the piece of rope whose location is dog in a knot.",rope whose location is dog
"She tied the piece of rope located on dog in a knot.",rope located on dog
"She tied the piece of dog location is rope in a knot.",dog location is rope
"She tied the piece of dog whose location is rope in a knot.",dog whose location is rope
"She tied the piece of dog located on rope in a knot.",dog located on rope
"She tied the piece of rope made of dog in a knot.",rope made of dog
"She tied the piece of rope makes dog in a knot.",rope makes dog
"She tied the piece of rope making dog in a knot.",rope making dog
"She tied the piece of rope that makes dog in a knot.",rope that makes dog
"She tied the piece of rope used by dog in a knot.",rope used by dog
"She tied the piece of rope uses dog in a knot.",rope uses dog
"She tied the piece of rope using dog in a knot.",rope using dog
"She tied the piece of rope that uses dog in a knot.",rope that uses dog
"She tied the piece of rope located in dog in a knot.",rope located in dog
"She tied the piece of rope located at dog in a knot.",rope located at dog
"She tied the piece of dog located in rope in a knot.",dog located in rope
"She tied the piece of dog located at rope in a knot.",dog located at rope
"The bird carried the piece of dogrope away.",dogrope
"The bird carried the piece of rope about dog away.",rope about dog
"The bird carried the piece of rope by dog away.",rope by dog
"The bird carried the piece of rope caused by dog away.",rope caused by dog
"The bird carried the piece of rope causes dog away.",rope causes dog
"The bird carried the piece of rope causing dog away.",rope causing dog
"The bird carried the piece of rope that causes dog away.",rope that causes dog
"The bird carried the piece of rope during dog away.",rope during dog
"The bird carried the piece of rope for dog away.",rope for dog
"The bird carried the piece of rope from dog away.",rope from dog
"The bird carried the piece of rope has dog away.",rope has dog
"The bird carried the piece of rope having dog away.",rope having dog
"The bird carried the piece of rope that has dog away.",rope that has dog
"The bird carried the piece of dog has rope away.",dog has rope
"The bird carried the piece of dog having rope away.",dog having rope
"The bird carried the piece of dog that has rope away.",dog that has rope
"The bird carried the piece of rope is dog away.",rope is dog
"The bird carried the piece of rope being dog away.",rope being dog
"The bird carried the piece of rope that is dog away.",rope that is dog
"The bird carried the piece of rope location is dog away.",rope location is dog
"The bird carried the piece of rope whose location is dog away.",rope whose location is dog
"The bird carried the piece of rope located on dog away.",rope located on dog
"The bird carried the piece of dog location is rope away.",dog location is rope
"The bird carried the piece of dog whose location is rope away.",dog whose location is rope
"The bird carried the piece of dog located on rope away.",dog located on rope
"The bird carried the piece of rope made of dog away.",rope made of dog
"The bird carried the piece of rope makes dog away.",rope makes dog
"The bird carried the piece of rope making dog away.",rope making dog
"The bird carried the piece of rope that makes dog away.",rope that makes dog
"The bird carried the piece of rope used by dog away.",rope used by dog
"The bird carried the piece of rope uses dog away.",rope uses dog
"The bird carried the piece of rope using dog away.",rope using dog
"The bird carried the piece of rope that uses dog away.",rope that uses dog
"The bird carried the piece of rope located in dog away.",rope located in dog
"The bird carried the piece of rope located at dog away.",rope located at dog
"The bird carried the piece of dog located in rope away.",dog located in rope
"The bird carried the piece of dog located at rope away.",dog located at rope
"Yesterday I heard a dogsong on the radio.",dogsong
"Yesterday I heard a song about dog on the radio.",song about dog
"Yesterday I heard a song by dog on the radio.",song by dog
"Yesterday I heard a song caused by dog on the radio.",song caused by dog
"Yesterday I heard a song causes dog on the radio.",song causes dog
"Yesterday I heard a song causing dog on the radio.",song causing dog
"Yesterday I heard a song that causes dog on the radio.",song that causes dog
"Yesterday I heard a song during dog on the radio.",song during dog
"Yesterday I heard a song for dog on the radio.",song for dog
"Yesterday I heard a song from dog on the radio.",song from dog
"Yesterday I heard a song has dog on the radio.",song has dog
"Yesterday I heard a song having dog on the radio.",song having dog
"Yesterday I heard a song that has dog on the radio.",song that has dog
"Yesterday I heard a dog has song on the radio.",dog has song
"Yesterday I heard a dog having song on the radio.",dog having song
"Yesterday I heard a dog that has song on the radio.",dog that has song
"Yesterday I heard a song is dog on the radio.",song is dog
"Yesterday I heard a song being dog on the radio.",song being dog
"Yesterday I heard a song that is dog on the radio.",song that is dog
"Yesterday I heard a song location is dog on the radio.",song location is dog
"Yesterday I heard a song whose location is dog on the radio.",song whose location is dog
"Yesterday I heard a song located on dog on the radio.",song located on dog
"Yesterday I heard a dog location is song on the radio.",dog location is song
"Yesterday I heard a dog whose location is song on the radio.",dog whose location is song
"Yesterday I heard a dog located on song on the radio.",dog located on song
"Yesterday I heard a song made of dog on the radio.",song made of dog
"Yesterday I heard a song makes dog on the radio.",song makes dog
"Yesterday I heard a song making dog on the radio.",song making dog
"Yesterday I heard a song that makes dog on the radio.",song that makes dog
"Yesterday I heard a song used by dog on the radio.",song used by dog
"Yesterday I heard a song uses dog on the radio.",song uses dog
"Yesterday I heard a song using dog on the radio.",song using dog
"Yesterday I heard a song that uses dog on the radio.",song that uses dog
"Yesterday I heard a song located in dog on the radio.",song located in dog
"Yesterday I heard a song located at dog on the radio.",song located at dog
"Yesterday I heard a dog located in song on the radio.",dog located in song
"Yesterday I heard a dog located at song on the radio.",dog located at song
"The kids didn’t have enough money for the dogsong they wanted.",dogsong
"The kids didn’t have enough money for the song about dog they wanted.",song about dog
"The kids didn’t have enough money for the song by dog they wanted.",song by dog
"The kids didn’t have enough money for the song caused by dog they wanted.",song caused by dog
"The kids didn’t have enough money for the song causes dog they wanted.",song causes dog
"The kids didn’t have enough money for the song causing dog they wanted.",song causing dog
"The kids didn’t have enough money for the song that causes dog they wanted.",song that causes dog
"The kids didn’t have enough money for the song during dog they wanted.",song during dog
"The kids didn’t have enough money for the song for dog they wanted.",song for dog
"The kids didn’t have enough money for the song from dog they wanted.",song from dog
"The kids didn’t have enough money for the song has dog they wanted.",song has dog
"The kids didn’t have enough money for the song having dog they wanted.",song having dog
"The kids didn’t have enough money for the song that has dog they wanted.",song that has dog
"The kids didn’t have enough money for the dog has song they wanted.",dog has song
"The kids didn’t have enough money for the dog having song they wanted.",dog having song
"The kids didn’t have enough money for the dog that has song they wanted.",dog that has song
"The kids didn’t have enough money for the song is dog they wanted.",song is dog
"The kids didn’t have enough money for the song being dog they wanted.",song being dog
"The kids didn’t have enough money for the song that is dog they wanted.",song that is dog
"The kids didn’t have enough money for the song location is dog they wanted.",song location is dog
"The kids didn’t have enough money for the song whose location is dog they wanted.",song whose location is dog
"The kids didn’t have enough money for the song located on dog they wanted.",song located on dog
"The kids didn’t have enough money for the dog location is song they wanted.",dog location is song
"The kids didn’t have enough money for the dog whose location is song they wanted.",dog whose location is song
"The kids didn’t have enough money for the dog located on song they wanted.",dog located on song
"The kids didn’t have enough money for the song made of dog they wanted.",song made of dog
"The kids didn’t have enough money for the song makes dog they wanted.",song makes dog
"The kids didn’t have enough money for the song making dog they wanted.",song making dog
"The kids didn’t have enough money for the song that makes dog they wanted.",song that makes dog
"The kids didn’t have enough money for the song used by dog they wanted.",song used by dog
"The kids didn’t have enough money for the song uses dog they wanted.",song uses dog
"The kids didn’t have enough money for the song using dog they wanted.",song using dog
"The kids didn’t have enough money for the song that uses dog they wanted.",song that uses dog
"The kids didn’t have enough money for the song located in dog they wanted.",song located in dog
"The kids didn’t have enough money for the song located at dog they wanted.",song located at dog
"The kids didn’t have enough money for the dog located in song they wanted.",dog located in song
"The kids didn’t have enough money for the dog located at song they wanted.",dog located at song
"The artist went to the dyestore to buy supplies.",dyestore
"The artist went to the store about dye to buy supplies.",store about dye
"The artist went to the store by dye to buy supplies.",store by dye
"The artist went to the store caused by dye to buy supplies.",store caused by dye
"The artist went to the store causes dye to buy supplies.",store causes dye
"The artist went to the store causing dye to buy supplies.",store causing dye
"The artist went to the store that causes dye to buy supplies.",store that causes dye
"The artist went to the store during dye to buy supplies.",store during dye
"The artist went to the store for dye to buy supplies.",store for dye
"The artist went to the store from dye to buy supplies.",store from dye
"The artist went to the store has dye to buy supplies.",store has dye
"The artist went to the store having dye to buy supplies.",store having dye
"The artist went to the store that has dye to buy supplies.",store that has dye
"The artist went to the dye has store to buy supplies.",dye has store
"The artist went to the dye having store to buy supplies.",dye having store
"The artist went to the dye that has store to buy supplies.",dye that has store
"The artist went to the store is dye to buy supplies.",store is dye
"The artist went to the store being dye to buy supplies.",store being dye
"The artist went to the store that is dye to buy supplies.",store that is dye
"The artist went to the store location is dye to buy supplies.",store location is dye
"The artist went to the store whose location is dye to buy supplies.",store whose location is dye
"The artist went to the store located on dye to buy supplies.",store located on dye
"The artist went to the dye location is store to buy supplies.",dye location is store
"The artist went to the dye whose location is store to buy supplies.",dye whose location is store
"The artist went to the dye located on store to buy supplies.",dye located on store
"The artist went to the store made of dye to buy supplies.",store made of dye
"The artist went to the store makes dye to buy supplies.",store makes dye
"The artist went to the store making dye to buy supplies.",store making dye
"The artist went to the store that makes dye to buy supplies.",store that makes dye
"The artist went to the store used by dye to buy supplies.",store used by dye
"The artist went to the store uses dye to buy supplies.",store uses dye
"The artist went to the store using dye to buy supplies.",store using dye
"The artist went to the store that uses dye to buy supplies.",store that uses dye
"The artist went to the store located in dye to buy supplies.",store located in dye
"The artist went to the store located at dye to buy supplies.",store located at dye
"The artist went to the dye located in store to buy supplies.",dye located in store
"The artist went to the dye located at store to buy supplies.",dye located at store
"You shouldn't call the dyestore so early in the morning.",dyestore
"You shouldn't call the store about dye so early in the morning.",store about dye
"You shouldn't call the store by dye so early in the morning.",store by dye
"You shouldn't call the store caused by dye so early in the morning.",store caused by dye
"You shouldn't call the store causes dye so early in the morning.",store causes dye
"You shouldn't call the store causing dye so early in the morning.",store causing dye
"You shouldn't call the store that causes dye so early in the morning.",store that causes dye
"You shouldn't call the store during dye so early in the morning.",store during dye
"You shouldn't call the store for dye so early in the morning.",store for dye
"You shouldn't call the store from dye so early in the morning.",store from dye
"You shouldn't call the store has dye so early in the morning.",store has dye
"You shouldn't call the store having dye so early in the morning.",store having dye
"You shouldn't call the store that has dye so early in the morning.",store that has dye
"You shouldn't call the dye has store so early in the morning.",dye has store
"You shouldn't call the dye having store so early in the morning.",dye having store
"You shouldn't call the dye that has store so early in the morning.",dye that has store
"You shouldn't call the store is dye so early in the morning.",store is dye
"You shouldn't call the store being dye so early in the morning.",store being dye
"You shouldn't call the store that is dye so early in the morning.",store that is dye
"You shouldn't call the store location is dye so early in the morning.",store location is dye
"You shouldn't call the store whose location is dye so early in the morning.",store whose location is dye
"You shouldn't call the store located on dye so early in the morning.",store located on dye
"You shouldn't call the dye location is store so early in the morning.",dye location is store
"You shouldn't call the dye whose location is store so early in the morning.",dye whose location is store
"You shouldn't call the dye located on store so early in the morning.",dye located on store
"You shouldn't call the store made of dye so early in the morning.",store made of dye
"You shouldn't call the store makes dye so early in the morning.",store makes dye
"You shouldn't call the store making dye so early in the morning.",store making dye
"You shouldn't call the store that makes dye so early in the morning.",store that makes dye
"You shouldn't call the store used by dye so early in the morning.",store used by dye
"You shouldn't call the store uses dye so early in the morning.",store uses dye
"You shouldn't call the store using dye so early in the morning.",store using dye
"You shouldn't call the store that uses dye so early in the morning.",store that uses dye
"You shouldn't call the store located in dye so early in the morning.",store located in dye
"You shouldn't call the store located at dye so early in the morning.",store located at dye
"You shouldn't call the dye located in store so early in the morning.",dye located in store
"You shouldn't call the dye located at store so early in the morning.",dye located at store
"When I was walking I saw a fairycoat on the ground.",fairycoat
"When I was walking I saw a coat about fairy on the ground.",coat about fairy
"When I was walking I saw a coat by fairy on the ground.",coat by fairy
"When I was walking I saw a coat caused by fairy on the ground.",coat caused by fairy
"When I was walking I saw a coat causes fairy on the ground.",coat causes fairy
"When I was walking I saw a coat causing fairy on the ground.",coat causing fairy
"When I was walking I saw a coat that causes fairy on the ground.",coat that causes fairy
"When I was walking I saw a coat during fairy on the ground.",coat during fairy
"When I was walking I saw a coat for fairy on the ground.",coat for fairy
"When I was walking I saw a coat from fairy on the ground.",coat from fairy
"When I was walking I saw a coat has fairy on the ground.",coat has fairy
"When I was walking I saw a coat having fairy on the ground.",coat having fairy
"When I was walking I saw a coat that has fairy on the ground.",coat that has fairy
"When I was walking I saw a fairy has coat on the ground.",fairy has coat
"When I was walking I saw a fairy having coat on the ground.",fairy having coat
"When I was walking I saw a fairy that has coat on the ground.",fairy that has coat
"When I was walking I saw a coat is fairy on the ground.",coat is fairy
"When I was walking I saw a coat being fairy on the ground.",coat being fairy
"When I was walking I saw a coat that is fairy on the ground.",coat that is fairy
"When I was walking I saw a coat location is fairy on the ground.",coat location is fairy
"When I was walking I saw a coat whose location is fairy on the ground.",coat whose location is fairy
"When I was walking I saw a coat located on fairy on the ground.",coat located on fairy
"When I was walking I saw a fairy location is coat on the ground.",fairy location is coat
"When I was walking I saw a fairy whose location is coat on the ground.",fairy whose location is coat
"When I was walking I saw a fairy located on coat on the ground.",fairy located on coat
"When I was walking I saw a coat made of fairy on the ground.",coat made of fairy
"When I was walking I saw a coat makes fairy on the ground.",coat makes fairy
"When I was walking I saw a coat making fairy on the ground.",coat making fairy
"When I was walking I saw a coat that makes fairy on the ground.",coat that makes fairy
"When I was walking I saw a coat used by fairy on the ground.",coat used by fairy
"When I was walking I saw a coat uses fairy on the ground.",coat uses fairy
"When I was walking I saw a coat using fairy on the ground.",coat using fairy
"When I was walking I saw a coat that uses fairy on the ground.",coat that uses fairy
"When I was walking I saw a coat located in fairy on the ground.",coat located in fairy
"When I was walking I saw a coat located at fairy on the ground.",coat located at fairy
"When I was walking I saw a fairy located in coat on the ground.",fairy located in coat
"When I was walking I saw a fairy located at coat on the ground.",fairy located at coat
"Joe took off the fairycoat and hung it in the closet.",fairycoat
"Joe took off the coat about fairy and hung it in the closet.",coat about fairy
"Joe took off the coat by fairy and hung it in the closet.",coat by fairy
"Joe took off the coat caused by fairy and hung it in the closet.",coat caused by fairy
"Joe took off the coat causes fairy and hung it in the closet.",coat causes fairy
"Joe took off the coat causing fairy and hung it in the closet.",coat causing fairy
"Joe took off the coat that causes fairy and hung it in the closet.",coat that causes fairy
"Joe took off the coat during fairy and hung it in the closet.",coat during fairy
"Joe took off the coat for fairy and hung it in the closet.",coat for fairy
"Joe took off the coat from fairy and hung it in the closet.",coat from fairy
"Joe took off the coat has fairy and hung it in the closet.",coat has fairy
"Joe took off the coat having fairy and hung it in the closet.",coat having fairy
"Joe took off the coat that has fairy and hung it in the closet.",coat that has fairy
"Joe took off the fairy has coat and hung it in the closet.",fairy has coat
"Joe took off the fairy having coat and hung it in the closet.",fairy having coat
"Joe took off the fairy that has coat and hung it in the closet.",fairy that has coat
"Joe took off the coat is fairy and hung it in the closet.",coat is fairy
"Joe took off the coat being fairy and hung it in the closet.",coat being fairy
"Joe took off the coat that is fairy and hung it in the closet.",coat that is fairy
"Joe took off the coat location is fairy and hung it in the closet.",coat location is fairy
"Joe took off the coat whose location is fairy and hung it in the closet.",coat whose location is fairy
"Joe took off the coat located on fairy and hung it in the closet.",coat located on fairy
"Joe took off the fairy location is coat and hung it in the closet.",fairy location is coat
"Joe took off the fairy whose location is coat and hung it in the closet.",fairy whose location is coat
"Joe took off the fairy located on coat and hung it in the closet.",fairy located on coat
"Joe took off the coat made of fairy and hung it in the closet.",coat made of fairy
"Joe took off the coat makes fairy and hung it in the closet.",coat makes fairy
"Joe took off the coat making fairy and hung it in the closet.",coat making fairy
"Joe took off the coat that makes fairy and hung it in the closet.",coat that makes fairy
"Joe took off the coat used by fairy and hung it in the closet.",coat used by fairy
"Joe took off the coat uses fairy and hung it in the closet.",coat uses fairy
"Joe took off the coat using fairy and hung it in the closet.",coat using fairy
"Joe took off the coat that uses fairy and hung it in the closet.",coat that uses fairy
"Joe took off the coat located in fairy and hung it in the closet.",coat located in fairy
"Joe took off the coat located at fairy and hung it in the closet.",coat located at fairy
"Joe took off the fairy located in coat and hung it in the closet.",fairy located in coat
"Joe took off the fairy located at coat and hung it in the closet.",fairy located at coat
"She needed to get the figbike fixed because it broke.",figbike
"She needed to get the bike about fig fixed because it broke.",bike about fig
"She needed to get the bike by fig fixed because it broke.",bike by fig
"She needed to get the bike caused by fig fixed because it broke.",bike caused by fig
"She needed to get the bike causes fig fixed because it broke.",bike causes fig
"She needed to get the bike causing fig fixed because it broke.",bike causing fig
"She needed to get the bike that causes fig fixed because it broke.",bike that causes fig
"She needed to get the bike during fig fixed because it broke.",bike during fig
"She needed to get the bike for fig fixed because it broke.",bike for fig
"She needed to get the bike from fig fixed because it broke.",bike from fig
"She needed to get the bike has fig fixed because it broke.",bike has fig
"She needed to get the bike having fig fixed because it broke.",bike having fig
"She needed to get the bike that has fig fixed because it broke.",bike that has fig
"She needed to get the fig has bike fixed because it broke.",fig has bike
"She needed to get the fig having bike fixed because it broke.",fig having bike
"She needed to get the fig that has bike fixed because it broke.",fig that has bike
"She needed to get the bike is fig fixed because it broke.",bike is fig
"She needed to get the bike being fig fixed because it broke.",bike being fig
"She needed to get the bike that is fig fixed because it broke.",bike that is fig
"She needed to get the bike location is fig fixed because it broke.",bike location is fig
"She needed to get the bike whose location is fig fixed because it broke.",bike whose location is fig
"She needed to get the bike located on fig fixed because it broke.",bike located on fig
"She needed to get the fig location is bike fixed because it broke.",fig location is bike
"She needed to get the fig whose location is bike fixed because it broke.",fig whose location is bike
"She needed to get the fig located on bike fixed because it broke.",fig located on bike
"She needed to get the bike made of fig fixed because it broke.",bike made of fig
"She needed to get the bike makes fig fixed because it broke.",bike makes fig
"She needed to get the bike making fig fixed because it broke.",bike making fig
"She needed to get the bike that makes fig fixed because it broke.",bike that makes fig
"She needed to get the bike used by fig fixed because it broke.",bike used by fig
"She needed to get the bike uses fig fixed because it broke.",bike uses fig
"She needed to get the bike using fig fixed because it broke.",bike using fig
"She needed to get the bike that uses fig fixed because it broke.",bike that uses fig
"She needed to get the bike located in fig fixed because it broke.",bike located in fig
"She needed to get the bike located at fig fixed because it broke.",bike located at fig
"She needed to get the fig located in bike fixed because it broke.",fig located in bike
"She needed to get the fig located at bike fixed because it broke.",fig located at bike
"The boy rode his figbike to school this morning.",figbike
"The boy rode his bike about fig to school this morning.",bike about fig
"The boy rode his bike by fig to school this morning.",bike by fig
"The boy rode his bike caused by fig to school this morning.",bike caused by fig
"The boy rode his bike causes fig to school this morning.",bike causes fig
"The boy rode his bike causing fig to school this morning.",bike causing fig
"The boy rode his bike that causes fig to school this morning.",bike that causes fig
"The boy rode his bike during fig to school this morning.",bike during fig
"The boy rode his bike for fig to school this morning.",bike for fig
"The boy rode his bike from fig to school this morning.",bike from fig
"The boy rode his bike has fig to school this morning.",bike has fig
"The boy rode his bike having fig to school this morning.",bike having fig
"The boy rode his bike that has fig to school this morning.",bike that has fig
"The boy rode his fig has bike to school this morning.",fig has bike
"The boy rode his fig having bike to school this morning.",fig having bike
"The boy rode his fig that has bike to school this morning.",fig that has bike
"The boy rode his bike is fig to school this morning.",bike is fig
"The boy rode his bike being fig to school this morning.",bike being fig
"The boy rode his bike that is fig to school this morning.",bike that is fig
"The boy rode his bike location is fig to school this morning.",bike location is fig
"The boy rode his bike whose location is fig to school this morning.",bike whose location is fig
"The boy rode his bike located on fig to school this morning.",bike located on fig
"The boy rode his fig location is bike to school this morning.",fig location is bike
"The boy rode his fig whose location is bike to school this morning.",fig whose location is bike
"The boy rode his fig located on bike to school this morning.",fig located on bike
"The boy rode his bike made of fig to school this morning.",bike made of fig
"The boy rode his bike makes fig to school this morning.",bike makes fig
"The boy rode his bike making fig to school this morning.",bike making fig
"The boy rode his bike that makes fig to school this morning.",bike that makes fig
"The boy rode his bike used by fig to school this morning.",bike used by fig
"The boy rode his bike uses fig to school this morning.",bike uses fig
"The boy rode his bike using fig to school this morning.",bike using fig
"The boy rode his bike that uses fig to school this morning.",bike that uses fig
"The boy rode his bike located in fig to school this morning.",bike located in fig
"The boy rode his bike located at fig to school this morning.",bike located at fig
"The boy rode his fig located in bike to school this morning.",fig located in bike
"The boy rode his fig located at bike to school this morning.",fig located at bike
"We bought a flowerbeard at the supermarket.",flowerbeard
"We bought a beard about flower at the supermarket.",beard about flower
"We bought a beard by flower at the supermarket.",beard by flower
"We bought a beard caused by flower at the supermarket.",beard caused by flower
"We bought a beard causes flower at the supermarket.",beard causes flower
"We bought a beard causing flower at the supermarket.",beard causing flower
"We bought a beard that causes flower at the supermarket.",beard that causes flower
"We bought a beard during flower at the supermarket.",beard during flower
"We bought a beard for flower at the supermarket.",beard for flower
"We bought a beard from flower at the supermarket.",beard from flower
"We bought a beard has flower at the supermarket.",beard has flower
"We bought a beard having flower at the supermarket.",beard having flower
"We bought a beard that has flower at the supermarket.",beard that has flower
"We bought a flower has beard at the supermarket.",flower has beard
"We bought a flower having beard at the supermarket.",flower having beard
"We bought a flower that has beard at the supermarket.",flower that has beard
"We bought a beard is flower at the supermarket.",beard is flower
"We bought a beard being flower at the supermarket.",beard being flower
"We bought a beard that is flower at the supermarket.",beard that is flower
"We bought a beard location is flower at the supermarket.",beard location is flower
"We bought a beard whose location is flower at the supermarket.",beard whose location is flower
"We bought a beard located on flower at the supermarket.",beard located on flower
"We bought a flower location is beard at the supermarket.",flower location is beard
"We bought a flower whose location is beard at the supermarket.",flower whose location is beard
"We bought a flower located on beard at the supermarket.",flower located on beard
"We bought a beard made of flower at the supermarket.",beard made of flower
"We bought a beard makes flower at the supermarket.",beard makes flower
"We bought a beard making flower at the supermarket.",beard making flower
"We bought a beard that makes flower at the supermarket.",beard that makes flower
"We bought a beard used by flower at the supermarket.",beard used by flower
"We bought a beard uses flower at the supermarket.",beard uses flower
"We bought a beard using flower at the supermarket.",beard using flower
"We bought a beard that uses flower at the supermarket.",beard that uses flower
"We bought a beard located in flower at the supermarket.",beard located in flower
"We bought a beard located at flower at the supermarket.",beard located at flower
"We bought a flower located in beard at the supermarket.",flower located in beard
"We bought a flower located at beard at the supermarket.",flower located at beard
"He planted a flowerbeard in the garden.",flowerbeard
"He planted a beard about flower in the garden.",beard about flower
"He planted a beard by flower in the garden.",beard by flower
"He planted a beard caused by flower in the garden.",beard caused by flower
"He planted a beard causes flower in the garden.",beard causes flower
"He planted a beard causing flower in the garden.",beard causing flower
"He planted a beard that causes flower in the garden.",beard that causes flower
"He planted a beard during flower in the garden.",beard during flower
"He planted a beard for flower in the garden.",beard for flower
"He planted a beard from flower in the garden.",beard from flower
"He planted a beard has flower in the garden.",beard has flower
"He planted a beard having flower in the garden.",beard having flower
"He planted a beard that has flower in the garden.",beard that has flower
"He planted a flower has beard in the garden.",flower has beard
"He planted a flower having beard in the garden.",flower having beard
"He planted a flower that has beard in the garden.",flower that has beard
"He planted a beard is flower in the garden.",beard is flower
"He planted a beard being flower in the garden.",beard being flower
"He planted a beard that is flower in the garden.",beard that is flower
"He planted a beard location is flower in the garden.",beard location is flower
"He planted a beard whose location is flower in the garden.",beard whose location is flower
"He planted a beard located on flower in the garden.",beard located on flower
"He planted a flower location is beard in the garden.",flower location is beard
"He planted a flower whose location is beard in the garden.",flower whose location is beard
"He planted a flower located on beard in the garden.",flower located on beard
"He planted a beard made of flower in the garden.",beard made of flower
"He planted a beard makes flower in the garden.",beard makes flower
"He planted a beard making flower in the garden.",beard making flower
"He planted a beard that makes flower in the garden.",beard that makes flower
"He planted a beard used by flower in the garden.",beard used by flower
"He planted a beard uses flower in the garden.",beard uses flower
"He planted a beard using flower in the garden.",beard using flower
"He planted a beard that uses flower in the garden.",beard that uses flower
"He planted a beard located in flower in the garden.",beard located in flower
"He planted a beard located at flower in the garden.",beard located at flower
"He planted a flower located in beard in the garden.",flower located in beard
"He planted a flower located at beard in the garden.",flower located at beard
"She needed a gemtruck but she didn’t have one.",gemtruck
"She needed a truck about gem but she didn’t have one.",truck about gem
"She needed a truck by gem but she didn’t have one.",truck by gem
"She needed a truck caused by gem but she didn’t have one.",truck caused by gem
"She needed a truck causes gem but she didn’t have one.",truck causes gem
"She needed a truck causing gem but she didn’t have one.",truck causing gem
"She needed a truck that causes gem but she didn’t have one.",truck that causes gem
"She needed a truck during gem but she didn’t have one.",truck during gem
"She needed a truck for gem but she didn’t have one.",truck for gem
"She needed a truck from gem but she didn’t have one.",truck from gem
"She needed a truck has gem but she didn’t have one.",truck has gem
"She needed a truck having gem but she didn’t have one.",truck having gem
"She needed a truck that has gem but she didn’t have one.",truck that has gem
"She needed a gem has truck but she didn’t have one.",gem has truck
"She needed a gem having truck but she didn’t have one.",gem having truck
"She needed a gem that has truck but she didn’t have one.",gem that has truck
"She needed a truck is gem but she didn’t have one.",truck is gem
"She needed a truck being gem but she didn’t have one.",truck being gem
"She needed a truck that is gem but she didn’t have one.",truck that is gem
"She needed a truck location is gem but she didn’t have one.",truck location is gem
"She needed a truck whose location is gem but she didn’t have one.",truck whose location is gem
"She needed a truck located on gem but she didn’t have one.",truck located on gem
"She needed a gem location is truck but she didn’t have one.",gem location is truck
"She needed a gem whose location is truck but she didn’t have one.",gem whose location is truck
"She needed a gem located on truck but she didn’t have one.",gem located on truck
"She needed a truck made of gem but she didn’t have one.",truck made of gem
"She needed a truck makes gem but she didn’t have one.",truck makes gem
"She needed a truck making gem but she didn’t have one.",truck making gem
"She needed a truck that makes gem but she didn’t have one.",truck that makes gem
"She needed a truck used by gem but she didn’t have one.",truck used by gem
"She needed a truck uses gem but she didn’t have one.",truck uses gem
"She needed a truck using gem but she didn’t have one.",truck using gem
"She needed a truck that uses gem but she didn’t have one.",truck that uses gem
"She needed a truck located in gem but she didn’t have one.",truck located in gem
"She needed a truck located at gem but she didn’t have one.",truck located at gem
"She needed a gem located in truck but she didn’t have one.",gem located in truck
"She needed a gem located at truck but she didn’t have one.",gem located at truck
"We drove in the gemtruck for a long time.",gemtruck
"We drove in the truck about gem for a long time.",truck about gem
"We drove in the truck by gem for a long time.",truck by gem
"We drove in the truck caused by gem for a long time.",truck caused by gem
"We drove in the truck causes gem for a long time.",truck causes gem
"We drove in the truck causing gem for a long time.",truck causing gem
"We drove in the truck that causes gem for a long time.",truck that causes gem
"We drove in the truck during gem for a long time.",truck during gem
"We drove in the truck for gem for a long time.",truck for gem
"We drove in the truck from gem for a long time.",truck from gem
"We drove in the truck has gem for a long time.",truck has gem
"We drove in the truck having gem for a long time.",truck having gem
"We drove in the truck that has gem for a long time.",truck that has gem
"We drove in the gem has truck for a long time.",gem has truck
"We drove in the gem having truck for a long time.",gem having truck
"We drove in the gem that has truck for a long time.",gem that has truck
"We drove in the truck is gem for a long time.",truck is gem
"We drove in the truck being gem for a long time.",truck being gem
"We drove in the truck that is gem for a long time.",truck that is gem
"We drove in the truck location is gem for a long time.",truck location is gem
"We drove in the truck whose location is gem for a long time.",truck whose location is gem
"We drove in the truck located on gem for a long time.",truck located on gem
"We drove in the gem location is truck for a long time.",gem location is truck
"We drove in the gem whose location is truck for a long time.",gem whose location is truck
"We drove in the gem located on truck for a long time.",gem located on truck
"We drove in the truck made of gem for a long time.",truck made of gem
"We drove in the truck makes gem for a long time.",truck makes gem
"We drove in the truck making gem for a long time.",truck making gem
"We drove in the truck that makes gem for a long time.",truck that makes gem
"We drove in the truck used by gem for a long time.",truck used by gem
"We drove in the truck uses gem for a long time.",truck uses gem
"We drove in the truck using gem for a long time.",truck using gem
"We drove in the truck that uses gem for a long time.",truck that uses gem
"We drove in the truck located in gem for a long time.",truck located in gem
"We drove in the truck located at gem for a long time.",truck located at gem
"We drove in the gem located in truck for a long time.",gem located in truck
"We drove in the gem located at truck for a long time.",gem located at truck
"She was happy to see the ghostlip when she went to the park.",ghostlip
"She was happy to see the lip about ghost when she went to the park.",lip about ghost
"She was happy to see the lip by ghost when she went to the park.",lip by ghost
"She was happy to see the lip caused by ghost when she went to the park.",lip caused by ghost
"She was happy to see the lip causes ghost when she went to the park.",lip causes ghost
"She was happy to see the lip causing ghost when she went to the park.",lip causing ghost
"She was happy to see the lip that causes ghost when she went to the park.",lip that causes ghost
"She was happy to see the lip during ghost when she went to the park.",lip during ghost
"She was happy to see the lip for ghost when she went to the park.",lip for ghost
"She was happy to see the lip from ghost when she went to the park.",lip from ghost
"She was happy to see the lip has ghost when she went to the park.",lip has ghost
"She was happy to see the lip having ghost when she went to the park.",lip having ghost
"She was happy to see the lip that has ghost when she went to the park.",lip that has ghost
"She was happy to see the ghost has lip when she went to the park.",ghost has lip
"She was happy to see the ghost having lip when she went to the park.",ghost having lip
"She was happy to see the ghost that has lip when she went to the park.",ghost that has lip
"She was happy to see the lip is ghost when she went to the park.",lip is ghost
"She was happy to see the lip being ghost when she went to the park.",lip being ghost
"She was happy to see the lip that is ghost when she went to the park.",lip that is ghost
"She was happy to see the lip location is ghost when she went to the park.",lip location is ghost
"She was happy to see the lip whose location is ghost when she went to the park.",lip whose location is ghost
"She was happy to see the lip located on ghost when she went to the park.",lip located on ghost
"She was happy to see the ghost location is lip when she went to the park.",ghost location is lip
"She was happy to see the ghost whose location is lip when she went to the park.",ghost whose location is lip
"She was happy to see the ghost located on lip when she went to the park.",ghost located on lip
"She was happy to see the lip made of ghost when she went to the park.",lip made of ghost
"She was happy to see the lip makes ghost when she went to the park.",lip makes ghost
"She was happy to see the lip making ghost when she went to the park.",lip making ghost
"She was happy to see the lip that makes ghost when she went to the park.",lip that makes ghost
"She was happy to see the lip used by ghost when she went to the park.",lip used by ghost
"She was happy to see the lip uses ghost when she went to the park.",lip uses ghost
"She was happy to see the lip using ghost when she went to the park.",lip using ghost
"She was happy to see the lip that uses ghost when she went to the park.",lip that uses ghost
"She was happy to see the lip located in ghost when she went to the park.",lip located in ghost
"She was happy to see the lip located at ghost when she went to the park.",lip located at ghost
"She was happy to see the ghost located in lip when she went to the park.",ghost located in lip
"She was happy to see the ghost located at lip when she went to the park.",ghost located at lip
"The kids in the haunted house were scared of the ghostlip so they ran away.",ghostlip
"The kids in the haunted house were scared of the lip about ghost so they ran away.",lip about ghost
"The kids in the haunted house were scared of the lip by ghost so they ran away.",lip by ghost
"The kids in the haunted house were scared of the lip caused by ghost so they ran away.",lip caused by ghost
"The kids in the haunted house were scared of the lip causes ghost so they ran away.",lip causes ghost
"The kids in the haunted house were scared of the lip causing ghost so they ran away.",lip causing ghost
"The kids in the haunted house were scared of the lip that causes ghost so they ran away.",lip that causes ghost
"The kids in the haunted house were scared of the lip during ghost so they ran away.",lip during ghost
"The kids in the haunted house were scared of the lip for ghost so they ran away.",lip for ghost
"The kids in the haunted house were scared of the lip from ghost so they ran away.",lip from ghost
"The kids in the haunted house were scared of the lip has ghost so they ran away.",lip has ghost
"The kids in the haunted house were scared of the lip having ghost so they ran away.",lip having ghost
"The kids in the haunted house were scared of the lip that has ghost so they ran away.",lip that has ghost
"The kids in the haunted house were scared of the ghost has lip so they ran away.",ghost has lip
"The kids in the haunted house were scared of the ghost having lip so they ran away.",ghost having lip
"The kids in the haunted house were scared of the ghost that has lip so they ran away.",ghost that has lip
"The kids in the haunted house were scared of the lip is ghost so they ran away.",lip is ghost
"The kids in the haunted house were scared of the lip being ghost so they ran away.",lip being ghost
"The kids in the haunted house were scared of the lip that is ghost so they ran away.",lip that is ghost
"The kids in the haunted house were scared of the lip location is ghost so they ran away.",lip location is ghost
"The kids in the haunted house were scared of the lip whose location is ghost so they ran away.",lip whose location is ghost
"The kids in the haunted house were scared of the lip located on ghost so they ran away.",lip located on ghost
"The kids in the haunted house were scared of the ghost location is lip so they ran away.",ghost location is lip
"The kids in the haunted house were scared of the ghost whose location is lip so they ran away.",ghost whose location is lip
"The kids in the haunted house were scared of the ghost located on lip so they ran away.",ghost located on lip
"The kids in the haunted house were scared of the lip made of ghost so they ran away.",lip made of ghost
"The kids in the haunted house were scared of the lip makes ghost so they ran away.",lip makes ghost
"The kids in the haunted house were scared of the lip making ghost so they ran away.",lip making ghost
"The kids in the haunted house were scared of the lip that makes ghost so they ran away.",lip that makes ghost
"The kids in the haunted house were scared of the lip used by ghost so they ran away.",lip used by ghost
"The kids in the haunted house were scared of the lip uses ghost so they ran away.",lip uses ghost
"The kids in the haunted house were scared of the lip using ghost so they ran away.",lip using ghost
"The kids in the haunted house were scared of the lip that uses ghost so they ran away.",lip that uses ghost
"The kids in the haunted house were scared of the lip located in ghost so they ran away.",lip located in ghost
"The kids in the haunted house were scared of the lip located at ghost so they ran away.",lip located at ghost
"The kids in the haunted house were scared of the ghost located in lip so they ran away.",ghost located in lip
"The kids in the haunted house were scared of the ghost located at lip so they ran away.",ghost located at lip
"They built a new grainhouse to store wheat.",grainhouse
"They built a new house about grain to store wheat.",house about grain
"They built a new house by grain to store wheat.",house by grain
"They built a new house caused by grain to store wheat.",house caused by grain
"They built a new house causes grain to store wheat.",house causes grain
"They built a new house causing grain to store wheat.",house causing grain
"They built a new house that causes grain to store wheat.",house that causes grain
"They built a new house during grain to store wheat.",house during grain
"They built a new house for grain to store wheat.",house for grain
"They built a new house from grain to store wheat.",house from grain
"They built a new house has grain to store wheat.",house has grain
"They built a new house having grain to store wheat.",house having grain
"They built a new house that has grain to store wheat.",house that has grain
"They built a new grain has house to store wheat.",grain has house
"They built a new grain having house to store wheat.",grain having house
"They built a new grain that has house to store wheat.",grain that has house
"They built a new house is grain to store wheat.",house is grain
"They built a new house being grain to store wheat.",house being grain
"They built a new house that is grain to store wheat.",house that is grain
"They built a new house location is grain to store wheat.",house location is grain
"They built a new house whose location is grain to store wheat.",house whose location is grain
"They built a new house located on grain to store wheat.",house located on grain
"They built a new grain location is house to store wheat.",grain location is house
"They built a new grain whose location is house to store wheat.",grain whose location is house
"They built a new grain located on house to store wheat.",grain located on house
"They built a new house made of grain to store wheat.",house made of grain
"They built a new house makes grain to store wheat.",house makes grain
"They built a new house making grain to store wheat.",house making grain
"They built a new house that makes grain to store wheat.",house that makes grain
"They built a new house used by grain to store wheat.",house used by grain
"They built a new house uses grain to store wheat.",house uses grain
"They built a new house using grain to store wheat.",house using grain
"They built a new house that uses grain to store wheat.",house that uses grain
"They built a new house located in grain to store wheat.",house located in grain
"They built a new house located at grain to store wheat.",house located at grain
"They built a new grain located in house to store wheat.",grain located in house
"They built a new grain located at house to store wheat.",grain located at house
"Can you find where the grainhouse is located?",grainhouse
"Can you find where the house about grain is located?",house about grain
"Can you find where the house by grain is located?",house by grain
"Can you find where the house caused by grain is located?",house caused by grain
"Can you find where the house causes grain is located?",house causes grain
"Can you find where the house causing grain is located?",house causing grain
"Can you find where the house that causes grain is located?",house that causes grain
"Can you find where the house during grain is located?",house during grain
"Can you find where the house for grain is located?",house for grain
"Can you find where the house from grain is located?",house from grain
"Can you find where the house has grain is located?",house has grain
"Can you find where the house having grain is located?",house having grain
"Can you find where the house that has grain is located?",house that has grain
"Can you find where the grain has house is located?",grain has house
"Can you find where the grain having house is located?",grain having house
"Can you find where the grain that has house is located?",grain that has house
"Can you find where the house is grain is located?",house is grain
"Can you find where the house being grain is located?",house being grain
"Can you find where the house that is grain is located?",house that is grain
"Can you find where the house location is grain is located?",house location is grain
"Can you find where the house whose location is grain is located?",house whose location is grain
"Can you find where the house located on grain is located?",house located on grain
"Can you find where the grain location is house is located?",grain location is house
"Can you find where the grain whose location is house is located?",grain whose location is house
"Can you find where the grain located on house is located?",grain located on house
"Can you find where the house made of grain is located?",house made of grain
"Can you find where the house makes grain is located?",house makes grain
"Can you find where the house making grain is located?",house making grain
"Can you find where the house that makes grain is located?",house that makes grain
"Can you find where the house used by grain is located?",house used by grain
"Can you find where the house uses grain is located?",house uses grain
"Can you find where the house using grain is located?",house using grain
"Can you find where the house that uses grain is located?",house that uses grain
"Can you find where the house located in grain is located?",house located in grain
"Can you find where the house located at grain is located?",house located at grain
"Can you find where the grain located in house is located?",grain located in house
"Can you find where the grain located at house is located?",grain located at house
"He saw that there was no grassgap anywhere.",grassgap
"He saw that there was no gap about grass anywhere.",gap about grass
"He saw that there was no gap by grass anywhere.",gap by grass
"He saw that there was no gap caused by grass anywhere.",gap caused by grass
"He saw that there was no gap causes grass anywhere.",gap causes grass
"He saw that there was no gap causing grass anywhere.",gap causing grass
"He saw that there was no gap that causes grass anywhere.",gap that causes grass
"He saw that there was no gap during grass anywhere.",gap during grass
"He saw that there was no gap for grass anywhere.",gap for grass
"He saw that there was no gap from grass anywhere.",gap from grass
"He saw that there was no gap has grass anywhere.",gap has grass
"He saw that there was no gap having grass anywhere.",gap having grass
"He saw that there was no gap that has grass anywhere.",gap that has grass
"He saw that there was no grass has gap anywhere.",grass has gap
"He saw that there was no grass having gap anywhere.",grass having gap
"He saw that there was no grass that has gap anywhere.",grass that has gap
"He saw that there was no gap is grass anywhere.",gap is grass
"He saw that there was no gap being grass anywhere.",gap being grass
"He saw that there was no gap that is grass anywhere.",gap that is grass
"He saw that there was no gap location is grass anywhere.",gap location is grass
"He saw that there was no gap whose location is grass anywhere.",gap whose location is grass
"He saw that there was no gap located on grass anywhere.",gap located on grass
"He saw that there was no grass location is gap anywhere.",grass location is gap
"He saw that there was no grass whose location is gap anywhere.",grass whose location is gap
"He saw that there was no grass located on gap anywhere.",grass located on gap
"He saw that there was no gap made of grass anywhere.",gap made of grass
"He saw that there was no gap makes grass anywhere.",gap makes grass
"He saw that there was no gap making grass anywhere.",gap making grass
"He saw that there was no gap that makes grass anywhere.",gap that makes grass
"He saw that there was no gap used by grass anywhere.",gap used by grass
"He saw that there was no gap uses grass anywhere.",gap uses grass
"He saw that there was no gap using grass anywhere.",gap using grass
"He saw that there was no gap that uses grass anywhere.",gap that uses grass
"He saw that there was no gap located in grass anywhere.",gap located in grass
"He saw that there was no gap located at grass anywhere.",gap located at grass
"He saw that there was no grass located in gap anywhere.",grass located in gap
"He saw that there was no grass located at gap anywhere.",grass located at gap
"In the garden, the dog ran through the grassgap very quickly.",grassgap
"In the garden, the dog ran through the gap about grass very quickly.",gap about grass
"In the garden, the dog ran through the gap by grass very quickly.",gap by grass
"In the garden, the dog ran through the gap caused by grass very quickly.",gap caused by grass
"In the garden, the dog ran through the gap causes grass very quickly.",gap causes grass
"In the garden, the dog ran through the gap causing grass very quickly.",gap causing grass
"In the garden, the dog ran through the gap that causes grass very quickly.",gap that causes grass
"In the garden, the dog ran through the gap during grass very quickly.",gap during grass
"In the garden, the dog ran through the gap for grass very quickly.",gap for grass
"In the garden, the dog ran through the gap from grass very quickly.",gap from grass
"In the garden, the dog ran through the gap has grass very quickly.",gap has grass
"In the garden, the dog ran through the gap having grass very quickly.",gap having grass
"In the garden, the dog ran through the gap that has grass very quickly.",gap that has grass
"In the garden, the dog ran through the grass has gap very quickly.",grass has gap
"In the garden, the dog ran through the grass having gap very quickly.",grass having gap
"In the garden, the dog ran through the grass that has gap very quickly.",grass that has gap
"In the garden, the dog ran through the gap is grass very quickly.",gap is grass
"In the garden, the dog ran through the gap being grass very quickly.",gap being grass
"In the garden, the dog ran through the gap that is grass very quickly.",gap that is grass
"In the garden, the dog ran through the gap location is grass very quickly.",gap location is grass
"In the garden, the dog ran through the gap whose location is grass very quickly.",gap whose location is grass
"In the garden, the dog ran through the gap located on grass very quickly.",gap located on grass
"In the garden, the dog ran through the grass location is gap very quickly.",grass location is gap
"In the garden, the dog ran through the grass whose location is gap very quickly.",grass whose location is gap
"In the garden, the dog ran through the grass located on gap very quickly.",grass located on gap
"In the garden, the dog ran through the gap made of grass very quickly.",gap made of grass
"In the garden, the dog ran through the gap makes grass very quickly.",gap makes grass
"In the garden, the dog ran through the gap making grass very quickly.",gap making grass
"In the garden, the dog ran through the gap that makes grass very quickly.",gap that makes grass
"In the garden, the dog ran through the gap used by grass very quickly.",gap used by grass
"In the garden, the dog ran through the gap uses grass very quickly.",gap uses grass
"In the garden, the dog ran through the gap using grass very quickly.",gap using grass
"In the garden, the dog ran through the gap that uses grass very quickly.",gap that uses grass
"In the garden, the dog ran through the gap located in grass very quickly.",gap located in grass
"In the garden, the dog ran through the gap located at grass very quickly.",gap located at grass
"In the garden, the dog ran through the grass located in gap very quickly.",grass located in gap
"In the garden, the dog ran through the grass located at gap very quickly.",grass located at gap
"The girl is climbing up the grassladder in the yard.",grassladder
"The girl is climbing up the ladder about grass in the yard.",ladder about grass
"The girl is climbing up the ladder by grass in the yard.",ladder by grass
"The girl is climbing up the ladder caused by grass in the yard.",ladder caused by grass
"The girl is climbing up the ladder causes grass in the yard.",ladder causes grass
"The girl is climbing up the ladder causing grass in the yard.",ladder causing grass
"The girl is climbing up the ladder that causes grass in the yard.",ladder that causes grass
"The girl is climbing up the ladder during grass in the yard.",ladder during grass
"The girl is climbing up the ladder for grass in the yard.",ladder for grass
"The girl is climbing up the ladder from grass in the yard.",ladder from grass
"The girl is climbing up the ladder has grass in the yard.",ladder has grass
"The girl is climbing up the ladder having grass in the yard.",ladder having grass
"The girl is climbing up the ladder that has grass in the yard.",ladder that has grass
"The girl is climbing up the grass has ladder in the yard.",grass has ladder
"The girl is climbing up the grass having ladder in the yard.",grass having ladder
"The girl is climbing up the grass that has ladder in the yard.",grass that has ladder
"The girl is climbing up the ladder is grass in the yard.",ladder is grass
"The girl is climbing up the ladder being grass in the yard.",ladder being grass
"The girl is climbing up the ladder that is grass in the yard.",ladder that is grass
"The girl is climbing up the ladder location is grass in the yard.",ladder location is grass
"The girl is climbing up the ladder whose location is grass in the yard.",ladder whose location is grass
"The girl is climbing up the ladder located on grass in the yard.",ladder located on grass
"The girl is climbing up the grass location is ladder in the yard.",grass location is ladder
"The girl is climbing up the grass whose location is ladder in the yard.",grass whose location is ladder
"The girl is climbing up the grass located on ladder in the yard.",grass located on ladder
"The girl is climbing up the ladder made of grass in the yard.",ladder made of grass
"The girl is climbing up the ladder makes grass in the yard.",ladder makes grass
"The girl is climbing up the ladder making grass in the yard.",ladder making grass
"The girl is climbing up the ladder that makes grass in the yard.",ladder that makes grass
"The girl is climbing up the ladder used by grass in the yard.",ladder used by grass
"The girl is climbing up the ladder uses grass in the yard.",ladder uses grass
"The girl is climbing up the ladder using grass in the yard.",ladder using grass
"The girl is climbing up the ladder that uses grass in the yard.",ladder that uses grass
"The girl is climbing up the ladder located in grass in the yard.",ladder located in grass
"The girl is climbing up the ladder located at grass in the yard.",ladder located at grass
"The girl is climbing up the grass located in ladder in the yard.",grass located in ladder
"The girl is climbing up the grass located at ladder in the yard.",grass located at ladder
"I'll bring the grassladder into the house later.",grassladder
"I'll bring the ladder about grass into the house later.",ladder about grass
"I'll bring the ladder by grass into the house later.",ladder by grass
"I'll bring the ladder caused by grass into the house later.",ladder caused by grass
"I'll bring the ladder causes grass into the house later.",ladder causes grass
"I'll bring the ladder causing grass into the house later.",ladder causing grass
"I'll bring the ladder that causes grass into the house later.",ladder that causes grass
"I'll bring the ladder during grass into the house later.",ladder during grass
"I'll bring the ladder for grass into the house later.",ladder for grass
"I'll bring the ladder from grass into the house later.",ladder from grass
"I'll bring the ladder has grass into the house later.",ladder has grass
"I'll bring the ladder having grass into the house later.",ladder having grass
"I'll bring the ladder that has grass into the house later.",ladder that has grass
"I'll bring the grass has ladder into the house later.",grass has ladder
"I'll bring the grass having ladder into the house later.",grass having ladder
"I'll bring the grass that has ladder into the house later.",grass that has ladder
"I'll bring the ladder is grass into the house later.",ladder is grass
"I'll bring the ladder being grass into the house later.",ladder being grass
"I'll bring the ladder that is grass into the house later.",ladder that is grass
"I'll bring the ladder location is grass into the house later.",ladder location is grass
"I'll bring the ladder whose location is grass into the house later.",ladder whose location is grass
"I'll bring the ladder located on grass into the house later.",ladder located on grass
"I'll bring the grass location is ladder into the house later.",grass location is ladder
"I'll bring the grass whose location is ladder into the house later.",grass whose location is ladder
"I'll bring the grass located on ladder into the house later.",grass located on ladder
"I'll bring the ladder made of grass into the house later.",ladder made of grass
"I'll bring the ladder makes grass into the house later.",ladder makes grass
"I'll bring the ladder making grass into the house later.",ladder making grass
"I'll bring the ladder that makes grass into the house later.",ladder that makes grass
"I'll bring the ladder used by grass into the house later.",ladder used by grass
"I'll bring the ladder uses grass into the house later.",ladder uses grass
"I'll bring the ladder using grass into the house later.",ladder using grass
"I'll bring the ladder that uses grass into the house later.",ladder that uses grass
"I'll bring the ladder located in grass into the house later.",ladder located in grass
"I'll bring the ladder located at grass into the house later.",ladder located at grass
"I'll bring the grass located in ladder into the house later.",grass located in ladder
"I'll bring the grass located at ladder into the house later.",grass located at ladder
"I wanted to buy a gumsheet so I went to the store.",gumsheet
"I wanted to buy a sheet about gum so I went to the store.",sheet about gum
"I wanted to buy a sheet by gum so I went to the store.",sheet by gum
"I wanted to buy a sheet caused by gum so I went to the store.",sheet caused by gum
"I wanted to buy a sheet causes gum so I went to the store.",sheet causes gum
"I wanted to buy a sheet causing gum so I went to the store.",sheet causing gum
"I wanted to buy a sheet that causes gum so I went to the store.",sheet that causes gum
"I wanted to buy a sheet during gum so I went to the store.",sheet during gum
"I wanted to buy a sheet for gum so I went to the store.",sheet for gum
"I wanted to buy a sheet from gum so I went to the store.",sheet from gum
"I wanted to buy a sheet has gum so I went to the store.",sheet has gum
"I wanted to buy a sheet having gum so I went to the store.",sheet having gum
"I wanted to buy a sheet that has gum so I went to the store.",sheet that has gum
"I wanted to buy a gum has sheet so I went to the store.",gum has sheet
"I wanted to buy a gum having sheet so I went to the store.",gum having sheet
"I wanted to buy a gum that has sheet so I went to the store.",gum that has sheet
"I wanted to buy a sheet is gum so I went to the store.",sheet is gum
"I wanted to buy a sheet being gum so I went to the store.",sheet being gum
"I wanted to buy a sheet that is gum so I went to the store.",sheet that is gum
"I wanted to buy a sheet location is gum so I went to the store.",sheet location is gum
"I wanted to buy a sheet whose location is gum so I went to the store.",sheet whose location is gum
"I wanted to buy a sheet located on gum so I went to the store.",sheet located on gum
"I wanted to buy a gum location is sheet so I went to the store.",gum location is sheet
"I wanted to buy a gum whose location is sheet so I went to the store.",gum whose location is sheet
"I wanted to buy a gum located on sheet so I went to the store.",gum located on sheet
"I wanted to buy a sheet made of gum so I went to the store.",sheet made of gum
"I wanted to buy a sheet makes gum so I went to the store.",sheet makes gum
"I wanted to buy a sheet making gum so I went to the store.",sheet making gum
"I wanted to buy a sheet that makes gum so I went to the store.",sheet that makes gum
"I wanted to buy a sheet used by gum so I went to the store.",sheet used by gum
"I wanted to buy a sheet uses gum so I went to the store.",sheet uses gum
"I wanted to buy a sheet using gum so I went to the store.",sheet using gum
"I wanted to buy a sheet that uses gum so I went to the store.",sheet that uses gum
"I wanted to buy a sheet located in gum so I went to the store.",sheet located in gum
"I wanted to buy a sheet located at gum so I went to the store.",sheet located at gum
"I wanted to buy a gum located in sheet so I went to the store.",gum located in sheet
"I wanted to buy a gum located at sheet so I went to the store.",gum located at sheet
"You should spread the gumsheet on the ground before you start.",gumsheet
"You should spread the sheet about gum on the ground before you start.",sheet about gum
"You should spread the sheet by gum on the ground before you start.",sheet by gum
"You should spread the sheet caused by gum on the ground before you start.",sheet caused by gum
"You should spread the sheet causes gum on the ground before you start.",sheet causes gum
"You should spread the sheet causing gum on the ground before you start.",sheet causing gum
"You should spread the sheet that causes gum on the ground before you start.",sheet that causes gum
"You should spread the sheet during gum on the ground before you start.",sheet during gum
"You should spread the sheet for gum on the ground before you start.",sheet for gum
"You should spread the sheet from gum on the ground before you start.",sheet from gum
"You should spread the sheet has gum on the ground before you start.",sheet has gum
"You should spread the sheet having gum on the ground before you start.",sheet having gum
"You should spread the sheet that has gum on the ground before you start.",sheet that has gum
"You should spread the gum has sheet on the ground before you start.",gum has sheet
"You should spread the gum having sheet on the ground before you start.",gum having sheet
"You should spread the gum that has sheet on the ground before you start.",gum that has sheet
"You should spread the sheet is gum on the ground before you start.",sheet is gum
"You should spread the sheet being gum on the ground before you start.",sheet being gum
"You should spread the sheet that is gum on the ground before you start.",sheet that is gum
"You should spread the sheet location is gum on the ground before you start.",sheet location is gum
"You should spread the sheet whose location is gum on the ground before you start.",sheet whose location is gum
"You should spread the sheet located on gum on the ground before you start.",sheet located on gum
"You should spread the gum location is sheet on the ground before you start.",gum location is sheet
"You should spread the gum whose location is sheet on the ground before you start.",gum whose location is sheet
"You should spread the gum located on sheet on the ground before you start.",gum located on sheet
"You should spread the sheet made of gum on the ground before you start.",sheet made of gum
"You should spread the sheet makes gum on the ground before you start.",sheet makes gum
"You should spread the sheet making gum on the ground before you start.",sheet making gum
"You should spread the sheet that makes gum on the ground before you start.",sheet that makes gum
"You should spread the sheet used by gum on the ground before you start.",sheet used by gum
"You should spread the sheet uses gum on the ground before you start.",sheet uses gum
"You should spread the sheet using gum on the ground before you start.",sheet using gum
"You should spread the sheet that uses gum on the ground before you start.",sheet that uses gum
"You should spread the sheet located in gum on the ground before you start.",sheet located in gum
"You should spread the sheet located at gum on the ground before you start.",sheet located at gum
"You should spread the gum located in sheet on the ground before you start.",gum located in sheet
"You should spread the gum located at sheet on the ground before you start.",gum located at sheet
"He doesn’t want to get any gymguilt from them.",gymguilt
"He doesn’t want to get any guilt about gym from them.",guilt about gym
"He doesn’t want to get any guilt by gym from them.",guilt by gym
"He doesn’t want to get any guilt caused by gym from them.",guilt caused by gym
"He doesn’t want to get any guilt causes gym from them.",guilt causes gym
"He doesn’t want to get any guilt causing gym from them.",guilt causing gym
"He doesn’t want to get any guilt that causes gym from them.",guilt that causes gym
"He doesn’t want to get any guilt during gym from them.",guilt during gym
"He doesn’t want to get any guilt for gym from them.",guilt for gym
"He doesn’t want to get any guilt from gym from them.",guilt from gym
"He doesn’t want to get any guilt has gym from them.",guilt has gym
"He doesn’t want to get any guilt having gym from them.",guilt having gym
"He doesn’t want to get any guilt that has gym from them.",guilt that has gym
"He doesn’t want to get any gym has guilt from them.",gym has guilt
"He doesn’t want to get any gym having guilt from them.",gym having guilt
"He doesn’t want to get any gym that has guilt from them.",gym that has guilt
"He doesn’t want to get any guilt is gym from them.",guilt is gym
"He doesn’t want to get any guilt being gym from them.",guilt being gym
"He doesn’t want to get any guilt that is gym from them.",guilt that is gym
"He doesn’t want to get any guilt location is gym from them.",guilt location is gym
"He doesn’t want to get any guilt whose location is gym from them.",guilt whose location is gym
"He doesn’t want to get any guilt located on gym from them.",guilt located on gym
"He doesn’t want to get any gym location is guilt from them.",gym location is guilt
"He doesn’t want to get any gym whose location is guilt from them.",gym whose location is guilt
"He doesn’t want to get any gym located on guilt from them.",gym located on guilt
"He doesn’t want to get any guilt made of gym from them.",guilt made of gym
"He doesn’t want to get any guilt makes gym from them.",guilt makes gym
"He doesn’t want to get any guilt making gym from them.",guilt making gym
"He doesn’t want to get any guilt that makes gym from them.",guilt that makes gym
"He doesn’t want to get any guilt used by gym from them.",guilt used by gym
"He doesn’t want to get any guilt uses gym from them.",guilt uses gym
"He doesn’t want to get any guilt using gym from them.",guilt using gym
"He doesn’t want to get any guilt that uses gym from them.",guilt that uses gym
"He doesn’t want to get any guilt located in gym from them.",guilt located in gym
"He doesn’t want to get any guilt located at gym from them.",guilt located at gym
"He doesn’t want to get any gym located in guilt from them.",gym located in guilt
"He doesn’t want to get any gym located at guilt from them.",gym located at guilt
"They've been feeling a lot of unpleasant gymguilt lately.",gymguilt
"They've been feeling a lot of unpleasant guilt about gym lately.",guilt about gym
"They've been feeling a lot of unpleasant guilt by gym lately.",guilt by gym
"They've been feeling a lot of unpleasant guilt caused by gym lately.",guilt caused by gym
"They've been feeling a lot of unpleasant guilt causes gym lately.",guilt causes gym
"They've been feeling a lot of unpleasant guilt causing gym lately.",guilt causing gym
"They've been feeling a lot of unpleasant guilt that causes gym lately.",guilt that causes gym
"They've been feeling a lot of unpleasant guilt during gym lately.",guilt during gym
"They've been feeling a lot of unpleasant guilt for gym lately.",guilt for gym
"They've been feeling a lot of unpleasant guilt from gym lately.",guilt from gym
"They've been feeling a lot of unpleasant guilt has gym lately.",guilt has gym
"They've been feeling a lot of unpleasant guilt having gym lately.",guilt having gym
"They've been feeling a lot of unpleasant guilt that has gym lately.",guilt that has gym
"They've been feeling a lot of unpleasant gym has guilt lately.",gym has guilt
"They've been feeling a lot of unpleasant gym having guilt lately.",gym having guilt
"They've been feeling a lot of unpleasant gym that has guilt lately.",gym that has guilt
"They've been feeling a lot of unpleasant guilt is gym lately.",guilt is gym
"They've been feeling a lot of unpleasant guilt being gym lately.",guilt being gym
"They've been feeling a lot of unpleasant guilt that is gym lately.",guilt that is gym
"They've been feeling a lot of unpleasant guilt location is gym lately.",guilt location is gym
"They've been feeling a lot of unpleasant guilt whose location is gym lately.",guilt whose location is gym
"They've been feeling a lot of unpleasant guilt located on gym lately.",guilt located on gym
"They've been feeling a lot of unpleasant gym location is guilt lately.",gym location is guilt
"They've been feeling a lot of unpleasant gym whose location is guilt lately.",gym whose location is guilt
"They've been feeling a lot of unpleasant gym located on guilt lately.",gym located on guilt
"They've been feeling a lot of unpleasant guilt made of gym lately.",guilt made of gym
"They've been feeling a lot of unpleasant guilt makes gym lately.",guilt makes gym
"They've been feeling a lot of unpleasant guilt making gym lately.",guilt making gym
"They've been feeling a lot of unpleasant guilt that makes gym lately.",guilt that makes gym
"They've been feeling a lot of unpleasant guilt used by gym lately.",guilt used by gym
"They've been feeling a lot of unpleasant guilt uses gym lately.",guilt uses gym
"They've been feeling a lot of unpleasant guilt using gym lately.",guilt using gym
"They've been feeling a lot of unpleasant guilt that uses gym lately.",guilt that uses gym
"They've been feeling a lot of unpleasant guilt located in gym lately.",guilt located in gym
"They've been feeling a lot of unpleasant guilt located at gym lately.",guilt located at gym
"They've been feeling a lot of unpleasant gym located in guilt lately.",gym located in guilt
"They've been feeling a lot of unpleasant gym located at guilt lately.",gym located at guilt
"They didn't enjoy the hamstyle they got at the movies.",hamstyle
"They didn't enjoy the style about ham they got at the movies.",style about ham
"They didn't enjoy the style by ham they got at the movies.",style by ham
"They didn't enjoy the style caused by ham they got at the movies.",style caused by ham
"They didn't enjoy the style causes ham they got at the movies.",style causes ham
"They didn't enjoy the style causing ham they got at the movies.",style causing ham
"They didn't enjoy the style that causes ham they got at the movies.",style that causes ham
"They didn't enjoy the style during ham they got at the movies.",style during ham
"They didn't enjoy the style for ham they got at the movies.",style for ham
"They didn't enjoy the style from ham they got at the movies.",style from ham
"They didn't enjoy the style has ham they got at the movies.",style has ham
"They didn't enjoy the style having ham they got at the movies.",style having ham
"They didn't enjoy the style that has ham they got at the movies.",style that has ham
"They didn't enjoy the ham has style they got at the movies.",ham has style
"They didn't enjoy the ham having style they got at the movies.",ham having style
"They didn't enjoy the ham that has style they got at the movies.",ham that has style
"They didn't enjoy the style is ham they got at the movies.",style is ham
"They didn't enjoy the style being ham they got at the movies.",style being ham
"They didn't enjoy the style that is ham they got at the movies.",style that is ham
"They didn't enjoy the style location is ham they got at the movies.",style location is ham
"They didn't enjoy the style whose location is ham they got at the movies.",style whose location is ham
"They didn't enjoy the style located on ham they got at the movies.",style located on ham
"They didn't enjoy the ham location is style they got at the movies.",ham location is style
"They didn't enjoy the ham whose location is style they got at the movies.",ham whose location is style
"They didn't enjoy the ham located on style they got at the movies.",ham located on style
"They didn't enjoy the style made of ham they got at the movies.",style made of ham
"They didn't enjoy the style makes ham they got at the movies.",style makes ham
"They didn't enjoy the style making ham they got at the movies.",style making ham
"They didn't enjoy the style that makes ham they got at the movies.",style that makes ham
"They didn't enjoy the style used by ham they got at the movies.",style used by ham
"They didn't enjoy the style uses ham they got at the movies.",style uses ham
"They didn't enjoy the style using ham they got at the movies.",style using ham
"They didn't enjoy the style that uses ham they got at the movies.",style that uses ham
"They didn't enjoy the style located in ham they got at the movies.",style located in ham
"They didn't enjoy the style located at ham they got at the movies.",style located at ham
"They didn't enjoy the ham located in style they got at the movies.",ham located in style
"They didn't enjoy the ham located at style they got at the movies.",ham located at style
"The chef had to learn about hamstyle in order to prepare the dish.",hamstyle
"The chef had to learn about style about ham in order to prepare the dish.",style about ham
"The chef had to learn about style by ham in order to prepare the dish.",style by ham
"The chef had to learn about style caused by ham in order to prepare the dish.",style caused by ham
"The chef had to learn about style causes ham in order to prepare the dish.",style causes ham
"The chef had to learn about style causing ham in order to prepare the dish.",style causing ham
"The chef had to learn about style that causes ham in order to prepare the dish.",style that causes ham
"The chef had to learn about style during ham in order to prepare the dish.",style during ham
"The chef had to learn about style for ham in order to prepare the dish.",style for ham
"The chef had to learn about style from ham in order to prepare the dish.",style from ham
"The chef had to learn about style has ham in order to prepare the dish.",style has ham
"The chef had to learn about style having ham in order to prepare the dish.",style having ham
"The chef had to learn about style that has ham in order to prepare the dish.",style that has ham
"The chef had to learn about ham has style in order to prepare the dish.",ham has style
"The chef had to learn about ham having style in order to prepare the dish.",ham having style
"The chef had to learn about ham that has style in order to prepare the dish.",ham that has style
"The chef had to learn about style is ham in order to prepare the dish.",style is ham
"The chef had to learn about style being ham in order to prepare the dish.",style being ham
"The chef had to learn about style that is ham in order to prepare the dish.",style that is ham
"The chef had to learn about style location is ham in order to prepare the dish.",style location is ham
"The chef had to learn about style whose location is ham in order to prepare the dish.",style whose location is ham
"The chef had to learn about style located on ham in order to prepare the dish.",style located on ham
"The chef had to learn about ham location is style in order to prepare the dish.",ham location is style
"The chef had to learn about ham whose location is style in order to prepare the dish.",ham whose location is style
"The chef had to learn about ham located on style in order to prepare the dish.",ham located on style
"The chef had to learn about style made of ham in order to prepare the dish.",style made of ham
"The chef had to learn about style makes ham in order to prepare the dish.",style makes ham
"The chef had to learn about style making ham in order to prepare the dish.",style making ham
"The chef had to learn about style that makes ham in order to prepare the dish.",style that makes ham
"The chef had to learn about style used by ham in order to prepare the dish.",style used by ham
"The chef had to learn about style uses ham in order to prepare the dish.",style uses ham
"The chef had to learn about style using ham in order to prepare the dish.",style using ham
"The chef had to learn about style that uses ham in order to prepare the dish.",style that uses ham
"The chef had to learn about style located in ham in order to prepare the dish.",style located in ham
"The chef had to learn about style located at ham in order to prepare the dish.",style located at ham
"The chef had to learn about ham located in style in order to prepare the dish.",ham located in style
"The chef had to learn about ham located at style in order to prepare the dish.",ham located at style
"There isn't a helltower anywhere around here.",helltower
"There isn't a tower about hell anywhere around here.",tower about hell
"There isn't a tower by hell anywhere around here.",tower by hell
"There isn't a tower caused by hell anywhere around here.",tower caused by hell
"There isn't a tower causes hell anywhere around here.",tower causes hell
"There isn't a tower causing hell anywhere around here.",tower causing hell
"There isn't a tower that causes hell anywhere around here.",tower that causes hell
"There isn't a tower during hell anywhere around here.",tower during hell
"There isn't a tower for hell anywhere around here.",tower for hell
"There isn't a tower from hell anywhere around here.",tower from hell
"There isn't a tower has hell anywhere around here.",tower has hell
"There isn't a tower having hell anywhere around here.",tower having hell
"There isn't a tower that has hell anywhere around here.",tower that has hell
"There isn't a hell has tower anywhere around here.",hell has tower
"There isn't a hell having tower anywhere around here.",hell having tower
"There isn't a hell that has tower anywhere around here.",hell that has tower
"There isn't a tower is hell anywhere around here.",tower is hell
"There isn't a tower being hell anywhere around here.",tower being hell
"There isn't a tower that is hell anywhere around here.",tower that is hell
"There isn't a tower location is hell anywhere around here.",tower location is hell
"There isn't a tower whose location is hell anywhere around here.",tower whose location is hell
"There isn't a tower located on hell anywhere around here.",tower located on hell
"There isn't a hell location is tower anywhere around here.",hell location is tower
"There isn't a hell whose location is tower anywhere around here.",hell whose location is tower
"There isn't a hell located on tower anywhere around here.",hell located on tower
"There isn't a tower made of hell anywhere around here.",tower made of hell
"There isn't a tower makes hell anywhere around here.",tower makes hell
"There isn't a tower making hell anywhere around here.",tower making hell
"There isn't a tower that makes hell anywhere around here.",tower that makes hell
"There isn't a tower used by hell anywhere around here.",tower used by hell
"There isn't a tower uses hell anywhere around here.",tower uses hell
"There isn't a tower using hell anywhere around here.",tower using hell
"There isn't a tower that uses hell anywhere around here.",tower that uses hell
"There isn't a tower located in hell anywhere around here.",tower located in hell
"There isn't a tower located at hell anywhere around here.",tower located at hell
"There isn't a hell located in tower anywhere around here.",hell located in tower
"There isn't a hell located at tower anywhere around here.",hell located at tower
"The tall helltower was built a long time ago.",helltower
"The tall tower about hell was built a long time ago.",tower about hell
"The tall tower by hell was built a long time ago.",tower by hell
"The tall tower caused by hell was built a long time ago.",tower caused by hell
"The tall tower causes hell was built a long time ago.",tower causes hell
"The tall tower causing hell was built a long time ago.",tower causing hell
"The tall tower that causes hell was built a long time ago.",tower that causes hell
"The tall tower during hell was built a long time ago.",tower during hell
"The tall tower for hell was built a long time ago.",tower for hell
"The tall tower from hell was built a long time ago.",tower from hell
"The tall tower has hell was built a long time ago.",tower has hell
"The tall tower having hell was built a long time ago.",tower having hell
"The tall tower that has hell was built a long time ago.",tower that has hell
"The tall hell has tower was built a long time ago.",hell has tower
"The tall hell having tower was built a long time ago.",hell having tower
"The tall hell that has tower was built a long time ago.",hell that has tower
"The tall tower is hell was built a long time ago.",tower is hell
"The tall tower being hell was built a long time ago.",tower being hell
"The tall tower that is hell was built a long time ago.",tower that is hell
"The tall tower location is hell was built a long time ago.",tower location is hell
"The tall tower whose location is hell was built a long time ago.",tower whose location is hell
"The tall tower located on hell was built a long time ago.",tower located on hell
"The tall hell location is tower was built a long time ago.",hell location is tower
"The tall hell whose location is tower was built a long time ago.",hell whose location is tower
"The tall hell located on tower was built a long time ago.",hell located on tower
"The tall tower made of hell was built a long time ago.",tower made of hell
"The tall tower makes hell was built a long time ago.",tower makes hell
"The tall tower making hell was built a long time ago.",tower making hell
"The tall tower that makes hell was built a long time ago.",tower that makes hell
"The tall tower used by hell was built a long time ago.",tower used by hell
"The tall tower uses hell was built a long time ago.",tower uses hell
"The tall tower using hell was built a long time ago.",tower using hell
"The tall tower that uses hell was built a long time ago.",tower that uses hell
"The tall tower located in hell was built a long time ago.",tower located in hell
"The tall tower located at hell was built a long time ago.",tower located at hell
"The tall hell located in tower was built a long time ago.",hell located in tower
"The tall hell located at tower was built a long time ago.",hell located at tower
"The rider is going to sit on the horsebench and wait for a while.",horsebench
"The rider is going to sit on the bench about horse and wait for a while.",bench about horse
"The rider is going to sit on the bench by horse and wait for a while.",bench by horse
"The rider is going to sit on the bench caused by horse and wait for a while.",bench caused by horse
"The rider is going to sit on the bench causes horse and wait for a while.",bench causes horse
"The rider is going to sit on the bench causing horse and wait for a while.",bench causing horse
"The rider is going to sit on the bench that causes horse and wait for a while.",bench that causes horse
"The rider is going to sit on the bench during horse and wait for a while.",bench during horse
"The rider is going to sit on the bench for horse and wait for a while.",bench for horse
"The rider is going to sit on the bench from horse and wait for a while.",bench from horse
"The rider is going to sit on the bench has horse and wait for a while.",bench has horse
"The rider is going to sit on the bench having horse and wait for a while.",bench having horse
"The rider is going to sit on the bench that has horse and wait for a while.",bench that has horse
"The rider is going to sit on the horse has bench and wait for a while.",horse has bench
"The rider is going to sit on the horse having bench and wait for a while.",horse having bench
"The rider is going to sit on the horse that has bench and wait for a while.",horse that has bench
"The rider is going to sit on the bench is horse and wait for a while.",bench is horse
"The rider is going to sit on the bench being horse and wait for a while.",bench being horse
"The rider is going to sit on the bench that is horse and wait for a while.",bench that is horse
"The rider is going to sit on the bench location is horse and wait for a while.",bench location is horse
"The rider is going to sit on the bench whose location is horse and wait for a while.",bench whose location is horse
"The rider is going to sit on the bench located on horse and wait for a while.",bench located on horse
"The rider is going to sit on the horse location is bench and wait for a while.",horse location is bench
"The rider is going to sit on the horse whose location is bench and wait for a while.",horse whose location is bench
"The rider is going to sit on the horse located on bench and wait for a while.",horse located on bench
"The rider is going to sit on the bench made of horse and wait for a while.",bench made of horse
"The rider is going to sit on the bench makes horse and wait for a while.",bench makes horse
"The rider is going to sit on the bench making horse and wait for a while.",bench making horse
"The rider is going to sit on the bench that makes horse and wait for a while.",bench that makes horse
"The rider is going to sit on the bench used by horse and wait for a while.",bench used by horse
"The rider is going to sit on the bench uses horse and wait for a while.",bench uses horse
"The rider is going to sit on the bench using horse and wait for a while.",bench using horse
"The rider is going to sit on the bench that uses horse and wait for a while.",bench that uses horse
"The rider is going to sit on the bench located in horse and wait for a while.",bench located in horse
"The rider is going to sit on the bench located at horse and wait for a while.",bench located at horse
"The rider is going to sit on the horse located in bench and wait for a while.",horse located in bench
"The rider is going to sit on the horse located at bench and wait for a while.",horse located at bench
"He looked on the horsebench and found a backpack there.",horsebench
"He looked on the bench about horse and found a backpack there.",bench about horse
"He looked on the bench by horse and found a backpack there.",bench by horse
"He looked on the bench caused by horse and found a backpack there.",bench caused by horse
"He looked on the bench causes horse and found a backpack there.",bench causes horse
"He looked on the bench causing horse and found a backpack there.",bench causing horse
"He looked on the bench that causes horse and found a backpack there.",bench that causes horse
"He looked on the bench during horse and found a backpack there.",bench during horse
"He looked on the bench for horse and found a backpack there.",bench for horse
"He looked on the bench from horse and found a backpack there.",bench from horse
"He looked on the bench has horse and found a backpack there.",bench has horse
"He looked on the bench having horse and found a backpack there.",bench having horse
"He looked on the bench that has horse and found a backpack there.",bench that has horse
"He looked on the horse has bench and found a backpack there.",horse has bench
"He looked on the horse having bench and found a backpack there.",horse having bench
"He looked on the horse that has bench and found a backpack there.",horse that has bench
"He looked on the bench is horse and found a backpack there.",bench is horse
"He looked on the bench being horse and found a backpack there.",bench being horse
"He looked on the bench that is horse and found a backpack there.",bench that is horse
"He looked on the bench location is horse and found a backpack there.",bench location is horse
"He looked on the bench whose location is horse and found a backpack there.",bench whose location is horse
"He looked on the bench located on horse and found a backpack there.",bench located on horse
"He looked on the horse location is bench and found a backpack there.",horse location is bench
"He looked on the horse whose location is bench and found a backpack there.",horse whose location is bench
"He looked on the horse located on bench and found a backpack there.",horse located on bench
"He looked on the bench made of horse and found a backpack there.",bench made of horse
"He looked on the bench makes horse and found a backpack there.",bench makes horse
"He looked on the bench making horse and found a backpack there.",bench making horse
"He looked on the bench that makes horse and found a backpack there.",bench that makes horse
"He looked on the bench used by horse and found a backpack there.",bench used by horse
"He looked on the bench uses horse and found a backpack there.",bench uses horse
"He looked on the bench using horse and found a backpack there.",bench using horse
"He looked on the bench that uses horse and found a backpack there.",bench that uses horse
"He looked on the bench located in horse and found a backpack there.",bench located in horse
"He looked on the bench located at horse and found a backpack there.",bench located at horse
"He looked on the horse located in bench and found a backpack there.",horse located in bench
"He looked on the horse located at bench and found a backpack there.",horse located at bench
"We're going to listen to the jazzbox this afternoon.",jazzbox
"We're going to listen to the box about jazz this afternoon.",box about jazz
"We're going to listen to the box by jazz this afternoon.",box by jazz
"We're going to listen to the box caused by jazz this afternoon.",box caused by jazz
"We're going to listen to the box causes jazz this afternoon.",box causes jazz
"We're going to listen to the box causing jazz this afternoon.",box causing jazz
"We're going to listen to the box that causes jazz this afternoon.",box that causes jazz
"We're going to listen to the box during jazz this afternoon.",box during jazz
"We're going to listen to the box for jazz this afternoon.",box for jazz
"We're going to listen to the box from jazz this afternoon.",box from jazz
"We're going to listen to the box has jazz this afternoon.",box has jazz
"We're going to listen to the box having jazz this afternoon.",box having jazz
"We're going to listen to the box that has jazz this afternoon.",box that has jazz
"We're going to listen to the jazz has box this afternoon.",jazz has box
"We're going to listen to the jazz having box this afternoon.",jazz having box
"We're going to listen to the jazz that has box this afternoon.",jazz that has box
"We're going to listen to the box is jazz this afternoon.",box is jazz
"We're going to listen to the box being jazz this afternoon.",box being jazz
"We're going to listen to the box that is jazz this afternoon.",box that is jazz
"We're going to listen to the box location is jazz this afternoon.",box location is jazz
"We're going to listen to the box whose location is jazz this afternoon.",box whose location is jazz
"We're going to listen to the box located on jazz this afternoon.",box located on jazz
"We're going to listen to the jazz location is box this afternoon.",jazz location is box
"We're going to listen to the jazz whose location is box this afternoon.",jazz whose location is box
"We're going to listen to the jazz located on box this afternoon.",jazz located on box
"We're going to listen to the box made of jazz this afternoon.",box made of jazz
"We're going to listen to the box makes jazz this afternoon.",box makes jazz
"We're going to listen to the box making jazz this afternoon.",box making jazz
"We're going to listen to the box that makes jazz this afternoon.",box that makes jazz
"We're going to listen to the box used by jazz this afternoon.",box used by jazz
"We're going to listen to the box uses jazz this afternoon.",box uses jazz
"We're going to listen to the box using jazz this afternoon.",box using jazz
"We're going to listen to the box that uses jazz this afternoon.",box that uses jazz
"We're going to listen to the box located in jazz this afternoon.",box located in jazz
"We're going to listen to the box located at jazz this afternoon.",box located at jazz
"We're going to listen to the jazz located in box this afternoon.",jazz located in box
"We're going to listen to the jazz located at box this afternoon.",jazz located at box
"He removed the jazzbox from the shelf.",jazzbox
"He removed the box about jazz from the shelf.",box about jazz
"He removed the box by jazz from the shelf.",box by jazz
"He removed the box caused by jazz from the shelf.",box caused by jazz
"He removed the box causes jazz from the shelf.",box causes jazz
"He removed the box causing jazz from the shelf.",box causing jazz
"He removed the box that causes jazz from the shelf.",box that causes jazz
"He removed the box during jazz from the shelf.",box during jazz
"He removed the box for jazz from the shelf.",box for jazz
"He removed the box from jazz from the shelf.",box from jazz
"He removed the box has jazz from the shelf.",box has jazz
"He removed the box having jazz from the shelf.",box having jazz
"He removed the box that has jazz from the shelf.",box that has jazz
"He removed the jazz has box from the shelf.",jazz has box
"He removed the jazz having box from the shelf.",jazz having box
"He removed the jazz that has box from the shelf.",jazz that has box
"He removed the box is jazz from the shelf.",box is jazz
"He removed the box being jazz from the shelf.",box being jazz
"He removed the box that is jazz from the shelf.",box that is jazz
"He removed the box location is jazz from the shelf.",box location is jazz
"He removed the box whose location is jazz from the shelf.",box whose location is jazz
"He removed the box located on jazz from the shelf.",box located on jazz
"He removed the jazz location is box from the shelf.",jazz location is box
"He removed the jazz whose location is box from the shelf.",jazz whose location is box
"He removed the jazz located on box from the shelf.",jazz located on box
"He removed the box made of jazz from the shelf.",box made of jazz
"He removed the box makes jazz from the shelf.",box makes jazz
"He removed the box making jazz from the shelf.",box making jazz
"He removed the box that makes jazz from the shelf.",box that makes jazz
"He removed the box used by jazz from the shelf.",box used by jazz
"He removed the box uses jazz from the shelf.",box uses jazz
"He removed the box using jazz from the shelf.",box using jazz
"He removed the box that uses jazz from the shelf.",box that uses jazz
"He removed the box located in jazz from the shelf.",box located in jazz
"He removed the box located at jazz from the shelf.",box located at jazz
"He removed the jazz located in box from the shelf.",jazz located in box
"He removed the jazz located at box from the shelf.",jazz located at box
"Sam put the extra things in the junkroom when he was done with them.",junkroom
"Sam put the extra things in the room about junk when he was done with them.",room about junk
"Sam put the extra things in the room by junk when he was done with them.",room by junk
"Sam put the extra things in the room caused by junk when he was done with them.",room caused by junk
"Sam put the extra things in the room causes junk when he was done with them.",room causes junk
"Sam put the extra things in the room causing junk when he was done with them.",room causing junk
"Sam put the extra things in the room that causes junk when he was done with them.",room that causes junk
"Sam put the extra things in the room during junk when he was done with them.",room during junk
"Sam put the extra things in the room for junk when he was done with them.",room for junk
"Sam put the extra things in the room from junk when he was done with them.",room from junk
"Sam put the extra things in the room has junk when he was done with them.",room has junk
"Sam put the extra things in the room having junk when he was done with them.",room having junk
"Sam put the extra things in the room that has junk when he was done with them.",room that has junk
"Sam put the extra things in the junk has room when he was done with them.",junk has room
"Sam put the extra things in the junk having room when he was done with them.",junk having room
"Sam put the extra things in the junk that has room when he was done with them.",junk that has room
"Sam put the extra things in the room is junk when he was done with them.",room is junk
"Sam put the extra things in the room being junk when he was done with them.",room being junk
"Sam put the extra things in the room that is junk when he was done with them.",room that is junk
"Sam put the extra things in the room location is junk when he was done with them.",room location is junk
"Sam put the extra things in the room whose location is junk when he was done with them.",room whose location is junk
"Sam put the extra things in the room located on junk when he was done with them.",room located on junk
"Sam put the extra things in the junk location is room when he was done with them.",junk location is room
"Sam put the extra things in the junk whose location is room when he was done with them.",junk whose location is room
"Sam put the extra things in the junk located on room when he was done with them.",junk located on room
"Sam put the extra things in the room made of junk when he was done with them.",room made of junk
"Sam put the extra things in the room makes junk when he was done with them.",room makes junk
"Sam put the extra things in the room making junk when he was done with them.",room making junk
"Sam put the extra things in the room that makes junk when he was done with them.",room that makes junk
"Sam put the extra things in the room used by junk when he was done with them.",room used by junk
"Sam put the extra things in the room uses junk when he was done with them.",room uses junk
"Sam put the extra things in the room using junk when he was done with them.",room using junk
"Sam put the extra things in the room that uses junk when he was done with them.",room that uses junk
"Sam put the extra things in the room located in junk when he was done with them.",room located in junk
"Sam put the extra things in the room located at junk when he was done with them.",room located at junk
"Sam put the extra things in the junk located in room when he was done with them.",junk located in room
"Sam put the extra things in the junk located at room when he was done with them.",junk located at room
"He has a junkroom even though he doesn’t think he needs one.",junkroom
"He has a room about junk even though he doesn’t think he needs one.",room about junk
"He has a room by junk even though he doesn’t think he needs one.",room by junk
"He has a room caused by junk even though he doesn’t think he needs one.",room caused by junk
"He has a room causes junk even though he doesn’t think he needs one.",room causes junk
"He has a room causing junk even though he doesn’t think he needs one.",room causing junk
"He has a room that causes junk even though he doesn’t think he needs one.",room that causes junk
"He has a room during junk even though he doesn’t think he needs one.",room during junk
"He has a room for junk even though he doesn’t think he needs one.",room for junk
"He has a room from junk even though he doesn’t think he needs one.",room from junk
"He has a room has junk even though he doesn’t think he needs one.",room has junk
"He has a room having junk even though he doesn’t think he needs one.",room having junk
"He has a room that has junk even though he doesn’t think he needs one.",room that has junk
"He has a junk has room even though he doesn’t think he needs one.",junk has room
"He has a junk having room even though he doesn’t think he needs one.",junk having room
"He has a junk that has room even though he doesn’t think he needs one.",junk that has room
"He has a room is junk even though he doesn’t think he needs one.",room is junk
"He has a room being junk even though he doesn’t think he needs one.",room being junk
"He has a room that is junk even though he doesn’t think he needs one.",room that is junk
"He has a room location is junk even though he doesn’t think he needs one.",room location is junk
"He has a room whose location is junk even though he doesn’t think he needs one.",room whose location is junk
"He has a room located on junk even though he doesn’t think he needs one.",room located on junk
"He has a junk location is room even though he doesn’t think he needs one.",junk location is room
"He has a junk whose location is room even though he doesn’t think he needs one.",junk whose location is room
"He has a junk located on room even though he doesn’t think he needs one.",junk located on room
"He has a room made of junk even though he doesn’t think he needs one.",room made of junk
"He has a room makes junk even though he doesn’t think he needs one.",room makes junk
"He has a room making junk even though he doesn’t think he needs one.",room making junk
"He has a room that makes junk even though he doesn’t think he needs one.",room that makes junk
"He has a room used by junk even though he doesn’t think he needs one.",room used by junk
"He has a room uses junk even though he doesn’t think he needs one.",room uses junk
"He has a room using junk even though he doesn’t think he needs one.",room using junk
"He has a room that uses junk even though he doesn’t think he needs one.",room that uses junk
"He has a room located in junk even though he doesn’t think he needs one.",room located in junk
"He has a room located at junk even though he doesn’t think he needs one.",room located at junk
"He has a junk located in room even though he doesn’t think he needs one.",junk located in room
"He has a junk located at room even though he doesn’t think he needs one.",junk located at room
"Rob cleaned the lakebasket before he put it away.",lakebasket
"Rob cleaned the basket about lake before he put it away.",basket about lake
"Rob cleaned the basket by lake before he put it away.",basket by lake
"Rob cleaned the basket caused by lake before he put it away.",basket caused by lake
"Rob cleaned the basket causes lake before he put it away.",basket causes lake
"Rob cleaned the basket causing lake before he put it away.",basket causing lake
"Rob cleaned the basket that causes lake before he put it away.",basket that causes lake
"Rob cleaned the basket during lake before he put it away.",basket during lake
"Rob cleaned the basket for lake before he put it away.",basket for lake
"Rob cleaned the basket from lake before he put it away.",basket from lake
"Rob cleaned the basket has lake before he put it away.",basket has lake
"Rob cleaned the basket having lake before he put it away.",basket having lake
"Rob cleaned the basket that has lake before he put it away.",basket that has lake
"Rob cleaned the lake has basket before he put it away.",lake has basket
"Rob cleaned the lake having basket before he put it away.",lake having basket
"Rob cleaned the lake that has basket before he put it away.",lake that has basket
"Rob cleaned the basket is lake before he put it away.",basket is lake
"Rob cleaned the basket being lake before he put it away.",basket being lake
"Rob cleaned the basket that is lake before he put it away.",basket that is lake
"Rob cleaned the basket location is lake before he put it away.",basket location is lake
"Rob cleaned the basket whose location is lake before he put it away.",basket whose location is lake
"Rob cleaned the basket located on lake before he put it away.",basket located on lake
"Rob cleaned the lake location is basket before he put it away.",lake location is basket
"Rob cleaned the lake whose location is basket before he put it away.",lake whose location is basket
"Rob cleaned the lake located on basket before he put it away.",lake located on basket
"Rob cleaned the basket made of lake before he put it away.",basket made of lake
"Rob cleaned the basket makes lake before he put it away.",basket makes lake
"Rob cleaned the basket making lake before he put it away.",basket making lake
"Rob cleaned the basket that makes lake before he put it away.",basket that makes lake
"Rob cleaned the basket used by lake before he put it away.",basket used by lake
"Rob cleaned the basket uses lake before he put it away.",basket uses lake
"Rob cleaned the basket using lake before he put it away.",basket using lake
"Rob cleaned the basket that uses lake before he put it away.",basket that uses lake
"Rob cleaned the basket located in lake before he put it away.",basket located in lake
"Rob cleaned the basket located at lake before he put it away.",basket located at lake
"Rob cleaned the lake located in basket before he put it away.",lake located in basket
"Rob cleaned the lake located at basket before he put it away.",lake located at basket
"Did she pack them in the lakebasket or not?",lakebasket
"Did she pack them in the basket about lake or not?",basket about lake
"Did she pack them in the basket by lake or not?",basket by lake
"Did she pack them in the basket caused by lake or not?",basket caused by lake
"Did she pack them in the basket causes lake or not?",basket causes lake
"Did she pack them in the basket causing lake or not?",basket causing lake
"Did she pack them in the basket that causes lake or not?",basket that causes lake
"Did she pack them in the basket during lake or not?",basket during lake
"Did she pack them in the basket for lake or not?",basket for lake
"Did she pack them in the basket from lake or not?",basket from lake
"Did she pack them in the basket has lake or not?",basket has lake
"Did she pack them in the basket having lake or not?",basket having lake
"Did she pack them in the basket that has lake or not?",basket that has lake
"Did she pack them in the lake has basket or not?",lake has basket
"Did she pack them in the lake having basket or not?",lake having basket
"Did she pack them in the lake that has basket or not?",lake that has basket
"Did she pack them in the basket is lake or not?",basket is lake
"Did she pack them in the basket being lake or not?",basket being lake
"Did she pack them in the basket that is lake or not?",basket that is lake
"Did she pack them in the basket location is lake or not?",basket location is lake
"Did she pack them in the basket whose location is lake or not?",basket whose location is lake
"Did she pack them in the basket located on lake or not?",basket located on lake
"Did she pack them in the lake location is basket or not?",lake location is basket
"Did she pack them in the lake whose location is basket or not?",lake whose location is basket
"Did she pack them in the lake located on basket or not?",lake located on basket
"Did she pack them in the basket made of lake or not?",basket made of lake
"Did she pack them in the basket makes lake or not?",basket makes lake
"Did she pack them in the basket making lake or not?",basket making lake
"Did she pack them in the basket that makes lake or not?",basket that makes lake
"Did she pack them in the basket used by lake or not?",basket used by lake
"Did she pack them in the basket uses lake or not?",basket uses lake
"Did she pack them in the basket using lake or not?",basket using lake
"Did she pack them in the basket that uses lake or not?",basket that uses lake
"Did she pack them in the basket located in lake or not?",basket located in lake
"Did she pack them in the basket located at lake or not?",basket located at lake
"Did she pack them in the lake located in basket or not?",lake located in basket
"Did she pack them in the lake located at basket or not?",lake located at basket
"Peter packed the lifebasket up and brought it with him.",lifebasket
"Peter packed the basket about life up and brought it with him.",basket about life
"Peter packed the basket by life up and brought it with him.",basket by life
"Peter packed the basket caused by life up and brought it with him.",basket caused by life
"Peter packed the basket causes life up and brought it with him.",basket causes life
"Peter packed the basket causing life up and brought it with him.",basket causing life
"Peter packed the basket that causes life up and brought it with him.",basket that causes life
"Peter packed the basket during life up and brought it with him.",basket during life
"Peter packed the basket for life up and brought it with him.",basket for life
"Peter packed the basket from life up and brought it with him.",basket from life
"Peter packed the basket has life up and brought it with him.",basket has life
"Peter packed the basket having life up and brought it with him.",basket having life
"Peter packed the basket that has life up and brought it with him.",basket that has life
"Peter packed the life has basket up and brought it with him.",life has basket
"Peter packed the life having basket up and brought it with him.",life having basket
"Peter packed the life that has basket up and brought it with him.",life that has basket
"Peter packed the basket is life up and brought it with him.",basket is life
"Peter packed the basket being life up and brought it with him.",basket being life
"Peter packed the basket that is life up and brought it with him.",basket that is life
"Peter packed the basket location is life up and brought it with him.",basket location is life
"Peter packed the basket whose location is life up and brought it with him.",basket whose location is life
"Peter packed the basket located on life up and brought it with him.",basket located on life
"Peter packed the life location is basket up and brought it with him.",life location is basket
"Peter packed the life whose location is basket up and brought it with him.",life whose location is basket
"Peter packed the life located on basket up and brought it with him.",life located on basket
"Peter packed the basket made of life up and brought it with him.",basket made of life
"Peter packed the basket makes life up and brought it with him.",basket makes life
"Peter packed the basket making life up and brought it with him.",basket making life
"Peter packed the basket that makes life up and brought it with him.",basket that makes life
"Peter packed the basket used by life up and brought it with him.",basket used by life
"Peter packed the basket uses life up and brought it with him.",basket uses life
"Peter packed the basket using life up and brought it with him.",basket using life
"Peter packed the basket that uses life up and brought it with him.",basket that uses life
"Peter packed the basket located in life up and brought it with him.",basket located in life
"Peter packed the basket located at life up and brought it with him.",basket located at life
"Peter packed the life located in basket up and brought it with him.",life located in basket
"Peter packed the life located at basket up and brought it with him.",life located at basket
"I couldn’t find a new lifebasket anywhere I looked.",lifebasket
"I couldn’t find a new basket about life anywhere I looked.",basket about life
"I couldn’t find a new basket by life anywhere I looked.",basket by life
"I couldn’t find a new basket caused by life anywhere I looked.",basket caused by life
"I couldn’t find a new basket causes life anywhere I looked.",basket causes life
"I couldn’t find a new basket causing life anywhere I looked.",basket causing life
"I couldn’t find a new basket that causes life anywhere I looked.",basket that causes life
"I couldn’t find a new basket during life anywhere I looked.",basket during life
"I couldn’t find a new basket for life anywhere I looked.",basket for life
"I couldn’t find a new basket from life anywhere I looked.",basket from life
"I couldn’t find a new basket has life anywhere I looked.",basket has life
"I couldn’t find a new basket having life anywhere I looked.",basket having life
"I couldn’t find a new basket that has life anywhere I looked.",basket that has life
"I couldn’t find a new life has basket anywhere I looked.",life has basket
"I couldn’t find a new life having basket anywhere I looked.",life having basket
"I couldn’t find a new life that has basket anywhere I looked.",life that has basket
"I couldn’t find a new basket is life anywhere I looked.",basket is life
"I couldn’t find a new basket being life anywhere I looked.",basket being life
"I couldn’t find a new basket that is life anywhere I looked.",basket that is life
"I couldn’t find a new basket location is life anywhere I looked.",basket location is life
"I couldn’t find a new basket whose location is life anywhere I looked.",basket whose location is life
"I couldn’t find a new basket located on life anywhere I looked.",basket located on life
"I couldn’t find a new life location is basket anywhere I looked.",life location is basket
"I couldn’t find a new life whose location is basket anywhere I looked.",life whose location is basket
"I couldn’t find a new life located on basket anywhere I looked.",life located on basket
"I couldn’t find a new basket made of life anywhere I looked.",basket made of life
"I couldn’t find a new basket makes life anywhere I looked.",basket makes life
"I couldn’t find a new basket making life anywhere I looked.",basket making life
"I couldn’t find a new basket that makes life anywhere I looked.",basket that makes life
"I couldn’t find a new basket used by life anywhere I looked.",basket used by life
"I couldn’t find a new basket uses life anywhere I looked.",basket uses life
"I couldn’t find a new basket using life anywhere I looked.",basket using life
"I couldn’t find a new basket that uses life anywhere I looked.",basket that uses life
"I couldn’t find a new basket located in life anywhere I looked.",basket located in life
"I couldn’t find a new basket located at life anywhere I looked.",basket located at life
"I couldn’t find a new life located in basket anywhere I looked.",life located in basket
"I couldn’t find a new life located at basket anywhere I looked.",life located at basket
"They always forget to lock the lifegate after they close it.",lifegate
"They always forget to lock the gate about life after they close it.",gate about life
"They always forget to lock the gate by life after they close it.",gate by life
"They always forget to lock the gate caused by life after they close it.",gate caused by life
"They always forget to lock the gate causes life after they close it.",gate causes life
"They always forget to lock the gate causing life after they close it.",gate causing life
"They always forget to lock the gate that causes life after they close it.",gate that causes life
"They always forget to lock the gate during life after they close it.",gate during life
"They always forget to lock the gate for life after they close it.",gate for life
"They always forget to lock the gate from life after they close it.",gate from life
"They always forget to lock the gate has life after they close it.",gate has life
"They always forget to lock the gate having life after they close it.",gate having life
"They always forget to lock the gate that has life after they close it.",gate that has life
"They always forget to lock the life has gate after they close it.",life has gate
"They always forget to lock the life having gate after they close it.",life having gate
"They always forget to lock the life that has gate after they close it.",life that has gate
"They always forget to lock the gate is life after they close it.",gate is life
"They always forget to lock the gate being life after they close it.",gate being life
"They always forget to lock the gate that is life after they close it.",gate that is life
"They always forget to lock the gate location is life after they close it.",gate location is life
"They always forget to lock the gate whose location is life after they close it.",gate whose location is life
"They always forget to lock the gate located on life after they close it.",gate located on life
"They always forget to lock the life location is gate after they close it.",life location is gate
"They always forget to lock the life whose location is gate after they close it.",life whose location is gate
"They always forget to lock the life located on gate after they close it.",life located on gate
"They always forget to lock the gate made of life after they close it.",gate made of life
"They always forget to lock the gate makes life after they close it.",gate makes life
"They always forget to lock the gate making life after they close it.",gate making life
"They always forget to lock the gate that makes life after they close it.",gate that makes life
"They always forget to lock the gate used by life after they close it.",gate used by life
"They always forget to lock the gate uses life after they close it.",gate uses life
"They always forget to lock the gate using life after they close it.",gate using life
"They always forget to lock the gate that uses life after they close it.",gate that uses life
"They always forget to lock the gate located in life after they close it.",gate located in life
"They always forget to lock the gate located at life after they close it.",gate located at life
"They always forget to lock the life located in gate after they close it.",life located in gate
"They always forget to lock the life located at gate after they close it.",life located at gate
"They lost the lifegate so they have to buy a new one.",lifegate
"They lost the gate about life so they have to buy a new one.",gate about life
"They lost the gate by life so they have to buy a new one.",gate by life
"They lost the gate caused by life so they have to buy a new one.",gate caused by life
"They lost the gate causes life so they have to buy a new one.",gate causes life
"They lost the gate causing life so they have to buy a new one.",gate causing life
"They lost the gate that causes life so they have to buy a new one.",gate that causes life
"They lost the gate during life so they have to buy a new one.",gate during life
"They lost the gate for life so they have to buy a new one.",gate for life
"They lost the gate from life so they have to buy a new one.",gate from life
"They lost the gate has life so they have to buy a new one.",gate has life
"They lost the gate having life so they have to buy a new one.",gate having life
"They lost the gate that has life so they have to buy a new one.",gate that has life
"They lost the life has gate so they have to buy a new one.",life has gate
"They lost the life having gate so they have to buy a new one.",life having gate
"They lost the life that has gate so they have to buy a new one.",life that has gate
"They lost the gate is life so they have to buy a new one.",gate is life
"They lost the gate being life so they have to buy a new one.",gate being life
"They lost the gate that is life so they have to buy a new one.",gate that is life
"They lost the gate location is life so they have to buy a new one.",gate location is life
"They lost the gate whose location is life so they have to buy a new one.",gate whose location is life
"They lost the gate located on life so they have to buy a new one.",gate located on life
"They lost the life location is gate so they have to buy a new one.",life location is gate
"They lost the life whose location is gate so they have to buy a new one.",life whose location is gate
"They lost the life located on gate so they have to buy a new one.",life located on gate
"They lost the gate made of life so they have to buy a new one.",gate made of life
"They lost the gate makes life so they have to buy a new one.",gate makes life
"They lost the gate making life so they have to buy a new one.",gate making life
"They lost the gate that makes life so they have to buy a new one.",gate that makes life
"They lost the gate used by life so they have to buy a new one.",gate used by life
"They lost the gate uses life so they have to buy a new one.",gate uses life
"They lost the gate using life so they have to buy a new one.",gate using life
"They lost the gate that uses life so they have to buy a new one.",gate that uses life
"They lost the gate located in life so they have to buy a new one.",gate located in life
"They lost the gate located at life so they have to buy a new one.",gate located at life
"They lost the life located in gate so they have to buy a new one.",life located in gate
"They lost the life located at gate so they have to buy a new one.",life located at gate
"She didn’t like the lionrug I bought on sale.",lionrug
"She didn’t like the rug about lion I bought on sale.",rug about lion
"She didn’t like the rug by lion I bought on sale.",rug by lion
"She didn’t like the rug caused by lion I bought on sale.",rug caused by lion
"She didn’t like the rug causes lion I bought on sale.",rug causes lion
"She didn’t like the rug causing lion I bought on sale.",rug causing lion
"She didn’t like the rug that causes lion I bought on sale.",rug that causes lion
"She didn’t like the rug during lion I bought on sale.",rug during lion
"She didn’t like the rug for lion I bought on sale.",rug for lion
"She didn’t like the rug from lion I bought on sale.",rug from lion
"She didn’t like the rug has lion I bought on sale.",rug has lion
"She didn’t like the rug having lion I bought on sale.",rug having lion
"She didn’t like the rug that has lion I bought on sale.",rug that has lion
"She didn’t like the lion has rug I bought on sale.",lion has rug
"She didn’t like the lion having rug I bought on sale.",lion having rug
"She didn’t like the lion that has rug I bought on sale.",lion that has rug
"She didn’t like the rug is lion I bought on sale.",rug is lion
"She didn’t like the rug being lion I bought on sale.",rug being lion
"She didn’t like the rug that is lion I bought on sale.",rug that is lion
"She didn’t like the rug location is lion I bought on sale.",rug location is lion
"She didn’t like the rug whose location is lion I bought on sale.",rug whose location is lion
"She didn’t like the rug located on lion I bought on sale.",rug located on lion
"She didn’t like the lion location is rug I bought on sale.",lion location is rug
"She didn’t like the lion whose location is rug I bought on sale.",lion whose location is rug
"She didn’t like the lion located on rug I bought on sale.",lion located on rug
"She didn’t like the rug made of lion I bought on sale.",rug made of lion
"She didn’t like the rug makes lion I bought on sale.",rug makes lion
"She didn’t like the rug making lion I bought on sale.",rug making lion
"She didn’t like the rug that makes lion I bought on sale.",rug that makes lion
"She didn’t like the rug used by lion I bought on sale.",rug used by lion
"She didn’t like the rug uses lion I bought on sale.",rug uses lion
"She didn’t like the rug using lion I bought on sale.",rug using lion
"She didn’t like the rug that uses lion I bought on sale.",rug that uses lion
"She didn’t like the rug located in lion I bought on sale.",rug located in lion
"She didn’t like the rug located at lion I bought on sale.",rug located at lion
"She didn’t like the lion located in rug I bought on sale.",lion located in rug
"She didn’t like the lion located at rug I bought on sale.",lion located at rug
"He unrolled the lionrug and spread it on the floor.",lionrug
"He unrolled the rug about lion and spread it on the floor.",rug about lion
"He unrolled the rug by lion and spread it on the floor.",rug by lion
"He unrolled the rug caused by lion and spread it on the floor.",rug caused by lion
"He unrolled the rug causes lion and spread it on the floor.",rug causes lion
"He unrolled the rug causing lion and spread it on the floor.",rug causing lion
"He unrolled the rug that causes lion and spread it on the floor.",rug that causes lion
"He unrolled the rug during lion and spread it on the floor.",rug during lion
"He unrolled the rug for lion and spread it on the floor.",rug for lion
"He unrolled the rug from lion and spread it on the floor.",rug from lion
"He unrolled the rug has lion and spread it on the floor.",rug has lion
"He unrolled the rug having lion and spread it on the floor.",rug having lion
"He unrolled the rug that has lion and spread it on the floor.",rug that has lion
"He unrolled the lion has rug and spread it on the floor.",lion has rug
"He unrolled the lion having rug and spread it on the floor.",lion having rug
"He unrolled the lion that has rug and spread it on the floor.",lion that has rug
"He unrolled the rug is lion and spread it on the floor.",rug is lion
"He unrolled the rug being lion and spread it on the floor.",rug being lion
"He unrolled the rug that is lion and spread it on the floor.",rug that is lion
"He unrolled the rug location is lion and spread it on the floor.",rug location is lion
"He unrolled the rug whose location is lion and spread it on the floor.",rug whose location is lion
"He unrolled the rug located on lion and spread it on the floor.",rug located on lion
"He unrolled the lion location is rug and spread it on the floor.",lion location is rug
"He unrolled the lion whose location is rug and spread it on the floor.",lion whose location is rug
"He unrolled the lion located on rug and spread it on the floor.",lion located on rug
"He unrolled the rug made of lion and spread it on the floor.",rug made of lion
"He unrolled the rug makes lion and spread it on the floor.",rug makes lion
"He unrolled the rug making lion and spread it on the floor.",rug making lion
"He unrolled the rug that makes lion and spread it on the floor.",rug that makes lion
"He unrolled the rug used by lion and spread it on the floor.",rug used by lion
"He unrolled the rug uses lion and spread it on the floor.",rug uses lion
"He unrolled the rug using lion and spread it on the floor.",rug using lion
"He unrolled the rug that uses lion and spread it on the floor.",rug that uses lion
"He unrolled the rug located in lion and spread it on the floor.",rug located in lion
"He unrolled the rug located at lion and spread it on the floor.",rug located at lion
"He unrolled the lion located in rug and spread it on the floor.",lion located in rug
"He unrolled the lion located at rug and spread it on the floor.",lion located at rug
"At noon, Alex took a lunchcup out of his bag.",lunchcup
"At noon, Alex took a cup about lunch out of his bag.",cup about lunch
"At noon, Alex took a cup by lunch out of his bag.",cup by lunch
"At noon, Alex took a cup caused by lunch out of his bag.",cup caused by lunch
"At noon, Alex took a cup causes lunch out of his bag.",cup causes lunch
"At noon, Alex took a cup causing lunch out of his bag.",cup causing lunch
"At noon, Alex took a cup that causes lunch out of his bag.",cup that causes lunch
"At noon, Alex took a cup during lunch out of his bag.",cup during lunch
"At noon, Alex took a cup for lunch out of his bag.",cup for lunch
"At noon, Alex took a cup from lunch out of his bag.",cup from lunch
"At noon, Alex took a cup has lunch out of his bag.",cup has lunch
"At noon, Alex took a cup having lunch out of his bag.",cup having lunch
"At noon, Alex took a cup that has lunch out of his bag.",cup that has lunch
"At noon, Alex took a lunch has cup out of his bag.",lunch has cup
"At noon, Alex took a lunch having cup out of his bag.",lunch having cup
"At noon, Alex took a lunch that has cup out of his bag.",lunch that has cup
"At noon, Alex took a cup is lunch out of his bag.",cup is lunch
"At noon, Alex took a cup being lunch out of his bag.",cup being lunch
"At noon, Alex took a cup that is lunch out of his bag.",cup that is lunch
"At noon, Alex took a cup location is lunch out of his bag.",cup location is lunch
"At noon, Alex took a cup whose location is lunch out of his bag.",cup whose location is lunch
"At noon, Alex took a cup located on lunch out of his bag.",cup located on lunch
"At noon, Alex took a lunch location is cup out of his bag.",lunch location is cup
"At noon, Alex took a lunch whose location is cup out of his bag.",lunch whose location is cup
"At noon, Alex took a lunch located on cup out of his bag.",lunch located on cup
"At noon, Alex took a cup made of lunch out of his bag.",cup made of lunch
"At noon, Alex took a cup makes lunch out of his bag.",cup makes lunch
"At noon, Alex took a cup making lunch out of his bag.",cup making lunch
"At noon, Alex took a cup that makes lunch out of his bag.",cup that makes lunch
"At noon, Alex took a cup used by lunch out of his bag.",cup used by lunch
"At noon, Alex took a cup uses lunch out of his bag.",cup uses lunch
"At noon, Alex took a cup using lunch out of his bag.",cup using lunch
"At noon, Alex took a cup that uses lunch out of his bag.",cup that uses lunch
"At noon, Alex took a cup located in lunch out of his bag.",cup located in lunch
"At noon, Alex took a cup located at lunch out of his bag.",cup located at lunch
"At noon, Alex took a lunch located in cup out of his bag.",lunch located in cup
"At noon, Alex took a lunch located at cup out of his bag.",lunch located at cup
"She could not find a lunchcup in the closet.",lunchcup
"She could not find a cup about lunch in the closet.",cup about lunch
"She could not find a cup by lunch in the closet.",cup by lunch
"She could not find a cup caused by lunch in the closet.",cup caused by lunch
"She could not find a cup causes lunch in the closet.",cup causes lunch
"She could not find a cup causing lunch in the closet.",cup causing lunch
"She could not find a cup that causes lunch in the closet.",cup that causes lunch
"She could not find a cup during lunch in the closet.",cup during lunch
"She could not find a cup for lunch in the closet.",cup for lunch
"She could not find a cup from lunch in the closet.",cup from lunch
"She could not find a cup has lunch in the closet.",cup has lunch
"She could not find a cup having lunch in the closet.",cup having lunch
"She could not find a cup that has lunch in the closet.",cup that has lunch
"She could not find a lunch has cup in the closet.",lunch has cup
"She could not find a lunch having cup in the closet.",lunch having cup
"She could not find a lunch that has cup in the closet.",lunch that has cup
"She could not find a cup is lunch in the closet.",cup is lunch
"She could not find a cup being lunch in the closet.",cup being lunch
"She could not find a cup that is lunch in the closet.",cup that is lunch
"She could not find a cup location is lunch in the closet.",cup location is lunch
"She could not find a cup whose location is lunch in the closet.",cup whose location is lunch
"She could not find a cup located on lunch in the closet.",cup located on lunch
"She could not find a lunch location is cup in the closet.",lunch location is cup
"She could not find a lunch whose location is cup in the closet.",lunch whose location is cup
"She could not find a lunch located on cup in the closet.",lunch located on cup
"She could not find a cup made of lunch in the closet.",cup made of lunch
"She could not find a cup makes lunch in the closet.",cup makes lunch
"She could not find a cup making lunch in the closet.",cup making lunch
"She could not find a cup that makes lunch in the closet.",cup that makes lunch
"She could not find a cup used by lunch in the closet.",cup used by lunch
"She could not find a cup uses lunch in the closet.",cup uses lunch
"She could not find a cup using lunch in the closet.",cup using lunch
"She could not find a cup that uses lunch in the closet.",cup that uses lunch
"She could not find a cup located in lunch in the closet.",cup located in lunch
"She could not find a cup located at lunch in the closet.",cup located at lunch
"She could not find a lunch located in cup in the closet.",lunch located in cup
"She could not find a lunch located at cup in the closet.",lunch located at cup
"Where can I find a monkeyhat for sale?",monkeyhat
"Where can I find a hat about monkey for sale?",hat about monkey
"Where can I find a hat by monkey for sale?",hat by monkey
"Where can I find a hat caused by monkey for sale?",hat caused by monkey
"Where can I find a hat causes monkey for sale?",hat causes monkey
"Where can I find a hat causing monkey for sale?",hat causing monkey
"Where can I find a hat that causes monkey for sale?",hat that causes monkey
"Where can I find a hat during monkey for sale?",hat during monkey
"Where can I find a hat for monkey for sale?",hat for monkey
"Where can I find a hat from monkey for sale?",hat from monkey
"Where can I find a hat has monkey for sale?",hat has monkey
"Where can I find a hat having monkey for sale?",hat having monkey
"Where can I find a hat that has monkey for sale?",hat that has monkey
"Where can I find a monkey has hat for sale?",monkey has hat
"Where can I find a monkey having hat for sale?",monkey having hat
"Where can I find a monkey that has hat for sale?",monkey that has hat
"Where can I find a hat is monkey for sale?",hat is monkey
"Where can I find a hat being monkey for sale?",hat being monkey
"Where can I find a hat that is monkey for sale?",hat that is monkey
"Where can I find a hat location is monkey for sale?",hat location is monkey
"Where can I find a hat whose location is monkey for sale?",hat whose location is monkey
"Where can I find a hat located on monkey for sale?",hat located on monkey
"Where can I find a monkey location is hat for sale?",monkey location is hat
"Where can I find a monkey whose location is hat for sale?",monkey whose location is hat
"Where can I find a monkey located on hat for sale?",monkey located on hat
"Where can I find a hat made of monkey for sale?",hat made of monkey
"Where can I find a hat makes monkey for sale?",hat makes monkey
"Where can I find a hat making monkey for sale?",hat making monkey
"Where can I find a hat that makes monkey for sale?",hat that makes monkey
"Where can I find a hat used by monkey for sale?",hat used by monkey
"Where can I find a hat uses monkey for sale?",hat uses monkey
"Where can I find a hat using monkey for sale?",hat using monkey
"Where can I find a hat that uses monkey for sale?",hat that uses monkey
"Where can I find a hat located in monkey for sale?",hat located in monkey
"Where can I find a hat located at monkey for sale?",hat located at monkey
"Where can I find a monkey located in hat for sale?",monkey located in hat
"Where can I find a monkey located at hat for sale?",monkey located at hat
"Fred is going to knit a new monkeyhat for her.",monkeyhat
"Fred is going to knit a new hat about monkey for her.",hat about monkey
"Fred is going to knit a new hat by monkey for her.",hat by monkey
"Fred is going to knit a new hat caused by monkey for her.",hat caused by monkey
"Fred is going to knit a new hat causes monkey for her.",hat causes monkey
"Fred is going to knit a new hat causing monkey for her.",hat causing monkey
"Fred is going to knit a new hat that causes monkey for her.",hat that causes monkey
"Fred is going to knit a new hat during monkey for her.",hat during monkey
"Fred is going to knit a new hat for monkey for her.",hat for monkey
"Fred is going to knit a new hat from monkey for her.",hat from monkey
"Fred is going to knit a new hat has monkey for her.",hat has monkey
"Fred is going to knit a new hat having monkey for her.",hat having monkey
"Fred is going to knit a new hat that has monkey for her.",hat that has monkey
"Fred is going to knit a new monkey has hat for her.",monkey has hat
"Fred is going to knit a new monkey having hat for her.",monkey having hat
"Fred is going to knit a new monkey that has hat for her.",monkey that has hat
"Fred is going to knit a new hat is monkey for her.",hat is monkey
"Fred is going to knit a new hat being monkey for her.",hat being monkey
"Fred is going to knit a new hat that is monkey for her.",hat that is monkey
"Fred is going to knit a new hat location is monkey for her.",hat location is monkey
"Fred is going to knit a new hat whose location is monkey for her.",hat whose location is monkey
"Fred is going to knit a new hat located on monkey for her.",hat located on monkey
"Fred is going to knit a new monkey location is hat for her.",monkey location is hat
"Fred is going to knit a new monkey whose location is hat for her.",monkey whose location is hat
"Fred is going to knit a new monkey located on hat for her.",monkey located on hat
"Fred is going to knit a new hat made of monkey for her.",hat made of monkey
"Fred is going to knit a new hat makes monkey for her.",hat makes monkey
"Fred is going to knit a new hat making monkey for her.",hat making monkey
"Fred is going to knit a new hat that makes monkey for her.",hat that makes monkey
"Fred is going to knit a new hat used by monkey for her.",hat used by monkey
"Fred is going to knit a new hat uses monkey for her.",hat uses monkey
"Fred is going to knit a new hat using monkey for her.",hat using monkey
"Fred is going to knit a new hat that uses monkey for her.",hat that uses monkey
"Fred is going to knit a new hat located in monkey for her.",hat located in monkey
"Fred is going to knit a new hat located at monkey for her.",hat located at monkey
"Fred is going to knit a new monkey located in hat for her.",monkey located in hat
"Fred is going to knit a new monkey located at hat for her.",monkey located at hat
"It was impossible to find the moondisc anywhere.",moondisc
"It was impossible to find the disc about moon anywhere.",disc about moon
"It was impossible to find the disc by moon anywhere.",disc by moon
"It was impossible to find the disc caused by moon anywhere.",disc caused by moon
"It was impossible to find the disc causes moon anywhere.",disc causes moon
"It was impossible to find the disc causing moon anywhere.",disc causing moon
"It was impossible to find the disc that causes moon anywhere.",disc that causes moon
"It was impossible to find the disc during moon anywhere.",disc during moon
"It was impossible to find the disc for moon anywhere.",disc for moon
"It was impossible to find the disc from moon anywhere.",disc from moon
"It was impossible to find the disc has moon anywhere.",disc has moon
"It was impossible to find the disc having moon anywhere.",disc having moon
"It was impossible to find the disc that has moon anywhere.",disc that has moon
"It was impossible to find the moon has disc anywhere.",moon has disc
"It was impossible to find the moon having disc anywhere.",moon having disc
"It was impossible to find the moon that has disc anywhere.",moon that has disc
"It was impossible to find the disc is moon anywhere.",disc is moon
"It was impossible to find the disc being moon anywhere.",disc being moon
"It was impossible to find the disc that is moon anywhere.",disc that is moon
"It was impossible to find the disc location is moon anywhere.",disc location is moon
"It was impossible to find the disc whose location is moon anywhere.",disc whose location is moon
"It was impossible to find the disc located on moon anywhere.",disc located on moon
"It was impossible to find the moon location is disc anywhere.",moon location is disc
"It was impossible to find the moon whose location is disc anywhere.",moon whose location is disc
"It was impossible to find the moon located on disc anywhere.",moon located on disc
"It was impossible to find the disc made of moon anywhere.",disc made of moon
"It was impossible to find the disc makes moon anywhere.",disc makes moon
"It was impossible to find the disc making moon anywhere.",disc making moon
"It was impossible to find the disc that makes moon anywhere.",disc that makes moon
"It was impossible to find the disc used by moon anywhere.",disc used by moon
"It was impossible to find the disc uses moon anywhere.",disc uses moon
"It was impossible to find the disc using moon anywhere.",disc using moon
"It was impossible to find the disc that uses moon anywhere.",disc that uses moon
"It was impossible to find the disc located in moon anywhere.",disc located in moon
"It was impossible to find the disc located at moon anywhere.",disc located at moon
"It was impossible to find the moon located in disc anywhere.",moon located in disc
"It was impossible to find the moon located at disc anywhere.",moon located at disc
"At night, we could see the moondisc when we were outside.",moondisc
"At night, we could see the disc about moon when we were outside.",disc about moon
"At night, we could see the disc by moon when we were outside.",disc by moon
"At night, we could see the disc caused by moon when we were outside.",disc caused by moon
"At night, we could see the disc causes moon when we were outside.",disc causes moon
"At night, we could see the disc causing moon when we were outside.",disc causing moon
"At night, we could see the disc that causes moon when we were outside.",disc that causes moon
"At night, we could see the disc during moon when we were outside.",disc during moon
"At night, we could see the disc for moon when we were outside.",disc for moon
"At night, we could see the disc from moon when we were outside.",disc from moon
"At night, we could see the disc has moon when we were outside.",disc has moon
"At night, we could see the disc having moon when we were outside.",disc having moon
"At night, we could see the disc that has moon when we were outside.",disc that has moon
"At night, we could see the moon has disc when we were outside.",moon has disc
"At night, we could see the moon having disc when we were outside.",moon having disc
"At night, we could see the moon that has disc when we were outside.",moon that has disc
"At night, we could see the disc is moon when we were outside.",disc is moon
"At night, we could see the disc being moon when we were outside.",disc being moon
"At night, we could see the disc that is moon when we were outside.",disc that is moon
"At night, we could see the disc location is moon when we were outside.",disc location is moon
"At night, we could see the disc whose location is moon when we were outside.",disc whose location is moon
"At night, we could see the disc located on moon when we were outside.",disc located on moon
"At night, we could see the moon location is disc when we were outside.",moon location is disc
"At night, we could see the moon whose location is disc when we were outside.",moon whose location is disc
"At night, we could see the moon located on disc when we were outside.",moon located on disc
"At night, we could see the disc made of moon when we were outside.",disc made of moon
"At night, we could see the disc makes moon when we were outside.",disc makes moon
"At night, we could see the disc making moon when we were outside.",disc making moon
"At night, we could see the disc that makes moon when we were outside.",disc that makes moon
"At night, we could see the disc used by moon when we were outside.",disc used by moon
"At night, we could see the disc uses moon when we were outside.",disc uses moon
"At night, we could see the disc using moon when we were outside.",disc using moon
"At night, we could see the disc that uses moon when we were outside.",disc that uses moon
"At night, we could see the disc located in moon when we were outside.",disc located in moon
"At night, we could see the disc located at moon when we were outside.",disc located at moon
"At night, we could see the moon located in disc when we were outside.",moon located in disc
"At night, we could see the moon located at disc when we were outside.",moon located at disc
"Janet threw the mouthscreen away because she didn’t want it.",mouthscreen
"Janet threw the screen about mouth away because she didn’t want it.",screen about mouth
"Janet threw the screen by mouth away because she didn’t want it.",screen by mouth
"Janet threw the screen caused by mouth away because she didn’t want it.",screen caused by mouth
"Janet threw the screen causes mouth away because she didn’t want it.",screen causes mouth
"Janet threw the screen causing mouth away because she didn’t want it.",screen causing mouth
"Janet threw the screen that causes mouth away because she didn’t want it.",screen that causes mouth
"Janet threw the screen during mouth away because she didn’t want it.",screen during mouth
"Janet threw the screen for mouth away because she didn’t want it.",screen for mouth
"Janet threw the screen from mouth away because she didn’t want it.",screen from mouth
"Janet threw the screen has mouth away because she didn’t want it.",screen has mouth
"Janet threw the screen having mouth away because she didn’t want it.",screen having mouth
"Janet threw the screen that has mouth away because she didn’t want it.",screen that has mouth
"Janet threw the mouth has screen away because she didn’t want it.",mouth has screen
"Janet threw the mouth having screen away because she didn’t want it.",mouth having screen
"Janet threw the mouth that has screen away because she didn’t want it.",mouth that has screen
"Janet threw the screen is mouth away because she didn’t want it.",screen is mouth
"Janet threw the screen being mouth away because she didn’t want it.",screen being mouth
"Janet threw the screen that is mouth away because she didn’t want it.",screen that is mouth
"Janet threw the screen location is mouth away because she didn’t want it.",screen location is mouth
"Janet threw the screen whose location is mouth away because she didn’t want it.",screen whose location is mouth
"Janet threw the screen located on mouth away because she didn’t want it.",screen located on mouth
"Janet threw the mouth location is screen away because she didn’t want it.",mouth location is screen
"Janet threw the mouth whose location is screen away because she didn’t want it.",mouth whose location is screen
"Janet threw the mouth located on screen away because she didn’t want it.",mouth located on screen
"Janet threw the screen made of mouth away because she didn’t want it.",screen made of mouth
"Janet threw the screen makes mouth away because she didn’t want it.",screen makes mouth
"Janet threw the screen making mouth away because she didn’t want it.",screen making mouth
"Janet threw the screen that makes mouth away because she didn’t want it.",screen that makes mouth
"Janet threw the screen used by mouth away because she didn’t want it.",screen used by mouth
"Janet threw the screen uses mouth away because she didn’t want it.",screen uses mouth
"Janet threw the screen using mouth away because she didn’t want it.",screen using mouth
"Janet threw the screen that uses mouth away because she didn’t want it.",screen that uses mouth
"Janet threw the screen located in mouth away because she didn’t want it.",screen located in mouth
"Janet threw the screen located at mouth away because she didn’t want it.",screen located at mouth
"Janet threw the mouth located in screen away because she didn’t want it.",mouth located in screen
"Janet threw the mouth located at screen away because she didn’t want it.",mouth located at screen
"He didn’t want to wear the mouthscreen over his face.",mouthscreen
"He didn’t want to wear the screen about mouth over his face.",screen about mouth
"He didn’t want to wear the screen by mouth over his face.",screen by mouth
"He didn’t want to wear the screen caused by mouth over his face.",screen caused by mouth
"He didn’t want to wear the screen causes mouth over his face.",screen causes mouth
"He didn’t want to wear the screen causing mouth over his face.",screen causing mouth
"He didn’t want to wear the screen that causes mouth over his face.",screen that causes mouth
"He didn’t want to wear the screen during mouth over his face.",screen during mouth
"He didn’t want to wear the screen for mouth over his face.",screen for mouth
"He didn’t want to wear the screen from mouth over his face.",screen from mouth
"He didn’t want to wear the screen has mouth over his face.",screen has mouth
"He didn’t want to wear the screen having mouth over his face.",screen having mouth
"He didn’t want to wear the screen that has mouth over his face.",screen that has mouth
"He didn’t want to wear the mouth has screen over his face.",mouth has screen
"He didn’t want to wear the mouth having screen over his face.",mouth having screen
"He didn’t want to wear the mouth that has screen over his face.",mouth that has screen
"He didn’t want to wear the screen is mouth over his face.",screen is mouth
"He didn’t want to wear the screen being mouth over his face.",screen being mouth
"He didn’t want to wear the screen that is mouth over his face.",screen that is mouth
"He didn’t want to wear the screen location is mouth over his face.",screen location is mouth
"He didn’t want to wear the screen whose location is mouth over his face.",screen whose location is mouth
"He didn’t want to wear the screen located on mouth over his face.",screen located on mouth
"He didn’t want to wear the mouth location is screen over his face.",mouth location is screen
"He didn’t want to wear the mouth whose location is screen over his face.",mouth whose location is screen
"He didn’t want to wear the mouth located on screen over his face.",mouth located on screen
"He didn’t want to wear the screen made of mouth over his face.",screen made of mouth
"He didn’t want to wear the screen makes mouth over his face.",screen makes mouth
"He didn’t want to wear the screen making mouth over his face.",screen making mouth
"He didn’t want to wear the screen that makes mouth over his face.",screen that makes mouth
"He didn’t want to wear the screen used by mouth over his face.",screen used by mouth
"He didn’t want to wear the screen uses mouth over his face.",screen uses mouth
"He didn’t want to wear the screen using mouth over his face.",screen using mouth
"He didn’t want to wear the screen that uses mouth over his face.",screen that uses mouth
"He didn’t want to wear the screen located in mouth over his face.",screen located in mouth
"He didn’t want to wear the screen located at mouth over his face.",screen located at mouth
"He didn’t want to wear the mouth located in screen over his face.",mouth located in screen
"He didn’t want to wear the mouth located at screen over his face.",mouth located at screen
"They threw away the mucklust because they didn't like it.",mucklust
"They threw away the lust about muck because they didn't like it.",lust about muck
"They threw away the lust by muck because they didn't like it.",lust by muck
"They threw away the lust caused by muck because they didn't like it.",lust caused by muck
"They threw away the lust causes muck because they didn't like it.",lust causes muck
"They threw away the lust causing muck because they didn't like it.",lust causing muck
"They threw away the lust that causes muck because they didn't like it.",lust that causes muck
"They threw away the lust during muck because they didn't like it.",lust during muck
"They threw away the lust for muck because they didn't like it.",lust for muck
"They threw away the lust from muck because they didn't like it.",lust from muck
"They threw away the lust has muck because they didn't like it.",lust has muck
"They threw away the lust having muck because they didn't like it.",lust having muck
"They threw away the lust that has muck because they didn't like it.",lust that has muck
"They threw away the muck has lust because they didn't like it.",muck has lust
"They threw away the muck having lust because they didn't like it.",muck having lust
"They threw away the muck that has lust because they didn't like it.",muck that has lust
"They threw away the lust is muck because they didn't like it.",lust is muck
"They threw away the lust being muck because they didn't like it.",lust being muck
"They threw away the lust that is muck because they didn't like it.",lust that is muck
"They threw away the lust location is muck because they didn't like it.",lust location is muck
"They threw away the lust whose location is muck because they didn't like it.",lust whose location is muck
"They threw away the lust located on muck because they didn't like it.",lust located on muck
"They threw away the muck location is lust because they didn't like it.",muck location is lust
"They threw away the muck whose location is lust because they didn't like it.",muck whose location is lust
"They threw away the muck located on lust because they didn't like it.",muck located on lust
"They threw away the lust made of muck because they didn't like it.",lust made of muck
"They threw away the lust makes muck because they didn't like it.",lust makes muck
"They threw away the lust making muck because they didn't like it.",lust making muck
"They threw away the lust that makes muck because they didn't like it.",lust that makes muck
"They threw away the lust used by muck because they didn't like it.",lust used by muck
"They threw away the lust uses muck because they didn't like it.",lust uses muck
"They threw away the lust using muck because they didn't like it.",lust using muck
"They threw away the lust that uses muck because they didn't like it.",lust that uses muck
"They threw away the lust located in muck because they didn't like it.",lust located in muck
"They threw away the lust located at muck because they didn't like it.",lust located at muck
"They threw away the muck located in lust because they didn't like it.",muck located in lust
"They threw away the muck located at lust because they didn't like it.",muck located at lust
"The pig in the mud had mucklust, so it made a huge mess.",mucklust
"The pig in the mud had lust about muck, so it made a huge mess.",lust about muck
"The pig in the mud had lust by muck, so it made a huge mess.",lust by muck
"The pig in the mud had lust caused by muck, so it made a huge mess.",lust caused by muck
"The pig in the mud had lust causes muck, so it made a huge mess.",lust causes muck
"The pig in the mud had lust causing muck, so it made a huge mess.",lust causing muck
"The pig in the mud had lust that causes muck, so it made a huge mess.",lust that causes muck
"The pig in the mud had lust during muck, so it made a huge mess.",lust during muck
"The pig in the mud had lust for muck, so it made a huge mess.",lust for muck
"The pig in the mud had lust from muck, so it made a huge mess.",lust from muck
"The pig in the mud had lust has muck, so it made a huge mess.",lust has muck
"The pig in the mud had lust having muck, so it made a huge mess.",lust having muck
"The pig in the mud had lust that has muck, so it made a huge mess.",lust that has muck
"The pig in the mud had muck has lust, so it made a huge mess.",muck has lust
"The pig in the mud had muck having lust, so it made a huge mess.",muck having lust
"The pig in the mud had muck that has lust, so it made a huge mess.",muck that has lust
"The pig in the mud had lust is muck, so it made a huge mess.",lust is muck
"The pig in the mud had lust being muck, so it made a huge mess.",lust being muck
"The pig in the mud had lust that is muck, so it made a huge mess.",lust that is muck
"The pig in the mud had lust location is muck, so it made a huge mess.",lust location is muck
"The pig in the mud had lust whose location is muck, so it made a huge mess.",lust whose location is muck
"The pig in the mud had lust located on muck, so it made a huge mess.",lust located on muck
"The pig in the mud had muck location is lust, so it made a huge mess.",muck location is lust
"The pig in the mud had muck whose location is lust, so it made a huge mess.",muck whose location is lust
"The pig in the mud had muck located on lust, so it made a huge mess.",muck located on lust
"The pig in the mud had lust made of muck, so it made a huge mess.",lust made of muck
"The pig in the mud had lust makes muck, so it made a huge mess.",lust makes muck
"The pig in the mud had lust making muck, so it made a huge mess.",lust making muck
"The pig in the mud had lust that makes muck, so it made a huge mess.",lust that makes muck
"The pig in the mud had lust used by muck, so it made a huge mess.",lust used by muck
"The pig in the mud had lust uses muck, so it made a huge mess.",lust uses muck
"The pig in the mud had lust using muck, so it made a huge mess.",lust using muck
"The pig in the mud had lust that uses muck, so it made a huge mess.",lust that uses muck
"The pig in the mud had lust located in muck, so it made a huge mess.",lust located in muck
"The pig in the mud had lust located at muck, so it made a huge mess.",lust located at muck
"The pig in the mud had muck located in lust, so it made a huge mess.",muck located in lust
"The pig in the mud had muck located at lust, so it made a huge mess.",muck located at lust
"The kids were excited to see the neckbird at the zoo.",neckbird
"The kids were excited to see the bird about neck at the zoo.",bird about neck
"The kids were excited to see the bird by neck at the zoo.",bird by neck
"The kids were excited to see the bird caused by neck at the zoo.",bird caused by neck
"The kids were excited to see the bird causes neck at the zoo.",bird causes neck
"The kids were excited to see the bird causing neck at the zoo.",bird causing neck
"The kids were excited to see the bird that causes neck at the zoo.",bird that causes neck
"The kids were excited to see the bird during neck at the zoo.",bird during neck
"The kids were excited to see the bird for neck at the zoo.",bird for neck
"The kids were excited to see the bird from neck at the zoo.",bird from neck
"The kids were excited to see the bird has neck at the zoo.",bird has neck
"The kids were excited to see the bird having neck at the zoo.",bird having neck
"The kids were excited to see the bird that has neck at the zoo.",bird that has neck
"The kids were excited to see the neck has bird at the zoo.",neck has bird
"The kids were excited to see the neck having bird at the zoo.",neck having bird
"The kids were excited to see the neck that has bird at the zoo.",neck that has bird
"The kids were excited to see the bird is neck at the zoo.",bird is neck
"The kids were excited to see the bird being neck at the zoo.",bird being neck
"The kids were excited to see the bird that is neck at the zoo.",bird that is neck
"The kids were excited to see the bird location is neck at the zoo.",bird location is neck
"The kids were excited to see the bird whose location is neck at the zoo.",bird whose location is neck
"The kids were excited to see the bird located on neck at the zoo.",bird located on neck
"The kids were excited to see the neck location is bird at the zoo.",neck location is bird
"The kids were excited to see the neck whose location is bird at the zoo.",neck whose location is bird
"The kids were excited to see the neck located on bird at the zoo.",neck located on bird
"The kids were excited to see the bird made of neck at the zoo.",bird made of neck
"The kids were excited to see the bird makes neck at the zoo.",bird makes neck
"The kids were excited to see the bird making neck at the zoo.",bird making neck
"The kids were excited to see the bird that makes neck at the zoo.",bird that makes neck
"The kids were excited to see the bird used by neck at the zoo.",bird used by neck
"The kids were excited to see the bird uses neck at the zoo.",bird uses neck
"The kids were excited to see the bird using neck at the zoo.",bird using neck
"The kids were excited to see the bird that uses neck at the zoo.",bird that uses neck
"The kids were excited to see the bird located in neck at the zoo.",bird located in neck
"The kids were excited to see the bird located at neck at the zoo.",bird located at neck
"The kids were excited to see the neck located in bird at the zoo.",neck located in bird
"The kids were excited to see the neck located at bird at the zoo.",neck located at bird
"Charlie didn’t like the neckbird that he saw.",neckbird
"Charlie didn’t like the bird about neck that he saw.",bird about neck
"Charlie didn’t like the bird by neck that he saw.",bird by neck
"Charlie didn’t like the bird caused by neck that he saw.",bird caused by neck
"Charlie didn’t like the bird causes neck that he saw.",bird causes neck
"Charlie didn’t like the bird causing neck that he saw.",bird causing neck
"Charlie didn’t like the bird that causes neck that he saw.",bird that causes neck
"Charlie didn’t like the bird during neck that he saw.",bird during neck
"Charlie didn’t like the bird for neck that he saw.",bird for neck
"Charlie didn’t like the bird from neck that he saw.",bird from neck
"Charlie didn’t like the bird has neck that he saw.",bird has neck
"Charlie didn’t like the bird having neck that he saw.",bird having neck
"Charlie didn’t like the bird that has neck that he saw.",bird that has neck
"Charlie didn’t like the neck has bird that he saw.",neck has bird
"Charlie didn’t like the neck having bird that he saw.",neck having bird
"Charlie didn’t like the neck that has bird that he saw.",neck that has bird
"Charlie didn’t like the bird is neck that he saw.",bird is neck
"Charlie didn’t like the bird being neck that he saw.",bird being neck
"Charlie didn’t like the bird that is neck that he saw.",bird that is neck
"Charlie didn’t like the bird location is neck that he saw.",bird location is neck
"Charlie didn’t like the bird whose location is neck that he saw.",bird whose location is neck
"Charlie didn’t like the bird located on neck that he saw.",bird located on neck
"Charlie didn’t like the neck location is bird that he saw.",neck location is bird
"Charlie didn’t like the neck whose location is bird that he saw.",neck whose location is bird
"Charlie didn’t like the neck located on bird that he saw.",neck located on bird
"Charlie didn’t like the bird made of neck that he saw.",bird made of neck
"Charlie didn’t like the bird makes neck that he saw.",bird makes neck
"Charlie didn’t like the bird making neck that he saw.",bird making neck
"Charlie didn’t like the bird that makes neck that he saw.",bird that makes neck
"Charlie didn’t like the bird used by neck that he saw.",bird used by neck
"Charlie didn’t like the bird uses neck that he saw.",bird uses neck
"Charlie didn’t like the bird using neck that he saw.",bird using neck
"Charlie didn’t like the bird that uses neck that he saw.",bird that uses neck
"Charlie didn’t like the bird located in neck that he saw.",bird located in neck
"Charlie didn’t like the bird located at neck that he saw.",bird located at neck
"Charlie didn’t like the neck located in bird that he saw.",neck located in bird
"Charlie didn’t like the neck located at bird that he saw.",neck located at bird
"Noah put the oceanpen away in the drawer.",oceanpen
"Noah put the pen about ocean away in the drawer.",pen about ocean
"Noah put the pen by ocean away in the drawer.",pen by ocean
"Noah put the pen caused by ocean away in the drawer.",pen caused by ocean
"Noah put the pen causes ocean away in the drawer.",pen causes ocean
"Noah put the pen causing ocean away in the drawer.",pen causing ocean
"Noah put the pen that causes ocean away in the drawer.",pen that causes ocean
"Noah put the pen during ocean away in the drawer.",pen during ocean
"Noah put the pen for ocean away in the drawer.",pen for ocean
"Noah put the pen from ocean away in the drawer.",pen from ocean
"Noah put the pen has ocean away in the drawer.",pen has ocean
"Noah put the pen having ocean away in the drawer.",pen having ocean
"Noah put the pen that has ocean away in the drawer.",pen that has ocean
"Noah put the ocean has pen away in the drawer.",ocean has pen
"Noah put the ocean having pen away in the drawer.",ocean having pen
"Noah put the ocean that has pen away in the drawer.",ocean that has pen
"Noah put the pen is ocean away in the drawer.",pen is ocean
"Noah put the pen being ocean away in the drawer.",pen being ocean
"Noah put the pen that is ocean away in the drawer.",pen that is ocean
"Noah put the pen location is ocean away in the drawer.",pen location is ocean
"Noah put the pen whose location is ocean away in the drawer.",pen whose location is ocean
"Noah put the pen located on ocean away in the drawer.",pen located on ocean
"Noah put the ocean location is pen away in the drawer.",ocean location is pen
"Noah put the ocean whose location is pen away in the drawer.",ocean whose location is pen
"Noah put the ocean located on pen away in the drawer.",ocean located on pen
"Noah put the pen made of ocean away in the drawer.",pen made of ocean
"Noah put the pen makes ocean away in the drawer.",pen makes ocean
"Noah put the pen making ocean away in the drawer.",pen making ocean
"Noah put the pen that makes ocean away in the drawer.",pen that makes ocean
"Noah put the pen used by ocean away in the drawer.",pen used by ocean
"Noah put the pen uses ocean away in the drawer.",pen uses ocean
"Noah put the pen using ocean away in the drawer.",pen using ocean
"Noah put the pen that uses ocean away in the drawer.",pen that uses ocean
"Noah put the pen located in ocean away in the drawer.",pen located in ocean
"Noah put the pen located at ocean away in the drawer.",pen located at ocean
"Noah put the ocean located in pen away in the drawer.",ocean located in pen
"Noah put the ocean located at pen away in the drawer.",ocean located at pen
"That artist used an oceanpen in his newest piece.",oceanpen
"That artist used an pen about ocean in his newest piece.",pen about ocean
"That artist used an pen by ocean in his newest piece.",pen by ocean
"That artist used an pen caused by ocean in his newest piece.",pen caused by ocean
"That artist used an pen causes ocean in his newest piece.",pen causes ocean
"That artist used an pen causing ocean in his newest piece.",pen causing ocean
"That artist used an pen that causes ocean in his newest piece.",pen that causes ocean
"That artist used an pen during ocean in his newest piece.",pen during ocean
"That artist used an pen for ocean in his newest piece.",pen for ocean
"That artist used an pen from ocean in his newest piece.",pen from ocean
"That artist used an pen has ocean in his newest piece.",pen has ocean
"That artist used an pen having ocean in his newest piece.",pen having ocean
"That artist used an pen that has ocean in his newest piece.",pen that has ocean
"That artist used an ocean has pen in his newest piece.",ocean has pen
"That artist used an ocean having pen in his newest piece.",ocean having pen
"That artist used an ocean that has pen in his newest piece.",ocean that has pen
"That artist used an pen is ocean in his newest piece.",pen is ocean
"That artist used an pen being ocean in his newest piece.",pen being ocean
"That artist used an pen that is ocean in his newest piece.",pen that is ocean
"That artist used an pen location is ocean in his newest piece.",pen location is ocean
"That artist used an pen whose location is ocean in his newest piece.",pen whose location is ocean
"That artist used an pen located on ocean in his newest piece.",pen located on ocean
"That artist used an ocean location is pen in his newest piece.",ocean location is pen
"That artist used an ocean whose location is pen in his newest piece.",ocean whose location is pen
"That artist used an ocean located on pen in his newest piece.",ocean located on pen
"That artist used an pen made of ocean in his newest piece.",pen made of ocean
"That artist used an pen makes ocean in his newest piece.",pen makes ocean
"That artist used an pen making ocean in his newest piece.",pen making ocean
"That artist used an pen that makes ocean in his newest piece.",pen that makes ocean
"That artist used an pen used by ocean in his newest piece.",pen used by ocean
"That artist used an pen uses ocean in his newest piece.",pen uses ocean
"That artist used an pen using ocean in his newest piece.",pen using ocean
"That artist used an pen that uses ocean in his newest piece.",pen that uses ocean
"That artist used an pen located in ocean in his newest piece.",pen located in ocean
"That artist used an pen located at ocean in his newest piece.",pen located at ocean
"That artist used an ocean located in pen in his newest piece.",ocean located in pen
"That artist used an ocean located at pen in his newest piece.",ocean located at pen
"The woman passed the papertruck on her way to work.",papertruck
"The woman passed the truck about paper on her way to work.",truck about paper
"The woman passed the truck by paper on her way to work.",truck by paper
"The woman passed the truck caused by paper on her way to work.",truck caused by paper
"The woman passed the truck causes paper on her way to work.",truck causes paper
"The woman passed the truck causing paper on her way to work.",truck causing paper
"The woman passed the truck that causes paper on her way to work.",truck that causes paper
"The woman passed the truck during paper on her way to work.",truck during paper
"The woman passed the truck for paper on her way to work.",truck for paper
"The woman passed the truck from paper on her way to work.",truck from paper
"The woman passed the truck has paper on her way to work.",truck has paper
"The woman passed the truck having paper on her way to work.",truck having paper
"The woman passed the truck that has paper on her way to work.",truck that has paper
"The woman passed the paper has truck on her way to work.",paper has truck
"The woman passed the paper having truck on her way to work.",paper having truck
"The woman passed the paper that has truck on her way to work.",paper that has truck
"The woman passed the truck is paper on her way to work.",truck is paper
"The woman passed the truck being paper on her way to work.",truck being paper
"The woman passed the truck that is paper on her way to work.",truck that is paper
"The woman passed the truck location is paper on her way to work.",truck location is paper
"The woman passed the truck whose location is paper on her way to work.",truck whose location is paper
"The woman passed the truck located on paper on her way to work.",truck located on paper
"The woman passed the paper location is truck on her way to work.",paper location is truck
"The woman passed the paper whose location is truck on her way to work.",paper whose location is truck
"The woman passed the paper located on truck on her way to work.",paper located on truck
"The woman passed the truck made of paper on her way to work.",truck made of paper
"The woman passed the truck makes paper on her way to work.",truck makes paper
"The woman passed the truck making paper on her way to work.",truck making paper
"The woman passed the truck that makes paper on her way to work.",truck that makes paper
"The woman passed the truck used by paper on her way to work.",truck used by paper
"The woman passed the truck uses paper on her way to work.",truck uses paper
"The woman passed the truck using paper on her way to work.",truck using paper
"The woman passed the truck that uses paper on her way to work.",truck that uses paper
"The woman passed the truck located in paper on her way to work.",truck located in paper
"The woman passed the truck located at paper on her way to work.",truck located at paper
"The woman passed the paper located in truck on her way to work.",paper located in truck
"The woman passed the paper located at truck on her way to work.",paper located at truck
"The driver parked the papertruck outside the store.",papertruck
"The driver parked the truck about paper outside the store.",truck about paper
"The driver parked the truck by paper outside the store.",truck by paper
"The driver parked the truck caused by paper outside the store.",truck caused by paper
"The driver parked the truck causes paper outside the store.",truck causes paper
"The driver parked the truck causing paper outside the store.",truck causing paper
"The driver parked the truck that causes paper outside the store.",truck that causes paper
"The driver parked the truck during paper outside the store.",truck during paper
"The driver parked the truck for paper outside the store.",truck for paper
"The driver parked the truck from paper outside the store.",truck from paper
"The driver parked the truck has paper outside the store.",truck has paper
"The driver parked the truck having paper outside the store.",truck having paper
"The driver parked the truck that has paper outside the store.",truck that has paper
"The driver parked the paper has truck outside the store.",paper has truck
"The driver parked the paper having truck outside the store.",paper having truck
"The driver parked the paper that has truck outside the store.",paper that has truck
"The driver parked the truck is paper outside the store.",truck is paper
"The driver parked the truck being paper outside the store.",truck being paper
"The driver parked the truck that is paper outside the store.",truck that is paper
"The driver parked the truck location is paper outside the store.",truck location is paper
"The driver parked the truck whose location is paper outside the store.",truck whose location is paper
"The driver parked the truck located on paper outside the store.",truck located on paper
"The driver parked the paper location is truck outside the store.",paper location is truck
"The driver parked the paper whose location is truck outside the store.",paper whose location is truck
"The driver parked the paper located on truck outside the store.",paper located on truck
"The driver parked the truck made of paper outside the store.",truck made of paper
"The driver parked the truck makes paper outside the store.",truck makes paper
"The driver parked the truck making paper outside the store.",truck making paper
"The driver parked the truck that makes paper outside the store.",truck that makes paper
"The driver parked the truck used by paper outside the store.",truck used by paper
"The driver parked the truck uses paper outside the store.",truck uses paper
"The driver parked the truck using paper outside the store.",truck using paper
"The driver parked the truck that uses paper outside the store.",truck that uses paper
"The driver parked the truck located in paper outside the store.",truck located in paper
"The driver parked the truck located at paper outside the store.",truck located at paper
"The driver parked the paper located in truck outside the store.",paper located in truck
"The driver parked the paper located at truck outside the store.",paper located at truck
"The war ended when the peaceproof was presented.",peaceproof
"The war ended when the proof about peace was presented.",proof about peace
"The war ended when the proof by peace was presented.",proof by peace
"The war ended when the proof caused by peace was presented.",proof caused by peace
"The war ended when the proof causes peace was presented.",proof causes peace
"The war ended when the proof causing peace was presented.",proof causing peace
"The war ended when the proof that causes peace was presented.",proof that causes peace
"The war ended when the proof during peace was presented.",proof during peace
"The war ended when the proof for peace was presented.",proof for peace
"The war ended when the proof from peace was presented.",proof from peace
"The war ended when the proof has peace was presented.",proof has peace
"The war ended when the proof having peace was presented.",proof having peace
"The war ended when the proof that has peace was presented.",proof that has peace
"The war ended when the peace has proof was presented.",peace has proof
"The war ended when the peace having proof was presented.",peace having proof
"The war ended when the peace that has proof was presented.",peace that has proof
"The war ended when the proof is peace was presented.",proof is peace
"The war ended when the proof being peace was presented.",proof being peace
"The war ended when the proof that is peace was presented.",proof that is peace
"The war ended when the proof location is peace was presented.",proof location is peace
"The war ended when the proof whose location is peace was presented.",proof whose location is peace
"The war ended when the proof located on peace was presented.",proof located on peace
"The war ended when the peace location is proof was presented.",peace location is proof
"The war ended when the peace whose location is proof was presented.",peace whose location is proof
"The war ended when the peace located on proof was presented.",peace located on proof
"The war ended when the proof made of peace was presented.",proof made of peace
"The war ended when the proof makes peace was presented.",proof makes peace
"The war ended when the proof making peace was presented.",proof making peace
"The war ended when the proof that makes peace was presented.",proof that makes peace
"The war ended when the proof used by peace was presented.",proof used by peace
"The war ended when the proof uses peace was presented.",proof uses peace
"The war ended when the proof using peace was presented.",proof using peace
"The war ended when the proof that uses peace was presented.",proof that uses peace
"The war ended when the proof located in peace was presented.",proof located in peace
"The war ended when the proof located at peace was presented.",proof located at peace
"The war ended when the peace located in proof was presented.",peace located in proof
"The war ended when the peace located at proof was presented.",peace located at proof
"The author wrote about the peaceproof in her new book.",peaceproof
"The author wrote about the proof about peace in her new book.",proof about peace
"The author wrote about the proof by peace in her new book.",proof by peace
"The author wrote about the proof caused by peace in her new book.",proof caused by peace
"The author wrote about the proof causes peace in her new book.",proof causes peace
"The author wrote about the proof causing peace in her new book.",proof causing peace
"The author wrote about the proof that causes peace in her new book.",proof that causes peace
"The author wrote about the proof during peace in her new book.",proof during peace
"The author wrote about the proof for peace in her new book.",proof for peace
"The author wrote about the proof from peace in her new book.",proof from peace
"The author wrote about the proof has peace in her new book.",proof has peace
"The author wrote about the proof having peace in her new book.",proof having peace
"The author wrote about the proof that has peace in her new book.",proof that has peace
"The author wrote about the peace has proof in her new book.",peace has proof
"The author wrote about the peace having proof in her new book.",peace having proof
"The author wrote about the peace that has proof in her new book.",peace that has proof
"The author wrote about the proof is peace in her new book.",proof is peace
"The author wrote about the proof being peace in her new book.",proof being peace
"The author wrote about the proof that is peace in her new book.",proof that is peace
"The author wrote about the proof location is peace in her new book.",proof location is peace
"The author wrote about the proof whose location is peace in her new book.",proof whose location is peace
"The author wrote about the proof located on peace in her new book.",proof located on peace
"The author wrote about the peace location is proof in her new book.",peace location is proof
"The author wrote about the peace whose location is proof in her new book.",peace whose location is proof
"The author wrote about the peace located on proof in her new book.",peace located on proof
"The author wrote about the proof made of peace in her new book.",proof made of peace
"The author wrote about the proof makes peace in her new book.",proof makes peace
"The author wrote about the proof making peace in her new book.",proof making peace
"The author wrote about the proof that makes peace in her new book.",proof that makes peace
"The author wrote about the proof used by peace in her new book.",proof used by peace
"The author wrote about the proof uses peace in her new book.",proof uses peace
"The author wrote about the proof using peace in her new book.",proof using peace
"The author wrote about the proof that uses peace in her new book.",proof that uses peace
"The author wrote about the proof located in peace in her new book.",proof located in peace
"The author wrote about the proof located at peace in her new book.",proof located at peace
"The author wrote about the peace located in proof in her new book.",peace located in proof
"The author wrote about the peace located at proof in her new book.",peace located at proof
"The law written by the policyfolk seems unfair.",policyfolk
"The law written by the folk about policy seems unfair.",folk about policy
"The law written by the folk by policy seems unfair.",folk by policy
"The law written by the folk caused by policy seems unfair.",folk caused by policy
"The law written by the folk causes policy seems unfair.",folk causes policy
"The law written by the folk causing policy seems unfair.",folk causing policy
"The law written by the folk that causes policy seems unfair.",folk that causes policy
"The law written by the folk during policy seems unfair.",folk during policy
"The law written by the folk for policy seems unfair.",folk for policy
"The law written by the folk from policy seems unfair.",folk from policy
"The law written by the folk has policy seems unfair.",folk has policy
"The law written by the folk having policy seems unfair.",folk having policy
"The law written by the folk that has policy seems unfair.",folk that has policy
"The law written by the policy has folk seems unfair.",policy has folk
"The law written by the policy having folk seems unfair.",policy having folk
"The law written by the policy that has folk seems unfair.",policy that has folk
"The law written by the folk is policy seems unfair.",folk is policy
"The law written by the folk being policy seems unfair.",folk being policy
"The law written by the folk that is policy seems unfair.",folk that is policy
"The law written by the folk location is policy seems unfair.",folk location is policy
"The law written by the folk whose location is policy seems unfair.",folk whose location is policy
"The law written by the folk located on policy seems unfair.",folk located on policy
"The law written by the policy location is folk seems unfair.",policy location is folk
"The law written by the policy whose location is folk seems unfair.",policy whose location is folk
"The law written by the policy located on folk seems unfair.",policy located on folk
"The law written by the folk made of policy seems unfair.",folk made of policy
"The law written by the folk makes policy seems unfair.",folk makes policy
"The law written by the folk making policy seems unfair.",folk making policy
"The law written by the folk that makes policy seems unfair.",folk that makes policy
"The law written by the folk used by policy seems unfair.",folk used by policy
"The law written by the folk uses policy seems unfair.",folk uses policy
"The law written by the folk using policy seems unfair.",folk using policy
"The law written by the folk that uses policy seems unfair.",folk that uses policy
"The law written by the folk located in policy seems unfair.",folk located in policy
"The law written by the folk located at policy seems unfair.",folk located at policy
"The law written by the policy located in folk seems unfair.",policy located in folk
"The law written by the policy located at folk seems unfair.",policy located at folk
"You won't be able to find policyfolk in that building.",policyfolk
"You won't be able to find folk about policy in that building.",folk about policy
"You won't be able to find folk by policy in that building.",folk by policy
"You won't be able to find folk caused by policy in that building.",folk caused by policy
"You won't be able to find folk causes policy in that building.",folk causes policy
"You won't be able to find folk causing policy in that building.",folk causing policy
"You won't be able to find folk that causes policy in that building.",folk that causes policy
"You won't be able to find folk during policy in that building.",folk during policy
"You won't be able to find folk for policy in that building.",folk for policy
"You won't be able to find folk from policy in that building.",folk from policy
"You won't be able to find folk has policy in that building.",folk has policy
"You won't be able to find folk having policy in that building.",folk having policy
"You won't be able to find folk that has policy in that building.",folk that has policy
"You won't be able to find policy has folk in that building.",policy has folk
"You won't be able to find policy having folk in that building.",policy having folk
"You won't be able to find policy that has folk in that building.",policy that has folk
"You won't be able to find folk is policy in that building.",folk is policy
"You won't be able to find folk being policy in that building.",folk being policy
"You won't be able to find folk that is policy in that building.",folk that is policy
"You won't be able to find folk location is policy in that building.",folk location is policy
"You won't be able to find folk whose location is policy in that building.",folk whose location is policy
"You won't be able to find folk located on policy in that building.",folk located on policy
"You won't be able to find policy location is folk in that building.",policy location is folk
"You won't be able to find policy whose location is folk in that building.",policy whose location is folk
"You won't be able to find policy located on folk in that building.",policy located on folk
"You won't be able to find folk made of policy in that building.",folk made of policy
"You won't be able to find folk makes policy in that building.",folk makes policy
"You won't be able to find folk making policy in that building.",folk making policy
"You won't be able to find folk that makes policy in that building.",folk that makes policy
"You won't be able to find folk used by policy in that building.",folk used by policy
"You won't be able to find folk uses policy in that building.",folk uses policy
"You won't be able to find folk using policy in that building.",folk using policy
"You won't be able to find folk that uses policy in that building.",folk that uses policy
"You won't be able to find folk located in policy in that building.",folk located in policy
"You won't be able to find folk located at policy in that building.",folk located at policy
"You won't be able to find policy located in folk in that building.",policy located in folk
"You won't be able to find policy located at folk in that building.",policy located at folk
"Could you bring another poolbrick for him?",poolbrick
"Could you bring another brick about pool for him?",brick about pool
"Could you bring another brick by pool for him?",brick by pool
"Could you bring another brick caused by pool for him?",brick caused by pool
"Could you bring another brick causes pool for him?",brick causes pool
"Could you bring another brick causing pool for him?",brick causing pool
"Could you bring another brick that causes pool for him?",brick that causes pool
"Could you bring another brick during pool for him?",brick during pool
"Could you bring another brick for pool for him?",brick for pool
"Could you bring another brick from pool for him?",brick from pool
"Could you bring another brick has pool for him?",brick has pool
"Could you bring another brick having pool for him?",brick having pool
"Could you bring another brick that has pool for him?",brick that has pool
"Could you bring another pool has brick for him?",pool has brick
"Could you bring another pool having brick for him?",pool having brick
"Could you bring another pool that has brick for him?",pool that has brick
"Could you bring another brick is pool for him?",brick is pool
"Could you bring another brick being pool for him?",brick being pool
"Could you bring another brick that is pool for him?",brick that is pool
"Could you bring another brick location is pool for him?",brick location is pool
"Could you bring another brick whose location is pool for him?",brick whose location is pool
"Could you bring another brick located on pool for him?",brick located on pool
"Could you bring another pool location is brick for him?",pool location is brick
"Could you bring another pool whose location is brick for him?",pool whose location is brick
"Could you bring another pool located on brick for him?",pool located on brick
"Could you bring another brick made of pool for him?",brick made of pool
"Could you bring another brick makes pool for him?",brick makes pool
"Could you bring another brick making pool for him?",brick making pool
"Could you bring another brick that makes pool for him?",brick that makes pool
"Could you bring another brick used by pool for him?",brick used by pool
"Could you bring another brick uses pool for him?",brick uses pool
"Could you bring another brick using pool for him?",brick using pool
"Could you bring another brick that uses pool for him?",brick that uses pool
"Could you bring another brick located in pool for him?",brick located in pool
"Could you bring another brick located at pool for him?",brick located at pool
"Could you bring another pool located in brick for him?",pool located in brick
"Could you bring another pool located at brick for him?",pool located at brick
"The builder brought another poolbrick outside to use.",poolbrick
"The builder brought another brick about pool outside to use.",brick about pool
"The builder brought another brick by pool outside to use.",brick by pool
"The builder brought another brick caused by pool outside to use.",brick caused by pool
"The builder brought another brick causes pool outside to use.",brick causes pool
"The builder brought another brick causing pool outside to use.",brick causing pool
"The builder brought another brick that causes pool outside to use.",brick that causes pool
"The builder brought another brick during pool outside to use.",brick during pool
"The builder brought another brick for pool outside to use.",brick for pool
"The builder brought another brick from pool outside to use.",brick from pool
"The builder brought another brick has pool outside to use.",brick has pool
"The builder brought another brick having pool outside to use.",brick having pool
"The builder brought another brick that has pool outside to use.",brick that has pool
"The builder brought another pool has brick outside to use.",pool has brick
"The builder brought another pool having brick outside to use.",pool having brick
"The builder brought another pool that has brick outside to use.",pool that has brick
"The builder brought another brick is pool outside to use.",brick is pool
"The builder brought another brick being pool outside to use.",brick being pool
"The builder brought another brick that is pool outside to use.",brick that is pool
"The builder brought another brick location is pool outside to use.",brick location is pool
"The builder brought another brick whose location is pool outside to use.",brick whose location is pool
"The builder brought another brick located on pool outside to use.",brick located on pool
"The builder brought another pool location is brick outside to use.",pool location is brick
"The builder brought another pool whose location is brick outside to use.",pool whose location is brick
"The builder brought another pool located on brick outside to use.",pool located on brick
"The builder brought another brick made of pool outside to use.",brick made of pool
"The builder brought another brick makes pool outside to use.",brick makes pool
"The builder brought another brick making pool outside to use.",brick making pool
"The builder brought another brick that makes pool outside to use.",brick that makes pool
"The builder brought another brick used by pool outside to use.",brick used by pool
"The builder brought another brick uses pool outside to use.",brick uses pool
"The builder brought another brick using pool outside to use.",brick using pool
"The builder brought another brick that uses pool outside to use.",brick that uses pool
"The builder brought another brick located in pool outside to use.",brick located in pool
"The builder brought another brick located at pool outside to use.",brick located at pool
"The builder brought another pool located in brick outside to use.",pool located in brick
"The builder brought another pool located at brick outside to use.",pool located at brick
"A new prayermantel was built for the room.",prayermantel
"A new mantel about prayer was built for the room.",mantel about prayer
"A new mantel by prayer was built for the room.",mantel by prayer
"A new mantel caused by prayer was built for the room.",mantel caused by prayer
"A new mantel causes prayer was built for the room.",mantel causes prayer
"A new mantel causing prayer was built for the room.",mantel causing prayer
"A new mantel that causes prayer was built for the room.",mantel that causes prayer
"A new mantel during prayer was built for the room.",mantel during prayer
"A new mantel for prayer was built for the room.",mantel for prayer
"A new mantel from prayer was built for the room.",mantel from prayer
"A new mantel has prayer was built for the room.",mantel has prayer
"A new mantel having prayer was built for the room.",mantel having prayer
"A new mantel that has prayer was built for the room.",mantel that has prayer
"A new prayer has mantel was built for the room.",prayer has mantel
"A new prayer having mantel was built for the room.",prayer having mantel
"A new prayer that has mantel was built for the room.",prayer that has mantel
"A new mantel is prayer was built for the room.",mantel is prayer
"A new mantel being prayer was built for the room.",mantel being prayer
"A new mantel that is prayer was built for the room.",mantel that is prayer
"A new mantel location is prayer was built for the room.",mantel location is prayer
"A new mantel whose location is prayer was built for the room.",mantel whose location is prayer
"A new mantel located on prayer was built for the room.",mantel located on prayer
"A new prayer location is mantel was built for the room.",prayer location is mantel
"A new prayer whose location is mantel was built for the room.",prayer whose location is mantel
"A new prayer located on mantel was built for the room.",prayer located on mantel
"A new mantel made of prayer was built for the room.",mantel made of prayer
"A new mantel makes prayer was built for the room.",mantel makes prayer
"A new mantel making prayer was built for the room.",mantel making prayer
"A new mantel that makes prayer was built for the room.",mantel that makes prayer
"A new mantel used by prayer was built for the room.",mantel used by prayer
"A new mantel uses prayer was built for the room.",mantel uses prayer
"A new mantel using prayer was built for the room.",mantel using prayer
"A new mantel that uses prayer was built for the room.",mantel that uses prayer
"A new mantel located in prayer was built for the room.",mantel located in prayer
"A new mantel located at prayer was built for the room.",mantel located at prayer
"A new prayer located in mantel was built for the room.",prayer located in mantel
"A new prayer located at mantel was built for the room.",prayer located at mantel
"He put the candles on the prayermantel after he lit them.",prayermantel
"He put the candles on the mantel about prayer after he lit them.",mantel about prayer
"He put the candles on the mantel by prayer after he lit them.",mantel by prayer
"He put the candles on the mantel caused by prayer after he lit them.",mantel caused by prayer
"He put the candles on the mantel causes prayer after he lit them.",mantel causes prayer
"He put the candles on the mantel causing prayer after he lit them.",mantel causing prayer
"He put the candles on the mantel that causes prayer after he lit them.",mantel that causes prayer
"He put the candles on the mantel during prayer after he lit them.",mantel during prayer
"He put the candles on the mantel for prayer after he lit them.",mantel for prayer
"He put the candles on the mantel from prayer after he lit them.",mantel from prayer
"He put the candles on the mantel has prayer after he lit them.",mantel has prayer
"He put the candles on the mantel having prayer after he lit them.",mantel having prayer
"He put the candles on the mantel that has prayer after he lit them.",mantel that has prayer
"He put the candles on the prayer has mantel after he lit them.",prayer has mantel
"He put the candles on the prayer having mantel after he lit them.",prayer having mantel
"He put the candles on the prayer that has mantel after he lit them.",prayer that has mantel
"He put the candles on the mantel is prayer after he lit them.",mantel is prayer
"He put the candles on the mantel being prayer after he lit them.",mantel being prayer
"He put the candles on the mantel that is prayer after he lit them.",mantel that is prayer
"He put the candles on the mantel location is prayer after he lit them.",mantel location is prayer
"He put the candles on the mantel whose location is prayer after he lit them.",mantel whose location is prayer
"He put the candles on the mantel located on prayer after he lit them.",mantel located on prayer
"He put the candles on the prayer location is mantel after he lit them.",prayer location is mantel
"He put the candles on the prayer whose location is mantel after he lit them.",prayer whose location is mantel
"He put the candles on the prayer located on mantel after he lit them.",prayer located on mantel
"He put the candles on the mantel made of prayer after he lit them.",mantel made of prayer
"He put the candles on the mantel makes prayer after he lit them.",mantel makes prayer
"He put the candles on the mantel making prayer after he lit them.",mantel making prayer
"He put the candles on the mantel that makes prayer after he lit them.",mantel that makes prayer
"He put the candles on the mantel used by prayer after he lit them.",mantel used by prayer
"He put the candles on the mantel uses prayer after he lit them.",mantel uses prayer
"He put the candles on the mantel using prayer after he lit them.",mantel using prayer
"He put the candles on the mantel that uses prayer after he lit them.",mantel that uses prayer
"He put the candles on the mantel located in prayer after he lit them.",mantel located in prayer
"He put the candles on the mantel located at prayer after he lit them.",mantel located at prayer
"He put the candles on the prayer located in mantel after he lit them.",prayer located in mantel
"He put the candles on the prayer located at mantel after he lit them.",prayer located at mantel
"The guard ran for a distance of one prisonlap before she caught up to him.",prisonlap
"The guard ran for a distance of one lap about prison before she caught up to him.",lap about prison
"The guard ran for a distance of one lap by prison before she caught up to him.",lap by prison
"The guard ran for a distance of one lap caused by prison before she caught up to him.",lap caused by prison
"The guard ran for a distance of one lap causes prison before she caught up to him.",lap causes prison
"The guard ran for a distance of one lap causing prison before she caught up to him.",lap causing prison
"The guard ran for a distance of one lap that causes prison before she caught up to him.",lap that causes prison
"The guard ran for a distance of one lap during prison before she caught up to him.",lap during prison
"The guard ran for a distance of one lap for prison before she caught up to him.",lap for prison
"The guard ran for a distance of one lap from prison before she caught up to him.",lap from prison
"The guard ran for a distance of one lap has prison before she caught up to him.",lap has prison
"The guard ran for a distance of one lap having prison before she caught up to him.",lap having prison
"The guard ran for a distance of one lap that has prison before she caught up to him.",lap that has prison
"The guard ran for a distance of one prison has lap before she caught up to him.",prison has lap
"The guard ran for a distance of one prison having lap before she caught up to him.",prison having lap
"The guard ran for a distance of one prison that has lap before she caught up to him.",prison that has lap
"The guard ran for a distance of one lap is prison before she caught up to him.",lap is prison
"The guard ran for a distance of one lap being prison before she caught up to him.",lap being prison
"The guard ran for a distance of one lap that is prison before she caught up to him.",lap that is prison
"The guard ran for a distance of one lap location is prison before she caught up to him.",lap location is prison
"The guard ran for a distance of one lap whose location is prison before she caught up to him.",lap whose location is prison
"The guard ran for a distance of one lap located on prison before she caught up to him.",lap located on prison
"The guard ran for a distance of one prison location is lap before she caught up to him.",prison location is lap
"The guard ran for a distance of one prison whose location is lap before she caught up to him.",prison whose location is lap
"The guard ran for a distance of one prison located on lap before she caught up to him.",prison located on lap
"The guard ran for a distance of one lap made of prison before she caught up to him.",lap made of prison
"The guard ran for a distance of one lap makes prison before she caught up to him.",lap makes prison
"The guard ran for a distance of one lap making prison before she caught up to him.",lap making prison
"The guard ran for a distance of one lap that makes prison before she caught up to him.",lap that makes prison
"The guard ran for a distance of one lap used by prison before she caught up to him.",lap used by prison
"The guard ran for a distance of one lap uses prison before she caught up to him.",lap uses prison
"The guard ran for a distance of one lap using prison before she caught up to him.",lap using prison
"The guard ran for a distance of one lap that uses prison before she caught up to him.",lap that uses prison
"The guard ran for a distance of one lap located in prison before she caught up to him.",lap located in prison
"The guard ran for a distance of one lap located at prison before she caught up to him.",lap located at prison
"The guard ran for a distance of one prison located in lap before she caught up to him.",prison located in lap
"The guard ran for a distance of one prison located at lap before she caught up to him.",prison located at lap
"Do you think you'll be able to find the prisonlap somewhere around here?",prisonlap
"Do you think you'll be able to find the lap about prison somewhere around here?",lap about prison
"Do you think you'll be able to find the lap by prison somewhere around here?",lap by prison
"Do you think you'll be able to find the lap caused by prison somewhere around here?",lap caused by prison
"Do you think you'll be able to find the lap causes prison somewhere around here?",lap causes prison
"Do you think you'll be able to find the lap causing prison somewhere around here?",lap causing prison
"Do you think you'll be able to find the lap that causes prison somewhere around here?",lap that causes prison
"Do you think you'll be able to find the lap during prison somewhere around here?",lap during prison
"Do you think you'll be able to find the lap for prison somewhere around here?",lap for prison
"Do you think you'll be able to find the lap from prison somewhere around here?",lap from prison
"Do you think you'll be able to find the lap has prison somewhere around here?",lap has prison
"Do you think you'll be able to find the lap having prison somewhere around here?",lap having prison
"Do you think you'll be able to find the lap that has prison somewhere around here?",lap that has prison
"Do you think you'll be able to find the prison has lap somewhere around here?",prison has lap
"Do you think you'll be able to find the prison having lap somewhere around here?",prison having lap
"Do you think you'll be able to find the prison that has lap somewhere around here?",prison that has lap
"Do you think you'll be able to find the lap is prison somewhere around here?",lap is prison
"Do you think you'll be able to find the lap being prison somewhere around here?",lap being prison
"Do you think you'll be able to find the lap that is prison somewhere around here?",lap that is prison
"Do you think you'll be able to find the lap location is prison somewhere around here?",lap location is prison
"Do you think you'll be able to find the lap whose location is prison somewhere around here?",lap whose location is prison
"Do you think you'll be able to find the lap located on prison somewhere around here?",lap located on prison
"Do you think you'll be able to find the prison location is lap somewhere around here?",prison location is lap
"Do you think you'll be able to find the prison whose location is lap somewhere around here?",prison whose location is lap
"Do you think you'll be able to find the prison located on lap somewhere around here?",prison located on lap
"Do you think you'll be able to find the lap made of prison somewhere around here?",lap made of prison
"Do you think you'll be able to find the lap makes prison somewhere around here?",lap makes prison
"Do you think you'll be able to find the lap making prison somewhere around here?",lap making prison
"Do you think you'll be able to find the lap that makes prison somewhere around here?",lap that makes prison
"Do you think you'll be able to find the lap used by prison somewhere around here?",lap used by prison
"Do you think you'll be able to find the lap uses prison somewhere around here?",lap uses prison
"Do you think you'll be able to find the lap using prison somewhere around here?",lap using prison
"Do you think you'll be able to find the lap that uses prison somewhere around here?",lap that uses prison
"Do you think you'll be able to find the lap located in prison somewhere around here?",lap located in prison
"Do you think you'll be able to find the lap located at prison somewhere around here?",lap located at prison
"Do you think you'll be able to find the prison located in lap somewhere around here?",prison located in lap
"Do you think you'll be able to find the prison located at lap somewhere around here?",prison located at lap
"There is a new radiostory for sale at the store.",radiostory
"There is a new story about radio for sale at the store.",story about radio
"There is a new story by radio for sale at the store.",story by radio
"There is a new story caused by radio for sale at the store.",story caused by radio
"There is a new story causes radio for sale at the store.",story causes radio
"There is a new story causing radio for sale at the store.",story causing radio
"There is a new story that causes radio for sale at the store.",story that causes radio
"There is a new story during radio for sale at the store.",story during radio
"There is a new story for radio for sale at the store.",story for radio
"There is a new story from radio for sale at the store.",story from radio
"There is a new story has radio for sale at the store.",story has radio
"There is a new story having radio for sale at the store.",story having radio
"There is a new story that has radio for sale at the store.",story that has radio
"There is a new radio has story for sale at the store.",radio has story
"There is a new radio having story for sale at the store.",radio having story
"There is a new radio that has story for sale at the store.",radio that has story
"There is a new story is radio for sale at the store.",story is radio
"There is a new story being radio for sale at the store.",story being radio
"There is a new story that is radio for sale at the store.",story that is radio
"There is a new story location is radio for sale at the store.",story location is radio
"There is a new story whose location is radio for sale at the store.",story whose location is radio
"There is a new story located on radio for sale at the store.",story located on radio
"There is a new radio location is story for sale at the store.",radio location is story
"There is a new radio whose location is story for sale at the store.",radio whose location is story
"There is a new radio located on story for sale at the store.",radio located on story
"There is a new story made of radio for sale at the store.",story made of radio
"There is a new story makes radio for sale at the store.",story makes radio
"There is a new story making radio for sale at the store.",story making radio
"There is a new story that makes radio for sale at the store.",story that makes radio
"There is a new story used by radio for sale at the store.",story used by radio
"There is a new story uses radio for sale at the store.",story uses radio
"There is a new story using radio for sale at the store.",story using radio
"There is a new story that uses radio for sale at the store.",story that uses radio
"There is a new story located in radio for sale at the store.",story located in radio
"There is a new story located at radio for sale at the store.",story located at radio
"There is a new radio located in story for sale at the store.",radio located in story
"There is a new radio located at story for sale at the store.",radio located at story
"Jake listened to the radiostory in the car on the way to work.",radiostory
"Jake listened to the story about radio in the car on the way to work.",story about radio
"Jake listened to the story by radio in the car on the way to work.",story by radio
"Jake listened to the story caused by radio in the car on the way to work.",story caused by radio
"Jake listened to the story causes radio in the car on the way to work.",story causes radio
"Jake listened to the story causing radio in the car on the way to work.",story causing radio
"Jake listened to the story that causes radio in the car on the way to work.",story that causes radio
"Jake listened to the story during radio in the car on the way to work.",story during radio
"Jake listened to the story for radio in the car on the way to work.",story for radio
"Jake listened to the story from radio in the car on the way to work.",story from radio
"Jake listened to the story has radio in the car on the way to work.",story has radio
"Jake listened to the story having radio in the car on the way to work.",story having radio
"Jake listened to the story that has radio in the car on the way to work.",story that has radio
"Jake listened to the radio has story in the car on the way to work.",radio has story
"Jake listened to the radio having story in the car on the way to work.",radio having story
"Jake listened to the radio that has story in the car on the way to work.",radio that has story
"Jake listened to the story is radio in the car on the way to work.",story is radio
"Jake listened to the story being radio in the car on the way to work.",story being radio
"Jake listened to the story that is radio in the car on the way to work.",story that is radio
"Jake listened to the story location is radio in the car on the way to work.",story location is radio
"Jake listened to the story whose location is radio in the car on the way to work.",story whose location is radio
"Jake listened to the story located on radio in the car on the way to work.",story located on radio
"Jake listened to the radio location is story in the car on the way to work.",radio location is story
"Jake listened to the radio whose location is story in the car on the way to work.",radio whose location is story
"Jake listened to the radio located on story in the car on the way to work.",radio located on story
"Jake listened to the story made of radio in the car on the way to work.",story made of radio
"Jake listened to the story makes radio in the car on the way to work.",story makes radio
"Jake listened to the story making radio in the car on the way to work.",story making radio
"Jake listened to the story that makes radio in the car on the way to work.",story that makes radio
"Jake listened to the story used by radio in the car on the way to work.",story used by radio
"Jake listened to the story uses radio in the car on the way to work.",story uses radio
"Jake listened to the story using radio in the car on the way to work.",story using radio
"Jake listened to the story that uses radio in the car on the way to work.",story that uses radio
"Jake listened to the story located in radio in the car on the way to work.",story located in radio
"Jake listened to the story located at radio in the car on the way to work.",story located at radio
"Jake listened to the radio located in story in the car on the way to work.",radio located in story
"Jake listened to the radio located at story in the car on the way to work.",radio located at story
"Kate threw the ricewig away because it was ruined.",ricewig
"Kate threw the wig about rice away because it was ruined.",wig about rice
"Kate threw the wig by rice away because it was ruined.",wig by rice
"Kate threw the wig caused by rice away because it was ruined.",wig caused by rice
"Kate threw the wig causes rice away because it was ruined.",wig causes rice
"Kate threw the wig causing rice away because it was ruined.",wig causing rice
"Kate threw the wig that causes rice away because it was ruined.",wig that causes rice
"Kate threw the wig during rice away because it was ruined.",wig during rice
"Kate threw the wig for rice away because it was ruined.",wig for rice
"Kate threw the wig from rice away because it was ruined.",wig from rice
"Kate threw the wig has rice away because it was ruined.",wig has rice
"Kate threw the wig having rice away because it was ruined.",wig having rice
"Kate threw the wig that has rice away because it was ruined.",wig that has rice
"Kate threw the rice has wig away because it was ruined.",rice has wig
"Kate threw the rice having wig away because it was ruined.",rice having wig
"Kate threw the rice that has wig away because it was ruined.",rice that has wig
"Kate threw the wig is rice away because it was ruined.",wig is rice
"Kate threw the wig being rice away because it was ruined.",wig being rice
"Kate threw the wig that is rice away because it was ruined.",wig that is rice
"Kate threw the wig location is rice away because it was ruined.",wig location is rice
"Kate threw the wig whose location is rice away because it was ruined.",wig whose location is rice
"Kate threw the wig located on rice away because it was ruined.",wig located on rice
"Kate threw the rice location is wig away because it was ruined.",rice location is wig
"Kate threw the rice whose location is wig away because it was ruined.",rice whose location is wig
"Kate threw the rice located on wig away because it was ruined.",rice located on wig
"Kate threw the wig made of rice away because it was ruined.",wig made of rice
"Kate threw the wig makes rice away because it was ruined.",wig makes rice
"Kate threw the wig making rice away because it was ruined.",wig making rice
"Kate threw the wig that makes rice away because it was ruined.",wig that makes rice
"Kate threw the wig used by rice away because it was ruined.",wig used by rice
"Kate threw the wig uses rice away because it was ruined.",wig uses rice
"Kate threw the wig using rice away because it was ruined.",wig using rice
"Kate threw the wig that uses rice away because it was ruined.",wig that uses rice
"Kate threw the wig located in rice away because it was ruined.",wig located in rice
"Kate threw the wig located at rice away because it was ruined.",wig located at rice
"Kate threw the rice located in wig away because it was ruined.",rice located in wig
"Kate threw the rice located at wig away because it was ruined.",rice located at wig
"She wore a ricewig as part of her costume.",ricewig
"She wore a wig about rice as part of her costume.",wig about rice
"She wore a wig by rice as part of her costume.",wig by rice
"She wore a wig caused by rice as part of her costume.",wig caused by rice
"She wore a wig causes rice as part of her costume.",wig causes rice
"She wore a wig causing rice as part of her costume.",wig causing rice
"She wore a wig that causes rice as part of her costume.",wig that causes rice
"She wore a wig during rice as part of her costume.",wig during rice
"She wore a wig for rice as part of her costume.",wig for rice
"She wore a wig from rice as part of her costume.",wig from rice
"She wore a wig has rice as part of her costume.",wig has rice
"She wore a wig having rice as part of her costume.",wig having rice
"She wore a wig that has rice as part of her costume.",wig that has rice
"She wore a rice has wig as part of her costume.",rice has wig
"She wore a rice having wig as part of her costume.",rice having wig
"She wore a rice that has wig as part of her costume.",rice that has wig
"She wore a wig is rice as part of her costume.",wig is rice
"She wore a wig being rice as part of her costume.",wig being rice
"She wore a wig that is rice as part of her costume.",wig that is rice
"She wore a wig location is rice as part of her costume.",wig location is rice
"She wore a wig whose location is rice as part of her costume.",wig whose location is rice
"She wore a wig located on rice as part of her costume.",wig located on rice
"She wore a rice location is wig as part of her costume.",rice location is wig
"She wore a rice whose location is wig as part of her costume.",rice whose location is wig
"She wore a rice located on wig as part of her costume.",rice located on wig
"She wore a wig made of rice as part of her costume.",wig made of rice
"She wore a wig makes rice as part of her costume.",wig makes rice
"She wore a wig making rice as part of her costume.",wig making rice
"She wore a wig that makes rice as part of her costume.",wig that makes rice
"She wore a wig used by rice as part of her costume.",wig used by rice
"She wore a wig uses rice as part of her costume.",wig uses rice
"She wore a wig using rice as part of her costume.",wig using rice
"She wore a wig that uses rice as part of her costume.",wig that uses rice
"She wore a wig located in rice as part of her costume.",wig located in rice
"She wore a wig located at rice as part of her costume.",wig located at rice
"She wore a rice located in wig as part of her costume.",rice located in wig
"She wore a rice located at wig as part of her costume.",rice located at wig
"She took a gun off the rifleshelf on the wall.",rifleshelf
"She took a gun off the shelf about rifle on the wall.",shelf about rifle
"She took a gun off the shelf by rifle on the wall.",shelf by rifle
"She took a gun off the shelf caused by rifle on the wall.",shelf caused by rifle
"She took a gun off the shelf causes rifle on the wall.",shelf causes rifle
"She took a gun off the shelf causing rifle on the wall.",shelf causing rifle
"She took a gun off the shelf that causes rifle on the wall.",shelf that causes rifle
"She took a gun off the shelf during rifle on the wall.",shelf during rifle
"She took a gun off the shelf for rifle on the wall.",shelf for rifle
"She took a gun off the shelf from rifle on the wall.",shelf from rifle
"She took a gun off the shelf has rifle on the wall.",shelf has rifle
"She took a gun off the shelf having rifle on the wall.",shelf having rifle
"She took a gun off the shelf that has rifle on the wall.",shelf that has rifle
"She took a gun off the rifle has shelf on the wall.",rifle has shelf
"She took a gun off the rifle having shelf on the wall.",rifle having shelf
"She took a gun off the rifle that has shelf on the wall.",rifle that has shelf
"She took a gun off the shelf is rifle on the wall.",shelf is rifle
"She took a gun off the shelf being rifle on the wall.",shelf being rifle
"She took a gun off the shelf that is rifle on the wall.",shelf that is rifle
"She took a gun off the shelf location is rifle on the wall.",shelf location is rifle
"She took a gun off the shelf whose location is rifle on the wall.",shelf whose location is rifle
"She took a gun off the shelf located on rifle on the wall.",shelf located on rifle
"She took a gun off the rifle location is shelf on the wall.",rifle location is shelf
"She took a gun off the rifle whose location is shelf on the wall.",rifle whose location is shelf
"She took a gun off the rifle located on shelf on the wall.",rifle located on shelf
"She took a gun off the shelf made of rifle on the wall.",shelf made of rifle
"She took a gun off the shelf makes rifle on the wall.",shelf makes rifle
"She took a gun off the shelf making rifle on the wall.",shelf making rifle
"She took a gun off the shelf that makes rifle on the wall.",shelf that makes rifle
"She took a gun off the shelf used by rifle on the wall.",shelf used by rifle
"She took a gun off the shelf uses rifle on the wall.",shelf uses rifle
"She took a gun off the shelf using rifle on the wall.",shelf using rifle
"She took a gun off the shelf that uses rifle on the wall.",shelf that uses rifle
"She took a gun off the shelf located in rifle on the wall.",shelf located in rifle
"She took a gun off the shelf located at rifle on the wall.",shelf located at rifle
"She took a gun off the rifle located in shelf on the wall.",rifle located in shelf
"She took a gun off the rifle located at shelf on the wall.",rifle located at shelf
"They were sitting near the rifleshelf in the room.",rifleshelf
"They were sitting near the shelf about rifle in the room.",shelf about rifle
"They were sitting near the shelf by rifle in the room.",shelf by rifle
"They were sitting near the shelf caused by rifle in the room.",shelf caused by rifle
"They were sitting near the shelf causes rifle in the room.",shelf causes rifle
"They were sitting near the shelf causing rifle in the room.",shelf causing rifle
"They were sitting near the shelf that causes rifle in the room.",shelf that causes rifle
"They were sitting near the shelf during rifle in the room.",shelf during rifle
"They were sitting near the shelf for rifle in the room.",shelf for rifle
"They were sitting near the shelf from rifle in the room.",shelf from rifle
"They were sitting near the shelf has rifle in the room.",shelf has rifle
"They were sitting near the shelf having rifle in the room.",shelf having rifle
"They were sitting near the shelf that has rifle in the room.",shelf that has rifle
"They were sitting near the rifle has shelf in the room.",rifle has shelf
"They were sitting near the rifle having shelf in the room.",rifle having shelf
"They were sitting near the rifle that has shelf in the room.",rifle that has shelf
"They were sitting near the shelf is rifle in the room.",shelf is rifle
"They were sitting near the shelf being rifle in the room.",shelf being rifle
"They were sitting near the shelf that is rifle in the room.",shelf that is rifle
"They were sitting near the shelf location is rifle in the room.",shelf location is rifle
"They were sitting near the shelf whose location is rifle in the room.",shelf whose location is rifle
"They were sitting near the shelf located on rifle in the room.",shelf located on rifle
"They were sitting near the rifle location is shelf in the room.",rifle location is shelf
"They were sitting near the rifle whose location is shelf in the room.",rifle whose location is shelf
"They were sitting near the rifle located on shelf in the room.",rifle located on shelf
"They were sitting near the shelf made of rifle in the room.",shelf made of rifle
"They were sitting near the shelf makes rifle in the room.",shelf makes rifle
"They were sitting near the shelf making rifle in the room.",shelf making rifle
"They were sitting near the shelf that makes rifle in the room.",shelf that makes rifle
"They were sitting near the shelf used by rifle in the room.",shelf used by rifle
"They were sitting near the shelf uses rifle in the room.",shelf uses rifle
"They were sitting near the shelf using rifle in the room.",shelf using rifle
"They were sitting near the shelf that uses rifle in the room.",shelf that uses rifle
"They were sitting near the shelf located in rifle in the room.",shelf located in rifle
"They were sitting near the shelf located at rifle in the room.",shelf located at rifle
"They were sitting near the rifle located in shelf in the room.",rifle located in shelf
"They were sitting near the rifle located at shelf in the room.",rifle located at shelf
"She got some roadcheese when she was at the mall.",roadcheese
"She got some cheese about road when she was at the mall.",cheese about road
"She got some cheese by road when she was at the mall.",cheese by road
"She got some cheese caused by road when she was at the mall.",cheese caused by road
"She got some cheese causes road when she was at the mall.",cheese causes road
"She got some cheese causing road when she was at the mall.",cheese causing road
"She got some cheese that causes road when she was at the mall.",cheese that causes road
"She got some cheese during road when she was at the mall.",cheese during road
"She got some cheese for road when she was at the mall.",cheese for road
"She got some cheese from road when she was at the mall.",cheese from road
"She got some cheese has road when she was at the mall.",cheese has road
"She got some cheese having road when she was at the mall.",cheese having road
"She got some cheese that has road when she was at the mall.",cheese that has road
"She got some road has cheese when she was at the mall.",road has cheese
"She got some road having cheese when she was at the mall.",road having cheese
"She got some road that has cheese when she was at the mall.",road that has cheese
"She got some cheese is road when she was at the mall.",cheese is road
"She got some cheese being road when she was at the mall.",cheese being road
"She got some cheese that is road when she was at the mall.",cheese that is road
"She got some cheese location is road when she was at the mall.",cheese location is road
"She got some cheese whose location is road when she was at the mall.",cheese whose location is road
"She got some cheese located on road when she was at the mall.",cheese located on road
"She got some road location is cheese when she was at the mall.",road location is cheese
"She got some road whose location is cheese when she was at the mall.",road whose location is cheese
"She got some road located on cheese when she was at the mall.",road located on cheese
"She got some cheese made of road when she was at the mall.",cheese made of road
"She got some cheese makes road when she was at the mall.",cheese makes road
"She got some cheese making road when she was at the mall.",cheese making road
"She got some cheese that makes road when she was at the mall.",cheese that makes road
"She got some cheese used by road when she was at the mall.",cheese used by road
"She got some cheese uses road when she was at the mall.",cheese uses road
"She got some cheese using road when she was at the mall.",cheese using road
"She got some cheese that uses road when she was at the mall.",cheese that uses road
"She got some cheese located in road when she was at the mall.",cheese located in road
"She got some cheese located at road when she was at the mall.",cheese located at road
"She got some road located in cheese when she was at the mall.",road located in cheese
"She got some road located at cheese when she was at the mall.",road located at cheese
"When Greg got into the car, he ate the roadcheese he brought with him.",roadcheese
"When Greg got into the car, he ate the cheese about road he brought with him.",cheese about road
"When Greg got into the car, he ate the cheese by road he brought with him.",cheese by road
"When Greg got into the car, he ate the cheese caused by road he brought with him.",cheese caused by road
"When Greg got into the car, he ate the cheese causes road he brought with him.",cheese causes road
"When Greg got into the car, he ate the cheese causing road he brought with him.",cheese causing road
"When Greg got into the car, he ate the cheese that causes road he brought with him.",cheese that causes road
"When Greg got into the car, he ate the cheese during road he brought with him.",cheese during road
"When Greg got into the car, he ate the cheese for road he brought with him.",cheese for road
"When Greg got into the car, he ate the cheese from road he brought with him.",cheese from road
"When Greg got into the car, he ate the cheese has road he brought with him.",cheese has road
"When Greg got into the car, he ate the cheese having road he brought with him.",cheese having road
"When Greg got into the car, he ate the cheese that has road he brought with him.",cheese that has road
"When Greg got into the car, he ate the road has cheese he brought with him.",road has cheese
"When Greg got into the car, he ate the road having cheese he brought with him.",road having cheese
"When Greg got into the car, he ate the road that has cheese he brought with him.",road that has cheese
"When Greg got into the car, he ate the cheese is road he brought with him.",cheese is road
"When Greg got into the car, he ate the cheese being road he brought with him.",cheese being road
"When Greg got into the car, he ate the cheese that is road he brought with him.",cheese that is road
"When Greg got into the car, he ate the cheese location is road he brought with him.",cheese location is road
"When Greg got into the car, he ate the cheese whose location is road he brought with him.",cheese whose location is road
"When Greg got into the car, he ate the cheese located on road he brought with him.",cheese located on road
"When Greg got into the car, he ate the road location is cheese he brought with him.",road location is cheese
"When Greg got into the car, he ate the road whose location is cheese he brought with him.",road whose location is cheese
"When Greg got into the car, he ate the road located on cheese he brought with him.",road located on cheese
"When Greg got into the car, he ate the cheese made of road he brought with him.",cheese made of road
"When Greg got into the car, he ate the cheese makes road he brought with him.",cheese makes road
"When Greg got into the car, he ate the cheese making road he brought with him.",cheese making road
"When Greg got into the car, he ate the cheese that makes road he brought with him.",cheese that makes road
"When Greg got into the car, he ate the cheese used by road he brought with him.",cheese used by road
"When Greg got into the car, he ate the cheese uses road he brought with him.",cheese uses road
"When Greg got into the car, he ate the cheese using road he brought with him.",cheese using road
"When Greg got into the car, he ate the cheese that uses road he brought with him.",cheese that uses road
"When Greg got into the car, he ate the cheese located in road he brought with him.",cheese located in road
"When Greg got into the car, he ate the cheese located at road he brought with him.",cheese located at road
"When Greg got into the car, he ate the road located in cheese he brought with him.",road located in cheese
"When Greg got into the car, he ate the road located at cheese he brought with him.",road located at cheese
"The construction worker placed the roofbrick on top of the wall.",roofbrick
"The construction worker placed the brick about roof on top of the wall.",brick about roof
"The construction worker placed the brick by roof on top of the wall.",brick by roof
"The construction worker placed the brick caused by roof on top of the wall.",brick caused by roof
"The construction worker placed the brick causes roof on top of the wall.",brick causes roof
"The construction worker placed the brick causing roof on top of the wall.",brick causing roof
"The construction worker placed the brick that causes roof on top of the wall.",brick that causes roof
"The construction worker placed the brick during roof on top of the wall.",brick during roof
"The construction worker placed the brick for roof on top of the wall.",brick for roof
"The construction worker placed the brick from roof on top of the wall.",brick from roof
"The construction worker placed the brick has roof on top of the wall.",brick has roof
"The construction worker placed the brick having roof on top of the wall.",brick having roof
"The construction worker placed the brick that has roof on top of the wall.",brick that has roof
"The construction worker placed the roof has brick on top of the wall.",roof has brick
"The construction worker placed the roof having brick on top of the wall.",roof having brick
"The construction worker placed the roof that has brick on top of the wall.",roof that has brick
"The construction worker placed the brick is roof on top of the wall.",brick is roof
"The construction worker placed the brick being roof on top of the wall.",brick being roof
"The construction worker placed the brick that is roof on top of the wall.",brick that is roof
"The construction worker placed the brick location is roof on top of the wall.",brick location is roof
"The construction worker placed the brick whose location is roof on top of the wall.",brick whose location is roof
"The construction worker placed the brick located on roof on top of the wall.",brick located on roof
"The construction worker placed the roof location is brick on top of the wall.",roof location is brick
"The construction worker placed the roof whose location is brick on top of the wall.",roof whose location is brick
"The construction worker placed the roof located on brick on top of the wall.",roof located on brick
"The construction worker placed the brick made of roof on top of the wall.",brick made of roof
"The construction worker placed the brick makes roof on top of the wall.",brick makes roof
"The construction worker placed the brick making roof on top of the wall.",brick making roof
"The construction worker placed the brick that makes roof on top of the wall.",brick that makes roof
"The construction worker placed the brick used by roof on top of the wall.",brick used by roof
"The construction worker placed the brick uses roof on top of the wall.",brick uses roof
"The construction worker placed the brick using roof on top of the wall.",brick using roof
"The construction worker placed the brick that uses roof on top of the wall.",brick that uses roof
"The construction worker placed the brick located in roof on top of the wall.",brick located in roof
"The construction worker placed the brick located at roof on top of the wall.",brick located at roof
"The construction worker placed the roof located in brick on top of the wall.",roof located in brick
"The construction worker placed the roof located at brick on top of the wall.",roof located at brick
"Dave got another roofbrick for Sally.",roofbrick
"Dave got another brick about roof for Sally.",brick about roof
"Dave got another brick by roof for Sally.",brick by roof
"Dave got another brick caused by roof for Sally.",brick caused by roof
"Dave got another brick causes roof for Sally.",brick causes roof
"Dave got another brick causing roof for Sally.",brick causing roof
"Dave got another brick that causes roof for Sally.",brick that causes roof
"Dave got another brick during roof for Sally.",brick during roof
"Dave got another brick for roof for Sally.",brick for roof
"Dave got another brick from roof for Sally.",brick from roof
"Dave got another brick has roof for Sally.",brick has roof
"Dave got another brick having roof for Sally.",brick having roof
"Dave got another brick that has roof for Sally.",brick that has roof
"Dave got another roof has brick for Sally.",roof has brick
"Dave got another roof having brick for Sally.",roof having brick
"Dave got another roof that has brick for Sally.",roof that has brick
"Dave got another brick is roof for Sally.",brick is roof
"Dave got another brick being roof for Sally.",brick being roof
"Dave got another brick that is roof for Sally.",brick that is roof
"Dave got another brick location is roof for Sally.",brick location is roof
"Dave got another brick whose location is roof for Sally.",brick whose location is roof
"Dave got another brick located on roof for Sally.",brick located on roof
"Dave got another roof location is brick for Sally.",roof location is brick
"Dave got another roof whose location is brick for Sally.",roof whose location is brick
"Dave got another roof located on brick for Sally.",roof located on brick
"Dave got another brick made of roof for Sally.",brick made of roof
"Dave got another brick makes roof for Sally.",brick makes roof
"Dave got another brick making roof for Sally.",brick making roof
"Dave got another brick that makes roof for Sally.",brick that makes roof
"Dave got another brick used by roof for Sally.",brick used by roof
"Dave got another brick uses roof for Sally.",brick uses roof
"Dave got another brick using roof for Sally.",brick using roof
"Dave got another brick that uses roof for Sally.",brick that uses roof
"Dave got another brick located in roof for Sally.",brick located in roof
"Dave got another brick located at roof for Sally.",brick located at roof
"Dave got another roof located in brick for Sally.",roof located in brick
"Dave got another roof located at brick for Sally.",roof located at brick
"The people at the movie theatre on the screenday celebrated it together.",screenday
"The people at the movie theatre on the day about screen celebrated it together.",day about screen
"The people at the movie theatre on the day by screen celebrated it together.",day by screen
"The people at the movie theatre on the day caused by screen celebrated it together.",day caused by screen
"The people at the movie theatre on the day causes screen celebrated it together.",day causes screen
"The people at the movie theatre on the day causing screen celebrated it together.",day causing screen
"The people at the movie theatre on the day that causes screen celebrated it together.",day that causes screen
"The people at the movie theatre on the day during screen celebrated it together.",day during screen
"The people at the movie theatre on the day for screen celebrated it together.",day for screen
"The people at the movie theatre on the day from screen celebrated it together.",day from screen
"The people at the movie theatre on the day has screen celebrated it together.",day has screen
"The people at the movie theatre on the day having screen celebrated it together.",day having screen
"The people at the movie theatre on the day that has screen celebrated it together.",day that has screen
"The people at the movie theatre on the screen has day celebrated it together.",screen has day
"The people at the movie theatre on the screen having day celebrated it together.",screen having day
"The people at the movie theatre on the screen that has day celebrated it together.",screen that has day
"The people at the movie theatre on the day is screen celebrated it together.",day is screen
"The people at the movie theatre on the day being screen celebrated it together.",day being screen
"The people at the movie theatre on the day that is screen celebrated it together.",day that is screen
"The people at the movie theatre on the day location is screen celebrated it together.",day location is screen
"The people at the movie theatre on the day whose location is screen celebrated it together.",day whose location is screen
"The people at the movie theatre on the day located on screen celebrated it together.",day located on screen
"The people at the movie theatre on the screen location is day celebrated it together.",screen location is day
"The people at the movie theatre on the screen whose location is day celebrated it together.",screen whose location is day
"The people at the movie theatre on the screen located on day celebrated it together.",screen located on day
"The people at the movie theatre on the day made of screen celebrated it together.",day made of screen
"The people at the movie theatre on the day makes screen celebrated it together.",day makes screen
"The people at the movie theatre on the day making screen celebrated it together.",day making screen
"The people at the movie theatre on the day that makes screen celebrated it together.",day that makes screen
"The people at the movie theatre on the day used by screen celebrated it together.",day used by screen
"The people at the movie theatre on the day uses screen celebrated it together.",day uses screen
"The people at the movie theatre on the day using screen celebrated it together.",day using screen
"The people at the movie theatre on the day that uses screen celebrated it together.",day that uses screen
"The people at the movie theatre on the day located in screen celebrated it together.",day located in screen
"The people at the movie theatre on the day located at screen celebrated it together.",day located at screen
"The people at the movie theatre on the screen located in day celebrated it together.",screen located in day
"The people at the movie theatre on the screen located at day celebrated it together.",screen located at day
"The students got a screenday last month.",screenday
"The students got a day about screen last month.",day about screen
"The students got a day by screen last month.",day by screen
"The students got a day caused by screen last month.",day caused by screen
"The students got a day causes screen last month.",day causes screen
"The students got a day causing screen last month.",day causing screen
"The students got a day that causes screen last month.",day that causes screen
"The students got a day during screen last month.",day during screen
"The students got a day for screen last month.",day for screen
"The students got a day from screen last month.",day from screen
"The students got a day has screen last month.",day has screen
"The students got a day having screen last month.",day having screen
"The students got a day that has screen last month.",day that has screen
"The students got a screen has day last month.",screen has day
"The students got a screen having day last month.",screen having day
"The students got a screen that has day last month.",screen that has day
"The students got a day is screen last month.",day is screen
"The students got a day being screen last month.",day being screen
"The students got a day that is screen last month.",day that is screen
"The students got a day location is screen last month.",day location is screen
"The students got a day whose location is screen last month.",day whose location is screen
"The students got a day located on screen last month.",day located on screen
"The students got a screen location is day last month.",screen location is day
"The students got a screen whose location is day last month.",screen whose location is day
"The students got a screen located on day last month.",screen located on day
"The students got a day made of screen last month.",day made of screen
"The students got a day makes screen last month.",day makes screen
"The students got a day making screen last month.",day making screen
"The students got a day that makes screen last month.",day that makes screen
"The students got a day used by screen last month.",day used by screen
"The students got a day uses screen last month.",day uses screen
"The students got a day using screen last month.",day using screen
"The students got a day that uses screen last month.",day that uses screen
"The students got a day located in screen last month.",day located in screen
"The students got a day located at screen last month.",day located at screen
"The students got a screen located in day last month.",screen located in day
"The students got a screen located at day last month.",screen located at day
"The boy found a sealeaf in the garden and showed it to his mother.",sealeaf
"The boy found a leaf about sea in the garden and showed it to his mother.",leaf about sea
"The boy found a leaf by sea in the garden and showed it to his mother.",leaf by sea
"The boy found a leaf caused by sea in the garden and showed it to his mother.",leaf caused by sea
"The boy found a leaf causes sea in the garden and showed it to his mother.",leaf causes sea
"The boy found a leaf causing sea in the garden and showed it to his mother.",leaf causing sea
"The boy found a leaf that causes sea in the garden and showed it to his mother.",leaf that causes sea
"The boy found a leaf during sea in the garden and showed it to his mother.",leaf during sea
"The boy found a leaf for sea in the garden and showed it to his mother.",leaf for sea
"The boy found a leaf from sea in the garden and showed it to his mother.",leaf from sea
"The boy found a leaf has sea in the garden and showed it to his mother.",leaf has sea
"The boy found a leaf having sea in the garden and showed it to his mother.",leaf having sea
"The boy found a leaf that has sea in the garden and showed it to his mother.",leaf that has sea
"The boy found a sea has leaf in the garden and showed it to his mother.",sea has leaf
"The boy found a sea having leaf in the garden and showed it to his mother.",sea having leaf
"The boy found a sea that has leaf in the garden and showed it to his mother.",sea that has leaf
"The boy found a leaf is sea in the garden and showed it to his mother.",leaf is sea
"The boy found a leaf being sea in the garden and showed it to his mother.",leaf being sea
"The boy found a leaf that is sea in the garden and showed it to his mother.",leaf that is sea
"The boy found a leaf location is sea in the garden and showed it to his mother.",leaf location is sea
"The boy found a leaf whose location is sea in the garden and showed it to his mother.",leaf whose location is sea
"The boy found a leaf located on sea in the garden and showed it to his mother.",leaf located on sea
"The boy found a sea location is leaf in the garden and showed it to his mother.",sea location is leaf
"The boy found a sea whose location is leaf in the garden and showed it to his mother.",sea whose location is leaf
"The boy found a sea located on leaf in the garden and showed it to his mother.",sea located on leaf
"The boy found a leaf made of sea in the garden and showed it to his mother.",leaf made of sea
"The boy found a leaf makes sea in the garden and showed it to his mother.",leaf makes sea
"The boy found a leaf making sea in the garden and showed it to his mother.",leaf making sea
"The boy found a leaf that makes sea in the garden and showed it to his mother.",leaf that makes sea
"The boy found a leaf used by sea in the garden and showed it to his mother.",leaf used by sea
"The boy found a leaf uses sea in the garden and showed it to his mother.",leaf uses sea
"The boy found a leaf using sea in the garden and showed it to his mother.",leaf using sea
"The boy found a leaf that uses sea in the garden and showed it to his mother.",leaf that uses sea
"The boy found a leaf located in sea in the garden and showed it to his mother.",leaf located in sea
"The boy found a leaf located at sea in the garden and showed it to his mother.",leaf located at sea
"The boy found a sea located in leaf in the garden and showed it to his mother.",sea located in leaf
"The boy found a sea located at leaf in the garden and showed it to his mother.",sea located at leaf
"Did she put the sealeaf she bought in her bag?",sealeaf
"Did she put the leaf about sea she bought in her bag?",leaf about sea
"Did she put the leaf by sea she bought in her bag?",leaf by sea
"Did she put the leaf caused by sea she bought in her bag?",leaf caused by sea
"Did she put the leaf causes sea she bought in her bag?",leaf causes sea
"Did she put the leaf causing sea she bought in her bag?",leaf causing sea
"Did she put the leaf that causes sea she bought in her bag?",leaf that causes sea
"Did she put the leaf during sea she bought in her bag?",leaf during sea
"Did she put the leaf for sea she bought in her bag?",leaf for sea
"Did she put the leaf from sea she bought in her bag?",leaf from sea
"Did she put the leaf has sea she bought in her bag?",leaf has sea
"Did she put the leaf having sea she bought in her bag?",leaf having sea
"Did she put the leaf that has sea she bought in her bag?",leaf that has sea
"Did she put the sea has leaf she bought in her bag?",sea has leaf
"Did she put the sea having leaf she bought in her bag?",sea having leaf
"Did she put the sea that has leaf she bought in her bag?",sea that has leaf
"Did she put the leaf is sea she bought in her bag?",leaf is sea
"Did she put the leaf being sea she bought in her bag?",leaf being sea
"Did she put the leaf that is sea she bought in her bag?",leaf that is sea
"Did she put the leaf location is sea she bought in her bag?",leaf location is sea
"Did she put the leaf whose location is sea she bought in her bag?",leaf whose location is sea
"Did she put the leaf located on sea she bought in her bag?",leaf located on sea
"Did she put the sea location is leaf she bought in her bag?",sea location is leaf
"Did she put the sea whose location is leaf she bought in her bag?",sea whose location is leaf
"Did she put the sea located on leaf she bought in her bag?",sea located on leaf
"Did she put the leaf made of sea she bought in her bag?",leaf made of sea
"Did she put the leaf makes sea she bought in her bag?",leaf makes sea
"Did she put the leaf making sea she bought in her bag?",leaf making sea
"Did she put the leaf that makes sea she bought in her bag?",leaf that makes sea
"Did she put the leaf used by sea she bought in her bag?",leaf used by sea
"Did she put the leaf uses sea she bought in her bag?",leaf uses sea
"Did she put the leaf using sea she bought in her bag?",leaf using sea
"Did she put the leaf that uses sea she bought in her bag?",leaf that uses sea
"Did she put the leaf located in sea she bought in her bag?",leaf located in sea
"Did she put the leaf located at sea she bought in her bag?",leaf located at sea
"Did she put the sea located in leaf she bought in her bag?",sea located in leaf
"Did she put the sea located at leaf she bought in her bag?",sea located at leaf
"The woman found a new seatcone in the box.",seatcone
"The woman found a new cone about seat in the box.",cone about seat
"The woman found a new cone by seat in the box.",cone by seat
"The woman found a new cone caused by seat in the box.",cone caused by seat
"The woman found a new cone causes seat in the box.",cone causes seat
"The woman found a new cone causing seat in the box.",cone causing seat
"The woman found a new cone that causes seat in the box.",cone that causes seat
"The woman found a new cone during seat in the box.",cone during seat
"The woman found a new cone for seat in the box.",cone for seat
"The woman found a new cone from seat in the box.",cone from seat
"The woman found a new cone has seat in the box.",cone has seat
"The woman found a new cone having seat in the box.",cone having seat
"The woman found a new cone that has seat in the box.",cone that has seat
"The woman found a new seat has cone in the box.",seat has cone
"The woman found a new seat having cone in the box.",seat having cone
"The woman found a new seat that has cone in the box.",seat that has cone
"The woman found a new cone is seat in the box.",cone is seat
"The woman found a new cone being seat in the box.",cone being seat
"The woman found a new cone that is seat in the box.",cone that is seat
"The woman found a new cone location is seat in the box.",cone location is seat
"The woman found a new cone whose location is seat in the box.",cone whose location is seat
"The woman found a new cone located on seat in the box.",cone located on seat
"The woman found a new seat location is cone in the box.",seat location is cone
"The woman found a new seat whose location is cone in the box.",seat whose location is cone
"The woman found a new seat located on cone in the box.",seat located on cone
"The woman found a new cone made of seat in the box.",cone made of seat
"The woman found a new cone makes seat in the box.",cone makes seat
"The woman found a new cone making seat in the box.",cone making seat
"The woman found a new cone that makes seat in the box.",cone that makes seat
"The woman found a new cone used by seat in the box.",cone used by seat
"The woman found a new cone uses seat in the box.",cone uses seat
"The woman found a new cone using seat in the box.",cone using seat
"The woman found a new cone that uses seat in the box.",cone that uses seat
"The woman found a new cone located in seat in the box.",cone located in seat
"The woman found a new cone located at seat in the box.",cone located at seat
"The woman found a new seat located in cone in the box.",seat located in cone
"The woman found a new seat located at cone in the box.",seat located at cone
"The man sat down on the seatcone when he needed to rest.",seatcone
"The man sat down on the cone about seat when he needed to rest.",cone about seat
"The man sat down on the cone by seat when he needed to rest.",cone by seat
"The man sat down on the cone caused by seat when he needed to rest.",cone caused by seat
"The man sat down on the cone causes seat when he needed to rest.",cone causes seat
"The man sat down on the cone causing seat when he needed to rest.",cone causing seat
"The man sat down on the cone that causes seat when he needed to rest.",cone that causes seat
"The man sat down on the cone during seat when he needed to rest.",cone during seat
"The man sat down on the cone for seat when he needed to rest.",cone for seat
"The man sat down on the cone from seat when he needed to rest.",cone from seat
"The man sat down on the cone has seat when he needed to rest.",cone has seat
"The man sat down on the cone having seat when he needed to rest.",cone having seat
"The man sat down on the cone that has seat when he needed to rest.",cone that has seat
"The man sat down on the seat has cone when he needed to rest.",seat has cone
"The man sat down on the seat having cone when he needed to rest.",seat having cone
"The man sat down on the seat that has cone when he needed to rest.",seat that has cone
"The man sat down on the cone is seat when he needed to rest.",cone is seat
"The man sat down on the cone being seat when he needed to rest.",cone being seat
"The man sat down on the cone that is seat when he needed to rest.",cone that is seat
"The man sat down on the cone location is seat when he needed to rest.",cone location is seat
"The man sat down on the cone whose location is seat when he needed to rest.",cone whose location is seat
"The man sat down on the cone located on seat when he needed to rest.",cone located on seat
"The man sat down on the seat location is cone when he needed to rest.",seat location is cone
"The man sat down on the seat whose location is cone when he needed to rest.",seat whose location is cone
"The man sat down on the seat located on cone when he needed to rest.",seat located on cone
"The man sat down on the cone made of seat when he needed to rest.",cone made of seat
"The man sat down on the cone makes seat when he needed to rest.",cone makes seat
"The man sat down on the cone making seat when he needed to rest.",cone making seat
"The man sat down on the cone that makes seat when he needed to rest.",cone that makes seat
"The man sat down on the cone used by seat when he needed to rest.",cone used by seat
"The man sat down on the cone uses seat when he needed to rest.",cone uses seat
"The man sat down on the cone using seat when he needed to rest.",cone using seat
"The man sat down on the cone that uses seat when he needed to rest.",cone that uses seat
"The man sat down on the cone located in seat when he needed to rest.",cone located in seat
"The man sat down on the cone located at seat when he needed to rest.",cone located at seat
"The man sat down on the seat located in cone when he needed to rest.",seat located in cone
"The man sat down on the seat located at cone when he needed to rest.",seat located at cone
"She spread some of the shirtcream on her sweater.",shirtcream
"She spread some of the cream about shirt on her sweater.",cream about shirt
"She spread some of the cream by shirt on her sweater.",cream by shirt
"She spread some of the cream caused by shirt on her sweater.",cream caused by shirt
"She spread some of the cream causes shirt on her sweater.",cream causes shirt
"She spread some of the cream causing shirt on her sweater.",cream causing shirt
"She spread some of the cream that causes shirt on her sweater.",cream that causes shirt
"She spread some of the cream during shirt on her sweater.",cream during shirt
"She spread some of the cream for shirt on her sweater.",cream for shirt
"She spread some of the cream from shirt on her sweater.",cream from shirt
"She spread some of the cream has shirt on her sweater.",cream has shirt
"She spread some of the cream having shirt on her sweater.",cream having shirt
"She spread some of the cream that has shirt on her sweater.",cream that has shirt
"She spread some of the shirt has cream on her sweater.",shirt has cream
"She spread some of the shirt having cream on her sweater.",shirt having cream
"She spread some of the shirt that has cream on her sweater.",shirt that has cream
"She spread some of the cream is shirt on her sweater.",cream is shirt
"She spread some of the cream being shirt on her sweater.",cream being shirt
"She spread some of the cream that is shirt on her sweater.",cream that is shirt
"She spread some of the cream location is shirt on her sweater.",cream location is shirt
"She spread some of the cream whose location is shirt on her sweater.",cream whose location is shirt
"She spread some of the cream located on shirt on her sweater.",cream located on shirt
"She spread some of the shirt location is cream on her sweater.",shirt location is cream
"She spread some of the shirt whose location is cream on her sweater.",shirt whose location is cream
"She spread some of the shirt located on cream on her sweater.",shirt located on cream
"She spread some of the cream made of shirt on her sweater.",cream made of shirt
"She spread some of the cream makes shirt on her sweater.",cream makes shirt
"She spread some of the cream making shirt on her sweater.",cream making shirt
"She spread some of the cream that makes shirt on her sweater.",cream that makes shirt
"She spread some of the cream used by shirt on her sweater.",cream used by shirt
"She spread some of the cream uses shirt on her sweater.",cream uses shirt
"She spread some of the cream using shirt on her sweater.",cream using shirt
"She spread some of the cream that uses shirt on her sweater.",cream that uses shirt
"She spread some of the cream located in shirt on her sweater.",cream located in shirt
"She spread some of the cream located at shirt on her sweater.",cream located at shirt
"She spread some of the shirt located in cream on her sweater.",shirt located in cream
"She spread some of the shirt located at cream on her sweater.",shirt located at cream
"They forgot to order more shirtcream when they ran out.",shirtcream
"They forgot to order more cream about shirt when they ran out.",cream about shirt
"They forgot to order more cream by shirt when they ran out.",cream by shirt
"They forgot to order more cream caused by shirt when they ran out.",cream caused by shirt
"They forgot to order more cream causes shirt when they ran out.",cream causes shirt
"They forgot to order more cream causing shirt when they ran out.",cream causing shirt
"They forgot to order more cream that causes shirt when they ran out.",cream that causes shirt
"They forgot to order more cream during shirt when they ran out.",cream during shirt
"They forgot to order more cream for shirt when they ran out.",cream for shirt
"They forgot to order more cream from shirt when they ran out.",cream from shirt
"They forgot to order more cream has shirt when they ran out.",cream has shirt
"They forgot to order more cream having shirt when they ran out.",cream having shirt
"They forgot to order more cream that has shirt when they ran out.",cream that has shirt
"They forgot to order more shirt has cream when they ran out.",shirt has cream
"They forgot to order more shirt having cream when they ran out.",shirt having cream
"They forgot to order more shirt that has cream when they ran out.",shirt that has cream
"They forgot to order more cream is shirt when they ran out.",cream is shirt
"They forgot to order more cream being shirt when they ran out.",cream being shirt
"They forgot to order more cream that is shirt when they ran out.",cream that is shirt
"They forgot to order more cream location is shirt when they ran out.",cream location is shirt
"They forgot to order more cream whose location is shirt when they ran out.",cream whose location is shirt
"They forgot to order more cream located on shirt when they ran out.",cream located on shirt
"They forgot to order more shirt location is cream when they ran out.",shirt location is cream
"They forgot to order more shirt whose location is cream when they ran out.",shirt whose location is cream
"They forgot to order more shirt located on cream when they ran out.",shirt located on cream
"They forgot to order more cream made of shirt when they ran out.",cream made of shirt
"They forgot to order more cream makes shirt when they ran out.",cream makes shirt
"They forgot to order more cream making shirt when they ran out.",cream making shirt
"They forgot to order more cream that makes shirt when they ran out.",cream that makes shirt
"They forgot to order more cream used by shirt when they ran out.",cream used by shirt
"They forgot to order more cream uses shirt when they ran out.",cream uses shirt
"They forgot to order more cream using shirt when they ran out.",cream using shirt
"They forgot to order more cream that uses shirt when they ran out.",cream that uses shirt
"They forgot to order more cream located in shirt when they ran out.",cream located in shirt
"They forgot to order more cream located at shirt when they ran out.",cream located at shirt
"They forgot to order more shirt located in cream when they ran out.",shirt located in cream
"They forgot to order more shirt located at cream when they ran out.",shirt located at cream
"He sold his shoecycle because he didn't need it anymore.",shoecycle
"He sold his cycle about shoe because he didn't need it anymore.",cycle about shoe
"He sold his cycle by shoe because he didn't need it anymore.",cycle by shoe
"He sold his cycle caused by shoe because he didn't need it anymore.",cycle caused by shoe
"He sold his cycle causes shoe because he didn't need it anymore.",cycle causes shoe
"He sold his cycle causing shoe because he didn't need it anymore.",cycle causing shoe
"He sold his cycle that causes shoe because he didn't need it anymore.",cycle that causes shoe
"He sold his cycle during shoe because he didn't need it anymore.",cycle during shoe
"He sold his cycle for shoe because he didn't need it anymore.",cycle for shoe
"He sold his cycle from shoe because he didn't need it anymore.",cycle from shoe
"He sold his cycle has shoe because he didn't need it anymore.",cycle has shoe
"He sold his cycle having shoe because he didn't need it anymore.",cycle having shoe
"He sold his cycle that has shoe because he didn't need it anymore.",cycle that has shoe
"He sold his shoe has cycle because he didn't need it anymore.",shoe has cycle
"He sold his shoe having cycle because he didn't need it anymore.",shoe having cycle
"He sold his shoe that has cycle because he didn't need it anymore.",shoe that has cycle
"He sold his cycle is shoe because he didn't need it anymore.",cycle is shoe
"He sold his cycle being shoe because he didn't need it anymore.",cycle being shoe
"He sold his cycle that is shoe because he didn't need it anymore.",cycle that is shoe
"He sold his cycle location is shoe because he didn't need it anymore.",cycle location is shoe
"He sold his cycle whose location is shoe because he didn't need it anymore.",cycle whose location is shoe
"He sold his cycle located on shoe because he didn't need it anymore.",cycle located on shoe
"He sold his shoe location is cycle because he didn't need it anymore.",shoe location is cycle
"He sold his shoe whose location is cycle because he didn't need it anymore.",shoe whose location is cycle
"He sold his shoe located on cycle because he didn't need it anymore.",shoe located on cycle
"He sold his cycle made of shoe because he didn't need it anymore.",cycle made of shoe
"He sold his cycle makes shoe because he didn't need it anymore.",cycle makes shoe
"He sold his cycle making shoe because he didn't need it anymore.",cycle making shoe
"He sold his cycle that makes shoe because he didn't need it anymore.",cycle that makes shoe
"He sold his cycle used by shoe because he didn't need it anymore.",cycle used by shoe
"He sold his cycle uses shoe because he didn't need it anymore.",cycle uses shoe
"He sold his cycle using shoe because he didn't need it anymore.",cycle using shoe
"He sold his cycle that uses shoe because he didn't need it anymore.",cycle that uses shoe
"He sold his cycle located in shoe because he didn't need it anymore.",cycle located in shoe
"He sold his cycle located at shoe because he didn't need it anymore.",cycle located at shoe
"He sold his shoe located in cycle because he didn't need it anymore.",shoe located in cycle
"He sold his shoe located at cycle because he didn't need it anymore.",shoe located at cycle
"Jen took her sneakers from the shoecycle and put them on.",shoecycle
"Jen took her sneakers from the cycle about shoe and put them on.",cycle about shoe
"Jen took her sneakers from the cycle by shoe and put them on.",cycle by shoe
"Jen took her sneakers from the cycle caused by shoe and put them on.",cycle caused by shoe
"Jen took her sneakers from the cycle causes shoe and put them on.",cycle causes shoe
"Jen took her sneakers from the cycle causing shoe and put them on.",cycle causing shoe
"Jen took her sneakers from the cycle that causes shoe and put them on.",cycle that causes shoe
"Jen took her sneakers from the cycle during shoe and put them on.",cycle during shoe
"Jen took her sneakers from the cycle for shoe and put them on.",cycle for shoe
"Jen took her sneakers from the cycle from shoe and put them on.",cycle from shoe
"Jen took her sneakers from the cycle has shoe and put them on.",cycle has shoe
"Jen took her sneakers from the cycle having shoe and put them on.",cycle having shoe
"Jen took her sneakers from the cycle that has shoe and put them on.",cycle that has shoe
"Jen took her sneakers from the shoe has cycle and put them on.",shoe has cycle
"Jen took her sneakers from the shoe having cycle and put them on.",shoe having cycle
"Jen took her sneakers from the shoe that has cycle and put them on.",shoe that has cycle
"Jen took her sneakers from the cycle is shoe and put them on.",cycle is shoe
"Jen took her sneakers from the cycle being shoe and put them on.",cycle being shoe
"Jen took her sneakers from the cycle that is shoe and put them on.",cycle that is shoe
"Jen took her sneakers from the cycle location is shoe and put them on.",cycle location is shoe
"Jen took her sneakers from the cycle whose location is shoe and put them on.",cycle whose location is shoe
"Jen took her sneakers from the cycle located on shoe and put them on.",cycle located on shoe
"Jen took her sneakers from the shoe location is cycle and put them on.",shoe location is cycle
"Jen took her sneakers from the shoe whose location is cycle and put them on.",shoe whose location is cycle
"Jen took her sneakers from the shoe located on cycle and put them on.",shoe located on cycle
"Jen took her sneakers from the cycle made of shoe and put them on.",cycle made of shoe
"Jen took her sneakers from the cycle makes shoe and put them on.",cycle makes shoe
"Jen took her sneakers from the cycle making shoe and put them on.",cycle making shoe
"Jen took her sneakers from the cycle that makes shoe and put them on.",cycle that makes shoe
"Jen took her sneakers from the cycle used by shoe and put them on.",cycle used by shoe
"Jen took her sneakers from the cycle uses shoe and put them on.",cycle uses shoe
"Jen took her sneakers from the cycle using shoe and put them on.",cycle using shoe
"Jen took her sneakers from the cycle that uses shoe and put them on.",cycle that uses shoe
"Jen took her sneakers from the cycle located in shoe and put them on.",cycle located in shoe
"Jen took her sneakers from the cycle located at shoe and put them on.",cycle located at shoe
"Jen took her sneakers from the shoe located in cycle and put them on.",shoe located in cycle
"Jen took her sneakers from the shoe located at cycle and put them on.",shoe located at cycle
"He doesn’t think there should be a sightcentre over there.",sightcentre
"He doesn’t think there should be a centre about sight over there.",centre about sight
"He doesn’t think there should be a centre by sight over there.",centre by sight
"He doesn’t think there should be a centre caused by sight over there.",centre caused by sight
"He doesn’t think there should be a centre causes sight over there.",centre causes sight
"He doesn’t think there should be a centre causing sight over there.",centre causing sight
"He doesn’t think there should be a centre that causes sight over there.",centre that causes sight
"He doesn’t think there should be a centre during sight over there.",centre during sight
"He doesn’t think there should be a centre for sight over there.",centre for sight
"He doesn’t think there should be a centre from sight over there.",centre from sight
"He doesn’t think there should be a centre has sight over there.",centre has sight
"He doesn’t think there should be a centre having sight over there.",centre having sight
"He doesn’t think there should be a centre that has sight over there.",centre that has sight
"He doesn’t think there should be a sight has centre over there.",sight has centre
"He doesn’t think there should be a sight having centre over there.",sight having centre
"He doesn’t think there should be a sight that has centre over there.",sight that has centre
"He doesn’t think there should be a centre is sight over there.",centre is sight
"He doesn’t think there should be a centre being sight over there.",centre being sight
"He doesn’t think there should be a centre that is sight over there.",centre that is sight
"He doesn’t think there should be a centre location is sight over there.",centre location is sight
"He doesn’t think there should be a centre whose location is sight over there.",centre whose location is sight
"He doesn’t think there should be a centre located on sight over there.",centre located on sight
"He doesn’t think there should be a sight location is centre over there.",sight location is centre
"He doesn’t think there should be a sight whose location is centre over there.",sight whose location is centre
"He doesn’t think there should be a sight located on centre over there.",sight located on centre
"He doesn’t think there should be a centre made of sight over there.",centre made of sight
"He doesn’t think there should be a centre makes sight over there.",centre makes sight
"He doesn’t think there should be a centre making sight over there.",centre making sight
"He doesn’t think there should be a centre that makes sight over there.",centre that makes sight
"He doesn’t think there should be a centre used by sight over there.",centre used by sight
"He doesn’t think there should be a centre uses sight over there.",centre uses sight
"He doesn’t think there should be a centre using sight over there.",centre using sight
"He doesn’t think there should be a centre that uses sight over there.",centre that uses sight
"He doesn’t think there should be a centre located in sight over there.",centre located in sight
"He doesn’t think there should be a centre located at sight over there.",centre located at sight
"He doesn’t think there should be a sight located in centre over there.",sight located in centre
"He doesn’t think there should be a sight located at centre over there.",sight located at centre
"They are going to watch it at the sightcentre tomorrow afternoon.",sightcentre
"They are going to watch it at the centre about sight tomorrow afternoon.",centre about sight
"They are going to watch it at the centre by sight tomorrow afternoon.",centre by sight
"They are going to watch it at the centre caused by sight tomorrow afternoon.",centre caused by sight
"They are going to watch it at the centre causes sight tomorrow afternoon.",centre causes sight
"They are going to watch it at the centre causing sight tomorrow afternoon.",centre causing sight
"They are going to watch it at the centre that causes sight tomorrow afternoon.",centre that causes sight
"They are going to watch it at the centre during sight tomorrow afternoon.",centre during sight
"They are going to watch it at the centre for sight tomorrow afternoon.",centre for sight
"They are going to watch it at the centre from sight tomorrow afternoon.",centre from sight
"They are going to watch it at the centre has sight tomorrow afternoon.",centre has sight
"They are going to watch it at the centre having sight tomorrow afternoon.",centre having sight
"They are going to watch it at the centre that has sight tomorrow afternoon.",centre that has sight
"They are going to watch it at the sight has centre tomorrow afternoon.",sight has centre
"They are going to watch it at the sight having centre tomorrow afternoon.",sight having centre
"They are going to watch it at the sight that has centre tomorrow afternoon.",sight that has centre
"They are going to watch it at the centre is sight tomorrow afternoon.",centre is sight
"They are going to watch it at the centre being sight tomorrow afternoon.",centre being sight
"They are going to watch it at the centre that is sight tomorrow afternoon.",centre that is sight
"They are going to watch it at the centre location is sight tomorrow afternoon.",centre location is sight
"They are going to watch it at the centre whose location is sight tomorrow afternoon.",centre whose location is sight
"They are going to watch it at the centre located on sight tomorrow afternoon.",centre located on sight
"They are going to watch it at the sight location is centre tomorrow afternoon.",sight location is centre
"They are going to watch it at the sight whose location is centre tomorrow afternoon.",sight whose location is centre
"They are going to watch it at the sight located on centre tomorrow afternoon.",sight located on centre
"They are going to watch it at the centre made of sight tomorrow afternoon.",centre made of sight
"They are going to watch it at the centre makes sight tomorrow afternoon.",centre makes sight
"They are going to watch it at the centre making sight tomorrow afternoon.",centre making sight
"They are going to watch it at the centre that makes sight tomorrow afternoon.",centre that makes sight
"They are going to watch it at the centre used by sight tomorrow afternoon.",centre used by sight
"They are going to watch it at the centre uses sight tomorrow afternoon.",centre uses sight
"They are going to watch it at the centre using sight tomorrow afternoon.",centre using sight
"They are going to watch it at the centre that uses sight tomorrow afternoon.",centre that uses sight
"They are going to watch it at the centre located in sight tomorrow afternoon.",centre located in sight
"They are going to watch it at the centre located at sight tomorrow afternoon.",centre located at sight
"They are going to watch it at the sight located in centre tomorrow afternoon.",sight located in centre
"They are going to watch it at the sight located at centre tomorrow afternoon.",sight located at centre
"The room must have been cleaned by the soapdevil last night.",soapdevil
"The room must have been cleaned by the devil about soap last night.",devil about soap
"The room must have been cleaned by the devil by soap last night.",devil by soap
"The room must have been cleaned by the devil caused by soap last night.",devil caused by soap
"The room must have been cleaned by the devil causes soap last night.",devil causes soap
"The room must have been cleaned by the devil causing soap last night.",devil causing soap
"The room must have been cleaned by the devil that causes soap last night.",devil that causes soap
"The room must have been cleaned by the devil during soap last night.",devil during soap
"The room must have been cleaned by the devil for soap last night.",devil for soap
"The room must have been cleaned by the devil from soap last night.",devil from soap
"The room must have been cleaned by the devil has soap last night.",devil has soap
"The room must have been cleaned by the devil having soap last night.",devil having soap
"The room must have been cleaned by the devil that has soap last night.",devil that has soap
"The room must have been cleaned by the soap has devil last night.",soap has devil
"The room must have been cleaned by the soap having devil last night.",soap having devil
"The room must have been cleaned by the soap that has devil last night.",soap that has devil
"The room must have been cleaned by the devil is soap last night.",devil is soap
"The room must have been cleaned by the devil being soap last night.",devil being soap
"The room must have been cleaned by the devil that is soap last night.",devil that is soap
"The room must have been cleaned by the devil location is soap last night.",devil location is soap
"The room must have been cleaned by the devil whose location is soap last night.",devil whose location is soap
"The room must have been cleaned by the devil located on soap last night.",devil located on soap
"The room must have been cleaned by the soap location is devil last night.",soap location is devil
"The room must have been cleaned by the soap whose location is devil last night.",soap whose location is devil
"The room must have been cleaned by the soap located on devil last night.",soap located on devil
"The room must have been cleaned by the devil made of soap last night.",devil made of soap
"The room must have been cleaned by the devil makes soap last night.",devil makes soap
"The room must have been cleaned by the devil making soap last night.",devil making soap
"The room must have been cleaned by the devil that makes soap last night.",devil that makes soap
"The room must have been cleaned by the devil used by soap last night.",devil used by soap
"The room must have been cleaned by the devil uses soap last night.",devil uses soap
"The room must have been cleaned by the devil using soap last night.",devil using soap
"The room must have been cleaned by the devil that uses soap last night.",devil that uses soap
"The room must have been cleaned by the devil located in soap last night.",devil located in soap
"The room must have been cleaned by the devil located at soap last night.",devil located at soap
"The room must have been cleaned by the soap located in devil last night.",soap located in devil
"The room must have been cleaned by the soap located at devil last night.",soap located at devil
"Nobody has seen a soapdevil before.",soapdevil
"Nobody has seen a devil about soap before.",devil about soap
"Nobody has seen a devil by soap before.",devil by soap
"Nobody has seen a devil caused by soap before.",devil caused by soap
"Nobody has seen a devil causes soap before.",devil causes soap
"Nobody has seen a devil causing soap before.",devil causing soap
"Nobody has seen a devil that causes soap before.",devil that causes soap
"Nobody has seen a devil during soap before.",devil during soap
"Nobody has seen a devil for soap before.",devil for soap
"Nobody has seen a devil from soap before.",devil from soap
"Nobody has seen a devil has soap before.",devil has soap
"Nobody has seen a devil having soap before.",devil having soap
"Nobody has seen a devil that has soap before.",devil that has soap
"Nobody has seen a soap has devil before.",soap has devil
"Nobody has seen a soap having devil before.",soap having devil
"Nobody has seen a soap that has devil before.",soap that has devil
"Nobody has seen a devil is soap before.",devil is soap
"Nobody has seen a devil being soap before.",devil being soap
"Nobody has seen a devil that is soap before.",devil that is soap
"Nobody has seen a devil location is soap before.",devil location is soap
"Nobody has seen a devil whose location is soap before.",devil whose location is soap
"Nobody has seen a devil located on soap before.",devil located on soap
"Nobody has seen a soap location is devil before.",soap location is devil
"Nobody has seen a soap whose location is devil before.",soap whose location is devil
"Nobody has seen a soap located on devil before.",soap located on devil
"Nobody has seen a devil made of soap before.",devil made of soap
"Nobody has seen a devil makes soap before.",devil makes soap
"Nobody has seen a devil making soap before.",devil making soap
"Nobody has seen a devil that makes soap before.",devil that makes soap
"Nobody has seen a devil used by soap before.",devil used by soap
"Nobody has seen a devil uses soap before.",devil uses soap
"Nobody has seen a devil using soap before.",devil using soap
"Nobody has seen a devil that uses soap before.",devil that uses soap
"Nobody has seen a devil located in soap before.",devil located in soap
"Nobody has seen a devil located at soap before.",devil located at soap
"Nobody has seen a soap located in devil before.",soap located in devil
"Nobody has seen a soap located at devil before.",soap located at devil
"After washing her face, the girl's soapeye bothered her for hours.",soapeye
"After washing her face, the girl's eye about soap bothered her for hours.",eye about soap
"After washing her face, the girl's eye by soap bothered her for hours.",eye by soap
"After washing her face, the girl's eye caused by soap bothered her for hours.",eye caused by soap
"After washing her face, the girl's eye causes soap bothered her for hours.",eye causes soap
"After washing her face, the girl's eye causing soap bothered her for hours.",eye causing soap
"After washing her face, the girl's eye that causes soap bothered her for hours.",eye that causes soap
"After washing her face, the girl's eye during soap bothered her for hours.",eye during soap
"After washing her face, the girl's eye for soap bothered her for hours.",eye for soap
"After washing her face, the girl's eye from soap bothered her for hours.",eye from soap
"After washing her face, the girl's eye has soap bothered her for hours.",eye has soap
"After washing her face, the girl's eye having soap bothered her for hours.",eye having soap
"After washing her face, the girl's eye that has soap bothered her for hours.",eye that has soap
"After washing her face, the girl's soap has eye bothered her for hours.",soap has eye
"After washing her face, the girl's soap having eye bothered her for hours.",soap having eye
"After washing her face, the girl's soap that has eye bothered her for hours.",soap that has eye
"After washing her face, the girl's eye is soap bothered her for hours.",eye is soap
"After washing her face, the girl's eye being soap bothered her for hours.",eye being soap
"After washing her face, the girl's eye that is soap bothered her for hours.",eye that is soap
"After washing her face, the girl's eye location is soap bothered her for hours.",eye location is soap
"After washing her face, the girl's eye whose location is soap bothered her for hours.",eye whose location is soap
"After washing her face, the girl's eye located on soap bothered her for hours.",eye located on soap
"After washing her face, the girl's soap location is eye bothered her for hours.",soap location is eye
"After washing her face, the girl's soap whose location is eye bothered her for hours.",soap whose location is eye
"After washing her face, the girl's soap located on eye bothered her for hours.",soap located on eye
"After washing her face, the girl's eye made of soap bothered her for hours.",eye made of soap
"After washing her face, the girl's eye makes soap bothered her for hours.",eye makes soap
"After washing her face, the girl's eye making soap bothered her for hours.",eye making soap
"After washing her face, the girl's eye that makes soap bothered her for hours.",eye that makes soap
"After washing her face, the girl's eye used by soap bothered her for hours.",eye used by soap
"After washing her face, the girl's eye uses soap bothered her for hours.",eye uses soap
"After washing her face, the girl's eye using soap bothered her for hours.",eye using soap
"After washing her face, the girl's eye that uses soap bothered her for hours.",eye that uses soap
"After washing her face, the girl's eye located in soap bothered her for hours.",eye located in soap
"After washing her face, the girl's eye located at soap bothered her for hours.",eye located at soap
"After washing her face, the girl's soap located in eye bothered her for hours.",soap located in eye
"After washing her face, the girl's soap located at eye bothered her for hours.",soap located at eye
"She was annoyed by soapeye for the rest of the day.",soapeye
"She was annoyed by eye about soap for the rest of the day.",eye about soap
"She was annoyed by eye by soap for the rest of the day.",eye by soap
"She was annoyed by eye caused by soap for the rest of the day.",eye caused by soap
"She was annoyed by eye causes soap for the rest of the day.",eye causes soap
"She was annoyed by eye causing soap for the rest of the day.",eye causing soap
"She was annoyed by eye that causes soap for the rest of the day.",eye that causes soap
"She was annoyed by eye during soap for the rest of the day.",eye during soap
"She was annoyed by eye for soap for the rest of the day.",eye for soap
"She was annoyed by eye from soap for the rest of the day.",eye from soap
"She was annoyed by eye has soap for the rest of the day.",eye has soap
"She was annoyed by eye having soap for the rest of the day.",eye having soap
"She was annoyed by eye that has soap for the rest of the day.",eye that has soap
"She was annoyed by soap has eye for the rest of the day.",soap has eye
"She was annoyed by soap having eye for the rest of the day.",soap having eye
"She was annoyed by soap that has eye for the rest of the day.",soap that has eye
"She was annoyed by eye is soap for the rest of the day.",eye is soap
"She was annoyed by eye being soap for the rest of the day.",eye being soap
"She was annoyed by eye that is soap for the rest of the day.",eye that is soap
"She was annoyed by eye location is soap for the rest of the day.",eye location is soap
"She was annoyed by eye whose location is soap for the rest of the day.",eye whose location is soap
"She was annoyed by eye located on soap for the rest of the day.",eye located on soap
"She was annoyed by soap location is eye for the rest of the day.",soap location is eye
"She was annoyed by soap whose location is eye for the rest of the day.",soap whose location is eye
"She was annoyed by soap located on eye for the rest of the day.",soap located on eye
"She was annoyed by eye made of soap for the rest of the day.",eye made of soap
"She was annoyed by eye makes soap for the rest of the day.",eye makes soap
"She was annoyed by eye making soap for the rest of the day.",eye making soap
"She was annoyed by eye that makes soap for the rest of the day.",eye that makes soap
"She was annoyed by eye used by soap for the rest of the day.",eye used by soap
"She was annoyed by eye uses soap for the rest of the day.",eye uses soap
"She was annoyed by eye using soap for the rest of the day.",eye using soap
"She was annoyed by eye that uses soap for the rest of the day.",eye that uses soap
"She was annoyed by eye located in soap for the rest of the day.",eye located in soap
"She was annoyed by eye located at soap for the rest of the day.",eye located at soap
"She was annoyed by soap located in eye for the rest of the day.",soap located in eye
"She was annoyed by soap located at eye for the rest of the day.",soap located at eye
"You should fill up a soupbag and bring it with you.",soupbag
"You should fill up a bag about soup and bring it with you.",bag about soup
"You should fill up a bag by soup and bring it with you.",bag by soup
"You should fill up a bag caused by soup and bring it with you.",bag caused by soup
"You should fill up a bag causes soup and bring it with you.",bag causes soup
"You should fill up a bag causing soup and bring it with you.",bag causing soup
"You should fill up a bag that causes soup and bring it with you.",bag that causes soup
"You should fill up a bag during soup and bring it with you.",bag during soup
"You should fill up a bag for soup and bring it with you.",bag for soup
"You should fill up a bag from soup and bring it with you.",bag from soup
"You should fill up a bag has soup and bring it with you.",bag has soup
"You should fill up a bag having soup and bring it with you.",bag having soup
"You should fill up a bag that has soup and bring it with you.",bag that has soup
"You should fill up a soup has bag and bring it with you.",soup has bag
"You should fill up a soup having bag and bring it with you.",soup having bag
"You should fill up a soup that has bag and bring it with you.",soup that has bag
"You should fill up a bag is soup and bring it with you.",bag is soup
"You should fill up a bag being soup and bring it with you.",bag being soup
"You should fill up a bag that is soup and bring it with you.",bag that is soup
"You should fill up a bag location is soup and bring it with you.",bag location is soup
"You should fill up a bag whose location is soup and bring it with you.",bag whose location is soup
"You should fill up a bag located on soup and bring it with you.",bag located on soup
"You should fill up a soup location is bag and bring it with you.",soup location is bag
"You should fill up a soup whose location is bag and bring it with you.",soup whose location is bag
"You should fill up a soup located on bag and bring it with you.",soup located on bag
"You should fill up a bag made of soup and bring it with you.",bag made of soup
"You should fill up a bag makes soup and bring it with you.",bag makes soup
"You should fill up a bag making soup and bring it with you.",bag making soup
"You should fill up a bag that makes soup and bring it with you.",bag that makes soup
"You should fill up a bag used by soup and bring it with you.",bag used by soup
"You should fill up a bag uses soup and bring it with you.",bag uses soup
"You should fill up a bag using soup and bring it with you.",bag using soup
"You should fill up a bag that uses soup and bring it with you.",bag that uses soup
"You should fill up a bag located in soup and bring it with you.",bag located in soup
"You should fill up a bag located at soup and bring it with you.",bag located at soup
"You should fill up a soup located in bag and bring it with you.",soup located in bag
"You should fill up a soup located at bag and bring it with you.",soup located at bag
"He made sure to throw the soupbag out when he was done with it.",soupbag
"He made sure to throw the bag about soup out when he was done with it.",bag about soup
"He made sure to throw the bag by soup out when he was done with it.",bag by soup
"He made sure to throw the bag caused by soup out when he was done with it.",bag caused by soup
"He made sure to throw the bag causes soup out when he was done with it.",bag causes soup
"He made sure to throw the bag causing soup out when he was done with it.",bag causing soup
"He made sure to throw the bag that causes soup out when he was done with it.",bag that causes soup
"He made sure to throw the bag during soup out when he was done with it.",bag during soup
"He made sure to throw the bag for soup out when he was done with it.",bag for soup
"He made sure to throw the bag from soup out when he was done with it.",bag from soup
"He made sure to throw the bag has soup out when he was done with it.",bag has soup
"He made sure to throw the bag having soup out when he was done with it.",bag having soup
"He made sure to throw the bag that has soup out when he was done with it.",bag that has soup
"He made sure to throw the soup has bag out when he was done with it.",soup has bag
"He made sure to throw the soup having bag out when he was done with it.",soup having bag
"He made sure to throw the soup that has bag out when he was done with it.",soup that has bag
"He made sure to throw the bag is soup out when he was done with it.",bag is soup
"He made sure to throw the bag being soup out when he was done with it.",bag being soup
"He made sure to throw the bag that is soup out when he was done with it.",bag that is soup
"He made sure to throw the bag location is soup out when he was done with it.",bag location is soup
"He made sure to throw the bag whose location is soup out when he was done with it.",bag whose location is soup
"He made sure to throw the bag located on soup out when he was done with it.",bag located on soup
"He made sure to throw the soup location is bag out when he was done with it.",soup location is bag
"He made sure to throw the soup whose location is bag out when he was done with it.",soup whose location is bag
"He made sure to throw the soup located on bag out when he was done with it.",soup located on bag
"He made sure to throw the bag made of soup out when he was done with it.",bag made of soup
"He made sure to throw the bag makes soup out when he was done with it.",bag makes soup
"He made sure to throw the bag making soup out when he was done with it.",bag making soup
"He made sure to throw the bag that makes soup out when he was done with it.",bag that makes soup
"He made sure to throw the bag used by soup out when he was done with it.",bag used by soup
"He made sure to throw the bag uses soup out when he was done with it.",bag uses soup
"He made sure to throw the bag using soup out when he was done with it.",bag using soup
"He made sure to throw the bag that uses soup out when he was done with it.",bag that uses soup
"He made sure to throw the bag located in soup out when he was done with it.",bag located in soup
"He made sure to throw the bag located at soup out when he was done with it.",bag located at soup
"He made sure to throw the soup located in bag out when he was done with it.",soup located in bag
"He made sure to throw the soup located at bag out when he was done with it.",soup located at bag
"The athlete improved her sportpower by practicing often.",sportpower
"The athlete improved her power about sport by practicing often.",power about sport
"The athlete improved her power by sport by practicing often.",power by sport
"The athlete improved her power caused by sport by practicing often.",power caused by sport
"The athlete improved her power causes sport by practicing often.",power causes sport
"The athlete improved her power causing sport by practicing often.",power causing sport
"The athlete improved her power that causes sport by practicing often.",power that causes sport
"The athlete improved her power during sport by practicing often.",power during sport
"The athlete improved her power for sport by practicing often.",power for sport
"The athlete improved her power from sport by practicing often.",power from sport
"The athlete improved her power has sport by practicing often.",power has sport
"The athlete improved her power having sport by practicing often.",power having sport
"The athlete improved her power that has sport by practicing often.",power that has sport
"The athlete improved her sport has power by practicing often.",sport has power
"The athlete improved her sport having power by practicing often.",sport having power
"The athlete improved her sport that has power by practicing often.",sport that has power
"The athlete improved her power is sport by practicing often.",power is sport
"The athlete improved her power being sport by practicing often.",power being sport
"The athlete improved her power that is sport by practicing often.",power that is sport
"The athlete improved her power location is sport by practicing often.",power location is sport
"The athlete improved her power whose location is sport by practicing often.",power whose location is sport
"The athlete improved her power located on sport by practicing often.",power located on sport
"The athlete improved her sport location is power by practicing often.",sport location is power
"The athlete improved her sport whose location is power by practicing often.",sport whose location is power
"The athlete improved her sport located on power by practicing often.",sport located on power
"The athlete improved her power made of sport by practicing often.",power made of sport
"The athlete improved her power makes sport by practicing often.",power makes sport
"The athlete improved her power making sport by practicing often.",power making sport
"The athlete improved her power that makes sport by practicing often.",power that makes sport
"The athlete improved her power used by sport by practicing often.",power used by sport
"The athlete improved her power uses sport by practicing often.",power uses sport
"The athlete improved her power using sport by practicing often.",power using sport
"The athlete improved her power that uses sport by practicing often.",power that uses sport
"The athlete improved her power located in sport by practicing often.",power located in sport
"The athlete improved her power located at sport by practicing often.",power located at sport
"The athlete improved her sport located in power by practicing often.",sport located in power
"The athlete improved her sport located at power by practicing often.",sport located at power
"He didn’t want the sportpower that he had.",sportpower
"He didn’t want the power about sport that he had.",power about sport
"He didn’t want the power by sport that he had.",power by sport
"He didn’t want the power caused by sport that he had.",power caused by sport
"He didn’t want the power causes sport that he had.",power causes sport
"He didn’t want the power causing sport that he had.",power causing sport
"He didn’t want the power that causes sport that he had.",power that causes sport
"He didn’t want the power during sport that he had.",power during sport
"He didn’t want the power for sport that he had.",power for sport
"He didn’t want the power from sport that he had.",power from sport
"He didn’t want the power has sport that he had.",power has sport
"He didn’t want the power having sport that he had.",power having sport
"He didn’t want the power that has sport that he had.",power that has sport
"He didn’t want the sport has power that he had.",sport has power
"He didn’t want the sport having power that he had.",sport having power
"He didn’t want the sport that has power that he had.",sport that has power
"He didn’t want the power is sport that he had.",power is sport
"He didn’t want the power being sport that he had.",power being sport
"He didn’t want the power that is sport that he had.",power that is sport
"He didn’t want the power location is sport that he had.",power location is sport
"He didn’t want the power whose location is sport that he had.",power whose location is sport
"He didn’t want the power located on sport that he had.",power located on sport
"He didn’t want the sport location is power that he had.",sport location is power
"He didn’t want the sport whose location is power that he had.",sport whose location is power
"He didn’t want the sport located on power that he had.",sport located on power
"He didn’t want the power made of sport that he had.",power made of sport
"He didn’t want the power makes sport that he had.",power makes sport
"He didn’t want the power making sport that he had.",power making sport
"He didn’t want the power that makes sport that he had.",power that makes sport
"He didn’t want the power used by sport that he had.",power used by sport
"He didn’t want the power uses sport that he had.",power uses sport
"He didn’t want the power using sport that he had.",power using sport
"He didn’t want the power that uses sport that he had.",power that uses sport
"He didn’t want the power located in sport that he had.",power located in sport
"He didn’t want the power located at sport that he had.",power located at sport
"He didn’t want the sport located in power that he had.",sport located in power
"He didn’t want the sport located at power that he had.",sport located at power
"The actor warmed up his stagejaw before the performance.",stagejaw
"The actor warmed up his jaw about stage before the performance.",jaw about stage
"The actor warmed up his jaw by stage before the performance.",jaw by stage
"The actor warmed up his jaw caused by stage before the performance.",jaw caused by stage
"The actor warmed up his jaw causes stage before the performance.",jaw causes stage
"The actor warmed up his jaw causing stage before the performance.",jaw causing stage
"The actor warmed up his jaw that causes stage before the performance.",jaw that causes stage
"The actor warmed up his jaw during stage before the performance.",jaw during stage
"The actor warmed up his jaw for stage before the performance.",jaw for stage
"The actor warmed up his jaw from stage before the performance.",jaw from stage
"The actor warmed up his jaw has stage before the performance.",jaw has stage
"The actor warmed up his jaw having stage before the performance.",jaw having stage
"The actor warmed up his jaw that has stage before the performance.",jaw that has stage
"The actor warmed up his stage has jaw before the performance.",stage has jaw
"The actor warmed up his stage having jaw before the performance.",stage having jaw
"The actor warmed up his stage that has jaw before the performance.",stage that has jaw
"The actor warmed up his jaw is stage before the performance.",jaw is stage
"The actor warmed up his jaw being stage before the performance.",jaw being stage
"The actor warmed up his jaw that is stage before the performance.",jaw that is stage
"The actor warmed up his jaw location is stage before the performance.",jaw location is stage
"The actor warmed up his jaw whose location is stage before the performance.",jaw whose location is stage
"The actor warmed up his jaw located on stage before the performance.",jaw located on stage
"The actor warmed up his stage location is jaw before the performance.",stage location is jaw
"The actor warmed up his stage whose location is jaw before the performance.",stage whose location is jaw
"The actor warmed up his stage located on jaw before the performance.",stage located on jaw
"The actor warmed up his jaw made of stage before the performance.",jaw made of stage
"The actor warmed up his jaw makes stage before the performance.",jaw makes stage
"The actor warmed up his jaw making stage before the performance.",jaw making stage
"The actor warmed up his jaw that makes stage before the performance.",jaw that makes stage
"The actor warmed up his jaw used by stage before the performance.",jaw used by stage
"The actor warmed up his jaw uses stage before the performance.",jaw uses stage
"The actor warmed up his jaw using stage before the performance.",jaw using stage
"The actor warmed up his jaw that uses stage before the performance.",jaw that uses stage
"The actor warmed up his jaw located in stage before the performance.",jaw located in stage
"The actor warmed up his jaw located at stage before the performance.",jaw located at stage
"The actor warmed up his stage located in jaw before the performance.",stage located in jaw
"The actor warmed up his stage located at jaw before the performance.",stage located at jaw
"He thinks he'll need to replace his stagejaw some time soon.",stagejaw
"He thinks he'll need to replace his jaw about stage some time soon.",jaw about stage
"He thinks he'll need to replace his jaw by stage some time soon.",jaw by stage
"He thinks he'll need to replace his jaw caused by stage some time soon.",jaw caused by stage
"He thinks he'll need to replace his jaw causes stage some time soon.",jaw causes stage
"He thinks he'll need to replace his jaw causing stage some time soon.",jaw causing stage
"He thinks he'll need to replace his jaw that causes stage some time soon.",jaw that causes stage
"He thinks he'll need to replace his jaw during stage some time soon.",jaw during stage
"He thinks he'll need to replace his jaw for stage some time soon.",jaw for stage
"He thinks he'll need to replace his jaw from stage some time soon.",jaw from stage
"He thinks he'll need to replace his jaw has stage some time soon.",jaw has stage
"He thinks he'll need to replace his jaw having stage some time soon.",jaw having stage
"He thinks he'll need to replace his jaw that has stage some time soon.",jaw that has stage
"He thinks he'll need to replace his stage has jaw some time soon.",stage has jaw
"He thinks he'll need to replace his stage having jaw some time soon.",stage having jaw
"He thinks he'll need to replace his stage that has jaw some time soon.",stage that has jaw
"He thinks he'll need to replace his jaw is stage some time soon.",jaw is stage
"He thinks he'll need to replace his jaw being stage some time soon.",jaw being stage
"He thinks he'll need to replace his jaw that is stage some time soon.",jaw that is stage
"He thinks he'll need to replace his jaw location is stage some time soon.",jaw location is stage
"He thinks he'll need to replace his jaw whose location is stage some time soon.",jaw whose location is stage
"He thinks he'll need to replace his jaw located on stage some time soon.",jaw located on stage
"He thinks he'll need to replace his stage location is jaw some time soon.",stage location is jaw
"He thinks he'll need to replace his stage whose location is jaw some time soon.",stage whose location is jaw
"He thinks he'll need to replace his stage located on jaw some time soon.",stage located on jaw
"He thinks he'll need to replace his jaw made of stage some time soon.",jaw made of stage
"He thinks he'll need to replace his jaw makes stage some time soon.",jaw makes stage
"He thinks he'll need to replace his jaw making stage some time soon.",jaw making stage
"He thinks he'll need to replace his jaw that makes stage some time soon.",jaw that makes stage
"He thinks he'll need to replace his jaw used by stage some time soon.",jaw used by stage
"He thinks he'll need to replace his jaw uses stage some time soon.",jaw uses stage
"He thinks he'll need to replace his jaw using stage some time soon.",jaw using stage
"He thinks he'll need to replace his jaw that uses stage some time soon.",jaw that uses stage
"He thinks he'll need to replace his jaw located in stage some time soon.",jaw located in stage
"He thinks he'll need to replace his jaw located at stage some time soon.",jaw located at stage
"He thinks he'll need to replace his stage located in jaw some time soon.",stage located in jaw
"He thinks he'll need to replace his stage located at jaw some time soon.",stage located at jaw
"They need more stairpaper because they ran out.",stairpaper
"They need more paper about stair because they ran out.",paper about stair
"They need more paper by stair because they ran out.",paper by stair
"They need more paper caused by stair because they ran out.",paper caused by stair
"They need more paper causes stair because they ran out.",paper causes stair
"They need more paper causing stair because they ran out.",paper causing stair
"They need more paper that causes stair because they ran out.",paper that causes stair
"They need more paper during stair because they ran out.",paper during stair
"They need more paper for stair because they ran out.",paper for stair
"They need more paper from stair because they ran out.",paper from stair
"They need more paper has stair because they ran out.",paper has stair
"They need more paper having stair because they ran out.",paper having stair
"They need more paper that has stair because they ran out.",paper that has stair
"They need more stair has paper because they ran out.",stair has paper
"They need more stair having paper because they ran out.",stair having paper
"They need more stair that has paper because they ran out.",stair that has paper
"They need more paper is stair because they ran out.",paper is stair
"They need more paper being stair because they ran out.",paper being stair
"They need more paper that is stair because they ran out.",paper that is stair
"They need more paper location is stair because they ran out.",paper location is stair
"They need more paper whose location is stair because they ran out.",paper whose location is stair
"They need more paper located on stair because they ran out.",paper located on stair
"They need more stair location is paper because they ran out.",stair location is paper
"They need more stair whose location is paper because they ran out.",stair whose location is paper
"They need more stair located on paper because they ran out.",stair located on paper
"They need more paper made of stair because they ran out.",paper made of stair
"They need more paper makes stair because they ran out.",paper makes stair
"They need more paper making stair because they ran out.",paper making stair
"They need more paper that makes stair because they ran out.",paper that makes stair
"They need more paper used by stair because they ran out.",paper used by stair
"They need more paper uses stair because they ran out.",paper uses stair
"They need more paper using stair because they ran out.",paper using stair
"They need more paper that uses stair because they ran out.",paper that uses stair
"They need more paper located in stair because they ran out.",paper located in stair
"They need more paper located at stair because they ran out.",paper located at stair
"They need more stair located in paper because they ran out.",stair located in paper
"They need more stair located at paper because they ran out.",stair located at paper
"I need scissors to cut the stairpaper into several pieces.",stairpaper
"I need scissors to cut the paper about stair into several pieces.",paper about stair
"I need scissors to cut the paper by stair into several pieces.",paper by stair
"I need scissors to cut the paper caused by stair into several pieces.",paper caused by stair
"I need scissors to cut the paper causes stair into several pieces.",paper causes stair
"I need scissors to cut the paper causing stair into several pieces.",paper causing stair
"I need scissors to cut the paper that causes stair into several pieces.",paper that causes stair
"I need scissors to cut the paper during stair into several pieces.",paper during stair
"I need scissors to cut the paper for stair into several pieces.",paper for stair
"I need scissors to cut the paper from stair into several pieces.",paper from stair
"I need scissors to cut the paper has stair into several pieces.",paper has stair
"I need scissors to cut the paper having stair into several pieces.",paper having stair
"I need scissors to cut the paper that has stair into several pieces.",paper that has stair
"I need scissors to cut the stair has paper into several pieces.",stair has paper
"I need scissors to cut the stair having paper into several pieces.",stair having paper
"I need scissors to cut the stair that has paper into several pieces.",stair that has paper
"I need scissors to cut the paper is stair into several pieces.",paper is stair
"I need scissors to cut the paper being stair into several pieces.",paper being stair
"I need scissors to cut the paper that is stair into several pieces.",paper that is stair
"I need scissors to cut the paper location is stair into several pieces.",paper location is stair
"I need scissors to cut the paper whose location is stair into several pieces.",paper whose location is stair
"I need scissors to cut the paper located on stair into several pieces.",paper located on stair
"I need scissors to cut the stair location is paper into several pieces.",stair location is paper
"I need scissors to cut the stair whose location is paper into several pieces.",stair whose location is paper
"I need scissors to cut the stair located on paper into several pieces.",stair located on paper
"I need scissors to cut the paper made of stair into several pieces.",paper made of stair
"I need scissors to cut the paper makes stair into several pieces.",paper makes stair
"I need scissors to cut the paper making stair into several pieces.",paper making stair
"I need scissors to cut the paper that makes stair into several pieces.",paper that makes stair
"I need scissors to cut the paper used by stair into several pieces.",paper used by stair
"I need scissors to cut the paper uses stair into several pieces.",paper uses stair
"I need scissors to cut the paper using stair into several pieces.",paper using stair
"I need scissors to cut the paper that uses stair into several pieces.",paper that uses stair
"I need scissors to cut the paper located in stair into several pieces.",paper located in stair
"I need scissors to cut the paper located at stair into several pieces.",paper located at stair
"I need scissors to cut the stair located in paper into several pieces.",stair located in paper
"I need scissors to cut the stair located at paper into several pieces.",stair located at paper
"There was no room to put the steamjar anywhere.",steamjar
"There was no room to put the jar about steam anywhere.",jar about steam
"There was no room to put the jar by steam anywhere.",jar by steam
"There was no room to put the jar caused by steam anywhere.",jar caused by steam
"There was no room to put the jar causes steam anywhere.",jar causes steam
"There was no room to put the jar causing steam anywhere.",jar causing steam
"There was no room to put the jar that causes steam anywhere.",jar that causes steam
"There was no room to put the jar during steam anywhere.",jar during steam
"There was no room to put the jar for steam anywhere.",jar for steam
"There was no room to put the jar from steam anywhere.",jar from steam
"There was no room to put the jar has steam anywhere.",jar has steam
"There was no room to put the jar having steam anywhere.",jar having steam
"There was no room to put the jar that has steam anywhere.",jar that has steam
"There was no room to put the steam has jar anywhere.",steam has jar
"There was no room to put the steam having jar anywhere.",steam having jar
"There was no room to put the steam that has jar anywhere.",steam that has jar
"There was no room to put the jar is steam anywhere.",jar is steam
"There was no room to put the jar being steam anywhere.",jar being steam
"There was no room to put the jar that is steam anywhere.",jar that is steam
"There was no room to put the jar location is steam anywhere.",jar location is steam
"There was no room to put the jar whose location is steam anywhere.",jar whose location is steam
"There was no room to put the jar located on steam anywhere.",jar located on steam
"There was no room to put the steam location is jar anywhere.",steam location is jar
"There was no room to put the steam whose location is jar anywhere.",steam whose location is jar
"There was no room to put the steam located on jar anywhere.",steam located on jar
"There was no room to put the jar made of steam anywhere.",jar made of steam
"There was no room to put the jar makes steam anywhere.",jar makes steam
"There was no room to put the jar making steam anywhere.",jar making steam
"There was no room to put the jar that makes steam anywhere.",jar that makes steam
"There was no room to put the jar used by steam anywhere.",jar used by steam
"There was no room to put the jar uses steam anywhere.",jar uses steam
"There was no room to put the jar using steam anywhere.",jar using steam
"There was no room to put the jar that uses steam anywhere.",jar that uses steam
"There was no room to put the jar located in steam anywhere.",jar located in steam
"There was no room to put the jar located at steam anywhere.",jar located at steam
"There was no room to put the steam located in jar anywhere.",steam located in jar
"There was no room to put the steam located at jar anywhere.",steam located at jar
"I asked him to open the steamjar for me.",steamjar
"I asked him to open the jar about steam for me.",jar about steam
"I asked him to open the jar by steam for me.",jar by steam
"I asked him to open the jar caused by steam for me.",jar caused by steam
"I asked him to open the jar causes steam for me.",jar causes steam
"I asked him to open the jar causing steam for me.",jar causing steam
"I asked him to open the jar that causes steam for me.",jar that causes steam
"I asked him to open the jar during steam for me.",jar during steam
"I asked him to open the jar for steam for me.",jar for steam
"I asked him to open the jar from steam for me.",jar from steam
"I asked him to open the jar has steam for me.",jar has steam
"I asked him to open the jar having steam for me.",jar having steam
"I asked him to open the jar that has steam for me.",jar that has steam
"I asked him to open the steam has jar for me.",steam has jar
"I asked him to open the steam having jar for me.",steam having jar
"I asked him to open the steam that has jar for me.",steam that has jar
"I asked him to open the jar is steam for me.",jar is steam
"I asked him to open the jar being steam for me.",jar being steam
"I asked him to open the jar that is steam for me.",jar that is steam
"I asked him to open the jar location is steam for me.",jar location is steam
"I asked him to open the jar whose location is steam for me.",jar whose location is steam
"I asked him to open the jar located on steam for me.",jar located on steam
"I asked him to open the steam location is jar for me.",steam location is jar
"I asked him to open the steam whose location is jar for me.",steam whose location is jar
"I asked him to open the steam located on jar for me.",steam located on jar
"I asked him to open the jar made of steam for me.",jar made of steam
"I asked him to open the jar makes steam for me.",jar makes steam
"I asked him to open the jar making steam for me.",jar making steam
"I asked him to open the jar that makes steam for me.",jar that makes steam
"I asked him to open the jar used by steam for me.",jar used by steam
"I asked him to open the jar uses steam for me.",jar uses steam
"I asked him to open the jar using steam for me.",jar using steam
"I asked him to open the jar that uses steam for me.",jar that uses steam
"I asked him to open the jar located in steam for me.",jar located in steam
"I asked him to open the jar located at steam for me.",jar located at steam
"I asked him to open the steam located in jar for me.",steam located in jar
"I asked him to open the steam located at jar for me.",steam located at jar
"They forgot to buy stovemeat when they went to the store.",stovemeat
"They forgot to buy meat about stove when they went to the store.",meat about stove
"They forgot to buy meat by stove when they went to the store.",meat by stove
"They forgot to buy meat caused by stove when they went to the store.",meat caused by stove
"They forgot to buy meat causes stove when they went to the store.",meat causes stove
"They forgot to buy meat causing stove when they went to the store.",meat causing stove
"They forgot to buy meat that causes stove when they went to the store.",meat that causes stove
"They forgot to buy meat during stove when they went to the store.",meat during stove
"They forgot to buy meat for stove when they went to the store.",meat for stove
"They forgot to buy meat from stove when they went to the store.",meat from stove
"They forgot to buy meat has stove when they went to the store.",meat has stove
"They forgot to buy meat having stove when they went to the store.",meat having stove
"They forgot to buy meat that has stove when they went to the store.",meat that has stove
"They forgot to buy stove has meat when they went to the store.",stove has meat
"They forgot to buy stove having meat when they went to the store.",stove having meat
"They forgot to buy stove that has meat when they went to the store.",stove that has meat
"They forgot to buy meat is stove when they went to the store.",meat is stove
"They forgot to buy meat being stove when they went to the store.",meat being stove
"They forgot to buy meat that is stove when they went to the store.",meat that is stove
"They forgot to buy meat location is stove when they went to the store.",meat location is stove
"They forgot to buy meat whose location is stove when they went to the store.",meat whose location is stove
"They forgot to buy meat located on stove when they went to the store.",meat located on stove
"They forgot to buy stove location is meat when they went to the store.",stove location is meat
"They forgot to buy stove whose location is meat when they went to the store.",stove whose location is meat
"They forgot to buy stove located on meat when they went to the store.",stove located on meat
"They forgot to buy meat made of stove when they went to the store.",meat made of stove
"They forgot to buy meat makes stove when they went to the store.",meat makes stove
"They forgot to buy meat making stove when they went to the store.",meat making stove
"They forgot to buy meat that makes stove when they went to the store.",meat that makes stove
"They forgot to buy meat used by stove when they went to the store.",meat used by stove
"They forgot to buy meat uses stove when they went to the store.",meat uses stove
"They forgot to buy meat using stove when they went to the store.",meat using stove
"They forgot to buy meat that uses stove when they went to the store.",meat that uses stove
"They forgot to buy meat located in stove when they went to the store.",meat located in stove
"They forgot to buy meat located at stove when they went to the store.",meat located at stove
"They forgot to buy stove located in meat when they went to the store.",stove located in meat
"They forgot to buy stove located at meat when they went to the store.",stove located at meat
"She sent the undercooked stovemeat back to the kitchen.",stovemeat
"She sent the undercooked meat about stove back to the kitchen.",meat about stove
"She sent the undercooked meat by stove back to the kitchen.",meat by stove
"She sent the undercooked meat caused by stove back to the kitchen.",meat caused by stove
"She sent the undercooked meat causes stove back to the kitchen.",meat causes stove
"She sent the undercooked meat causing stove back to the kitchen.",meat causing stove
"She sent the undercooked meat that causes stove back to the kitchen.",meat that causes stove
"She sent the undercooked meat during stove back to the kitchen.",meat during stove
"She sent the undercooked meat for stove back to the kitchen.",meat for stove
"She sent the undercooked meat from stove back to the kitchen.",meat from stove
"She sent the undercooked meat has stove back to the kitchen.",meat has stove
"She sent the undercooked meat having stove back to the kitchen.",meat having stove
"She sent the undercooked meat that has stove back to the kitchen.",meat that has stove
"She sent the undercooked stove has meat back to the kitchen.",stove has meat
"She sent the undercooked stove having meat back to the kitchen.",stove having meat
"She sent the undercooked stove that has meat back to the kitchen.",stove that has meat
"She sent the undercooked meat is stove back to the kitchen.",meat is stove
"She sent the undercooked meat being stove back to the kitchen.",meat being stove
"She sent the undercooked meat that is stove back to the kitchen.",meat that is stove
"She sent the undercooked meat location is stove back to the kitchen.",meat location is stove
"She sent the undercooked meat whose location is stove back to the kitchen.",meat whose location is stove
"She sent the undercooked meat located on stove back to the kitchen.",meat located on stove
"She sent the undercooked stove location is meat back to the kitchen.",stove location is meat
"She sent the undercooked stove whose location is meat back to the kitchen.",stove whose location is meat
"She sent the undercooked stove located on meat back to the kitchen.",stove located on meat
"She sent the undercooked meat made of stove back to the kitchen.",meat made of stove
"She sent the undercooked meat makes stove back to the kitchen.",meat makes stove
"She sent the undercooked meat making stove back to the kitchen.",meat making stove
"She sent the undercooked meat that makes stove back to the kitchen.",meat that makes stove
"She sent the undercooked meat used by stove back to the kitchen.",meat used by stove
"She sent the undercooked meat uses stove back to the kitchen.",meat uses stove
"She sent the undercooked meat using stove back to the kitchen.",meat using stove
"She sent the undercooked meat that uses stove back to the kitchen.",meat that uses stove
"She sent the undercooked meat located in stove back to the kitchen.",meat located in stove
"She sent the undercooked meat located at stove back to the kitchen.",meat located at stove
"She sent the undercooked stove located in meat back to the kitchen.",stove located in meat
"She sent the undercooked stove located at meat back to the kitchen.",stove located at meat
"Do you know if there's a stovetown near here?",stovetown
"Do you know if there's a town about stove near here?",town about stove
"Do you know if there's a town by stove near here?",town by stove
"Do you know if there's a town caused by stove near here?",town caused by stove
"Do you know if there's a town causes stove near here?",town causes stove
"Do you know if there's a town causing stove near here?",town causing stove
"Do you know if there's a town that causes stove near here?",town that causes stove
"Do you know if there's a town during stove near here?",town during stove
"Do you know if there's a town for stove near here?",town for stove
"Do you know if there's a town from stove near here?",town from stove
"Do you know if there's a town has stove near here?",town has stove
"Do you know if there's a town having stove near here?",town having stove
"Do you know if there's a town that has stove near here?",town that has stove
"Do you know if there's a stove has town near here?",stove has town
"Do you know if there's a stove having town near here?",stove having town
"Do you know if there's a stove that has town near here?",stove that has town
"Do you know if there's a town is stove near here?",town is stove
"Do you know if there's a town being stove near here?",town being stove
"Do you know if there's a town that is stove near here?",town that is stove
"Do you know if there's a town location is stove near here?",town location is stove
"Do you know if there's a town whose location is stove near here?",town whose location is stove
"Do you know if there's a town located on stove near here?",town located on stove
"Do you know if there's a stove location is town near here?",stove location is town
"Do you know if there's a stove whose location is town near here?",stove whose location is town
"Do you know if there's a stove located on town near here?",stove located on town
"Do you know if there's a town made of stove near here?",town made of stove
"Do you know if there's a town makes stove near here?",town makes stove
"Do you know if there's a town making stove near here?",town making stove
"Do you know if there's a town that makes stove near here?",town that makes stove
"Do you know if there's a town used by stove near here?",town used by stove
"Do you know if there's a town uses stove near here?",town uses stove
"Do you know if there's a town using stove near here?",town using stove
"Do you know if there's a town that uses stove near here?",town that uses stove
"Do you know if there's a town located in stove near here?",town located in stove
"Do you know if there's a town located at stove near here?",town located at stove
"Do you know if there's a stove located in town near here?",stove located in town
"Do you know if there's a stove located at town near here?",stove located at town
"They've been living in the stovetown for a few years.",stovetown
"They've been living in the town about stove for a few years.",town about stove
"They've been living in the town by stove for a few years.",town by stove
"They've been living in the town caused by stove for a few years.",town caused by stove
"They've been living in the town causes stove for a few years.",town causes stove
"They've been living in the town causing stove for a few years.",town causing stove
"They've been living in the town that causes stove for a few years.",town that causes stove
"They've been living in the town during stove for a few years.",town during stove
"They've been living in the town for stove for a few years.",town for stove
"They've been living in the town from stove for a few years.",town from stove
"They've been living in the town has stove for a few years.",town has stove
"They've been living in the town having stove for a few years.",town having stove
"They've been living in the town that has stove for a few years.",town that has stove
"They've been living in the stove has town for a few years.",stove has town
"They've been living in the stove having town for a few years.",stove having town
"They've been living in the stove that has town for a few years.",stove that has town
"They've been living in the town is stove for a few years.",town is stove
"They've been living in the town being stove for a few years.",town being stove
"They've been living in the town that is stove for a few years.",town that is stove
"They've been living in the town location is stove for a few years.",town location is stove
"They've been living in the town whose location is stove for a few years.",town whose location is stove
"They've been living in the town located on stove for a few years.",town located on stove
"They've been living in the stove location is town for a few years.",stove location is town
"They've been living in the stove whose location is town for a few years.",stove whose location is town
"They've been living in the stove located on town for a few years.",stove located on town
"They've been living in the town made of stove for a few years.",town made of stove
"They've been living in the town makes stove for a few years.",town makes stove
"They've been living in the town making stove for a few years.",town making stove
"They've been living in the town that makes stove for a few years.",town that makes stove
"They've been living in the town used by stove for a few years.",town used by stove
"They've been living in the town uses stove for a few years.",town uses stove
"They've been living in the town using stove for a few years.",town using stove
"They've been living in the town that uses stove for a few years.",town that uses stove
"They've been living in the town located in stove for a few years.",town located in stove
"They've been living in the town located at stove for a few years.",town located at stove
"They've been living in the stove located in town for a few years.",stove located in town
"They've been living in the stove located at town for a few years.",stove located at town
"The mother got a styledragon as a gift for her son.",styledragon
"The mother got a dragon about style as a gift for her son.",dragon about style
"The mother got a dragon by style as a gift for her son.",dragon by style
"The mother got a dragon caused by style as a gift for her son.",dragon caused by style
"The mother got a dragon causes style as a gift for her son.",dragon causes style
"The mother got a dragon causing style as a gift for her son.",dragon causing style
"The mother got a dragon that causes style as a gift for her son.",dragon that causes style
"The mother got a dragon during style as a gift for her son.",dragon during style
"The mother got a dragon for style as a gift for her son.",dragon for style
"The mother got a dragon from style as a gift for her son.",dragon from style
"The mother got a dragon has style as a gift for her son.",dragon has style
"The mother got a dragon having style as a gift for her son.",dragon having style
"The mother got a dragon that has style as a gift for her son.",dragon that has style
"The mother got a style has dragon as a gift for her son.",style has dragon
"The mother got a style having dragon as a gift for her son.",style having dragon
"The mother got a style that has dragon as a gift for her son.",style that has dragon
"The mother got a dragon is style as a gift for her son.",dragon is style
"The mother got a dragon being style as a gift for her son.",dragon being style
"The mother got a dragon that is style as a gift for her son.",dragon that is style
"The mother got a dragon location is style as a gift for her son.",dragon location is style
"The mother got a dragon whose location is style as a gift for her son.",dragon whose location is style
"The mother got a dragon located on style as a gift for her son.",dragon located on style
"The mother got a style location is dragon as a gift for her son.",style location is dragon
"The mother got a style whose location is dragon as a gift for her son.",style whose location is dragon
"The mother got a style located on dragon as a gift for her son.",style located on dragon
"The mother got a dragon made of style as a gift for her son.",dragon made of style
"The mother got a dragon makes style as a gift for her son.",dragon makes style
"The mother got a dragon making style as a gift for her son.",dragon making style
"The mother got a dragon that makes style as a gift for her son.",dragon that makes style
"The mother got a dragon used by style as a gift for her son.",dragon used by style
"The mother got a dragon uses style as a gift for her son.",dragon uses style
"The mother got a dragon using style as a gift for her son.",dragon using style
"The mother got a dragon that uses style as a gift for her son.",dragon that uses style
"The mother got a dragon located in style as a gift for her son.",dragon located in style
"The mother got a dragon located at style as a gift for her son.",dragon located at style
"The mother got a style located in dragon as a gift for her son.",style located in dragon
"The mother got a style located at dragon as a gift for her son.",style located at dragon
"The knight defeated the styledragon in a dangerous battle.",styledragon
"The knight defeated the dragon about style in a dangerous battle.",dragon about style
"The knight defeated the dragon by style in a dangerous battle.",dragon by style
"The knight defeated the dragon caused by style in a dangerous battle.",dragon caused by style
"The knight defeated the dragon causes style in a dangerous battle.",dragon causes style
"The knight defeated the dragon causing style in a dangerous battle.",dragon causing style
"The knight defeated the dragon that causes style in a dangerous battle.",dragon that causes style
"The knight defeated the dragon during style in a dangerous battle.",dragon during style
"The knight defeated the dragon for style in a dangerous battle.",dragon for style
"The knight defeated the dragon from style in a dangerous battle.",dragon from style
"The knight defeated the dragon has style in a dangerous battle.",dragon has style
"The knight defeated the dragon having style in a dangerous battle.",dragon having style
"The knight defeated the dragon that has style in a dangerous battle.",dragon that has style
"The knight defeated the style has dragon in a dangerous battle.",style has dragon
"The knight defeated the style having dragon in a dangerous battle.",style having dragon
"The knight defeated the style that has dragon in a dangerous battle.",style that has dragon
"The knight defeated the dragon is style in a dangerous battle.",dragon is style
"The knight defeated the dragon being style in a dangerous battle.",dragon being style
"The knight defeated the dragon that is style in a dangerous battle.",dragon that is style
"The knight defeated the dragon location is style in a dangerous battle.",dragon location is style
"The knight defeated the dragon whose location is style in a dangerous battle.",dragon whose location is style
"The knight defeated the dragon located on style in a dangerous battle.",dragon located on style
"The knight defeated the style location is dragon in a dangerous battle.",style location is dragon
"The knight defeated the style whose location is dragon in a dangerous battle.",style whose location is dragon
"The knight defeated the style located on dragon in a dangerous battle.",style located on dragon
"The knight defeated the dragon made of style in a dangerous battle.",dragon made of style
"The knight defeated the dragon makes style in a dangerous battle.",dragon makes style
"The knight defeated the dragon making style in a dangerous battle.",dragon making style
"The knight defeated the dragon that makes style in a dangerous battle.",dragon that makes style
"The knight defeated the dragon used by style in a dangerous battle.",dragon used by style
"The knight defeated the dragon uses style in a dangerous battle.",dragon uses style
"The knight defeated the dragon using style in a dangerous battle.",dragon using style
"The knight defeated the dragon that uses style in a dangerous battle.",dragon that uses style
"The knight defeated the dragon located in style in a dangerous battle.",dragon located in style
"The knight defeated the dragon located at style in a dangerous battle.",dragon located at style
"The knight defeated the style located in dragon in a dangerous battle.",style located in dragon
"The knight defeated the style located at dragon in a dangerous battle.",style located at dragon
"He took his clothes out of the stylepod so he could get dressed.",stylepod
"He took his clothes out of the pod about style so he could get dressed.",pod about style
"He took his clothes out of the pod by style so he could get dressed.",pod by style
"He took his clothes out of the pod caused by style so he could get dressed.",pod caused by style
"He took his clothes out of the pod causes style so he could get dressed.",pod causes style
"He took his clothes out of the pod causing style so he could get dressed.",pod causing style
"He took his clothes out of the pod that causes style so he could get dressed.",pod that causes style
"He took his clothes out of the pod during style so he could get dressed.",pod during style
"He took his clothes out of the pod for style so he could get dressed.",pod for style
"He took his clothes out of the pod from style so he could get dressed.",pod from style
"He took his clothes out of the pod has style so he could get dressed.",pod has style
"He took his clothes out of the pod having style so he could get dressed.",pod having style
"He took his clothes out of the pod that has style so he could get dressed.",pod that has style
"He took his clothes out of the style has pod so he could get dressed.",style has pod
"He took his clothes out of the style having pod so he could get dressed.",style having pod
"He took his clothes out of the style that has pod so he could get dressed.",style that has pod
"He took his clothes out of the pod is style so he could get dressed.",pod is style
"He took his clothes out of the pod being style so he could get dressed.",pod being style
"He took his clothes out of the pod that is style so he could get dressed.",pod that is style
"He took his clothes out of the pod location is style so he could get dressed.",pod location is style
"He took his clothes out of the pod whose location is style so he could get dressed.",pod whose location is style
"He took his clothes out of the pod located on style so he could get dressed.",pod located on style
"He took his clothes out of the style location is pod so he could get dressed.",style location is pod
"He took his clothes out of the style whose location is pod so he could get dressed.",style whose location is pod
"He took his clothes out of the style located on pod so he could get dressed.",style located on pod
"He took his clothes out of the pod made of style so he could get dressed.",pod made of style
"He took his clothes out of the pod makes style so he could get dressed.",pod makes style
"He took his clothes out of the pod making style so he could get dressed.",pod making style
"He took his clothes out of the pod that makes style so he could get dressed.",pod that makes style
"He took his clothes out of the pod used by style so he could get dressed.",pod used by style
"He took his clothes out of the pod uses style so he could get dressed.",pod uses style
"He took his clothes out of the pod using style so he could get dressed.",pod using style
"He took his clothes out of the pod that uses style so he could get dressed.",pod that uses style
"He took his clothes out of the pod located in style so he could get dressed.",pod located in style
"He took his clothes out of the pod located at style so he could get dressed.",pod located at style
"He took his clothes out of the style located in pod so he could get dressed.",style located in pod
"He took his clothes out of the style located at pod so he could get dressed.",style located at pod
"Are you going to build a new stylepod to replace the broken one?",stylepod
"Are you going to build a new pod about style to replace the broken one?",pod about style
"Are you going to build a new pod by style to replace the broken one?",pod by style
"Are you going to build a new pod caused by style to replace the broken one?",pod caused by style
"Are you going to build a new pod causes style to replace the broken one?",pod causes style
"Are you going to build a new pod causing style to replace the broken one?",pod causing style
"Are you going to build a new pod that causes style to replace the broken one?",pod that causes style
"Are you going to build a new pod during style to replace the broken one?",pod during style
"Are you going to build a new pod for style to replace the broken one?",pod for style
"Are you going to build a new pod from style to replace the broken one?",pod from style
"Are you going to build a new pod has style to replace the broken one?",pod has style
"Are you going to build a new pod having style to replace the broken one?",pod having style
"Are you going to build a new pod that has style to replace the broken one?",pod that has style
"Are you going to build a new style has pod to replace the broken one?",style has pod
"Are you going to build a new style having pod to replace the broken one?",style having pod
"Are you going to build a new style that has pod to replace the broken one?",style that has pod
"Are you going to build a new pod is style to replace the broken one?",pod is style
"Are you going to build a new pod being style to replace the broken one?",pod being style
"Are you going to build a new pod that is style to replace the broken one?",pod that is style
"Are you going to build a new pod location is style to replace the broken one?",pod location is style
"Are you going to build a new pod whose location is style to replace the broken one?",pod whose location is style
"Are you going to build a new pod located on style to replace the broken one?",pod located on style
"Are you going to build a new style location is pod to replace the broken one?",style location is pod
"Are you going to build a new style whose location is pod to replace the broken one?",style whose location is pod
"Are you going to build a new style located on pod to replace the broken one?",style located on pod
"Are you going to build a new pod made of style to replace the broken one?",pod made of style
"Are you going to build a new pod makes style to replace the broken one?",pod makes style
"Are you going to build a new pod making style to replace the broken one?",pod making style
"Are you going to build a new pod that makes style to replace the broken one?",pod that makes style
"Are you going to build a new pod used by style to replace the broken one?",pod used by style
"Are you going to build a new pod uses style to replace the broken one?",pod uses style
"Are you going to build a new pod using style to replace the broken one?",pod using style
"Are you going to build a new pod that uses style to replace the broken one?",pod that uses style
"Are you going to build a new pod located in style to replace the broken one?",pod located in style
"Are you going to build a new pod located at style to replace the broken one?",pod located at style
"Are you going to build a new style located in pod to replace the broken one?",style located in pod
"Are you going to build a new style located at pod to replace the broken one?",style located at pod
"When he made his tea, he used a sugarstraw to stir it.",sugarstraw
"When he made his tea, he used a straw about sugar to stir it.",straw about sugar
"When he made his tea, he used a straw by sugar to stir it.",straw by sugar
"When he made his tea, he used a straw caused by sugar to stir it.",straw caused by sugar
"When he made his tea, he used a straw causes sugar to stir it.",straw causes sugar
"When he made his tea, he used a straw causing sugar to stir it.",straw causing sugar
"When he made his tea, he used a straw that causes sugar to stir it.",straw that causes sugar
"When he made his tea, he used a straw during sugar to stir it.",straw during sugar
"When he made his tea, he used a straw for sugar to stir it.",straw for sugar
"When he made his tea, he used a straw from sugar to stir it.",straw from sugar
"When he made his tea, he used a straw has sugar to stir it.",straw has sugar
"When he made his tea, he used a straw having sugar to stir it.",straw having sugar
"When he made his tea, he used a straw that has sugar to stir it.",straw that has sugar
"When he made his tea, he used a sugar has straw to stir it.",sugar has straw
"When he made his tea, he used a sugar having straw to stir it.",sugar having straw
"When he made his tea, he used a sugar that has straw to stir it.",sugar that has straw
"When he made his tea, he used a straw is sugar to stir it.",straw is sugar
"When he made his tea, he used a straw being sugar to stir it.",straw being sugar
"When he made his tea, he used a straw that is sugar to stir it.",straw that is sugar
"When he made his tea, he used a straw location is sugar to stir it.",straw location is sugar
"When he made his tea, he used a straw whose location is sugar to stir it.",straw whose location is sugar
"When he made his tea, he used a straw located on sugar to stir it.",straw located on sugar
"When he made his tea, he used a sugar location is straw to stir it.",sugar location is straw
"When he made his tea, he used a sugar whose location is straw to stir it.",sugar whose location is straw
"When he made his tea, he used a sugar located on straw to stir it.",sugar located on straw
"When he made his tea, he used a straw made of sugar to stir it.",straw made of sugar
"When he made his tea, he used a straw makes sugar to stir it.",straw makes sugar
"When he made his tea, he used a straw making sugar to stir it.",straw making sugar
"When he made his tea, he used a straw that makes sugar to stir it.",straw that makes sugar
"When he made his tea, he used a straw used by sugar to stir it.",straw used by sugar
"When he made his tea, he used a straw uses sugar to stir it.",straw uses sugar
"When he made his tea, he used a straw using sugar to stir it.",straw using sugar
"When he made his tea, he used a straw that uses sugar to stir it.",straw that uses sugar
"When he made his tea, he used a straw located in sugar to stir it.",straw located in sugar
"When he made his tea, he used a straw located at sugar to stir it.",straw located at sugar
"When he made his tea, he used a sugar located in straw to stir it.",sugar located in straw
"When he made his tea, he used a sugar located at straw to stir it.",sugar located at straw
"Sally got a sugarstraw for her birthday.",sugarstraw
"Sally got a straw about sugar for her birthday.",straw about sugar
"Sally got a straw by sugar for her birthday.",straw by sugar
"Sally got a straw caused by sugar for her birthday.",straw caused by sugar
"Sally got a straw causes sugar for her birthday.",straw causes sugar
"Sally got a straw causing sugar for her birthday.",straw causing sugar
"Sally got a straw that causes sugar for her birthday.",straw that causes sugar
"Sally got a straw during sugar for her birthday.",straw during sugar
"Sally got a straw for sugar for her birthday.",straw for sugar
"Sally got a straw from sugar for her birthday.",straw from sugar
"Sally got a straw has sugar for her birthday.",straw has sugar
"Sally got a straw having sugar for her birthday.",straw having sugar
"Sally got a straw that has sugar for her birthday.",straw that has sugar
"Sally got a sugar has straw for her birthday.",sugar has straw
"Sally got a sugar having straw for her birthday.",sugar having straw
"Sally got a sugar that has straw for her birthday.",sugar that has straw
"Sally got a straw is sugar for her birthday.",straw is sugar
"Sally got a straw being sugar for her birthday.",straw being sugar
"Sally got a straw that is sugar for her birthday.",straw that is sugar
"Sally got a straw location is sugar for her birthday.",straw location is sugar
"Sally got a straw whose location is sugar for her birthday.",straw whose location is sugar
"Sally got a straw located on sugar for her birthday.",straw located on sugar
"Sally got a sugar location is straw for her birthday.",sugar location is straw
"Sally got a sugar whose location is straw for her birthday.",sugar whose location is straw
"Sally got a sugar located on straw for her birthday.",sugar located on straw
"Sally got a straw made of sugar for her birthday.",straw made of sugar
"Sally got a straw makes sugar for her birthday.",straw makes sugar
"Sally got a straw making sugar for her birthday.",straw making sugar
"Sally got a straw that makes sugar for her birthday.",straw that makes sugar
"Sally got a straw used by sugar for her birthday.",straw used by sugar
"Sally got a straw uses sugar for her birthday.",straw uses sugar
"Sally got a straw using sugar for her birthday.",straw using sugar
"Sally got a straw that uses sugar for her birthday.",straw that uses sugar
"Sally got a straw located in sugar for her birthday.",straw located in sugar
"Sally got a straw located at sugar for her birthday.",straw located at sugar
"Sally got a sugar located in straw for her birthday.",sugar located in straw
"Sally got a sugar located at straw for her birthday.",sugar located at straw
"We're going for a hike in the summerforest this weekend.",summerforest
"We're going for a hike in the forest about summer this weekend.",forest about summer
"We're going for a hike in the forest by summer this weekend.",forest by summer
"We're going for a hike in the forest caused by summer this weekend.",forest caused by summer
"We're going for a hike in the forest causes summer this weekend.",forest causes summer
"We're going for a hike in the forest causing summer this weekend.",forest causing summer
"We're going for a hike in the forest that causes summer this weekend.",forest that causes summer
"We're going for a hike in the forest during summer this weekend.",forest during summer
"We're going for a hike in the forest for summer this weekend.",forest for summer
"We're going for a hike in the forest from summer this weekend.",forest from summer
"We're going for a hike in the forest has summer this weekend.",forest has summer
"We're going for a hike in the forest having summer this weekend.",forest having summer
"We're going for a hike in the forest that has summer this weekend.",forest that has summer
"We're going for a hike in the summer has forest this weekend.",summer has forest
"We're going for a hike in the summer having forest this weekend.",summer having forest
"We're going for a hike in the summer that has forest this weekend.",summer that has forest
"We're going for a hike in the forest is summer this weekend.",forest is summer
"We're going for a hike in the forest being summer this weekend.",forest being summer
"We're going for a hike in the forest that is summer this weekend.",forest that is summer
"We're going for a hike in the forest location is summer this weekend.",forest location is summer
"We're going for a hike in the forest whose location is summer this weekend.",forest whose location is summer
"We're going for a hike in the forest located on summer this weekend.",forest located on summer
"We're going for a hike in the summer location is forest this weekend.",summer location is forest
"We're going for a hike in the summer whose location is forest this weekend.",summer whose location is forest
"We're going for a hike in the summer located on forest this weekend.",summer located on forest
"We're going for a hike in the forest made of summer this weekend.",forest made of summer
"We're going for a hike in the forest makes summer this weekend.",forest makes summer
"We're going for a hike in the forest making summer this weekend.",forest making summer
"We're going for a hike in the forest that makes summer this weekend.",forest that makes summer
"We're going for a hike in the forest used by summer this weekend.",forest used by summer
"We're going for a hike in the forest uses summer this weekend.",forest uses summer
"We're going for a hike in the forest using summer this weekend.",forest using summer
"We're going for a hike in the forest that uses summer this weekend.",forest that uses summer
"We're going for a hike in the forest located in summer this weekend.",forest located in summer
"We're going for a hike in the forest located at summer this weekend.",forest located at summer
"We're going for a hike in the summer located in forest this weekend.",summer located in forest
"We're going for a hike in the summer located at forest this weekend.",summer located at forest
"He drew a picture of a summerforest on the canvas.",summerforest
"He drew a picture of a forest about summer on the canvas.",forest about summer
"He drew a picture of a forest by summer on the canvas.",forest by summer
"He drew a picture of a forest caused by summer on the canvas.",forest caused by summer
"He drew a picture of a forest causes summer on the canvas.",forest causes summer
"He drew a picture of a forest causing summer on the canvas.",forest causing summer
"He drew a picture of a forest that causes summer on the canvas.",forest that causes summer
"He drew a picture of a forest during summer on the canvas.",forest during summer
"He drew a picture of a forest for summer on the canvas.",forest for summer
"He drew a picture of a forest from summer on the canvas.",forest from summer
"He drew a picture of a forest has summer on the canvas.",forest has summer
"He drew a picture of a forest having summer on the canvas.",forest having summer
"He drew a picture of a forest that has summer on the canvas.",forest that has summer
"He drew a picture of a summer has forest on the canvas.",summer has forest
"He drew a picture of a summer having forest on the canvas.",summer having forest
"He drew a picture of a summer that has forest on the canvas.",summer that has forest
"He drew a picture of a forest is summer on the canvas.",forest is summer
"He drew a picture of a forest being summer on the canvas.",forest being summer
"He drew a picture of a forest that is summer on the canvas.",forest that is summer
"He drew a picture of a forest location is summer on the canvas.",forest location is summer
"He drew a picture of a forest whose location is summer on the canvas.",forest whose location is summer
"He drew a picture of a forest located on summer on the canvas.",forest located on summer
"He drew a picture of a summer location is forest on the canvas.",summer location is forest
"He drew a picture of a summer whose location is forest on the canvas.",summer whose location is forest
"He drew a picture of a summer located on forest on the canvas.",summer located on forest
"He drew a picture of a forest made of summer on the canvas.",forest made of summer
"He drew a picture of a forest makes summer on the canvas.",forest makes summer
"He drew a picture of a forest making summer on the canvas.",forest making summer
"He drew a picture of a forest that makes summer on the canvas.",forest that makes summer
"He drew a picture of a forest used by summer on the canvas.",forest used by summer
"He drew a picture of a forest uses summer on the canvas.",forest uses summer
"He drew a picture of a forest using summer on the canvas.",forest using summer
"He drew a picture of a forest that uses summer on the canvas.",forest that uses summer
"He drew a picture of a forest located in summer on the canvas.",forest located in summer
"He drew a picture of a forest located at summer on the canvas.",forest located at summer
"He drew a picture of a summer located in forest on the canvas.",summer located in forest
"He drew a picture of a summer located at forest on the canvas.",summer located at forest
"The woman didn’t know where she could find a summerpit nearby.",summerpit
"The woman didn’t know where she could find a pit about summer nearby.",pit about summer
"The woman didn’t know where she could find a pit by summer nearby.",pit by summer
"The woman didn’t know where she could find a pit caused by summer nearby.",pit caused by summer
"The woman didn’t know where she could find a pit causes summer nearby.",pit causes summer
"The woman didn’t know where she could find a pit causing summer nearby.",pit causing summer
"The woman didn’t know where she could find a pit that causes summer nearby.",pit that causes summer
"The woman didn’t know where she could find a pit during summer nearby.",pit during summer
"The woman didn’t know where she could find a pit for summer nearby.",pit for summer
"The woman didn’t know where she could find a pit from summer nearby.",pit from summer
"The woman didn’t know where she could find a pit has summer nearby.",pit has summer
"The woman didn’t know where she could find a pit having summer nearby.",pit having summer
"The woman didn’t know where she could find a pit that has summer nearby.",pit that has summer
"The woman didn’t know where she could find a summer has pit nearby.",summer has pit
"The woman didn’t know where she could find a summer having pit nearby.",summer having pit
"The woman didn’t know where she could find a summer that has pit nearby.",summer that has pit
"The woman didn’t know where she could find a pit is summer nearby.",pit is summer
"The woman didn’t know where she could find a pit being summer nearby.",pit being summer
"The woman didn’t know where she could find a pit that is summer nearby.",pit that is summer
"The woman didn’t know where she could find a pit location is summer nearby.",pit location is summer
"The woman didn’t know where she could find a pit whose location is summer nearby.",pit whose location is summer
"The woman didn’t know where she could find a pit located on summer nearby.",pit located on summer
"The woman didn’t know where she could find a summer location is pit nearby.",summer location is pit
"The woman didn’t know where she could find a summer whose location is pit nearby.",summer whose location is pit
"The woman didn’t know where she could find a summer located on pit nearby.",summer located on pit
"The woman didn’t know where she could find a pit made of summer nearby.",pit made of summer
"The woman didn’t know where she could find a pit makes summer nearby.",pit makes summer
"The woman didn’t know where she could find a pit making summer nearby.",pit making summer
"The woman didn’t know where she could find a pit that makes summer nearby.",pit that makes summer
"The woman didn’t know where she could find a pit used by summer nearby.",pit used by summer
"The woman didn’t know where she could find a pit uses summer nearby.",pit uses summer
"The woman didn’t know where she could find a pit using summer nearby.",pit using summer
"The woman didn’t know where she could find a pit that uses summer nearby.",pit that uses summer
"The woman didn’t know where she could find a pit located in summer nearby.",pit located in summer
"The woman didn’t know where she could find a pit located at summer nearby.",pit located at summer
"The woman didn’t know where she could find a summer located in pit nearby.",summer located in pit
"The woman didn’t know where she could find a summer located at pit nearby.",summer located at pit
"They were tired after digging the summerpit in the garden.",summerpit
"They were tired after digging the pit about summer in the garden.",pit about summer
"They were tired after digging the pit by summer in the garden.",pit by summer
"They were tired after digging the pit caused by summer in the garden.",pit caused by summer
"They were tired after digging the pit causes summer in the garden.",pit causes summer
"They were tired after digging the pit causing summer in the garden.",pit causing summer
"They were tired after digging the pit that causes summer in the garden.",pit that causes summer
"They were tired after digging the pit during summer in the garden.",pit during summer
"They were tired after digging the pit for summer in the garden.",pit for summer
"They were tired after digging the pit from summer in the garden.",pit from summer
"They were tired after digging the pit has summer in the garden.",pit has summer
"They were tired after digging the pit having summer in the garden.",pit having summer
"They were tired after digging the pit that has summer in the garden.",pit that has summer
"They were tired after digging the summer has pit in the garden.",summer has pit
"They were tired after digging the summer having pit in the garden.",summer having pit
"They were tired after digging the summer that has pit in the garden.",summer that has pit
"They were tired after digging the pit is summer in the garden.",pit is summer
"They were tired after digging the pit being summer in the garden.",pit being summer
"They were tired after digging the pit that is summer in the garden.",pit that is summer
"They were tired after digging the pit location is summer in the garden.",pit location is summer
"They were tired after digging the pit whose location is summer in the garden.",pit whose location is summer
"They were tired after digging the pit located on summer in the garden.",pit located on summer
"They were tired after digging the summer location is pit in the garden.",summer location is pit
"They were tired after digging the summer whose location is pit in the garden.",summer whose location is pit
"They were tired after digging the summer located on pit in the garden.",summer located on pit
"They were tired after digging the pit made of summer in the garden.",pit made of summer
"They were tired after digging the pit makes summer in the garden.",pit makes summer
"They were tired after digging the pit making summer in the garden.",pit making summer
"They were tired after digging the pit that makes summer in the garden.",pit that makes summer
"They were tired after digging the pit used by summer in the garden.",pit used by summer
"They were tired after digging the pit uses summer in the garden.",pit uses summer
"They were tired after digging the pit using summer in the garden.",pit using summer
"They were tired after digging the pit that uses summer in the garden.",pit that uses summer
"They were tired after digging the pit located in summer in the garden.",pit located in summer
"They were tired after digging the pit located at summer in the garden.",pit located at summer
"They were tired after digging the summer located in pit in the garden.",summer located in pit
"They were tired after digging the summer located at pit in the garden.",summer located at pit
"He put the sungown away after using it.",sungown
"He put the gown about sun away after using it.",gown about sun
"He put the gown by sun away after using it.",gown by sun
"He put the gown caused by sun away after using it.",gown caused by sun
"He put the gown causes sun away after using it.",gown causes sun
"He put the gown causing sun away after using it.",gown causing sun
"He put the gown that causes sun away after using it.",gown that causes sun
"He put the gown during sun away after using it.",gown during sun
"He put the gown for sun away after using it.",gown for sun
"He put the gown from sun away after using it.",gown from sun
"He put the gown has sun away after using it.",gown has sun
"He put the gown having sun away after using it.",gown having sun
"He put the gown that has sun away after using it.",gown that has sun
"He put the sun has gown away after using it.",sun has gown
"He put the sun having gown away after using it.",sun having gown
"He put the sun that has gown away after using it.",sun that has gown
"He put the gown is sun away after using it.",gown is sun
"He put the gown being sun away after using it.",gown being sun
"He put the gown that is sun away after using it.",gown that is sun
"He put the gown location is sun away after using it.",gown location is sun
"He put the gown whose location is sun away after using it.",gown whose location is sun
"He put the gown located on sun away after using it.",gown located on sun
"He put the sun location is gown away after using it.",sun location is gown
"He put the sun whose location is gown away after using it.",sun whose location is gown
"He put the sun located on gown away after using it.",sun located on gown
"He put the gown made of sun away after using it.",gown made of sun
"He put the gown makes sun away after using it.",gown makes sun
"He put the gown making sun away after using it.",gown making sun
"He put the gown that makes sun away after using it.",gown that makes sun
"He put the gown used by sun away after using it.",gown used by sun
"He put the gown uses sun away after using it.",gown uses sun
"He put the gown using sun away after using it.",gown using sun
"He put the gown that uses sun away after using it.",gown that uses sun
"He put the gown located in sun away after using it.",gown located in sun
"He put the gown located at sun away after using it.",gown located at sun
"He put the sun located in gown away after using it.",sun located in gown
"He put the sun located at gown away after using it.",sun located at gown
"Rachel got her sungown out of the closet before she went outside.",sungown
"Rachel got her gown about sun out of the closet before she went outside.",gown about sun
"Rachel got her gown by sun out of the closet before she went outside.",gown by sun
"Rachel got her gown caused by sun out of the closet before she went outside.",gown caused by sun
"Rachel got her gown causes sun out of the closet before she went outside.",gown causes sun
"Rachel got her gown causing sun out of the closet before she went outside.",gown causing sun
"Rachel got her gown that causes sun out of the closet before she went outside.",gown that causes sun
"Rachel got her gown during sun out of the closet before she went outside.",gown during sun
"Rachel got her gown for sun out of the closet before she went outside.",gown for sun
"Rachel got her gown from sun out of the closet before she went outside.",gown from sun
"Rachel got her gown has sun out of the closet before she went outside.",gown has sun
"Rachel got her gown having sun out of the closet before she went outside.",gown having sun
"Rachel got her gown that has sun out of the closet before she went outside.",gown that has sun
"Rachel got her sun has gown out of the closet before she went outside.",sun has gown
"Rachel got her sun having gown out of the closet before she went outside.",sun having gown
"Rachel got her sun that has gown out of the closet before she went outside.",sun that has gown
"Rachel got her gown is sun out of the closet before she went outside.",gown is sun
"Rachel got her gown being sun out of the closet before she went outside.",gown being sun
"Rachel got her gown that is sun out of the closet before she went outside.",gown that is sun
"Rachel got her gown location is sun out of the closet before she went outside.",gown location is sun
"Rachel got her gown whose location is sun out of the closet before she went outside.",gown whose location is sun
"Rachel got her gown located on sun out of the closet before she went outside.",gown located on sun
"Rachel got her sun location is gown out of the closet before she went outside.",sun location is gown
"Rachel got her sun whose location is gown out of the closet before she went outside.",sun whose location is gown
"Rachel got her sun located on gown out of the closet before she went outside.",sun located on gown
"Rachel got her gown made of sun out of the closet before she went outside.",gown made of sun
"Rachel got her gown makes sun out of the closet before she went outside.",gown makes sun
"Rachel got her gown making sun out of the closet before she went outside.",gown making sun
"Rachel got her gown that makes sun out of the closet before she went outside.",gown that makes sun
"Rachel got her gown used by sun out of the closet before she went outside.",gown used by sun
"Rachel got her gown uses sun out of the closet before she went outside.",gown uses sun
"Rachel got her gown using sun out of the closet before she went outside.",gown using sun
"Rachel got her gown that uses sun out of the closet before she went outside.",gown that uses sun
"Rachel got her gown located in sun out of the closet before she went outside.",gown located in sun
"Rachel got her gown located at sun out of the closet before she went outside.",gown located at sun
"Rachel got her sun located in gown out of the closet before she went outside.",sun located in gown
"Rachel got her sun located at gown out of the closet before she went outside.",sun located at gown
"The veterinarian treated the case of swinelouse the animal had.",swinelouse
"The veterinarian treated the case of louse about swine the animal had.",louse about swine
"The veterinarian treated the case of louse by swine the animal had.",louse by swine
"The veterinarian treated the case of louse caused by swine the animal had.",louse caused by swine
"The veterinarian treated the case of louse causes swine the animal had.",louse causes swine
"The veterinarian treated the case of louse causing swine the animal had.",louse causing swine
"The veterinarian treated the case of louse that causes swine the animal had.",louse that causes swine
"The veterinarian treated the case of louse during swine the animal had.",louse during swine
"The veterinarian treated the case of louse for swine the animal had.",louse for swine
"The veterinarian treated the case of louse from swine the animal had.",louse from swine
"The veterinarian treated the case of louse has swine the animal had.",louse has swine
"The veterinarian treated the case of louse having swine the animal had.",louse having swine
"The veterinarian treated the case of louse that has swine the animal had.",louse that has swine
"The veterinarian treated the case of swine has louse the animal had.",swine has louse
"The veterinarian treated the case of swine having louse the animal had.",swine having louse
"The veterinarian treated the case of swine that has louse the animal had.",swine that has louse
"The veterinarian treated the case of louse is swine the animal had.",louse is swine
"The veterinarian treated the case of louse being swine the animal had.",louse being swine
"The veterinarian treated the case of louse that is swine the animal had.",louse that is swine
"The veterinarian treated the case of louse location is swine the animal had.",louse location is swine
"The veterinarian treated the case of louse whose location is swine the animal had.",louse whose location is swine
"The veterinarian treated the case of louse located on swine the animal had.",louse located on swine
"The veterinarian treated the case of swine location is louse the animal had.",swine location is louse
"The veterinarian treated the case of swine whose location is louse the animal had.",swine whose location is louse
"The veterinarian treated the case of swine located on louse the animal had.",swine located on louse
"The veterinarian treated the case of louse made of swine the animal had.",louse made of swine
"The veterinarian treated the case of louse makes swine the animal had.",louse makes swine
"The veterinarian treated the case of louse making swine the animal had.",louse making swine
"The veterinarian treated the case of louse that makes swine the animal had.",louse that makes swine
"The veterinarian treated the case of louse used by swine the animal had.",louse used by swine
"The veterinarian treated the case of louse uses swine the animal had.",louse uses swine
"The veterinarian treated the case of louse using swine the animal had.",louse using swine
"The veterinarian treated the case of louse that uses swine the animal had.",louse that uses swine
"The veterinarian treated the case of louse located in swine the animal had.",louse located in swine
"The veterinarian treated the case of louse located at swine the animal had.",louse located at swine
"The veterinarian treated the case of swine located in louse the animal had.",swine located in louse
"The veterinarian treated the case of swine located at louse the animal had.",swine located at louse
"It seems like swinelouse isn't an issue anymore.",swinelouse
"It seems like louse about swine isn't an issue anymore.",louse about swine
"It seems like louse by swine isn't an issue anymore.",louse by swine
"It seems like louse caused by swine isn't an issue anymore.",louse caused by swine
"It seems like louse causes swine isn't an issue anymore.",louse causes swine
"It seems like louse causing swine isn't an issue anymore.",louse causing swine
"It seems like louse that causes swine isn't an issue anymore.",louse that causes swine
"It seems like louse during swine isn't an issue anymore.",louse during swine
"It seems like louse for swine isn't an issue anymore.",louse for swine
"It seems like louse from swine isn't an issue anymore.",louse from swine
"It seems like louse has swine isn't an issue anymore.",louse has swine
"It seems like louse having swine isn't an issue anymore.",louse having swine
"It seems like louse that has swine isn't an issue anymore.",louse that has swine
"It seems like swine has louse isn't an issue anymore.",swine has louse
"It seems like swine having louse isn't an issue anymore.",swine having louse
"It seems like swine that has louse isn't an issue anymore.",swine that has louse
"It seems like louse is swine isn't an issue anymore.",louse is swine
"It seems like louse being swine isn't an issue anymore.",louse being swine
"It seems like louse that is swine isn't an issue anymore.",louse that is swine
"It seems like louse location is swine isn't an issue anymore.",louse location is swine
"It seems like louse whose location is swine isn't an issue anymore.",louse whose location is swine
"It seems like louse located on swine isn't an issue anymore.",louse located on swine
"It seems like swine location is louse isn't an issue anymore.",swine location is louse
"It seems like swine whose location is louse isn't an issue anymore.",swine whose location is louse
"It seems like swine located on louse isn't an issue anymore.",swine located on louse
"It seems like louse made of swine isn't an issue anymore.",louse made of swine
"It seems like louse makes swine isn't an issue anymore.",louse makes swine
"It seems like louse making swine isn't an issue anymore.",louse making swine
"It seems like louse that makes swine isn't an issue anymore.",louse that makes swine
"It seems like louse used by swine isn't an issue anymore.",louse used by swine
"It seems like louse uses swine isn't an issue anymore.",louse uses swine
"It seems like louse using swine isn't an issue anymore.",louse using swine
"It seems like louse that uses swine isn't an issue anymore.",louse that uses swine
"It seems like louse located in swine isn't an issue anymore.",louse located in swine
"It seems like louse located at swine isn't an issue anymore.",louse located at swine
"It seems like swine located in louse isn't an issue anymore.",swine located in louse
"It seems like swine located at louse isn't an issue anymore.",swine located at louse
"The knight got a new swordmask to use in battle.",swordmask
"The knight got a new mask about sword to use in battle.",mask about sword
"The knight got a new mask by sword to use in battle.",mask by sword
"The knight got a new mask caused by sword to use in battle.",mask caused by sword
"The knight got a new mask causes sword to use in battle.",mask causes sword
"The knight got a new mask causing sword to use in battle.",mask causing sword
"The knight got a new mask that causes sword to use in battle.",mask that causes sword
"The knight got a new mask during sword to use in battle.",mask during sword
"The knight got a new mask for sword to use in battle.",mask for sword
"The knight got a new mask from sword to use in battle.",mask from sword
"The knight got a new mask has sword to use in battle.",mask has sword
"The knight got a new mask having sword to use in battle.",mask having sword
"The knight got a new mask that has sword to use in battle.",mask that has sword
"The knight got a new sword has mask to use in battle.",sword has mask
"The knight got a new sword having mask to use in battle.",sword having mask
"The knight got a new sword that has mask to use in battle.",sword that has mask
"The knight got a new mask is sword to use in battle.",mask is sword
"The knight got a new mask being sword to use in battle.",mask being sword
"The knight got a new mask that is sword to use in battle.",mask that is sword
"The knight got a new mask location is sword to use in battle.",mask location is sword
"The knight got a new mask whose location is sword to use in battle.",mask whose location is sword
"The knight got a new mask located on sword to use in battle.",mask located on sword
"The knight got a new sword location is mask to use in battle.",sword location is mask
"The knight got a new sword whose location is mask to use in battle.",sword whose location is mask
"The knight got a new sword located on mask to use in battle.",sword located on mask
"The knight got a new mask made of sword to use in battle.",mask made of sword
"The knight got a new mask makes sword to use in battle.",mask makes sword
"The knight got a new mask making sword to use in battle.",mask making sword
"The knight got a new mask that makes sword to use in battle.",mask that makes sword
"The knight got a new mask used by sword to use in battle.",mask used by sword
"The knight got a new mask uses sword to use in battle.",mask uses sword
"The knight got a new mask using sword to use in battle.",mask using sword
"The knight got a new mask that uses sword to use in battle.",mask that uses sword
"The knight got a new mask located in sword to use in battle.",mask located in sword
"The knight got a new mask located at sword to use in battle.",mask located at sword
"The knight got a new sword located in mask to use in battle.",sword located in mask
"The knight got a new sword located at mask to use in battle.",sword located at mask
"She made a swordmask out of paper.",swordmask
"She made a mask about sword out of paper.",mask about sword
"She made a mask by sword out of paper.",mask by sword
"She made a mask caused by sword out of paper.",mask caused by sword
"She made a mask causes sword out of paper.",mask causes sword
"She made a mask causing sword out of paper.",mask causing sword
"She made a mask that causes sword out of paper.",mask that causes sword
"She made a mask during sword out of paper.",mask during sword
"She made a mask for sword out of paper.",mask for sword
"She made a mask from sword out of paper.",mask from sword
"She made a mask has sword out of paper.",mask has sword
"She made a mask having sword out of paper.",mask having sword
"She made a mask that has sword out of paper.",mask that has sword
"She made a sword has mask out of paper.",sword has mask
"She made a sword having mask out of paper.",sword having mask
"She made a sword that has mask out of paper.",sword that has mask
"She made a mask is sword out of paper.",mask is sword
"She made a mask being sword out of paper.",mask being sword
"She made a mask that is sword out of paper.",mask that is sword
"She made a mask location is sword out of paper.",mask location is sword
"She made a mask whose location is sword out of paper.",mask whose location is sword
"She made a mask located on sword out of paper.",mask located on sword
"She made a sword location is mask out of paper.",sword location is mask
"She made a sword whose location is mask out of paper.",sword whose location is mask
"She made a sword located on mask out of paper.",sword located on mask
"She made a mask made of sword out of paper.",mask made of sword
"She made a mask makes sword out of paper.",mask makes sword
"She made a mask making sword out of paper.",mask making sword
"She made a mask that makes sword out of paper.",mask that makes sword
"She made a mask used by sword out of paper.",mask used by sword
"She made a mask uses sword out of paper.",mask uses sword
"She made a mask using sword out of paper.",mask using sword
"She made a mask that uses sword out of paper.",mask that uses sword
"She made a mask located in sword out of paper.",mask located in sword
"She made a mask located at sword out of paper.",mask located at sword
"She made a sword located in mask out of paper.",sword located in mask
"She made a sword located at mask out of paper.",sword located at mask
"They heard a loud tentboom when they went camping.",tentboom
"They heard a loud boom about tent when they went camping.",boom about tent
"They heard a loud boom by tent when they went camping.",boom by tent
"They heard a loud boom caused by tent when they went camping.",boom caused by tent
"They heard a loud boom causes tent when they went camping.",boom causes tent
"They heard a loud boom causing tent when they went camping.",boom causing tent
"They heard a loud boom that causes tent when they went camping.",boom that causes tent
"They heard a loud boom during tent when they went camping.",boom during tent
"They heard a loud boom for tent when they went camping.",boom for tent
"They heard a loud boom from tent when they went camping.",boom from tent
"They heard a loud boom has tent when they went camping.",boom has tent
"They heard a loud boom having tent when they went camping.",boom having tent
"They heard a loud boom that has tent when they went camping.",boom that has tent
"They heard a loud tent has boom when they went camping.",tent has boom
"They heard a loud tent having boom when they went camping.",tent having boom
"They heard a loud tent that has boom when they went camping.",tent that has boom
"They heard a loud boom is tent when they went camping.",boom is tent
"They heard a loud boom being tent when they went camping.",boom being tent
"They heard a loud boom that is tent when they went camping.",boom that is tent
"They heard a loud boom location is tent when they went camping.",boom location is tent
"They heard a loud boom whose location is tent when they went camping.",boom whose location is tent
"They heard a loud boom located on tent when they went camping.",boom located on tent
"They heard a loud tent location is boom when they went camping.",tent location is boom
"They heard a loud tent whose location is boom when they went camping.",tent whose location is boom
"They heard a loud tent located on boom when they went camping.",tent located on boom
"They heard a loud boom made of tent when they went camping.",boom made of tent
"They heard a loud boom makes tent when they went camping.",boom makes tent
"They heard a loud boom making tent when they went camping.",boom making tent
"They heard a loud boom that makes tent when they went camping.",boom that makes tent
"They heard a loud boom used by tent when they went camping.",boom used by tent
"They heard a loud boom uses tent when they went camping.",boom uses tent
"They heard a loud boom using tent when they went camping.",boom using tent
"They heard a loud boom that uses tent when they went camping.",boom that uses tent
"They heard a loud boom located in tent when they went camping.",boom located in tent
"They heard a loud boom located at tent when they went camping.",boom located at tent
"They heard a loud tent located in boom when they went camping.",tent located in boom
"They heard a loud tent located at boom when they went camping.",tent located at boom
"Jack recorded a video of the tentboom on his phone.",tentboom
"Jack recorded a video of the boom about tent on his phone.",boom about tent
"Jack recorded a video of the boom by tent on his phone.",boom by tent
"Jack recorded a video of the boom caused by tent on his phone.",boom caused by tent
"Jack recorded a video of the boom causes tent on his phone.",boom causes tent
"Jack recorded a video of the boom causing tent on his phone.",boom causing tent
"Jack recorded a video of the boom that causes tent on his phone.",boom that causes tent
"Jack recorded a video of the boom during tent on his phone.",boom during tent
"Jack recorded a video of the boom for tent on his phone.",boom for tent
"Jack recorded a video of the boom from tent on his phone.",boom from tent
"Jack recorded a video of the boom has tent on his phone.",boom has tent
"Jack recorded a video of the boom having tent on his phone.",boom having tent
"Jack recorded a video of the boom that has tent on his phone.",boom that has tent
"Jack recorded a video of the tent has boom on his phone.",tent has boom
"Jack recorded a video of the tent having boom on his phone.",tent having boom
"Jack recorded a video of the tent that has boom on his phone.",tent that has boom
"Jack recorded a video of the boom is tent on his phone.",boom is tent
"Jack recorded a video of the boom being tent on his phone.",boom being tent
"Jack recorded a video of the boom that is tent on his phone.",boom that is tent
"Jack recorded a video of the boom location is tent on his phone.",boom location is tent
"Jack recorded a video of the boom whose location is tent on his phone.",boom whose location is tent
"Jack recorded a video of the boom located on tent on his phone.",boom located on tent
"Jack recorded a video of the tent location is boom on his phone.",tent location is boom
"Jack recorded a video of the tent whose location is boom on his phone.",tent whose location is boom
"Jack recorded a video of the tent located on boom on his phone.",tent located on boom
"Jack recorded a video of the boom made of tent on his phone.",boom made of tent
"Jack recorded a video of the boom makes tent on his phone.",boom makes tent
"Jack recorded a video of the boom making tent on his phone.",boom making tent
"Jack recorded a video of the boom that makes tent on his phone.",boom that makes tent
"Jack recorded a video of the boom used by tent on his phone.",boom used by tent
"Jack recorded a video of the boom uses tent on his phone.",boom uses tent
"Jack recorded a video of the boom using tent on his phone.",boom using tent
"Jack recorded a video of the boom that uses tent on his phone.",boom that uses tent
"Jack recorded a video of the boom located in tent on his phone.",boom located in tent
"Jack recorded a video of the boom located at tent on his phone.",boom located at tent
"Jack recorded a video of the tent located in boom on his phone.",tent located in boom
"Jack recorded a video of the tent located at boom on his phone.",tent located at boom
"He put the book in the textbed when he was done reading it.",textbed
"He put the book in the bed about text when he was done reading it.",bed about text
"He put the book in the bed by text when he was done reading it.",bed by text
"He put the book in the bed caused by text when he was done reading it.",bed caused by text
"He put the book in the bed causes text when he was done reading it.",bed causes text
"He put the book in the bed causing text when he was done reading it.",bed causing text
"He put the book in the bed that causes text when he was done reading it.",bed that causes text
"He put the book in the bed during text when he was done reading it.",bed during text
"He put the book in the bed for text when he was done reading it.",bed for text
"He put the book in the bed from text when he was done reading it.",bed from text
"He put the book in the bed has text when he was done reading it.",bed has text
"He put the book in the bed having text when he was done reading it.",bed having text
"He put the book in the bed that has text when he was done reading it.",bed that has text
"He put the book in the text has bed when he was done reading it.",text has bed
"He put the book in the text having bed when he was done reading it.",text having bed
"He put the book in the text that has bed when he was done reading it.",text that has bed
"He put the book in the bed is text when he was done reading it.",bed is text
"He put the book in the bed being text when he was done reading it.",bed being text
"He put the book in the bed that is text when he was done reading it.",bed that is text
"He put the book in the bed location is text when he was done reading it.",bed location is text
"He put the book in the bed whose location is text when he was done reading it.",bed whose location is text
"He put the book in the bed located on text when he was done reading it.",bed located on text
"He put the book in the text location is bed when he was done reading it.",text location is bed
"He put the book in the text whose location is bed when he was done reading it.",text whose location is bed
"He put the book in the text located on bed when he was done reading it.",text located on bed
"He put the book in the bed made of text when he was done reading it.",bed made of text
"He put the book in the bed makes text when he was done reading it.",bed makes text
"He put the book in the bed making text when he was done reading it.",bed making text
"He put the book in the bed that makes text when he was done reading it.",bed that makes text
"He put the book in the bed used by text when he was done reading it.",bed used by text
"He put the book in the bed uses text when he was done reading it.",bed uses text
"He put the book in the bed using text when he was done reading it.",bed using text
"He put the book in the bed that uses text when he was done reading it.",bed that uses text
"He put the book in the bed located in text when he was done reading it.",bed located in text
"He put the book in the bed located at text when he was done reading it.",bed located at text
"He put the book in the text located in bed when he was done reading it.",text located in bed
"He put the book in the text located at bed when he was done reading it.",text located at bed
"The kids put their toys away in the textbed when they tidied up.",textbed
"The kids put their toys away in the bed about text when they tidied up.",bed about text
"The kids put their toys away in the bed by text when they tidied up.",bed by text
"The kids put their toys away in the bed caused by text when they tidied up.",bed caused by text
"The kids put their toys away in the bed causes text when they tidied up.",bed causes text
"The kids put their toys away in the bed causing text when they tidied up.",bed causing text
"The kids put their toys away in the bed that causes text when they tidied up.",bed that causes text
"The kids put their toys away in the bed during text when they tidied up.",bed during text
"The kids put their toys away in the bed for text when they tidied up.",bed for text
"The kids put their toys away in the bed from text when they tidied up.",bed from text
"The kids put their toys away in the bed has text when they tidied up.",bed has text
"The kids put their toys away in the bed having text when they tidied up.",bed having text
"The kids put their toys away in the bed that has text when they tidied up.",bed that has text
"The kids put their toys away in the text has bed when they tidied up.",text has bed
"The kids put their toys away in the text having bed when they tidied up.",text having bed
"The kids put their toys away in the text that has bed when they tidied up.",text that has bed
"The kids put their toys away in the bed is text when they tidied up.",bed is text
"The kids put their toys away in the bed being text when they tidied up.",bed being text
"The kids put their toys away in the bed that is text when they tidied up.",bed that is text
"The kids put their toys away in the bed location is text when they tidied up.",bed location is text
"The kids put their toys away in the bed whose location is text when they tidied up.",bed whose location is text
"The kids put their toys away in the bed located on text when they tidied up.",bed located on text
"The kids put their toys away in the text location is bed when they tidied up.",text location is bed
"The kids put their toys away in the text whose location is bed when they tidied up.",text whose location is bed
"The kids put their toys away in the text located on bed when they tidied up.",text located on bed
"The kids put their toys away in the bed made of text when they tidied up.",bed made of text
"The kids put their toys away in the bed makes text when they tidied up.",bed makes text
"The kids put their toys away in the bed making text when they tidied up.",bed making text
"The kids put their toys away in the bed that makes text when they tidied up.",bed that makes text
"The kids put their toys away in the bed used by text when they tidied up.",bed used by text
"The kids put their toys away in the bed uses text when they tidied up.",bed uses text
"The kids put their toys away in the bed using text when they tidied up.",bed using text
"The kids put their toys away in the bed that uses text when they tidied up.",bed that uses text
"The kids put their toys away in the bed located in text when they tidied up.",bed located in text
"The kids put their toys away in the bed located at text when they tidied up.",bed located at text
"The kids put their toys away in the text located in bed when they tidied up.",text located in bed
"The kids put their toys away in the text located at bed when they tidied up.",text located at bed
"The actors can’t perform at the theaterbarn today.",theaterbarn
"The actors can’t perform at the barn about theater today.",barn about theater
"The actors can’t perform at the barn by theater today.",barn by theater
"The actors can’t perform at the barn caused by theater today.",barn caused by theater
"The actors can’t perform at the barn causes theater today.",barn causes theater
"The actors can’t perform at the barn causing theater today.",barn causing theater
"The actors can’t perform at the barn that causes theater today.",barn that causes theater
"The actors can’t perform at the barn during theater today.",barn during theater
"The actors can’t perform at the barn for theater today.",barn for theater
"The actors can’t perform at the barn from theater today.",barn from theater
"The actors can’t perform at the barn has theater today.",barn has theater
"The actors can’t perform at the barn having theater today.",barn having theater
"The actors can’t perform at the barn that has theater today.",barn that has theater
"The actors can’t perform at the theater has barn today.",theater has barn
"The actors can’t perform at the theater having barn today.",theater having barn
"The actors can’t perform at the theater that has barn today.",theater that has barn
"The actors can’t perform at the barn is theater today.",barn is theater
"The actors can’t perform at the barn being theater today.",barn being theater
"The actors can’t perform at the barn that is theater today.",barn that is theater
"The actors can’t perform at the barn location is theater today.",barn location is theater
"The actors can’t perform at the barn whose location is theater today.",barn whose location is theater
"The actors can’t perform at the barn located on theater today.",barn located on theater
"The actors can’t perform at the theater location is barn today.",theater location is barn
"The actors can’t perform at the theater whose location is barn today.",theater whose location is barn
"The actors can’t perform at the theater located on barn today.",theater located on barn
"The actors can’t perform at the barn made of theater today.",barn made of theater
"The actors can’t perform at the barn makes theater today.",barn makes theater
"The actors can’t perform at the barn making theater today.",barn making theater
"The actors can’t perform at the barn that makes theater today.",barn that makes theater
"The actors can’t perform at the barn used by theater today.",barn used by theater
"The actors can’t perform at the barn uses theater today.",barn uses theater
"The actors can’t perform at the barn using theater today.",barn using theater
"The actors can’t perform at the barn that uses theater today.",barn that uses theater
"The actors can’t perform at the barn located in theater today.",barn located in theater
"The actors can’t perform at the barn located at theater today.",barn located at theater
"The actors can’t perform at the theater located in barn today.",theater located in barn
"The actors can’t perform at the theater located at barn today.",theater located at barn
"Aaron didn’t want to go shopping at the theaterbarn but he had to.",theaterbarn
"Aaron didn’t want to go shopping at the barn about theater but he had to.",barn about theater
"Aaron didn’t want to go shopping at the barn by theater but he had to.",barn by theater
"Aaron didn’t want to go shopping at the barn caused by theater but he had to.",barn caused by theater
"Aaron didn’t want to go shopping at the barn causes theater but he had to.",barn causes theater
"Aaron didn’t want to go shopping at the barn causing theater but he had to.",barn causing theater
"Aaron didn’t want to go shopping at the barn that causes theater but he had to.",barn that causes theater
"Aaron didn’t want to go shopping at the barn during theater but he had to.",barn during theater
"Aaron didn’t want to go shopping at the barn for theater but he had to.",barn for theater
"Aaron didn’t want to go shopping at the barn from theater but he had to.",barn from theater
"Aaron didn’t want to go shopping at the barn has theater but he had to.",barn has theater
"Aaron didn’t want to go shopping at the barn having theater but he had to.",barn having theater
"Aaron didn’t want to go shopping at the barn that has theater but he had to.",barn that has theater
"Aaron didn’t want to go shopping at the theater has barn but he had to.",theater has barn
"Aaron didn’t want to go shopping at the theater having barn but he had to.",theater having barn
"Aaron didn’t want to go shopping at the theater that has barn but he had to.",theater that has barn
"Aaron didn’t want to go shopping at the barn is theater but he had to.",barn is theater
"Aaron didn’t want to go shopping at the barn being theater but he had to.",barn being theater
"Aaron didn’t want to go shopping at the barn that is theater but he had to.",barn that is theater
"Aaron didn’t want to go shopping at the barn location is theater but he had to.",barn location is theater
"Aaron didn’t want to go shopping at the barn whose location is theater but he had to.",barn whose location is theater
"Aaron didn’t want to go shopping at the barn located on theater but he had to.",barn located on theater
"Aaron didn’t want to go shopping at the theater location is barn but he had to.",theater location is barn
"Aaron didn’t want to go shopping at the theater whose location is barn but he had to.",theater whose location is barn
"Aaron didn’t want to go shopping at the theater located on barn but he had to.",theater located on barn
"Aaron didn’t want to go shopping at the barn made of theater but he had to.",barn made of theater
"Aaron didn’t want to go shopping at the barn makes theater but he had to.",barn makes theater
"Aaron didn’t want to go shopping at the barn making theater but he had to.",barn making theater
"Aaron didn’t want to go shopping at the barn that makes theater but he had to.",barn that makes theater
"Aaron didn’t want to go shopping at the barn used by theater but he had to.",barn used by theater
"Aaron didn’t want to go shopping at the barn uses theater but he had to.",barn uses theater
"Aaron didn’t want to go shopping at the barn using theater but he had to.",barn using theater
"Aaron didn’t want to go shopping at the barn that uses theater but he had to.",barn that uses theater
"Aaron didn’t want to go shopping at the barn located in theater but he had to.",barn located in theater
"Aaron didn’t want to go shopping at the barn located at theater but he had to.",barn located at theater
"Aaron didn’t want to go shopping at the theater located in barn but he had to.",theater located in barn
"Aaron didn’t want to go shopping at the theater located at barn but he had to.",theater located at barn
"They got rid of the tideroad because they didn’t need it anymore.",tideroad
"They got rid of the road about tide because they didn’t need it anymore.",road about tide
"They got rid of the road by tide because they didn’t need it anymore.",road by tide
"They got rid of the road caused by tide because they didn’t need it anymore.",road caused by tide
"They got rid of the road causes tide because they didn’t need it anymore.",road causes tide
"They got rid of the road causing tide because they didn’t need it anymore.",road causing tide
"They got rid of the road that causes tide because they didn’t need it anymore.",road that causes tide
"They got rid of the road during tide because they didn’t need it anymore.",road during tide
"They got rid of the road for tide because they didn’t need it anymore.",road for tide
"They got rid of the road from tide because they didn’t need it anymore.",road from tide
"They got rid of the road has tide because they didn’t need it anymore.",road has tide
"They got rid of the road having tide because they didn’t need it anymore.",road having tide
"They got rid of the road that has tide because they didn’t need it anymore.",road that has tide
"They got rid of the tide has road because they didn’t need it anymore.",tide has road
"They got rid of the tide having road because they didn’t need it anymore.",tide having road
"They got rid of the tide that has road because they didn’t need it anymore.",tide that has road
"They got rid of the road is tide because they didn’t need it anymore.",road is tide
"They got rid of the road being tide because they didn’t need it anymore.",road being tide
"They got rid of the road that is tide because they didn’t need it anymore.",road that is tide
"They got rid of the road location is tide because they didn’t need it anymore.",road location is tide
"They got rid of the road whose location is tide because they didn’t need it anymore.",road whose location is tide
"They got rid of the road located on tide because they didn’t need it anymore.",road located on tide
"They got rid of the tide location is road because they didn’t need it anymore.",tide location is road
"They got rid of the tide whose location is road because they didn’t need it anymore.",tide whose location is road
"They got rid of the tide located on road because they didn’t need it anymore.",tide located on road
"They got rid of the road made of tide because they didn’t need it anymore.",road made of tide
"They got rid of the road makes tide because they didn’t need it anymore.",road makes tide
"They got rid of the road making tide because they didn’t need it anymore.",road making tide
"They got rid of the road that makes tide because they didn’t need it anymore.",road that makes tide
"They got rid of the road used by tide because they didn’t need it anymore.",road used by tide
"They got rid of the road uses tide because they didn’t need it anymore.",road uses tide
"They got rid of the road using tide because they didn’t need it anymore.",road using tide
"They got rid of the road that uses tide because they didn’t need it anymore.",road that uses tide
"They got rid of the road located in tide because they didn’t need it anymore.",road located in tide
"They got rid of the road located at tide because they didn’t need it anymore.",road located at tide
"They got rid of the tide located in road because they didn’t need it anymore.",tide located in road
"They got rid of the tide located at road because they didn’t need it anymore.",tide located at road
"Be careful driving on the tideroad after it rains.",tideroad
"Be careful driving on the road about tide after it rains.",road about tide
"Be careful driving on the road by tide after it rains.",road by tide
"Be careful driving on the road caused by tide after it rains.",road caused by tide
"Be careful driving on the road causes tide after it rains.",road causes tide
"Be careful driving on the road causing tide after it rains.",road causing tide
"Be careful driving on the road that causes tide after it rains.",road that causes tide
"Be careful driving on the road during tide after it rains.",road during tide
"Be careful driving on the road for tide after it rains.",road for tide
"Be careful driving on the road from tide after it rains.",road from tide
"Be careful driving on the road has tide after it rains.",road has tide
"Be careful driving on the road having tide after it rains.",road having tide
"Be careful driving on the road that has tide after it rains.",road that has tide
"Be careful driving on the tide has road after it rains.",tide has road
"Be careful driving on the tide having road after it rains.",tide having road
"Be careful driving on the tide that has road after it rains.",tide that has road
"Be careful driving on the road is tide after it rains.",road is tide
"Be careful driving on the road being tide after it rains.",road being tide
"Be careful driving on the road that is tide after it rains.",road that is tide
"Be careful driving on the road location is tide after it rains.",road location is tide
"Be careful driving on the road whose location is tide after it rains.",road whose location is tide
"Be careful driving on the road located on tide after it rains.",road located on tide
"Be careful driving on the tide location is road after it rains.",tide location is road
"Be careful driving on the tide whose location is road after it rains.",tide whose location is road
"Be careful driving on the tide located on road after it rains.",tide located on road
"Be careful driving on the road made of tide after it rains.",road made of tide
"Be careful driving on the road makes tide after it rains.",road makes tide
"Be careful driving on the road making tide after it rains.",road making tide
"Be careful driving on the road that makes tide after it rains.",road that makes tide
"Be careful driving on the road used by tide after it rains.",road used by tide
"Be careful driving on the road uses tide after it rains.",road uses tide
"Be careful driving on the road using tide after it rains.",road using tide
"Be careful driving on the road that uses tide after it rains.",road that uses tide
"Be careful driving on the road located in tide after it rains.",road located in tide
"Be careful driving on the road located at tide after it rains.",road located at tide
"Be careful driving on the tide located in road after it rains.",tide located in road
"Be careful driving on the tide located at road after it rains.",tide located at road
"He put the toolmat on the table.",toolmat
"He put the mat about tool on the table.",mat about tool
"He put the mat by tool on the table.",mat by tool
"He put the mat caused by tool on the table.",mat caused by tool
"He put the mat causes tool on the table.",mat causes tool
"He put the mat causing tool on the table.",mat causing tool
"He put the mat that causes tool on the table.",mat that causes tool
"He put the mat during tool on the table.",mat during tool
"He put the mat for tool on the table.",mat for tool
"He put the mat from tool on the table.",mat from tool
"He put the mat has tool on the table.",mat has tool
"He put the mat having tool on the table.",mat having tool
"He put the mat that has tool on the table.",mat that has tool
"He put the tool has mat on the table.",tool has mat
"He put the tool having mat on the table.",tool having mat
"He put the tool that has mat on the table.",tool that has mat
"He put the mat is tool on the table.",mat is tool
"He put the mat being tool on the table.",mat being tool
"He put the mat that is tool on the table.",mat that is tool
"He put the mat location is tool on the table.",mat location is tool
"He put the mat whose location is tool on the table.",mat whose location is tool
"He put the mat located on tool on the table.",mat located on tool
"He put the tool location is mat on the table.",tool location is mat
"He put the tool whose location is mat on the table.",tool whose location is mat
"He put the tool located on mat on the table.",tool located on mat
"He put the mat made of tool on the table.",mat made of tool
"He put the mat makes tool on the table.",mat makes tool
"He put the mat making tool on the table.",mat making tool
"He put the mat that makes tool on the table.",mat that makes tool
"He put the mat used by tool on the table.",mat used by tool
"He put the mat uses tool on the table.",mat uses tool
"He put the mat using tool on the table.",mat using tool
"He put the mat that uses tool on the table.",mat that uses tool
"He put the mat located in tool on the table.",mat located in tool
"He put the mat located at tool on the table.",mat located at tool
"He put the tool located in mat on the table.",tool located in mat
"He put the tool located at mat on the table.",tool located at mat
"She placed the hammer on the toolmat when she was finished with it.",toolmat
"She placed the hammer on the mat about tool when she was finished with it.",mat about tool
"She placed the hammer on the mat by tool when she was finished with it.",mat by tool
"She placed the hammer on the mat caused by tool when she was finished with it.",mat caused by tool
"She placed the hammer on the mat causes tool when she was finished with it.",mat causes tool
"She placed the hammer on the mat causing tool when she was finished with it.",mat causing tool
"She placed the hammer on the mat that causes tool when she was finished with it.",mat that causes tool
"She placed the hammer on the mat during tool when she was finished with it.",mat during tool
"She placed the hammer on the mat for tool when she was finished with it.",mat for tool
"She placed the hammer on the mat from tool when she was finished with it.",mat from tool
"She placed the hammer on the mat has tool when she was finished with it.",mat has tool
"She placed the hammer on the mat having tool when she was finished with it.",mat having tool
"She placed the hammer on the mat that has tool when she was finished with it.",mat that has tool
"She placed the hammer on the tool has mat when she was finished with it.",tool has mat
"She placed the hammer on the tool having mat when she was finished with it.",tool having mat
"She placed the hammer on the tool that has mat when she was finished with it.",tool that has mat
"She placed the hammer on the mat is tool when she was finished with it.",mat is tool
"She placed the hammer on the mat being tool when she was finished with it.",mat being tool
"She placed the hammer on the mat that is tool when she was finished with it.",mat that is tool
"She placed the hammer on the mat location is tool when she was finished with it.",mat location is tool
"She placed the hammer on the mat whose location is tool when she was finished with it.",mat whose location is tool
"She placed the hammer on the mat located on tool when she was finished with it.",mat located on tool
"She placed the hammer on the tool location is mat when she was finished with it.",tool location is mat
"She placed the hammer on the tool whose location is mat when she was finished with it.",tool whose location is mat
"She placed the hammer on the tool located on mat when she was finished with it.",tool located on mat
"She placed the hammer on the mat made of tool when she was finished with it.",mat made of tool
"She placed the hammer on the mat makes tool when she was finished with it.",mat makes tool
"She placed the hammer on the mat making tool when she was finished with it.",mat making tool
"She placed the hammer on the mat that makes tool when she was finished with it.",mat that makes tool
"She placed the hammer on the mat used by tool when she was finished with it.",mat used by tool
"She placed the hammer on the mat uses tool when she was finished with it.",mat uses tool
"She placed the hammer on the mat using tool when she was finished with it.",mat using tool
"She placed the hammer on the mat that uses tool when she was finished with it.",mat that uses tool
"She placed the hammer on the mat located in tool when she was finished with it.",mat located in tool
"She placed the hammer on the mat located at tool when she was finished with it.",mat located at tool
"She placed the hammer on the tool located in mat when she was finished with it.",tool located in mat
"She placed the hammer on the tool located at mat when she was finished with it.",tool located at mat
"I'm going to put a treeshirt on the maple in my garden.",treeshirt
"I'm going to put a shirt about tree on the maple in my garden.",shirt about tree
"I'm going to put a shirt by tree on the maple in my garden.",shirt by tree
"I'm going to put a shirt caused by tree on the maple in my garden.",shirt caused by tree
"I'm going to put a shirt causes tree on the maple in my garden.",shirt causes tree
"I'm going to put a shirt causing tree on the maple in my garden.",shirt causing tree
"I'm going to put a shirt that causes tree on the maple in my garden.",shirt that causes tree
"I'm going to put a shirt during tree on the maple in my garden.",shirt during tree
"I'm going to put a shirt for tree on the maple in my garden.",shirt for tree
"I'm going to put a shirt from tree on the maple in my garden.",shirt from tree
"I'm going to put a shirt has tree on the maple in my garden.",shirt has tree
"I'm going to put a shirt having tree on the maple in my garden.",shirt having tree
"I'm going to put a shirt that has tree on the maple in my garden.",shirt that has tree
"I'm going to put a tree has shirt on the maple in my garden.",tree has shirt
"I'm going to put a tree having shirt on the maple in my garden.",tree having shirt
"I'm going to put a tree that has shirt on the maple in my garden.",tree that has shirt
"I'm going to put a shirt is tree on the maple in my garden.",shirt is tree
"I'm going to put a shirt being tree on the maple in my garden.",shirt being tree
"I'm going to put a shirt that is tree on the maple in my garden.",shirt that is tree
"I'm going to put a shirt location is tree on the maple in my garden.",shirt location is tree
"I'm going to put a shirt whose location is tree on the maple in my garden.",shirt whose location is tree
"I'm going to put a shirt located on tree on the maple in my garden.",shirt located on tree
"I'm going to put a tree location is shirt on the maple in my garden.",tree location is shirt
"I'm going to put a tree whose location is shirt on the maple in my garden.",tree whose location is shirt
"I'm going to put a tree located on shirt on the maple in my garden.",tree located on shirt
"I'm going to put a shirt made of tree on the maple in my garden.",shirt made of tree
"I'm going to put a shirt makes tree on the maple in my garden.",shirt makes tree
"I'm going to put a shirt making tree on the maple in my garden.",shirt making tree
"I'm going to put a shirt that makes tree on the maple in my garden.",shirt that makes tree
"I'm going to put a shirt used by tree on the maple in my garden.",shirt used by tree
"I'm going to put a shirt uses tree on the maple in my garden.",shirt uses tree
"I'm going to put a shirt using tree on the maple in my garden.",shirt using tree
"I'm going to put a shirt that uses tree on the maple in my garden.",shirt that uses tree
"I'm going to put a shirt located in tree on the maple in my garden.",shirt located in tree
"I'm going to put a shirt located at tree on the maple in my garden.",shirt located at tree
"I'm going to put a tree located in shirt on the maple in my garden.",tree located in shirt
"I'm going to put a tree located at shirt on the maple in my garden.",tree located at shirt
"Every time he makes a treeshirt he sells it to someone.",treeshirt
"Every time he makes a shirt about tree he sells it to someone.",shirt about tree
"Every time he makes a shirt by tree he sells it to someone.",shirt by tree
"Every time he makes a shirt caused by tree he sells it to someone.",shirt caused by tree
"Every time he makes a shirt causes tree he sells it to someone.",shirt causes tree
"Every time he makes a shirt causing tree he sells it to someone.",shirt causing tree
"Every time he makes a shirt that causes tree he sells it to someone.",shirt that causes tree
"Every time he makes a shirt during tree he sells it to someone.",shirt during tree
"Every time he makes a shirt for tree he sells it to someone.",shirt for tree
"Every time he makes a shirt from tree he sells it to someone.",shirt from tree
"Every time he makes a shirt has tree he sells it to someone.",shirt has tree
"Every time he makes a shirt having tree he sells it to someone.",shirt having tree
"Every time he makes a shirt that has tree he sells it to someone.",shirt that has tree
"Every time he makes a tree has shirt he sells it to someone.",tree has shirt
"Every time he makes a tree having shirt he sells it to someone.",tree having shirt
"Every time he makes a tree that has shirt he sells it to someone.",tree that has shirt
"Every time he makes a shirt is tree he sells it to someone.",shirt is tree
"Every time he makes a shirt being tree he sells it to someone.",shirt being tree
"Every time he makes a shirt that is tree he sells it to someone.",shirt that is tree
"Every time he makes a shirt location is tree he sells it to someone.",shirt location is tree
"Every time he makes a shirt whose location is tree he sells it to someone.",shirt whose location is tree
"Every time he makes a shirt located on tree he sells it to someone.",shirt located on tree
"Every time he makes a tree location is shirt he sells it to someone.",tree location is shirt
"Every time he makes a tree whose location is shirt he sells it to someone.",tree whose location is shirt
"Every time he makes a tree located on shirt he sells it to someone.",tree located on shirt
"Every time he makes a shirt made of tree he sells it to someone.",shirt made of tree
"Every time he makes a shirt makes tree he sells it to someone.",shirt makes tree
"Every time he makes a shirt making tree he sells it to someone.",shirt making tree
"Every time he makes a shirt that makes tree he sells it to someone.",shirt that makes tree
"Every time he makes a shirt used by tree he sells it to someone.",shirt used by tree
"Every time he makes a shirt uses tree he sells it to someone.",shirt uses tree
"Every time he makes a shirt using tree he sells it to someone.",shirt using tree
"Every time he makes a shirt that uses tree he sells it to someone.",shirt that uses tree
"Every time he makes a shirt located in tree he sells it to someone.",shirt located in tree
"Every time he makes a shirt located at tree he sells it to someone.",shirt located at tree
"Every time he makes a tree located in shirt he sells it to someone.",tree located in shirt
"Every time he makes a tree located at shirt he sells it to someone.",tree located at shirt
"Her husband replaced the videojar because it was too old.",videojar
"Her husband replaced the jar about video because it was too old.",jar about video
"Her husband replaced the jar by video because it was too old.",jar by video
"Her husband replaced the jar caused by video because it was too old.",jar caused by video
"Her husband replaced the jar causes video because it was too old.",jar causes video
"Her husband replaced the jar causing video because it was too old.",jar causing video
"Her husband replaced the jar that causes video because it was too old.",jar that causes video
"Her husband replaced the jar during video because it was too old.",jar during video
"Her husband replaced the jar for video because it was too old.",jar for video
"Her husband replaced the jar from video because it was too old.",jar from video
"Her husband replaced the jar has video because it was too old.",jar has video
"Her husband replaced the jar having video because it was too old.",jar having video
"Her husband replaced the jar that has video because it was too old.",jar that has video
"Her husband replaced the video has jar because it was too old.",video has jar
"Her husband replaced the video having jar because it was too old.",video having jar
"Her husband replaced the video that has jar because it was too old.",video that has jar
"Her husband replaced the jar is video because it was too old.",jar is video
"Her husband replaced the jar being video because it was too old.",jar being video
"Her husband replaced the jar that is video because it was too old.",jar that is video
"Her husband replaced the jar location is video because it was too old.",jar location is video
"Her husband replaced the jar whose location is video because it was too old.",jar whose location is video
"Her husband replaced the jar located on video because it was too old.",jar located on video
"Her husband replaced the video location is jar because it was too old.",video location is jar
"Her husband replaced the video whose location is jar because it was too old.",video whose location is jar
"Her husband replaced the video located on jar because it was too old.",video located on jar
"Her husband replaced the jar made of video because it was too old.",jar made of video
"Her husband replaced the jar makes video because it was too old.",jar makes video
"Her husband replaced the jar making video because it was too old.",jar making video
"Her husband replaced the jar that makes video because it was too old.",jar that makes video
"Her husband replaced the jar used by video because it was too old.",jar used by video
"Her husband replaced the jar uses video because it was too old.",jar uses video
"Her husband replaced the jar using video because it was too old.",jar using video
"Her husband replaced the jar that uses video because it was too old.",jar that uses video
"Her husband replaced the jar located in video because it was too old.",jar located in video
"Her husband replaced the jar located at video because it was too old.",jar located at video
"Her husband replaced the video located in jar because it was too old.",video located in jar
"Her husband replaced the video located at jar because it was too old.",video located at jar
"Did you remember to fill the videojar up this morning?",videojar
"Did you remember to fill the jar about video up this morning?",jar about video
"Did you remember to fill the jar by video up this morning?",jar by video
"Did you remember to fill the jar caused by video up this morning?",jar caused by video
"Did you remember to fill the jar causes video up this morning?",jar causes video
"Did you remember to fill the jar causing video up this morning?",jar causing video
"Did you remember to fill the jar that causes video up this morning?",jar that causes video
"Did you remember to fill the jar during video up this morning?",jar during video
"Did you remember to fill the jar for video up this morning?",jar for video
"Did you remember to fill the jar from video up this morning?",jar from video
"Did you remember to fill the jar has video up this morning?",jar has video
"Did you remember to fill the jar having video up this morning?",jar having video
"Did you remember to fill the jar that has video up this morning?",jar that has video
"Did you remember to fill the video has jar up this morning?",video has jar
"Did you remember to fill the video having jar up this morning?",video having jar
"Did you remember to fill the video that has jar up this morning?",video that has jar
"Did you remember to fill the jar is video up this morning?",jar is video
"Did you remember to fill the jar being video up this morning?",jar being video
"Did you remember to fill the jar that is video up this morning?",jar that is video
"Did you remember to fill the jar location is video up this morning?",jar location is video
"Did you remember to fill the jar whose location is video up this morning?",jar whose location is video
"Did you remember to fill the jar located on video up this morning?",jar located on video
"Did you remember to fill the video location is jar up this morning?",video location is jar
"Did you remember to fill the video whose location is jar up this morning?",video whose location is jar
"Did you remember to fill the video located on jar up this morning?",video located on jar
"Did you remember to fill the jar made of video up this morning?",jar made of video
"Did you remember to fill the jar makes video up this morning?",jar makes video
"Did you remember to fill the jar making video up this morning?",jar making video
"Did you remember to fill the jar that makes video up this morning?",jar that makes video
"Did you remember to fill the jar used by video up this morning?",jar used by video
"Did you remember to fill the jar uses video up this morning?",jar uses video
"Did you remember to fill the jar using video up this morning?",jar using video
"Did you remember to fill the jar that uses video up this morning?",jar that uses video
"Did you remember to fill the jar located in video up this morning?",jar located in video
"Did you remember to fill the jar located at video up this morning?",jar located at video
"Did you remember to fill the video located in jar up this morning?",video located in jar
"Did you remember to fill the video located at jar up this morning?",video located at jar
"He spoke using a voicerod to help him.",voicerod
"He spoke using a rod about voice to help him.",rod about voice
"He spoke using a rod by voice to help him.",rod by voice
"He spoke using a rod caused by voice to help him.",rod caused by voice
"He spoke using a rod causes voice to help him.",rod causes voice
"He spoke using a rod causing voice to help him.",rod causing voice
"He spoke using a rod that causes voice to help him.",rod that causes voice
"He spoke using a rod during voice to help him.",rod during voice
"He spoke using a rod for voice to help him.",rod for voice
"He spoke using a rod from voice to help him.",rod from voice
"He spoke using a rod has voice to help him.",rod has voice
"He spoke using a rod having voice to help him.",rod having voice
"He spoke using a rod that has voice to help him.",rod that has voice
"He spoke using a voice has rod to help him.",voice has rod
"He spoke using a voice having rod to help him.",voice having rod
"He spoke using a voice that has rod to help him.",voice that has rod
"He spoke using a rod is voice to help him.",rod is voice
"He spoke using a rod being voice to help him.",rod being voice
"He spoke using a rod that is voice to help him.",rod that is voice
"He spoke using a rod location is voice to help him.",rod location is voice
"He spoke using a rod whose location is voice to help him.",rod whose location is voice
"He spoke using a rod located on voice to help him.",rod located on voice
"He spoke using a voice location is rod to help him.",voice location is rod
"He spoke using a voice whose location is rod to help him.",voice whose location is rod
"He spoke using a voice located on rod to help him.",voice located on rod
"He spoke using a rod made of voice to help him.",rod made of voice
"He spoke using a rod makes voice to help him.",rod makes voice
"He spoke using a rod making voice to help him.",rod making voice
"He spoke using a rod that makes voice to help him.",rod that makes voice
"He spoke using a rod used by voice to help him.",rod used by voice
"He spoke using a rod uses voice to help him.",rod uses voice
"He spoke using a rod using voice to help him.",rod using voice
"He spoke using a rod that uses voice to help him.",rod that uses voice
"He spoke using a rod located in voice to help him.",rod located in voice
"He spoke using a rod located at voice to help him.",rod located at voice
"He spoke using a voice located in rod to help him.",voice located in rod
"He spoke using a voice located at rod to help him.",voice located at rod
"She was sent a voicerod last weekend.",voicerod
"She was sent a rod about voice last weekend.",rod about voice
"She was sent a rod by voice last weekend.",rod by voice
"She was sent a rod caused by voice last weekend.",rod caused by voice
"She was sent a rod causes voice last weekend.",rod causes voice
"She was sent a rod causing voice last weekend.",rod causing voice
"She was sent a rod that causes voice last weekend.",rod that causes voice
"She was sent a rod during voice last weekend.",rod during voice
"She was sent a rod for voice last weekend.",rod for voice
"She was sent a rod from voice last weekend.",rod from voice
"She was sent a rod has voice last weekend.",rod has voice
"She was sent a rod having voice last weekend.",rod having voice
"She was sent a rod that has voice last weekend.",rod that has voice
"She was sent a voice has rod last weekend.",voice has rod
"She was sent a voice having rod last weekend.",voice having rod
"She was sent a voice that has rod last weekend.",voice that has rod
"She was sent a rod is voice last weekend.",rod is voice
"She was sent a rod being voice last weekend.",rod being voice
"She was sent a rod that is voice last weekend.",rod that is voice
"She was sent a rod location is voice last weekend.",rod location is voice
"She was sent a rod whose location is voice last weekend.",rod whose location is voice
"She was sent a rod located on voice last weekend.",rod located on voice
"She was sent a voice location is rod last weekend.",voice location is rod
"She was sent a voice whose location is rod last weekend.",voice whose location is rod
"She was sent a voice located on rod last weekend.",voice located on rod
"She was sent a rod made of voice last weekend.",rod made of voice
"She was sent a rod makes voice last weekend.",rod makes voice
"She was sent a rod making voice last weekend.",rod making voice
"She was sent a rod that makes voice last weekend.",rod that makes voice
"She was sent a rod used by voice last weekend.",rod used by voice
"She was sent a rod uses voice last weekend.",rod uses voice
"She was sent a rod using voice last weekend.",rod using voice
"She was sent a rod that uses voice last weekend.",rod that uses voice
"She was sent a rod located in voice last weekend.",rod located in voice
"She was sent a rod located at voice last weekend.",rod located at voice
"She was sent a voice located in rod last weekend.",voice located in rod
"She was sent a voice located at rod last weekend.",voice located at rod
"The passengers got on the wandjet at the airport.",wandjet
"The passengers got on the jet about wand at the airport.",jet about wand
"The passengers got on the jet by wand at the airport.",jet by wand
"The passengers got on the jet caused by wand at the airport.",jet caused by wand
"The passengers got on the jet causes wand at the airport.",jet causes wand
"The passengers got on the jet causing wand at the airport.",jet causing wand
"The passengers got on the jet that causes wand at the airport.",jet that causes wand
"The passengers got on the jet during wand at the airport.",jet during wand
"The passengers got on the jet for wand at the airport.",jet for wand
"The passengers got on the jet from wand at the airport.",jet from wand
"The passengers got on the jet has wand at the airport.",jet has wand
"The passengers got on the jet having wand at the airport.",jet having wand
"The passengers got on the jet that has wand at the airport.",jet that has wand
"The passengers got on the wand has jet at the airport.",wand has jet
"The passengers got on the wand having jet at the airport.",wand having jet
"The passengers got on the wand that has jet at the airport.",wand that has jet
"The passengers got on the jet is wand at the airport.",jet is wand
"The passengers got on the jet being wand at the airport.",jet being wand
"The passengers got on the jet that is wand at the airport.",jet that is wand
"The passengers got on the jet location is wand at the airport.",jet location is wand
"The passengers got on the jet whose location is wand at the airport.",jet whose location is wand
"The passengers got on the jet located on wand at the airport.",jet located on wand
"The passengers got on the wand location is jet at the airport.",wand location is jet
"The passengers got on the wand whose location is jet at the airport.",wand whose location is jet
"The passengers got on the wand located on jet at the airport.",wand located on jet
"The passengers got on the jet made of wand at the airport.",jet made of wand
"The passengers got on the jet makes wand at the airport.",jet makes wand
"The passengers got on the jet making wand at the airport.",jet making wand
"The passengers got on the jet that makes wand at the airport.",jet that makes wand
"The passengers got on the jet used by wand at the airport.",jet used by wand
"The passengers got on the jet uses wand at the airport.",jet uses wand
"The passengers got on the jet using wand at the airport.",jet using wand
"The passengers got on the jet that uses wand at the airport.",jet that uses wand
"The passengers got on the jet located in wand at the airport.",jet located in wand
"The passengers got on the jet located at wand at the airport.",jet located at wand
"The passengers got on the wand located in jet at the airport.",wand located in jet
"The passengers got on the wand located at jet at the airport.",wand located at jet
"The invention of the wandjet happened quite recently.",wandjet
"The invention of the jet about wand happened quite recently.",jet about wand
"The invention of the jet by wand happened quite recently.",jet by wand
"The invention of the jet caused by wand happened quite recently.",jet caused by wand
"The invention of the jet causes wand happened quite recently.",jet causes wand
"The invention of the jet causing wand happened quite recently.",jet causing wand
"The invention of the jet that causes wand happened quite recently.",jet that causes wand
"The invention of the jet during wand happened quite recently.",jet during wand
"The invention of the jet for wand happened quite recently.",jet for wand
"The invention of the jet from wand happened quite recently.",jet from wand
"The invention of the jet has wand happened quite recently.",jet has wand
"The invention of the jet having wand happened quite recently.",jet having wand
"The invention of the jet that has wand happened quite recently.",jet that has wand
"The invention of the wand has jet happened quite recently.",wand has jet
"The invention of the wand having jet happened quite recently.",wand having jet
"The invention of the wand that has jet happened quite recently.",wand that has jet
"The invention of the jet is wand happened quite recently.",jet is wand
"The invention of the jet being wand happened quite recently.",jet being wand
"The invention of the jet that is wand happened quite recently.",jet that is wand
"The invention of the jet location is wand happened quite recently.",jet location is wand
"The invention of the jet whose location is wand happened quite recently.",jet whose location is wand
"The invention of the jet located on wand happened quite recently.",jet located on wand
"The invention of the wand location is jet happened quite recently.",wand location is jet
"The invention of the wand whose location is jet happened quite recently.",wand whose location is jet
"The invention of the wand located on jet happened quite recently.",wand located on jet
"The invention of the jet made of wand happened quite recently.",jet made of wand
"The invention of the jet makes wand happened quite recently.",jet makes wand
"The invention of the jet making wand happened quite recently.",jet making wand
"The invention of the jet that makes wand happened quite recently.",jet that makes wand
"The invention of the jet used by wand happened quite recently.",jet used by wand
"The invention of the jet uses wand happened quite recently.",jet uses wand
"The invention of the jet using wand happened quite recently.",jet using wand
"The invention of the jet that uses wand happened quite recently.",jet that uses wand
"The invention of the jet located in wand happened quite recently.",jet located in wand
"The invention of the jet located at wand happened quite recently.",jet located at wand
"The invention of the wand located in jet happened quite recently.",wand located in jet
"The invention of the wand located at jet happened quite recently.",wand located at jet
"The soldier rested in the warbed at the camp.",warbed
"The soldier rested in the bed about war at the camp.",bed about war
"The soldier rested in the bed by war at the camp.",bed by war
"The soldier rested in the bed caused by war at the camp.",bed caused by war
"The soldier rested in the bed causes war at the camp.",bed causes war
"The soldier rested in the bed causing war at the camp.",bed causing war
"The soldier rested in the bed that causes war at the camp.",bed that causes war
"The soldier rested in the bed during war at the camp.",bed during war
"The soldier rested in the bed for war at the camp.",bed for war
"The soldier rested in the bed from war at the camp.",bed from war
"The soldier rested in the bed has war at the camp.",bed has war
"The soldier rested in the bed having war at the camp.",bed having war
"The soldier rested in the bed that has war at the camp.",bed that has war
"The soldier rested in the war has bed at the camp.",war has bed
"The soldier rested in the war having bed at the camp.",war having bed
"The soldier rested in the war that has bed at the camp.",war that has bed
"The soldier rested in the bed is war at the camp.",bed is war
"The soldier rested in the bed being war at the camp.",bed being war
"The soldier rested in the bed that is war at the camp.",bed that is war
"The soldier rested in the bed location is war at the camp.",bed location is war
"The soldier rested in the bed whose location is war at the camp.",bed whose location is war
"The soldier rested in the bed located on war at the camp.",bed located on war
"The soldier rested in the war location is bed at the camp.",war location is bed
"The soldier rested in the war whose location is bed at the camp.",war whose location is bed
"The soldier rested in the war located on bed at the camp.",war located on bed
"The soldier rested in the bed made of war at the camp.",bed made of war
"The soldier rested in the bed makes war at the camp.",bed makes war
"The soldier rested in the bed making war at the camp.",bed making war
"The soldier rested in the bed that makes war at the camp.",bed that makes war
"The soldier rested in the bed used by war at the camp.",bed used by war
"The soldier rested in the bed uses war at the camp.",bed uses war
"The soldier rested in the bed using war at the camp.",bed using war
"The soldier rested in the bed that uses war at the camp.",bed that uses war
"The soldier rested in the bed located in war at the camp.",bed located in war
"The soldier rested in the bed located at war at the camp.",bed located at war
"The soldier rested in the war located in bed at the camp.",war located in bed
"The soldier rested in the war located at bed at the camp.",war located at bed
"The new warbed was built last week.",warbed
"The new bed about war was built last week.",bed about war
"The new bed by war was built last week.",bed by war
"The new bed caused by war was built last week.",bed caused by war
"The new bed causes war was built last week.",bed causes war
"The new bed causing war was built last week.",bed causing war
"The new bed that causes war was built last week.",bed that causes war
"The new bed during war was built last week.",bed during war
"The new bed for war was built last week.",bed for war
"The new bed from war was built last week.",bed from war
"The new bed has war was built last week.",bed has war
"The new bed having war was built last week.",bed having war
"The new bed that has war was built last week.",bed that has war
"The new war has bed was built last week.",war has bed
"The new war having bed was built last week.",war having bed
"The new war that has bed was built last week.",war that has bed
"The new bed is war was built last week.",bed is war
"The new bed being war was built last week.",bed being war
"The new bed that is war was built last week.",bed that is war
"The new bed location is war was built last week.",bed location is war
"The new bed whose location is war was built last week.",bed whose location is war
"The new bed located on war was built last week.",bed located on war
"The new war location is bed was built last week.",war location is bed
"The new war whose location is bed was built last week.",war whose location is bed
"The new war located on bed was built last week.",war located on bed
"The new bed made of war was built last week.",bed made of war
"The new bed makes war was built last week.",bed makes war
"The new bed making war was built last week.",bed making war
"The new bed that makes war was built last week.",bed that makes war
"The new bed used by war was built last week.",bed used by war
"The new bed uses war was built last week.",bed uses war
"The new bed using war was built last week.",bed using war
"The new bed that uses war was built last week.",bed that uses war
"The new bed located in war was built last week.",bed located in war
"The new bed located at war was built last week.",bed located at war
"The new war located in bed was built last week.",war located in bed
"The new war located at bed was built last week.",war located at bed
"The doctor found some more webcloth in the cupboard.",webcloth
"The doctor found some more cloth about web in the cupboard.",cloth about web
"The doctor found some more cloth by web in the cupboard.",cloth by web
"The doctor found some more cloth caused by web in the cupboard.",cloth caused by web
"The doctor found some more cloth causes web in the cupboard.",cloth causes web
"The doctor found some more cloth causing web in the cupboard.",cloth causing web
"The doctor found some more cloth that causes web in the cupboard.",cloth that causes web
"The doctor found some more cloth during web in the cupboard.",cloth during web
"The doctor found some more cloth for web in the cupboard.",cloth for web
"The doctor found some more cloth from web in the cupboard.",cloth from web
"The doctor found some more cloth has web in the cupboard.",cloth has web
"The doctor found some more cloth having web in the cupboard.",cloth having web
"The doctor found some more cloth that has web in the cupboard.",cloth that has web
"The doctor found some more web has cloth in the cupboard.",web has cloth
"The doctor found some more web having cloth in the cupboard.",web having cloth
"The doctor found some more web that has cloth in the cupboard.",web that has cloth
"The doctor found some more cloth is web in the cupboard.",cloth is web
"The doctor found some more cloth being web in the cupboard.",cloth being web
"The doctor found some more cloth that is web in the cupboard.",cloth that is web
"The doctor found some more cloth location is web in the cupboard.",cloth location is web
"The doctor found some more cloth whose location is web in the cupboard.",cloth whose location is web
"The doctor found some more cloth located on web in the cupboard.",cloth located on web
"The doctor found some more web location is cloth in the cupboard.",web location is cloth
"The doctor found some more web whose location is cloth in the cupboard.",web whose location is cloth
"The doctor found some more web located on cloth in the cupboard.",web located on cloth
"The doctor found some more cloth made of web in the cupboard.",cloth made of web
"The doctor found some more cloth makes web in the cupboard.",cloth makes web
"The doctor found some more cloth making web in the cupboard.",cloth making web
"The doctor found some more cloth that makes web in the cupboard.",cloth that makes web
"The doctor found some more cloth used by web in the cupboard.",cloth used by web
"The doctor found some more cloth uses web in the cupboard.",cloth uses web
"The doctor found some more cloth using web in the cupboard.",cloth using web
"The doctor found some more cloth that uses web in the cupboard.",cloth that uses web
"The doctor found some more cloth located in web in the cupboard.",cloth located in web
"The doctor found some more cloth located at web in the cupboard.",cloth located at web
"The doctor found some more web located in cloth in the cupboard.",web located in cloth
"The doctor found some more web located at cloth in the cupboard.",web located at cloth
"The tailor needs to get more webcloth to finish his work.",webcloth
"The tailor needs to get more cloth about web to finish his work.",cloth about web
"The tailor needs to get more cloth by web to finish his work.",cloth by web
"The tailor needs to get more cloth caused by web to finish his work.",cloth caused by web
"The tailor needs to get more cloth causes web to finish his work.",cloth causes web
"The tailor needs to get more cloth causing web to finish his work.",cloth causing web
"The tailor needs to get more cloth that causes web to finish his work.",cloth that causes web
"The tailor needs to get more cloth during web to finish his work.",cloth during web
"The tailor needs to get more cloth for web to finish his work.",cloth for web
"The tailor needs to get more cloth from web to finish his work.",cloth from web
"The tailor needs to get more cloth has web to finish his work.",cloth has web
"The tailor needs to get more cloth having web to finish his work.",cloth having web
"The tailor needs to get more cloth that has web to finish his work.",cloth that has web
"The tailor needs to get more web has cloth to finish his work.",web has cloth
"The tailor needs to get more web having cloth to finish his work.",web having cloth
"The tailor needs to get more web that has cloth to finish his work.",web that has cloth
"The tailor needs to get more cloth is web to finish his work.",cloth is web
"The tailor needs to get more cloth being web to finish his work.",cloth being web
"The tailor needs to get more cloth that is web to finish his work.",cloth that is web
"The tailor needs to get more cloth location is web to finish his work.",cloth location is web
"The tailor needs to get more cloth whose location is web to finish his work.",cloth whose location is web
"The tailor needs to get more cloth located on web to finish his work.",cloth located on web
"The tailor needs to get more web location is cloth to finish his work.",web location is cloth
"The tailor needs to get more web whose location is cloth to finish his work.",web whose location is cloth
"The tailor needs to get more web located on cloth to finish his work.",web located on cloth
"The tailor needs to get more cloth made of web to finish his work.",cloth made of web
"The tailor needs to get more cloth makes web to finish his work.",cloth makes web
"The tailor needs to get more cloth making web to finish his work.",cloth making web
"The tailor needs to get more cloth that makes web to finish his work.",cloth that makes web
"The tailor needs to get more cloth used by web to finish his work.",cloth used by web
"The tailor needs to get more cloth uses web to finish his work.",cloth uses web
"The tailor needs to get more cloth using web to finish his work.",cloth using web
"The tailor needs to get more cloth that uses web to finish his work.",cloth that uses web
"The tailor needs to get more cloth located in web to finish his work.",cloth located in web
"The tailor needs to get more cloth located at web to finish his work.",cloth located at web
"The tailor needs to get more web located in cloth to finish his work.",web located in cloth
"The tailor needs to get more web located at cloth to finish his work.",web located at cloth
"Most of the people at the party experienced winebrain when they got home.",winebrain
"Most of the people at the party experienced brain about wine when they got home.",brain about wine
"Most of the people at the party experienced brain by wine when they got home.",brain by wine
"Most of the people at the party experienced brain caused by wine when they got home.",brain caused by wine
"Most of the people at the party experienced brain causes wine when they got home.",brain causes wine
"Most of the people at the party experienced brain causing wine when they got home.",brain causing wine
"Most of the people at the party experienced brain that causes wine when they got home.",brain that causes wine
"Most of the people at the party experienced brain during wine when they got home.",brain during wine
"Most of the people at the party experienced brain for wine when they got home.",brain for wine
"Most of the people at the party experienced brain from wine when they got home.",brain from wine
"Most of the people at the party experienced brain has wine when they got home.",brain has wine
"Most of the people at the party experienced brain having wine when they got home.",brain having wine
"Most of the people at the party experienced brain that has wine when they got home.",brain that has wine
"Most of the people at the party experienced wine has brain when they got home.",wine has brain
"Most of the people at the party experienced wine having brain when they got home.",wine having brain
"Most of the people at the party experienced wine that has brain when they got home.",wine that has brain
"Most of the people at the party experienced brain is wine when they got home.",brain is wine
"Most of the people at the party experienced brain being wine when they got home.",brain being wine
"Most of the people at the party experienced brain that is wine when they got home.",brain that is wine
"Most of the people at the party experienced brain location is wine when they got home.",brain location is wine
"Most of the people at the party experienced brain whose location is wine when they got home.",brain whose location is wine
"Most of the people at the party experienced brain located on wine when they got home.",brain located on wine
"Most of the people at the party experienced wine location is brain when they got home.",wine location is brain
"Most of the people at the party experienced wine whose location is brain when they got home.",wine whose location is brain
"Most of the people at the party experienced wine located on brain when they got home.",wine located on brain
"Most of the people at the party experienced brain made of wine when they got home.",brain made of wine
"Most of the people at the party experienced brain makes wine when they got home.",brain makes wine
"Most of the people at the party experienced brain making wine when they got home.",brain making wine
"Most of the people at the party experienced brain that makes wine when they got home.",brain that makes wine
"Most of the people at the party experienced brain used by wine when they got home.",brain used by wine
"Most of the people at the party experienced brain uses wine when they got home.",brain uses wine
"Most of the people at the party experienced brain using wine when they got home.",brain using wine
"Most of the people at the party experienced brain that uses wine when they got home.",brain that uses wine
"Most of the people at the party experienced brain located in wine when they got home.",brain located in wine
"Most of the people at the party experienced brain located at wine when they got home.",brain located at wine
"Most of the people at the party experienced wine located in brain when they got home.",wine located in brain
"Most of the people at the party experienced wine located at brain when they got home.",wine located at brain
"The scientist built an impressive winebrain in the lab.",winebrain
"The scientist built an impressive brain about wine in the lab.",brain about wine
"The scientist built an impressive brain by wine in the lab.",brain by wine
"The scientist built an impressive brain caused by wine in the lab.",brain caused by wine
"The scientist built an impressive brain causes wine in the lab.",brain causes wine
"The scientist built an impressive brain causing wine in the lab.",brain causing wine
"The scientist built an impressive brain that causes wine in the lab.",brain that causes wine
"The scientist built an impressive brain during wine in the lab.",brain during wine
"The scientist built an impressive brain for wine in the lab.",brain for wine
"The scientist built an impressive brain from wine in the lab.",brain from wine
"The scientist built an impressive brain has wine in the lab.",brain has wine
"The scientist built an impressive brain having wine in the lab.",brain having wine
"The scientist built an impressive brain that has wine in the lab.",brain that has wine
"The scientist built an impressive wine has brain in the lab.",wine has brain
"The scientist built an impressive wine having brain in the lab.",wine having brain
"The scientist built an impressive wine that has brain in the lab.",wine that has brain
"The scientist built an impressive brain is wine in the lab.",brain is wine
"The scientist built an impressive brain being wine in the lab.",brain being wine
"The scientist built an impressive brain that is wine in the lab.",brain that is wine
"The scientist built an impressive brain location is wine in the lab.",brain location is wine
"The scientist built an impressive brain whose location is wine in the lab.",brain whose location is wine
"The scientist built an impressive brain located on wine in the lab.",brain located on wine
"The scientist built an impressive wine location is brain in the lab.",wine location is brain
"The scientist built an impressive wine whose location is brain in the lab.",wine whose location is brain
"The scientist built an impressive wine located on brain in the lab.",wine located on brain
"The scientist built an impressive brain made of wine in the lab.",brain made of wine
"The scientist built an impressive brain makes wine in the lab.",brain makes wine
"The scientist built an impressive brain making wine in the lab.",brain making wine
"The scientist built an impressive brain that makes wine in the lab.",brain that makes wine
"The scientist built an impressive brain used by wine in the lab.",brain used by wine
"The scientist built an impressive brain uses wine in the lab.",brain uses wine
"The scientist built an impressive brain using wine in the lab.",brain using wine
"The scientist built an impressive brain that uses wine in the lab.",brain that uses wine
"The scientist built an impressive brain located in wine in the lab.",brain located in wine
"The scientist built an impressive brain located at wine in the lab.",brain located at wine
"The scientist built an impressive wine located in brain in the lab.",wine located in brain
"The scientist built an impressive wine located at brain in the lab.",wine located at brain
"She wore her woolgear when she went out in the cold.",woolgear
"She wore her gear about wool when she went out in the cold.",gear about wool
"She wore her gear by wool when she went out in the cold.",gear by wool
"She wore her gear caused by wool when she went out in the cold.",gear caused by wool
"She wore her gear causes wool when she went out in the cold.",gear causes wool
"She wore her gear causing wool when she went out in the cold.",gear causing wool
"She wore her gear that causes wool when she went out in the cold.",gear that causes wool
"She wore her gear during wool when she went out in the cold.",gear during wool
"She wore her gear for wool when she went out in the cold.",gear for wool
"She wore her gear from wool when she went out in the cold.",gear from wool
"She wore her gear has wool when she went out in the cold.",gear has wool
"She wore her gear having wool when she went out in the cold.",gear having wool
"She wore her gear that has wool when she went out in the cold.",gear that has wool
"She wore her wool has gear when she went out in the cold.",wool has gear
"She wore her wool having gear when she went out in the cold.",wool having gear
"She wore her wool that has gear when she went out in the cold.",wool that has gear
"She wore her gear is wool when she went out in the cold.",gear is wool
"She wore her gear being wool when she went out in the cold.",gear being wool
"She wore her gear that is wool when she went out in the cold.",gear that is wool
"She wore her gear location is wool when she went out in the cold.",gear location is wool
"She wore her gear whose location is wool when she went out in the cold.",gear whose location is wool
"She wore her gear located on wool when she went out in the cold.",gear located on wool
"She wore her wool location is gear when she went out in the cold.",wool location is gear
"She wore her wool whose location is gear when she went out in the cold.",wool whose location is gear
"She wore her wool located on gear when she went out in the cold.",wool located on gear
"She wore her gear made of wool when she went out in the cold.",gear made of wool
"She wore her gear makes wool when she went out in the cold.",gear makes wool
"She wore her gear making wool when she went out in the cold.",gear making wool
"She wore her gear that makes wool when she went out in the cold.",gear that makes wool
"She wore her gear used by wool when she went out in the cold.",gear used by wool
"She wore her gear uses wool when she went out in the cold.",gear uses wool
"She wore her gear using wool when she went out in the cold.",gear using wool
"She wore her gear that uses wool when she went out in the cold.",gear that uses wool
"She wore her gear located in wool when she went out in the cold.",gear located in wool
"She wore her gear located at wool when she went out in the cold.",gear located at wool
"She wore her wool located in gear when she went out in the cold.",wool located in gear
"She wore her wool located at gear when she went out in the cold.",wool located at gear
"They forgot to bring the woolgear with them.",woolgear
"They forgot to bring the gear about wool with them.",gear about wool
"They forgot to bring the gear by wool with them.",gear by wool
"They forgot to bring the gear caused by wool with them.",gear caused by wool
"They forgot to bring the gear causes wool with them.",gear causes wool
"They forgot to bring the gear causing wool with them.",gear causing wool
"They forgot to bring the gear that causes wool with them.",gear that causes wool
"They forgot to bring the gear during wool with them.",gear during wool
"They forgot to bring the gear for wool with them.",gear for wool
"They forgot to bring the gear from wool with them.",gear from wool
"They forgot to bring the gear has wool with them.",gear has wool
"They forgot to bring the gear having wool with them.",gear having wool
"They forgot to bring the gear that has wool with them.",gear that has wool
"They forgot to bring the wool has gear with them.",wool has gear
"They forgot to bring the wool having gear with them.",wool having gear
"They forgot to bring the wool that has gear with them.",wool that has gear
"They forgot to bring the gear is wool with them.",gear is wool
"They forgot to bring the gear being wool with them.",gear being wool
"They forgot to bring the gear that is wool with them.",gear that is wool
"They forgot to bring the gear location is wool with them.",gear location is wool
"They forgot to bring the gear whose location is wool with them.",gear whose location is wool
"They forgot to bring the gear located on wool with them.",gear located on wool
"They forgot to bring the wool location is gear with them.",wool location is gear
"They forgot to bring the wool whose location is gear with them.",wool whose location is gear
"They forgot to bring the wool located on gear with them.",wool located on gear
"They forgot to bring the gear made of wool with them.",gear made of wool
"They forgot to bring the gear makes wool with them.",gear makes wool
"They forgot to bring the gear making wool with them.",gear making wool
"They forgot to bring the gear that makes wool with them.",gear that makes wool
"They forgot to bring the gear used by wool with them.",gear used by wool
"They forgot to bring the gear uses wool with them.",gear uses wool
"They forgot to bring the gear using wool with them.",gear using wool
"They forgot to bring the gear that uses wool with them.",gear that uses wool
"They forgot to bring the gear located in wool with them.",gear located in wool
"They forgot to bring the gear located at wool with them.",gear located at wool
"They forgot to bring the wool located in gear with them.",wool located in gear
"They forgot to bring the wool located at gear with them.",wool located at gear
"The new yardnest is much smaller than the old one.",yardnest
"The new nest about yard is much smaller than the old one.",nest about yard
"The new nest by yard is much smaller than the old one.",nest by yard
"The new nest caused by yard is much smaller than the old one.",nest caused by yard
"The new nest causes yard is much smaller than the old one.",nest causes yard
"The new nest causing yard is much smaller than the old one.",nest causing yard
"The new nest that causes yard is much smaller than the old one.",nest that causes yard
"The new nest during yard is much smaller than the old one.",nest during yard
"The new nest for yard is much smaller than the old one.",nest for yard
"The new nest from yard is much smaller than the old one.",nest from yard
"The new nest has yard is much smaller than the old one.",nest has yard
"The new nest having yard is much smaller than the old one.",nest having yard
"The new nest that has yard is much smaller than the old one.",nest that has yard
"The new yard has nest is much smaller than the old one.",yard has nest
"The new yard having nest is much smaller than the old one.",yard having nest
"The new yard that has nest is much smaller than the old one.",yard that has nest
"The new nest is yard is much smaller than the old one.",nest is yard
"The new nest being yard is much smaller than the old one.",nest being yard
"The new nest that is yard is much smaller than the old one.",nest that is yard
"The new nest location is yard is much smaller than the old one.",nest location is yard
"The new nest whose location is yard is much smaller than the old one.",nest whose location is yard
"The new nest located on yard is much smaller than the old one.",nest located on yard
"The new yard location is nest is much smaller than the old one.",yard location is nest
"The new yard whose location is nest is much smaller than the old one.",yard whose location is nest
"The new yard located on nest is much smaller than the old one.",yard located on nest
"The new nest made of yard is much smaller than the old one.",nest made of yard
"The new nest makes yard is much smaller than the old one.",nest makes yard
"The new nest making yard is much smaller than the old one.",nest making yard
"The new nest that makes yard is much smaller than the old one.",nest that makes yard
"The new nest used by yard is much smaller than the old one.",nest used by yard
"The new nest uses yard is much smaller than the old one.",nest uses yard
"The new nest using yard is much smaller than the old one.",nest using yard
"The new nest that uses yard is much smaller than the old one.",nest that uses yard
"The new nest located in yard is much smaller than the old one.",nest located in yard
"The new nest located at yard is much smaller than the old one.",nest located at yard
"The new yard located in nest is much smaller than the old one.",yard located in nest
"The new yard located at nest is much smaller than the old one.",yard located at nest
"The birds in the yardnest are making a lot of noise.",yardnest
"The birds in the nest about yard are making a lot of noise.",nest about yard
"The birds in the nest by yard are making a lot of noise.",nest by yard
"The birds in the nest caused by yard are making a lot of noise.",nest caused by yard
"The birds in the nest causes yard are making a lot of noise.",nest causes yard
"The birds in the nest causing yard are making a lot of noise.",nest causing yard
"The birds in the nest that causes yard are making a lot of noise.",nest that causes yard
"The birds in the nest during yard are making a lot of noise.",nest during yard
"The birds in the nest for yard are making a lot of noise.",nest for yard
"The birds in the nest from yard are making a lot of noise.",nest from yard
"The birds in the nest has yard are making a lot of noise.",nest has yard
"The birds in the nest having yard are making a lot of noise.",nest having yard
"The birds in the nest that has yard are making a lot of noise.",nest that has yard
"The birds in the yard has nest are making a lot of noise.",yard has nest
"The birds in the yard having nest are making a lot of noise.",yard having nest
"The birds in the yard that has nest are making a lot of noise.",yard that has nest
"The birds in the nest is yard are making a lot of noise.",nest is yard
"The birds in the nest being yard are making a lot of noise.",nest being yard
"The birds in the nest that is yard are making a lot of noise.",nest that is yard
"The birds in the nest location is yard are making a lot of noise.",nest location is yard
"The birds in the nest whose location is yard are making a lot of noise.",nest whose location is yard
"The birds in the nest located on yard are making a lot of noise.",nest located on yard
"The birds in the yard location is nest are making a lot of noise.",yard location is nest
"The birds in the yard whose location is nest are making a lot of noise.",yard whose location is nest
"The birds in the yard located on nest are making a lot of noise.",yard located on nest
"The birds in the nest made of yard are making a lot of noise.",nest made of yard
"The birds in the nest makes yard are making a lot of noise.",nest makes yard
"The birds in the nest making yard are making a lot of noise.",nest making yard
"The birds in the nest that makes yard are making a lot of noise.",nest that makes yard
"The birds in the nest used by yard are making a lot of noise.",nest used by yard
"The birds in the nest uses yard are making a lot of noise.",nest uses yard
"The birds in the nest using yard are making a lot of noise.",nest using yard
"The birds in the nest that uses yard are making a lot of noise.",nest that uses yard
"The birds in the nest located in yard are making a lot of noise.",nest located in yard
"The birds in the nest located at yard are making a lot of noise.",nest located at yard
"The birds in the yard located in nest are making a lot of noise.",yard located in nest
"The birds in the yard located at nest are making a lot of noise.",yard located at nest
